epoch,train_loss,val_loss,train_loss_smooth,val_loss_smooth
1,0.20737434105740654,0.09077213734388351,0.12916038734780416,0.06873074922561645
2,0.05791547846462992,0.04767845898866654,0.12239717170662352,0.06666771904826164
3,0.04579380296998554,0.0473970827460289,0.11558631974822944,0.06455791177749634
4,0.04546199967463811,0.04719820350408554,0.10872959354619186,0.06239491477608681
5,0.04508007491628329,0.04677217468619346,0.10182939838866394,0.0601929871916771
6,0.0446340081261264,0.04602108642458916,0.09489083751009572,0.05795626358687878
7,0.04416350119643741,0.045851624459028247,0.08791969072851873,0.05568733566105366
8,0.04359674755069944,0.044988293796777726,0.08092489292058683,0.05340167719125748
9,0.04297278886040052,0.044217292219400406,0.07391383365988732,0.05110347567200661
10,0.04226146757602692,0.043424126356840134,0.06689226024018392,0.0487930998235941
11,0.041383976803885565,0.04252369523048401,0.05986340931786431,0.04648074398040771
12,0.04046436587969462,0.041708735674619676,0.05282929781642225,0.04416917487084865
13,0.03941503793001175,0.040450171083211896,0.04579555164045757,0.04185630711019038
14,0.03829395002788968,0.0391963829100132,0.038756002780132824,0.039531809020042406
15,0.037103042097555265,0.0380269555747509,0.03769285271366436,0.0389298534631729
16,0.03595618600646655,0.03669721230864525,0.03711065315902233,0.03833903646767139
17,0.03486946211920844,0.03572394773364067,0.036538319328427306,0.03775625590384007
18,0.03391031909320089,0.03485404722392559,0.03597745621403058,0.037182423028349884
19,0.03309567151798142,0.03404893919825554,0.035432765731877744,0.036641518002748494
20,0.03250439585910903,0.033630675598979,0.034902473277184695,0.03610538009405136
21,0.03209785953991943,0.03331709936261177,0.034388958794871964,0.035590129011869434
22,0.03183500556482209,0.033012741133570674,0.03389825930727853,0.03510045153796674
23,0.031653067999415925,0.03296324126422405,0.033430020666784716,0.0346420109063387
24,0.031521553521354995,0.03298290960490704,0.032989126624663676,0.03421408013403416
25,0.031530686658289696,0.03295044332742691,0.03258031281729539,0.03380982016026973
26,0.03138561954928769,0.032659685090184215,0.03220347536305586,0.03344830831885338
27,0.031336726802918644,0.03262957006692886,0.03187062836521201,0.03312945337295532
28,0.0312388141039345,0.03262665785849094,0.031579319397608434,0.03288786138892173
29,0.0311536539097627,0.032628689408302304,0.03132085506055089,0.03265259696245193
30,0.031058497056365014,0.032426352798938754,0.031093131929635996,0.0324475783765316
31,0.031016746072305573,0.032498460784554484,0.030894917642407944,0.03226381693184376
32,0.0309061898291111,0.032448176741600034,0.030717624975575335,0.03212656006217003
33,0.03075888549288114,0.03210701674222946,0.030551383393671777,0.03197420594990254
34,0.030705301670564546,0.031975355371832846,0.030388609626226953,0.03182011682391167
35,0.030555501563681496,0.03196311056613922,0.030220724302199152,0.03167091627717018
36,0.03036162575085958,0.03182542592287064,0.030045153990719057,0.0314991018742323
37,0.030244020695487657,0.03160223633050919,0.029853778052661158,0.03131748217046261
38,0.029994101574023564,0.03141237504780293,0.029645683706303442,0.031112607681751257
39,0.029972775081793468,0.031225009262561797,0.02941772381448084,0.03089288904666901
40,0.029820317907465827,0.03198715597391129,0.02917224490493537,0.030658789163827898
41,0.02949457758002811,0.030815601646900177,0.02890693341642619,0.030397185957431797
42,0.029176383846335942,0.030598483085632323,0.028619200942748134,0.03013762314617634
43,0.028954961912499532,0.030260011106729507,0.028313271022670807,0.029839549601078035
44,0.028663354847166273,0.030617517456412315,0.027978987129694897,0.029525398868322374
45,0.02834835631151994,0.02982182279229164,0.027628944973978744,0.02918717774450779
46,0.028028515353798866,0.02946487121284008,0.027256319921712086,0.0288316202044487
47,0.027637872464127012,0.02928272746503353,0.026860448409616954,0.0284606506973505
48,0.02726381021241347,0.028667881190776824,0.026447271886964642,0.02806812162399292
49,0.026737155069907505,0.02844241701066494,0.026017373719314736,0.027658243489265443
50,0.026328327999346784,0.027828581109642984,0.025576342272592912,0.027249916312098506
51,0.025686622253722615,0.02716671921312809,0.025122691173189216,0.026830565345287324
52,0.025199754064281783,0.026777072995901107,0.024652128475076623,0.02640297796875239
53,0.024606026891205047,0.02608657769858837,0.024175949874023592,0.02593436925709248
54,0.023960342067811224,0.026139619126915932,0.023701416261990862,0.025503536586463458
55,0.023410249054431915,0.02497451417148113,0.023229281501968697,0.025074501243233686
56,0.022659648747907744,0.024644692465662955,0.02276076486110687,0.02465135589689017
57,0.022155135936207243,0.023992648646235466,0.022296306472520032,0.024214190524816524
58,0.02144325918621487,0.02321807824075222,0.021839899398386476,0.02380603480041028
59,0.020808513868186208,0.0227011176943779,0.02139359278993474,0.023408152495324616
60,0.02022608849737379,0.022149883732199668,0.02096109388702445,0.023016499152779583
61,0.019614171559611957,0.021578472554683686,0.020540481070015167,0.02265064827650786
62,0.01921823452744219,0.021394056901335716,0.020142413538363244,0.022293780806660654
63,0.018652824088931083,0.02092860087752342,0.01975882670316431,0.021957345502078535
64,0.018208707628978624,0.020535324849188328,0.019398617339134214,0.02164734110236168
65,0.017915852881140178,0.020271938182413577,0.0190574194593562,0.021351838168501853
66,0.017631237279209826,0.020044784881174563,0.018738895177841185,0.021087435179948807
67,0.017373014845781857,0.019872599504888056,0.018445906929175058,0.020818209628760815
68,0.017242045890953805,0.019681377448141576,0.01817661995506949,0.020600290229916572
69,0.017051895132495297,0.019688383154571058,0.01793578374700414,0.020390104481577874
70,0.016938179458181064,0.019617929682135583,0.017713704213665596,0.020206073661148547
71,0.016870850142505434,0.019517813585698606,0.017520410949157347,0.020055543707311153
72,0.01682539989136987,0.01949139390140772,0.017353795984056262,0.01992440521121025
73,0.016748489787181218,0.019521609283983707,0.01721051159799099,0.01982246540635824
74,0.01678546677860949,0.019520730264484882,0.017090354682339562,0.01973425723910332
75,0.01673865711937348,0.019417698495090008,0.016987371434768046,0.019661330224573614
76,0.016681388152970208,0.019416609220206736,0.016905015610324012,0.01959901731610298
77,0.016669807069831424,0.01938949964940548,0.016840341610047552,0.01955163670480252
78,0.01664291985332966,0.01947650298476219,0.016788866083655093,0.019514849810302267
79,0.016635635851158036,0.01940898034721613,0.01674712682465712,0.019488971106708053
80,0.016678074701792663,0.01952652920037508,0.01671341783934169,0.019469023935496807
81,0.016638743546273975,0.019390048757195473,0.016685849593083064,0.019457154411077503
82,0.016603147602743572,0.01939187813550234,0.016664834465748735,0.019447394427657125
83,0.016610927573508686,0.019454829394817352,0.01665021840218041,0.019439078031480313
84,0.016643139740659132,0.019422655291855336,0.01663934109558662,0.019432535812258726
85,0.016643978845742015,0.01960138861089945,0.016626560301582015,0.019430536460876464
86,0.01661024866832627,0.019373268373310566,0.01661779028226932,0.019421196612715724
87,0.016643653338154155,0.01957088153809309,0.016607528051402833,0.01941222136318684
88,0.016593928477830356,0.019370778165757656,0.01659947619198097,0.019408667999505996
89,0.016591857622067132,0.019350809566676615,0.016596395762016374,0.019407429578900338
90,0.016628964721328684,0.019352265819907188,0.016589468091809084,0.019404362536966802
91,0.01658775580426057,0.01939781729131937,0.0165860302273598,0.01939696127474308
92,0.016530290212896134,0.019373920224606992,0.016581675889177454,0.0193938252389431
93,0.016552839734488064,0.019384639337658882,0.016575063572906786,0.019384320433437824
94,0.01652651694913705,0.019444383569061755,0.016570269020150102,0.019378997410833838
95,0.016572777868972884,0.019410019777715205,0.016566607773055634,0.019376813079416754
96,0.016598917477660707,0.019354258105158804,0.01656406492897206,0.019368729643523694
97,0.016505880041254892,0.01944141011685133,0.01655714158506857,0.01936034316271544
98,0.016529239304363726,0.019288113079965113,0.016549718010177215,0.019363104875385766
99,0.01652891100694736,0.01929634902626276,0.016545782133854096,0.01935862944275141
100,0.01653736063382692,0.01932886440306902,0.016538040444006523,0.01934372224807739
101,0.016604377403855324,0.01938564870506525,0.016531690482215748,0.019336719229817386
102,0.016496615314649212,0.019312823601067067,0.016525977600697014,0.019330741772055623
103,0.01655697324209743,0.019291471429169177,0.016517852460758552,0.019327695353329177
104,0.01652677739659945,0.019330579452216626,0.016511619617624415,0.019318414597213264
105,0.016512766795025932,0.019288909062743186,0.016508836290985342,0.0193097034856677
106,0.016518879727356963,0.019256973192095756,0.016504924300726916,0.01930231409370899
107,0.016511616425381768,0.019337269850075244,0.016500705584966475,0.01929364296197891
108,0.016547356471419333,0.019252743497490885,0.016493162243813274,0.01928821412473917
109,0.016470056143071916,0.019212993271648885,0.0164849873220755,0.019283007369935514
110,0.01645838947345813,0.019670431427657606,0.016481342011607357,0.019275993981957434
111,0.016511851760248344,0.019261382557451724,0.01647634213889639,0.019269837245345117
112,0.016450111091964776,0.019198201671242712,0.016470358349962372,0.019262372285127644
113,0.016435179433061015,0.019195702709257603,0.016463037397629686,0.019256355658173564
114,0.016449035584098763,0.019201373122632502,0.016453297572665747,0.019245259192585948
115,0.016425836222867172,0.019276105351746082,0.0164480061509543,0.019237318587303164
116,0.016431934725907114,0.019165798388421536,0.016441005717549056,0.01922818856686354
117,0.0164607070469194,0.019156142435967922,0.01643476677437623,0.01921748600155115
118,0.016455039978027344,0.019199904538691043,0.0164273731559515,0.019213032533228397
119,0.016421049055125977,0.019227605275809766,0.016419849490291544,0.019208449408411977
120,0.01638419434014294,0.01927429884672165,0.01641138004395697,0.019199719843268393
121,0.01639454443421629,0.019224089235067368,0.01640104566398594,0.01918964195400476
122,0.016414747279551296,0.019266075417399407,0.01639409885505835,0.01918567145913839
123,0.016404242486589483,0.019134194664657114,0.016386797637409637,0.01915852161198854
124,0.016379316283596887,0.019109725020825863,0.016375687339156866,0.019150550468266008
125,0.016354336825509866,0.019178448729217052,0.016372154480963946,0.01914035782814026
126,0.016360881779756812,0.01910823706537485,0.01636842303681705,0.019130328071117406
127,0.01636432977186309,0.01911430846899748,0.016359316062844464,0.019121574532985693
128,0.016381962406966422,0.01906322091817856,0.01634916506351696,0.01910847775191069
129,0.01637080381727881,0.019063015319406986,0.016340206583754884,0.019099078533053402
130,0.016327926334407595,0.01917757235467434,0.016328267548895548,0.019096561852097512
131,0.016330788085858028,0.019142395071685313,0.01632091537407703,0.01908509308695793
132,0.016299880267017418,0.019119030721485616,0.016315122040526736,0.019077578139305114
133,0.01628899697214365,0.019000796265900136,0.01630480213272903,0.019064702343940736
134,0.01629638591988219,0.019113730899989606,0.016296033856189912,0.01905449801981449
135,0.01627585903224018,0.018991685248911382,0.016284270734671088,0.019040485741198064
136,0.016234094303929143,0.01906210396438837,0.016272145393739144,0.01902794800102711
137,0.016361789637141758,0.018943385668098927,0.016262232217937708,0.01902066898345947
138,0.016341893329388565,0.018944958783686162,0.016255004460033442,0.019009057062864303
139,0.016221361234784126,0.018982534669339655,0.016245043056789372,0.019001332314312457
140,0.016172061239679656,0.018948685824871064,0.01623152555483911,0.01898753207474947
141,0.01620797273185518,0.018930817916989327,0.016219993610183395,0.01897323264181614
142,0.016162231175435915,0.01909322541207075,0.016207276665998832,0.0189597215205431
143,0.01627123560756445,0.01891318541020155,0.016198745611310007,0.01894053498506546
144,0.01627621571636862,0.019039731584489347,0.0161860781143109,0.018920538255572317
145,0.016126196645200253,0.018952403962612153,0.01617632898423407,0.01890359436869621
146,0.016175337520738443,0.018968981131911276,0.01616499925851822,0.018891727620363234
147,0.016120669241580697,0.018915768451988696,0.016153167968988417,0.018872126835584643
148,0.01610110896329085,0.018820751160383224,0.01613879930923383,0.018860410596430306
149,0.016131486888560982,0.018927749581634998,0.016127907515151634,0.018843781755864625
150,0.01617364287790325,0.018888150714337824,0.01611127858683467,0.018833956752717495
151,0.016111846698655022,0.018915118351578712,0.016094433163354797,0.01881985784471035
152,0.01602639222310649,0.01876930247992277,0.016079205227643254,0.018807055887579922
153,0.016093663790573677,0.018705735094845296,0.01606837948817346,0.018795896323025228
154,0.016052880212664603,0.018725237287580968,0.01605670761159725,0.01877730020582676
155,0.01611464996718698,0.018697908967733382,0.016042798108441964,0.018752959838509563
156,0.016014100660880406,0.018642476834356783,0.01602337943952945,0.018739597287774086
157,0.016056152015096612,0.01869543354958296,0.016005488286332952,0.018714030829071998
158,0.016005753829247422,0.018704127557575702,0.015993306733088363,0.018694987551867968
159,0.016000603681637183,0.01862371128052473,0.015976167975614467,0.018671185502409936
160,0.015916642538375325,0.01869877927005291,0.015961807944625615,0.018647500661015514
161,0.015961799451874363,0.018646382950246333,0.015947249818427697,0.01862916194200516
162,0.015946066429217656,0.018697760589420794,0.01592929008462363,0.0186053921431303
163,0.015920757742391694,0.01859248608350754,0.01590936156122221,0.018586090134084226
164,0.01584066284199556,0.018662485741078854,0.01588939680299825,0.018565016746520994
165,0.015901417752934827,0.01866969671100378,0.015872538766347703,0.018547323162853718
166,0.015916175817449887,0.018465914987027644,0.01585399413390292,0.018526460358500477
167,0.015814493596553802,0.01848471622914076,0.015832790802915893,0.01850217705518007
168,0.01578576888475153,0.01857912164181471,0.01581090516547362,0.018478364573419098
169,0.015828936886456278,0.01840057011693716,0.01579176721539762,0.018460425065457826
170,0.015821657814085482,0.018476322032511233,0.015769106399681834,0.01843363338261843
171,0.015746868583891127,0.018373929895460606,0.01574955362048414,0.01840570298880339
172,0.015761668466859394,0.018323647417128087,0.015731370380024114,0.018381291444599625
173,0.01573715580834283,0.0183622831851244,0.015710011131895914,0.01835695788860321
174,0.01568249354345931,0.018333504609763622,0.01568750735388862,0.018333651779592036
175,0.015675429792867766,0.018405600488185882,0.01566405848943525,0.018300679782032963
176,0.015612727743056085,0.018388283662497996,0.015638375429312387,0.01826797524243593
177,0.015604941306842698,0.018326962888240813,0.015617895771563053,0.018238871209323406
178,0.0156300479794542,0.018184164986014367,0.015589747179382375,0.01820744161754847
179,0.015522796937988864,0.01811815470457077,0.01556474762443039,0.018175002764165404
180,0.015567509031130208,0.018102596923708917,0.015540801250934598,0.018149540676176548
181,0.015535651908980475,0.018193989135324953,0.015518665867712762,0.01811532981991768
182,0.015489631622201867,0.018025641478598118,0.015491588074796728,0.01808157599121332
183,0.0155169343493051,0.018005867712199686,0.01546247780654165,0.018052151943743225
184,0.015546022670136557,0.018013422675430775,0.015437616167796979,0.018022930705547332
185,0.015382661335170269,0.01809044037014246,0.015405618255502644,0.017985659176111224
186,0.015399205001691977,0.018063730224967003,0.015373340202205708,0.017951586233079436
187,0.015359844817883439,0.01787346065044403,0.0153416490195526,0.017914436414837837
188,0.015278681239320172,0.017774872593581677,0.015308694030675623,0.017874238373339176
189,0.015328671398262182,0.017934884913265704,0.015276235444181493,0.01782663684040308
190,0.015197702948417928,0.017883956916630268,0.015249139812754258,0.0177797810703516
191,0.015291186943650246,0.017654943652451037,0.01521242975261476,0.017735953266918656
192,0.015215834259159036,0.01784816402941942,0.015181354276670347,0.017694849632680414
193,0.015232384304205577,0.01772385023534298,0.015142535943786301,0.01765289847999811
194,0.015151992063555452,0.017556724399328233,0.015108716726468668,0.017606360855698583
195,0.015093901107708613,0.017740720845758916,0.015071416827539602,0.017564510053396227
196,0.015125327615274324,0.0176433989405632,0.015032396083904637,0.017516470329463484
197,0.014961720659501023,0.0173918591812253,0.014988490572406185,0.01746544477194548
198,0.014930204475919405,0.0175104596093297,0.01494698093632857,0.017422004513442516
199,0.014890213977131578,0.017404759153723717,0.014905360644393498,0.017370154501497745
200,0.014851555070943302,0.017400649450719355,0.014859641609423692,0.01732287958562374
201,0.014801263080702887,0.017198245339095593,0.014815685745245881,0.017271271395683286
202,0.014927550521161822,0.01715556863695383,0.0147685306398405,0.017212432454526423
203,0.014712296475966771,0.01708846990019083,0.014723611744410463,0.01715225169509649
204,0.014745910039378538,0.017090563848614692,0.01467350254191293,0.017095887991786005
205,0.014597050709029039,0.017053818106651308,0.01462931259257926,0.017036743982136258
206,0.014690171476039621,0.017030548527836798,0.014578156908022034,0.016983940507471564
207,0.014557134148975213,0.016979371421039103,0.014530298225912786,0.016924977958202365
208,0.014541415758430957,0.01680487461388111,0.014480983756482603,0.0168639069005847
209,0.014448384882675276,0.01673778373748064,0.014424579761094519,0.016796736873686314
210,0.014344920433229871,0.017004433907568454,0.014377971129947239,0.016762346048653124
211,0.014358697703315153,0.016767479926347733,0.014328886119027932,0.01669464998394251
212,0.014216868943638272,0.01669158775359392,0.014275684188968607,0.016641141360998153
213,0.014179784634874926,0.016484667845070362,0.014222275470693907,0.01656747224032879
214,0.014149793763127591,0.0164639113843441,0.014167269505063695,0.016507432042062283
215,0.014074730562667052,0.016379437930881976,0.014106006670329308,0.016438269852101804
216,0.014038456881211863,0.0162458510696888,0.014046277805003855,0.016365437383949757
217,0.014111085525817342,0.016369563788175584,0.013980325979325504,0.016289944991469386
218,0.013953492190274927,0.016403763368725777,0.013922060744298827,0.016224332757294183
219,0.013955525010824204,0.016082660667598246,0.013854336552073559,0.016146622481942177
220,0.01386103937195407,0.016213944405317305,0.013789110895701583,0.016069571371376518
221,0.013715227730572224,0.0159641482681036,0.013718422091214193,0.015985731534659865
222,0.013796504880819056,0.016532088555395605,0.013650934045058159,0.015908875037729742
223,0.013703079202936756,0.015818057991564275,0.013586362682821027,0.015812938018143177
224,0.013560165725648403,0.01606704358011484,0.013509108220910036,0.015734500606358053
225,0.01351633711407582,0.015558921433985233,0.0134393255426238,0.015645108650624753
226,0.013426113939947552,0.015697240382432937,0.013365406022676163,0.015550791247189047
227,0.01339597965280215,0.015426513887941837,0.01328662566298412,0.01545390936881304
228,0.013219074842830499,0.015267658196389675,0.01321380568622715,0.015355230149626734
229,0.013097114397419823,0.015203254036605359,0.01313325743224058,0.015261410756409173
230,0.013140419833362102,0.015413512252271175,0.013049471336396204,0.01515873995870352
231,0.012997066670407852,0.01508779164403677,0.012964378806576134,0.015042437776923183
232,0.012926492739675773,0.015053093656897545,0.012870442847700581,0.014936320599913597
233,0.012774195646246274,0.014708878695964813,0.012779182638352116,0.014825267027318477
234,0.012761183728774389,0.014816371314227582,0.012688801456449763,0.014710651558637619
235,0.012730636377301482,0.014606008417904376,0.012592485779482458,0.014578126072883607
236,0.012427336155540413,0.01480654463171959,0.012497560105514196,0.01447196216285229
237,0.012472301986482408,0.01445678886026144,0.01240560220144689,0.014359868718683722
238,0.012331796636184056,0.014126732759177685,0.01230934547363884,0.014260649168491365
239,0.0121802847708265,0.014041864424943923,0.01221841321848333,0.014137492997944359
240,0.0122542311437428,0.013912457451224327,0.012119891091311973,0.014020374296605588
241,0.0120247505315476,0.013900366239249706,0.012020352773492537,0.013905505459010602
242,0.012016433129707972,0.013802793845534324,0.011916414534507527,0.013782506813108922
243,0.011826178944773145,0.01349620882421732,0.011808240348555977,0.013641097448766234
244,0.01160712603893545,0.013429731242358684,0.01169860600618025,0.013573236419260504
245,0.011579534138242404,0.01343760509043932,0.01160119126563271,0.013437990877032282
246,0.011455698183013334,0.013098761551082133,0.011487341305696303,0.013303341226279736
247,0.011388612956636481,0.013218951411545277,0.011368728505985606,0.013170936053991318
248,0.011329937353730201,0.013163960240781307,0.011248086195687453,0.01302486705482006
249,0.011261218123965792,0.01326470747590065,0.01113367016994291,0.012863347232341766
250,0.011109918918874528,0.01307843267917633,0.01102025370788243,0.012730096448957921
251,0.011152807561059793,0.012618336118757725,0.01089883414482077,0.012592295010387897
252,0.010932926473518213,0.012498546354472638,0.010777435775349538,0.012447169476747514
253,0.01073061689734459,0.012395937256515025,0.01064990273449156,0.012298099730908871
254,0.010498658422794608,0.01212828788906336,0.01051832624293036,0.012148311287164688
255,0.010436065184573332,0.011878278143703937,0.010398149801956282,0.011998486444354056
256,0.01025620811101463,0.013391265906393527,0.01027454154872232,0.011844012393057346
257,0.010491124225987329,0.011671955101191997,0.010155558951364623,0.01168155638575554
258,0.009927946647836102,0.011342637427151202,0.010022186829729213,0.01152140017002821
259,0.009795863736006948,0.011506242007017135,0.009887906834234792,0.011359874430298804
260,0.009714578619847695,0.010954283438622951,0.009753030548327497,0.01119850260913372
261,0.00956693551192681,0.01076854906976223,0.00960927617351214,0.011029843908548354
262,0.009636890434970458,0.011125519275665283,0.0094637850108246,0.010849753226339817
263,0.009296307559642527,0.01068169679492712,0.009316463848286204,0.01066466064080596
264,0.009145325534045696,0.010413726083934307,0.009160534757375716,0.010491839699447154
265,0.009065905122293366,0.010185713805258274,0.009007429696578119,0.01030827326029539
266,0.008735338242517578,0.010155655145645141,0.008859125936569439,0.010127841686457393
267,0.009012022105356057,0.010057172775268554,0.00870667157806456,0.009995969849079847
268,0.00873597261392408,0.009634357541799546,0.008557686207567652,0.00987972904369235
269,0.008632561104993025,0.0093683310598135,0.008410350439987248,0.009650393394380808
270,0.00824523109735714,0.009433699697256088,0.008241526246360606,0.009461573657393453
271,0.008098698295652866,0.009060618057847023,0.00809437204843594,0.00928984567001462
272,0.008016705808954106,0.009184655882418156,0.007945182454047931,0.009096962359547617
273,0.00773607798334625,0.008947492726147175,0.00779610806558695,0.00891729067862034
274,0.007623939056777292,0.008762440420687198,0.007639494986873533,0.00873776547163725
275,0.007426889855414629,0.008451118040829897,0.007475553188845514,0.008552602006494998
276,0.0072545802882976,0.008297812584787607,0.007323123516018192,0.008360936791449785
277,0.0071052999535782466,0.00790938537567854,0.0071682412016308966,0.008205815295875073
278,0.007023022897127602,0.007885147910565138,0.007013566695443458,0.008028303712606431
279,0.006687299460172653,0.008831491954624652,0.006869995111930702,0.007836626766622067
280,0.006711430922150612,0.008972258009016514,0.006697957998307216,0.007651419182121754
281,0.006572813921504551,0.0076578746736049655,0.006536575105413794,0.0074668606415390975
282,0.006270519385321273,0.006951461676508188,0.006370928118750454,0.0072975513599812985
283,0.006249091699719429,0.007049437742680311,0.0062145780108455164,0.007124597185105086
284,0.006066123876306746,0.006684159245342016,0.006061079713660811,0.006948072815686465
285,0.005987718908323182,0.0064624914154410365,0.00590262485506634,0.006761257752031088
286,0.005651608544091384,0.006280418895184994,0.0057605092445595415,0.006575793710350991
287,0.00553834548426999,0.006496432647109032,0.005611114368049637,0.0064061659358441835
288,0.005485565738959445,0.005890066418796778,0.005462219231492946,0.006234838593751193
289,0.005273267674363322,0.006535688694566488,0.005316854828678901,0.006063256996124984
290,0.005199042467607392,0.005747924223542213,0.005170623104439842,0.005927051784098149
291,0.005146048654698664,0.0053637314960360526,0.005032085569202901,0.005787550462037326
292,0.004711094264768892,0.005426983162760734,0.0048954280145673285,0.005590553791821004
293,0.0047014002915885715,0.005020394027233124,0.004752890716265472,0.0053924552284181125
294,0.0044913864384094875,0.00513559902086854,0.004611202513467933,0.005220292955636979
295,0.004336478399733702,0.005109845325350761,0.004478141573775145,0.005070623445883393
296,0.004261240866035223,0.004647508822381496,0.004352309670506252,0.0049252113718539475
297,0.004055334344092343,0.004514279291033745,0.004225496434710092,0.0047905082579702135
298,0.004183187720676263,0.0043108916841447355,0.004097297055150072,0.004655029720813036
299,0.00388906714402967,0.004521746058017016,0.003979077379198539,0.004517396628111601
300,0.0037045114414973393,0.004167934488505125,0.0038649116620835334,0.004400479014217853
301,0.003620470217946503,0.004008272644132376,0.0037487213730812074,0.004281362767890096
302,0.003449506847601798,0.004504255075007677,0.003639043758540518,0.004136621232703328
303,0.003559584516204066,0.004397614859044552,0.0035275508425922863,0.004012876081839204
304,0.0032708605942833755,0.003906575199216604,0.0034161842585644794,0.00389682891741395
305,0.0031479984646042188,0.004019793923944235,0.0033183130103887786,0.003776774883642794
306,0.003030608851566083,0.003353817854076624,0.0032208076116318506,0.0036736760132014762
307,0.0029439958930015564,0.0032097239326685668,0.0031302869868361292,0.0035600118003785617
308,0.00310329411799709,0.00341413589194417,0.0030481002829555012,0.0034528255861252556
309,0.0028957929814027415,0.0033165813982486726,0.002962176273949445,0.0033595950562506924
310,0.0027827344193226762,0.003075527986511588,0.002883053292541041,0.003267467970401049
311,0.0026961166453030373,0.0028395915776491167,0.0028048302363604307,0.0031815059278160343
312,0.0026842025563948682,0.0035734922997653486,0.002733130479045212,0.003092152574658394
313,0.0025808085139013,0.002912160260602832,0.002664764458313584,0.003017911722138524
314,0.0025313273108460836,0.0029171503148972986,0.0025991839678751096,0.0029561412744224073
315,0.0024117195689015917,0.002654295451939106,0.0025387217446333835,0.0028650850962847474
316,0.0023618840540034903,0.002462552385404706,0.002474682734513448,0.002770545582473278
317,0.0022643130603763792,0.002425632318481803,0.0024223848411813378,0.002717120313644409
318,0.0022637653226653736,0.002442922266200185,0.0023770830797031524,0.002645703835785389
319,0.0022283708185164464,0.0022939937002956867,0.0023383540275610155,0.002620453130826354
320,0.0022818108027180036,0.0024301899690181016,0.002296023298572335,0.002571002898365259
321,0.00211314064088381,0.002316745575517416,0.0022537753250449896,0.002515142342820764
322,0.002077259808882243,0.002211102144792676,0.0022138270727669203,0.002462196531146765
323,0.002227611316161023,0.002161840619519353,0.0021762304608710114,0.002426781870052219
324,0.0020965732111492092,0.0022879122290760277,0.0021462492200545968,0.002405506026744843
325,0.0019953609232066408,0.00231191317550838,0.0021124804823245444,0.0023414119973778724
326,0.0019809579569846393,0.002464011451229453,0.0020872057543757064,0.0023049219485372307
327,0.001937951266558634,0.0022278506215661765,0.002060582296850367,0.002307830362021923
328,0.001958609263205694,0.002034127013757825,0.00204127891573848,0.002277919948101044
329,0.0019634132609806128,0.0025709434784948826,0.0020222253276345626,0.002263651879504323
330,0.0020154544276495775,0.002234381977468729,0.0020027402269240054,0.0022430598236620426
331,0.002062382548012667,0.0027225502301007507,0.001989086336073362,0.0022212471980601546
332,0.001885727668284542,0.001973468121141195,0.0019725215008792774,0.002210224802047014
333,0.0020470947798134553,0.0020176220033317803,0.0019620109035012622,0.00220358600616455
334,0.0018970866744510001,0.0019929361063987018,0.0019508740202316805,0.0021918957177549598
335,0.0018428191219249533,0.00219016145914793,0.0019428209918137223,0.00218921999335289
336,0.0019465856248926784,0.0023076954949647187,0.0019281898898693421,0.0021916252192109823
337,0.00183998411314355,0.001971141565591097,0.0019177069706014461,0.002178830576688051
338,0.0019489403151803546,0.0019999090395867824,0.0019087553260020082,0.0021672795332968236
339,0.0018657408727125989,0.0029898606520146133,0.0019063118462140359,0.002143122861161828
340,0.0019291350411044226,0.0019065351039171219,0.001899948714570039,0.0021317996025085446
341,0.0018855443514055677,0.0021058506704866886,0.0018949558661940195,0.00212787951529026
342,0.0017771855426124401,0.0019108309224247933,0.001886798415529645,0.0021010886341333384
343,0.0019224180513992906,0.0018976066261529923,0.0018759986375251575,0.0021011308562010524
344,0.001814249938664337,0.00201843379996717,0.0018664594799590606,0.0020688744839280843
345,0.0020190458682676155,0.0022642200719565153,0.0018630167845119204,0.0020785844363272192
346,0.0018347185591442718,0.002024488365277648,0.0018523134453325633,0.002072800410538912
347,0.0018759340984332892,0.0021442090347409248,0.0018502808599629335,0.0020679032541811465
348,0.0018618337675515148,0.0022219712659716606,0.0018465178507794109,0.002056045882776379
349,0.0018345002294518054,0.0019680461660027504,0.0018393603379217285,0.0020383605491369966
350,0.0017715698082206978,0.002023137090727687,0.0018375765257721973,0.002054245732724666
351,0.0019198709622853332,0.0018600946478545665,0.0018312172449193895,0.002049314891919494
352,0.0017788729754587014,0.0019447691552340984,0.0018276340241130027,0.002010621917620301
353,0.0018337880538052155,0.0019361248333007097,0.0018211386110737091,0.00201604354865849
354,0.0017594769943712486,0.001901171449571848,0.0018179821481410826,0.002005746012553573
355,0.0017454599775373935,0.0022354375291615725,0.0018216124091607825,0.002002524005621672
356,0.001823903608860241,0.0019161409232765435,0.0018201872372068462,0.0019999138962477447
357,0.0017996602821060354,0.0022162169311195612,0.0018189563659433688,0.0019933411058038475
358,0.0017795113003295328,0.0018730213586241008,0.001806469546806895,0.0019767924938350915
359,0.0018462720402102504,0.0018705071974545718,0.0018020068381913003,0.0019694588139653204
360,0.0017487438923368852,0.0018937271740287543,0.001799444692261103,0.0019562917258590462
361,0.0017676478034506242,0.001865562153980136,0.0017928875570599402,0.0019480003457516433
362,0.0017953888094052672,0.002368271155282855,0.001789993717583517,0.0019638700775802135
363,0.0017899582938601573,0.0018766380194574594,0.0017881815142722593,0.001964031352102757
364,0.0017761603525529306,0.0020225362945348025,0.0017816111299519739,0.00196716104708612
365,0.001766749715122084,0.002042075879871845,0.0017808678455650804,0.0019615494705736637
366,0.0018066327780899075,0.0018484122678637505,0.0017782245178913903,0.0019566374991089107
367,0.0018679420681049427,0.0018302807491272688,0.001778696795273572,0.001967685585841537
368,0.00188678875255088,0.0018323538918048143,0.0017819802315388288,0.0019527125332504509
369,0.0017834781570773986,0.0018541140388697386,0.0017785836418676706,0.001953983549401164
370,0.001706875389855769,0.0018505047727376224,0.0017745941970600848,0.0019373200010508298
371,0.0017231508437544106,0.001841146368533373,0.0017732913977466522,0.0019364155769348145
372,0.0018118804501783517,0.0018150318320840598,0.0017668717451911006,0.00193610155954957
373,0.0016979053875224458,0.0020146867632865905,0.0017654536292474304,0.001938125342875719
374,0.001762154242541227,0.0023647894617170096,0.0017649496362544595,0.0019375209044665096
375,0.0017262647254392505,0.0020271689537912606,0.0017632413594569597,0.00191717657931149
376,0.0017556113542781936,0.0019383370224386454,0.0017614325093415878,0.0019192932326346634
377,0.0017602908657863737,0.0018044797424227,0.0017615929919915895,0.0019103011868894096
378,0.0017677048619629608,0.001813325546681881,0.0017576497930929893,0.0019027146432548758
379,0.0017712839289257924,0.002177373617887497,0.0017515307646555206,0.0019011400975286958
380,0.0018275458841688103,0.0018611112143844366,0.001748796657110668,0.001902928749844432
381,0.0017389888670812878,0.0019479163270443678,0.0017441826052342852,0.0019027649454772472
382,0.0016999241619163918,0.001799628222361207,0.0017401135452712573,0.001907392878085375
383,0.001746941317493717,0.0018504107557237148,0.001742074097299741,0.0019120972614735366
384,0.0016857807263214555,0.0018626567628234625,0.0017412582878437307,0.001916905750334263
385,0.0017132909937451284,0.001944321757182479,0.001735226522427466,0.0019165650956332685
386,0.0017550479786263573,0.0018504511937499047,0.0017329325360970363,0.0019077796112746002
387,0.0017526818894677693,0.001859663026407361,0.0017321718782807392,0.0018839420322328806
388,0.0017447370409758554,0.0019295543525367975,0.0017329148208722472,0.0018790317848324776
389,0.0017801724188029767,0.0017977351509034633,0.0017345092459271354,0.0018730233680456878
390,0.0016681697426570786,0.0018524122890084982,0.001734928696105878,0.0018735717859119177
391,0.0016536570671531888,0.0018090486247092485,0.0017320887843767804,0.0018804907865822317
392,0.001799589379483627,0.0018749970570206642,0.0017303185909158657,0.0018636876154690982
393,0.0017714374556413127,0.0018282587826251983,0.0017289171370160252,0.0018592148218303922
394,0.0016817516580017076,0.0019698123540729286,0.0017361501048526004,0.0018528096608817581
395,0.0017558891905678643,0.001968114357441664,0.001738164564346274,0.0018517331846058373
396,0.0017027556073541442,0.001961358590051532,0.001740661650730504,0.0018483115650713444
397,0.0016610863147717384,0.0018065154645591974,0.0017405534203992126,0.0018708447095006707
398,0.001640555729261703,0.0017950496543198823,0.0017397977920456066,0.0018666010968387125
399,0.00174313779713379,0.0017688499856740236,0.0017370217697074016,0.0018764639943838117
400,0.0017448382902269563,0.001904412768781185,0.0017386473336153561,0.001873065701127052
401,0.001795471980650392,0.001788126602768898,0.0017357765326690344,0.0018714597087353465
402,0.001770777120254934,0.0018181901890784503,0.0017318617867305877,0.0018692035339772698
403,0.0016967070687355266,0.001986300563439727,0.001732129085602032,0.0018644689287990327
404,0.0017270290924029218,0.0017572943400591611,0.0017321812834176754,0.0018863935761153695
405,0.0017925095366727974,0.0017492913734167815,0.001728471782286134,0.0018875001903623338
406,0.0019198130629956723,0.001787787303328514,0.001723764830982933,0.0018839437894523142
407,0.0017502856492582295,0.0017727163154631852,0.001722345862382402,0.0018761394288390873
408,0.0018093684770994717,0.0017648702673614025,0.0017196553074961735,0.0018710911609232423
409,0.0016830749680391615,0.002425985373556614,0.0017190179178594714,0.0018819077733904122
410,0.0016944002849049865,0.0018382314406335354,0.0017185660028105807,0.0019007780667394396
411,0.0016856474201712344,0.002097023632377386,0.001723004000685695,0.0019077844921499487
412,0.0017933209871666298,0.00177470569498837,0.0017193810345398056,0.0019073399946093557
413,0.0016729670173178117,0.0018894045427441596,0.0017168070870141189,0.001900112638249993
414,0.0016823037703418068,0.0017413307819515466,0.0017133716967370775,0.0019055158082395792
415,0.0016748522144431868,0.0017340471595525741,0.0017092673023955693,0.0019031428169459103
416,0.0016549620125442743,0.0023571648076176643,0.0017078396585045593,0.001894765123352408
417,0.001706851851195097,0.0019026624131947755,0.0017044377827189038,0.0018940607298165556
418,0.001653763673061298,0.0017393487598747015,0.0016980526972976,0.001914613380655646
419,0.0016462774429884222,0.0017747033387422561,0.0016923188365788927,0.0019143301025032991
420,0.0016886253184121517,0.0018419076595455408,0.001686591619004806,0.0019336934641003606
421,0.001686820866436594,0.002231773901730776,0.0016813116410126288,0.0019425382055342194
422,0.0016497884385494723,0.0022782727982848883,0.001685235937829647,0.0019448902450501918
423,0.00175150567613956,0.00197021028958261,0.0016871166702049478,0.0019422869376838204
424,0.0016525636434865495,0.001757737547159195,0.0016861900824122133,0.0019266436360776426
425,0.001680489602084789,0.0017237288597971201,0.001679820077442047,0.0019237324494868516
426,0.0017095872237243585,0.001923205852508545,0.001675779832185557,0.0019159536983817818
427,0.00166816726171722,0.0017588654067367316,0.0016776147863827651,0.001914626194909215
428,0.0016610159714602762,0.0017768582236021757,0.001675654182862491,0.001915780745074153
429,0.0016419821977615356,0.0017396845016628504,0.001679737630558925,0.0018933391690254212
430,0.0016328824011401998,0.00226310764439404,0.0016787024622679592,0.0018950588792562486
431,0.001776466545027991,0.0017807053495198489,0.0016786217162902987,0.0018950585056096314
432,0.0016071052099060682,0.0022568003553897144,0.0016770564530562198,0.001891413052380085
433,0.0016773690272950464,0.0019859888032078745,0.0016810358024202288,0.0018903503309935332
434,0.0017811823884646097,0.0024847863614559174,0.0016799521151619654,0.0018725393723696472
435,0.0017414185942875014,0.0017731487564742565,0.0016796102776606052,0.0018547259453684092
436,0.0016624827253528768,0.001705941092222929,0.00167272132197395,0.001846426121890545
437,0.0016340708629124694,0.0017019260302186011,0.001671320691621966,0.0018597771782428024
438,0.0015719608859055573,0.0016949357651174068,0.0016703459917671156,0.0018634477440267801
439,0.001728177625272009,0.0017081431951373816,0.0016689418492838743,0.0018578300587832927
440,0.001625837126436333,0.0017629109136760234,0.0016646673835193123,0.0018566269103437664
441,0.0017570482049551275,0.0017961254063993692,0.0016608328583960737,0.0018569137811660767
442,0.0016809726439209448,0.001945655168965459,0.0016635983177978135,0.0018539566187188033
443,0.0016517450236197976,0.001739339418709278,0.0016600880941065653,0.0018296684669330719
444,0.00160714586213645,0.0016835670080035925,0.0016547024230265787,0.0018261115947738292
445,0.001788109052512381,0.0018153396248817445,0.001655095012786074,0.0018021637113764884
446,0.0016597286849800083,0.001786499936133623,0.0016497456994011173,0.0017938026273623111
447,0.0016412425010154644,0.0018329371232539415,0.0016442299209845565,0.001763680718652904
448,0.0015792817839731773,0.0017627147026360035,0.0016398303019917676,0.001772161935083568
449,0.0016175478846869535,0.002091513955965638,0.0016371910830131839,0.00177133288923651
450,0.0016561221057135199,0.0018154930043965578,0.0016339716341553464,0.001781239629723132
451,0.0016744836616433328,0.001782763721421361,0.0016384890875261694,0.0017818514732643963
452,0.0015613056176031629,0.0017287866957485677,0.0016345673014513322,0.001780130003578961
453,0.0015651528433793121,0.001784029994159937,0.001631256126860778,0.0017878313599154355
454,0.001711118682805035,0.001665755440481007,0.001629685253856911,0.0017881373031064867
455,0.001545126808858994,0.0016559038497507572,0.0016255948887103138,0.0017905344558879735
456,0.0016418247680283255,0.001691783545538783,0.001624550131004718,0.0017858616717159749
457,0.0016169199538934563,0.001658103270456195,0.0016224788772770103,0.0017858355350792408
458,0.0015436361926711268,0.0017769617028534413,0.001612640960721506,0.001778365734964609
459,0.0016432879280505908,0.001731738643720746,0.001608483853998284,0.0017921358231455088
460,0.0016314281194677784,0.001985179167240858,0.0016049443734602797,0.0017846997272223232
461,0.0015965022508882814,0.0016852149460464716,0.001607962000887427,0.001784452247992158
462,0.001553584641466538,0.0019495945423841476,0.0016056889020527403,0.0017723939787596464
463,0.0016848972201761272,0.0017102318536490202,0.00160241053091983,0.0017876442156732084
464,0.001630132973401083,0.0016651064530014991,0.001597440663062864,0.0018072443537414074
465,0.0015430577616724703,0.001955444822087884,0.00159843928185809,0.0018072761360555887
466,0.001717776379858454,0.0018037739861756564,0.0016001856511769195,0.0018020196691155433
467,0.001578713515256014,0.002005583988502622,0.0015942996946784358,0.0018135352058336138
468,0.0016256260809799036,0.0016225198144093156,0.0016065671481709514,0.0018552386155351996
469,0.0015553645189437602,0.0016829135920852422,0.001609051217149115,0.0018579049907624723
470,0.0015421611386247807,0.001628594622015953,0.0016103385006905426,0.0018569224225357176
471,0.0015558010168994466,0.0021307521406561136,0.0016075060815343425,0.0018532536374405027
472,0.001552755487565365,0.0016470347251743079,0.0016058010737204714,0.001872829816676676
473,0.0016547224696518647,0.0017565277218818665,0.0016033520696477753,0.00186461972463876
474,0.0015607204138197832,0.0017900572251528502,0.0016024574521308144,0.0018614176174625752
475,0.0015741628273907636,0.0021967489272356035,0.0016000232636100716,0.001847293030656874
476,0.0015502369652191797,0.00227276717312634,0.001595010564724604,0.0018456355422735212
477,0.0015862710874838134,0.0017295812536031008,0.0015918800841809976,0.0018487640900537367
478,0.001608812076350053,0.001652618320658803,0.001590420243702829,0.0018393446626141666
479,0.0015639697703429395,0.00195364385843277,0.0015827898590515057,0.0018341818999499078
480,0.0018518131461718844,0.0026984890922904015,0.0015797083526228866,0.0018239301566034553
481,0.0017039264924824237,0.001758442926220596,0.0015801595938909386,0.001823807362280786
482,0.0016491020424291491,0.0016335390647873283,0.0015779070555542905,0.0018230685178190467
483,0.001472825713766118,0.00168524207547307,0.0015786060804915095,0.0018321671485900877
484,0.0016006627327038183,0.002221143124625087,0.0015790232583363024,0.001811589532904327
485,0.001570203017650379,0.0017799268662929534,0.0015804285696293743,0.0018199157178401945
486,0.0015741368129642474,0.0016051622666418553,0.0015752167001056175,0.0018159018686041235
487,0.0014927299284479684,0.0015964798722416162,0.0015739719284180965,0.0018127436853945253
488,0.0015595797480394444,0.0016687946440652013,0.0015763205819556282,0.0018088002793490885
489,0.0015518709598109125,0.0017433201475068926,0.0015763101349584756,0.001789254341647029
490,0.0015065617497182554,0.0017199591360986233,0.0015744155904278156,0.0017850403297692537
491,0.001527016763575375,0.0016747049195691944,0.0015696851596029267,0.0017885677356272935
492,0.0015016758545405334,0.0017492904048413038,0.0015697687802008458,0.0017782279355451462
493,0.0016369071126812035,0.0016194499563425778,0.001558254174546649,0.0017330167356878518
494,0.0014990510605275632,0.0016644424805417656,0.0015507038263500564,0.0017259521236643195
495,0.001559636762055258,0.001856060391291976,0.001546217253152281,0.001724423376657069
496,0.0015662304630192617,0.0016163117485120892,0.0015477096280807421,0.0017351859821006657
497,0.0015878882698921694,0.0018551893485710025,0.0015417936004077394,0.0017127882471308113
498,0.0015244257315579388,0.0016561814909800887,0.0015408129552793174,0.001704448387771845
499,0.0015296011216317613,0.0017111026449128986,0.0015366850896221067,0.0017305763557553292
500,0.0016328791658290558,0.002098163776099682,0.0015378253672685888,0.0017401505423709752
501,0.0015499757902903688,0.0017841187305748462,0.0015341557662520145,0.0017566265139728786
502,0.0015389074742173155,0.001624230956658721,0.0015320648210951026,0.0017554588658735158
503,0.0014905513057278262,0.0017408034671097994,0.0015348363522233236,0.0017484666436910629
504,0.0015660602852909102,0.0016951488563790918,0.0015393780546883744,0.001754362458921969
505,0.0015639480048169692,0.0015682090958580375,0.001538102293842369,0.0017544095056131483
506,0.001515167787567609,0.001581827625632286,0.0015353081326724754,0.0017761969627812504
507,0.0015369377124847638,0.0015953203896060587,0.0015349581317251756,0.001771113089285791
508,0.0015101350869776474,0.0019543072115629913,0.0015317294613768657,0.0017699182258918882
509,0.0014527620408787496,0.0016611997503787278,0.0015298825096856387,0.0017804266300052406
510,0.0015456868894398212,0.0015714303823187946,0.0015250966550471882,0.0017699001897126436
511,0.0014709401715339886,0.002258361466228962,0.0015228861203313703,0.0017715844908729199
512,0.0015212368696100181,0.0018358345376327633,0.001521154845526649,0.001765116732940078
513,0.0014678397226250833,0.0020806939341127873,0.0015148727159947156,0.0017441716758534315
514,0.0014995973308881123,0.0017141289450228214,0.0015143708974329959,0.0017367098512127998
515,0.0015758500279237826,0.0015451535815373062,0.0015190362978933583,0.001735276611149311
516,0.0016405593252016438,0.0018221003003418446,0.001519148954231706,0.001736472858861089
517,0.0014697818333903948,0.0017504665721207856,0.001515810211064915,0.0017395367924124003
518,0.0015670530834338732,0.0021641363855451345,0.0015116307720128034,0.0017387538179755213
519,0.0014903010368450648,0.0015373456431552767,0.00151038009663009,0.0017360343743115661
520,0.0014789200033475127,0.0018261888064444066,0.0015071532260109155,0.0017471228931099174
521,0.001520056670738591,0.0018790218513458968,0.0015041154659353197,0.0017324549807235597
522,0.0014682419039309025,0.001592028341256082,0.0015040644224629635,0.00172582984380424
523,0.001469162363662488,0.001698289019986987,0.001499672340674119,0.0017286289932206271
524,0.0014863192515137296,0.001549408696591854,0.0015038065239062742,0.0016981990553438663
525,0.0014758259275307259,0.001574537348933518,0.0014994243470848436,0.0016904434859752655
526,0.001537430326247381,0.0015975731145590544,0.0014989460884593426,0.0016695316648110746
527,0.0016555424857263763,0.001588399955071509,0.0014973402632710833,0.0016655824219807983
528,0.0014933677141865094,0.0017707096599042416,0.0014904235132142073,0.0016682538114488126
529,0.0014825917061211335,0.001771747195161879,0.0014852824545051487,0.0016727151902392505
530,0.0014594620285141799,0.0015486347349360585,0.0014859138281498516,0.0016712457515299318
531,0.001483900902999772,0.0015138415340334177,0.0014836212209011943,0.0016553856847807767
532,0.001456265947005401,0.0018725333595648408,0.0014799145629008608,0.0016541098905727266
533,0.0014341910850877563,0.0015876094019040465,0.0014796495312824844,0.0016562292497605084
534,0.0014514859540698428,0.0014955713273957373,0.0014752789524694282,0.0016480273736640808
535,0.0014358848447187079,0.0016414091177284719,0.0014748831783628297,0.0016457681214436888
536,0.0015742947523378664,0.001497613019309938,0.0014729537513210541,0.0016365504963323477
537,0.001411682449074255,0.0016419453034177422,0.0014727686583788859,0.0016387129820883274
538,0.0014558832569875652,0.001557898405008018,0.001473071138208939,0.0016398972235620024
539,0.0014594517011816304,0.0016153978742659092,0.001466243168297741,0.0016351663425564766
540,0.0014029312765018807,0.0016119383182376624,0.0014588216573827796,0.0016315427836030723
541,0.0015120328574751813,0.0019336347701027989,0.0014548420250415804,0.001630295388773084
542,0.0014855661745079689,0.0017137306043878199,0.0014518254299544626,0.001619852701202035
543,0.001509737902217441,0.0017676347168162465,0.0014481687274037135,0.0016247397845610976
544,0.0013976345868367288,0.0015054507879540325,0.0014471201152437263,0.0016252717290073636
545,0.0014722942128880985,0.0018791727861389518,0.0014441567422201235,0.0016116284713149072
546,0.0014107922004121874,0.0016739749489352107,0.0014445279345744186,0.0016076534092426297
547,0.0014583475512659383,0.0015355470357462763,0.0014429999144437414,0.0016182434869930146
548,0.0014209266876180967,0.0014678483922034502,0.001440913728138225,0.0016100988641381264
549,0.0014816919279595215,0.0016034708404913545,0.001433739602658898,0.0016192790161818269
550,0.0014833879232820537,0.0016041433857753873,0.0014376257079136044,0.0016188029404729605
551,0.0013667310784674354,0.0014793010894209146,0.001437175716252791,0.0016188133193179965
552,0.001470004712852339,0.0014978109812363982,0.0014334601570334703,0.0016120025230571629
553,0.0013938769056565231,0.0017395247891545296,0.0014363361985940074,0.001607494455948472
554,0.001407176828943193,0.0015106800058856606,0.0014307740822330946,0.0015886766135692597
555,0.0013680444647454553,0.0016708118189126253,0.001427082296771308,0.001576931775175035
556,0.0014576855990000898,0.0015271401451900602,0.001420638147337983,0.0015635934261605143
557,0.0013821816214153336,0.0015314519172534347,0.0014225589630918372,0.0015885708425194024
558,0.0014434708939451311,0.0014882328500971198,0.0014218601539731028,0.0015905659554526208
559,0.001413285450802909,0.0017603232711553573,0.001420834724025594,0.0016040025854483244
560,0.0013837301870808006,0.0014377935463562607,0.00142187656118638,0.0016071643957868216
561,0.0013949416153546837,0.0017271168204024434,0.0014192313527274464,0.0016058629047125575
562,0.0015088350804419153,0.0016300434106960892,0.0014186621442644136,0.0016182364052161572
563,0.0014446334654672278,0.0015581578761339188,0.0014138655481032202,0.0016208859756588934
564,0.001366562720698615,0.0014451279677450658,0.001415145612218314,0.0016250955527648326
565,0.0014748323155153128,0.0014992366405203938,0.0014103068105307305,0.001623188619315624
566,0.0013729799484523634,0.0014631887106224895,0.0014093269472683057,0.0016167391104623672
567,0.001393271537963301,0.0014201096445322038,0.001407676936654995,0.0016135916819795964
568,0.0013486341663843228,0.0014341759914532305,0.0014059751548700862,0.0016188080713152883
569,0.0014456549806830784,0.0021298861969262363,0.001402311641246908,0.0016220492094755172
570,0.0014548239849197368,0.0019290506094694138,0.0014042971375398338,0.0016195330426096916
571,0.0013851564517244697,0.002009890698827803,0.001402977937211593,0.0016172696920111777
572,0.0014843934802855883,0.0016145922942087053,0.0013989041719068254,0.0016058102326467634
573,0.0013547964761447574,0.001435311115346849,0.0013990522571218507,0.0016040878584608438
574,0.0014674617163836956,0.0019128083530813456,0.00139709147249038,0.0015908150816336276
575,0.0013634730192522207,0.001670382646843791,0.0013925026993163755,0.0015836065715178849
576,0.0013987326813447807,0.0015845405170693994,0.0013887564583371082,0.0015844308683648708
577,0.0013490346706627558,0.0014501376450061798,0.0013908091630993617,0.0015816529368981721
578,0.0013693803240959015,0.001578287067823112,0.001385006614919338,0.0015766327101737266
579,0.0013659265636104263,0.0014319942938163877,0.0013857359854763168,0.0015735528908669954
580,0.0013254999201227392,0.0018012215523049236,0.0013829936127126633,0.0015805152283981446
581,0.0013660977584206396,0.0016081685991957784,0.0013836898690451768,0.0015779183892533188
582,0.0014318190287384723,0.0014685477456077933,0.0013798532451244278,0.0015482583772391085
583,0.0014104908857391113,0.0014316490851342678,0.0013762011886056928,0.0015312035949900749
584,0.0013114413181837235,0.001473836787045002,0.0013734042114888628,0.0015060469254851343
585,0.0013874323174564375,0.0013947341917082668,0.0013673998346448773,0.001505297519639135
586,0.0013459219995679127,0.0013952973997220397,0.001365623254608363,0.0015121511410921811
587,0.0013941157510918047,0.0014498306578025221,0.0013609189839102328,0.0014996169187128543
588,0.0013509774409855406,0.0015787652973085643,0.0013609067029733625,0.001494508510828018
589,0.0014178803397549523,0.0013756796810775996,0.001360375311587834,0.0014884655276313423
590,0.0013297686110147172,0.0013737309724092483,0.0013599434995558114,0.0014848947336897254
591,0.0013912142123768314,0.0013861932279542089,0.0013593363889648272,0.0014929158156737686
592,0.001324712218871961,0.0015941680828109384,0.0013597281908512943,0.001489993236400187
593,0.0013660405746971568,0.001369255012832582,0.001359867604252779,0.0014796955285593866
594,0.0013497393826643626,0.0013883858965709804,0.0013594914444515274,0.0014714103234931826
595,0.0013635225719513578,0.0015026810532435776,0.001353797451272193,0.0014713422542437912
596,0.0013152320238037241,0.0013809739612042904,0.0013511725410405133,0.0014686978325247765
597,0.0013342840591859487,0.0015958571480587124,0.0013550411307977305,0.001477016516774893
598,0.0013103819752318991,0.0016066516516730189,0.0013524411264600029,0.0014778163589537143
599,0.0013498549489304424,0.0015994527935981751,0.001351302413373358,0.0014806084781885148
600,0.001363165995830463,0.001542672449722886,0.0013508130810120044,0.0014799501838162542
601,0.0013854478967065612,0.001433465937152505,0.0013528400650454895,0.0014734809197485448
602,0.0013382393698621955,0.0013608677964657544,0.0013475404340152943,0.0014741808192804459
603,0.001354202559321291,0.00177881411742419,0.001346284246341222,0.00147868949752301
604,0.0013757216107721131,0.00135892981197685,0.0013436489017938991,0.0014872986605390908
605,0.0013289852551598516,0.0015437788562849164,0.0013430883801904406,0.0014779412390664222
606,0.0013566937633893556,0.0014010384725406766,0.0013400212575215848,0.0014815588772296906
607,0.0012894691992551088,0.0014668460143730045,0.0013372436666292036,0.0014787828227505089
608,0.0013448681299471192,0.0013655385421589017,0.001334493443959703,0.001472199161723256
609,0.0014081560621141559,0.0016818038932979106,0.0013327429754142134,0.001469774137623608
610,0.001322432209013237,0.0014147302461788058,0.001329502878493319,0.0014615698436275123
611,0.0013174541724017925,0.001465100380592048,0.001329433935104559,0.0014650163328275081
612,0.0013818824420579606,0.001433373298496008,0.0013285676316358152,0.0014609646981582046
613,0.0014016520418226718,0.001417033695615828,0.0013293170201178228,0.0014617937758564948
614,0.00128538956400007,0.0013931771693751216,0.0013247607997204697,0.0014602127483114601
615,0.0012983639191629158,0.0014864479284733534,0.0013233157043862677,0.0014689903862774372
616,0.001325330598693755,0.0016014223033562302,0.0013212408150856695,0.0014512516388669613
617,0.0013106991787854997,0.0013602325459942221,0.0013165076647885143,0.0014513458319008353
618,0.0012893625079757637,0.0014596959669142962,0.0013150225941298737,0.0014452477680519224
619,0.001280299610354834,0.0013189845345914365,0.001314975853802429,0.0014416546193882823
620,0.0012947670052138468,0.0013380895275622606,0.0013146161752235555,0.0014373786564916375
621,0.0012714703101664782,0.0013203483587130903,0.0013118467646650968,0.0014346732193604114
622,0.0012532816361635923,0.0013907497981563211,0.0013144372097320027,0.0014236541461199526
623,0.0013086583905128968,0.0016928138816729187,0.001313505103211436,0.001420651447027922
624,0.0013281973622118433,0.0014981619268655778,0.0013117667354229422,0.0014168312322348359
625,0.001381900707880656,0.0015633993921801447,0.0013067201211220687,0.0014112142942845822
626,0.001271542386772732,0.0013939402485266328,0.0013004012438365153,0.0014070221884176137
627,0.0013021119865071443,0.0015803087456151843,0.0013015794833087257,0.0014100646985694767
628,0.00130233032680634,0.0013353454321622848,0.0013008011365930239,0.0014184437464922666
629,0.0012573928533432385,0.001361284637823701,0.001298861125929074,0.0014130491625517607
630,0.0012918584886938333,0.0013913272600620985,0.0012984343326133156,0.0014133450359106066
631,0.001355525255203247,0.001311209755949676,0.0012984885121074814,0.001409986360743642
632,0.001280477234783272,0.0013599469419568776,0.0012984058822194736,0.0014085944781079892
633,0.0012756328659856485,0.0012979026138782502,0.0012963105582425164,0.0014060029901564123
634,0.001472917188786798,0.0014063270622864366,0.001294922364772194,0.0014082768026739362
635,0.00129912954599907,0.0013396627688780428,0.0012934822133017913,0.0014038562487810851
636,0.0012739949776894516,0.001369595010764897,0.0012906803521224195,0.0013899346295744182
637,0.001255717084536122,0.0012929498497396708,0.0012866763362971445,0.0013807022387161852
638,0.0012436801096838382,0.0013122310489416123,0.0012819284755012225,0.0014035091590136291
639,0.0013148455508053302,0.001469239923171699,0.0012815675600431858,0.0014096262801438573
640,0.001278905251270367,0.0016959241265431047,0.0012793272579916647,0.0013972606679424646
641,0.0012768303320950104,0.0014665577048435807,0.0012766920214208463,0.0013953779852017762
642,0.0013000293458915418,0.001367629379965365,0.00127541137188673,0.0014009669829159977
643,0.0012907169953299065,0.001375729087740183,0.0012795892446612316,0.0013993277644738557
644,0.0012782338631546332,0.0012841874687001108,0.0012749292604107825,0.001413618940487504
645,0.0012423839057899184,0.001273302328772843,0.0012743444179081254,0.0014167473483830692
646,0.0012367654734084176,0.0013771936716511846,0.0012728655366537472,0.0014236116588115693
647,0.0012172778494035205,0.0012802359508350492,0.0012627111245774561,0.0014218487864360214
648,0.001238611861028605,0.0013447734015062452,0.0012615041142536533,0.001421300501190126
649,0.0012280969665799703,0.0012673521554097532,0.001260360047645453,0.001421721803955734
650,0.001263204187982612,0.0021335723996162414,0.0012602136587413649,0.0014245927331969143
651,0.0012625195003218121,0.0015468682767823339,0.001260217782182412,0.0014242184299975637
652,0.001246104435219119,0.001271168440580368,0.0012575999185546404,0.0014183255523443224
653,0.001236449412535876,0.0012882783636450768,0.001256487098698401,0.0014050713891163471
654,0.0012253766149903336,0.0015010095806792377,0.0012542460403508612,0.0013974707229062915
655,0.0013963053080563745,0.0013503467990085482,0.0012512265099212526,0.001412565773539245
656,0.0012390256489420103,0.0016684891562908889,0.0012490770059844685,0.0014136518865823743
657,0.0012658561722168492,0.0014381571393460035,0.0012460350620146425,0.0014228995902463792
658,0.0012386608346261912,0.0014695103745907545,0.0012450576739696164,0.0014247238295152782
659,0.0012190568868795204,0.0013622552528977394,0.0012448763738282852,0.0014377840377390384
660,0.0012689542879040043,0.001325955637730658,0.0012465045307038557,0.001453018593043089
661,0.0012453933124844398,0.0013801275799050928,0.0012453122381327882,0.001451696222089231
662,0.0012520573619339201,0.0013647230807691813,0.0012485054458284542,0.0014524073952808978
663,0.0012437831957100166,0.0013028734689578415,0.0012466607180113593,0.0014172726565971972
664,0.0012493989601110418,0.0013219179818406701,0.0012444064380394088,0.0014066089885309341
665,0.0012510847548643747,0.0013645700458437204,0.001243019711257269,0.0014046823002398015
666,0.0012208038734065163,0.0012765410495921968,0.0012419920440970196,0.0014041954476386308
667,0.0012245410851513345,0.001745005645789206,0.0012415893864714438,0.0014022324088960886
668,0.0012369793969103033,0.001402881913818419,0.0012334703449573784,0.0013978485964238644
669,0.0012021852639089855,0.001515380060300231,0.0012343804506067602,0.0013845768554136156
670,0.0012179492046642635,0.0013189083104953169,0.0012304345008503233,0.0013808445876464246
671,0.001232232969875137,0.0017036988772451878,0.0012278974137268962,0.001372030520439148
672,0.0012579817712927857,0.0016610998334363103,0.0012267192292234137,0.0013681319790892301
673,0.0012088045467519098,0.0013117141276597977,0.0012250064683767656,0.0013650708445347845
674,0.0013079271589716275,0.0012851314852014184,0.0012245304212595025,0.0013717157606966796
675,0.0012170859925552376,0.0012552039325237274,0.0012234293693469628,0.0013697321863844992
676,0.0012061625010230475,0.0012802765751257538,0.0012231217179033494,0.00139338686671108
677,0.0012114362656656238,0.0012230012333020567,0.0012229954047645963,0.0013995083943009376
678,0.0012107577335296405,0.0012761070486158133,0.0012224634701903498,0.0013973261972889304
679,0.0012153101743509372,0.0014519336121156811,0.0012220683274273244,0.0013946849348023533
680,0.001193329270204736,0.0012407514872029423,0.0012205130964310635,0.0013753868773579596
681,0.0012617782901765571,0.0013366956310346722,0.0012173239772518476,0.0013717633151449262
682,0.0011672074283059271,0.0013448504451662301,0.0012167630695323977,0.0013714993855915962
683,0.001175233656540513,0.001249158694408834,0.0012171407662435537,0.001396112971100956
684,0.001189602274292459,0.0012647917191497982,0.0012153773225326505,0.0013805657535791395
685,0.0012261352667378054,0.0012494272738695145,0.001213132588886138,0.001362650871928781
686,0.0012334921345528629,0.0015462504839524626,0.0012143129459789227,0.0013744044459424911
687,0.0012245310641204317,0.0013151337229646743,0.001210443860095822,0.0013711680162698029
688,0.0012360919096196692,0.0018942404771223665,0.001209617190880494,0.0013693375439383087
689,0.0012462411316422125,0.0014749561715871095,0.001208006568863574,0.0013712055538780987
690,0.0012377863905082146,0.0013100151205435394,0.0012065330533828176,0.001372782409749925
691,0.0012109253043308854,0.0012105094874277711,0.0012048321475999224,0.0013694505074061452
692,0.0011856603102448086,0.0012625542096793652,0.0012041498341287178,0.0013653210431337356
693,0.0011572514174299107,0.001312292858492583,0.0012040984593745733,0.0013644075041636824
694,0.001188162570922739,0.0015087818214669824,0.0012021041729383996,0.0013589250931516292
695,0.001227391622443166,0.0019342479482293128,0.001203728270685921,0.0013691199574619535
696,0.001188146877102554,0.0013150184391997756,0.001208166745553414,0.0013711131062358619
697,0.001201863430129985,0.0012132277921773494,0.001207645580979685,0.0013742257189936938
698,0.0012383134740715225,0.0016055534780025481,0.0012067383230249915,0.001376484673190862
699,0.001211200011894107,0.0012042207433842122,0.0012047618271472556,0.001367079709749669
700,0.0011964192621720334,0.0012094421242363751,0.0012038537884855437,0.0013658414808101953
701,0.001165896950600048,0.001326976823620498,0.0012065767810912806,0.001346942153479904
702,0.001174598378646705,0.001262422630097717,0.0012043986658074172,0.0013355652587488294
703,0.0011682350889572666,0.0011928094900213182,0.0012017476690131138,0.0013308505600318314
704,0.0011982523375708195,0.0013486970053054393,0.001200845317834885,0.0013318177646026018
705,0.0011920449013511339,0.0012179130129516124,0.0012029205419045563,0.001337242194078863
706,0.001211921129272216,0.001199635355733335,0.0012025397463934495,0.001332919221930206
707,0.001207809871993959,0.001599722052924335,0.0012016525584402392,0.0013230329737998548
708,0.001286195528227836,0.0012989874137565493,0.0011998912384138547,0.0013065261445008222
709,0.001176573159949233,0.0013426070380955935,0.0011993659038329499,0.0013045315155759457
710,0.001203453817870468,0.0013059011287987231,0.001199020227802814,0.0013050974705256524
711,0.0011840797376094594,0.001311126397922635,0.0011964320974760794,0.001291010740865022
712,0.0012018300975776381,0.0012841779994778335,0.0011951121623032831,0.001293522328976542
713,0.0013041667247630862,0.0014217572938650847,0.001195616992793253,0.001296828868426383
714,0.0011917882495456273,0.0011905338033102453,0.0011964674271772514,0.001292200490087271
715,0.0011715114706506331,0.001192147652618587,0.0011952047277060858,0.0013161569003947082
716,0.0011883665248751641,0.0012346896016970277,0.0011965450735892068,0.0013200776146724822
717,0.0012375409119865961,0.0013981649465858936,0.0011972781479281064,0.001315017755236477
718,0.0011477315296522445,0.0012042185547761618,0.0011966641725480764,0.0013162703793495895
719,0.0011659828720924756,0.0012616256182081996,0.0011944743724772704,0.0013187010135501623
720,0.0011833586217835546,0.0015215772157534957,0.0011950266000116242,0.0013087419117800893
721,0.0011750135125799311,0.0012651527160778642,0.0011902786043601935,0.0013041067097336056
722,0.0011932215293765896,0.001227376665920019,0.0011904710281252237,0.0012990691708400846
723,0.0011736102159031563,0.0012533852364867925,0.0011886285180148358,0.0012940681280568243
724,0.0011782016325742007,0.0012670104461722075,0.0011883374046456692,0.0013129101168364288
725,0.0012090400244212814,0.0012921056104823947,0.0011880971183819281,0.001309939140453935
726,0.0011871578102000057,0.001211267365142703,0.0011819844665833645,0.0013009259156882766
727,0.0011430308918675615,0.0018613328877836466,0.0011837488188511797,0.0013127117674797775
728,0.001201743736035294,0.0012908273469656706,0.0011854489736052023,0.0013146302362903955
729,0.0012165791960433126,0.0012222005194053053,0.001184613484299431,0.001313671914394945
730,0.0011766955168503854,0.0012492286157794296,0.0011813551699121792,0.001320668561477214
731,0.0011571761275020738,0.0012604012107476593,0.0011832228376219673,0.0013217243002727626
732,0.0012216155603528023,0.0013507445086725057,0.0011831934069593748,0.001324329214170575
733,0.001167495636942072,0.0011831073625944554,0.001181537468193306,0.001309794791322201
734,0.0011813837540749874,0.0012166685657575727,0.001180105833264275,0.001311991794593632
735,0.001157391065110763,0.0011808750592172145,0.0011784268386558527,0.0013250701582059265
736,0.001176801903380288,0.0017821761174127459,0.001179291998450127,0.001320960943121463
737,0.0011958229409841199,0.001209903589915484,0.0011791263315930136,0.0013197651126421988
738,0.001151350429798994,0.0011964266747236253,0.0011762635737554068,0.00131421594498679
739,0.0012358970562410024,0.0014851800980977714,0.0011748343106462726,0.0013123335312120615
740,0.001214015339501202,0.0012401093728840352,0.0011737433663051992,0.0012874128612689673
741,0.0011674792922308876,0.0012107315543107688,0.0011729674555982154,0.0012851565903984007
742,0.0011560830523052977,0.0015730811236426235,0.0011718112322915762,0.0012835502807050942
743,0.0011944232223969366,0.001230612024664879,0.0011727423633345298,0.0012814050833694637
744,0.0011652471055276692,0.0013267484656535088,0.0011731952354415425,0.0012785193697549403
745,0.0011419601526318325,0.0011582166445441545,0.0011735486615552671,0.001275661150738597
746,0.0011392226393541528,0.0013200777978636324,0.0011746232703535092,0.0012745248245075345
747,0.0011512466641660365,0.0015543357562273741,0.001173114840251704,0.0012719291165471077
748,0.001195239210760014,0.0011506548593752087,0.0011738475676108565,0.0012705390527844428
749,0.0011740599611463646,0.0012371146841906012,0.0011725092796919245,0.0012473938450217245
750,0.0011374710784811113,0.0011533764190971851,0.0011703471093231605,0.0012448934057727457
751,0.0011514262324716482,0.0011642070207744837,0.0011692890017086434,0.0012426547492854296
752,0.0011157572833407257,0.0012383161392062903,0.001165763466205034,0.0012409843010827899
753,0.0011823459683607022,0.0012344205752015114,0.001162745922845271,0.001241917217336595
754,0.0011876736133773294,0.0011820427770726383,0.0011609114324518791,0.0012406263583339752
755,0.0011999737929242352,0.0011955986823886633,0.0011606101305896624,0.0012272665373980998
756,0.001168497930177384,0.001188258370384574,0.0011579565484852842,0.0012236654073931278
757,0.00123045121319592,0.0012792890332639216,0.0011589764806597183,0.0012308070923201739
758,0.001194360856898129,0.0011546992068178952,0.0011582262663222434,0.0012316789796575904
759,0.0011436730015298559,0.0011517758667469024,0.0011586253156005923,0.0012245035946369172
760,0.0011757092490895754,0.0011461234651505947,0.0011583028516059535,0.0012093764291144908
761,0.0011433447054069903,0.001203545923344791,0.0011570237257983536,0.0012128858982585371
762,0.0011417686817650167,0.001147392608691007,0.0011558234006632119,0.0012089221614412962
763,0.0011248977394360635,0.001140460262540728,0.0011556946548891979,0.0012218973691575227
764,0.0011477586686507695,0.001443418893031776,0.0011539038215712127,0.0012208759339526296
765,0.0011385767555071248,0.0012634322792291642,0.001156323658907786,0.0012218526923097669
766,0.0011216170323960896,0.0011784600792452693,0.0011547137416537023,0.0012179930013604462
767,0.0011485505057498813,0.001239085600245744,0.0011552512931896168,0.0012193060350604353
768,0.0011280836697874798,0.0011405837745405733,0.001152268009731132,0.0012175560994073748
769,0.001190745409888526,0.0015052905888296663,0.0011521463245619088,0.001232728704623878
770,0.0011232047941949633,0.0011800138279795646,0.0011497073034704144,0.0012286006967537105
771,0.0011491988713128699,0.0011406931723468006,0.0011474991911867014,0.0012331099475733935
772,0.001143185064300067,0.001176156618166715,0.0011474888595390238,0.0012344741823151707
773,0.0011632610655700167,0.0012383915879763663,0.001146052801500385,0.0012401512974873185
774,0.0011440518327678244,0.0011380212637595833,0.00114467233586539,0.0012411712898872792
775,0.0011342524341307581,0.0014777566120028496,0.0011432763691422425,0.0012410491536371411
776,0.0011066553995220199,0.0011386711406521498,0.0011444900305062119,0.0012409488348290325
777,0.001176253216755059,0.0012627350981347263,0.0011440491961367013,0.0012287550256587566
778,0.00114209803700861,0.0011379283014684915,0.0011438969637629472,0.0012256453886628153
779,0.0012011124017751878,0.0012148686195723713,0.0011463066387714612,0.0012320561034604909
780,0.0011253917064621218,0.0011518502910621464,0.0011489702432933783,0.001228819406963885
781,0.0011654558009468019,0.0015675735007971525,0.0011496483200436668,0.0012298894761130215
782,0.0011694756859085627,0.0011760888365097344,0.0011486441583476135,0.0012299492104910314
783,0.0011391580498052967,0.001267430477309972,0.001155548635683954,0.0012361539533361791
784,0.001143414710337917,0.001185881735291332,0.0011553380563441252,0.0012366889446042474
785,0.001139807798123608,0.0012880513444542886,0.0011545643131559095,0.0012529810668900608
786,0.0011088330645321145,0.00122904573334381,0.0011531973770302203,0.001249355153273791
787,0.0011068695136863325,0.0011443392024375499,0.001153775972314179,0.0012556953125633299
788,0.0011552392735352946,0.0011379522923380136,0.0011521134121757414,0.0012436284878291188
789,0.0011367378094130091,0.0011385736637748779,0.0011575925398824942,0.0012429121930152178
790,0.0011347709461632701,0.001185691354330629,0.0011556773800299397,0.001237549147568643
791,0.0011818589076089362,0.0013387279491871595,0.0011542687663911946,0.0012377668375149367
792,0.0012151406187978055,0.0011581681878305972,0.0011519565438334314,0.0012508925667032598
793,0.00114503558854469,0.0011673355032689868,0.0011517257327524327,0.0012521055567078292
794,0.0011656413674871954,0.0015067839482799173,0.001149284847504977,0.0012349112794734537
795,0.0012958167276034753,0.001335132399108261,0.0011499861668381427,0.0012431198187172413
796,0.001143934387817151,0.0011540679540485144,0.001150093850472735,0.0012419552409090103
797,0.0011238414845946762,0.0015834596753120421,0.0011526090474488833,0.0012423048987053335
798,0.0011290876624277897,0.0011477437475696207,0.0011503895502744449,0.0012376421650871635
799,0.0011585167148667906,0.0012965252459980548,0.0011513834198315937,0.0012333744801580908
800,0.001092688430669821,0.0011760859936475754,0.0011512685438204143,0.0012370107823051514
801,0.0012436335921908418,0.0011207637703046203,0.0011493355603992112,0.0012384438801556828
802,0.001128374220441199,0.001128658961970359,0.0011473619967802533,0.0012394915983080866
803,0.0011068826960399748,0.0011433705501258374,0.001147619182119767,0.0012391610198654235
804,0.0011433068378311065,0.0015430118492804467,0.0011458781244129772,0.0012304421524517238
805,0.0011196214294371505,0.0011821750411763786,0.0011400741020114059,0.0012309639199636875
806,0.0011044336697604094,0.0011377165699377656,0.0011385365885061523,0.0012420067897066474
807,0.0011870086692377098,0.0013813023176044226,0.0011370665540608267,0.0012411526288837195
808,0.0011418501406701075,0.0012383160321041942,0.0011322046618494725,0.0012467330091632902
809,0.0012062946347416274,0.0011946231801994145,0.0011360052794425024,0.0012488707954064011
810,0.0010843203687626454,0.001171483004000038,0.0011361737119551334,0.0012350220547057687
811,0.0011336798034608363,0.0011223536101169884,0.00113531034440837,0.0012354419514536857
812,0.0011039976134068436,0.0012352467561140656,0.0011334963241488572,0.001229384084045887
813,0.0011069146880052156,0.001173779738601297,0.0011376852354448702,0.0012369178322143854
814,0.0010873987189390594,0.0011647666175849736,0.0011339619176358813,0.0012468552154488864
815,0.001141200579651114,0.0011774268932640553,0.0011336016970272694,0.0012463786575011913
816,0.0011383324649391904,0.0011207562638446689,0.0011336057925286393,0.0012459975585341456
817,0.0010700400587585236,0.0011712123756296932,0.0011369855831480688,0.0012592897194437683
818,0.0011065977509133519,0.0014434072468429804,0.0011370227024993962,0.00125895274579525
819,0.0011288905063540572,0.0014854299277067184,0.0011388121531551911,0.0012644193737767636
820,0.0011742694223196143,0.0014746419060975313,0.0011359748907801177,0.0012551600303500892
821,0.0012389498276429043,0.0012075126101262867,0.0011349308469022314,0.0012700596485286952
822,0.0011280522974104518,0.0012372411577962338,0.0011351105708835856,0.0012773448234423997
823,0.0011075034737586976,0.001158241166267544,0.0011375514557999044,0.0012752911425195634
824,0.0011131662083789706,0.0011450785608030855,0.0011365644053245587,0.0012785156560130417
825,0.0011974112130701542,0.0013644296978600323,0.0011368870759693288,0.0012758329790085554
826,0.0011505506469661163,0.0013691983511671423,0.0011371207167808382,0.0012792834301479162
827,0.0011193687052259015,0.0011167450132779776,0.001138210446242657,0.0012774029028601943
828,0.0011069850835742222,0.0011338430759496986,0.0011397615978390805,0.0012801928736269471
829,0.0012278016033168467,0.0018753158720210194,0.0011393049612227412,0.0012825057140551507
830,0.001120549413220336,0.0011737506999634207,0.0011410085603284338,0.0012894980686716736
831,0.0011491699361552794,0.001274382269475609,0.0011434983551295269,0.001276480541564524
832,0.0011160771098608772,0.0011498187319375574,0.001143951218096643,0.0012650326498784123
833,0.0011157490437229474,0.001610806486569345,0.0011412142968089838,0.0012533890546299518
834,0.0012107877342754769,0.0013767525530420245,0.001136639525811188,0.0012503387695178391
835,0.0011453424916706152,0.0011201409809291363,0.0011341106150066478,0.0012457369029521945
836,0.0011090035415771936,0.0012029664474539458,0.0011344621337924358,0.0012434880631044508
837,0.0011120643795260953,0.0011681798310019076,0.0011339600318913453,0.0012472861478105188
838,0.0011127557082929544,0.0012600410170853138,0.0011319868828558056,0.0012400625124573707
839,0.0011146419554845326,0.0011177534353919328,0.0011319885229459036,0.0012374220934696495
840,0.0011799793695617053,0.0012471761624328792,0.0011319077852156223,0.0012424338611774144
841,0.0011269165495307082,0.0011785772745497524,0.001134145616602877,0.0012448877885006368
842,0.001112630036400838,0.001346021241042763,0.0011308054805500433,0.001217978236451745
843,0.001168842620940672,0.0011179690691642463,0.0011293538060841255,0.001218915678188205
844,0.0011402120805319605,0.0011992326355539263,0.0011290468806168068,0.0012179192204028369
845,0.0011058463901281357,0.0011835520248860121,0.0011320297854616205,0.0012228083347901701
846,0.0011245805526980096,0.0011312554823234677,0.0011325109830307258,0.0012029943275265395
847,0.0010648295272969537,0.0011221944936551155,0.001129904804024328,0.0011948793713003395
848,0.0011162914434033964,0.0011020201700739562,0.0011284346433640974,0.0011991794236935673
849,0.0011006136608517005,0.0012400306784547865,0.0011295041070707762,0.0011970460506156085
850,0.001148082487181657,0.0011838388140313328,0.0011302226872467952,0.0011946145571768284
851,0.001150591649218566,0.0013031878764741122,0.0011289626670768485,0.0011890895779244602
852,0.0011173502619688709,0.0012420392059721052,0.0011293620663358724,0.0011941686805337667
853,0.0011629308682555954,0.0011951912590302527,0.0011282176599501528,0.001189752995129675
854,0.0011442982019960052,0.001202577070798725,0.0011264087230251686,0.0011893267374485734
855,0.001084257551572389,0.001197186743374914,0.0011261068309527925,0.0011854755355976525
856,0.0011414967994723055,0.00124947082484141,0.001124891823061949,0.0011874802022241058
857,0.0011906497309812241,0.0012720465916208922,0.0011240639211299518,0.001191140921507031
858,0.0011277789829505815,0.0011154563049785792,0.0011240246423209707,0.0011893174748867752
859,0.0011456332591155338,0.0011738786473870278,0.0011241851422211365,0.0012015486770309508
860,0.0011085884751648538,0.0012276422907598317,0.001126178254818337,0.0012044240643270315
861,0.0011357401342441638,0.0011496321205049754,0.0011254794696138966,0.0012091517795808613
862,0.0011300288839265703,0.0011073924950323998,0.0011268602932803333,0.001208649633079767
863,0.0010812552040442825,0.0011219165357761085,0.0011236923984458875,0.0012140912190079691
864,0.0011246269369601376,0.0012447310006245972,0.0011231703078270784,0.0012060545145533977
865,0.0011513692099187108,0.0011367840273305773,0.0011229346084511943,0.001207103527896106
866,0.0010816931264061066,0.0011679208325222135,0.0011203469224170678,0.0012120499747805295
867,0.0011050827345914312,0.00124974119476974,0.0011177093497787912,0.0012081524956040082
868,0.0011384674236695799,0.0011680857348255814,0.0011190160702603557,0.0012112364216707646
869,0.0011195145322320363,0.0012907506176270545,0.001117905314163201,0.0012110720032826067
870,0.0011048644199036061,0.0011379658593796194,0.0011141950024395352,0.0012048638021573425
871,0.0011285930502021478,0.001437035535927862,0.0011132016965808968,0.00120428932197392
872,0.0011146573422269688,0.00119407917605713,0.001112147250212729,0.0012029638484120368
873,0.0010988218132923875,0.0012202130514197052,0.001112319925872402,0.0012093415356241167
874,0.0011351342525126205,0.0012274770159274339,0.0011118107267965873,0.0012193185498937966
875,0.0010688851163205173,0.0013198784622363746,0.001113291226979345,0.001219971416331828
876,0.0011375393837483392,0.001102270265109837,0.0011146824434399604,0.0012211260995827619
877,0.001111457777571761,0.001268264539539814,0.0011143829638655817,0.0012319287489168346
878,0.001098238717402435,0.00131885243114084,0.0011126579499700004,0.0012341488903388383
879,0.0010783588860390915,0.0011051400913856923,0.0011131386132496928,0.0012362563074566424
880,0.0011169255636115042,0.0012742848950438202,0.0011157577176164424,0.0012348810057155788
881,0.0011137278970434433,0.0012453603651374579,0.0011140489605048465,0.0012358744804747402
882,0.0010978919378895726,0.0011168415634892881,0.0011181371758071084,0.00123851357139647
883,0.0011029463364846176,0.001101094300393015,0.0011179067735767197,0.0012376857110299169
884,0.0011192720999113387,0.0011407418083399534,0.001117229997780588,0.0012246188987977801
885,0.001112905366656681,0.0013870844710618258,0.0011172222913967238,0.0012508103782311079
886,0.001123010157348795,0.00139905747724697,0.0011181377390089133,0.0012458705730736253
887,0.0011670413884955148,0.0011237141559831798,0.001116748647039963,0.0012407805007882415
888,0.0011160356155596673,0.0011507836170494556,0.0011203512930621704,0.0012442284581251442
889,0.0011171399476006627,0.0015147972339764238,0.0011209697385835976,0.0012569298236630858
890,0.0011082438625291818,0.001192287562880665,0.0011229463900025518,0.0012539384958334266
891,0.001093709708398415,0.0012206062604673206,0.001125562603357765,0.0012446975959464908
892,0.0011705603437601692,0.0012153586512431503,0.0011256653814473085,0.001251769658457488
893,0.0010957484958796866,0.0011929226038046182,0.0011265729507120947,0.0012448665115050975
894,0.0012217199147885871,0.0013567278906702995,0.0011260384615924622,0.0012387277921661734
895,0.0010991043641438915,0.0011172693502157927,0.0011269313802011308,0.0012475755313411355
896,0.001111673655298849,0.0011103652301244437,0.0011269065326286686,0.0012544650107622147
897,0.0011144646826303669,0.001848866161890328,0.001127372448394696,0.0012522029659710824
898,0.001121708003597127,0.0010967179224826396,0.0011281485478393733,0.0012420123824849723
899,0.0011004069532888632,0.0011002252087928355,0.0011257455262665946,0.001229548382759094
900,0.0011589512668756974,0.00140607739565894,0.0011216972413162392,0.0012279284046962855
901,0.0011530005217840274,0.0014198044035583736,0.0011225487169706158,0.0012283903954550624
902,0.0011608740630456142,0.0011934813437983393,0.0011240470340475438,0.0012191090896725653
903,0.00116364405128277,0.0010878299339674414,0.0011227732491265567,0.0012166963142342863
904,0.0010809283382776712,0.0012819416541606189,0.001122226104957776,0.0012121468521654605
905,0.001139614795231157,0.0011017062212340535,0.001121214548043079,0.0012151044479571285
906,0.0011003656690526339,0.0010918923816643656,0.001123113289102912,0.001212357912119478
907,0.001120214903106292,0.0013380350428633392,0.0011188169890807736,0.0012052367419935763
908,0.001102325147173057,0.0012733312859199942,0.0011201871419946352,0.0012054304199293256
909,0.0011309199940620197,0.001084190688561648,0.0011199904897767636,0.0012061789160594345
910,0.0011323078527736166,0.0011323198839090765,0.0011198802756766477,0.0011811217421665787
911,0.0010629346180293295,0.001087457484100014,0.0011175892024818392,0.0011810205511748792
912,0.0010658342647366225,0.001083214704412967,0.0011170763933927648,0.001181652511097491
913,0.0011373225069190892,0.0011623333860188722,0.0011138656314772864,0.0011768715016543868
914,0.0011545978745238648,0.0012827645894140005,0.0011133369393336277,0.0011685945698060097
915,0.0010763992395045028,0.0011319681769236922,0.001110883591334439,0.0011685453474521636
916,0.0010800311041788923,0.0011068697087466717,0.001107275621080771,0.0011733627919107673
917,0.0011452714208927419,0.0012892985460348427,0.0011083125810604543,0.001195253890007734
918,0.0011432170223755142,0.0011242592078633607,0.0011084941323898318,0.00120870539881289
919,0.001114312414235125,0.001178698637522757,0.0011077885188834947,0.0012097040977329014
920,0.0011333581869904365,0.001122111298609525,0.001110770851596155,0.0012000955385155978
921,0.0011067573498520587,0.0011290776333771646,0.0011113391351213473,0.0011934824238531293
922,0.001111709330127471,0.0012224368145689367,0.001108623329958775,0.0011950206820853055
923,0.0010644311737269163,0.001094188147690147,0.0011066732105850761,0.0012178472980856898
924,0.0010875867260619998,0.0011160242068581282,0.0011095239355901464,0.0012176476114429534
925,0.0010786822189887365,0.0012865521595813334,0.0011097850935067983,0.0012245466603897513
926,0.0011397832181925575,0.0012128811073489488,0.0011108330985996875,0.0012258170182816684
927,0.0010995403630658985,0.0011922507849521935,0.0011112398568075153,0.001226893740426749
928,0.0010734447949410726,0.0012082660454325379,0.0011108652151965849,0.0012253976262174544
929,0.00110685233776975,0.0018292191065847874,0.0011116304617426877,0.0012303150268271562
930,0.0011441535784655974,0.0014379939413629473,0.0011098091373582268,0.0012303974544629454
931,0.0010827253313942088,0.0011168598546646535,0.0011114664309088969,0.001229304981138557
932,0.001194773220922798,0.0010978210624307393,0.0011122459612424589,0.001226040815375745
933,0.001116532235302859,0.0011080034193582833,0.0011103002328063465,0.0012262027399614452
934,0.0010630248649977148,0.0011226471443660556,0.0011087055028467956,0.0012318118510767817
935,0.001083554868431141,0.0017029852839186787,0.0011074755780450586,0.0012275206349790094
936,0.0011342027431560887,0.001082465318031609,0.0011083178350753669,0.0012274073449894784
937,0.0010723632126529183,0.001255690928082913,0.0011097806013654918,0.001233639752306044
938,0.001163522634241316,0.0011940923333168029,0.0011105826684635963,0.0012256657419726254
939,0.00116476682971956,0.0013096826430410147,0.0011083188897878346,0.001225469170883298
940,0.0010670331992312437,0.0010945653216913342,0.0011077216982375829,0.001223977908305824
941,0.0010991622678314646,0.0012298047239892185,0.0011077430905049872,0.0012208481231704357
942,0.0010997383112812207,0.0012913592369295658,0.0011083987520904175,0.0011909561791457236
943,0.0011846493611422679,0.001096947374753654,0.0011051746432876421,0.0011879003796726466
944,0.0011338006725741757,0.0010970944934524595,0.0011050284353602265,0.0011888946056365967
945,0.0010847149760876264,0.0011261594132520258,0.0010996289854041405,0.001197374651581049
946,0.001066889100863288,0.0012693054112605752,0.0011015356491837235,0.0012036098315380515
947,0.0010809612100840442,0.0011151564121246339,0.0011031998177265957,0.0012104124175384642
948,0.0010854875994846225,0.001091355897951871,0.0011044456922449173,0.0011864164194092155
949,0.0011241558833151228,0.0012718343897722662,0.001101014877876474,0.0011992963290773334
950,0.0010987338964413439,0.0010872019012458623,0.0011054610529604059,0.0011925854242406785
951,0.0010831887512985203,0.0012079668301157654,0.001101201646743963,0.0011896630344912411
952,0.0010846105743096107,0.0011549692205153406,0.0010981226649342311,0.0011831428799778225
953,0.001073979601626181,0.0011300214170478285,0.0011002307844141291,0.0011828973711468281
954,0.0011232438774055077,0.0010819205059669913,0.0011004652383323347,0.0011881595072336497
955,0.0010635508583962088,0.0013615989545360209,0.0011049775667954236,0.001179804931860417
956,0.0010790701332088145,0.0011417155037634075,0.001100376558257267,0.0011795921544544398
957,0.0010597869720206491,0.0013098222110420465,0.0011001584339938647,0.0011856668812222778
958,0.00116419882979244,0.0012638829182833433,0.001101781907838045,0.0011842580102384092
959,0.0011046290785695116,0.0012927117943763733,0.0011031151548183214,0.0011806986216455699
960,0.0011147017313891815,0.0011030853306874633,0.00110371015614623,0.00118092599241063
961,0.0010484323839450049,0.0014044630597345531,0.001103220123699349,0.0011817369367927311
962,0.001183517589751217,0.0010879183071665465,0.0011010327625657537,0.00117395047172904
963,0.0010570374788302515,0.0011210325895808636,0.001100354491789929,0.0011765213528648019
964,0.0010877922844762604,0.0011466787802055479,0.0011010216151312409,0.0011728827607817949
965,0.0011197361862286925,0.001088427600916475,0.0011023823392732688,0.0011767130413092674
966,0.0011050236157865987,0.0013613581261597573,0.0011035024298303242,0.0011746831689029933
967,0.0012125465228584491,0.0010824948525987566,0.0011005142683732428,0.001180335678253323
968,0.001069624147688349,0.0010916279396042227,0.001100010406655363,0.0011696751183830204
969,0.0011283475659891135,0.0012489626626484096,0.0011006622709075194,0.0011677537447772922
970,0.001125301822192139,0.001090937638655305,0.0011018351938420284,0.0011593277965672316
971,0.0011002202753701972,0.001180320696439594,0.0010974078979394915,0.0011534105179831387
972,0.001095836243281762,0.0011208406812511385,0.0010962301682318665,0.0011480750110931695
973,0.001073236788312594,0.0011116295075044036,0.001093096347199753,0.0011475932493805886
974,0.0010694718549752401,0.0010771727631799877,0.00109604704093395,0.0011406254958361388
975,0.0010817771270457241,0.0011514739296399057,0.001093077419491278,0.0011436304775997996
976,0.0010998668348313205,0.0011170020280405878,0.0010940806534244785,0.001144217745773494
977,0.0011186286778603163,0.0012507262337021529,0.0010945514779951838,0.0011448405904695394
978,0.0011019818655525644,0.0010792746068909764,0.0010911326674434047,0.0011653406944125892
979,0.0010485398409784668,0.001223233239725232,0.001091342144531922,0.001162341256532818
980,0.0010509543154492147,0.0010950849577784538,0.001086671418815644,0.0011657521951012311
981,0.0010953667395127316,0.0010936811636202038,0.0010920993952132348,0.0011659357367083429
982,0.0010891100453833738,0.0010991735057905316,0.0010888618921809311,0.0011588816619478165
983,0.0010535164322290156,0.0011159509536810218,0.001088750660704035,0.0011758680805563926
984,0.0010751858358788822,0.0011593241221271456,0.0010912805669268386,0.0011730035110376774
985,0.001036356205586344,0.0010910412878729404,0.0010914836029573864,0.0011779587198048828
986,0.0011221997272999335,0.001230269221123308,0.0010926119936060992,0.0011764758686535059
987,0.00110927705368441,0.0011630428512580692,0.0010913127261990064,0.0011778827711008486
988,0.0010821183271602624,0.001135714293923229,0.0010893784954264347,0.0011741033311001958
989,0.0010995628987438978,0.0011622498976066708,0.0010877561278796446,0.001179055334068835
990,0.001034265922434214,0.0016009301994927227,0.0010853949734682424,0.0011776884214021268
991,0.001110260542999539,0.0012863721791654826,0.0010841199020596428,0.0011792652698233725
992,0.0010957783799515003,0.001167768316809088,0.0010855669096267472,0.0011815216700546444
993,0.0012053235576281118,0.001096216479782015,0.0010862421496098656,0.001179794876370579
994,0.0010474099901815255,0.0010726107936352492,0.0010840301121378111,0.001191937212459743
995,0.0011225210352697305,0.0015155981038697064,0.0010822678009151585,0.0011908968139439822
996,0.0011634679309402902,0.0011087064584717156,0.0010849051530886855,0.0011881853898055852
997,0.0011009121440454489,0.0012447209004312753,0.0010859129320002264,0.0011871133700944482
998,0.0011014465545304119,0.0010745582287199796,0.0010868714073258969,0.0011918676531873645
999,0.0010369901697979205,0.0011123453243635595,0.001085516061887352,0.0011859122811816631
1000,0.0010334213577314383,0.001056987929623574,0.0010830731334733879,0.0011832776972092688
1001,0.001059307646161566,0.0012408021022565663,0.0010840769435951692,0.0011827394879423084
1002,0.001059599817575266,0.0012165534170344471,0.0010839440419493866,0.0011789766896516088
1003,0.001070105080337574,0.0011186958174221218,0.0010852964545237937,0.0011582174403592946
1004,0.001084715030156076,0.0012796432455070316,0.0010828725919696605,0.001150792197417468
1005,0.0010678353150271706,0.0010519151156768202,0.0010807532780752,0.0011472137882374228
1006,0.0010400658027113726,0.0013972395658493043,0.00107487407210283,0.0011490936202928424
1007,0.001045052264817059,0.0010731635428965092,0.0010774898147779622,0.001153037872258574
1008,0.0011194502365671926,0.0010481653502210976,0.0010740421260448379,0.0011351983746513724
1009,0.0011003803086674048,0.0011325236293487251,0.0010709617268966718,0.0011400097559206188
1010,0.0010603180887281067,0.0012098983651958406,0.0010694015656546173,0.0011404103056527675
1011,0.0010883160913363098,0.0010813849209807813,0.0010694884915991376,0.001142148139793426
1012,0.0010482038433353106,0.0010971782519482076,0.0010715157352387905,0.0011413623489439485
1013,0.0011072135802047947,0.0011222590622492134,0.0010723320015602641,0.0011460375923663378
1014,0.0010962403575993246,0.0010681799403391779,0.001071581792800377,0.0011407384856604041
1015,0.0010680762367943923,0.0010819489671848714,0.0010708719627517795,0.001142906469479203
1016,0.0010496639791462157,0.001100741105619818,0.0010694778084444506,0.0011413415647111831
1017,0.0010427955325899854,0.0010783080873079597,0.0010692179401301676,0.001134991273190826
1018,0.0010583434083188575,0.0011432122811675072,0.0010711903364294104,0.0011396264714188874
1019,0.001112803557059831,0.0011712170927785338,0.0010730067032337603,0.0011278219760395586
1020,0.001036328816941629,0.001069610663689673,0.0010731923217833456,0.0011273236745968462
1021,0.0010864579522361357,0.001228990990202874,0.001070730457160001,0.0011297453708015387
1022,0.0010619081129940847,0.0012547346437349915,0.0010678348073994532,0.0011320996385999027
1023,0.0011036197031434212,0.001118004082236439,0.0010665500023505753,0.0011346817361190917
1024,0.0010876712607892436,0.001092700553126633,0.001071671645726181,0.0011454563124105334
1025,0.0010538280157682796,0.0011738690151832998,0.00107173823101653,0.0011550664538517595
1026,0.0010405524271643824,0.001108324434608221,0.0010696181029909188,0.0011538454281166195
1027,0.0010418540663603279,0.0012707530125044286,0.0010690111932241254,0.001153147389460355
1028,0.0010352512226543492,0.001079573198221624,0.001068010643269453,0.0011543910707347094
1029,0.0010782183222990069,0.0011208859574981034,0.0010706883474977482,0.0011518153304234146
1030,0.001117145222508245,0.0011677950713783502,0.001069990561881827,0.0011530978439375757
1031,0.0010854749728201165,0.001102127181366086,0.0010694414921104908,0.0011502084111794828
1032,0.0010496927285566927,0.0010607060068286956,0.0010685402010153567,0.0011488661994226276
1033,0.0010579036209835775,0.0011087077553384006,0.0010671609329577123,0.0011512523472309113
1034,0.0010279890646537144,0.0011913803243078292,0.0010646606559761697,0.0011538060531951486
1035,0.0010281979625061568,0.0012744508031755685,0.0010638786422813105,0.0011485475200228394
1036,0.0012163571757264435,0.0013507493282668293,0.0010615135107499857,0.0011452773164026438
1037,0.0010498684755940405,0.0013374317879788578,0.0010603428723549265,0.0011536780895665287
1038,0.0010542103795645138,0.0010917334188707173,0.001059798189992499,0.0011494626162573695
1039,0.0010810676134294934,0.0010507289739325643,0.0010598637777121946,0.001146718426886946
1040,0.001043062487927576,0.001113040999043733,0.001059717596958702,0.00115017455117777
1041,0.0011166065848535961,0.0010363475978374481,0.0010601724014151844,0.0011621673971414566
1042,0.0010253508921919598,0.0011103709251619874,0.0010603812680321022,0.0011655105579644442
1043,0.0010446166640354527,0.0010709764622151851,0.0010578874293973462,0.0011611870736815035
1044,0.001090271279681474,0.0011376617988571524,0.0010557501012718098,0.001163231189083308
1045,0.0010018471155005197,0.0011292643588967622,0.0010558382581971172,0.001163529018033296
1046,0.0010239510276975731,0.0012928336393088103,0.0010548771458936648,0.0011655100782401863
1047,0.0010423577706226044,0.0011232713144272565,0.0010552952661230747,0.001161450211424381
1048,0.0010444914148603048,0.0010362489917315543,0.0010561277076705463,0.001152386853192002
1049,0.0010584053009127577,0.0013027198822237551,0.001049479716685083,0.001144108234345913
1050,0.0010402109567075968,0.0010684821824543179,0.0010504775924815072,0.0011336441257968543
1051,0.0010421921201567684,0.0010397197003476322,0.0010517580329130094,0.0011333348918706177
1052,0.0010381995475230118,0.0013571561197750271,0.001050989672438138,0.0011322195968590677
1053,0.0010466213340664075,0.0013793943473137916,0.0010516815456975666,0.00113145101768896
1054,0.0010834399877219564,0.0012044649780727924,0.0010485002285076513,0.0011341088512912393
1055,0.0010547992566393482,0.0010597079643048346,0.0010487860489533179,0.0011326930423267189
1056,0.0010320417696817053,0.0011532300664111972,0.0010487167114184963,0.001131160492449999
1057,0.001051896651689377,0.0010681517305783927,0.0010482380758350094,0.0011273738858290018
1058,0.0010338758133972684,0.0011582342605106532,0.0010511984101082717,0.0011264503559097647
1059,0.0010384420703889595,0.0010898836539126933,0.0010523025014748176,0.0011167174965143203
1060,0.0010490090011929473,0.0010478668473660946,0.0010507287483248445,0.001114391014445573
1061,0.001050157401089867,0.001143783857114613,0.0010526746309258872,0.0011144896195270121
1062,0.0010748153705046409,0.001075829074252397,0.0010519055088775023,0.0011037412061356007
1063,0.001086221390352067,0.0010840025707148015,0.0010507567823243638,0.0011039420145563781
1064,0.0010618586015577118,0.0010228465986438097,0.0010512644706811341,0.0011076528959907592
1065,0.0010603593194132878,0.0010938265197910368,0.0010501478309225703,0.0010945150661282243
1066,0.0010370736551057133,0.0011027934378944337,0.0010498328779513636,0.0010830683066509665
1067,0.0010324964033336275,0.0010749757010489703,0.001047291061758167,0.0010791885941289364
1068,0.0010428832256649102,0.0010326627152971923,0.0010473500280020137,0.0010788786723278463
1069,0.0010783053900943033,0.0010429966333322226,0.0010481169842804473,0.001074103555176407
1070,0.0010758554723320735,0.0011061761109158396,0.0010486487359015477,0.0010758620344102382
1071,0.0010515533118612237,0.0010495121544227004,0.0010479066689809162,0.001071388966217637
1072,0.0010030139418732789,0.0010651092627085746,0.0010462102911228106,0.0010776654703542588
1073,0.0010931384798863696,0.0010387141187675297,0.0010501963184422088,0.00107741025602445
1074,0.0010391772497031423,0.0010340095474384726,0.001049226584399326,0.0010759493199177085
1075,0.0010114927928791277,0.0010735023929737508,0.0010489434771446717,0.0010745385414920746
1076,0.0010548843290760284,0.0011324917362071573,0.0010475402967486944,0.0010732976355589928
1077,0.0010102835535589192,0.001028710373211652,0.0010463676834375495,0.001073826003726572
1078,0.0010387475097862382,0.0010932253603823483,0.001043576062625895,0.0010726272373460235
1079,0.0010198945828920438,0.0011074721650220455,0.0010450095124749671,0.0010785114309750498
1080,0.001056273412735512,0.0010519599192775786,0.0010452708760483398,0.0010838631545193494
1081,0.0010512156766425405,0.0010338521376252175,0.0010464876991800136,0.0010842686302028597
1082,0.001065190442216893,0.0011121137114241718,0.0010453580838421152,0.0010876572457142175
1083,0.001015324140381482,0.0010464075556956233,0.0010425307953937186,0.0010847613323479892
1084,0.0009960326239363186,0.0012467962573282422,0.00104214182400869,0.0010842872037552295
1085,0.001148659684177902,0.0010414864891208709,0.001041859837176485,0.0010890005162917079
1086,0.001025914050017794,0.0011072604544460774,0.0010384845717810094,0.0010936398977413773
1087,0.0010677376891382866,0.001040559613611549,0.0010387479574729998,0.0010940800869837404
1088,0.001051141880452633,0.001052979922387749,0.0010390842511939504,0.001103824183624238
1089,0.0010325432687790857,0.001036055802833289,0.0010385360157945086,0.001100223074387759
1090,0.0009905687991219262,0.001063857360277325,0.0010401476582926178,0.0011033092462457716
1091,0.0010729099013325242,0.0012498982786200942,0.0010394565278405532,0.0011141463149338961
1092,0.0010390304926679366,0.0012087687896564603,0.0010403717257341163,0.001114214641135186
1093,0.001073303803956757,0.00104279960738495,0.001040606213407591,0.0011124035014770928
1094,0.0010500650066468452,0.0011277120211161673,0.0010430302870718553,0.0011126627936959268
1095,0.0010051732611221571,0.001033778276760131,0.0010412335739108836,0.0011088145740330221
1096,0.0010418290272355079,0.0010376589396037161,0.0010424891320212433,0.001110963677428663
1097,0.000995964271068159,0.0011829420761205257,0.001045051576026405,0.00111885708225891
1098,0.0010087568449994755,0.0011546986550092697,0.0010409458710346371,0.0011192458801902831
1099,0.0010457618920029037,0.001045014278497547,0.0010400385341348332,0.0011180314350873234
1100,0.0010199001359028949,0.001317104808986187,0.0010378347070318544,0.0011165368032641711
1101,0.0010411784440899888,0.0010424640052951871,0.0010364287103164114,0.0011310035553760828
1102,0.001050574616011646,0.001105864669661969,0.001036106817253555,0.0011332359864376486
1103,0.0010214692484846132,0.0013641520775854587,0.0010370882871302053,0.001133595295716077
1104,0.0010427745302311249,0.0011091803200542927,0.0010371827719474417,0.0011395533887669446
1105,0.001062135604572379,0.0010066814278252422,0.0010394177502072934,0.0011433762717060745
1106,0.001111817518249154,0.0010403344430960715,0.0010369263659076144,0.0011455411585979164
1107,0.001020272613192598,0.0010159082198515535,0.0010348138326830747,0.0011405571451410653
1108,0.0010467130931404729,0.0011001351405866445,0.0010367668761199133,0.00114019838180393
1109,0.0010600937240653567,0.0014441313780844212,0.0010391165591724632,0.001149274337850511
1110,0.001046017059383707,0.0010512064374051987,0.0010403956746113383,0.0011422512879595158
1111,0.0010032306275227004,0.0010768993268720805,0.001040176229701481,0.0011400854928418991
1112,0.0010126420115638111,0.0010031938180327415,0.0010419397179296033,0.0011386961796320974
1113,0.0010159919625665579,0.0014146487251855432,0.0010425092201938645,0.0011334796804003417
1114,0.0010244959422076741,0.0010918665793724358,0.0010408347952748753,0.0011389693978242576
1115,0.001015105546038184,0.0010728400922380389,0.0010389529294800013,0.0011409167580306529
1116,0.0010752720217634406,0.001398850604891777,0.00103758263785599,0.0011303397549316287
1117,0.001094904949164225,0.001304340863134712,0.0010368020424515838,0.0011257442202419045
1118,0.0010110191964647836,0.0010969217796809971,0.0010358283891756504,0.0011277681986801328
1119,0.0009972516760333545,0.0010031116846948862,0.0010316407873295248,0.0011285337400622668
1120,0.0010539993470431203,0.0010248091933317482,0.0010319193876141474,0.0011278483889997006
1121,0.001100571103549252,0.001264557840768248,0.001029601631934444,0.001128908127360046
1122,0.0010279421570400396,0.00100736582884565,0.0010275455836931038,0.0011109196612611415
1123,0.0010032707222530411,0.0011005537770688535,0.0010257903719941776,0.0011158478762954476
1124,0.0010898490977059635,0.0010102814482524992,0.0010259683916862639,0.0011146527427248658
1125,0.001034137692509426,0.0011866923281922937,0.0010251850614117254,0.0011250611705705526
1126,0.0009993178211152554,0.001179706940893084,0.0010264344319804676,0.0011091440873220563
1127,0.0010035279711397985,0.0011545486748218536,0.0010276517917402089,0.001115475133433938
1128,0.0009872119578843315,0.0010997270001098514,0.0010259841102175414,0.0011118708589114249
1129,0.0010232596451209652,0.0009942919528111815,0.0010231744271496103,0.0010954921780154112
1130,0.0010377942726740408,0.0010572808887809515,0.0010211900395651658,0.0010840575627982618
1131,0.0010071274720960194,0.0010594729776494205,0.001021345596615639,0.0010795598197728396
1132,0.0010272376203081673,0.0009987744432874025,0.0010205082612215646,0.001080122409015894
1133,0.0009887692011478874,0.0011266285995952786,0.0010182841710021926,0.0010798525243997572
1134,0.0010086925180318456,0.000994419725611806,0.0010128626027247972,0.0010685293734073638
1135,0.001002136766910553,0.00117441181326285,0.0010110592120430536,0.0010681664364412425
1136,0.0010076811198248632,0.0010470209876075388,0.001010668293060735,0.0010660180847160516
1137,0.0009930587547003396,0.0012634045141749085,0.0010055557718448755,0.0010680660505779087
1138,0.0010472262267851168,0.001016721643973142,0.001003878331034341,0.001062552305497229
1139,0.0010549299362012082,0.0012501427321694792,0.0010047969084077827,0.0010619487752206625
1140,0.0009734135079714988,0.00098273322917521,0.0010047354932822702,0.0010573364095762372
1141,0.0010050299450651639,0.0009893835824914276,0.001006727811244006,0.0010529651234857738
1142,0.0010452952595531113,0.0010184754827059805,0.0010051365724402584,0.0010539996061474084
1143,0.0010149081227266126,0.0009844782040454448,0.0010052071688541524,0.0010520154226571318
1144,0.0009763182911814915,0.001017176415771246,0.0010051375966260419,0.0010489193277433513
1145,0.000998397091558824,0.0010180620779283345,0.001005836048541177,0.0010564455938525496
1146,0.0009650318966143661,0.0009814790659584106,0.001005436561944791,0.001050882886815816
1147,0.0009828573899964492,0.0009982924046926201,0.001003476482562514,0.0010530579086393118
1148,0.0009934977476950735,0.0010468449839390814,0.0010040387995592836,0.0010464043265208604
1149,0.0009620360673094789,0.0010614805947989226,0.0010045391347259284,0.001047673937212676
1150,0.0009922016722460588,0.0010488487011753023,0.001003805808381488,0.0010368611037731173
1151,0.0010222822554512984,0.0011646186839789152,0.0010018421388645138,0.0010385890527628363
1152,0.0010019925930019882,0.0010392395337112247,0.0009992245311331418,0.0010286862296052279
1153,0.001037019906927728,0.0009904448478482665,0.0009995791543585557,0.0010385086815804243
1154,0.0009834786750272744,0.0010201540193520487,0.0009991651159607703,0.0010400301437824967
1155,0.0010395591830213865,0.001007676301524043,0.0009961261582250396,0.0010378058625385167
1156,0.0010053881663932569,0.0009820706048049032,0.0009949919464170105,0.001041808021813631
1157,0.0010446989181865421,0.0011869310960173607,0.0009971451348935565,0.0010428196248598394
1158,0.0009787820362382464,0.0009875609236769378,0.0009961821320673657,0.0010438592660240828
1159,0.0009596905334749155,0.0010487952711991965,0.0009978779384452435,0.0010430289895273744
1160,0.0010161946918297972,0.00100807226030156,0.000998997564934608,0.0010469320558942855
1161,0.001020189498990981,0.001078761254902929,0.0009984969823776434,0.0010545031421817837
1162,0.00097472559608933,0.0009930836781859398,0.0010012964240430544,0.0010541964074596763
1163,0.000998134488860766,0.0010599203687161208,0.0010013562466380083,0.0010583431217819452
1164,0.0009894897429169052,0.0010025721532292665,0.0010000158962224508,0.0010523748352192343
1165,0.000982279088606851,0.001228294528555125,0.0009977185071394262,0.0010511880503036083
1166,0.0009946789851205218,0.0010274201375432312,0.0009980880465824157,0.0010505387488752604
1167,0.0009693213161598477,0.0009628684516064822,0.0009972048802870431,0.0010544957867823542
1168,0.0009865528275258839,0.001084532185923308,0.0009954989537131042,0.00107140871277079
1169,0.00103014800309514,0.0010424664919264615,0.0009948090755846353,0.0010737913412041961
1170,0.0009743220209040576,0.001044053107034415,0.0009919386157610764,0.0010695889867842197
1171,0.001007427056061311,0.0009607221535407007,0.000993569651220201,0.0010688180388882757
1172,0.0010108480522305601,0.0010958690638653934,0.0009957003466836696,0.0010865374330431222
1173,0.000980983183770958,0.0012361221411265433,0.0009933308457593538,0.001089323795493692
1174,0.0010320221089447539,0.0010538122267462313,0.0009906368106603622,0.00108465987527743
1175,0.0009936972371199064,0.0011525165592320263,0.0009905150181096461,0.0010837988304905593
1176,0.000988773495062358,0.00101541151991114,0.0009899987859547967,0.0010802971727214752
1177,0.000944557865926375,0.0010095699108205736,0.0009897618276998401,0.001081708826031536
1178,0.001046258393002467,0.0009742123121395707,0.0009914895610159472,0.0010807436687871816
1179,0.000961399517642955,0.0011190799670293928,0.0009912939003151324,0.001079067948460579
1180,0.0009969110186729166,0.0014304994512349368,0.00099183256705809,0.0010792684126645325
1181,0.000988141213181532,0.0010416363156400621,0.0009904301398226784,0.0010781341241672632
1182,0.0009729374225975739,0.001081872235517949,0.0009874565339957676,0.0010756084293127059
1183,0.001019557922716356,0.0009682872262783349,0.000988019107727127,0.0010725202671252193
1184,0.0010129579200616314,0.0014917801250703632,0.0009889056958051192,0.001079162043798715
1185,0.0009569571687219043,0.001077731321565807,0.0009885455725404124,0.001073290133383125
1186,0.0009528386215161946,0.0009621632494963705,0.000986870548206692,0.0010633861851878465
1187,0.0009716807823214267,0.0009715575585141778,0.0009835086637642236,0.0010594807967543604
1188,0.0009852286849895285,0.0009723789244890213,0.000981628877002125,0.0010518249395303429
1189,0.0009835657865429918,0.001037863485980779,0.0009828005767479125,0.001065209462866187
1190,0.0010254724215095243,0.001204165597446263,0.0009841634866729792,0.0010663660004734993
1191,0.000989787467600157,0.0009855271293781698,0.0009814599486326593,0.0010675125480629503
1192,0.0009827879847337801,0.0009678800567053258,0.0009833094354253264,0.0010755596581846476
1193,0.0009514921466406021,0.0010561749734915792,0.0009809885019591699,0.0010583379562012852
1194,0.0009558078574223651,0.0009793241205625237,0.0009788393567574936,0.001054631040338427
1195,0.0009883863641880453,0.0009668490523472428,0.0009774256638096024,0.0010495062571950257
1196,0.001029591758011116,0.001126766570378095,0.0009748907956346456,0.0010527252276428044
1197,0.0010018449706128902,0.0009490713034756482,0.0009743205049333887,0.0010420652495697139
1198,0.0009391075754279478,0.0009885234362445772,0.000973083308349467,0.0010380606614984575
1199,0.0009479749978830417,0.0009561775159090758,0.0009741457924557228,0.0010384172588586808
1200,0.0009467025680674447,0.0009611201286315918,0.0009740458327345549,0.001038456183113158
1201,0.0010180659887070458,0.001350024603307247,0.0009714271476699246,0.0010412425975315272
1202,0.000978630614053044,0.0010384833510033787,0.0009711379704169102,0.0010395502733998002
1203,0.000978669941994465,0.0010028760018758476,0.000968188202701923,0.0010425772476941348
1204,0.001007636687459631,0.0013202577200718225,0.0009670891380454931,0.0010411052893847226
1205,0.0009388876820190086,0.000999956901650876,0.0009662185897740224,0.0010413869077339768
1206,0.0009344125831396216,0.0009489634190686047,0.0009666067651007324,0.0010473599035292864
1207,0.0009375950989002983,0.0009537526569329203,0.0009673618481753187,0.0010467344794422386
1208,0.0009561862183424334,0.0010487614874728024,0.0009670169454844048,0.001048158952128142
1209,0.00099870065253021,0.0012252806732431054,0.0009638555460350795,0.001043141312804073
1210,0.0009260272541238616,0.000977616619784385,0.0009621349421174575,0.0010482681832276284
1211,0.0009794007241725922,0.0009710781835019589,0.0009627132747736241,0.0010498962151817978
1212,0.0009691817892922295,0.0009725306648761034,0.0009647038040941373,0.0010571441252715886
1213,0.0009197615583737692,0.0010420392849482597,0.0009640645465244434,0.0010576655995100737
1214,0.000976336355217629,0.0009955553826875984,0.0009606150589521146,0.001044070635829121
1215,0.0009517282286348442,0.001279839954804629,0.0009603128728560274,0.0010453266421332956
1216,0.0009623108511894113,0.0009487281716428698,0.0009579973997755184,0.0010456385469064119
1217,0.0009610242779470152,0.0009749205154366791,0.0009554270145483315,0.0010297951363027098
1218,0.0009611965298083507,0.0012054998683743178,0.0009568642862348094,0.0010287446476519107
1219,0.0009746849342870215,0.0009636885183863342,0.0009574299246486692,0.0010307444078847766
1220,0.0009797637969151966,0.0010024608694948257,0.0009580795044389866,0.0010304034219123424
1221,0.0009505567717779842,0.0010013255872763694,0.0009564327035151009,0.0010276272476650774
1222,0.0009588298726723426,0.0010772430640645326,0.000953352097903068,0.0010167148688808084
1223,0.0009535658918321132,0.001029224235098809,0.0009563607817412251,0.0010184384523890912
1224,0.0009977382308958718,0.0011373752681538463,0.0009571435393455128,0.0010204942817799744
1225,0.0009307211288250983,0.0009741569845937193,0.0009573417463857267,0.0010189057493582366
1226,0.000931828799398823,0.0010101505112834275,0.0009574316036990947,0.0010144457397982477
1227,0.0009710759616508666,0.001069883508607745,0.0009544795081433325,0.0010112932452932
1228,0.0009207831149817341,0.0010106736212037505,0.0009555117860953841,0.0009972174695692959
1229,0.0009433770567799607,0.0009241724549792707,0.0009548358039309583,0.000999240880366415
1230,0.0009748194741809533,0.0009736946853809059,0.0009539010563399642,0.0009980415330268443
1231,0.000948553543486115,0.00099895742489025,0.0009518978035284414,0.0009916939600370825
1232,0.000953834593658232,0.0009452280076220631,0.0009510265856774318,0.0009944232407957316
1233,0.0009150161952452942,0.0009793571312911808,0.0009484947045644125,0.0009970735673792662
1234,0.0009216855122293863,0.000952471203636378,0.0009476423723312717,0.0009937775406055154
1235,0.0010012443500777913,0.0010207062074914575,0.0009487827981511753,0.0009870616781525313
1236,0.0009989696642797854,0.001022473918274045,0.0009489685461856425,0.0009834204296581446
1237,0.0009741369652975765,0.0009328173543326556,0.0009468714382447716,0.0009780574377626179
1238,0.0009220079912079705,0.0009305390459485352,0.0009457970389009764,0.0009761394121684133
1239,0.0009025339663235678,0.0009167430200614035,0.0009465907070527061,0.0009732500773854552
1240,0.0009775351774361399,0.0009279455617070198,0.0009443665611712885,0.0009703087154775856
1241,0.0009454112970787618,0.0009993134415708482,0.000944155409688958,0.0009668213808909058
1242,0.0009376555881721692,0.0009449368319474161,0.0009429568484580767,0.000970867066271603
1243,0.0009111152095202771,0.001046810543630272,0.0009407407351821249,0.0009734357999637722
1244,0.0009529044880117807,0.001031920537352562,0.0009393945635296407,0.0009726056776940823
1245,0.0009164667690897153,0.0010687190340831875,0.0009395973268068503,0.0009772835976444186
1246,0.0009292484659494625,0.0009189249179325998,0.0009412141542571289,0.0009754696177318694
1247,0.000987340518169933,0.0009093465027399362,0.0009404339440684355,0.0009765501238405706
1248,0.0009582095926937957,0.0009381930227391422,0.0009372638145772121,0.0009735454662702979
1249,0.0009453105323741005,0.00100330047076568,0.0009329546273168592,0.0009692151571623983
1250,0.0009038611452302171,0.0009262063447386026,0.0009304273716277548,0.0009682449166662991
1251,0.0009516705031920638,0.0009379171417094768,0.0009310406582688706,0.0009672447701916098
1252,0.0009154723146154235,0.0009963494609110056,0.0009320578422035194,0.0009663472169078886
1253,0.0009155043279234734,0.000923490256536752,0.0009293341248244461,0.0009670074727386236
1254,0.0009134130260079271,0.001025314589496702,0.0009283992590641396,0.0009656010324135422
1255,0.0009194166422821582,0.0010379130276851356,0.0009290163226011727,0.0009643815434072167
1256,0.0009148992521740082,0.000978204368147999,0.0009318303149710927,0.0009590867914725095
1257,0.0009589036755884687,0.0010621760063804686,0.0009285638325537244,0.0009546204155776649
1258,0.0009554368815022624,0.0009340076334774495,0.0009282941832207144,0.0009478089258074761
1259,0.0009021802575120496,0.0009794838563539088,0.0009274330965243279,0.0009502516757696868
1260,0.0009219911127972106,0.0009455897682346403,0.0009254478623676631,0.0009652340290136635
1261,0.0008912399827709629,0.0009142161905765534,0.0009247238621219165,0.000967435656581074
1262,0.0009109555730699664,0.0009085613419301808,0.0009233836417914265,0.00096438069595024
1263,0.0009373401572358691,0.000905535384081304,0.0009220065145856804,0.0009634608833119274
1264,0.0009279635646897886,0.0008943041879683734,0.0009207441879009518,0.0009642115985043347
1265,0.0009094422429593073,0.000944451957475394,0.0009219388491098977,0.0009633268603123725
1266,0.0009220396530710989,0.0009641524334438145,0.0009218033335003485,0.0009639101399108767
1267,0.0009530821765979958,0.000914449606789276,0.0009206916660626627,0.0009779355876147746
1268,0.0009814650187682775,0.0009144417452625931,0.0009203522090631953,0.0009719066610559821
1269,0.0008712424275775751,0.0009202611399814487,0.0009229023573286316,0.0009753169748932124
1270,0.0009097255357644624,0.0008984317898284643,0.0009210208419180063,0.000977500865329057
1271,0.0009077212985398041,0.0009799936669878662,0.0009214443375395302,0.0009973364586010574
1272,0.000937709664253311,0.0012839053338393569,0.0009226101974374616,0.0009952675291337073
1273,0.0009401095865501298,0.0009932337119244038,0.0009214035725052884,0.0009949645809829235
1274,0.0009118050241118504,0.0009269264549948275,0.0009228556577879419,0.0009940654339734465
1275,0.0008694329650865661,0.0009032110287807882,0.0009236118572388983,0.0009957241189200432
1276,0.0009201123360738469,0.0009566850215196609,0.0009239164430014271,0.0009951006731949747
1277,0.0009453388448390696,0.0009742310061119497,0.0009212493151827299,0.000997300458420068
1278,0.0009121164376847446,0.0009380722464993596,0.0009194444542737779,0.0009955581796355546
1279,0.0008856213400657806,0.0013759507820941509,0.0009183358121960837,0.0009924963975790886
1280,0.0009109302172954711,0.0008871898637153209,0.000914385995598665,0.0009913498596753926
1281,0.0009786529588099156,0.0010634622140787541,0.0009096483012544923,0.0009979466746095568
1282,0.0009118657903228369,0.0011167732672765851,0.0009107485296916112,0.0009986067596357315
1283,0.0009660242720403605,0.0014298974652774631,0.0009102084780202454,0.0010009408049285412
1284,0.0009313267549603349,0.0009277606196701527,0.0009090110565626268,0.000998019522987306
1285,0.00089182548949288,0.0009380160644650459,0.0009063373372049277,0.0009864872033707797
1286,0.000927542114837302,0.0008917375153396278,0.0009036317538043174,0.000984507975447923
1287,0.0009298605593438778,0.0009500284655950963,0.0009017529772478158,0.000991974075511098
1288,0.0009449548012990919,0.0008899492409545928,0.0009022411550278776,0.000999466881621629
1289,0.0008612853692223628,0.0009492988185957074,0.0009018782732076944,0.0010038209930062294
1290,0.0008643207202355067,0.0009008949878625571,0.0008990765707463855,0.001002297026477754
1291,0.0008943236011287405,0.0008876078820321709,0.0008987212812786715,0.0010043295750394462
1292,0.0008543367616625296,0.0008857861591968685,0.0008979954346341805,0.000990025635063648
1293,0.0008630226601639556,0.0010793621186167002,0.0008966122755625596,0.0009947551215067504
1294,0.0008987481385055515,0.0009367632656358182,0.0008936397962168688,0.001001961236167699
1295,0.0008962242439803149,0.0009567829221487045,0.0008918612716202107,0.001001221292838454
1296,0.0008777857620993423,0.0009069616184569896,0.0008883283182875149,0.0009857163874432446
1297,0.0008708666803108322,0.0009955973434261978,0.0008864628848205837,0.0009984819958917797
1298,0.0008724700015348693,0.0009437530138529837,0.0008851015058553052,0.0010024410981684922
1299,0.0008648356101993058,0.0011135789565742016,0.0008823984815118214,0.0010068931431975216
1300,0.0008816374095881151,0.0010905311815440654,0.0008816622126640544,0.0010084819335024803
1301,0.0009110402905692657,0.001065537806134671,0.0008790954675214985,0.0010102899028453976
1302,0.000875296283306347,0.0009361318429000675,0.0008791364444885404,0.0010066982798743994
1303,0.0009032342009918971,0.0009888859605416656,0.0008802443934966708,0.0010187825593631714
1304,0.0008674751739535067,0.0010183522826991975,0.0008801568895112724,0.0010278290203772486
1305,0.0008763512405049469,0.00100542702479288,0.0008803517740995934,0.0010276921371463687
1306,0.0009043409751676437,0.001243615080602467,0.0008798923769810547,0.001019318884331733
1307,0.0008674026754063865,0.0010982746840454637,0.0008785527312196793,0.0010160702656023205
1308,0.0008777004387229681,0.0010422748303972184,0.0008782110460309519,0.0010130331260152163
1309,0.0008846909182870554,0.0012469008308835328,0.0008778349653507274,0.001014096072409302
1310,0.0008577910153609183,0.0010369936213828624,0.0008781131810612149,0.001008529594866559
1311,0.0008599665062502027,0.0010030386410653592,0.0008785940521086256,0.0010100300556514412
1312,0.0009114538381497065,0.0009897482232190669,0.0008790120628558928,0.0010028695551212877
1313,0.0008807861727351944,0.000935148474527523,0.0008780612088843353,0.0010033980011474343
1314,0.0008623097933984051,0.0008595082443207502,0.00087714457568816,0.0009956154359970241
1315,0.0008920194454387658,0.001203001975081861,0.0008759237854534552,0.0009966197737958282
1316,0.0008921360014937818,0.0011137694073840975,0.000876841916490553,0.000996669647609815
1317,0.0008592088763705559,0.0008823640784248709,0.0008761579939836842,0.0009977094541769474
1318,0.0008515377322004901,0.0008700307982508094,0.0008769453465472905,0.0009931923450436444
1319,0.0008652569944711609,0.0008555477974005044,0.0008749224606177044,0.0009770199656020852
1320,0.0008876821142621338,0.0008808544324710965,0.0008737814092284275,0.0009710683193523439
1321,0.0008683837450937264,0.0009335352783091367,0.0008719284904913769,0.000976951301516965
1322,0.0008778220730730229,0.0008564354048576206,0.0008707434376908674,0.000960214674146846
1323,0.0008844917777201368,0.0009812645334750414,0.000869905152425377,0.0009545493579003961
1324,0.0008752858788809842,0.0009345664433203638,0.0008691723281155445,0.000948292070487514
1325,0.000857866060299178,0.0011037423321977257,0.00086612695469521,0.0009428931489121168
1326,0.0008881244606648882,0.0008709736773744225,0.0008660345227923245,0.0009457242040894925
1327,0.0008447765274387267,0.0009612402878701687,0.0008650889555199278,0.0009463536997791379
1328,0.0009261874769193431,0.000990132805891335,0.0008629284396664136,0.0009323145364876835
1329,0.0008503771112817857,0.0010443474468775093,0.0008604139466356073,0.0009280503852758557
1330,0.0008960350545951062,0.0008924992964603007,0.0008613546359663208,0.0009278466836083681
1331,0.0008537688269279897,0.0008393055945634842,0.0008601839091214869,0.0009277510947547853
1332,0.000838876390674462,0.000949483527801931,0.0008596987071912734,0.0009375721680931747
1333,0.0008313774702967041,0.0011893493845127523,0.000858901787885568,0.00093624975704588
1334,0.0008550645982743138,0.0008284851466305554,0.0008563930996021049,0.0009323749776929618
1335,0.000836833883723658,0.0008953607152216137,0.0008542191318805431,0.0009308215795550495
1336,0.0008416458985043896,0.0008466064557433128,0.0008524115223385807,0.0009290698046330362
1337,0.0008353195026413434,0.0008547751838341355,0.0008515439573416691,0.0009365145149175078
1338,0.0008784753751630585,0.0010059248539619147,0.0008523695864145539,0.0009256720715668052
1339,0.0008386706115884913,0.0008752456365618854,0.0008511914118037869,0.0009274359202478082
1340,0.0008380065491009089,0.0008520228927955031,0.0008509486368391663,0.0009222025814000518
1341,0.0008292736757236223,0.0010071656270883977,0.0008460926517378539,0.0009194975280668587
1342,0.0008827261096383963,0.0008772715367376804,0.0008462496116446953,0.0009116292582359165
1343,0.0008222695610796412,0.0008676410769112408,0.0008424805992075967,0.000908803845848888
1344,0.0008531269462158283,0.0011010746308602393,0.0008408842633685305,0.0009217304343357681
1345,0.0008677591316194998,0.0008477941562887281,0.0008398082543474933,0.0009216456796973945
1346,0.0008056665380071435,0.00083666579448618,0.000841132587960197,0.0009086560421623292
1347,0.0008234728800339831,0.0008176004514098168,0.0008397231250483958,0.0009078822289127857
1348,0.0008393015391710732,0.0009374701604247094,0.0008412119268853633,0.000905338744353503
1349,0.0008535967539581988,0.0011206842004321516,0.0008404027157256172,0.0009042892049066722
1350,0.0008785067871212959,0.0008326812484301627,0.0008388049370919664,0.0009040472553111612
1351,0.0008586700953957107,0.0009150698943994939,0.0008382737121130857,0.0009050193096511065
1352,0.00083870715332321,0.0008304068166762591,0.000838121896288875,0.000903454608330503
1353,0.0008047878493865331,0.0009225064725615084,0.0008363343338275122,0.0009014825538266449
1354,0.0008543011089528187,0.0008476407011039555,0.0008368200901585321,0.0008932258744724095
1355,0.0008018097436676422,0.0008218639867845922,0.0008330458652383337,0.0008898215337190777
1356,0.0008138604309513337,0.0011624703067354858,0.0008323375638936543,0.0008907570924144238
1357,0.000811976165148533,0.0009473646618425847,0.0008320345110104728,0.0008845178280491383
1358,0.0008644858106142945,0.000864608446136117,0.0008299133558602382,0.0008848368644248695
1359,0.0008198280254792836,0.0008091398153919726,0.000831838775317495,0.000886886540800333
1360,0.0008740539296478447,0.0008317736012395471,0.0008314815051387997,0.0008885385205503553
1361,0.0008214156195107433,0.0008203679695725441,0.0008305336038323326,0.0008927138861734422
1362,0.0007953750368000733,0.0008487264439463615,0.0008292941342573613,0.0008820951355155558
1363,0.0008651947506910397,0.0010302262124605476,0.0008276364149887942,0.0008811549484729769
1364,0.0008348752159832252,0.0008361281035467982,0.0008248522637256732,0.0008782805127091707
1365,0.0007933174875668353,0.000802721530199051,0.0008234941330065744,0.0008789686641655864
1366,0.0008414175839991206,0.0008007486432325095,0.0008221766593814311,0.0008773180973250421
1367,0.0007883704866334382,0.0007921630179043859,0.0008208236934203241,0.0008779326368588954
1368,0.0008045620274626546,0.0008910300442948937,0.0008201789896210862,0.0008818713507149368
1369,0.0008455506241362956,0.0009450930217280984,0.0008211610924038622,0.0008669163076207042
1370,0.0008147302528636323,0.0008557700656820088,0.0008198974141747587,0.0008614561950322241
1371,0.0008538020244385633,0.00088790770387277,0.00081650820793584,0.0008607116645667701
1372,0.0008145411255665951,0.000858899945160374,0.0008159727847514053,0.0008602458598092197
1373,0.0008156040065094,0.0010418543010018767,0.00081274881922226,0.0008595573949627578
1374,0.0008226100145839154,0.0008552154339849948,0.0008124636441107012,0.0008602485446259378
1375,0.0008370638054071201,0.0008091765723656863,0.0008138598470482975,0.0008589916662778704
1376,0.0007890663138176832,0.0008432090003043413,0.0008101383076101128,0.0008492475389968603
1377,0.0008047538853457405,0.0008476106030866503,0.0008072109527937653,0.0008497760012280194
1378,0.0007718510087579488,0.0008812423015478999,0.0008070625289291558,0.000848623442975804
1379,0.0008204769599251449,0.0008630041894502938,0.0008049742196324385,0.0008479875164572149
1380,0.0007856921486866971,0.0009203318331856281,0.0008038382715131674,0.0008497863629832864
1381,0.0008384130005207326,0.0007885942293796688,0.0008030467802865637,0.0008466152762062847
1382,0.0007803842094209459,0.0008108618471305818,0.000801514465154873,0.0008436405094340442
1383,0.0007797556546413236,0.0008459951844997704,0.000798594712652266,0.0008425528106745331
1384,0.0008064424458684193,0.0007974946964532137,0.0007955376179009262,0.0008393461447674782
1385,0.000793454791419208,0.0008145619800779968,0.0007934575441759079,0.0008369694399181754
1386,0.0008142862417217758,0.0008376467111520469,0.0007908462645951659,0.0008263545390218496
1387,0.0008302801102399826,0.0008173044852446765,0.0007885020236329485,0.0008313545571640135
1388,0.0007721562647364206,0.0007866230304352939,0.0007858373518257091,0.0008348534877877684
1389,0.0007616913455745412,0.0008493396593257785,0.0007844494151520644,0.0008431731641758231
1390,0.0007896068909515937,0.0007739075738936663,0.0007834525539591494,0.0008394204574637113
1391,0.0007892098515811894,0.000784850480267778,0.0007827192236410659,0.0008350084990728647
1392,0.0007599717836516599,0.0008371341810561717,0.000780921809752989,0.0008331530069466681
1393,0.000784774746797565,0.0008117528748698532,0.000780345178887041,0.0008268518013879656
1394,0.0008072427458440264,0.0008707238524220884,0.0007813430677633734,0.0008266092307399959
1395,0.000741736440298458,0.0008285775966942311,0.0007813636091589513,0.0008240138130728154
1396,0.0007773746556550678,0.0008077410561963916,0.0007808295578540614,0.0008227039137855172
1397,0.0007625392824411392,0.0007994823239278048,0.0007779370786259986,0.0008228565300349147
1398,0.0007503220169908471,0.000776481778593734,0.0007767802894581109,0.0008231258404906839
1399,0.0007640039905284842,0.0009802158875390887,0.0007753553983186268,0.000821094609471038
1400,0.0007704470102261338,0.0008966498379595578,0.0007719438278995869,0.0008317098558880387
1401,0.0007543678969765703,0.0010512009100057185,0.0007718153288225748,0.0008318705164361744
1402,0.0007798323555228611,0.0007537929352838546,0.0007718310952186584,0.0008317912152502685
1403,0.0007535177508058647,0.0007709433417767286,0.0007696885496481425,0.000831729844911024
1404,0.0007755416127232214,0.0008166168862953782,0.0007689077253712134,0.0008311912354547531
1405,0.0007712763770379954,0.0007628016942180693,0.000767166777767448,0.0008347727754618972
1406,0.0008633602224290371,0.0007825299631804228,0.0007658329779540912,0.000832300847535953
1407,0.0007808977443103989,0.0007459764054510743,0.0007631713696082847,0.0008295881832484157
1408,0.0007664043720190724,0.0008132477023173124,0.0007626608200629966,0.0008265906405169519
1409,0.0007341304651668502,0.0008013101026881486,0.0007611252318239874,0.0008296777409967037
1410,0.0007645350622220171,0.0008212947414722294,0.0007619206472713915,0.0008293060761410744
1411,0.000778663963234673,0.0007868659356608987,0.0007619877666390192,0.0008296675377991051
1412,0.0007449908497639829,0.0010826856456696988,0.0007605182862167973,0.0008202879327815028
1413,0.000768943787811117,0.0007906395441386848,0.0007587530702714705,0.0008144219254143537
1414,0.0007620855054766354,0.0008473571296781302,0.0007589289031871079,0.0008072616176214071
1415,0.0007360432516886956,0.0007723733154125511,0.0007570937804567318,0.0008108006667345765
1416,0.0007696892446579619,0.0007713852438610047,0.00075562699935399,0.0008165504506789148
1417,0.0007164480935575233,0.0009266726812347769,0.0007542233817745,0.0008144406405277551
1418,0.0007514297514636483,0.0007499546767212451,0.0007527888579604526,0.0008139582180883737
1419,0.0007407025371988614,0.0008029072452336549,0.0007470619317868517,0.0008139853142201902
1420,0.0007289727016662558,0.0007536390284076333,0.000744589704223391,0.0008144508341792972
1421,0.0007389849496798383,0.0008849185681901872,0.0007419470548060619,0.0008130411702208222
1422,0.0007824246686262389,0.0007901907025370747,0.0007413704058621077,0.0008141043174080552
1423,0.0007520000011815379,0.0007855183200445026,0.0007395306245682554,0.0008264493183698506
1424,0.0007272669799729353,0.0007457257620990276,0.0007370615577376964,0.0008283325395081194
1425,0.0007263166115929683,0.0007499996537808329,0.0007377911845480815,0.0008191025058273226
1426,0.000758763719867501,0.000872193215182051,0.0007368818196726754,0.0008195635955315085
1427,0.0007339542872634613,0.0008422691631130874,0.000734166711403264,0.0008199082129169255
1428,0.0007168482232373207,0.0009146879403851926,0.0007364654730591508,0.0008207737307995556
1429,0.0007404511732359727,0.0007638716325163842,0.000733103226368419,0.0008216167643666268
1430,0.000735413281686811,0.0007507411332335324,0.0007321629373977583,0.0008164339093025773
1431,0.000720187068089015,0.0007832073664758354,0.0007303398649932609,0.0008156592267099767
1432,0.0007190920552238822,0.0007576144044287502,0.0007293179965888461,0.0008127212772611527
1433,0.0007003381365858432,0.0007780061033554375,0.0007284713674026233,0.0008109268557280301
1434,0.0007197142415679991,0.0008278887823689729,0.0007263100395082601,0.0008070181771647184
1435,0.0007185405298757056,0.0011299197655171157,0.0007221970257452794,0.000807374043483287
1436,0.0007169372924707002,0.0008339464641176164,0.000719240633941566,0.0008037583999335764
1437,0.0007632315200236108,0.0008519348036497832,0.0007183937966875319,0.0008015232076868413
1438,0.0007462096659259663,0.000802166786743328,0.0007174328274973151,0.0008025372975971548
1439,0.000694207798741344,0.0008559725643135607,0.0007156923881162787,0.0007970833281520753
1440,0.0007935122930858698,0.0007940112624783068,0.0007143462083095478,0.0007926848595496266
1441,0.0006856330773896641,0.0007924610830377787,0.000714353290753853,0.0007896622257772832
1442,0.0006929408692910025,0.0007971013046335429,0.0007130205433608758,0.0007874604488257317
1443,0.0007058529413512183,0.0007305876119062304,0.000712043722672388,0.0007898721747566013
1444,0.0007151558270884885,0.0007294585090130567,0.0007102995110623953,0.0007899858248420059
1445,0.0007078069720106821,0.0007087784900795668,0.000710943833174598,0.0007884153344668447
1446,0.0006849517523207598,0.0007872016041073948,0.0007107873470625944,0.0007877761285752058
1447,0.0006795993245517215,0.0007990873605012894,0.0007095041539675245,0.0007842179542873056
1448,0.0006780902060887052,0.0006951272313017398,0.0007092146237329064,0.0007662019832059743
1449,0.0007060960486220816,0.0006898459559306502,0.000708090161713254,0.0007616310931742192
1450,0.0007022923818375502,0.0007753519015386701,0.0007046357628630682,0.0007596617981325835
1451,0.0007152527353415886,0.000735843979055062,0.0007020593274746919,0.0007570111777633431
1452,0.0007002997920951909,0.0007323074480518699,0.0007025623891554358,0.0007518716431222858
1453,0.0007170252843449513,0.0008391220960766077,0.0006982016822012762,0.0007535301275551321
1454,0.0007071324884115408,0.0007088272087275982,0.0006967988377799177,0.0007485137283802033
1455,0.0007109927644746171,0.0008110342815052718,0.0006956543965886036,0.0007466141929384323
1456,0.000676581777839197,0.0007860486186109483,0.0006951154168281291,0.0007441251003183426
1457,0.0007352001080289483,0.000718352145049721,0.0006927807543737192,0.0007447285651694985
1458,0.0006964259837857551,0.0007620259560644627,0.0006906333243991764,0.0007432994856033475
1459,0.0006876344141912543,0.0007389344251714647,0.0006903033251977629,0.0007402752947062256
1460,0.0007113022740102477,0.0006795204884838313,0.0006897899161403378,0.0007344114190898837
1461,0.000688825741979397,0.0007196742133237421,0.0006897395245523918,0.0007340992352925243
1462,0.0006768715487689607,0.0008027024276088923,0.0006878148505257236,0.0007351022730581464
1463,0.0006817987812165585,0.0007359012775123119,0.0006849123772363075,0.0007309580150060357
1464,0.0007067843407599462,0.0007274841982871294,0.0006815101936278452,0.0007312586607877167
1465,0.000684494619231878,0.0008354733732994646,0.0006801435031747032,0.000728188936552033
1466,0.0006505619668556998,0.0006670511036645621,0.0006771173120760876,0.0007210936319082977
1467,0.0006643298395081526,0.0007496129185892642,0.0006752932821115892,0.000724343982152641
1468,0.0006923784473393526,0.0006683602964039892,0.0006728846712063789,0.0007175513120368124
1469,0.0006567892657282451,0.0007445451302919537,0.0006716223882226686,0.0007125178699847311
1470,0.000654121222647114,0.0006730515009257943,0.0006676225046653093,0.0007095568090677262
1471,0.0006767017722854184,0.0007115968316793442,0.0006650044729286391,0.0007084414006676525
1472,0.0006667640981160932,0.0006524904700927436,0.0006631499193841591,0.0007102612870279699
1473,0.0006768304163900515,0.0006873226363677532,0.0006605955709004775,0.000709285832941532
1474,0.0006579791979553799,0.0007149219000712037,0.0006576813070439838,0.0007073033045046029
1475,0.0006297305496021484,0.0006717454502359033,0.0006572269514849824,0.000701128032663837
1476,0.0006301981451300283,0.0007433601235970855,0.0006553919755983063,0.0006981025207787751
1477,0.0006661325307666427,0.0006555643421597779,0.0006528973789083669,0.0006945605721790342
1478,0.0006413705068795631,0.0006617394799832254,0.0006508565934349058,0.0006870761866215615
1479,0.0006615317392990821,0.0007900859648361802,0.0006502122493693605,0.0006854013511911034
1480,0.0006507774918443627,0.0006412175286095589,0.0006487400650279597,0.0006805897472891957
1481,0.0006450247032464379,0.0006602125673089176,0.0006454818561543815,0.0006962182649411261
1482,0.0006352030190949639,0.0006443256221245975,0.0006455705162887979,0.0006924395322799682
1483,0.0006309751903689984,0.0007341407460626215,0.0006448466405712275,0.0006901496563572437
1484,0.0006412705755792558,0.0007844315841794014,0.00064289168325615,0.0006930128927808256
1485,0.0006474435619182057,0.0006551341363228857,0.0006420729106059298,0.0006920686907600612
1486,0.0006159691455670529,0.0006701110024005174,0.0006387297173522206,0.000691322046564892
1487,0.0006655126597939266,0.0006483206315897405,0.0006375561104026726,0.0006886091319844128
1488,0.0006359243840496574,0.0006602634803857655,0.0006364888043401556,0.000688653753558174
1489,0.0006444194235114588,0.0006389354832936078,0.0006354994661433416,0.0006874426213093102
1490,0.0006334749823953543,0.000648363734362647,0.0006330276795404239,0.000687297792872414
1491,0.0006344533652170664,0.0006251802179031074,0.0006319787941355671,0.0006846815588884056
1492,0.0006275252309731311,0.0006293228210415691,0.0006286554015965925,0.0006775808356702329
1493,0.0006109232254998965,0.0010590732377022505,0.0006256722625551951,0.0006762992998585106
1494,0.0006590057690886574,0.0006500768137630075,0.0006240377409383654,0.0006754510643891991
1495,0.0006360243297078543,0.0006158046028576791,0.0006249075524560693,0.0006812983702868224
1496,0.0006278278394084838,0.0007831777422688902,0.0006228454825416621,0.0006792686034925282
1497,0.000646294781860585,0.0006288854195736349,0.0006203243840744513,0.0006750268822535874
1498,0.0005932505850473212,0.0006686565314885229,0.0006204147443227056,0.0006747498727403583
1499,0.0006286390242166817,0.0006470990355592221,0.0006196515727322549,0.0006715387081727385
1500,0.0006030478980392218,0.0006728609895799309,0.0006167370101023052,0.0006707889512646943
1501,0.0006054646902096768,0.000713081817375496,0.0006142855858016345,0.0006695398809853941
1502,0.0006043378656937017,0.0006519436312373728,0.0006135495486203581,0.0006843919131904841
1503,0.0006151483717581464,0.0005963336303830147,0.0006126838799928212,0.0006832249822095036
1504,0.000578446925824715,0.0006125678843818604,0.0006103368990381972,0.00068497333987616
1505,0.00057619901580943,0.000609179133316502,0.0006080200153247763,0.0006836820611730219
1506,0.0006041616628256937,0.0006390066805761307,0.0006080078033368206,0.000665840468974784
1507,0.0006569483070375605,0.00079050826956518,0.0006039443255143448,0.0006673115330282598
1508,0.0005794234425088184,0.0006833965762052685,0.0006009357416743621,0.0006660343647934497
1509,0.0005782431138989826,0.0006783885532058775,0.0005988472908580057,0.0006585346336010844
1510,0.0006497025681245658,0.0006482088984921575,0.0005950502517736621,0.0006606970795430243
1511,0.0005968898558057845,0.0005898318882100284,0.0005948721155989917,0.0006570217051543295
1512,0.0005926485940451837,0.000629576708888635,0.0005931309159896856,0.0006542218171060084
1513,0.0005746387765328917,0.0006290367234032601,0.0005911481102566339,0.0006535350713413208
1514,0.0006260184939795485,0.001010236288420856,0.0005897422461149593,0.0006510780620854348
1515,0.0006118332667069303,0.000619190459838137,0.0005886136136121219,0.0006495045248884708
1516,0.0005757788413514694,0.0006688891595695168,0.0005860759246266549,0.000648450260842219
1517,0.0005696031381376088,0.0005970408534631133,0.0005870274550126243,0.0006472968836314977
1518,0.0006106179258010039,0.000613033432746306,0.0005860331451054662,0.0006518197499215604
1519,0.0005574188235267582,0.000686853415099904,0.000583802487468347,0.0006492838238365949
1520,0.0005608097337082856,0.0005838753969874233,0.0005802531158292873,0.0006395600575953722
1521,0.0005756165689995719,0.000595684462459758,0.0005801629798021169,0.0006341772619634868
1522,0.0005513688047519989,0.0006829465681221336,0.0005785116150354348,0.0006289919015485794
1523,0.000588797180680558,0.0005767721717711539,0.000573436690747945,0.00062564282650128
1524,0.0005851090339840286,0.0005771018343511969,0.0005714350478206244,0.0006276436324231326
1525,0.0005534777547129327,0.0006556923454627395,0.0005694719677377078,0.0006258823223877698
1526,0.0005703180866678142,0.0006516565859783441,0.0005688375156786707,0.0006241221206728369
1527,0.0005761220531227688,0.0006126052013132722,0.0005661407799666954,0.0006152382445987314
1528,0.0005517061471214725,0.0005699770292267204,0.0005641493469062778,0.0006126479160506278
1529,0.0006022351854739503,0.0005837334541138262,0.0005638918349208931,0.0006073582118842751
1530,0.0005513412681304746,0.0007222507905680686,0.0005627587997716749,0.0006074381706770509
1531,0.0005483952218977114,0.0005756085284519941,0.0005591639643431538,0.0006056421503890305
1532,0.0005682140160610692,0.0005474141135346144,0.0005579790273888244,0.0005992991428822279
1533,0.0005771700418295546,0.0005488266854081303,0.0005572035593963747,0.0006020619582384826
1534,0.0005369589947319279,0.0005487545428331941,0.0005551334026217876,0.0006004371436778457
1535,0.0005228294609373229,0.0005644820223096759,0.000554384629568085,0.000597601343644783
1536,0.0005468487826227727,0.0006398520362563431,0.0005511865272031475,0.0005992326078936459
1537,0.00054357159197227,0.000585543958004564,0.0005491050118528719,0.0005980654281098396
1538,0.0005587774750569628,0.0005850316805299372,0.0005480288202512181,0.0005938407770358026
1539,0.0005586001011801677,0.0007881393865682185,0.0005472345375455915,0.0006048195749986917
1540,0.000562047440196491,0.0005544322461355478,0.0005455450328687827,0.0006007100744638592
1541,0.0005693410417168505,0.000536646555410698,0.0005438251922476209,0.0005986398949287831
1542,0.0005412772594071511,0.0005990398232825101,0.0005394376759934755,0.0005999183356761932
1543,0.0005207470400879781,0.0005681329255457967,0.0005382214287451157,0.0005921897725667803
1544,0.0005277953996685231,0.000528278227429837,0.0005366471643973556,0.0005919341863133012
1545,0.0005414230338970406,0.0006529457808937877,0.0005361106408294289,0.0005907999383285642
1546,0.0005238626496348944,0.000555064098443836,0.0005324616240854893,0.0005949941080529244
1547,0.0005326494784094393,0.0006120515672955662,0.0005309501519995846,0.0005929717148188502
1548,0.0005088446215571215,0.0006175537779927253,0.0005307056935297119,0.000595454820431769
1549,0.0005330711502271394,0.0005479223397560417,0.0005284901476051245,0.0005921027761884034
1550,0.0005265729646715853,0.0005500760686118156,0.000526859914056129,0.0005975886036176236
1551,0.0005504610190271503,0.000926126535050571,0.0005242597078749288,0.0005946803750935942
1552,0.000533884436202546,0.0005098676879424602,0.0005207926642304908,0.000583052054233849
1553,0.0005087101315924277,0.0005182225408498198,0.0005179087219294161,0.0005814063620753585
1554,0.0004925472791203194,0.0006156944727990776,0.0005148701243102551,0.0005805104391183703
1555,0.0005209350869214783,0.0005290367128327489,0.0005123793604162832,0.0005768145880196243
1556,0.000509038613203706,0.000569218872115016,0.0005113029704067027,0.0005764504184480756
1557,0.0005548009268629054,0.0005190579139161855,0.0005107860239584826,0.000579505212744698
1558,0.00048594462323105995,0.000653680928517133,0.000508186527636523,0.0005799981249030679
1559,0.0004991721925843093,0.0004981947119813413,0.000506843995473658,0.000577626921935007
1560,0.000516717999190506,0.0006265596626326441,0.0005044749152587933,0.0005730237709823995
1561,0.0004914601345080882,0.000556050930172205,0.0005033381917565647,0.0005678621735423803
1562,0.0005028157532473819,0.000722689643735066,0.0005010300484744626,0.0005652915769722312
1563,0.0004937723205269625,0.0005123259674292058,0.0004992072893720534,0.0005624492118600755
1564,0.00047192401006921296,0.0004974313650745898,0.0004957763792326054,0.0005458220555447042
1565,0.0004899488826696244,0.0005132899421732873,0.0004937641671910469,0.0005445181617047637
1566,0.0004933761012378252,0.0005142484814859927,0.000492880273781096,0.0005423387347254903
1567,0.00047900816205785504,0.0005066435458138585,0.0004942230354735835,0.0005370358472224326
1568,0.0004938372898484684,0.0005590286862570792,0.0004911495046948807,0.0005382313065230847
1569,0.0005148717384630193,0.0006046480848453939,0.0004891711443403944,0.0005343141202814878
1570,0.0004764356258480499,0.0006652685848530382,0.00048503440909294617,0.0005329186130315065
1571,0.0004902993455632693,0.0004957840242423117,0.0004847310533591856,0.0005292402163613588
1572,0.0004734224730378224,0.0004969727934803814,0.00048281962259983025,0.0005288252776023
1573,0.00048042653400140505,0.0004885138419922441,0.0004798478048191303,0.0005253165455535054
1574,0.000475367568174584,0.00048365742550231515,0.00047802540263574986,0.000525106332404539
1575,0.0004810039871113582,0.00047901694080792367,0.00047579631923904845,0.0005171150511596351
1576,0.0004646882655409475,0.0005104476271662862,0.00047394241623890894,0.0005156703660730273
1577,0.0004835791351635837,0.00047727034194394946,0.0004738943899878197,0.0005139713237527758
1578,0.00048661279634365604,0.00046373686636798085,0.0004717680162620834,0.0005154377050232143
1579,0.0005261163214325076,0.0004831222852226347,0.00046936133009536815,0.0005136477443389595
1580,0.00044409681745390925,0.0005589231953490526,0.0004688838269535659,0.0005121272892691195
1581,0.000459579604341545,0.00047128921607509256,0.00046769042766601256,0.0005086585758253932
1582,0.00045138254567670327,0.00048417023266665636,0.0004652449456586813,0.0005066540862433612
1583,0.00047836072988704674,0.0005617210117634386,0.0004662658686930727,0.00049829276567325
1584,0.0004513864236004237,0.0004878212430048734,0.00046516149204690004,0.0004963402639608829
1585,0.00044242255467300613,0.0005388413614127785,0.0004632107182535239,0.0004987124380655588
1586,0.00044590007992357844,0.0005507956014480442,0.0004610120938340615,0.0004967831297544763
1587,0.00044708866832984817,0.000522907612612471,0.00045944239718373865,0.0005044383841799572
1588,0.00044742474552347426,0.00047620884026400745,0.0004591323156297827,0.0005124581284122542
1589,0.0004707233537919819,0.00045495530706830324,0.000458188485667213,0.0005102717761183157
1590,0.0004367895395262167,0.0005499494739342481,0.0004550336946862646,0.0005131081375991926
1591,0.00043320894706994295,0.0004694994643796235,0.00045353553433022983,0.0005127229242818431
1592,0.0004670705835127996,0.00046863216906785967,0.00044938887258112015,0.0005104752961313352
1593,0.0004640023076596359,0.0004723108501639217,0.00044812094226427793,0.0005052117287879809
1594,0.0004537346882797364,0.0005545358452945947,0.0004470108231296763,0.0005045422378694639
1595,0.0005019587017078366,0.0004562355706002563,0.0004457986601136832,0.0005028627068502828
1596,0.0004626899294089526,0.00044697148143313826,0.00044288228096492176,0.0005006457087351009
1597,0.0004246531282034185,0.0005562771460972726,0.00044172744300578624,0.0005233768073143437
1598,0.0004254609235148463,0.00044028113421518356,0.0004411563083503603,0.0005223669166909531
1599,0.0004361251519165105,0.0006750387861393392,0.00044065974893100145,0.0005165908702882007
1600,0.00047325194826246134,0.0006795105466153473,0.0004391473347864424,0.0005119656569557263
1601,0.00044109251647670236,0.00045578881981782614,0.0004371401241902883,0.0005102815722348168
1602,0.0004047093606398751,0.0005481793789658695,0.00043516298363037,0.0005110340356593952
1603,0.0004491587874427852,0.000454106533434242,0.0004334647349909775,0.0005072815040592104
1604,0.00042244977770476705,0.00042693158145993946,0.00043196305055688653,0.0005089728394988924
1605,0.00041239855953285263,0.0004273340117651969,0.0004296150616473622,0.0005083119378890843
1606,0.0004318266259765045,0.00045455194311216473,0.0004284655469417986,0.000506883969111368
1607,0.0004210784702768756,0.00044218195718713103,0.0004260080521357143,0.0005015344726853072
1608,0.00040545125116801095,0.0005062960588838905,0.00042241711305557853,0.0004992941488977522
1609,0.00042251547462203437,0.001056098707485944,0.0004192475609610685,0.0004993478793185204
1610,0.0004281441882873575,0.0005135940958280117,0.00041751564263055725,0.0004936275747604668
1611,0.0004334860944396092,0.0004063944413792342,0.00041576065184134576,0.0004916243284242228
1612,0.0004092783147158722,0.0004072772793006152,0.00041374001326556834,0.00048141884738579397
1613,0.00039724448061962097,0.00043410672224126757,0.00041156171990765466,0.0004755520517006517
1614,0.0004212948397940232,0.00047376689268276097,0.000410288930265233,0.00047263580854050815
1615,0.00039433332354140777,0.0004561361839296296,0.0004087760547796885,0.00046857037506997586
1616,0.00039566683621766665,0.0005117828503716737,0.00040728969817670685,0.00046690323515795177
1617,0.0004083708607746909,0.0004521096288226545,0.0004058147191483941,0.0004669930094620213
1618,0.0004352644400205463,0.00043661163072101773,0.00040441791574056775,0.00048215005418751383
1619,0.00039229731812762716,0.00042079843464307485,0.0004033924897718761,0.0004837422273121774
1620,0.0004121852247044444,0.00040022747591137884,0.0004026644252654579,0.00048763633086346093
1621,0.0003834511270462018,0.0004483147419523448,0.0004006949581128234,0.00048452090090140697
1622,0.0003813551699406364,0.0004132695321459323,0.00039877669586437853,0.0004600736354943365
1623,0.00038158615378455985,0.0003901999758090824,0.00039587599230257584,0.00045627495665103194
1624,0.00038560918752207526,0.0004199017601786181,0.0003934706835671224,0.0004576642950531096
1625,0.00041879461431461903,0.0005328406544867903,0.00039178976823524053,0.00046299008815549314
1626,0.000409272775416159,0.0003828827408142388,0.000393817094560816,0.00046031536657828844
1627,0.00036688747350126504,0.0004465435422025621,0.0003912952658047692,0.0004577262436971069
1628,0.000411999872368243,0.0004124280356336385,0.0003900110417718275,0.0004567475858842955
1629,0.00038557530199694967,0.00042917593906167896,0.000388623491806599,0.00045306190217379486
1630,0.0003774784743371937,0.0008062601299025119,0.000387812051578011,0.0004567183018894866
1631,0.0004061909767592119,0.000494356271228753,0.0003860853770928872,0.00045409787599928677
1632,0.0004028768576164213,0.000539534545969218,0.00038461714657799656,0.00045314220888540145
1633,0.00035621457235215025,0.00042841030983254314,0.00038256487724526477,0.00045152333367150276
1634,0.00037455891841091214,0.00044491707230918107,0.00038127403647845813,0.000448303109081462
1635,0.00035562659924228985,0.00041862712474539877,0.0003802513290843409,0.00044577447792980816
1636,0.0003733533760532737,0.00044112790143117307,0.0003786810413442759,0.000444485974102281
1637,0.0003672554314188245,0.0005404221068602055,0.0003775362287363451,0.0004457993625197559
1638,0.0004479276387590087,0.0003672386828111485,0.00037456097337417295,0.00043928381435107437
1639,0.0003582491208928534,0.0004090388206532225,0.00037399917937711697,0.00044211657249834386
1640,0.000362227722717863,0.00043166973860934375,0.0003735820000836004,0.0004401167920557782
1641,0.00036097808708695486,0.00041964075760915877,0.00037150977980086777,0.0004375249601900578
1642,0.00038808485505998963,0.0005435196217149496,0.0003692325613952965,0.00043445286129135637
1643,0.00039209757789245085,0.0003711009834660217,0.00036964667334169556,0.0004181972499005496
1644,0.00035559155525536175,0.0003969067567959428,0.0003669153625792306,0.00041241970527917146
1645,0.0003608784913861503,0.0003597555955639109,0.0003640224733182953,0.00040496749833691877
1646,0.00035118010787603757,0.0003678091272013262,0.00036320606899033816,0.000407175345835276
1647,0.0003557874850877043,0.0003500537533545867,0.00036227411529463196,0.0004030350041808561
1648,0.000342328960282935,0.0003579873801209033,0.0003623179494222212,0.00040091273563448346
1649,0.0003569888723238061,0.00045273647061549126,0.0003603208918046827,0.0003985084349988029
1650,0.0003444132302603167,0.00036995195026975127,0.00035951517492584467,0.00039399590746033947
1651,0.0003952279254897601,0.00045370169449597596,0.00035513663388426516,0.0003931305535603316
1652,0.0003564579911633498,0.00039654903113842013,0.0003534924363820917,0.0003904142895014957
1653,0.0003601943652999277,0.0003476322389906272,0.0003523499130581816,0.0003879278456559405
1654,0.00032864484185766844,0.0003523734665941447,0.0003513806456777577,0.0003854062891099602
1655,0.000387831272997169,0.00039986984513234346,0.00034861075722664175,0.00037688909920398144
1656,0.0003379082076975869,0.00034991765569429844,0.00034613073409483244,0.0003877410504966974
1657,0.00033055462609303906,0.00035322937241289766,0.0003450159968497852,0.0003909589869901538
1658,0.0003358044641532211,0.00048360649729147555,0.000343067576107569,0.0003907312981085852
1659,0.0003512600760182573,0.00034140853094868364,0.0003427356649811069,0.0003898031471297145
1660,0.0003567224524320207,0.00036557041108608245,0.0003410728439171281,0.0003890235717175528
1661,0.000323426935614811,0.00038102038553915917,0.0003396856799682913,0.0003899435797473416
1662,0.0003471125094478743,0.0004276089183986187,0.0003380273272710232,0.0003863238717895002
1663,0.0003384641127195209,0.0003456048353109509,0.0003374013508243176,0.00038566689721774314
1664,0.0003171441833385163,0.0003411322191823274,0.0003352797296790717,0.0003815602869028226
1665,0.0003336646396201104,0.0003695086424704641,0.0003331393777703246,0.00038330724088009457
1666,0.00033674640257635877,0.0003566018439596519,0.00033101458132991365,0.0003821165263419972
1667,0.0003188376437820908,0.00033058987406548113,0.0003306411587400362,0.00039141250445973137
1668,0.0003300969995972183,0.0006423997657839209,0.0003280984128282095,0.00039014304317533974
1669,0.0003277231241291803,0.0004773551691323519,0.0003267202259688121,0.00039062326883431526
1670,0.0003121679728307451,0.00035406337352469566,0.0003264096695878026,0.0003933666293974966
1671,0.00034288232971448453,0.00034460535272955894,0.0003260111753570123,0.00038985596334096043
1672,0.00031421695848823423,0.00033056436805054543,0.00032359084157894055,0.00038895366746000945
1673,0.000307649861562014,0.00038098758086562156,0.0003229196055844012,0.00038827090761624276
1674,0.00031553005489210286,0.0003622437716694549,0.0003216660939829631,0.00038656980507075785
1675,0.0003287638190926777,0.00035352758597582577,0.00032036971876190767,0.0003862552466336637
1676,0.00034218739685861187,0.00035103643662296233,0.0003202932045536322,0.0003844666983233764
1677,0.0003029491934446721,0.00044022288057021797,0.0003205649881675425,0.00038308956222608684
1678,0.0003070744542896541,0.00031786437553819267,0.0003198128434984634,0.00038155807864386594
1679,0.0003193092771107331,0.0005847729195374995,0.00031801788181376955,0.00038512165197171277
1680,0.00032426262520150176,0.00036813331302255393,0.00031728997948941677,0.0003838148968294263
1681,0.0003034535362126513,0.000361923297168687,0.00031558303948388337,0.00037132330432068563
1682,0.0003227907165678011,0.00042181338649243115,0.0003138517714804039,0.0003646497065434233
1683,0.00032584210838346433,0.00039583984587807206,0.00031341156698763375,0.0003644206803990529
1684,0.0002907517315664639,0.0003188511339249089,0.0003110667528377639,0.00036370294189546265
1685,0.0003399415525685375,0.0003485014149919152,0.0003102370793775965,0.00036379792923107746
1686,0.00029208914557885793,0.0003384928219020367,0.00031160506580619964,0.00035991329739335924
1687,0.00031470312892148893,0.0004197449574712664,0.00031157091878639115,0.00035810503573156896
1688,0.00033655125751263566,0.00030089112755376845,0.0003094636490814284,0.00035613146352116024
1689,0.0003239387736862732,0.00030670381675008685,0.0003068470976819905,0.0003543083222117276
1690,0.0003148610228931324,0.00033122155291493983,0.00030732379304245123,0.0003517206807620824
1691,0.0002918723604590115,0.0004456911771558225,0.0003067526531793798,0.0003502867555711419
1692,0.00030064008567327015,0.00029792099550832066,0.00030662714429199693,0.00033964013131335385
1693,0.00028742349945888335,0.0003301099530654028,0.0003047133480095201,0.00034161766387987886
1694,0.0002844414240421934,0.00031051522470079365,0.0003034880689345301,0.00033888812614604833
1695,0.0003011628605114917,0.0003483377199154347,0.0003007244112254638,0.00033319762435276066
1696,0.0002842619759677392,0.0003266618901398033,0.00029949480018112815,0.00032971314743626863
1697,0.00029347512198405135,0.00033293905144091693,0.0002992876759471579,0.00032835433278232816
1698,0.00034184952227709194,0.00028387178492266684,0.0002965524397454121,0.00032615766916424034
1699,0.0003146763793968906,0.00031703723012469707,0.0002959902567323297,0.0003244335202034563
1700,0.00027608207646860844,0.0003041882807156071,0.00029546641713111766,0.0003206836078315974
1701,0.00027677361187266393,0.0003054579038871452,0.00029307154670305967,0.00031982411611825235
1702,0.00031486657745618786,0.0003755318443290889,0.00029064181251451374,0.00031898930023889987
1703,0.0002927959577128705,0.0002820162457646802,0.00029005569600137985,0.0003172558931401
1704,0.00031617155492616195,0.000318607313092798,0.00029090646868312937,0.00031179161767940975
1705,0.00027641771813958056,0.00041757162718567995,0.00028923503867247044,0.00031224849913269286
1706,0.0002728215593378991,0.0002936848538229242,0.0002897720528119762,0.0003118733299197629
1707,0.00025369927384114515,0.0002795508416602388,0.00028842062855449817,0.0003110082517378032
1708,0.0002951018322750719,0.00030872792296577245,0.000286492611009938,0.0003076882193796337
1709,0.00028557362571720864,0.0002848807675763965,0.0002864125219341885,0.0003107651823665947
1710,0.0002715606475248933,0.000293584824539721,0.00028509035188730597,0.0003133485601982102
1711,0.00027803457025179845,0.0002953890978824347,0.0002827571059797062,0.0003122998971724883
1712,0.000301607138891187,0.00032599714817479255,0.00028216311796438976,0.0003217707977863029
1713,0.00027667949681118545,0.0002794038347201422,0.00028189137543474014,0.00032287978320382534
1714,0.0002631954189726255,0.00028583341976627706,0.0002817294726652715,0.00032165717729367316
1715,0.0003002081100647855,0.0002878863754449412,0.0002793304867040004,0.00031934998196084046
1716,0.0003131416775027497,0.000309084290638566,0.0002791090350992616,0.00031829325540456917
1717,0.00025885433540679515,0.0003093430318403989,0.0002765221754509387,0.00032341614128090444
1718,0.0003008488529465265,0.0003207307227421552,0.00027587589556415975,0.00031682669739238926
1719,0.0002506558176052446,0.00028888827015180143,0.00027476531098299245,0.00031586147670168433
1720,0.0002529624218974883,0.0002653369109611958,0.0002745307905942253,0.0003161956212250516
1721,0.0002822597490740009,0.00040358596481382847,0.0002726200524672296,0.0003175793052418158
1722,0.0002604208708119889,0.00039752349723130463,0.00027136562754619977,0.00031941126978490505
1723,0.00028351837458709877,0.00025765520927961916,0.0002700681382201664,0.00031749846052844084
1724,0.0002998266790139799,0.0005538097454700619,0.00026953671920281424,0.00031863286220468586
1725,0.0002692885132273659,0.0003319129161536694,0.00026823942959632003,0.0003171959877014161
1726,0.0002727260426359458,0.0002748927561333403,0.00026918978714190117,0.000316670124931261
1727,0.000254891928424412,0.0003178519610082731,0.00026866309155464276,0.0003170668347040192
1728,0.00028725966759439973,0.00025559808185789736,0.00026682352332928634,0.0003161411919631064
1729,0.0002515000637180896,0.0004466794600011781,0.0002654949156237611,0.00031820437004789716
1730,0.0002602607209701091,0.0002528355299727991,0.000264923966115263,0.0003160764371510595
1731,0.00024505694480871575,0.00026955433655530216,0.0002632314648796132,0.00031324714820366354
1732,0.00024783626412196706,0.00028790445474442095,0.00026267908758341544,0.00031155374549562113
1733,0.0002473333791001803,0.00034332002338487654,0.0002632938213368309,0.0003159224268631078
1734,0.00025421300269145935,0.0003306798811536282,0.0002628559156314522,0.0003095177601207979
1735,0.0002391234143740601,0.0002457645931281149,0.00026194550819087054,0.00030924754954176026
1736,0.0002647490948179944,0.0003237491397885606,0.0002601507476071776,0.0003085614625946619
1737,0.00026917489872883176,0.00029007528559304774,0.0002575646769145452,0.0002958604324492626
1738,0.00030043843545071367,0.0002662572654662654,0.0002571427594113629,0.00029657861025771126
1739,0.0002500280292911662,0.0002957511640852317,0.00025710236155622023,0.0002954090819112026
1740,0.0002542189044308745,0.00026474530692212285,0.0002574539241070549,0.0002979181500268169
1741,0.00027992648486461905,0.0003606637427583337,0.00025540257255132824,0.00030846672801999376
1742,0.0002445805976943423,0.0002561447094194591,0.0002559579861945369,0.000301776630722452
1743,0.00025853632205528106,0.00024999849905725567,0.0002544907473389887,0.0003008183979778551
1744,0.00023684638520030097,0.00024655320245074106,0.00025412712613534597,0.00030060141953872516
1745,0.00026833076573287446,0.0003745539451483637,0.0002541821114149773,0.00029816987448139115
1746,0.00027131210643953336,0.00024346929625608028,0.0002541279046770392,0.0002952883053687401
1747,0.00023766068479744718,0.000390768232755363,0.00025480370491277426,0.0002977193270460703
1748,0.0002386493599947749,0.0002405030356021598,0.00025491405804124143,0.000317109843029175
1749,0.00023517491169817124,0.00023628399183508008,0.0002551596206250704,0.000317991850420367
1750,0.00025874057564780946,0.00034986736136488616,0.0002529875565242643,0.0003160557068069465
1751,0.000271716096257377,0.0002456545474706218,0.0002503670578589663,0.0003175215760129503
1752,0.00026368099219527925,0.00038057866389863194,0.00025003222580740437,0.00031641451749019316
1753,0.00023597587870123485,0.0005193125316873192,0.0002495946271150994,0.00031487541282549487
1754,0.0002653854047983057,0.00027942702756263317,0.0002478205995129732,0.0003098623628029599
1755,0.00022357974958140404,0.00022887971135787666,0.00024731581097132423,0.00030854318942874666
1756,0.00023596641471764694,0.0002641298755770549,0.00024599467610759247,0.00031073499023914324
1757,0.00024921089611274914,0.0002271158283110708,0.00024705314619285573,0.00031016231855610375
1758,0.00024597821065172967,0.0002712807955686003,0.0002454921911431787,0.0003052497915341518
1759,0.00027110800858483547,0.00039145542308688164,0.00024375714587125306,0.00030457864272175354
1760,0.00024188224258573932,0.0007305274927057326,0.00024396315289713024,0.0002979014833574184
1761,0.0002708881594137185,0.00034579932456836105,0.0002436455186456442,0.0003001563283964061
1762,0.00021487329620867968,0.00024167169525753706,0.0002435545764022714,0.0002999328854260967
1763,0.00023492596881826306,0.00030290399561636147,0.00024207004018826408,0.0002945060105761514
1764,0.00024165722800211775,0.00026807470101630315,0.00024102305120710904,0.00029336009393446155
1765,0.0002432789371232502,0.00022626769030466675,0.00023991349210264161,0.0002869078268995509
1766,0.000235575794811464,0.00023533749219495804,0.0002400692491210066,0.00027514926681760705
1767,0.00023196088415311855,0.00022316537506412716,0.000237498102881687,0.0002727261948399246
1768,0.00022550795046198698,0.00030479351931717247,0.00023877378315794178,0.0002785443580243737
1769,0.00026330813733188227,0.00023223641037475317,0.00023786712130143619,0.000277026694745291
1770,0.00022930688949094878,0.0002517407695995644,0.00023633944487276798,0.00027742583150975404
1771,0.00022793597464139262,0.0002266905759461224,0.00023484343730766947,0.0002769518993911333
1772,0.00024281086044437768,0.000223839248646982,0.00023294971312732543,0.0002702174841193482
1773,0.0002307085037076225,0.0002968741615768522,0.0002327421654054585,0.0002508112136856653
1774,0.00023290135561385088,0.00023069791757734492,0.00023093617578916667,0.0002468695772462524
1775,0.00022162717029762765,0.0002141954901162535,0.00023213813466589072,0.0002478685642941855
1776,0.0002455413717285006,0.00021700663142837584,0.0002315530788774292,0.00024477400054456663
1777,0.00023594201458359345,0.00021927198802586644,0.00023041742585806386,0.0002455834478954785
1778,0.000239869804160359,0.00022534852963872253,0.0002288779687925449,0.0002469514640746638
1779,0.00020110674881531547,0.00021885022812057287,0.0002283967948324668,0.00024689482897520066
1780,0.00025547175648777434,0.00037433379096910355,0.00022717351384021138,0.00024641337281791495
1781,0.0002132998683050068,0.00022618829359998926,0.0002267687664845855,0.0002466757752583362
1782,0.00021101898539604413,0.00023709424742264672,0.00022497519768334718,0.0002481925370986574
1783,0.00020857802152426708,0.0002594324926030822,0.00022448954468256692,0.0002469586713588797
1784,0.0002237649040762335,0.00022309504129225388,0.0002246299156544006,0.0002474719507968985
1785,0.00023669354953906603,0.0002453707318636589,0.00022403917282095385,0.00024675772045739
1786,0.0002257384190064234,0.00024725841358304025,0.00022340800914551236,0.00024445349738234657
1787,0.00024492226812678077,0.00026664637145586313,0.00022168861992993496,0.0002455367582151667
1788,0.00022029957410672472,0.00022553990187589078,0.0002217269000687844,0.00025210772918071603
1789,0.0002132659025179843,0.00028831088478909806,0.00022083193414404781,0.0002515622447477654
1790,0.00020479251048527658,0.00026046809478430077,0.00021891084605336395,0.0002508092088624835
1791,0.00022354644580951168,0.00023392161470837892,0.00021975805223272698,0.0002502680736593902
1792,0.0002013788593467325,0.00021112897113198414,0.00021982631152883794,0.00025141425004694614
1793,0.00021538926657134046,0.00031135358032770456,0.00021853102871035744,0.00024947552676312626
1794,0.00021846891730092465,0.0002701554563827813,0.00021780829349687941,0.00024901923026191073
1795,0.00021716556447144185,0.00022089412610512226,0.0002176393211017259,0.00024955478077754383
1796,0.0002314452489372343,0.00023952256189659237,0.00021857247326471325,0.00024788942273007707
1797,0.00022804228960820991,0.00020598349015926942,0.0002174153599396555,0.000248879075923469
1798,0.00021492941182158474,0.00023926858470076694,0.00021615802015488344,0.0002479009917704389
1799,0.00018991662522441604,0.00025777943839784713,0.00021513845587873624,0.0002483836897416041
1800,0.00022258417376886226,0.00037846976425498724,0.00021303136861210482,0.0002459259216440842
1801,0.0002231672236100874,0.00020336952060461043,0.00021326652935240418,0.00025530532260891056
1802,0.00018791481231649718,0.00020044609089381993,0.00021487884005117746,0.0002525142773170956
1803,0.0002610499586444348,0.00021182014956139028,0.00021495200146196615,0.00025017907540313903
1804,0.00020281323121808882,0.0002475046378094703,0.00021478544927926526,0.00024892343779793014
1805,0.0002230896860257619,0.0003258657088736072,0.0002141069633834478,0.00025197651027701796
1806,0.00019523148796805697,0.00021478088106960058,0.00021325697457909374,0.00024707609114702796
1807,0.00020679467551720638,0.0002504830103134736,0.0002115961950466347,0.00024447370583657174
1808,0.0002319068255989502,0.0002177985414164141,0.0002105770494491379,0.0002436594182625413
1809,0.00019483707094978956,0.00024783637112705035,0.00020874610398637338,0.00024161654217168688
1810,0.00020526005491976524,0.00022091862803790718,0.00020756026519488336,0.0002427458939491771
1811,0.0002002493121027429,0.00025932586286216976,0.0002061207866619548,0.00024087213133461776
1812,0.00019224508646099517,0.00020520216901786625,0.00020600096739880328,0.00023831102715339512
1813,0.00022617859261420866,0.0004600249259965494,0.00020576167741221272,0.00023118186658248308
1814,0.00025357366998731676,0.00021853475249372422,0.00020561446534055807,0.00023066234029829504
1815,0.00020662154575499394,0.00020208804693538695,0.00020667265084727357,0.0002336508816573769
1816,0.0002193826412419892,0.00020253067457815633,0.00020398868778461797,0.00023284236995968968
1817,0.00018441671195129554,0.00028745578310918063,0.00020424295715832465,0.00023219797839410603
1818,0.00019413954646248992,0.00018884310207795352,0.0002022771991970431,0.00022636151813203468
1819,0.00017694942898944849,0.00020509582362137734,0.0002018805249710567,0.0002260718905366957
1820,0.00019168692453402198,0.00020053693675436079,0.00020075504778780867,0.00022709372342796994
1821,0.0001856716123681205,0.00018845065962523223,0.00019868245117831971,0.0002257574336254038
1822,0.00019839631982095953,0.00023421728459652514,0.00019852090534857575,0.00022304559545591472
1823,0.00017894244849837073,0.00019242451933678239,0.00019715376394386917,0.00022168618544237689
1824,0.00018692114364562764,0.00019375183386728168,0.00019668395029406787,0.00022172540306346494
1825,0.00021660192410409866,0.00020024074998218567,0.00019785879504116667,0.00022336034883046525
1826,0.00021948692181871998,0.00019038136349990964,0.000196489326212193,0.00021436744268285113
1827,0.00021436944998438572,0.00027515962487086656,0.00019485193910723968,0.00021426542192930358
1828,0.00019395088207804494,0.00019160735711921007,0.0001941357876549268,0.00021581208043498922
1829,0.00020916996556075496,0.00023139484866987914,0.00019397397936037224,0.00021528161106398332
1830,0.0001739457369937251,0.00017995420232182367,0.0001942490309696748,0.00021121953380061315
1831,0.00018531463231839654,0.00020754019118612632,0.00019336808768566705,0.00021276420771609993
1832,0.0001786577459360059,0.00027602883259532975,0.0001934416000304434,0.00021159533738391475
1833,0.00018009191036172625,0.00018439129635225982,0.00019318205887684607,0.00021332683566724882
1834,0.0001907984252061902,0.00018004041688982398,0.0001931873128710626,0.00021447207261808215
1835,0.00017108151980210095,0.00018693337769946084,0.00019192024681768905,0.0002143281104858033
1836,0.00018850397085770965,0.00026030630338937045,0.00019322256474859191,0.00021425570301944385
1837,0.00022161620513846478,0.0002460758131928742,0.00019299735764507212,0.0002139358702115714
1838,0.0001919418718898669,0.0002352022723061964,0.00019234062079340224,0.00021436948131304233
1839,0.00021263899236348353,0.0002159842336550355,0.0001911883126607993,0.00021519673310685898
1840,0.00018871775944717228,0.00024075450957752764,0.00018931018322085344,0.0002113346532336436
1841,0.00021533743387812542,0.000189268940303009,0.00018992357342633318,0.00021072020616848023
1842,0.00019129300218385955,0.00018590385152492673,0.00018864803911678287,0.0002085692302323878
1843,0.0001721159643622943,0.0002274599499651231,0.00018867160347160988,0.0002095057724392973
1844,0.00017878723760885704,0.00017587406531674788,0.00018810322172810429,0.00020805266933748503
1845,0.0001851983956940886,0.0002438243938377127,0.00018830564101744032,0.00020395715045742695
1846,0.00018580296222353354,0.00021708158339606598,0.00018828787682836673,0.00020920410880353305
1847,0.00016671966848662124,0.00023061823128955438,0.00018767662565741277,0.00020916554461000491
1848,0.00021150039677094254,0.00019061433267779647,0.0001881840586817513,0.0002094498777878471
1849,0.00018129096605763254,0.00018575601367047057,0.00018842047246483466,0.0002073501469567418
1850,0.00020018350281235245,0.00021108102751895785,0.00018622087332833973,0.00020473660565912722
1851,0.00019067921850364654,0.00021106265834532677,0.0001859791963775125,0.0002030762132373638
1852,0.00016741621398573949,0.00017860762804048136,0.00018509842077684072,0.00020103980307467279
1853,0.00020928563721503855,0.00017624618049012498,0.00018421375224263303,0.0001990968703990802
1854,0.00017728160782199767,0.00017762045026756824,0.0001833309060635252,0.00020610693182097748
1855,0.00017453484586440026,0.00020336775749456139,0.00018261675908902864,0.0002060008926433511
1856,0.0001711050887307566,0.00017121261364081875,0.00018274531899433995,0.00020339122196892277
1857,0.00018371822816940644,0.00017364086059387773,0.00018218206828460095,0.00020590083895949648
1858,0.00017964780563488602,0.0003155652550049126,0.00018223183892744903,0.00020271741681499408
1859,0.0001755171459323416,0.00017907631205162035,0.0001821558690849795,0.00020081701040035115
1860,0.0001837673454105647,0.00019404170714551583,0.00018173222762739492,0.0001986782073159702
1861,0.00019441431543479364,0.00020781303261173888,0.00018019289600973329,0.0001978382413741201
1862,0.00016662622672609158,0.00018073728075250982,0.00017988107360951189,0.00019982753376243632
1863,0.00018589994811918587,0.00019369246176211162,0.00017972189935389906,0.00019975094121182335
1864,0.00019061960234668934,0.00016507397958775982,0.00017892960706182448,0.00019827397941844536
1865,0.0001666010460919804,0.0001921811926877126,0.00017921927274308272,0.00019878896003356201
1866,0.00019326627940042978,0.00036452047585044055,0.000177510842459742,0.00019909139337250962
1867,0.00017343932782144596,0.00018325287208426744,0.0001764860206581135,0.0002003789372858591
1868,0.0001753299619950768,0.0001622181831044145,0.00017761859754488493,0.0002006838929490186
1869,0.00016470596986538214,0.00023861449008109049,0.0001781393883452337,0.00020459371445467694
1870,0.0001864426617652902,0.00016423884022515267,0.00017833086056764133,0.0002126549531822093
1871,0.00018390371616179538,0.00016957142302999274,0.00017858942145378224,0.0002068219688488171
1872,0.00015612863204700664,0.00017714815418003128,0.00017800536598466953,0.00020690460088662808
1873,0.00017301710632940134,0.00016961518413154407,0.00017793724975910863,0.00020749127977760513
1874,0.00017349540605209767,0.00023548832337837665,0.00017653051616960306,0.00020903231252450497
1875,0.00019620414642203184,0.0002091662137536332,0.0001784586590559532,0.00020838056310312826
1876,0.00017087191120178128,0.0001741386135108769,0.00017757672239094972,0.00020739014174323532
1877,0.00017465785601719592,0.00019148214341839774,0.00017609937622198936,0.00020823908543679862
1878,0.00016657488013152033,0.00018380701396381483,0.00017597399805478438,0.0002067449299385771
1879,0.0001516610627812851,0.00020980904810130596,0.00017421758663775912,0.00020032644894672557
1880,0.00020284926803368662,0.00021099164907354862,0.0001736769471414542,0.0002051868735230528
1881,0.00018412485873947542,0.000268958151282277,0.00017442958796228694,0.00021176288460846989
1882,0.00018850503372959792,0.00037517182878218594,0.00017488013695757316,0.00020993869776139037
1883,0.00018611182778840884,0.0001697406466701068,0.00017438196066650564,0.00021002339342376217
1884,0.00016091575920452466,0.00018114211299689488,0.0001741075767171828,0.00021238202842650933
1885,0.0001820644397715417,0.0002087086794199422,0.00017440189964125038,0.0002117326800827868
1886,0.0001592459756971544,0.00024633885128423573,0.00017365462756262993,0.0002150863410672173
1887,0.00021482979888484504,0.00016444354521809147,0.0001728994710215678,0.00021369602737249805
1888,0.0001638515314940984,0.00016893192776478827,0.00017167352651401116,0.00021183561218203977
1889,0.00015368594812268082,0.00018629757192684338,0.0001711688245698396,0.0002118040782865137
1890,0.0001634665919118561,0.0001548273052321747,0.00017065869692273232,0.0002118240300915204
1891,0.00014935599397479868,0.0002040584510541521,0.00017025132552177336,0.00021042020361637697
1892,0.00015992334041382288,0.00030476348649244756,0.00017153691415183454,0.00020787251935107634
1893,0.0001941459825158947,0.00032661846023984253,0.00016908851423844077,0.00020536153130233287
1894,0.0001759696947475378,0.00019300981890410185,0.000168546706028024,0.00020072916691424325
1895,0.00017398825448860104,0.00016635623178444802,0.00016688308479173838,0.00019186121963430197
1896,0.00017704411742872455,0.00022853729809867217,0.0001663842171204225,0.0001921370097086765
1897,0.00016348670514869607,0.0001609144455869682,0.00016692895245311475,0.00019145783896092327
1898,0.00015433530436388942,0.0002534567087423056,0.00016623559958987044,0.0001892446488607675
1899,0.00015461649252554506,0.00020073048101039602,0.00016644355610931399,0.00018606494795531039
1900,0.00016555553373311544,0.00016265583399217577,0.0001640067668495855,0.00018581092079402882
1901,0.00015825436259749243,0.00017335026612272486,0.00016390338799748052,0.00018659205385483803
1902,0.00016190466483951443,0.00019198093854356558,0.0001640534070967179,0.00018523044511675838
1903,0.0001563905951075463,0.00014871135208522902,0.0001635981154291787,0.00018482565336162227
1904,0.00018380077853281465,0.00014611694146879017,0.00016470457793653216,0.00018348507839255034
1905,0.0001416392701988419,0.0001482169478549622,0.00016510681876679884,0.00017862607296556234
1906,0.0001705796534790554,0.00015314904158003628,0.00016287562171669886,0.00017267500400776044
1907,0.0001469145028224577,0.00015347314678365364,0.0001614832564890902,0.0001710404671379365
1908,0.00017364013600551213,0.00017663539852946997,0.00016070666328693432,0.00017436193554895
1909,0.0001745341425218309,0.00016416284430306405,0.00015974580015883677,0.00018212611330673098
1910,0.00016473061819043426,0.00015337892691604793,0.00016016167120930428,0.000181650137831457
1911,0.00016444488868324293,0.00016684632864780725,0.00016046789857533035,0.00017821457883110273
1912,0.00015391006739163358,0.00015809286618605255,0.00016133326929929252,0.00017850762326270344
1913,0.00016126706019147402,0.0001884602542850189,0.0001610118141766482,0.00017937806037953127
1914,0.00015743642560361575,0.0001522573534748517,0.00016091843718831015,0.00017840310659958053
1915,0.00015208430022337579,0.00014470751135377215,0.0001606941092959864,0.00017627207399345939
1916,0.00017701755665863554,0.00017054407682735474,0.00016121399779998077,0.00017614121157675985
1917,0.00016997936117048892,0.00018328835081774742,0.0001596707382232934,0.00017599681924330073
1918,0.00013836605626339508,0.00017784173629479484,0.00016021312598151982,0.00017570317126810553
1919,0.00014116056405732202,0.00015214639715850354,0.00015898534717335782,0.00017508374847238886
1920,0.00015457342443470326,0.00024939294205978513,0.00015925498914568583,0.00017573366265278314
1921,0.00015302253922628653,0.00042264174204319715,0.00015814608802061734,0.00017441331555601212
1922,0.00017388348141038375,0.00014901505870511754,0.00015756148650802464,0.00017343351924791934
1923,0.00016199098851454134,0.00016756773373344914,0.0001573233530209917,0.000172674501047004
1924,0.00017625076062459911,0.00020805659180041401,0.00015708845250774175,0.000174202336918097
1925,0.0001575191556670082,0.00018441676191287116,0.0001568392128411991,0.0001748750934144482
1926,0.00015591993788903992,0.00014897642162395642,0.00015727662897487688,0.0001737558343796991
1927,0.0001562964675314207,0.00013870512339053676,0.00015732594723166484,0.0001731793675222434
1928,0.00016938780770740574,0.0001454397916677408,0.00015738700190041628,0.00017343934272648768
1929,0.0001452192891156301,0.00014250713313231243,0.00015599140798698905,0.00017226917350199076
1930,0.000155198964154503,0.00014087574847508223,0.0001547215378856183,0.0001707265971810557
1931,0.00013988518327500465,0.00013766347168711946,0.00015528659464455108,0.00017325746096903458
1932,0.0001536555521306582,0.0001697210012935102,0.00015566813467173942,0.00017575332295382396
1933,0.00014591760787880048,0.0001436267211101949,0.0001560307586759639,0.00017440933809848502
1934,0.0001599191047070134,0.00013966793660074472,0.00015543914242621717,0.00016300790903624144
1935,0.00015877728101461092,0.00013440347189316526,0.00015396787879419407,0.00016476094790268689
1936,0.00015857237585199376,0.0002050422254251316,0.00015321760836652372,0.00016405196116538715
1937,0.00014767907572806708,0.00017491177859483287,0.00015330951624588728,0.00016328534071799366
1938,0.00017220246353341889,0.00016047877841629087,0.00015313780910995167,0.000161822002264671
1939,0.00015866938202331463,0.00013784568203845994,0.0001535661578003783,0.00016139929832424967
1940,0.00015361066694216183,0.00015120689145987855,0.00015287813049314234,0.00016230698161525653
1941,0.00014212770882295444,0.00014128984621493147,0.00015229550675269115,0.00016582473367452623
1942,0.0001382326086362203,0.00014472394279437138,0.0001523831824843203,0.00017038578923093156
1943,0.0001524924752367143,0.000241113330994267,0.0001520835879226474,0.00017121387487277392
1944,0.0001506990647370306,0.0002145429467782378,0.0001525815319147013,0.00017284663749160247
1945,0.00016363902454031632,0.00021579332067631185,0.00015227177936855395,0.00017141366560244933
1946,0.00013823213298261785,0.0001376060154871084,0.00015283200867642234,0.00017193349907174707
1947,0.00013710189060980662,0.0001928410303662531,0.00015337129117882188,0.00017194886020151898
1948,0.0001432342278227831,0.00014984306530095636,0.00015275704964102865,0.00017187804641434926
1949,0.0001785484576086876,0.00018889108061557637,0.00015199648951529524,0.00016945526901399722
1950,0.0001532264772686176,0.00014783330057980493,0.00015165864405312782,0.000168614935153164
1951,0.00016662865514970488,0.00013840882311342285,0.00015043561665871593,0.0001674614613759332
1952,0.00013909578485052205,0.00016139720566570758,0.00014987620161393555,0.000167288056970574
1953,0.00015482221419612567,0.0002333835931494832,0.00014943373858760525,0.00016689721370348714
1954,0.00014741118240635843,0.0002565335220424458,0.00014925487264926131,0.00016821020231582232
1955,0.00014770910011268118,0.0001615778895211406,0.000149660191479941,0.00017226028144359592
1956,0.00015233378307635172,0.00017848253715783358,0.00014886297931338452,0.00016831824107794096
1957,0.00014591173847697467,0.00013389670406468212,0.00014852742865461752,0.0001778622208046727
1958,0.00015992334057551085,0.00015662255784263835,0.00014814611121740504,0.00017457590495469048
1959,0.00017340116726700217,0.00014005196484504268,0.0001481077155880889,0.00017690572813153265
1960,0.00014342124256978017,0.0001326331272139214,0.0001485860259045795,0.0001745685150730424
1961,0.00013955837270865836,0.0001444727904163301,0.00014888766886368913,0.00017391453067539263
1962,0.0001392329391738814,0.00015390343207400293,0.00014708810621329274,0.00017154710259055723
1963,0.00014162677867312192,0.00013164193398552016,0.00014729251021959093,0.00017262976554920898
1964,0.00014468400590380448,0.00013351057190448047,0.00014597184946501832,0.0001720431745168753
1965,0.0001425490912839046,0.0001414358097827062,0.00014607980280804134,0.00017208213232224807
1966,0.00013765606036435606,0.00017411456152331085,0.00014514662992571375,0.00016781090183649213
1967,0.0001483655794032125,0.00024597592098871243,0.00014454247237752292,0.0001637399010360241
1968,0.00013256217107280262,0.00014256232185289264,0.00014395589404092688,0.00016290636020712554
1969,0.0001423102982678554,0.00045314243994653224,0.00014322204113963787,0.00016066099618328733
1970,0.0001541060886100038,0.0001336354244267568,0.00014409394184023973,0.00016262156617594882
1971,0.000137272242249714,0.00019585159490816294,0.00014375108152291636,0.00016125329822534693
1972,0.00014905964852207236,0.00013441070390399546,0.00014231119179037503,0.00016086719045415516
1973,0.00015077530180052337,0.00013349345535971225,0.00014234367079204985,0.00016038057131227104
1974,0.00013355939134877796,0.0001297053784946911,0.000141877626215056,0.00015970304700313134
1975,0.00015833657742607304,0.00017489987454609945,0.00014184858201382063,0.00016251729638315734
1976,0.00013361213628538987,0.00012374404730508104,0.00014252636365126817,0.00016258324943482875
1977,0.00014179461842609776,0.00016237115080002695,0.00014201956353952278,0.00016390554533572867
1978,0.00013149289213793558,0.00012660283100558446,0.0001421782664217365,0.0001645966229960322
1979,0.00013230724370158795,0.00015475850203074514,0.00014187889389641995,0.0001625188927631825
1980,0.0001330446416977793,0.00014073936879867687,0.00014065140061882427,0.00015755980913527307
1981,0.0001339874605441259,0.00012234843656187876,0.0001407327059759862,0.00015715283405734224
1982,0.000167709255992021,0.00018291095388121902,0.00014075784584791917,0.00014964698477415363
1983,0.0001513518326424269,0.00012241585907759144,0.0001400763097969401,0.00014930998971685765
1984,0.00013740392395346942,0.00013039927056524903,0.00014030938011775205,0.00014707330137025563
1985,0.0001442332176116502,0.0001204676486668177,0.0001395977749967844,0.00015086399968713523
1986,0.00012790725828381254,0.00012753468268783763,0.0001384025934527421,0.00015346689883153887
1987,0.0001385068341429966,0.00022425966657465323,0.00013890983812743794,0.00015306694018654525
1988,0.0001585713196093113,0.0001332907602773048,0.00013757531178157983,0.00015096389430109411
1989,0.00013201400311016996,0.00016656796942697837,0.00013777941599514128,0.00015220070170471448
1990,0.00014651666333924773,0.00015871275129029528,0.0001373008950147778,0.0001513375507784076
1991,0.00013017174723144206,0.0001221713057020679,0.0001371043298419358,0.00015110159303294494
1992,0.00011767824746332028,0.00012199883029097692,0.00013700547086191363,0.00014956357984337952
1993,0.00013459480500185034,0.0001323879449046217,0.0001374913258937239,0.00014948512407718224
1994,0.00014293879506617992,0.0002654962078668177,0.0001373016114831747,0.00015070378023665398
1995,0.0001370676873355276,0.0001252105479943566,0.00013667311930912548,0.00014796410275157542
1996,0.00014309900027001277,0.0001399343862431124,0.00013619866371866212,0.0001507874317117967
1997,0.00013126952049788087,0.0002291781618259847,0.00013784981768047953,0.00015190570872509855
1998,0.00012089576319946597,0.00019856593396980316,0.00013704921725374232,0.00015589045094093309
1999,0.00014624050821617453,0.00011970641236985102,0.00013704639953987985,0.00015555772486841306
2000,0.00012497341877961945,0.000122323727409821,0.00013598244592560353,0.0001516218311851844
2001,0.0001387147416244261,0.00015466423239558934,0.00013464520672116327,0.0001516778182471171
2002,0.00012983159391701015,0.00014079237764235585,0.0001344344839175594,0.00014979978979099543
2003,0.0001265787628168861,0.00012070388736901805,0.000134284023406993,0.00015032808884279806
2004,0.00012983576920103386,0.00011630817229161039,0.00013447234075348308,0.00015514280454954137
2005,0.00014519101749303648,0.00013877797464374454,0.00013472876882038285,0.00015478752594208348
2006,0.00012924460028039498,0.0001528148405486718,0.00013422545818417953,0.00015676958305994051
2007,0.00015199695164079053,0.0001144190167542547,0.0001341398705437314,0.0001518222307204269
2008,0.00013949044288084325,0.00019299908308312297,0.00013371265222926416,0.00015133245398756117
2009,0.000178682772998905,0.00015835619589779526,0.00013249034414248954,0.00015063638897845524
2010,0.00012421820694321974,0.00022008620406268164,0.00013244284058843428,0.00014825687803095207
2011,0.00012783681543725026,0.00011921653087483719,0.00013263549888765233,0.00014528828490292656
2012,0.00011190799378608871,0.0001258623244939372,0.00013178144668151315,0.00014521754981251434
2013,0.00012514033949830467,0.00013469043682562187,0.00013137428859740289,0.0001447698283358477
2014,0.0001267459330200735,0.0001196172580239363,0.00013128807906501205,0.00014345069658011197
2015,0.0001427551505750873,0.0001719202275853604,0.00013112765546344844,0.00014333915943279862
2016,0.00013487968089369437,0.00024253919837065042,0.0001310039116845777,0.00014530236198334023
2017,0.00012408894913581512,0.00011311686510453001,0.00013045487644590645,0.0001497395729762502
2018,0.00012201203909676728,0.00018193937285104766,0.00013002272579793093,0.0001504424102604389
2019,0.00014079910405497584,0.00014181239937897773,0.00012944530884528328,0.00015140568235656247
2020,0.00012638722947384747,0.00011296612967271358,0.00012845347059321487,0.00015208404730074107
2021,0.0001125412981006472,0.00012253276101546363,0.00012796248322119937,0.00014881021736655385
2022,0.00013008193164649936,0.00016969038813840597,0.00012598169717627268,0.0001514220755547285
2023,0.00012571222067991685,0.00012435110576916486,0.0001256628542860401,0.00015073197885649283
2024,0.00012488920306269493,0.00011793803510954603,0.0001257889266326351,0.00015248033551033588
2025,0.00011479446667686311,0.00011113069049315528,0.00012687421926853455,0.00015267929077381268
2026,0.00013655950331465446,0.00012168593850219622,0.0001289339711482171,0.0001522897102404386
2027,0.00012582100387791999,0.00013800394895952195,0.00012859423290097362,0.00015526159101864328
2028,0.00012348516834511733,0.00016978395113255828,0.00012794205028201556,0.00015345351534779185
2029,0.00011610988823425336,0.00022723844711435958,0.00012816219916437856,0.00014832582942326554
2030,0.00013438725129364887,0.00015634890674846248,0.0001283927163283806,0.0001485524094081484
2031,0.00011480917646420291,0.00017689664295176044,0.00012894657272651477,0.00014598324956605212
2032,0.0001272009953390807,0.00013137814035871998,0.00012827691312737038,0.00014717938371468334
2033,0.00012721575858045577,0.00011115333472844213,0.00012954783107658538,0.0001476985996123403
2034,0.0001291631218757377,0.00022365265060216187,0.0001308146976762348,0.00014960131677798928
2035,0.00011624713468740488,0.00020283378660678863,0.0001300689326857941,0.00014883320155786351
2036,0.00013098862410212557,0.00016292544722091407,0.0001299184645526111,0.00015013437482994053
2037,0.00013904030968357498,0.00013083620608085765,0.00012991154425674015,0.0001508155412855558
2038,0.0001766341364903686,0.00012495092349126935,0.00013035204229203777,0.0001525940506136976
2039,0.00011825247683898649,0.00019391427747905254,0.0001294162041455921,0.00015340585755184292
2040,0.00012645058510113612,0.00012671833581407555,0.00012892576006124726,0.00015245713872136547
2041,0.00014038340295276916,0.00011434705025749281,0.00012882996659092087,0.0001511452052160166
2042,0.00012985187823586684,0.00011878136472660118,0.0001287038257798283,0.0001464227129938081
2043,0.00013585844905012183,0.00011771037679864094,0.00012776841538854772,0.00014781938485102728
2044,0.0001240576140763652,0.00017171575309475883,0.00012759778002768545,0.0001457261668459978
2045,0.00015816017820422228,0.000125946527114138,0.00012684563355158185,0.00015058349723112772
2046,0.00014421296309188216,0.00017010069015668705,0.0001277364944314791,0.0001528864431253169
2047,0.00011143780688548254,0.00015048750763526185,0.0001273898090636875,0.00014828606047085486
2048,0.00012195051735034213,0.00015688043757108972,0.00012771627027735423,0.00016734930420643648
2049,0.00012471619566592078,0.00013496719649992882,0.0001288294280782187,0.000167905775870895
2050,0.00012580691755930375,0.00015559342369670049,0.00012829827388244062,0.00016785041601979174
2051,0.00011316354965351315,0.00014198111195582897,0.00012587873146080206,0.00016771933123818598
2052,0.00011355990176929886,0.00011428597819758579,0.0001257027728722379,0.00016611809221212754
2053,0.00012109033158695739,0.00013698561349883675,0.00012556866727083817,0.0001651875231531449
2054,0.00011295636795694008,0.00010917614155914635,0.00012450076469103807,0.00016560095777967947
2055,0.000111001991511633,0.0001912657031789422,0.0001242388818923953,0.0001669748757092748
2056,0.00011054329244264711,0.00012456619282602332,0.0001234664439902796,0.000170770072581945
2057,0.00010839733343649035,0.00025281139998696746,0.00012339903582469562,0.00016891542757512071
2058,0.00014948728057788684,0.0001687269820831716,0.00012154829145810153,0.00016787202088744377
2059,0.00012049598768094761,0.00010864308424061165,0.00012099186507014867,0.00016505429159733464
2060,0.00012440866502907335,0.0006794148799963295,0.00012080656837012308,0.00016375671126297672
2061,0.00015881756912373626,0.0001768372388323769,0.00012078887705122017,0.00016186406736378554
2062,0.0001257614547891232,0.00012945220980327575,0.00012082038703633264,0.00016127310306183058
2063,0.00011614557594940481,0.00012167380395112559,0.0001203772502239897,0.0001617953167587984
2064,0.00011385351212488281,0.00015388330182759092,0.00012041581353405489,0.0001605612668790854
2065,0.00012309794506614304,0.00010345410933950916,0.00012093354927751028,0.0001608614987460896
2066,0.00011368583845776609,0.00012468291592085734,0.00012089027047687624,0.0001596513209166005
2067,0.00012330480826979815,0.00015312931296648457,0.00012071012587014894,0.0001604638670105487
2068,0.00011654750149722936,0.00021259029861539602,0.00012090359193001251,0.0001570983533281833
2069,0.000122372409936765,0.00012534962792415172,0.00012094216576402282,0.0001607430054282304
2070,0.00011189156903937045,9.986135992221535e-05,0.00012147845521944367,0.00015461736132274382
2071,0.00013030230339306097,9.965745790395886e-05,0.00012040330159361474,0.00015313318300177342
2072,0.00010680538938484258,0.00011804799927631393,0.00012066802872383656,0.00015391897913650607
2073,0.00012150823437776934,0.00010956434009131044,0.00012097491865343827,0.00013077727904892524
2074,0.0001255039452937328,0.00012019308895105496,0.00011960515724236354,0.0001290059790306259
2075,0.00011472849725072996,0.00016864876612089576,0.00011944683298028798,0.00012824271483696066
2076,0.00011412763240514323,0.00011112986496300436,0.00012107069090189825,0.00012764109502895734
2077,0.0001265032953556834,0.00012179177487269044,0.00012117812396415197,0.0001258624672831502
2078,0.00012000836157110623,0.00010673116776160896,0.00012056799024252944,0.00012629774328670466
2079,0.00010845275278875811,0.000129489793907851,0.00011996579440633971,0.00012595360419363714
2080,0.00011583864300822219,0.00010712786111980676,0.00011920449398069952,0.00012362923236214558
2081,0.00011150763829290454,0.00021568249532720075,0.00011883768819065556,0.00011892529760953041
2082,0.00012180456982201172,9.967029734980315e-05,0.00011834792266470485,0.00011826363721629606
2083,0.0001226084399321634,0.00013162252405891196,0.00011818003885823095,0.00012219959434587511
2084,0.0001271141659364932,0.00012828798760892825,0.00011750940162326313,0.00012334848472382874
2085,0.00013208091326911622,0.00010087237780680879,0.00011768510622075862,0.00012551521891728044
2086,0.00012457353384686738,0.00013255473837489262,0.00011715648483885971,0.00012526291399262847
2087,0.00012180334823723469,0.00011037060496164485,0.00011656092541072415,0.00012488511871779336
2088,0.0001567420239896617,0.00010663330875104293,0.00011665797674666264,0.00012231263913563452
2089,0.00011653933868122597,0.00010941760818241164,0.0001167173575765143,0.00012552073834231126
2090,0.00010784460202557966,0.00011433600942837075,0.00011767934630754301,0.00012469280731165782
2091,9.863094255302308e-05,0.00011607943859416992,0.00011786890472673502,0.0001259763507754542
2092,0.00010427229762879304,9.502001717919484e-05,0.00011834358301065451,0.00012497858330025338
2093,0.00010737735674613052,9.49919298000168e-05,0.00011852105905094911,0.00012503966680378652
2094,0.00011012827178799651,0.00010880811809329317,0.0001184453261835087,0.00012066938163479791
2095,0.0001076944738775233,0.00019826028816169127,0.00011804313832221346,0.00012080017573898659
2096,0.0001135363725188654,0.00012837971735280007,0.00011741461569391607,0.00012065395811805503
2097,0.00011119800432223,0.0001722163541126065,0.0001164618945881052,0.00011950342277996242
2098,0.00010829269983029614,0.00010325671697501093,0.00011526751959786958,0.00011930011925287545
2099,0.00011061495959034396,0.00011074820708017796,0.00011475286108389913,0.00011841086120111866
2100,0.00011715478064919201,0.00010433677656692453,0.0001143587995074793,0.00011878785886801778
2101,0.00011561215315143475,0.00019133234512992204,0.00011244291924910313,0.00011830142617691307
2102,0.00015055301363140137,0.00010109349910635502,0.00011187333671777098,0.00012146953605115413
2103,0.0001247473220509063,0.0001388197543565184,0.000112356473875439,0.00012066530553856863
2104,0.00012031970988674503,0.00010454560702783056,0.00011328738286134064,0.0001203246426070109
2105,0.0001202755440155872,0.00010865494870813563,0.00011380576143144735,0.0001219700384302996
2106,0.00010961431660689414,0.00010642536610248498,0.0001140104381574525,0.00012305963765829803
2107,0.00011174987328963148,0.00010294014995452017,0.00011433357353736131,0.0001224079235922545
2108,0.00010689537422472818,0.0001279670835356228,0.00011453550989261001,0.00012080698764184489
2109,0.00010329613829122132,9.952460415661335e-05,0.00011523737093149168,0.00011945070782676338
2110,0.00010222153851322622,9.578978962963447e-05,0.00011495246449162044,0.0001205363098764792
2111,0.00011170707099760572,0.00011032328708097338,0.00011555201734041069,0.0001233657981501892
2112,0.00011195180882673917,0.00011979554663412273,0.00011523172048813043,0.0001225977589841932
2113,0.00010884501753025689,9.447249147342518e-05,0.00011448919663154,0.00012220943099237048
2114,0.00010229977539792243,0.000188620355038438,0.0001139854715244534,0.00011873064439278095
2115,0.00011992303096728089,9.423024661373347e-05,0.00011206005505777688,0.00011828278900356962
2116,0.00012190366720056368,0.0001075628653052263,0.00011129428982967512,0.00012109094499610363
2117,0.00011723176188146074,0.00013615491276141255,0.0001112554373387765,0.00012131220704177394
2118,0.00011249427489625911,0.00012223191049997694,0.00011103451023421562,0.00012104658390162512
2119,0.00011820665628571684,9.251526644220576e-05,0.0001108891860077468,0.00012084254230139776
2120,0.00011274288275874116,0.00015823688940145076,0.00011023030504843014,0.00012056526446249336
2121,0.000131082898490907,9.447272197576239e-05,0.00011014799536723231,0.00011931566130369901
2122,0.00010407534332544957,0.0001993564053555019,0.00011023209437132918,0.00012898715508636086
2123,0.0001232815210500525,0.00017399392381776125,0.00011114127333146624,0.00012895374827203338
2124,0.0001026075382833369,9.154722793027758e-05,0.00011062686315013304,0.0001297677070775535
2125,9.859168423443204e-05,9.462857677135617e-05,0.00011087444978442768,0.00012897262812475673
2126,0.00010301902547426935,0.00010436268014018423,0.00011115621258504689,0.0001286709522421006
2127,0.00010241760196448822,8.989711437607184e-05,0.00011129877656672355,0.0001247752026130911
2128,0.00010560319134836189,0.0002090236541698687,0.00011198218026418342,0.00012548330276622435
2129,0.00011934839761427914,0.00011007715816958807,0.00011136703498583907,0.0001247607458906714
2130,0.00011475236640156557,0.00010201437020441517,0.00011087267231454864,0.00012377796520595438
2131,0.0001059812109451741,0.00010132432609680109,0.00011019798572718476,0.00012293480109656227
2132,9.527784930671461e-05,9.60082039819099e-05,0.00010976401213556529,0.0001230543388053775
2133,0.0001048376321947823,9.672700456576421e-05,0.0001093234549302401,0.0001263618448050693
2134,0.00010539861339364304,0.0003413119487231597,0.00010792999410704297,0.00012726442815037445
2135,0.00012495101251665296,9.495461927144788e-05,0.00010757680777330987,0.00012382944275159387
2136,9.884681646427554e-05,0.00013067225721897558,0.00010709307646094306,0.00012118476267787627
2137,0.00011814147468410536,9.99185728142038e-05,0.00010689223381923512,0.00012128504113643431
2138,0.00011588908754573721,8.6930594407022e-05,0.00010736490800174782,0.00012273644056986087
2139,0.00010586387493983946,9.122661431320012e-05,0.00010792373949985228,0.00012203454208211043
2140,0.00013700812340377726,0.0001119327504420653,0.00010751519920498445,0.00012283175748307258
2141,0.00010652503524195507,8.949894341640174e-05,0.00010739307448772403,0.0001182121331919916
2142,0.00010487269509920023,0.00011158539564348757,0.0001066386939608492,0.00011953735404531472
2143,9.562711021216173e-05,0.00010115280776517465,0.00010604064212400571,0.00011889961423003114
2144,0.0001073573164952298,9.550370916258544e-05,0.00010582463134972689,0.00011847043889574707
2145,0.00010172895262561118,0.00024092453939374535,0.0001057904359270146,0.00011822001432883553
2146,9.624637791097889e-05,0.00011703730560839177,0.00010600599284969373,0.0001179091082594823
2147,9.524568498212224e-05,0.00011348177038598806,0.00010635333720323009,0.00010796451222267934
2148,0.00011118823824088193,0.00010787692197482101,0.00010608685082406737,0.00010781637397012674
2149,9.758647224063882e-05,9.405418939422816e-05,0.00010624923064282888,0.00010653651720494964
2150,0.0001104085387972494,0.00013091356260702013,0.00010528914478426384,0.00010629591676406565
2151,0.00011698981292688081,8.681521794642321e-05,0.00010482329169495237,0.00010617221497232095
2152,9.22040945927923e-05,0.00010982749940012582,0.00010451704549551423,0.00010624168660724536
2153,0.00010255007341685187,9.353304689284414e-05,0.00010274781541277964,0.00011032996806316078
2154,0.00010048888444240826,0.000143207679502666,0.00010328803767333738,0.00011003611666383223
2155,9.98010704804781e-05,8.607087482232601e-05,0.00010275189294738488,0.00010901422293391079
2156,0.00010058094158820393,9.059494273969903e-05,0.00010286185459440782,0.0001082749989698641
2157,9.442296373890713e-05,8.974758980912157e-05,0.00010373412543623191,0.00011124795571668074
2158,0.00011022655526176095,8.895435283193365e-05,0.00010357784696000938,0.0001054883347300347
2159,0.00011408222223205181,9.26970478030853e-05,0.00010376506533227965,0.00010416149569791741
2160,0.00011828885303758499,9.125116295763291e-05,0.00010410786489632705,0.00010361313670873644
2161,0.00010290631193331339,9.867583808954805e-05,0.00010325663030833108,0.00010324273189180531
2162,9.413932821997958e-05,9.390356179210357e-05,0.00010299607622889905,0.00010322906684014016
2163,0.00010424276031295045,8.383804961340502e-05,0.00010241773197453263,0.00010550032161991113
2164,9.820771995388593e-05,9.29634051863104e-05,0.00010232758441965821,0.00010621154228574596
2165,9.277737133541247e-05,0.00021413978683995082,0.00010247452880462839,0.00010617202766006811
2166,0.00012003059175589846,8.215265843318776e-05,0.00010273465894602446,0.00010580402540508658
2167,9.146907695038762e-05,8.603805239545182e-05,0.00010384899928661373,0.00010428331026341766
2168,9.837615138773496e-05,8.267220866400748e-05,0.00010342849102518006,0.00010491760398144835
2169,0.00012916408754083225,0.00016982762783300133,0.00010349379787027527,0.00010564179297653028
2170,9.782199072004814e-05,9.693401472759432e-05,0.00010325926438995846,0.00010583107147831469
2171,0.00010092683721773534,8.386632980545982e-05,0.00010251767629201319,0.00010704229275579565
2172,0.00010381567408330738,9.977279565646313e-05,0.000102512570453756,0.00010672673666267656
2173,8.990737354098302e-05,9.861680155154318e-05,0.00010199284081010976,0.00010923555975314231
2174,9.10726202548378e-05,9.371256310259923e-05,0.00010139720540545468,0.00010933153465739452
2175,9.594993243808859e-05,0.0001876949321012944,0.00010133166564757833,0.00011036210430320351
2176,0.0001147361240550203,0.00010459573459229433,0.00010319429170599003,0.00011033812149544248
2177,9.587770421704692e-05,0.00010883963375817984,0.00010304604808657639,0.00011040846817777494
2178,0.00010905332695175376,8.433299051830546e-05,0.00010316714514240933,0.00011346283195889558
2179,0.00012834739295714017,0.0001051898009609431,0.00010239506077745722,0.00011810145874624142
2180,8.928836394463562e-05,0.00010192821777309291,0.00010323661727921314,0.0001194217842014041
2181,0.00010221361271558433,0.00010869966761674732,0.00010273832902506306,0.00011954701130744071
2182,8.855962673098677e-05,9.44795523537323e-05,0.00010128326400946307,0.00011652365711051973
2183,9.168685281312921e-05,0.00011923488476895727,0.00010095486848925551,0.00011676541713532063
2184,0.00011395457627562185,8.480814547510817e-05,0.00010067859005648645,0.00011954558775760236
2185,0.00010529561194642965,0.0001539717402192764,9.97986497797279e-05,0.0001215411984769162
2186,8.801542681693617e-05,0.00010107521069585345,0.00010008997635838265,0.00012121798638254405
2187,9.250083427307093e-05,0.00011966780293732881,0.00010085003506198214,0.00012206374408560804
2188,0.00015080841177324248,8.323847941937856e-05,0.00010069565639067959,0.00011766075744526461
2189,9.450162946854511e-05,9.472207224462182e-05,9.961258889331171e-05,0.00011664080363116228
2190,9.580479773123645e-05,0.00029049888136796655,0.00010023966782157204,0.00011893135825521312
2191,0.00010072848263209582,0.00019811832811683416,0.00010013898118114512,0.00011871395975467747
2192,0.00011250798949428524,0.00011904618877451867,9.915605794069252e-05,0.00012360263686277904
2193,8.59189450339828e-05,8.580288631492295e-05,9.907020853909974e-05,0.0001227157842251472
2194,9.278746215083326e-05,9.424377290997654e-05,9.921642680225583e-05,0.0001238140819594264
2195,8.961210271485874e-05,0.00010297801534761675,9.944390132053134e-05,0.00012427337823901324
2196,9.401987639850834e-05,0.0001533705953625031,9.980319456210257e-05,0.00012700389046804047
2197,8.181716716434392e-05,0.00014966306363930926,9.942291058574079e-05,0.00012755124831455758
2198,9.719053800735208e-05,9.053649919223971e-05,9.840725807589481e-05,0.00012679696041741407
2199,0.00011007408784482525,0.00011485650567919947,9.8610662967096e-05,0.0001309841594775207
2200,9.20904656555245e-05,7.762026609270834e-05,9.924835762616972e-05,0.00012932761581032538
2201,8.765943662082363e-05,7.90968892397359e-05,9.678232429109307e-05,0.00012904834363143894
2202,0.0001115546774235554,0.00016610349935945124,9.709008517222373e-05,0.00013061744613805787
2203,0.0001065361609410805,7.889802800491452e-05,9.6811065199371e-05,0.00012373827459523454
2204,0.0001037743119458254,0.00022740672866348178,9.742075332970772e-05,0.00012052733452292159
2205,8.714212890481576e-05,7.975690183229744e-05,9.631462980760261e-05,0.00011899724924587646
2206,0.00010586906929448661,0.00013615711097372696,9.70211852736409e-05,0.00012126657648477704
2207,9.42464896878745e-05,0.00010596195934340358,9.674475325737148e-05,0.00012163932464318352
2208,0.00010066918385240973,0.00018749769049463793,9.777074580973323e-05,0.00012125365014653654
2209,0.00010444747686657745,9.849209163803607e-05,9.731037949354179e-05,0.00011853760409285317
2210,7.990429920027964e-05,0.00013511454279068857,9.782721797301847e-05,0.00011667011656099933
2211,9.310054909696596e-05,0.00020575518719851972,9.780404543271288e-05,0.00011608411896158944
2212,0.00010844320074991427,7.82542112574447e-05,9.763583269280691e-05,0.00011869727895827966
2213,8.915757839632634e-05,7.62566749472171e-05,9.721711434993065e-05,0.00011885102459928023
2214,0.00010219565149681229,0.0001339496349100955,9.854800648819136e-05,0.00011928225873853082
2215,8.882929840991791e-05,0.00011851959279738367,9.8633134898652e-05,0.00011589175623375924
2216,0.00011597068589051358,0.00011784482630901038,9.764182284771879e-05,0.00011570760553586298
2217,8.48549014416575e-05,8.079405684839002e-05,9.707210432518168e-05,0.0001096675935899839
2218,0.00010358283168493977,0.00014253606728743763,9.719897730845129e-05,0.00010942636621766725
2219,8.587666174409808e-05,0.0001035624768701382,9.666319407341586e-05,0.00010732234572642484
2220,0.00011526191652390279,9.333615293144248e-05,9.754312541529845e-05,0.00010725927721359767
2221,8.251071849372238e-05,8.546944402041845e-05,9.692858920445562e-05,0.0001043678260757588
2222,9.473812915126069e-05,0.00010297587534296326,9.635081179375345e-05,0.00010613921041367576
2223,9.661122449971218e-05,7.588655920699238e-05,9.67066468321718e-05,0.00010830952522810548
2224,0.00010586876934717616,0.0001801855055964552,9.64529600463316e-05,0.00010338099761283958
2225,8.162250708361777e-05,8.146390711772256e-05,9.581636171755637e-05,0.00010443825838156044
2226,0.0001209317400773418,8.987774272100069e-05,9.63552338772893e-05,0.0001048142518964596
2227,0.00011368288768507127,8.134093674016186e-05,9.56429307229377e-05,0.00010363823052030056
2228,8.175335966774986e-05,7.42942605575081e-05,9.5955422385143e-05,0.00010421602311544121
2229,8.953134888239825e-05,7.64064300165046e-05,9.530205391767796e-05,0.00010369989663013258
2230,9.031395348655577e-05,7.372621752438135e-05,9.575494971908887e-05,0.00010337296857615
2231,9.247448841860104e-05,8.355659869266674e-05,9.517119645897764e-05,0.00010075568228494375
2232,0.0001162447732349392,0.00010438524652272462,9.62928028786943e-05,9.984855062211863e-05
2233,8.530577858133863e-05,0.00011521141204866581,9.499949618055123e-05,0.00010032220187713393
2234,9.000304159902346e-05,0.00014277670008596032,9.533338387102251e-05,9.99831427296158e-05
2235,8.880017516073874e-05,0.00018937241315143184,9.554154036094484e-05,0.00010137114587705584
2236,8.67583794509604e-05,8.254199681687169e-05,9.500732357749559e-05,0.00010323044889373705
2237,9.252824253053405e-05,0.0001046857304754667,9.481543686803585e-05,9.927043800707907e-05
2238,0.00010262938238964933,8.565651281969622e-05,9.480858786490798e-05,9.892416989896446e-05
2239,8.438807263802219e-05,0.00010454910050611944,9.376196976809296e-05,9.91167547297664e-05
2240,9.664158996505042e-05,0.00013296440767589956,9.282714115138839e-05,9.893470330862329e-05
2241,9.96364742038875e-05,0.00010494166417629458,9.302317988121003e-05,0.00010051087697502228
2242,9.617729647693018e-05,7.262085549882614e-05,9.279169471604595e-05,0.0001021648970374372
2243,8.898900018215904e-05,7.710391000728122e-05,9.317066334543699e-05,0.00010247198157594539
2244,0.00011391682223701435,8.088418529951013e-05,9.27065355861689e-05,0.00010219611166394316
2245,8.292924907032607e-05,0.00010517743430682458,9.104564148809813e-05,0.00010124453432508745
2246,9.085791075550434e-05,7.699296533246525e-05,9.146318211149063e-05,9.956506995949894e-05
2247,9.994204139931955e-05,0.00013767595402896404,9.190321050474369e-05,9.823369022342375e-05
2248,8.325580491348066e-05,0.000122369134624023,9.157204705503925e-05,9.349941508262418e-05
2249,0.00010107160161068249,8.11852334300056e-05,9.215430633177878e-05,9.299457782763058e-05
2250,8.145128200542078e-05,7.280720441485755e-05,9.203672043772208e-05,9.705522393924185e-05
2251,9.47662876569666e-05,9.469236349104904e-05,9.175738589644122e-05,9.646315075806342e-05
2252,9.031217226745665e-05,7.678965121158399e-05,9.155352670350111e-05,9.546623142086901e-05
2253,8.665432791329092e-05,0.0001136986022174824,9.143673798340992e-05,9.384570083930157e-05
2254,8.374421975329622e-05,0.00011775693157687783,9.084029344634875e-05,9.310775005142206e-05
2255,9.978816922133168e-05,8.140333098708651e-05,9.060867150223607e-05,9.430363037390636e-05
2256,8.087129443689871e-05,7.665985089261085e-05,9.027149075862122e-05,9.417315990431236e-05
2257,7.472242078317018e-05,8.059581305133178e-05,8.895059158935004e-05,9.419087842106819e-05
2258,9.574429416615102e-05,7.322480290895327e-05,8.887616318728153e-05,9.349377119215206e-05
2259,0.00010100375143035004,0.00010949220668408089,8.839382142113107e-05,9.350236618192868e-05
2260,8.052108891812774e-05,7.101553463144228e-05,8.809955288500836e-05,9.203232661820948e-05
2261,0.00010131486136944861,6.992106544203125e-05,8.823501508450135e-05,9.044553868006914e-05
2262,8.958859517911656e-05,0.0002062018832657486,8.814804129134347e-05,9.005106473341585e-05
2263,9.56460188576279e-05,7.08546832902357e-05,8.848919178773134e-05,9.002429858082905e-05
2264,7.92915928145198e-05,7.96261170762591e-05,8.813614679966125e-05,8.919997371849604e-05
2265,9.372187196277082e-05,9.245114313671365e-05,8.811080083186326e-05,8.891115763690322e-05
2266,8.472536077735843e-05,8.649289447930642e-05,8.812649861469659e-05,8.812895379960537e-05
2267,9.03867478741126e-05,0.00010251786356093363,8.795750651948364e-05,8.731368381995708e-05
2268,8.055948159178823e-05,7.384214826743119e-05,8.853081566630863e-05,8.681428239797241e-05
2269,8.089434300523458e-05,8.132714821840637e-05,8.901743817065531e-05,8.892374541028402e-05
2270,8.106853901861338e-05,8.774975358392112e-05,8.962690383066526e-05,9.174842485808768e-05
2271,7.879936660174281e-05,7.720784007688053e-05,8.916004465427249e-05,9.192439257749357e-05
2272,9.258532799625148e-05,0.00010092496493598447,8.836185164206351e-05,9.030832601711154e-05
2273,8.664235990080568e-05,8.269943617051468e-05,8.843683410539396e-05,9.14837678836193e-05
2274,9.889725678173514e-05,7.132338476367294e-05,8.77310749091622e-05,9.712671297602355e-05
2275,8.998004441511714e-05,7.213805060018785e-05,8.817774870743355e-05,9.17471368564293e-05
2276,8.594016295521416e-05,7.408424193272367e-05,8.826563602067635e-05,9.872572647873313e-05
2277,8.967852307250723e-05,6.956924917176366e-05,8.913754355162383e-05,9.866022760979831e-05
2278,8.704677248412432e-05,9.414350628503599e-05,8.921760669780069e-05,9.990314102033153e-05
2279,7.951941737297198e-05,9.737518208567052e-05,8.967060774318979e-05,9.985751670901665e-05
2280,0.0001141208978919571,6.891829543747008e-05,8.918536281885786e-05,9.968748962855901e-05
2281,9.303685704556605e-05,0.00012939642620040103,8.891547835018073e-05,0.00010082828018930742
2282,8.995906228341887e-05,0.00015121279924642294,8.887340873221143e-05,0.00010109500977559947
2283,8.407281475633176e-05,7.762399589410052e-05,8.887673749316794e-05,0.00010109837643103673
2284,8.104892612512533e-05,6.90905426745303e-05,8.919211485707717e-05,0.00010092773265787399
2285,8.239565050138885e-05,0.00010040158129413612,8.889830289796615e-05,9.963982268818654e-05
2286,8.367088146365455e-05,0.0002109946927521378,8.843191028701969e-05,9.904063586145638e-05
2287,0.00010075544013590035,7.171248027589172e-05,8.776486017999964e-05,9.886995919514447e-05
2288,9.784320168869777e-05,0.0002453194238478318,8.82227520742971e-05,0.00010681054773158394
2289,0.00010108928108820692,7.798864535288886e-05,8.887193772696061e-05,0.0001097117491357494
2290,9.572345061719211e-05,0.00012352397840004415,8.859095112161918e-05,0.00011000855963793583
2291,9.605038691208594e-05,8.535228669643403e-05,8.825448071519431e-05,0.00011179999543819576
2292,7.82556247658148e-05,9.826718654949218e-05,8.861345034998118e-05,0.00011055803871131503
2293,7.381236987485964e-05,0.00010236191228614188,8.761778538367556e-05,0.00011382731919293293
2294,7.984260255600222e-05,8.799538787570782e-05,8.84950858059003e-05,0.00011289512859657409
2295,8.115175804252633e-05,8.783391996985301e-05,8.785174961182445e-05,0.00011124329182202929
2296,8.668380069947387e-05,7.294174574781209e-05,8.800592953500907e-05,0.00011086414002929816
2297,8.524002901847578e-05,6.872721569379791e-05,8.782028804449106e-05,0.00011329496711841785
2298,7.49825446271441e-05,6.771976550226099e-05,8.852256485293361e-05,0.00011197704451624304
2299,8.222100410623373e-05,6.705646810587496e-05,8.828649238663881e-05,0.00010623553419718517
2300,0.00010142734177255382,0.00027065276401117444,8.789987091473045e-05,0.00010615746842813678
2301,0.0001021698042718021,0.0001466142770368606,8.717056437259696e-05,9.96402954333462e-05
2302,8.265385793897116e-05,7.69895117264241e-05,8.637026004435029e-05,0.00010130401011556388
2303,7.863501232350246e-05,0.0001389294012915343,8.585244674306725e-05,9.896075386204759e-05
2304,8.849365824264371e-05,6.632626391365193e-05,8.614045320460316e-05,0.00010349804252036848
2305,8.922927373431674e-05,0.00015065030747791753,8.609154223263936e-05,0.0001031373167585116
2306,0.00011496936760118439,0.00010609166129142978,8.619136603891901e-05,0.00010268777542514728
2307,7.387565743152259e-05,0.00010991687988280318,8.634154870427057e-05,0.00010228077569627204
2308,8.792731283594751e-05,6.814520107582211e-05,8.648970027861651e-05,0.00010158314206637443
2309,7.640788886217504e-05,0.00012986121990252286,8.600589361061187e-05,0.0001015569833572954
2310,9.995257071245255e-05,6.745351623976603e-05,8.577030227202664e-05,0.00010211162832565606
2311,7.776906980628458e-05,6.745693477569148e-05,8.634531152492853e-05,0.00010344641921110451
2312,9.108990333819141e-05,6.976083604968153e-05,8.616856195375375e-05,0.0001035174892458599
2313,7.961053813536031e-05,8.239009897806682e-05,8.527746937373496e-05,9.540479890420101e-05
2314,8.108167288204035e-05,0.00011958151240833104,8.405547161916426e-05,9.217243317980318e-05
2315,8.277811808511615e-05,6.494257206213661e-05,8.451741390324766e-05,9.45873218588531e-05
2316,0.00010325054845048322,0.0001987845031544566,8.497703621720172e-05,0.00010143160212319344
2317,7.703285046672034e-05,8.924904250307009e-05,8.479208583400274e-05,0.00010175836046109905
2318,7.630796503185087e-05,9.112337895203382e-05,8.461668217173104e-05,9.899141188361681e-05
2319,8.359716918979151e-05,7.782039465382695e-05,8.296858408559476e-05,9.787135346559806e-05
2320,8.485554740117449e-05,7.039307922241278e-05,8.366753831667463e-05,9.708606953499838e-05
2321,7.458863399935783e-05,7.228777802083642e-05,8.33019261109358e-05,9.778219508589243e-05
2322,7.935024555384492e-05,8.259333990281447e-05,8.320906254197729e-05,9.51402584905736e-05
2323,8.935777594969194e-05,0.00010108953763847239,8.241805314222197e-05,9.558962652808986e-05
2324,7.780226482686379e-05,6.88332189747598e-05,8.289250176910883e-05,9.70694285701029e-05
2325,7.915002727208452e-05,6.783550546970219e-05,8.27662672410952e-05,9.764687264105304e-05
2326,7.161986040753415e-05,6.5805133926915e-05,8.291829216468614e-05,9.73365338752046e-05
2327,9.420241504105636e-05,0.00013736172870267181,8.269364753343528e-05,9.528034805553033e-05
2328,9.012557017235345e-05,0.0003100364079000428,8.249343572177978e-05,9.872403340996242e-05
2329,8.386989866266958e-05,7.449522236129269e-05,8.174976499964637e-05,9.345142567181028e-05
2330,8.48441821775244e-05,8.147659304086119e-05,8.181336614684875e-05,9.243746074498631e-05
2331,7.376691544777714e-05,7.809020084096119e-05,8.231467088302857e-05,9.270063285366633e-05
2332,9.134951320851946e-05,9.028478161781095e-05,8.248193150534967e-05,9.389992096112109e-05
2333,7.878700769247695e-05,8.554833984817379e-05,8.20433540318239e-05,9.851213602814823e-05
2334,7.408629963821215e-05,6.381280501955189e-05,8.20534253205147e-05,9.825272937305271e-05
2335,8.017733571856903e-05,7.868771717767231e-05,8.207494728299532e-05,9.770918346475811e-05
2336,8.963028547845574e-05,0.00010445198582601733,8.123848935776753e-05,9.732095591607504e-05
2337,8.79340401378512e-05,8.419693782343529e-05,8.108129912191848e-05,9.737285767332651e-05
2338,8.341116122513389e-05,7.463162983185611e-05,8.099240530573297e-05,9.801341965794564e-05
2339,7.546555710076873e-05,6.817686691647396e-05,8.127619653209373e-05,0.00010020201511215418
2340,7.777282279372836e-05,0.0001510347059229389,8.151517615608303e-05,9.76779015851207e-05
2341,8.46587803971488e-05,6.696930970065296e-05,8.173088966610118e-05,8.924157681176438e-05
2342,7.862287914677938e-05,6.389991933247074e-05,8.146795668548697e-05,8.911690863315014e-05
2343,8.88405834363463e-05,9.770268166903407e-05,8.125272440116129e-05,8.833477896405381e-05
2344,8.777868474781928e-05,0.00010780259734019637,8.138380611522331e-05,8.813245794153769e-05
2345,7.389111056302984e-05,0.0001856984558980912,8.132175964161029e-05,8.738713574130087e-05
2346,7.48404162166278e-05,6.580261164344847e-05,8.188325167090322e-05,8.803206107695586e-05
2347,7.988829461586041e-05,6.900469219544902e-05,8.277369850418634e-05,8.911021072417497e-05
2348,6.844632781899741e-05,9.138384892139584e-05,8.224506708663991e-05,8.862692514085211e-05
2349,7.387250893063739e-05,7.013076290604659e-05,8.157457363300232e-05,8.806153084151447e-05
2350,7.692768186744717e-05,8.384955508518032e-05,8.127623211734722e-05,8.767956566880459e-05
2351,7.871464106655266e-05,0.00012052002028212883,8.168058690563258e-05,8.915809278842064e-05
2352,0.000100176905640789,7.425889052683487e-05,8.202237732346271e-05,8.914462758693847e-05
2353,9.551840792280726e-05,9.912828856613487e-05,8.184568256644222e-05,9.463402777910236e-05
2354,7.729657414731467e-05,7.137851789593697e-05,8.241775932450157e-05,9.713060815120116e-05
2355,7.946337506938208e-05,6.192335131345316e-05,8.2510368205193e-05,9.960554325953127e-05
2356,7.704395829932764e-05,7.303217527805828e-05,8.309769730031904e-05,9.906065905233845e-05
2357,8.979835136819423e-05,7.16517266118899e-05,8.313516877371714e-05,9.740621685050428e-05
2358,9.282430842480001e-05,0.00010167147323954851,8.330877494687835e-05,9.268613102613017e-05
2359,9.634747047029021e-05,9.076654620002955e-05,8.46376662071432e-05,9.45281590684317e-05
2360,6.69615502799085e-05,6.660557759460062e-05,8.452163016643478e-05,9.446701759588905e-05
2361,7.28679491375159e-05,9.031712834257632e-05,8.519160968523161e-05,9.44163618143648e-05
2362,8.047550224647339e-05,7.464780850568786e-05,8.528905727434903e-05,9.438532084459441e-05
2363,9.352003093226813e-05,0.00011159480782225728,8.528075809590518e-05,9.404552957857961e-05
2364,8.401031754652245e-05,6.784023687941954e-05,8.515304680008234e-05,9.234333882341162e-05
2365,7.335545386821549e-05,0.000288269710727036,8.405439141917869e-05,9.21409652219154e-05
2366,9.896069934863287e-05,0.0001293838190031238,8.296638414030894e-05,9.203223044751212e-05
2367,8.09381011640653e-05,0.00012577329704072327,8.273608437739311e-05,9.229577735532076e-05
2368,0.00010352381081449696,8.408057648921385e-05,8.294725307690289e-05,9.246907389024275e-05
2369,8.87154715827718e-05,6.644154229434206e-05,8.307861855783914e-05,9.28441513213329e-05
2370,7.82312648920601e-05,6.769631028873845e-05,8.227011501698548e-05,9.290509768761694e-05
2371,0.00010806269772324918,0.00011185331270098686,8.215143276029266e-05,9.500578374136238e-05
2372,7.698739359814984e-05,6.747615538188256e-05,8.09485631432229e-05,9.400378755526617e-05
2373,8.519581578891828e-05,9.011745438328944e-05,8.163782571597647e-05,9.375228310818785e-05
2374,7.630869865857272e-05,6.935473866178654e-05,8.239325234963974e-05,9.410507488646546e-05
2375,7.672020240635094e-05,7.535477343481033e-05,8.281491698451445e-05,9.364052287419329e-05
2376,7.55218586709816e-05,7.796525140292943e-05,8.17203413455799e-05,9.723197809071281e-05
2377,7.2710521118198e-05,6.919955048942939e-05,8.117587257034354e-05,9.928711486281827e-05
2378,6.831822595106334e-05,9.640991920605302e-05,8.120924436823572e-05,9.014704010332937e-05
2379,7.153908007441916e-05,7.796719059115276e-05,8.05189655446965e-05,8.801213853876108e-05
2380,8.474259255712645e-05,6.625576468650252e-05,8.044780249021845e-05,8.621797827654521e-05
2381,8.032809532273353e-05,8.240911105531268e-05,8.020491703516908e-05,8.604829429532403e-05
2382,6.958576284685276e-05,7.317538576899096e-05,7.985945972549314e-05,8.622810990782457e-05
2383,8.985725200747968e-05,0.00015418862458318471,8.005031856721163e-05,8.60390969028231e-05
2384,6.627573004354619e-05,6.571664154762402e-05,7.871340087990068e-05,9.115240305545743e-05
2385,8.419311459874735e-05,6.031796641764231e-05,7.843976265673213e-05,9.114467181498187e-05
2386,9.175361497909762e-05,9.913692279951647e-05,7.880609622031139e-05,8.989622175577097e-05
2387,9.101711811834118e-05,6.303400819888338e-05,7.91239186080121e-05,9.054152719327249e-05
2388,6.615563995890423e-05,0.00020138118823524566,7.891775302834705e-05,9.075997757609003e-05
2389,7.039859816561349e-05,0.00011921865618205629,7.886679607391771e-05,9.130250905291178e-05
2390,7.418974881551952e-05,5.976784173981287e-05,7.985267471134042e-05,9.094709269702435e-05
2391,8.170372876015285e-05,7.601127988891676e-05,8.06321307602856e-05,8.98015966755338e-05
2392,7.91590248021142e-05,8.09192904853262e-05,8.149301208193518e-05,9.112610009033232e-05
2393,9.745167443826278e-05,7.983847695868463e-05,8.15316826616052e-05,9.37011054600589e-05
2394,8.007903884087379e-05,7.09369326068554e-05,8.14615419063355e-05,9.59179091558326e-05
2395,8.300273593502222e-05,6.29709851637017e-05,8.238688392642265e-05,9.543771015596576e-05
2396,7.463975554047566e-05,0.00023968596651684492,8.146406059062833e-05,9.15615886275191e-05
2397,7.014643801893626e-05,6.72828743699938e-05,8.213664104243638e-05,9.189275744720363e-05
2398,9.435415487839944e-05,5.89062029030174e-05,8.187710322090425e-05,9.223390204133468e-05
2399,8.425425835109006e-05,8.548737459932454e-05,8.141550638829358e-05,9.475881345570087e-05
2400,7.156606291472498e-05,8.081603300524876e-05,8.09818189300131e-05,9.461186809348875e-05
2401,7.42479348102481e-05,9.152853832347318e-05,8.123229103253429e-05,8.908653266844339e-05
2402,9.73574870537656e-05,6.0314141592243686e-05,8.128331359023124e-05,8.785189315094613e-05
2403,8.780462717469265e-05,6.777251866878941e-05,8.114519199330566e-05,8.909275442711078e-05
2404,9.306111311565878e-05,0.00011107977596111596,8.083888737407201e-05,8.836745851440354e-05
2405,8.570935704887637e-05,0.00013063089892966672,8.111510831998505e-05,9.020079475594683e-05
2406,7.857457644099163e-05,0.00013782920344965533,8.03474668649465e-05,9.081326088635249e-05
2407,9.271931334903153e-05,6.117041077231988e-05,7.993589415208489e-05,9.18841817008797e-05
2408,6.678666861262172e-05,5.728558637201786e-05,7.92178172149256e-05,9.299092924338766e-05
2409,8.309024133874724e-05,7.39958620397374e-05,7.928876578452121e-05,8.932147350278683e-05
2410,7.770466906044425e-05,6.884658127091825e-05,8.007908592214035e-05,9.423902116832323e-05
2411,8.021369416383095e-05,0.00016225970815867186,7.939451617065873e-05,9.467710028402506e-05
2412,8.017493166132934e-05,5.9360374143579976e-05,7.871298203535846e-05,9.595284496317617e-05
2413,7.241744252193409e-05,6.324780260911212e-05,7.929893498625866e-05,9.506938905105927e-05
2414,7.16741621080372e-05,8.835266824462451e-05,8.008134172770144e-05,9.3916369904764e-05
2415,7.073670889237999e-05,9.078937364392914e-05,7.934808454172323e-05,9.429385743569584e-05
2416,7.404611327931181e-05,5.787888207123615e-05,7.869476763201723e-05,9.924631296889856e-05
2417,8.606454844994005e-05,0.00012675269652390853,7.785719675820373e-05,9.716299241408705e-05
2418,7.826063806229892e-05,9.515013021882624e-05,7.893429497651396e-05,9.42994955868926e-05
2419,6.978972101933323e-05,9.770995297003537e-05,7.882557102420834e-05,9.167153456946836e-05
2420,6.505081250603932e-05,9.063967372640036e-05,7.859624653647189e-05,9.169168554944917e-05
2421,7.641346978036583e-05,0.00014794957300182432,7.909247603804235e-05,9.199252457474357e-05
2422,8.990444145941485e-05,0.0001902215660084039,7.862085974807593e-05,9.178730586427264e-05
2423,7.723991109135871e-05,6.985818079556338e-05,7.840719254616286e-05,9.134128650766796e-05
2424,6.721590496858375e-05,0.00011738099157810212,7.770654463254485e-05,8.732202218379823e-05
2425,8.621488668723032e-05,5.872963520232588e-05,7.688433673497961e-05,8.718191306688822e-05
2426,9.38081033463176e-05,6.270305966609158e-05,7.656030096986796e-05,8.885928955278359e-05
2427,7.902605740431075e-05,6.975132986553944e-05,7.68722720945435e-05,8.794937799102626e-05
2428,7.147170443204231e-05,0.00019158390699885785,7.727231701751913e-05,8.7046697223559e-05
2429,7.212184127032136e-05,5.899676209082827e-05,7.76904884981276e-05,9.050794540089553e-05
2430,0.00011263681250663163,5.904347824980505e-05,7.744418191400148e-05,8.777146431384606e-05
2431,7.585647763335146e-05,7.21301780140493e-05,7.785095271020609e-05,8.889229224878363e-05
2432,8.698620115562032e-05,6.167418527184055e-05,7.807245279804596e-05,9.002828252851032e-05
2433,7.919240615188351e-05,6.480656200437807e-05,7.89354327496969e-05,9.32903703302145e-05
2434,7.129983408958651e-05,6.886539427796379e-05,8.040859056183964e-05,8.989165101083928e-05
2435,7.236298901261762e-05,5.7696097355801614e-05,8.052534489543176e-05,8.552138978266159e-05
2436,6.269749632338061e-05,6.177810006192885e-05,7.99201919671355e-05,8.499518652679399e-05
2437,5.961973422219873e-05,5.585764622082934e-05,8.053967799383423e-05,8.36104373272974e-05
2438,6.431654839414276e-05,0.00010518221475649625,7.960163205797371e-05,8.384151238133198e-05
2439,7.947344022492568e-05,6.560487920069135e-05,7.932473757213706e-05,8.594453952391631e-05
2440,8.07378319667704e-05,6.8222354457248e-05,7.885406771351377e-05,8.837185790762305e-05
2441,8.45004002945239e-05,0.00014441008650464937,7.891913968164267e-05,8.517014342360199e-05
2442,7.990688384678732e-05,5.834066934767179e-05,7.867835608129908e-05,8.502729210886173e-05
2443,8.842990796741408e-05,0.00012317082859226503,7.68171987638602e-05,8.499234830960631e-05
2444,7.532722321532977e-05,0.00012610970996320247,7.663126232283605e-05,8.565194433322176e-05
2445,8.662531129731279e-05,0.00017219186876900493,7.567140046093201e-05,8.999632956692949e-05
2446,0.00011324241508393445,6.298159001744352e-05,7.531674646500809e-05,8.96481811942067e-05
2447,9.282329979921795e-05,8.096503530396149e-05,7.535573440384016e-05,9.154935592086986e-05
2448,6.211108788395198e-05,5.6703099398873744e-05,7.532262373650965e-05,9.158035387517882e-05
2449,8.270305563605183e-05,8.276226159068755e-05,7.582497070478794e-05,9.13795979809947e-05
2450,6.27637382907172e-05,6.450651155319064e-05,7.711025011829206e-05,9.19113376876339e-05
2451,8.688574120040156e-05,0.00011527873823069968,7.748043599745468e-05,9.420645411591975e-05
2452,6.725931093872835e-05,0.00013043428945820777,7.749277264811101e-05,9.437700423295609e-05
2453,7.309850363526493e-05,0.00011154104489833117,7.727578102947319e-05,9.3936117348494e-05
2454,6.61022512617314e-05,5.5425479222321885e-05,7.677047754211043e-05,9.065286940895021e-05
2455,6.610787957065945e-05,5.816988326841965e-05,7.668808265201127e-05,9.111054231761955e-05
2456,7.120806660774785e-05,8.862007860443554e-05,7.566856033647329e-05,8.964718678034842e-05
2457,6.29896546080191e-05,0.0001702838161145337,7.533407175797037e-05,9.016859324183316e-05
2458,7.03260562537859e-05,5.610285268630833e-05,7.464114013063307e-05,8.605117340921424e-05
2459,7.227453256038845e-05,0.00011639476244454272,7.279565410701453e-05,8.642116712289861e-05
2460,7.153522232935454e-05,5.847104621352628e-05,7.202213871512666e-05,8.566597183234988e-05
2461,7.525617053033784e-05,5.675920270732604e-05,7.235571562131452e-05,8.60901488282252e-05
2462,9.175171955980154e-05,6.915113888680935e-05,7.179106818770783e-05,8.576778053538873e-05
2463,7.357119537320816e-05,0.00016256012546364218,7.223151144506926e-05,8.581105953489894e-05
2464,7.978185649133391e-05,6.986863212659955e-05,7.19770253836436e-05,8.341655881085897e-05
2465,7.531304150082482e-05,5.7200182345695795e-05,7.192869013330588e-05,8.08800045022508e-05
2466,7.186781311045505e-05,6.232888801605441e-05,7.168563786286136e-05,8.048587071534713e-05
2467,7.784701159430875e-05,6.978249206440523e-05,7.172245015325544e-05,8.13138366182102e-05
2468,6.294185007896481e-05,8.658694016048684e-05,7.312162175852186e-05,8.113287681189832e-05
2469,6.696500875275685e-05,0.00013914487150032073,7.309373372344353e-05,8.321423529705499e-05
2470,6.930202061388021e-05,6.925637295353226e-05,7.322660366610057e-05,7.992784824746196e-05
2471,6.710526449347122e-05,7.223143285955302e-05,7.436434357692229e-05,8.08671000850154e-05
2472,7.34854150020207e-05,6.208515304024332e-05,7.445642557350866e-05,8.017222922353538e-05
2473,7.045051053864881e-05,6.730752429575659e-05,7.478455534146632e-05,8.173582493036518e-05
2474,6.858686979588432e-05,7.470305426977575e-05,7.542440751599819e-05,8.545597037591503e-05
2475,7.377481972475329e-05,6.558848654094617e-05,7.444061915189699e-05,8.487168743449726e-05
2476,8.052358966475973e-05,5.5416220129700376e-05,7.519889961533612e-05,8.190090243879238e-05
2477,6.605092968028556e-05,6.702043174300343e-05,7.457263886818611e-05,8.128130925178993e-05
2478,6.702219687415184e-05,0.0001016877002257388,7.392699653509126e-05,8.143482767336536e-05
2479,6.702255852158285e-05,7.612462679389864e-05,7.338306147947961e-05,8.177406470931601e-05
2480,0.00010108716970232004,5.364588811062276e-05,7.272751111854129e-05,8.188676074787509e-05
2481,7.05108657307897e-05,0.0001406540407333523,7.257124824326539e-05,8.355490914254915e-05
2482,6.631140317444482e-05,8.812413987470791e-05,7.246212265680598e-05,8.132459719490725e-05
2483,9.876955402432941e-05,7.958414862514473e-05,7.230940110716296e-05,8.36917884851573e-05
2484,7.457658247504797e-05,9.902299090754241e-05,7.28606243478781e-05,8.304707506613341e-05
2485,7.973846652829606e-05,9.756093888427131e-05,7.286215591561307e-05,8.376035015389789e-05
2486,9.125247489363472e-05,0.00014976283884607255,7.314610703259758e-05,8.872512962843756e-05
2487,6.71570104572715e-05,5.454406535136513e-05,7.387600463407579e-05,8.786142275494057e-05
2488,9.25282069591857e-05,8.829050057101995e-05,7.471173684041585e-05,8.810252115945331e-05
2489,6.41253378125839e-05,5.437880245153792e-05,7.455495738702464e-05,9.273800861556081e-05
2490,5.9171983173453356e-05,6.103814288508147e-05,7.495203840824414e-05,9.237372367060743e-05
2491,5.826943672016367e-05,7.080981391482056e-05,7.483938652731012e-05,9.06882740324363e-05
2492,6.145825257085057e-05,7.259989302838221e-05,7.498082893337899e-05,8.972643637680448e-05
2493,5.903527819706748e-05,0.0001282906500273384,7.382362406060564e-05,8.96940552862361e-05
2494,6.423686909127152e-05,8.338707280927337e-05,7.343864828904366e-05,8.616150438901969e-05
2495,6.54839818728053e-05,0.00012843615520978348,7.401132796205476e-05,8.886446460965089e-05
2496,8.088584551134975e-05,5.611359738395549e-05,7.298099453586878e-05,9.01875714189373e-05
2497,7.352370419539512e-05,7.991703023435548e-05,7.297000242785241e-05,8.835974592366256e-05
2498,7.754928846326139e-05,0.00019142701115924864,7.379643797887387e-05,8.662689948105253e-05
2499,8.683430983283971e-05,5.311038243235089e-05,7.263874018034486e-05,8.275475280242971e-05
2500,9.466812488325457e-05,7.16159466537647e-05,7.246326178946119e-05,8.326160938595422e-05
2501,7.66041033299795e-05,0.0001713034065323882,7.174242476984445e-05,8.239454745780676e-05
2502,7.597795521077286e-05,5.7913308119168505e-05,7.189261384094911e-05,8.447581121581606e-05
2503,6.420589985080167e-05,5.955145927146077e-05,7.246123680346906e-05,8.582596034975722e-05
2504,7.05586186733045e-05,5.2078685403103006e-05,7.280719929808079e-05,8.611112932558171e-05
2505,7.215704788298656e-05,5.28363608464133e-05,7.309461962205306e-05,8.538384875282645e-05
2506,6.088647144173996e-05,5.2340268302941696e-05,7.30309165551767e-05,8.522863136604429e-05
2507,8.062839499972244e-05,0.0001556981453904882,7.314183401985146e-05,8.545371325453745e-05
2508,7.301121836967973e-05,0.00011266181885730476,7.367879174513897e-05,8.272909775259907e-05
2509,7.430177977463851e-05,5.332735352567397e-05,7.359255897204597e-05,8.387115366058424e-05
2510,0.00010039935530383243,5.423977781902067e-05,7.361348862113017e-05,8.350267850328237e-05
2511,6.231002993040926e-05,5.2959171880502255e-05,7.416319692145206e-05,8.385066916234792e-05
2512,6.277005068518014e-05,6.721547993947752e-05,7.344856306703555e-05,8.428538860171103e-05
2513,7.450728146876726e-05,6.66139523673337e-05,7.265510880614682e-05,8.737088076886722e-05
2514,6.788006459020026e-05,0.00010641039640177041,7.244514311476249e-05,8.26847443880979e-05
2515,7.338755723645187e-05,9.479187123361044e-05,7.242255942708451e-05,8.599368534050883e-05
2516,6.691849908545716e-05,7.79390383104328e-05,7.262465147747814e-05,8.633817862719298e-05
2517,6.864376067015756e-05,5.4417878709500654e-05,7.243330086510266e-05,8.769145295373165e-05
2518,5.7442701525158355e-05,0.0001244102153577842,7.23966520399295e-05,9.012901959940792e-05
2519,6.700980570814055e-05,8.901412002160214e-05,7.272758602598009e-05,9.347822570125574e-05
2520,7.890792500499325e-05,6.032076766132377e-05,7.258032937113765e-05,9.022627600934357e-05
2521,7.873002618402501e-05,8.466499508358538e-05,7.267069567363555e-05,8.820898405392653e-05
2522,7.404694542249976e-05,7.070515130180866e-05,7.213019760965835e-05,8.923998169484547e-05
2523,9.12919959713084e-05,0.00020012677763588726,7.104311823010602e-05,8.982738886261357e-05
2524,6.896846347242698e-05,6.397836841642857e-05,7.090941013399668e-05,9.05938492855057e-05
2525,7.483176836103666e-05,0.00014875325083266944,7.12692719868048e-05,9.083741657668723e-05
2526,7.135496104537095e-05,5.414999701315537e-05,7.10823205749168e-05,9.286228352575561e-05
2527,7.541336301882338e-05,0.00014063683192944154,7.15390228278314e-05,9.091233174549414e-05
2528,6.92582011106424e-05,6.816379143856466e-05,7.180589417370759e-05,9.26695040601771e-05
2529,6.577485336391772e-05,8.591054356656968e-05,7.216087370244268e-05,9.409916867152786e-05
2530,7.124082725365749e-05,0.00011377552698832005,7.190088739023647e-05,9.880110753001643e-05
2531,6.915982109300482e-05,0.000136070420849137,7.265091115647617e-05,9.944839711533857e-05
2532,7.694697862866128e-05,7.439940309268422e-05,7.286607142305001e-05,9.84182010462973e-05
2533,7.527037593212702e-05,6.22295199718792e-05,7.245880633062269e-05,9.830005357507613e-05
2534,6.078932817520884e-05,7.910229454864748e-05,7.20765423285128e-05,9.697665098938157e-05
2535,7.322237081502357e-05,6.892495701322333e-05,7.17717100287296e-05,9.662790253642013e-05
2536,5.896732752767599e-05,7.212068245280533e-05,7.056890178969802e-05,9.14918618829688e-05
2537,7.176659700538342e-05,7.330466221901589e-05,7.043792019216603e-05,9.182303760608194e-05
2538,6.983349617156718e-05,0.00011723562609404325,7.053588811929027e-05,8.81574822444236e-05
2539,7.929762091306556e-05,5.7661601895233614e-05,7.030387683771552e-05,8.809174501511733e-05
2540,8.005934088335683e-05,0.00013872117910068482,6.985629074236689e-05,8.45319131069118e-05
2541,7.57929873038342e-05,0.00011368065359420143,6.99848536013936e-05,8.396767875237855e-05
2542,6.214410286500222e-05,0.00017196635017171502,7.008246196330422e-05,8.292717831500342e-05
2543,7.619329568115063e-05,0.00014059245499083772,7.017293959506789e-05,8.332160099234897e-05
2544,7.238881237248682e-05,6.325921829557046e-05,7.042392251120572e-05,8.071595940564292e-05
2545,6.872629769431013e-05,5.736708088079467e-05,6.984320991388004e-05,8.141584519471507e-05
2546,6.917342613127807e-05,5.157993044122122e-05,6.929989946010109e-05,8.090926289733034e-05
2547,6.642613792791963e-05,6.198643997777253e-05,6.949902955093422e-05,8.337656455405522e-05
2548,6.122178999551882e-05,7.172576129960362e-05,6.902078853583792e-05,8.358580403437371e-05
2549,6.569392353412695e-05,7.225776149425655e-05,6.91972563082042e-05,8.425878337293398e-05
2550,7.728096653914286e-05,5.711436679121107e-05,6.880114735750897e-05,8.626445124682505e-05
2551,6.55546790060018e-05,5.25065662804991e-05,6.930049784585005e-05,8.407757128297817e-05
2552,6.422371063510783e-05,5.164103422430344e-05,6.891760489217833e-05,8.389425745990595e-05
2553,7.247227258631029e-05,5.405793257523328e-05,6.789779236229756e-05,8.612280765373724e-05
2554,6.821506241168309e-05,5.9898032632190734e-05,6.802560752516403e-05,8.475728493358473e-05
2555,7.350276804774896e-05,0.0001236360939219594,6.855118459659731e-05,8.09166586230276e-05
2556,7.543439399645042e-05,7.092938118148595e-05,6.825235443991712e-05,8.014640973706265e-05
2557,6.242916369552e-05,9.189654781948775e-05,6.855985678331409e-05,7.966281070548577e-05
2558,6.168761458765302e-05,4.956496253726073e-05,6.856425914706456e-05,8.087122742726935e-05
2559,6.576758044603695e-05,0.0001407848359667696,6.925336512439469e-05,8.272480421292132e-05
2560,6.126634543761611e-05,7.415594402118586e-05,6.938805232316047e-05,8.332825450052043e-05
2561,6.337902183683279e-05,8.894516591681167e-05,6.932788850746065e-05,8.281934199039826e-05
2562,6.186387323800267e-05,0.00012344635906629263,6.904381557542365e-05,8.238663028751037e-05
2563,8.231725838009475e-05,6.256362699787132e-05,6.834047532077724e-05,8.534474103071262e-05
2564,6.97252970712725e-05,5.307875631842762e-05,6.843675409812327e-05,8.539573130256034e-05
2565,5.456402763633782e-05,0.00019443493394646793,6.856086603333503e-05,8.55660046945559e-05
2566,7.89883663754962e-05,7.954258559038863e-05,6.840065347528758e-05,8.558657224348283e-05
2567,7.528352965083387e-05,7.595069240778684e-05,6.807650173529206e-05,8.867296485987028e-05
2568,6.872254176414572e-05,0.00012133623284171335,6.82628318877606e-05,8.58008393639466e-05
2569,8.0076370957411e-05,5.116924250614829e-05,6.750995153302534e-05,8.733241768495648e-05
2570,6.88363567880717e-05,8.757749892538414e-05,6.766097421221074e-05,8.61475126905134e-05
2571,8.640107556453182e-05,9.79193500825204e-05,6.775766682274278e-05,8.710281278763432e-05
2572,6.97933178970642e-05,7.707269716775045e-05,6.746368423628157e-05,8.393049039004837e-05
2573,5.971769460302312e-05,5.9002948546549305e-05,6.858662269627934e-05,8.469916003232356e-05
2574,5.859210023320177e-05,6.143996892205905e-05,6.940201843616606e-05,8.343701641715596e-05
2575,5.969746017298247e-05,0.0001310671353712678,6.987744734215087e-05,8.25754134421004e-05
2576,6.796164843965219e-05,5.378132307669148e-05,6.894707747431112e-05,8.235540520690845e-05
2577,6.732650901540182e-05,5.5897869024192915e-05,6.906819440094601e-05,8.309349319024476e-05
2578,6.846695863512448e-05,5.4572121298406275e-05,6.957146292325991e-05,7.73634966550162e-05
2579,6.011126891179528e-05,0.00013705784804187715,6.925109903062954e-05,7.637232393317388e-05
2580,7.816102185946268e-05,5.183295652386732e-05,6.910415167189463e-05,7.587154569628181e-05
2581,5.661238512806853e-05,0.00010921883920673282,6.908991018846994e-05,7.420882534643168e-05
2582,6.620473067515479e-05,6.227392295841128e-05,6.907959223770174e-05,7.452045845857355e-05
2583,6.410492985095415e-05,7.344746496528388e-05,6.871797865993964e-05,7.304978415777441e-05
2584,5.8418015784506374e-05,6.147677602712065e-05,6.782893184701809e-05,7.228641155816148e-05
2585,8.933980693756086e-05,9.337268507806584e-05,6.741496305330656e-05,7.14890828676289e-05
2586,8.376391533400036e-05,5.7391575537621975e-05,6.834615819033288e-05,7.138326056592633e-05
2587,7.37495958876227e-05,0.00010190628468990325,6.889107373459006e-05,7.476579659269194e-05
2588,5.905801168410108e-05,5.7063421118073165e-05,6.876159959517989e-05,7.151231177267619e-05
2589,7.275322023714479e-05,7.153095590183512e-05,6.914595073742224e-05,7.207380962208845e-05
2590,6.71457406941853e-05,5.1185020565753804e-05,6.908354649171492e-05,7.176709685008972e-05
2591,7.097926905973711e-05,5.476326754433103e-05,6.920911276603067e-05,7.370965696172789e-05
2592,7.160984568246123e-05,6.343123648548499e-05,6.94738463003887e-05,7.523346475791186e-05
2593,6.836650467852854e-05,7.976822409546003e-05,6.892790087569868e-05,7.62660182255786e-05
2594,7.981842218820627e-05,5.896007030969486e-05,6.920183744773063e-05,7.409779343288392e-05
2595,5.979601734401917e-05,5.0810641405405476e-05,6.883832577570705e-05,7.357768554356879e-05
2596,6.417490524149293e-05,7.883503509219736e-05,6.915463685969976e-05,7.359145861701107e-05
2597,5.944409805427616e-05,5.713947990443558e-05,6.986419038213271e-05,7.426760675152763e-05
2598,8.299757302868076e-05,5.635739100398496e-05,6.927934000721304e-05,7.63340828125365e-05
2599,7.221498883963148e-05,0.00014600336959119886,6.899493396631443e-05,7.630510929739101e-05
2600,5.646060668772811e-05,4.9730014870874585e-05,6.828393863979727e-05,7.568011824623682e-05
2601,7.757042699571078e-05,6.781876931199804e-05,6.887445496492243e-05,7.767160109360703e-05
2602,6.576640287271908e-05,4.823004972422495e-05,6.858059239813075e-05,8.035436935606411e-05
2603,7.160611549301797e-05,0.00010313612408936024,6.90863947710669e-05,8.179475648794323e-05
2604,6.672960727074597e-05,0.0001751530429464765,6.932241800920262e-05,8.187309158965945e-05
2605,6.451238624221231e-05,7.764679321553558e-05,6.919410196294646e-05,8.131477208225988e-05
2606,6.346079942886717e-05,5.5013219389365985e-05,6.881060608332822e-05,8.522880521486513e-05
2607,5.711693887456527e-05,4.927122572553344e-05,6.871032867897561e-05,8.574422483798116e-05
2608,7.201270695077255e-05,7.379179180134088e-05,6.905928066440134e-05,8.616906095703599e-05
2609,7.615685384533006e-05,7.838047939003446e-05,6.911056898663649e-05,8.501255314040462e-05
2610,7.471854756456903e-05,0.0001450345866032876,6.908216908405948e-05,8.483336866192985e-05
2611,7.665376431153466e-05,5.666723765898496e-05,6.862675017004624e-05,8.448824198858346e-05
2612,5.597471272469395e-05,8.628150841104799e-05,6.837566787402871e-05,8.440753135073465e-05
2613,7.382091981223008e-05,0.00010685049230232835,6.893381893298486e-05,8.54940097517101e-05
2614,6.540665606735274e-05,0.00013860016246326269,6.829983847953068e-05,8.59237259166548e-05
2615,7.979080001758929e-05,8.719469886273146e-05,6.786572854099277e-05,8.726367876224686e-05
2616,7.687985001312982e-05,5.672164508723654e-05,6.755993066472001e-05,8.506080679653678e-05
2617,6.840194452605727e-05,4.947324880049564e-05,6.775797704920277e-05,8.916904204816092e-05
2618,5.877910768807245e-05,0.0001776190524105914,6.843737746174965e-05,8.904582442191896e-05
2619,7.731148707939105e-05,7.184556088759563e-05,6.875202255129504e-05,8.986030052474234e-05
2620,6.851981697966241e-05,6.143154438177589e-05,6.920390846919165e-05,8.992888685606886e-05
2621,6.545711329737161e-05,4.9922339676413686e-05,6.878938363515772e-05,9.08664502465399e-05
2622,5.8734100489851294e-05,5.265986794256605e-05,6.824110819175579e-05,9.04922620189609e-05
2623,7.161210017834997e-05,4.7729224170325325e-05,6.801070466010262e-05,8.680330291681457e-05
2624,6.593793143919256e-05,0.00014398560364497825,6.775290088553448e-05,8.895402797788847e-05
2625,7.041438316163193e-05,7.689197489526123e-05,6.833899358979479e-05,8.820300885417966e-05
2626,6.172091565935666e-05,7.856167343561537e-05,6.809309849437947e-05,8.794465798710009e-05
2627,5.4913654409271355e-05,8.172887086402625e-05,6.83365536814866e-05,8.536996225884651e-05
2628,6.396116858619887e-05,4.806432494660839e-05,6.749406952908936e-05,8.780107148049867e-05
2629,7.168076688281468e-05,0.0002778589242370799,6.750326617588549e-05,8.752190811501353e-05
2630,8.149739655588443e-05,7.456635255948641e-05,6.70928576919121e-05,8.842712443147322e-05
2631,7.132692666750194e-05,7.537512195995078e-05,6.780546613962442e-05,8.908154453674799e-05
2632,6.841408682198057e-05,5.09858840086963e-05,6.749437046269629e-05,8.988550374342596e-05
2633,6.164958609992431e-05,9.723087656311691e-05,6.740993631376317e-05,8.934319623513149e-05
2634,6.244996776028226e-05,6.902577370055951e-05,6.769129706048666e-05,9.080781089141966e-05
2635,6.895845927323939e-05,5.281060904962942e-05,6.80340898776194e-05,9.119091989705339e-05
2636,7.020866994733094e-05,0.00011043536418583245,6.76250056754927e-05,9.13658774108626e-05
2637,7.062703033120165e-05,6.750603031832725e-05,6.77220309466874e-05,8.767372100555805e-05
2638,6.767354242684734e-05,0.00010039172062533907,6.725737332696252e-05,8.739098574442324e-05
2639,7.149303574503089e-05,7.423276925692334e-05,6.763453680485126e-05,8.618089662923012e-05
2640,5.872869620765818e-05,0.0001479724294040352,6.829645242703717e-05,8.538646219822113e-05
2641,7.710976618303296e-05,4.974256095010787e-05,6.79181808111025e-05,8.724496760114562e-05
2642,5.814173242672243e-05,7.210365671198815e-05,6.776834161040218e-05,7.800945607887115e-05
2643,7.659431888088066e-05,0.00019397955504246055,6.701996948783442e-05,7.837511780962814e-05
2644,6.95340951561876e-05,9.194454105454497e-05,6.658511168336392e-05,7.734722422610501e-05
2645,6.640896325633447e-05,4.7873856674414126e-05,6.658365246904496e-05,8.002618362952488e-05
2646,7.249113196545901e-05,8.65377060836181e-05,6.720040765875537e-05,7.81511252367636e-05
2647,6.730392091817016e-05,6.22375930834096e-05,6.769781854236499e-05,7.80092046043137e-05
2648,6.138499512518239e-05,5.2103162015555423e-05,6.705382479930348e-05,7.946226980129721e-05
2649,6.836356321905947e-05,5.168169351236429e-05,6.685571497493785e-05,8.184158968797418e-05
2650,5.879794266850998e-05,6.982359336689114e-05,6.699041947075686e-05,8.172370669781229e-05
2651,7.115000260657527e-05,4.830944555578753e-05,6.639886042361874e-05,7.97672495333245e-05
2652,7.146154496391925e-05,6.186801008880139e-05,6.625225537249613e-05,7.958943324338179e-05
2653,5.450437818783232e-05,9.452696001972072e-05,6.62132758585762e-05,7.585557517886628e-05
2654,6.79347868653066e-05,4.697113618021831e-05,6.573173944068712e-05,7.594526760221924e-05
2655,6.278809349169023e-05,8.370789582841098e-05,6.591352871877867e-05,7.600940361444373e-05
2656,6.0455481555739725e-05,4.9677782371873035e-05,6.565639936921394e-05,7.048662522865925e-05
2657,6.837760646400663e-05,0.00011795986909419299,6.498778706882149e-05,7.008177409588826e-05
2658,7.706846584268432e-05,5.035441674408503e-05,6.505157543999505e-05,7.038388454238885e-05
2659,7.488523985052274e-05,6.547775788931176e-05,6.45781362484235e-05,6.928224368020891e-05
2660,5.285861569670184e-05,8.913723897421732e-05,6.46557369867676e-05,6.865928031620568e-05
2661,6.52559243381903e-05,0.00016991836135275663,6.493730493982891e-05,6.846520882681943e-05
2662,7.399464272667602e-05,6.455895556428003e-05,6.429987712019486e-05,6.900328389310743e-05
2663,5.288456624839455e-05,5.1480291513144036e-05,6.427105191234863e-05,6.87762321496848e-05
2664,6.782790946696574e-05,6.978736200835556e-05,6.353245223840025e-05,7.359984909999184e-05
2665,5.775420835966037e-05,5.4625977791147305e-05,6.421144456544426e-05,7.324643936008214e-05
2666,6.50713557358055e-05,5.198487153393216e-05,6.439492988316084e-05,7.178527190699241e-05
2667,6.268646437901124e-05,7.370705701760016e-05,6.412322925138545e-05,7.389385585556737e-05
2668,7.016608514176268e-05,5.5910095397848636e-05,6.440019086003303e-05,7.273640788043848e-05
2669,5.281878764637643e-05,8.182326273526996e-05,6.410325375747764e-05,7.308768336661159e-05
2670,6.80036725356735e-05,5.5426617836928924e-05,6.438928170310749e-05,7.033744349027985e-05
2671,6.0655152176170504e-05,5.89966845291201e-05,6.495783462143866e-05,7.027049286989495e-05
2672,6.924393937677248e-05,4.666350898332894e-05,6.409266894980748e-05,7.378045602235943e-05
2673,6.84241939517152e-05,4.7251374780898914e-05,6.501115512704321e-05,7.380540820304304e-05
2674,5.242786772820788e-05,6.513357016956434e-05,6.545903923268067e-05,6.88710109097883e-05
2675,5.8077312472354e-05,6.414729978132527e-05,6.481493319572311e-05,6.886563270527404e-05
2676,5.268501075786642e-05,0.00016889986931346358,6.509308324602896e-05,6.877053020871242e-05
2677,8.843635314001909e-05,5.303276659105905e-05,6.493508474894851e-05,7.588467802270315e-05
2678,5.9091511130746866e-05,5.79977736924775e-05,6.530757694045962e-05,7.704210461815821e-05
2679,6.114227107092221e-05,9.968573489459232e-05,6.62248820360724e-05,7.712641045218334e-05
2680,6.971213370787963e-05,5.4771696450188754e-05,6.583930069399584e-05,7.625595322460868e-05
2681,5.3032053991854705e-05,5.845966952620074e-05,6.55131469981926e-05,7.635615944745951e-05
2682,7.552830510475259e-05,4.9203872185898946e-05,6.601410335440759e-05,8.80946593300905e-05
2683,9.128228880096383e-05,4.8680651234462856e-05,6.684484958790968e-05,8.772200304374562e-05
2684,5.3256098059743336e-05,0.00015322683670092373,6.776084740672055e-05,9.660794683441052e-05
2685,7.58207701275953e-05,8.976104349130765e-05,6.811396252693765e-05,9.7071370165213e-05
2686,7.645302697912687e-05,4.655842902138829e-05,6.80275247668356e-05,9.764654697792138e-05
2687,5.7891991802737016e-05,6.442450045142323e-05,6.90721567930369e-05,9.689069635351188e-05
2688,5.983831750604117e-05,4.910272909910418e-05,6.925918220885149e-05,9.896570207492914e-05
2689,6.387794703995396e-05,0.00024764105735812335,6.929306744972968e-05,9.602585649408865e-05
2690,6.706651314743795e-05,8.35616426775232e-05,6.856957555961951e-05,9.64449799474096e-05
2691,8.800398312612541e-05,5.409251738456078e-05,6.85179981131417e-05,9.961050334095488e-05
2692,5.304693082709693e-05,5.1945626328233626e-05,6.853591375466851e-05,9.969367545854765e-05
2693,6.20122427466817e-05,5.841525096911937e-05,6.93850915908115e-05,9.936704632418697e-05
2694,6.534269655175093e-05,0.00037528575980104505,6.965030992869288e-05,9.887359477288557e-05
2695,8.877232837322582e-05,4.611021067830734e-05,6.946982013307408e-05,0.0001002375611831667
2696,8.355509764644214e-05,0.0002811452792957425,6.814962347723646e-05,0.00010012531370448415
2697,7.80718173822e-05,5.82490922533907e-05,6.930239475752588e-05,9.817609205783811e-05
2698,6.626324994916407e-05,6.163079509860836e-05,6.864094809894192e-05,9.66460735158762e-05
2699,7.854366838324091e-05,4.623730455932673e-05,6.78011146732994e-05,9.730559465533588e-05
2700,6.275294786771863e-05,0.00011602244281675666,6.791425976617675e-05,9.712295902718325e-05
2701,5.353214177982105e-05,9.540372979245148e-05,6.804819201222723e-05,9.75892479036702e-05
2702,7.034905588726461e-05,6.351085292408243e-05,6.82783754917586e-05,9.540922378364485e-05
2703,5.780207496880192e-05,0.00013713585853110998,6.873440146963629e-05,9.542164217855315e-05
2704,6.159016210909209e-05,0.00010176503783441149,6.784448701720167e-05,9.514528281579259e-05
2705,9.094157961145457e-05,4.660596809117124e-05,6.803725810087699e-05,9.58076179405907e-05
2706,5.966251243888918e-05,4.612338074366562e-05,6.82355851381241e-05,9.543081693409475e-05
2707,7.101606021428274e-05,8.330303244292736e-05,6.786849893914122e-05,8.286159650306216e-05
2708,5.8277372405023524e-05,4.5874464267399164e-05,6.751906447316288e-05,8.457700341241433e-05
2709,8.207538006697885e-05,0.0001044962955347728,6.718578517045697e-05,7.662252393783999e-05
2710,5.928460366299583e-05,5.151057994225994e-05,6.700049289712398e-05,7.622279400238766e-05
2711,5.545719133806415e-05,6.304645750788041e-05,6.645703083825841e-05,7.718126261606811e-05
2712,6.0720619124670824e-05,5.985860974760726e-05,6.533242925894835e-05,7.75803242926486e-05
2713,6.318662365730335e-05,6.0759951011277736e-05,6.487749513778706e-05,7.536644526408055e-05
2714,6.963253402823789e-05,0.00019314045435748996,6.49902246480148e-05,7.35317915561609e-05
2715,7.846716259438027e-05,8.387210255023092e-05,6.458561764367105e-05,7.289329239283689e-05
2716,6.575612181525988e-05,4.7183533315546814e-05,6.493243219657515e-05,7.039911805768498e-05
2717,5.786620791898005e-05,6.85040044481866e-05,6.466610520227631e-05,6.941990363411607e-05
2718,6.697041867785931e-05,4.899522580672055e-05,6.364846870306388e-05,7.038191523170099e-05
2719,5.6165541577178776e-05,6.105524902523029e-05,6.381401036390645e-05,7.034019125276245e-05
2720,8.003646672376716e-05,8.899538341211155e-05,6.342393183876992e-05,6.890221178182401e-05
2721,7.522311507879446e-05,8.228329243138432e-05,6.359670156946068e-05,6.897539164638146e-05
2722,7.343951054887535e-05,4.825584386708215e-05,6.316820686058942e-05,7.04187860887032e-05
2723,5.267669847752485e-05,8.559251044061967e-05,6.382544370442499e-05,7.028127366211267e-05
2724,5.0428628900489356e-05,5.6213846473838206e-05,6.427505844799775e-05,6.973153232247569e-05
2725,5.13795948386865e-05,6.067546710255556e-05,6.407216588154875e-05,6.929541500867344e-05
2726,5.635037953551445e-05,4.9537387094460425e-05,6.39860357321191e-05,6.957003212883137e-05
2727,6.023388077867114e-05,4.7548373840982096e-05,6.317998648883077e-05,6.392811377299949e-05
2728,6.647243879140459e-05,7.478150015231221e-05,6.288726363580078e-05,6.252312731230631e-05
2729,5.493198725162074e-05,7.72846772451885e-05,6.256131653935881e-05,6.25125558290165e-05
2730,6.550066713114372e-05,7.065625803079456e-05,6.277106038905912e-05,6.306512751616537e-05
2731,6.38010539599539e-05,4.508028127020225e-05,6.282001260406105e-05,6.91662018885836e-05
2732,6.126409708586935e-05,4.7353545669466255e-05,6.323890529375704e-05,6.912638193171007e-05
2733,6.25966156722926e-05,4.770396088133566e-05,6.256632922191379e-05,6.777174612216187e-05
2734,7.13630123451973e-05,0.0001405811565928161,6.291692246644136e-05,7.74690988677321e-05
2735,7.57155247588849e-05,4.807276927749626e-05,6.291300732797632e-05,7.96566949080443e-05
2736,6.669755992738323e-05,4.930292401695624e-05,6.319853797580839e-05,8.081467286392581e-05
2737,5.56483049634456e-05,4.8955676902551204e-05,6.381363098658361e-05,8.048046846233774e-05
2738,6.103336992156174e-05,6.762537901522592e-05,6.437367711494314e-05,8.400003672286403e-05
2739,4.948130294602985e-05,5.209249546169303e-05,6.508395251100106e-05,8.487388012872543e-05
2740,7.114909126863091e-05,4.874744103290141e-05,6.482541262230369e-05,9.333996533241589e-05
2741,5.760744440421048e-05,4.6919246233301235e-05,6.486958605754707e-05,9.76737270510057e-05
2742,6.310980416148798e-05,8.23182966269087e-05,6.569156411310865e-05,9.705418030789588e-05
2743,6.819422405290728e-05,0.00020152208511717618,6.555288101048467e-05,9.816485313640442e-05
2744,6.663785881957866e-05,6.005975010339171e-05,6.534586473490992e-05,0.00010381090265873355
2745,6.3222064927686e-05,5.512948817340657e-05,6.609672137387357e-05,0.00010570722972915975
2746,8.398794619198371e-05,0.0003247171110706404,6.641749077405419e-05,0.00010918175251281355
2747,7.334163208724931e-05,0.00010294574487488716,6.609937453047477e-05,0.00010619450693193358
2748,5.981496467332666e-05,0.00011454195933765731,6.596502453515616e-05,0.00011009837907331531
2749,6.580595416987004e-05,4.785873643413652e-05,6.541333469407011e-05,0.00011028250802191906
2750,6.538074804767449e-05,0.00014866467361571267,6.522147314293155e-05,0.00011031994285294787
2751,7.41072644369625e-05,7.138347224099562e-05,6.504126240227682e-05,0.00010938693682837766
2752,5.377038356123699e-05,0.00025920050393324345,6.526733212586905e-05,0.0001091734682529932
2753,6.757677467248868e-05,0.00018312554311705753,6.457791459074037e-05,0.00010932602372777184
2754,7.54814386406603e-05,6.179600866744295e-05,6.439981622453263e-05,0.00011092419865599368
2755,6.20335895655444e-05,9.842307874350808e-05,6.454996583634057e-05,0.00010945175579690841
2756,5.862564707058482e-05,0.0001862315193284303,6.387239212312529e-05,0.00010473617482639383
2757,8.003551305996047e-05,9.476172243012116e-05,6.369326970177807e-05,0.00010448664166906382
2758,7.061585067680829e-05,0.00013456703047268093,6.357137705005396e-05,0.00010750359254598152
2759,6.341010625571167e-05,6.590001707081684e-05,6.309862437645078e-05,9.645733810320964e-05
2760,7.235677487592006e-05,0.0001456695728120394,6.27798919656521e-05,9.438711010734554e-05
2761,5.290531390023211e-05,5.390614773205016e-05,6.287852951338411e-05,9.409817163832488e-05
2762,5.085176618498129e-05,4.9891547678271306e-05,6.241774319852184e-05,9.415222227980851e-05
2763,5.652810140519351e-05,4.430022840097081e-05,6.205620017652916e-05,9.061236226407345e-05
2764,5.513304603583593e-05,4.675578107708134e-05,6.18516722913935e-05,9.087176986795387e-05
2765,5.3913652890413584e-05,5.256132790236734e-05,6.245166361008563e-05,8.760778989235406e-05
2766,5.315498524901664e-05,8.687361943884753e-05,6.272259240601366e-05,8.354172971157825e-05
2767,6.686354445668662e-05,4.550722514977679e-05,6.184919789569297e-05,8.303299040126149e-05
2768,5.1254881222525405e-05,8.363256085431204e-05,6.166350200138468e-05,8.144234903738834e-05
2769,6.215979828589802e-05,5.3821421170141547e-05,6.206939387484453e-05,7.596064712852238e-05
2770,6.0174748634583216e-05,0.00013055326009634883,6.153546434232136e-05,7.97050726483576e-05
2771,7.216912935190421e-05,4.856075000134297e-05,6.1025075225754526e-05,7.877280899556353e-05
2772,6.537332181728238e-05,5.119004497828428e-05,6.089257238814349e-05,7.895646291435697e-05
2773,6.228090336662717e-05,0.00010731849761214107,6.0362743214742905e-05,7.492484449176116e-05
2774,5.428629629831347e-05,4.92100024712272e-05,6.0881485251593406e-05,7.501843550708144e-05
2775,5.634217249785757e-05,6.0168173222336916e-05,6.185882818115513e-05,7.561042046290821e-05
2776,6.899406730857057e-05,7.786866233800539e-05,6.182588822589928e-05,7.643532004149164e-05
2777,6.877016652854056e-05,0.00017760100454324856,6.232162991622721e-05,7.667768163664731e-05
2778,7.434999457068948e-05,8.1474038597662e-05,6.296876262802269e-05,7.799851532035972e-05
2779,5.364657588264284e-05,4.907752590952441e-05,6.277658035816987e-05,7.765300703176763e-05
2780,5.739119220783727e-05,5.8657044646679424e-05,6.278734191469589e-05,7.759144655137789e-05
2781,6.877294390708105e-05,4.918897160678171e-05,6.299964535250586e-05,7.613572238769848e-05
2782,6.668727474688138e-05,0.00018837236042600124,6.334943884673217e-05,7.580861093883868e-05
2783,5.785612276263742e-05,0.00011126043915282935,6.321016093004598e-05,7.367605314648246e-05
2784,6.009753531543538e-05,7.049136504065245e-05,6.255332477287286e-05,7.415513269079384e-05
2785,5.9111045540905455e-05,4.48791122471448e-05,6.214834474053026e-05,7.39713082817616e-05
2786,6.587386482149466e-05,5.6245923115056936e-05,6.205595816621402e-05,7.254446040897165e-05
2787,7.528533942402445e-05,6.469117157394066e-05,6.2365043820076e-05,7.471065114659723e-05
2788,5.5704602523797396e-05,6.492271786555648e-05,6.220828720284366e-05,7.675622712995393e-05
2789,6.75265882940342e-05,5.281482095597312e-05,6.215591338016869e-05,7.557506767043378e-05
2790,7.009197068530032e-05,8.558216999517754e-05,6.185676790838544e-05,7.077433634258342e-05
2791,4.835042850269625e-05,7.823591222404503e-05,6.1163564347468e-05,7.027205572521782e-05
2792,6.713258336983724e-05,4.396821314003319e-05,6.219112378021236e-05,7.047594386676793e-05
2793,5.6562467167774834e-05,4.723945676232688e-05,6.184656204390597e-05,7.121923829545268e-05
2794,7.090463564155572e-05,4.564363494864665e-05,6.171526174811232e-05,7.277586087584496e-05
2795,5.669280071742833e-05,7.723931528744288e-05,6.140630417341728e-05,6.709003449650481e-05
2796,5.574822542257607e-05,6.05377386091277e-05,6.10947513606839e-05,6.443062090838796e-05
2797,5.524882100871764e-05,4.659443475247826e-05,6.152109480171929e-05,6.356078945682384e-05
2798,5.997123900872086e-05,7.164730079239234e-05,6.160340576219217e-05,6.384582180180587e-05
2799,6.201343764486309e-05,0.0001033647709118668,6.168351085604323e-05,6.339698765659705e-05
2800,5.242325706704934e-05,0.00011130757280625403,6.15398399936061e-05,6.316849033464678e-05
2801,6.768472174169599e-05,4.8339675850002095e-05,6.190065615422403e-05,6.249946852913126e-05
2802,6.129152973395927e-05,5.7582721346989274e-05,6.166835794283543e-05,6.507621318451129e-05
2803,5.70199055477537e-05,6.891702316352166e-05,6.128916968365149e-05,6.764322762028313e-05
2804,7.933556170125182e-05,5.4174729448277504e-05,6.178471953511083e-05,6.633303525450173e-05
2805,4.877714880017771e-05,7.723940536379813e-05,6.139053030055947e-05,6.740448586933781e-05
2806,6.549043651223959e-05,8.810453611658886e-05,6.159503458345877e-05,6.747565158002545e-05
2807,5.896333537950543e-05,4.62267009424977e-05,6.1034442629897957e-05,6.759329751657788e-05
2808,5.0067302444302994e-05,4.4775099449907427e-05,6.115918213423962e-05,6.901380655763204e-05
2809,7.075612134132017e-05,4.8745578751550057e-05,6.139218826752363e-05,6.869166414253414e-05
2810,6.116881955272724e-05,5.2004920871695506e-05,6.160971468456813e-05,6.862057259131688e-05
2811,6.787649216777127e-05,4.502506948483642e-05,6.140021073547864e-05,6.752980863093398e-05
2812,7.169356786309638e-05,5.897873852518387e-05,6.156877622609802e-05,6.791760571650229e-05
2813,6.472500653924523e-05,4.819717272766866e-05,6.167305933292179e-05,6.539913679589517e-05
2814,6.17191330093192e-05,0.00011723343734047375,6.152988563537493e-05,7.402357897954063e-05
2815,6.061226420570165e-05,0.00014975753088947386,6.2539841379233e-05,7.355205578496679e-05
2816,6.0739174789179945e-05,4.548110307950992e-05,6.229004886505815e-05,7.288628350943328e-05
2817,5.727785250605343e-05,7.075447851093486e-05,6.142125599823581e-05,7.309825483243914e-05
2818,6.167507424025745e-05,4.901859952951781e-05,6.163464120763819e-05,7.30567621649243e-05
2819,5.688983680253538e-05,4.858478336245753e-05,6.104236280662008e-05,7.203131715068595e-05
2820,5.981128832596975e-05,0.00011275204131379724,6.0936539265417695e-05,7.212331988266672e-05
2821,6.157337875467621e-05,5.2484178231679836e-05,6.134338397759065e-05,7.325680890644437e-05
2822,6.068698143483036e-05,4.4817145972047e-05,6.153106215319389e-05,7.305783239426093e-05
2823,5.473364028148353e-05,4.437820178281982e-05,6.123370848880666e-05,7.347511494881475e-05
2824,6.622757491034766e-05,0.00011305969805107452,6.084279833594337e-05,7.41669329436263e-05
2825,5.503033473764339e-05,4.8345849791076034e-05,5.9896619167799745e-05,7.441767262353097e-05
2826,6.410537930302478e-05,0.0002639507304411381,5.9707910300413556e-05,7.422877381613944e-05
2827,8.654042333041111e-05,4.579464148264378e-05,5.9338203788825516e-05,7.20887463685358e-05
2828,5.0775092693382044e-05,5.2272716275183483e-05,5.942596187588707e-05,6.921124137879815e-05
2829,5.7615740030693514e-05,5.947401252342388e-05,5.970129313936923e-05,7.074697261559776e-05
2830,5.41117790352372e-05,7.620208867592737e-05,5.986910403913094e-05,6.961346577736549e-05
2831,5.068347648678658e-05,6.246841076062992e-05,5.9341713285539296e-05,7.023490156279876e-05
2832,5.631774684944604e-05,4.85267692420166e-05,5.9195865009678535e-05,7.017459315247833e-05
2833,6.023842024862663e-05,7.311232504434883e-05,5.902379109239621e-05,6.74537698214408e-05
2834,7.544807573140133e-05,4.3771165946964176e-05,5.9181930027746914e-05,6.724923416622915e-05
2835,5.373497794304664e-05,6.243698473554104e-05,5.9487135369757506e-05,6.723617885727437e-05
2836,5.8103738346188845e-05,6.232051935512573e-05,5.99209121189132e-05,6.724958493432498e-05
2837,4.8039088659505876e-05,6.524723052280024e-05,5.987751193525684e-05,6.507394504442346e-05
2838,6.000728485459048e-05,4.347470254288055e-05,6.029858058787391e-05,6.632733314472717e-05
2839,5.247647021961812e-05,6.373275115038268e-05,5.9954058856075994e-05,6.043942504620645e-05
2840,6.280621638224046e-05,7.781990614603274e-05,5.864935182051138e-05,6.791356975736562e-05
2841,6.762245637623387e-05,8.387438399950043e-05,5.900988615936109e-05,6.938252063991968e-05
2842,6.147312500009624e-05,4.2416807555127886e-05,5.9651142677466855e-05,6.868939815030899e-05
2843,4.849030540046644e-05,6.455449416534975e-05,6.037107839284646e-05,6.903865093190689e-05
2844,5.324362990601609e-05,4.7077073104446755e-05,6.043857038263619e-05,6.825013847847004e-05
2845,5.550944039391147e-05,4.473145803785883e-05,6.0463954390434074e-05,6.987604187743275e-05
2846,6.552685213844395e-05,4.73707868513884e-05,6.029415782072141e-05,7.083192558784504e-05
2847,6.831711498509523e-05,4.449076324817725e-05,5.926640737759751e-05,7.089851556811481e-05
2848,6.557805901037581e-05,4.4713353709084913e-05,5.980696640827874e-05,7.689484369475397e-05
2849,6.514257031893876e-05,5.866870080353692e-05,6.0243433642608576e-05,7.709926157258452e-05
2850,6.55570510530702e-05,7.968055229866878e-05,6.0586457036778376e-05,7.634997079730966e-05
2851,5.549233600807687e-05,0.00011675302797812037,6.107784128285454e-05,7.822541014174933e-05
2852,5.3922747441295844e-05,0.00023264825926162303,6.18305638550535e-05,7.88003755034879e-05
2853,5.978845116462455e-05,8.899648833903485e-05,6.130865357909998e-05,8.022889021085577e-05
2854,7.364715298333774e-05,4.2145950283156707e-05,6.11904707415508e-05,7.97978552465793e-05
2855,7.211017191972738e-05,8.493340821587481e-05,6.0990788597620036e-05,7.991507393307986e-05
2856,5.2370776231530016e-05,4.2755599424708634e-05,6.185758995561627e-05,8.28335738857277e-05
2857,5.6952347044393216e-05,8.917435421608388e-05,6.227747038081159e-05,8.310665143071677e-05
2858,5.599350600580995e-05,9.700941780465655e-05,6.201611766510824e-05,8.331027602835095e-05
2859,4.9754314653303784e-05,4.543591545370873e-05,6.155158876968521e-05,8.31373528169934e-05
2860,6.724895371007733e-05,0.00021234518790151923,6.094869848926059e-05,8.584200998884628e-05
2861,6.90154192044348e-05,6.743096630088985e-05,6.1022284215464924e-05,8.614066135196482e-05
2862,5.661467351375096e-05,4.651496114092879e-05,6.0833331647477776e-05,8.552989654417617e-05
2863,7.229189100649415e-05,9.036068615387194e-05,6.096280465038338e-05,8.483405446750113e-05
2864,7.129453452459226e-05,7.810688519384712e-05,6.119225336490975e-05,8.188496447983197e-05
2865,4.9758459483402675e-05,0.00011353277383022941,6.110229910732921e-05,7.492564957938155e-05
2866,6.466788543750429e-05,7.309850989258848e-05,6.180431490356569e-05,7.390497499727643e-05
2867,5.6481071401827244e-05,4.5347274717642e-05,6.176529034855777e-05,7.567360156681388e-05
2868,7.016033935037234e-05,0.00013751699298154564,6.122501721094725e-05,7.40666688827332e-05
2869,6.374064053589892e-05,5.390401172917336e-05,6.181340503810337e-05,7.668284730752927e-05
2870,4.897562250132776e-05,4.982207297871355e-05,6.16610588198657e-05,7.499079165572765e-05
2871,5.3913629752868373e-05,4.30477065674495e-05,6.234773531937713e-05,7.467052677820901e-05
2872,5.32448579744798e-05,0.00011210719254449942,6.23575920707986e-05,7.633823860669508e-05
2873,6.741770216548401e-05,5.21796377870487e-05,6.175575876162232e-05,6.999036252673251e-05
2874,6.041875611926015e-05,4.3399580608820546e-05,6.140757600175372e-05,6.916479045466986e-05
2875,6.879387612571008e-05,6.22845003817929e-05,6.214127225232206e-05,7.10684851073893e-05
2876,6.122855387123612e-05,4.302577828639187e-05,6.180364841647033e-05,6.915059957827908e-05
2877,5.167389100178196e-05,5.8665386750362816e-05,6.118920626079974e-05,6.876144085254054e-05
2878,7.733884607053672e-05,6.34796237864066e-05,6.245872873728836e-05,6.655052025162149e-05
2879,7.267153910813957e-05,8.636161452159285e-05,6.206863075009703e-05,6.669456740783062e-05
2880,5.860334347946466e-05,4.4760091113857925e-05,6.208393941374702e-05,6.65564224269474e-05
2881,6.708047191043281e-05,0.00010816006004461088,6.17290339778669e-05,6.406973913835827e-05
2882,5.314369158845188e-05,4.6872962921042925e-05,6.197446091650313e-05,6.371282975887878e-05
2883,7.31604184935956e-05,8.900279586669057e-05,6.25248571253097e-05,6.723564651038032e-05
2884,5.0000733438840446e-05,8.71287111658603e-05,6.251711384878339e-05,7.019632112060209e-05
2885,5.220312098067047e-05,5.3648285902454515e-05,6.299439142943205e-05,6.740387945028489e-05
2886,6.031085020771974e-05,4.679166449932382e-05,6.325675070111174e-05,6.704897438467016e-05
2887,7.495707977795973e-05,9.410732745891437e-05,6.270966388466251e-05,6.716998713382055e-05
2888,6.385129511020043e-05,4.241354792611673e-05,6.288004071005465e-05,6.74730385944713e-05
2889,5.593348063282772e-05,6.837791705038398e-05,6.271878392661974e-05,6.796062800567598e-05
2890,8.14965213956182e-05,5.8259758807253094e-05,6.286721220369347e-05,6.73801208322402e-05
2891,5.491543575772084e-05,7.669968879781664e-05,6.231076605423974e-05,6.744879652687814e-05
2892,5.686378799307729e-05,4.189365019556135e-05,6.198386282614794e-05,6.667815654946026e-05
2893,6.128770345336913e-05,7.534991076681764e-05,6.222869399643969e-05,6.682235988846516e-05
2894,6.987631400180463e-05,4.498127724218648e-05,6.168741572603013e-05,6.666570985980799e-05
2895,6.273552772149236e-05,0.00013789249176625164,6.178954063636612e-05,6.656620810972527e-05
2896,5.372004783971028e-05,0.00011706457182299346,6.142554473642829e-05,6.661112810252235e-05
2897,6.517679749069632e-05,4.229615078656934e-05,6.17949239075339e-05,6.554938794870396e-05
2898,7.397668395747637e-05,4.330701114668045e-05,6.300576966896188e-05,6.704229163588025e-05
2899,4.6741585708029256e-05,4.642489933758043e-05,6.333627186993706e-05,6.893092501559295e-05
2900,7.305329676051366e-05,6.986078689806163e-05,6.276254161041127e-05,6.956752033438534e-05
2901,5.719713428536327e-05,5.521551356650889e-05,6.236817631385445e-05,6.989004717033822e-05
2902,5.5384597928625425e-05,4.415270741446875e-05,6.290127712385987e-05,7.446421785571147e-05
2903,6.342769233419353e-05,6.519651615235488e-05,6.198780553273131e-05,7.467566689301748e-05
2904,6.449895840584456e-05,6.709561508614569e-05,6.182285797549411e-05,7.329809892398772e-05
2905,6.472412273675824e-05,4.8365174588980156e-05,6.2457161671288e-05,7.339795189036523e-05
2906,5.354851515019416e-05,0.00010424380932818167,6.193856008580445e-05,7.565768319473136e-05
2907,5.569681434685157e-05,4.43854191689752e-05,6.158909684212024e-05,7.696797090466135e-05
2908,6.406052099514959e-05,9.012579568661749e-05,6.122312999844629e-05,7.37918284314219e-05
2909,5.923521271648092e-05,6.0585207320400515e-05,6.113927643600619e-05,7.258940957835876e-05
2910,8.247426501636963e-05,9.097087808186188e-05,6.088898810283152e-05,7.52441090939101e-05
2911,6.85734052320994e-05,9.400749899214133e-05,6.060610478404367e-05,7.57472401164705e-05
2912,6.061382328981482e-05,0.00011002221042872407,6.124085405786496e-05,7.765640478755813e-05
2913,5.39921626962799e-05,5.047671882493887e-05,6.090484977838868e-05,7.792135335330385e-05
2914,6.926100088296354e-05,0.00018273218418471515,6.0840672256340954e-05,7.800114907440728e-05
2915,5.8659731617404357e-05,6.354598473990336e-05,6.1018288453245384e-05,7.839198934379965e-05
2916,5.0791746826790685e-05,4.22604895720724e-05,6.0973466515133626e-05,7.771667416964192e-05
2917,7.27213803879244e-05,4.438997435499914e-05,6.108789375721245e-05,7.876171240059193e-05
2918,4.832266381628061e-05,0.00013184319337597117,6.0736847002893545e-05,8.85744335624622e-05
2919,6.113973290969928e-05,7.7738469990436e-05,6.123392482808818e-05,8.608747118560131e-05
2920,5.3586356629643383e-05,5.8488929935265335e-05,6.107700653616728e-05,8.628854307171424e-05
2921,5.1623708778707726e-05,8.700410049641505e-05,6.06931630316669e-05,8.495638891181442e-05
2922,5.891958916132959e-05,0.00010866363867535255,6.040753090071829e-05,8.444468350789974e-05
2923,6.690460098778002e-05,5.588528671069071e-05,5.907502168152456e-05,8.69214759528404e-05
2924,6.261031755356169e-05,9.415401611477136e-05,5.900559916416469e-05,8.78189555107383e-05
2925,6.465318977360665e-05,7.648450104170478e-05,5.8838257906285854e-05,8.685422937560359e-05
2926,5.559269623416993e-05,5.721040659409482e-05,5.8915855220402594e-05,8.66138067562133e-05
2927,5.98250028512363e-05,5.3923714149277656e-05,5.837225428775936e-05,8.233283029403536e-05
2928,6.23071438813996e-05,4.8313636798411606e-05,5.8292872692497135e-05,8.378116686362774e-05
2929,6.735963945781502e-05,9.322157085989602e-05,5.846420549625893e-05,8.465843365702313e-05
2930,5.594795387878549e-05,0.0002936832036357373,5.841908680902432e-05,8.713508014043328e-05
2931,6.597546078006012e-05,4.206974990665913e-05,6.006895907258797e-05,8.376369988254739e-05
2932,5.177385704882909e-05,4.941221632179804e-05,5.982669453935362e-05,8.250816685322208e-05
2933,5.446443338264039e-05,5.682194168912247e-05,5.968426003479787e-05,8.2012907663011e-05
2934,5.209440944276543e-05,4.779257222253364e-05,6.070470363079544e-05,8.33456957625458e-05
2935,4.916153453652644e-05,0.0001528906892053783,6.0709785446750985e-05,8.17648123455001e-05
2936,6.683784229810247e-05,0.00011644448793958873,6.0721878171089995e-05,8.134001316211653e-05
2937,5.643029184284387e-05,8.590405705035664e-05,6.070269057219978e-05,7.975197772902904e-05
2938,5.593209554919869e-05,4.4466153340181336e-05,5.997860610675869e-05,7.837237298081164e-05
2939,5.567097756688276e-05,7.570777263026684e-05,5.9846379261741996e-05,7.777748384396545e-05
2940,5.6675191735848785e-05,9.975439897971227e-05,5.9803455842484266e-05,7.916896066162737e-05
2941,5.507506692083552e-05,6.419215940695722e-05,5.9598038198924364e-05,7.901410777412822e-05
2942,7.159341320705911e-05,0.00010630613644025289,5.925909711400486e-05,7.795752143720167e-05
2943,8.956947040537165e-05,4.755868692882359e-05,5.920741702090406e-05,7.194850753294304e-05
2944,5.5083119578840625e-05,4.635014425730333e-05,5.878670945352901e-05,7.683519112179055e-05
2945,5.002549401574975e-05,4.610745017998852e-05,5.9657862979899314e-05,8.031196825322696e-05
2946,7.71347986786471e-05,0.00012032380298478529,6.0103976904873785e-05,8.043559994257522e-05
2947,5.904663456021808e-05,6.914155324921012e-05,6.0361380038698875e-05,8.032337673939765e-05
2948,6.720691909625506e-05,4.526530712610111e-05,6.061229291937909e-05,7.58455966541078e-05
2949,6.213062758130642e-05,5.445313028758392e-05,5.9974397264078206e-05,7.297571519156919e-05
2950,4.655107813757948e-05,4.1994382336270064e-05,6.104227335114653e-05,7.119115811074154e-05
2951,5.228702510875236e-05,4.233817817294039e-05,6.101364587828155e-05,7.118699490383735e-05
2952,5.8751917369793066e-05,8.871063459082506e-05,6.08106561816789e-05,7.169450535729995e-05
2953,5.717170279240236e-05,4.444231461093295e-05,6.095182723204037e-05,7.51702330686385e-05
2954,5.888611233482758e-05,6.68069124367321e-05,6.169293126472945e-05,7.723567682551221e-05
2955,5.465595155126519e-05,0.0001434578560292721,6.10852084274585e-05,7.500391475041397e-05
2956,5.545777159568388e-05,0.00016423683962784707,5.95488104636186e-05,7.722377685713582e-05
2957,7.355269520808683e-05,0.00013633164460770785,5.94697165978788e-05,7.70496597251622e-05
2958,6.561728150700219e-05,5.991273392282892e-05,5.953193300487732e-05,7.767895601282362e-05
2959,5.852948778839265e-05,4.498699214309454e-05,5.948741019043762e-05,7.483714078261983e-05
2960,5.543435655353177e-05,4.094618707313202e-05,5.912261075702393e-05,7.469734177866487e-05
2961,5.089045091558041e-05,4.469745137612336e-05,5.9077944714226766e-05,7.745155740703923e-05
2962,8.312719401955191e-05,4.1290130029665305e-05,5.926958810919638e-05,7.688807154772804e-05
2963,5.521640872757416e-05,4.4362073167576456e-05,5.978542223343135e-05,7.813145872205497e-05
2964,5.059623515181657e-05,8.839553396683186e-05,5.960742596281408e-05,7.850456362939442e-05
2965,6.020446799488531e-05,0.00018664759176317602,5.934586176994748e-05,7.675682268454696e-05
2966,7.360266773806264e-05,0.0001158282533288002,5.9726212818996926e-05,7.888816583144945e-05
2967,5.640034227528506e-05,5.05120845627971e-05,5.9611466266182506e-05,7.790485238365364e-05
2968,5.115952130937431e-05,0.00010305523959686979,5.964498604379413e-05,7.483328555244953e-05
2969,5.3105772935345564e-05,4.199721595796291e-05,5.9380129270236155e-05,7.028091261454391e-05
2970,5.1580904190713124e-05,6.183985737152397e-05,5.848634849422119e-05,7.127708925690967e-05
2971,7.602172831765428e-05,4.927842222969048e-05,5.89273720221374e-05,7.060039173229597e-05
2972,4.992664872487593e-05,6.56465781503357e-05,5.8921342608745255e-05,7.337012551142834e-05
2973,6.609026802632596e-05,0.0001141206978354603,5.991886865700102e-05,7.416902935365213e-05
2974,6.692171245554669e-05,4.0365983804804275e-05,5.993087796976193e-05,7.408989233954343e-05
2975,5.944693124345374e-05,7.307906169444322e-05,5.859093907880984e-05,7.892705889826173e-05
2976,4.7837118343320776e-05,5.1665800856426356e-05,5.8646305329198686e-05,7.98388844821602e-05
2977,5.221281254812816e-05,4.501711096963845e-05,5.9131272655374935e-05,7.826012260338758e-05
2978,6.668047901863854e-05,9.772589328349568e-05,5.924310067154389e-05,7.328240213973915e-05
2979,5.6017448514467105e-05,4.222407624183688e-05,5.8749045323444694e-05,7.041923640354072e-05
2980,5.5493945991555745e-05,6.666868524916936e-05,5.862893019010598e-05,7.1271262303344e-05
2981,4.883635225673465e-05,5.042751618020702e-05,5.843623710469628e-05,7.019911145034714e-05
2982,5.12081758077127e-05,0.0001612360606668517,5.847439179989225e-05,7.015410632593558e-05
2983,7.664286970490745e-05,4.29952958074864e-05,5.8306574022895406e-05,6.945106615312396e-05
2984,5.837875245358898e-05,0.0001142303366214037,5.744524403562537e-05,7.337248278199694e-05
2985,8.037250775992611e-05,6.0918783128727226e-05,5.784476646852758e-05,7.261881136801093e-05
2986,5.1190683734603226e-05,4.271902602340561e-05,5.737265377231072e-05,7.231572705786675e-05
2987,4.9628721745749415e-05,0.00016221929399762303,5.655551157041272e-05,7.232357084867544e-05
2988,5.66005649872952e-05,6.715771276503801e-05,5.690661511034704e-05,7.102413697575684e-05
2989,6.272041830622281e-05,4.8926486997515894e-05,5.687243472849432e-05,7.064571226655972e-05
2990,6.300016839910919e-05,6.220458017196507e-05,5.6864388999464506e-05,7.113734386803118e-05
2991,6.125128403558241e-05,4.424910992383957e-05,5.6235731379517035e-05,6.959002550283913e-05
2992,5.339746394181727e-05,7.181273205787875e-05,5.77315557670469e-05,6.952523629006465e-05
2993,4.6342194174131795e-05,7.62514682719484e-05,5.7832764819290275e-05,6.853435903904028e-05
2994,5.40596403152449e-05,4.087208784767427e-05,5.87933479740362e-05,6.868971656076609e-05
2995,4.738545976579189e-05,4.4263853051234034e-05,5.879425005469885e-05,6.449497455032542e-05
2996,5.448847863590345e-05,0.00014731383795151486,5.787279765548494e-05,6.436868328601123e-05
2997,5.991470954743111e-05,4.680479280068539e-05,5.781340460008424e-05,6.262115216813982e-05
2998,5.428745062090457e-05,0.00010654359008185565,5.69260044715419e-05,6.289415900828317e-05
2999,4.6493157408096726e-05,4.0562078575021586e-05,5.688425499409075e-05,6.42307437985437e-05
3000,6.8224519741812e-05,4.0593214871478265e-05,5.724542860601408e-05,5.988954357162584e-05
3001,4.698260879700279e-05,4.2205183126498015e-05,5.661088200415382e-05,5.957474260940217e-05
3002,5.201166932238266e-05,5.73079010064248e-05,5.739247296005488e-05,5.924186175689101e-05
3003,5.0964038519951926e-05,5.904293415369466e-05,5.686625193015465e-05,5.896425042301416e-05
3004,9.341305820271373e-05,4.0604345922474746e-05,5.687334106769412e-05,6.204020970035345e-05
3005,5.802417229764008e-05,4.1896753973560405e-05,5.706136340029642e-05,6.225108990329318e-05
3006,7.285093112538258e-05,5.431145422335248e-05,5.736626413223956e-05,6.112949726229998e-05
3007,5.1230727824279004e-05,5.636751040583476e-05,5.74365218710025e-05,6.12545579439029e-05
3008,5.36065597245599e-05,3.983801419963129e-05,5.844087646530372e-05,6.120933330676052e-05
3009,5.689392606857129e-05,7.05420586746186e-05,5.84582719094922e-05,6.020068031793925e-05
3010,5.8187504546367567e-05,6.774395413231105e-05,5.841557005381522e-05,6.071103588619735e-05
3011,5.014694679832448e-05,7.613364577991888e-05,5.8733320306702e-05,5.851349923177622e-05
3012,5.8658062043832616e-05,5.368928832467645e-05,5.8967203327726265e-05,5.954398297180887e-05
3013,4.073689994078854e-05,5.9287688709446227e-05,5.855900573498932e-05,6.000788935343734e-05
3014,8.226019220374939e-05,4.0604465684737076e-05,5.949510713916324e-05,6.382346794125623e-05
3015,4.984464265160366e-05,5.526429682504386e-05,6.04093366997808e-05,6.557050545234233e-05
3016,6.142851247406927e-05,0.00012114809185732157,6.0922549350652835e-05,6.717083555995488e-05
3017,5.8098022256874375e-05,7.708473713137209e-05,5.908630541655131e-05,6.71891656209482e-05
3018,5.3964712472710136e-05,4.8211652247118766e-05,5.8668987143674814e-05,6.776776504993904e-05
3019,5.581608378431863e-05,4.3998604887747206e-05,5.780067442149933e-05,6.798061835870611e-05
3020,7.249432462332253e-05,4.313323712267447e-05,5.755165806994127e-05,6.90529457089724e-05
3021,5.49233647406153e-05,0.00012209751323098318,5.770482792561073e-05,6.935169433709235e-05
3022,5.884716315550678e-05,5.956368200713769e-05,5.833972953955204e-05,6.816834792552982e-05
3023,6.223120694307404e-05,5.160517372132745e-05,5.800958117065925e-05,6.702869092696348e-05
3024,5.2340232933703295e-05,6.632417207583786e-05,5.824094666248938e-05,6.708709827507847e-05
3025,5.8019579923388345e-05,5.219087441219017e-05,5.7770055787760714e-05,6.716116654861252e-05
3026,7.038514390135081e-05,0.00013759464782197027,5.835525143532626e-05,6.718168923980556e-05
3027,7.486740833782177e-05,0.00010098383878357708,5.721519535177827e-05,6.792972552066204e-05
3028,6.379435479175299e-05,9.905118684400805e-05,5.767249840897016e-05,6.766152443306055e-05
3029,4.750695985017551e-05,4.106259744730778e-05,5.771192304204709e-05,6.465108061674982e-05
3030,4.7591215475727544e-05,5.63617396983318e-05,5.765216601026218e-05,6.436563658644446e-05
3031,5.1143113070995446e-05,5.963278694252949e-05,5.751654015378638e-05,6.543166858318727e-05
3032,4.5005319035327474e-05,8.31756941624917e-05,5.761621709761029e-05,6.747346862102859e-05
3033,5.743580611629619e-05,4.730672990262974e-05,5.674623551458353e-05,7.499123675806915e-05
3034,7.27664664171041e-05,4.0958398385555484e-05,5.7262796492917304e-05,7.253242169099396e-05
3035,4.9933795324048133e-05,3.925252916815225e-05,5.755696249753883e-05,7.309602635505145e-05
3036,5.593108409407756e-05,7.759382948279381e-05,5.714605997086942e-05,7.300028844620102e-05
3037,4.6885790175616015e-05,5.554099516302813e-05,5.7184491817962326e-05,7.240118394256571e-05
3038,5.536679112992715e-05,5.980075598927215e-05,5.756032003603953e-05,7.641748859896325e-05
3039,5.375879011504973e-05,5.9305372706148776e-05,5.70309480935167e-05,7.530818427330815e-05
3040,6.1277219081401e-05,4.855926963500679e-05,5.6965938950209726e-05,7.361556593677961e-05
3041,6.241412830099257e-05,4.5886996449553404e-05,5.658773969351184e-05,7.222177533258218e-05
3042,5.660409646225162e-05,6.994863637373783e-05,5.6697802283613577e-05,7.259287434862928e-05
3043,5.057406606081511e-05,7.486245216568932e-05,5.712253047515535e-05,7.360509725986048e-05
3044,5.830800737991619e-05,9.504360583378003e-05,5.713428976272958e-05,7.640955748793202e-05
3045,5.074478504765365e-05,0.00023107744054868818,5.7911680446058096e-05,8.039245187828783e-05
3046,6.78373891989597e-05,6.0627136554103346e-05,5.764268947629413e-05,8.239250151091256e-05
3047,6.620131327104495e-05,7.365379860857502e-05,5.691231325617991e-05,8.280832269228993e-05
3048,5.1958643776338756e-05,4.921172600006685e-05,5.6729534817148106e-05,8.507910529442596e-05
3049,5.3301029111025856e-05,5.1346559484954926e-05,5.742440717197799e-05,8.369845028209966e-05
3050,6.741528537531849e-05,0.00015259849082212894,5.7391892787483e-05,8.470262336777522e-05
3051,5.715084533828e-05,0.00010986203968059271,5.7632140227684024e-05,8.535298066562973e-05
3052,7.324217975514735e-05,5.866838037036359e-05,5.7671142399582696e-05,8.995564593351447e-05
3053,5.433937337430608e-05,6.420642173907254e-05,5.7822481097860466e-05,9.04387448419584e-05
3054,5.0258524602718856e-05,5.034007284848485e-05,5.8157078159921276e-05,9.129752411390658e-05
3055,5.820942026427171e-05,8.16673124791123e-05,5.9022976652098196e-05,9.291210108203815e-05
3056,5.143709526035107e-05,0.0001297442926443182,5.918878734034175e-05,9.307612366974356e-05
3057,6.444008611854063e-05,0.0001827480539213866,5.956401403398356e-05,9.538233684143054e-05
3058,5.071103187219706e-05,9.730797071824782e-05,6.028399413496825e-05,8.768761891406032e-05
3059,5.450706091424864e-05,5.1353927919990386e-05,5.9987902783258394e-05,8.725119703449311e-05
3060,4.536433434825287e-05,9.602209422155284e-05,5.971657716048261e-05,8.59373694751412e-05
3061,7.330289296482483e-05,4.307745417463593e-05,5.9948926352404265e-05,8.551588405389342e-05
3062,4.6072930563241246e-05,8.06453223049175e-05,6.026326754718967e-05,8.534445569384845e-05
3063,6.137297713495274e-05,7.60596884356346e-05,5.9605543632319e-05,8.087448154110464e-05
3064,5.4733844412516593e-05,0.00017437200440326706,5.976239509020363e-05,7.813256929512137e-05
3065,6.506068653834518e-05,6.063674234610517e-05,5.8613602671862796e-05,7.745793613139542e-05
3066,7.077905485251297e-05,6.73564782482572e-05,5.83404164693396e-05,7.650692702154632e-05
3067,7.825155876667446e-05,0.0001103130605770275,5.8326533142826535e-05,7.6048642929527e-05
3068,5.471933326690406e-05,7.896301685832441e-05,5.891287603719524e-05,7.561448426276912e-05
3069,6.768867472096139e-05,0.00015269893512595445,5.9061328016590184e-05,7.211832051689273e-05
3070,6.874428757227078e-05,3.8709492364432664e-05,5.830286860145863e-05,6.650269974779804e-05
3071,6.043510540621355e-05,4.97165895649232e-05,5.846635809785869e-05,6.44665569474455e-05
3072,5.941817270164999e-05,4.080810962477699e-05,5.8559125174037456e-05,6.399402127426583e-05
3073,5.776737357438024e-05,3.867459046887234e-05,5.920011007288445e-05,6.19474029779667e-05
3074,6.115955898066104e-05,4.706085048383102e-05,5.853945219827842e-05,6.239729177614209e-05
3075,5.097218750355144e-05,4.084913700353354e-05,5.882159294964772e-05,6.267301218758803e-05
3076,6.107213178539596e-05,4.1314233531011265e-05,5.844550015285171e-05,6.243340176588391e-05
3077,4.452236929662629e-05,4.1802551277214664e-05,5.8722348924978474e-05,5.825185331632384e-05
3078,4.75097183112262e-05,4.0431193992844784e-05,5.92285259314748e-05,5.8249081161920925e-05
3079,4.9911441439892063e-05,3.888297054800205e-05,5.9029469094336183e-05,5.74515979475109e-05
3080,7.286799262348924e-05,7.081334581016563e-05,5.80658573645956e-05,5.6105102782021276e-05
3081,5.514839474522483e-05,4.234019899740815e-05,5.779384577100345e-05,5.4512239023461e-05
3082,4.5478600740251646e-05,4.235753469401971e-05,5.693530848350039e-05,5.29572357510915e-05
3083,5.479826928219862e-05,4.640440070943441e-05,5.6969683334884584e-05,5.421487283601892e-05
3084,5.682623781871775e-05,3.954053609049879e-05,5.70264459314381e-05,5.3974034625571225e-05
3085,6.138895681942813e-05,4.485663681407459e-05,5.6473043273662275e-05,5.399045411904809e-05
3086,5.678644609967402e-05,5.4324674129020425e-05,5.6295034190892084e-05,5.472733474744018e-05
3087,5.312644934747368e-05,8.753833259106614e-05,5.648138525543294e-05,5.6947361733182344e-05
3088,5.1970657215052696e-05,7.006942789303139e-05,5.657712663184307e-05,5.6939692291780385e-05
3089,6.165506371568578e-05,6.983329316426535e-05,5.700305518290002e-05,5.7441188851953486e-05
3090,7.771511170075327e-05,6.056743848603219e-05,5.757827070402628e-05,5.875612990639638e-05
3091,6.580263392404756e-05,4.741939788800664e-05,5.8416518017475037e-05,5.914076526241842e-05
3092,5.416126552315998e-05,7.665068143978715e-05,5.825019221665571e-05,5.923066623799968e-05
3093,4.79190434271004e-05,3.914142289431766e-05,5.7838620090721335e-05,6.141764939238782e-05
3094,4.622524253338472e-05,0.00011382385331671684,5.758467611449305e-05,6.706046602630522e-05
3095,6.960365885687579e-05,7.015041948761791e-05,5.798225171343398e-05,6.716886452049948e-05
3096,6.185417032005111e-05,4.369563430373091e-05,5.82341112511737e-05,6.882677852117923e-05
3097,4.558310625725426e-05,4.1218596961698495e-05,5.7846481692104133e-05,6.9397621465032e-05
3098,5.3317146505125697e-05,5.7096606178674846e-05,5.738057062440527e-05,6.93260706291767e-05
3099,6.581833559418253e-05,0.00010256152512738481,5.7459686755222114e-05,6.91436466324376e-05
3100,5.336572191380482e-05,4.065740096848458e-05,5.753695535289202e-05,7.377339992381166e-05
3101,7.172034556181946e-05,5.3851647535339e-05,5.86323361890714e-05,7.254656948207412e-05
3102,5.890275732478282e-05,7.46760776382871e-05,5.86441017093926e-05,7.135669160052204e-05
3103,6.846590114744484e-05,5.0047077893395907e-05,5.759253961716442e-05,7.194449711823837e-05
3104,4.5753296419409e-05,4.113049493753351e-05,5.730674232909223e-05,7.238282494363376e-05
3105,6.257868947512987e-05,0.00012548792466986924,5.707895192689547e-05,7.093256168300286e-05
3106,4.8799795339517815e-05,0.00018341061484534294,5.760438258568886e-05,7.106274754041807e-05
3107,5.541799071377479e-05,4.506749704887625e-05,5.763472884767301e-05,6.840858855284752e-05
3108,6.109475772569163e-05,8.785225072642789e-05,5.7229154243800116e-05,6.963238805183211e-05
3109,4.713549884197871e-05,5.3811609686817976e-05,5.738973858161544e-05,6.943327947228682e-05
3110,4.974118012695625e-05,4.306786591769196e-05,5.744557818187685e-05,6.943721733405256e-05
3111,5.876434937009536e-05,4.976407421054319e-05,5.7380109092628116e-05,6.914353728352581e-05
3112,5.505816428922117e-05,0.00020328216487541795,5.7003035410080985e-05,7.022056064161006e-05
3113,7.93551781195371e-05,3.93986668495927e-05,5.731854894693242e-05,7.45817296934547e-05
3114,6.194920172371591e-05,4.0086346125463024e-05,5.6974767436137575e-05,7.45288132718997e-05
3115,5.142605939504898e-05,7.526257642894052e-05,5.6596447814081334e-05,7.311821551702451e-05
3116,5.865770172224276e-05,5.8377593522891405e-05,5.600809686535892e-05,7.292023713234811e-05
3117,4.846650546824094e-05,4.0394099924014883e-05,5.671615105028548e-05,7.303724039229564e-05
3118,6.105480989693508e-05,4.239606932969764e-05,5.6469647271862625e-05,7.012663502828218e-05
3119,4.69838990829885e-05,4.7469878627453e-05,5.642843546762985e-05,6.572621225495824e-05
3120,5.9464293760053506e-05,0.00010074540696223267,5.7444518954596595e-05,7.022089463134763e-05
3121,6.58687787654344e-05,3.8717919815098866e-05,5.829941597120423e-05,6.829961522016675e-05
3122,4.6979096263789365e-05,4.1317043505841864e-05,5.831281478232188e-05,6.772320214658975e-05
3123,5.168041927390732e-05,4.975460491550621e-05,5.815929615249238e-05,6.757428958080709e-05
3124,5.63914935305042e-05,0.00012948710907949136,5.772087012074837e-05,6.721401209942996e-05
3125,6.12535603350908e-05,0.00014968662726460024,5.783756420423743e-05,6.31069210532587e-05
3126,6.312580779194832e-05,5.252873699646443e-05,5.7100635908945054e-05,6.371627982298378e-05
3127,4.9444766773376614e-05,3.941113376640715e-05,5.6310587238598e-05,6.372472964285409e-05
3128,5.375712742938453e-05,4.509761827648617e-05,5.7103142547809215e-05,6.241056145227048e-05
3129,6.345465104257325e-05,4.40555764362216e-05,5.736441800933487e-05,6.313518971728627e-05
3130,5.641609501455807e-05,5.2722790569532664e-05,5.708035499879366e-05,6.637670781638008e-05
3131,4.776950023369864e-05,7.34000455122441e-05,5.697305506813185e-05,6.65204278571764e-05
3132,8.082007788794322e-05,0.00015743455645861104,5.703866367402952e-05,6.617520468716974e-05
3133,8.24671831408826e-05,3.982026544690598e-05,5.657577731892363e-05,6.413560480286833e-05
3134,4.7470469119919775e-05,3.9401282847393305e-05,5.63254527184957e-05,6.53713381761918e-05
3135,4.590321438121868e-05,3.934505177312531e-05,5.6499638689759496e-05,6.552569360646886e-05
3136,4.780369857649526e-05,4.075713717611507e-05,5.6721990048148046e-05,6.52565889264224e-05
3137,5.797551637644776e-05,0.00010060488872113637,5.665741754960941e-05,6.358492161671165e-05
3138,6.093197073722775e-05,5.463263609271962e-05,5.6659083079688976e-05,6.237501140858513e-05
3139,4.219798496503952e-05,4.0297591622220354e-05,5.670701976390167e-05,6.83000130666187e-05
3140,7.123994212532933e-05,4.240837166435085e-05,5.729909875711503e-05,6.831209719239269e-05
3141,6.518958826038417e-05,7.649330014828592e-05,5.732573566961541e-05,6.842035140725784e-05
3142,4.136493020471082e-05,0.00012143205240136012,5.721561522206886e-05,6.9387262762757e-05
3143,5.8372311630389756e-05,4.5989070349605755e-05,5.6946669290482526e-05,6.958279903628862e-05
3144,4.862411423043037e-05,3.883929937728681e-05,5.729219665501862e-05,6.895424280664881e-05
3145,4.789213488240623e-05,4.975540985469706e-05,5.6100611568318626e-05,7.138816782389768e-05
3146,5.961066375473618e-05,6.961125414818525e-05,5.542908884381177e-05,7.238726707000752e-05
3147,5.133374554538427e-05,4.517592926276848e-05,5.567226585165675e-05,7.257085049932357e-05
3148,5.7239203233621086e-05,4.302698791434523e-05,5.578151243826142e-05,7.256957276549656e-05
3149,5.477718106703833e-05,8.769542633672244e-05,5.713423304372959e-05,7.440808441897388e-05
3150,6.129519858707985e-05,0.000119438872061437,5.7301432346220185e-05,7.283046006923541e-05
3151,6.43242248972658e-05,0.00020065377844730392,5.725279211878336e-05,7.227206644311082e-05
3152,6.424674160371069e-05,3.9713236910756675e-05,5.7690145374928965e-05,7.218512752151582e-05
3153,5.442305024189409e-05,4.7803973648115064e-05,5.663904055917455e-05,7.230184230429586e-05
3154,6.0701639853909406e-05,6.822836032370105e-05,5.614684863556047e-05,7.079555417294615e-05
3155,4.969244672489973e-05,5.7611197407823054e-05,5.7239729182038e-05,7.395817370270379e-05
3156,5.640768434710076e-05,5.768613977124914e-05,5.703946811700008e-05,7.642087065032683e-05
3157,5.1030450720443496e-05,0.00021828268188983202,5.7229107305789116e-05,7.665551781537942e-05
3158,6.567911502821112e-05,6.479774659965188e-05,5.728490160852542e-05,7.621237162675244e-05
3159,5.354989431604433e-05,4.3990868580294776e-05,5.699464283097769e-05,7.54428932297742e-05
3160,4.8634379046335296e-05,3.9313108427450064e-05,5.667143364634185e-05,7.607133572455496e-05
3161,8.162171371319953e-05,8.671992851304822e-05,5.648906352564357e-05,7.82017089688452e-05
3162,6.21554989387126e-05,6.11642799776746e-05,5.664041410830881e-05,7.875581728003454e-05
3163,5.971596505130745e-05,4.067279543960467e-05,5.691059700507645e-05,8.017145615594928e-05
3164,5.3131816368679414e-05,3.8124118582345545e-05,5.6476198332125536e-05,7.371940236189402e-05
3165,4.4962321731468867e-05,4.532624123385176e-05,5.61566542707927e-05,7.42906228697393e-05
3166,5.288479017003232e-05,3.883609686454292e-05,5.5937072908919716e-05,7.412793612747918e-05
3167,6.868694386664882e-05,0.00020049754064530134,5.615535443907397e-05,7.292227943835314e-05
3168,5.336578500444173e-05,0.00010755649404018186,5.6169464791310024e-05,7.234491763811092e-05
3169,5.336509395015633e-05,4.4705478503601623e-05,5.5814940641155575e-05,7.196284628298599e-05
3170,4.928699245081387e-05,3.8676755139022134e-05,5.5670028962777e-05,6.518897318455856e-05
3171,5.23541943160429e-05,5.037429422372952e-05,5.539680708542519e-05,6.488939796981867e-05
3172,4.325351592948815e-05,6.088699163228739e-05,5.5077375835066466e-05,6.594150673190597e-05
3173,5.267995021616419e-05,9.628631902160123e-05,5.5107904245313785e-05,6.598670244566166e-05
3174,5.856094563366949e-05,0.00010154813411645591,5.4582430065945835e-05,6.672511849319564e-05
3175,6.804977100627083e-05,0.00015482984395930543,5.46406006392014e-05,6.583061924029607e-05
3176,5.34642580734928e-05,3.9352433595922776e-05,5.4771495227921864e-05,6.669257511675824e-05
3177,5.625814007038975e-05,5.3993749606888744e-05,5.4690139824136474e-05,6.670393591339235e-05
3178,4.893351619506979e-05,4.373680509161204e-05,5.519456729590376e-05,6.953362057392952e-05
3179,6.61586781077656e-05,3.808694309554994e-05,5.501233441916864e-05,7.30133262462914e-05
3180,5.0045205530801064e-05,4.317715240176767e-05,5.4198599140120985e-05,6.649135191983077e-05
3181,4.754458059323952e-05,4.813435589312576e-05,5.401903337495039e-05,6.382238520600368e-05
3182,4.740765876097915e-05,4.8935854429146276e-05,5.3874118892256066e-05,6.49087350058835e-05
3183,5.8848568094415696e-05,5.730836623115465e-05,5.3981459493580694e-05,6.492110244289508e-05
3184,4.5564113057076206e-05,7.029358763247728e-05,5.379044083529153e-05,6.4447533377097e-05
3185,4.9397589302518304e-05,4.0443001271341924e-05,5.4191951283266674e-05,6.386920131626538e-05
3186,6.84848592290008e-05,0.00010518032970139756,5.425629886028926e-05,6.16022735775914e-05
3187,6.360976327010171e-05,3.8801798655185846e-05,5.456551310360536e-05,5.9077509486814964e-05
3188,6.298832976931913e-05,6.22216923511587e-05,5.4306132680115604e-05,5.6644301599590105e-05
3189,5.109793127404474e-05,3.8408138498198243e-05,5.49101298555292e-05,5.6869631577865216e-05
3190,5.757300852565095e-05,0.00011606835774728096,5.437221938110372e-05,5.7189583827857855e-05
3191,4.832896825165436e-05,0.00012582873867359012,5.431057469298443e-05,5.7259647623868644e-05
3192,4.834356189045745e-05,3.7448182483785784e-05,5.348972822539508e-05,5.9304637316381554e-05
3193,4.887664087517704e-05,4.0832326194504274e-05,5.3663675631590494e-05,5.920295610849279e-05
3194,4.974223188279817e-05,7.186422350059729e-05,5.3479093328415824e-05,5.889423649932722e-05
3195,5.19705074839294e-05,3.8985941064311194e-05,5.343437233338288e-05,5.890646958141587e-05
3196,4.7578727858813684e-05,3.853506757877767e-05,5.312525247572921e-05,5.834217717638238e-05
3197,5.329127712886677e-05,4.642869011149742e-05,5.417431204793198e-05,5.702353757515083e-05
3198,5.428863964172908e-05,3.96131255547516e-05,5.4333220401248484e-05,5.9073137462837616e-05
3199,6.629130171657178e-05,3.8429031847044825e-05,5.409255419702579e-05,5.6577392050530756e-05
3200,6.156526041902705e-05,9.399964677868411e-05,5.339906677416163e-05,5.672255842364393e-05
3201,6.856418745883275e-05,4.49856830528006e-05,5.386155849749532e-05,5.57792790234089e-05
3202,4.281037820975244e-05,6.199255585670471e-05,5.449415396918387e-05,5.600284466054291e-05
3203,4.739239899208769e-05,4.548839999188203e-05,5.422661909089786e-05,5.296947536990047e-05
3204,4.563751641803214e-05,8.921168540837243e-05,5.440632869689984e-05,5.075990175828338e-05
3205,5.4393890685686426e-05,4.063512220454868e-05,5.434765065276426e-05,5.108890476694798e-05
3206,4.293002301387282e-05,4.041636566398665e-05,5.4299164235837654e-05,5.1753660076065e-05
3207,4.628963388515533e-05,4.924168148136232e-05,5.466353906861817e-05,5.5659852045937444e-05
3208,5.1120571653074065e-05,4.320105610531755e-05,5.487040485216614e-05,5.604697786329781e-05
3209,7.179060236214557e-05,3.732759760168847e-05,5.5442790326843455e-05,5.642145603778773e-05
3210,5.3370298135430655e-05,9.168299846351146e-05,5.540987981140562e-05,5.798433831078001e-05
3211,6.246820412343368e-05,4.2786694393726066e-05,5.544825224690915e-05,5.793619320029394e-05
3212,4.627257769849772e-05,4.2430957983015105e-05,5.477081063598032e-05,6.21674923459068e-05
3213,7.455062285266144e-05,3.863970734528266e-05,5.506798929062723e-05,6.009427948738449e-05
3214,6.69128180662584e-05,4.399727942654863e-05,5.4535049388262765e-05,6.0509638334042396e-05
3215,5.088463656850056e-05,4.023412548121996e-05,5.5034693526168774e-05,6.296870348451193e-05
3216,5.2821708401703896e-05,7.058939838316291e-05,5.509918868839223e-05,6.301002645341214e-05
3217,4.687661078706797e-05,4.567325770040043e-05,5.565447531019648e-05,6.389504567196127e-05
3218,4.766448045201186e-05,5.7451208922429943e-05,5.5987886121470686e-05,6.427724247332664e-05
3219,5.8851602702311035e-05,0.00016951902274740859,5.738388827691476e-05,6.468764421879315e-05
3220,5.714215207262896e-05,4.8664086498320104e-05,5.7846263950988136e-05,6.42068984801881e-05
3221,6.188836472574621e-05,4.7897021941025744e-05,5.8084302044395986e-05,6.436727036198135e-05
3222,5.2468514242920924e-05,8.550074693630449e-05,5.7026124477205384e-05,6.514669434400276e-05
3223,5.5247950529317475e-05,3.840949779259972e-05,5.7097137707427864e-05,6.299875856784638e-05
3224,4.935526144335098e-05,0.00014421151048736645,5.6713913154089816e-05,6.435792858537752e-05
3225,6.899472678519992e-05,4.216932531562634e-05,5.718480959444099e-05,6.673903629125562e-05
3226,5.5240689899720664e-05,5.536965421924833e-05,5.6106045159847576e-05,6.67350846430054e-05
3227,5.5301481657402796e-05,0.00012346918461844325,5.5694822089410285e-05,6.659396003524308e-05
3228,4.900477804767434e-05,4.652147421438713e-05,5.596030361096686e-05,6.870987026195508e-05
3229,5.951968196313828e-05,0.00011133716587210074,5.6923525639770876e-05,7.199630532122682e-05
3230,6.272916096754165e-05,5.019004223868251e-05,5.7065734228268004e-05,7.336546459409873e-05
3231,7.78300768999745e-05,5.067640930064954e-05,5.721647088470896e-05,7.255173860176001e-05
3232,5.7849025736989764e-05,3.7223038016236385e-05,5.670307999033767e-05,6.98276615672512e-05
3233,5.70715239882702e-05,4.721035315014888e-05,5.7060450123228505e-05,7.232999352563639e-05
3234,4.5336163182380715e-05,5.681319715222344e-05,5.664185593082544e-05,7.579373897751793e-05
3235,5.5145628890992764e-05,3.798460405960214e-05,5.64724329407909e-05,7.43559910741169e-05
3236,5.2887590289982554e-05,7.67659448320046e-05,5.6799256328667984e-05,7.640756627661176e-05
3237,5.8044988707277096e-05,0.00010195865062996745,5.7589060994925806e-05,7.215086178039201e-05
3238,4.758151198782596e-05,3.85409161390271e-05,5.683361029368825e-05,7.196307487029118e-05
3239,5.663224130532601e-05,4.0469164232490585e-05,5.6799604527704e-05,7.847461330820807e-05
3240,5.752167460741475e-05,9.313188114902004e-05,5.682738193200849e-05,7.740649417391977e-05
3241,7.690225912180419e-05,0.00015275027486495675,5.680685089157325e-05,7.760992356925271e-05
3242,5.043182549949658e-05,7.990223952219821e-05,5.641764946663493e-05,7.526501003885642e-05
3243,5.143289686303534e-05,3.710805911396164e-05,5.619565702379785e-05,7.57397321984172e-05
3244,4.601683034302874e-05,0.00010141709688468836,5.5092783641238285e-05,7.587648241897115e-05
3245,6.607640539489996e-05,0.00011122238545794971,5.4646423439973865e-05,7.600905283179601e-05
3246,5.142350991566976e-05,0.0001344906582380645,5.5146437930266585e-05,7.570903941523285e-05
3247,4.823293949205739e-05,4.955704935127869e-05,5.5454952381680614e-05,7.502855951315726e-05
3248,6.341853522624459e-05,8.969887785497122e-05,5.54845533275511e-05,7.747555341047703e-05
3249,6.910037809979662e-05,3.779389808187261e-05,5.5562081476091405e-05,7.603335598832929e-05
3250,5.010845925426111e-05,3.747465256310534e-05,5.554008399598791e-05,7.343364434491377e-05
3251,5.4390545750114445e-05,0.00021815811516717076,5.5478032068640454e-05,7.379097585799173e-05
3252,5.599591676501505e-05,9.676620626123621e-05,5.490967824314591e-05,7.683407652075402e-05
3253,4.849150203679326e-05,5.1607209097710435e-05,5.453396684849091e-05,7.467744387686252e-05
3254,4.978964633968038e-05,5.27143276121933e-05,5.339291442053056e-05,7.099129424022977e-05
3255,5.717934989661444e-05,6.205809622770176e-05,5.3567182848928494e-05,6.948060971917586e-05
3256,5.025824233598542e-05,5.4095164814498274e-05,5.459544793896687e-05,6.969370133301709e-05
3257,4.669002070537923e-05,4.053729833685793e-05,5.484601390004779e-05,6.751818422635552e-05
3258,6.957188624558815e-05,3.971001773606986e-05,5.385618774614866e-05,6.471302803547587e-05
3259,5.304902446773162e-05,3.9801199600333346e-05,5.403806450485718e-05,6.090777911595069e-05
3260,5.588565253775515e-05,9.915945149259642e-05,5.390551885195438e-05,6.0380948259262366e-05
3261,5.482579400348994e-05,4.071100927831139e-05,5.318752426537684e-05,5.873844040324911e-05
3262,5.749505170468991e-05,3.696585954457987e-05,5.299792977247207e-05,5.8920796334859916e-05
3263,4.6030213804139444e-05,4.7474203965975904e-05,5.317844425784035e-05,6.017334047646727e-05
3264,4.242339566796242e-05,0.00011654668080154806,5.295052418708413e-05,5.41630913328845e-05
3265,4.812888974103973e-05,3.921606505173259e-05,5.271325192055277e-05,5.274245206383057e-05
3266,4.837594842279537e-05,6.0596533949137665e-05,5.26988962197922e-05,5.358405077422503e-05
3267,5.4788536209444926e-05,4.2135126495850275e-05,5.259843597903253e-05,5.3171302986447695e-05
3268,7.713952411399482e-05,4.243534945999272e-05,5.249372805070985e-05,5.2234691049670797e-05
3269,5.2280979370051583e-05,4.7029169218149035e-05,5.356618093000078e-05,5.243323122267611e-05
3270,4.133075154742174e-05,4.109348068595864e-05,5.3692102859592216e-05,5.2615061824326397e-05
3271,5.597042888338264e-05,3.93594352499349e-05,5.245208882988663e-05,5.254703084065113e-05
3272,4.491929816948767e-05,3.6386277934070676e-05,5.25275755122291e-05,5.294107673107646e-05
3273,4.5468670561806195e-05,4.863618145463988e-05,5.247323350777151e-05,5.070170776452869e-05
3274,6.436051577717687e-05,4.235279637214262e-05,5.233852603269042e-05,5.060218133439775e-05
3275,5.4621321388468563e-05,6.878825610328931e-05,5.248628189502697e-05,5.7242238690378144e-05
3276,4.869254398120878e-05,6.790188657760155e-05,5.3354130818560314e-05,5.9494093092507685e-05
3277,5.0064110101730976e-05,6.125022453488782e-05,5.374385515848796e-05,5.768276853195857e-05
3278,4.8132609517779205e-05,7.264717685757206e-05,5.366423218640396e-05,5.7565761537989606e-05
3279,4.727814032068838e-05,4.239563291775994e-05,5.405249785188872e-05,5.8637899390305396e-05
3280,5.45616516885477e-05,3.8642797808279286e-05,5.486216480445972e-05,6.199309945222921e-05
3281,7.706956431825852e-05,5.905866913963109e-05,5.371094545488531e-05,6.185674195294269e-05
3282,4.98380689451652e-05,4.508306337811518e-05,5.323795077581761e-05,6.156476920295972e-05
3283,3.857153550294849e-05,3.8009243144188074e-05,5.354711296951994e-05,6.179832347261254e-05
3284,5.4936191526293344e-05,4.9652346860966644e-05,5.3562348469373935e-05,6.247258020448498e-05
3285,5.452710242631535e-05,4.317522732890211e-05,5.427531831842822e-05,6.267927311710082e-05
3286,5.145810712646279e-05,3.822284852503799e-05,5.4363248398132996e-05,6.2304975441657e-05
3287,6.118894826310377e-05,0.00020296729344408958,5.360740376684893e-05,6.233770837716293e-05
3288,6.772643689247262e-05,0.00010377056401921437,5.369365630435318e-05,6.104302515159362e-05
3289,5.216650416615367e-05,7.12635667878203e-05,5.3890372358889884e-05,5.992439176188783e-05
3290,4.613831543893967e-05,3.6290890202508306e-05,5.437657161205102e-05,5.9053913570824085e-05
3291,5.808259005991406e-05,8.739998025703244e-05,5.4426985912626465e-05,5.7812140430905865e-05
3292,7.503021002372002e-05,0.00012601512804394588,5.424822724227044e-05,6.18333704856923e-05
3293,4.835904037463479e-05,3.902641197782941e-05,5.450632657367451e-05,6.184209636412562e-05
3294,4.045611239335914e-05,3.9729850468575025e-05,5.3788599242721424e-05,6.098449329729192e-05
3295,4.9059806389979916e-05,4.693233742727898e-05,5.4571904322721006e-05,6.0801528752199376e-05
3296,5.6351316379732454e-05,5.6215853546746076e-05,5.491912821097585e-05,6.353056651132647e-05
3297,6.274354439584487e-05,4.155360074946657e-05,5.493229435863516e-05,6.77150887378957e-05
3298,4.766692255442548e-05,3.9278739568544554e-05,5.465446942786609e-05,6.879520688089541e-05
3299,4.5464399995075335e-05,4.3171119759790596e-05,5.5023359938867446e-05,7.02075504581444e-05
3300,5.6777634826074875e-05,3.6421175464056434e-05,5.474649258006442e-05,6.692666498711332e-05
3301,5.361044534462659e-05,3.993605183495674e-05,5.432532734945805e-05,6.430544962640852e-05
3302,6.221909143075916e-05,3.9488269758294335e-05,5.413545950125101e-05,6.364231126208324e-05
3303,4.9392967032165164e-05,4.1602848359616476e-05,5.479098113864894e-05,6.387796521885322e-05
3304,4.2809173561787856e-05,0.00014292638428742066,5.445472340798006e-05,6.302433037781156e-05
3305,6.1014134973649765e-05,3.8860944769112394e-05,5.401194895659703e-05,6.013845148263499e-05
3306,5.912638104443128e-05,3.761859246878885e-05,5.437153837717941e-05,6.206778690102511e-05
3307,6.942069594515488e-05,4.050894975080155e-05,5.470387103446734e-05,6.38061553152511e-05
3308,4.725213270931919e-05,0.00010623518712236546,5.4975885709831766e-05,6.375627069501206e-05
3309,5.5265345217776485e-05,0.00015426540252519772,5.4899740211193505e-05,6.40586453024298e-05
3310,4.7581479157088326e-05,7.017818090389483e-05,5.430522250001863e-05,6.875597113976253e-05
3311,6.068036990149671e-05,7.353143795626239e-05,5.481858488072048e-05,6.870837990136351e-05
3312,5.4267264293028144e-05,0.00012094515666831285,5.49318024644486e-05,6.842317602131515e-05
3313,5.719730612731332e-05,3.824018000159413e-05,5.466982969066724e-05,6.952548925764858e-05
3314,4.741980796097778e-05,5.468510767968837e-05,5.481200149208438e-05,7.08866685949033e-05
3315,6.252635637388772e-05,4.2182239121757446e-05,5.444005746119526e-05,7.238752206321805e-05
3316,4.967614679319215e-05,6.605910923099145e-05,5.447084348852514e-05,7.228770486544815e-05
3317,6.396084873914435e-05,5.386815566453152e-05,5.4866838209596214e-05,6.898651878582312e-05
3318,5.7348775889194155e-05,8.725979743758217e-05,5.496247479669465e-05,6.900810663355514e-05
3319,4.876442882555744e-05,8.318906082422473e-05,5.433428707878597e-05,6.908789976150728e-05
3320,5.5860173274090304e-05,4.568522192130331e-05,5.357038373590006e-05,6.97945708205225e-05
3321,5.444767891377625e-05,6.377521873218939e-05,5.354925719067169e-05,6.812558302190155e-05
3322,4.7880601616472835e-05,0.00015898674668278544,5.313856131445695e-05,6.555442989920267e-05
3323,6.050098207197152e-05,3.808895860856865e-05,5.3210266423249985e-05,6.559926824702416e-05
3324,4.8294839588278494e-05,3.604102275858168e-05,5.3124849463832414e-05,6.42144985293271e-05
3325,5.022831548154096e-05,6.397900637239218e-05,5.294227367541883e-05,6.124401837587358e-05
3326,5.7164740380054964e-05,7.396553526632488e-05,5.2425558270220376e-05,6.225816244259478e-05
3327,5.292049065853159e-05,7.700960646616295e-05,5.283882756759542e-05,6.823278712981846e-05
3328,5.016261771541192e-05,3.910741841536947e-05,5.2660604328492705e-05,6.858040551596788e-05
3329,5.270904158856461e-05,6.039673229679465e-05,5.275251158665115e-05,6.845899282197935e-05
3330,6.340504965111096e-05,3.940064096241258e-05,5.210440830495726e-05,6.958529637486209e-05
3331,4.342168809671421e-05,3.961342066759244e-05,5.173765534547985e-05,6.785412981989793e-05
3332,5.0323112373007464e-05,5.817572622618172e-05,5.2408863740209995e-05,6.618028175143991e-05
3333,4.6723969078609825e-05,6.451049215684179e-05,5.19602868718923e-05,6.592158132989425e-05
3334,4.499794831240757e-05,8.99865744577255e-05,5.1617261455329653e-05,6.559936296252998e-05
3335,4.9374106876914286e-05,7.129913959943224e-05,5.246573280536621e-05,6.11478732287651e-05
3336,5.854494591605746e-05,3.891219501383603e-05,5.3092701027829515e-05,6.156958948704413e-05
3337,4.9702869582688435e-05,4.668315283197444e-05,5.3538305255157565e-05,6.210013359959703e-05
3338,4.4279420997352445e-05,6.359378166962416e-05,5.347668306559273e-05,6.118963856715709e-05
3339,5.775154039535361e-05,0.00020405072486028074,5.342400117159641e-05,6.822098095435649e-05
3340,5.807077539631993e-05,5.087269877549261e-05,5.417179714438842e-05,6.687083069118671e-05
3341,5.19738282471533e-05,6.302379188127816e-05,5.4442451406147384e-05,6.871643535559997e-05
3342,4.7758266696796956e-05,8.202574448660016e-05,5.4589426566478024e-05,6.787684668961446e-05
3343,4.817995190225904e-05,4.398063356347848e-05,5.364636921100707e-05,6.77923204988474e-05
3344,6.554463869381127e-05,4.134285911277402e-05,5.42828756942375e-05,6.805331549840047e-05
3345,4.4645751566147536e-05,3.9217711382661946e-05,5.5352851412964004e-05,6.742374914174432e-05
3346,4.5872043499710145e-05,5.571975954808295e-05,5.562198358578219e-05,6.643492290750146e-05
3347,6.909238536738687e-05,4.769950333866291e-05,5.5529665279027536e-05,6.439041649864521e-05
3348,7.617518763355394e-05,4.863186506554484e-05,5.528512918050788e-05,6.300389983807691e-05
3349,5.943494527147979e-05,4.930462557240389e-05,5.4675386635062746e-05,6.314320523524658e-05
3350,4.868776074242002e-05,4.121663056139369e-05,5.510462421435578e-05,6.314698372443672e-05
3351,5.584769303014683e-05,0.00024974909494630994,5.510861476626208e-05,6.435112927865703e-05
3352,7.161538997833203e-05,4.325584988691844e-05,5.669483316637019e-05,5.78050658950815e-05
3353,5.6928974259386044e-05,8.524753502570093e-05,5.635253907603328e-05,5.7354255989776e-05
3354,5.638342059683055e-05,3.94070156471571e-05,5.6287906783998344e-05,5.693714753142558e-05
3355,3.9828615764337074e-05,3.7287486193235964e-05,5.6238129250980117e-05,5.6156914241728366e-05
3356,5.933435017747494e-05,4.613829565641936e-05,5.649971378871771e-05,5.617732538667042e-05
3357,7.707250534117015e-05,4.2436567309778186e-05,5.582941551183468e-05,5.5977114161942164e-05
3358,5.345227339906463e-05,3.978983630076982e-05,5.6073830658068706e-05,5.6334598606918015e-05
3359,4.268999064354122e-05,3.887391423631925e-05,5.6231139064523925e-05,5.572099291021005e-05
3360,4.326070441392302e-05,3.663622308522463e-05,5.543032424862353e-05,5.8023856644285845e-05
3361,4.330138227992898e-05,4.2394829943077636e-05,5.473842081628391e-05,5.8078551301150587e-05
3362,6.0433809065014226e-05,4.6777615061728283e-05,5.4298700505832026e-05,5.884262334147934e-05
3363,4.437918479500998e-05,9.369742052513175e-05,5.5331005336564784e-05,6.007946448517033e-05
3364,9.740700039805637e-05,4.039914027089253e-05,5.568266627985091e-05,5.403248854563572e-05
3365,4.951342313789711e-05,3.960245114285499e-05,5.523412647720155e-05,5.379582954046783e-05
3366,5.035802094628e-05,5.2596080422517844e-05,5.48683190526693e-05,5.274526334251278e-05
3367,4.651382837134103e-05,6.251991224416998e-05,5.4826508893731645e-05,5.6767614287673504e-05
3368,5.471956534569876e-05,4.449091218702961e-05,5.6348529696293145e-05,5.700326513324399e-05
3369,4.878718177173545e-05,3.633757849456742e-05,5.6276412458181665e-05,6.019021261599847e-05
3370,5.075613022199832e-05,4.815482250705827e-05,5.583215431340957e-05,6.0170706556527886e-05
3371,4.980475366109103e-05,4.037961713038385e-05,5.543716900922138e-05,6.185853141651025e-05
3372,4.907201496987707e-05,0.00010527109669055789,5.570583970491295e-05,6.199433543952182e-05
3373,5.8877601825063016e-05,4.999923148716334e-05,5.6206254867316186e-05,6.207846747129225e-05
3374,4.8441937510182875e-05,6.840642658062279e-05,5.6622298200818464e-05,6.196556612558198e-05
3375,7.44953815107389e-05,7.213765915366822e-05,5.600320275011148e-05,6.227265930501743e-05
3376,6.463921661230011e-05,9.85746964579448e-05,5.5921342526239125e-05,6.009105384582654e-05
3377,6.040189491209781e-05,3.733937475772109e-05,5.378669301054388e-05,6.030467885721009e-05
3378,4.7783788646079804e-05,5.898338007682469e-05,5.40557840104965e-05,6.242332133988384e-05
3379,5.5338166623389244e-05,0.0001399657892761752,5.446031068568117e-05,6.358162522083149e-05
3380,7.787913582837468e-05,4.3178757332498206e-05,5.4805422971387286e-05,6.73663705616491e-05
3381,5.753141922468785e-05,0.00012581198272528126,5.482007674678849e-05,6.84663118212484e-05
3382,6.59660517218678e-05,4.194891582301352e-05,5.4763882555804836e-05,6.942838321847376e-05
3383,4.3577640794359875e-05,8.198545780032873e-05,5.559711508815073e-05,7.054693445679733e-05
3384,4.940675803583063e-05,4.226901481160894e-05,5.562883303533049e-05,7.511087491293438e-05
3385,5.577108347400402e-05,3.8739523879485206e-05,5.596704977118254e-05,7.319901796581689e-05
3386,5.370246561748596e-05,3.957229630032089e-05,5.575165992486289e-05,7.454803221626207e-05
3387,4.495642279733955e-05,5.445494454761501e-05,5.566475989956718e-05,7.33320465311408e-05
3388,4.233267919820113e-05,3.915728404535912e-05,5.495454556463907e-05,7.227181382186244e-05
3389,4.404076250567515e-05,4.5739765555481425e-05,5.472118794633489e-05,7.141218930773904e-05
3390,5.624069813671263e-05,9.256851320969872e-05,5.5093495239270846e-05,7.184697046177462e-05
3391,6.0471187825896774e-05,8.15536774462089e-05,5.492805424922456e-05,7.28532472421648e-05
3392,5.5141635513993805e-05,0.00015713854576461018,5.4645013800796324e-05,7.078947585832792e-05
3393,5.5085909730728925e-05,7.198944367701188e-05,5.4048954449374124e-05,7.048287027573679e-05
3394,4.738232699714394e-05,6.038936342520174e-05,5.3321179326222694e-05,6.713242169644218e-05
3395,7.158694353064573e-05,7.611860346514731e-05,5.265745672546069e-05,6.701710539637134e-05
3396,5.0597702340585074e-05,0.00015447812853381038,5.311753578361176e-05,6.52284631447401e-05
3397,5.752743336617843e-05,5.747467301262077e-05,5.2967965496807466e-05,6.513227559335064e-05
3398,5.3492855667071935e-05,8.372458774829284e-05,5.262512676967567e-05,6.511803061293902e-05
3399,4.626943687779001e-05,3.800678445259109e-05,5.273117853600221e-05,7.195142154232598e-05
3400,5.67400231375359e-05,4.56318414217094e-05,5.3557250349290874e-05,7.388961848046165e-05
3401,5.88052761546957e-05,7.708408360485918e-05,5.3903386226738805e-05,7.542792046733666e-05
3402,6.970957723549671e-05,4.820890360861085e-05,5.469414809679923e-05,7.595358798862435e-05
3403,4.3647763894922616e-05,8.414029958657921e-05,5.502139401570376e-05,7.407947222818621e-05
3404,4.8262155412683366e-05,8.837150468025356e-05,5.469484362369662e-05,7.642395932343789e-05
3405,6.29776520428196e-05,3.551361776771955e-05,5.4937527249502534e-05,7.164281779550948e-05
3406,3.933704114590203e-05,4.205076824291609e-05,5.4372595384807544e-05,7.020211627532263e-05
3407,4.93729867028176e-05,3.9066008321242406e-05,5.494595377337343e-05,7.687741915578955e-05
3408,5.5079617248136655e-05,3.7269401509547606e-05,5.453432700984801e-05,7.537628892459907e-05
3409,4.5667500865723315e-05,3.986432602687273e-05,5.421256475383416e-05,7.077338584349491e-05
3410,4.720011529570911e-05,3.8383399369195105e-05,5.380278084776365e-05,6.992742781585549e-05
3411,5.6353759775649656e-05,0.00021040706953499467,5.3813652580073626e-05,6.82069036527537e-05
3412,6.560821812955611e-05,0.00010290986800100655,5.370937150534398e-05,6.914877810049804e-05
3413,5.0986076134399305e-05,7.761483371723443e-05,5.405168598162062e-05,7.058889600157274e-05
3414,6.380980925718581e-05,5.888145358767361e-05,5.3525043907898686e-05,6.904851596045773e-05
3415,6.442184610932599e-05,4.571561919874512e-05,5.275559575950157e-05,6.945826985465828e-05
3416,5.230742802571816e-05,0.00014016585482750087,5.318079050953707e-05,6.836562007083557e-05
3417,6.120872615914172e-05,3.761000756639987e-05,5.292648249887861e-05,6.632466140144969e-05
3418,4.0962613113353854e-05,3.5971905672340656e-05,5.261616311003713e-05,6.779643696791027e-05
3419,6.171628671129131e-05,0.00022727193543687463,5.316172828477444e-05,6.77448393078521e-05
3420,6.129627444251027e-05,3.8590347685385495e-05,5.329434620830902e-05,6.803291810210796e-05
3421,4.2553645940238815e-05,3.940555150620639e-05,5.307268969546485e-05,7.072371759568343e-05
3422,4.728283571441554e-05,3.632572232163511e-05,5.3541916210734696e-05,7.082734823634385e-05
3423,5.376464897482139e-05,4.071148367074784e-05,5.391786643336268e-05,7.116413714538794e-05
3424,4.36624100095489e-05,6.155364564619959e-05,5.374727067278904e-05,6.423324877978301e-05
3425,6.529788504445201e-05,8.16347889485769e-05,5.3204322039770584e-05,6.336022666073404e-05
3426,4.5639224311647315e-05,3.857458257698454e-05,5.3803025215489066e-05,6.18727873021271e-05
3427,5.0473373525569005e-05,5.8452750963624566e-05,5.35130342313399e-05,6.265896690892986e-05
3428,5.427763264580992e-05,5.682405499101151e-05,5.2715904305417406e-05,6.229257147933821e-05
3429,4.1904455146221965e-05,3.734753794560675e-05,5.253445228736382e-05,6.0715688907657744e-05
3430,5.5219667321782456e-05,7.230800692923368e-05,5.2313509983812564e-05,6.248086431005503e-05
3431,5.297617051433513e-05,4.076082674146164e-05,5.353320230852761e-05,6.356720920593943e-05
3432,5.268843479118206e-05,4.6267978177638724e-05,5.2666799964370306e-05,5.706342501507604e-05
3433,4.953820442703242e-05,0.00010453938884893432,5.257910101241173e-05,5.7577651232713814e-05
3434,5.7398163747469274e-05,4.2455092043383046e-05,5.2583646035054704e-05,5.743062074470797e-05
3435,5.659887086140871e-05,4.680312209529802e-05,5.368927800704519e-05,5.74169389263261e-05
3436,5.208886576130883e-05,3.713486039487179e-05,5.4150139867690294e-05,5.8237694957642816e-05
3437,5.203450230409443e-05,8.108431502478197e-05,5.4682466686548045e-05,5.790549842349718e-05
3438,6.595365552736135e-05,4.042884975206107e-05,5.432741002878175e-05,5.63413896743441e-05
3439,5.656003465345647e-05,7.853594375774264e-05,5.422649292643959e-05,5.6271843018475926e-05
3440,4.449359796126373e-05,3.655573345895391e-05,5.4068706033285714e-05,5.589272542856634e-05
3441,4.7771127574378626e-05,0.0001007437905354891,5.4646942604449584e-05,5.5842864778242076e-05
3442,5.568516857036027e-05,8.173939262633212e-05,5.4477021438651724e-05,5.6515346004744065e-05
3443,7.145492123123e-05,6.313052806945053e-05,5.464550203533792e-05,5.523602770117577e-05
3444,4.0056228107358845e-05,6.467733066529036e-05,5.507120022246252e-05,5.508560533344281e-05
3445,5.910380064354589e-05,5.144600312632974e-05,5.452935167607696e-05,5.500415636051912e-05
3446,4.2667271506312926e-05,3.572978930606041e-05,5.5102195412877735e-05,5.652155507414137e-05
3447,7.492363501417761e-05,3.598367686208803e-05,5.501927691802848e-05,5.8705391947296445e-05
3448,6.528619549094907e-05,6.123038445366547e-05,5.484057760719831e-05,5.8888547902461136e-05
3449,5.6970580480992794e-05,5.3248732292559e-05,5.479360311971201e-05,6.0180607149959537e-05
3450,5.6421468600294446e-05,4.253207021974958e-05,5.459158979679665e-05,5.863512842333875e-05
3451,4.311629675309329e-05,3.6835916180280034e-05,5.426566361986464e-05,5.846665701537858e-05
3452,4.652870119672217e-05,4.897481121588498e-05,5.397271387466592e-05,6.412230403802821e-05
3453,6.873354692490668e-05,5.557753873290494e-05,5.475299085276978e-05,6.520630457671358e-05
3454,3.7656426001275474e-05,5.41595686081564e-05,5.445595821462727e-05,6.271026220056227e-05
3455,5.9431682238937355e-05,4.0325049340026454e-05,5.4683500878228296e-05,6.127443194272927e-05
3456,6.361862519245026e-05,3.700026754813734e-05,5.369131809372145e-05,6.029655185702722e-05
3457,3.914222113154311e-05,4.4231753854546696e-05,5.3793151180919574e-05,6.039784743625204e-05
3458,6.38592978470519e-05,0.00014247435668949038,5.342487955381836e-05,6.113823860941919e-05
3459,5.5325201376237805e-05,9.705101387226022e-05,5.3895319230893325e-05,6.732610722538084e-05
3460,5.213138809065438e-05,5.138202097441536e-05,5.3319331998096064e-05,6.911813523329328e-05
3461,5.091450357415144e-05,6.94363415823318e-05,5.241118612886769e-05,6.820534067810513e-05
3462,4.698416923121032e-05,4.244734685926232e-05,5.173745821068426e-05,6.87309377884958e-05
3463,5.7805501104060874e-05,3.6217064553056845e-05,5.155986457280557e-05,6.995546052348801e-05
3464,4.9236291023488675e-05,0.0002199271193239838,5.252456119180555e-05,7.006720385979861e-05
3465,6.400052241386017e-05,6.365574692608789e-05,5.258208967797045e-05,6.958782591391356e-05
3466,4.0345311620815965e-05,3.8342731131706386e-05,5.149130965615365e-05,6.906730578775751e-05
3467,6.137373516038577e-05,4.584363618050702e-05,5.189323470242219e-05,6.85970653386903e-05
3468,4.665035161855889e-05,3.868352592689917e-05,5.1538412566232086e-05,7.049421981937484e-05
3469,4.260205528731199e-05,6.720972014591098e-05,5.073792483825754e-05,7.51850328684668e-05
3470,4.98970099660154e-05,6.995578245550859e-05,5.1386246246531506e-05,7.510024583170888e-05
3471,5.442826343318706e-05,0.00019042650470510125,5.089024566825376e-05,7.111151045392033e-05
3472,6.052395419424607e-05,8.078437705989927e-05,5.086091529778464e-05,6.881107702938606e-05
3473,4.2582548760239865e-05,3.841052057396155e-05,5.167809230592361e-05,7.164775905112037e-05
3474,4.012738252640702e-05,6.638866005232558e-05,5.1701065302606576e-05,7.099043388298015e-05
3475,5.198162765332705e-05,7.314513859455474e-05,5.186774385898995e-05,7.075997101637767e-05
3476,6.723371222809268e-05,3.962949958804529e-05,5.1896479123388424e-05,7.070823287795065e-05
3477,4.796691335084486e-05,3.6990362568758426e-05,5.234010875736002e-05,6.658006391226082e-05
3478,4.146404637948662e-05,4.2564535579003857e-05,5.199854708221716e-05,6.558932349289535e-05
3479,4.770455215798898e-05,4.2403557381476274e-05,5.24148087448945e-05,6.556643097283086e-05
3480,5.056112883418488e-05,8.775391135714017e-05,5.191494079109462e-05,6.51801587679074e-05
3481,4.360643199308672e-05,0.0001542705937754363,5.277349888557284e-05,6.594900180207332e-05
3482,5.535025633839218e-05,4.211207793559879e-05,5.282560083336041e-05,6.704735538660316e-05
3483,5.145928339010829e-05,4.2755972244776786e-05,5.2738818957974815e-05,6.573529385641451e-05
3484,5.4591942114509744e-05,3.954017825890332e-05,5.226684066712752e-05,6.005326449085261e-05
3485,7.256081329412861e-05,0.00012229907151777296,5.1717286873544145e-05,5.852679162780989e-05
3486,5.148882849122553e-05,5.300321237882599e-05,5.21743534832947e-05,5.8618361364642637e-05
3487,5.115113314079483e-05,3.6685775194200686e-05,5.26204448899888e-05,6.012190851761262e-05
3488,5.852388271402257e-05,3.4923611092381176e-05,5.29625746125627e-05,5.941193317848958e-05
3489,6.032703187277851e-05,0.00011672289518173784,5.2454190589196514e-05,6.120248724619161e-05
3490,5.54614805352887e-05,3.8887236441951246e-05,5.2289183145654126e-05,6.270203875756124e-05
3491,5.075185318774958e-05,3.777041813009419e-05,5.259121684082654e-05,6.246455568762031e-05
3492,4.8877036315388976e-05,3.6186831057420935e-05,5.233864963180774e-05,6.246044509462082e-05
3493,6.81143039805142e-05,5.790460178104695e-05,5.301587525997698e-05,6.126189970236737e-05
3494,4.390460398200149e-05,9.466855975915677e-05,5.3173718080344976e-05,5.8050133712822574e-05
3495,4.772746308137559e-05,3.7154244200792167e-05,5.351273192969126e-05,5.9281624923460185e-05
3496,4.262880616200467e-05,4.837577056605369e-05,5.331261438307896e-05,6.111880433163606e-05
3497,4.678510935466167e-05,4.262255548383109e-05,5.343919345872969e-05,6.205444490187802e-05
3498,5.4009214004003704e-05,4.069976399478037e-05,5.339034294091916e-05,5.9345349832437936e-05
3499,5.127966769375942e-05,0.00010397733887657524,5.331175520178578e-05,5.872572428779677e-05
3500,6.0534870717674496e-05,5.539575511647854e-05,5.351268088642327e-05,5.881606925395318e-05
3501,5.452411164393804e-05,8.439335128059611e-05,5.4024965181694526e-05,5.888342046237086e-05
3502,4.384172726228523e-05,7.447915035299957e-05,5.349718965153443e-05,5.609826153959148e-05
3503,4.9014888758796994e-05,3.6627458830480466e-05,5.359361044393154e-05,5.9606628207257025e-05
3504,4.1390371932518775e-05,4.230079255648889e-05,5.3523300109049566e-05,5.956000711012167e-05
3505,6.749176953841622e-05,5.7790276550804264e-05,5.3193855585252295e-05,6.011170112760738e-05
3506,4.755250250228629e-05,7.397644403681625e-05,5.2545155016479036e-05,5.956859344732948e-05
3507,6.382560257204912e-05,7.289935820153914e-05,5.2766710985775316e-05,5.8160845004022136e-05
3508,4.6456344724800955e-05,8.868545744917356e-05,5.292556428693287e-05,6.0408151173032834e-05
3509,5.7756419005777896e-05,6.293119251495227e-05,5.328378808367739e-05,5.9905605285894136e-05
3510,7.133955034886539e-05,5.457169478177093e-05,5.37285882261737e-05,6.21517388673965e-05
3511,4.952413501289104e-05,3.751257376279682e-05,5.365113225367775e-05,6.197429611347616e-05
3512,5.617427525673217e-05,3.8944399348110894e-05,5.3514675383566005e-05,5.9237491883686745e-05
3513,7.133099009580392e-05,3.660739130282309e-05,5.358369054237201e-05,5.885297699423973e-05
3514,4.713264361877615e-05,4.7093922112253495e-05,5.3193250129536174e-05,5.7193507588817745e-05
3515,5.7872000345216495e-05,0.00012659640313358978,5.328583494718059e-05,5.566687985847239e-05
3516,4.899409481570021e-05,3.660489070171025e-05,5.317692404221615e-05,5.563934082456399e-05
3517,4.06409232204573e-05,4.997918149456382e-05,5.380230177882671e-05,5.543907184910495e-05
3518,5.1896789761182544e-05,4.4326909774099476e-05,5.302741325334259e-05,5.547851803712548e-05
3519,4.944350321440854e-05,5.94748486764729e-05,5.353788961995937e-05,5.401174900762271e-05
3520,5.1698795610314445e-05,9.333689842605964e-05,5.2959611546086516e-05,5.431798971549142e-05
3521,5.158440108061768e-05,3.5812123387586324e-05,5.282932186027109e-05,5.2441684113000523e-05
3522,5.7905112917069347e-05,9.877589502139017e-05,5.2656685338782454e-05,5.364335889171344e-05
3523,5.207281469160484e-05,3.6263695146772076e-05,5.193873589127583e-05,5.293850342277438e-05
3524,4.786824594096591e-05,3.5557233131839895e-05,5.1558840414185804e-05,5.4726302513154234e-05
3525,6.22602496878244e-05,4.5782882880303076e-05,5.125748418698397e-05,5.647170832089614e-05
3526,4.4763101323042064e-05,4.290661614504643e-05,5.043988004714872e-05,5.665326203597942e-05
3527,4.615634770339562e-05,3.631345709436573e-05,5.0790232250842066e-05,5.642849021387519e-05
3528,4.629211613468619e-05,3.593898298277054e-05,5.062842999937454e-05,5.466637525969418e-05
3529,5.702481534778296e-05,3.729406817001291e-05,5.0491801608425005e-05,5.5019860425090886e-05
3530,4.8119556401312974e-05,5.8776431251317264e-05,5.080572015188713e-05,5.548018662229879e-05
3531,6.0314411667705925e-05,3.7307218299247325e-05,5.052020518649241e-05,5.761284741602139e-05
3532,4.9368650725227784e-05,8.05553758982569e-05,5.0845201164257674e-05,6.0561907729425e-05
3533,4.319910257941552e-05,4.1777817386901006e-05,5.115623142353596e-05,6.474280777183595e-05
3534,5.3440505968562014e-05,9.29730619827751e-05,5.202360743052041e-05,6.577406273427188e-05
3535,5.3390814161199764e-05,3.695030805829447e-05,5.129400885958199e-05,6.321012081898516e-05
3536,4.002674808564027e-05,8.220755102229304e-05,5.093949539150344e-05,6.31354993194691e-05
3537,4.864036957668658e-05,8.257954454165883e-05,5.0905825249598524e-05,6.321304197044812e-05
3538,5.0890886599922346e-05,4.114623417990515e-05,5.0716472661103284e-05,6.289361571107293e-05
3539,5.589144871110976e-05,4.147462655964773e-05,5.1000404621299824e-05,6.279215994291009e-05
3540,5.382694405852817e-05,8.254352927906438e-05,5.0984774722504266e-05,6.284316045057494e-05
3541,4.557838504196196e-05,4.544201983662788e-05,5.143044051639865e-05,6.34246458474081e-05
3542,4.848888680701041e-05,6.148733642476145e-05,5.206367710537354e-05,6.337400041520596e-05
3543,4.475891562631457e-05,9.764342961716465e-05,5.194222711110746e-05,6.399915426154621e-05
3544,5.756840265854003e-05,0.00013320135651156306,5.1469696727387296e-05,6.599186591920442e-05
3545,5.9474552092271754e-05,0.00019785939948633314,5.170342482936879e-05,6.543006206047722e-05
3546,7.326880125522924e-05,6.159349744848441e-05,5.212402410122902e-05,6.54461974860169e-05
3547,3.966514864360862e-05,3.4677347139222546e-05,5.1733221583385274e-05,6.3618630883866e-05
3548,4.320997798964122e-05,3.439815765887033e-05,5.127003968534862e-05,6.377222742594313e-05
3549,4.702649239334278e-05,3.74957994063152e-05,5.175456692345001e-05,6.503667774668429e-05
3550,5.7526434975443405e-05,3.7797226395923646e-05,5.2180008806721565e-05,6.346629904292059e-05
3551,5.1861400327955685e-05,4.037022194097517e-05,5.3417828812800706e-05,6.428152746084379e-05
3552,4.576560023350693e-05,3.75884697859874e-05,5.347228969508756e-05,6.765999739145627e-05
3553,5.743376098204559e-05,5.047611790359952e-05,5.3284619058993277e-05,6.81834574250388e-05
3554,7.285573007215539e-05,3.602793236495927e-05,5.3550295833621117e-05,7.02364482349367e-05
3555,4.508330654466085e-05,7.440527740982362e-05,5.3819052978037173e-05,6.993426391418326e-05
3556,4.850115207470177e-05,8.712500974070281e-05,5.405000598160161e-05,7.055588233779417e-05
3557,5.521185327476511e-05,6.651027943007647e-05,5.4426034665892875e-05,6.671473764145047e-05
3558,5.3714084375921324e-05,4.218120302539319e-05,5.384730021873514e-05,6.030258745158788e-05
3559,4.3670443022468435e-05,4.7283896929002364e-05,5.2937786726882525e-05,6.044256838649744e-05
3560,4.1811266710283236e-05,4.0790221610222944e-05,5.316816872946218e-05,6.0864528008096384e-05
3561,5.2139929038174967e-05,0.00011381880904082209,5.3235830586345396e-05,6.090913956140866e-05
3562,5.9276416658475584e-05,4.332007694756612e-05,5.3141506746922254e-05,6.109013412642526e-05
3563,8.183638675190094e-05,6.152694462798536e-05,5.256364104134263e-05,6.114984848973109e-05
3564,5.725297076828105e-05,0.00012593637482495977,5.217047494321984e-05,6.368766819941811e-05
3565,4.91351781561712e-05,9.563003011862747e-05,5.283944591275132e-05,6.429666396579705e-05
3566,5.222030440765795e-05,9.676679008407518e-05,5.3127655202115424e-05,6.409886799519881e-05
3567,5.5207815417411946e-05,5.3932728405925445e-05,5.291371205449751e-05,7.204829154070466e-05
3568,5.053274071542546e-05,0.0001131838902074378,5.30186512176038e-05,7.329828427173196e-05
3569,6.696911976582164e-05,3.717273910297081e-05,5.301819217808468e-05,7.118110339797567e-05
3570,4.500619091332838e-05,3.7555644739768466e-05,5.27496350461863e-05,7.103766846121287e-05
3571,5.053096395891367e-05,6.509302082122304e-05,5.344436969527225e-05,7.082862161332741e-05
3572,4.542469870810035e-05,4.5226337679196146e-05,5.3426470630963915e-05,7.140490378951654e-05
3573,4.490152441172136e-05,3.5513446491677314e-05,5.335192877828377e-05,7.120206878462342e-05
3574,4.46683964077642e-05,4.202066353172995e-05,5.3665738263549024e-05,6.80691547197057e-05
3575,4.307979233595284e-05,3.9290085478569384e-05,5.309172224644701e-05,7.015657380397898e-05
3576,4.20322478748858e-05,0.00010381571468315087,5.196153265019853e-05,7.081605630519333e-05
3577,6.248987447179388e-05,5.2813363945460876e-05,5.163468940413117e-05,6.828280345071107e-05
3578,6.463899321614816e-05,4.553121863864362e-05,5.136073943204893e-05,6.588797220028936e-05
3579,6.750715138170764e-05,0.00023476352100260556,5.127532497879454e-05,6.374080751556903e-05
3580,4.7706785622318014e-05,0.00010565509568550623,5.083074741883643e-05,6.3423618132947e-05
3581,4.8489676086723596e-05,3.419548789679539e-05,5.069014595905577e-05,6.0809600987704474e-05
3582,4.849792497730555e-05,6.29244060110068e-05,4.9927380762205245e-05,6.129347831592895e-05
3583,7.108245060307026e-05,3.695503182825633e-05,4.9858176602154134e-05,6.226160831865855e-05
3584,4.3222966414759864e-05,6.169095133373048e-05,5.0224002903430824e-05,6.116806698555592e-05
3585,3.9947720393279774e-05,3.571934648789465e-05,5.0779731251208846e-05,6.0920542202075006e-05
3586,5.998516616980649e-05,3.5495957417879255e-05,5.0736291736959375e-05,6.285660389403346e-05
3587,4.492601623092519e-05,9.550555405439809e-05,5.055102756369807e-05,6.544142159691546e-05
3588,5.358164684568894e-05,7.801400715834461e-05,5.128542704139059e-05,6.706575755379164e-05
3589,4.908188961659713e-05,6.260505346290301e-05,5.133179138485704e-05,6.436336681363174e-05
3590,4.2286428854115205e-05,3.5759248858084904e-05,5.072438786608271e-05,6.38492153811967e-05
3591,5.0084943076298156e-05,4.3087672966066746e-05,4.984450334385555e-05,6.343547808064613e-05
3592,4.409337641845923e-05,4.6002993840374984e-05,4.915665575988694e-05,5.689955450652633e-05
3593,4.701770422090906e-05,4.783346157637425e-05,4.9328827951911884e-05,5.417398027057061e-05
3594,4.7899989844558556e-05,4.9269672308582814e-05,4.9509870816352e-05,5.462906706088689e-05
3595,4.327608691205064e-05,6.175889480800833e-05,4.941463464719063e-05,5.7127576135098936e-05
3596,5.967662149083076e-05,3.775448749365751e-05,4.8735115333208045e-05,5.732005235331599e-05
3597,5.9317907402550595e-05,3.903821809217334e-05,4.8759709460136945e-05,5.626485951361247e-05
3598,4.381553655548487e-05,8.391498879063875e-05,4.9158041428017896e-05,5.760010242811405e-05
3599,4.0036792076231604e-05,0.00010664110610377974,4.945162595912633e-05,6.2291372026084e-05
3600,6.143977927826604e-05,7.989848440047354e-05,4.9521448628931675e-05,6.111973730730823e-05
3601,4.31913564615469e-05,3.6255946179153396e-05,4.942081082020498e-05,5.951034288154915e-05
3602,4.730478650243539e-05,3.995957813458517e-05,4.938780709554622e-05,5.856080422818195e-05
3603,4.2641880160469255e-05,3.5187786124879494e-05,4.9549625087497086e-05,5.887817850452848e-05
3604,5.031096178249249e-05,7.13654316496104e-05,4.999326467659557e-05,5.877741378499196e-05
3605,5.2011090422941684e-05,3.7515739786613264e-05,5.0520746062183106e-05,6.144881535146851e-05
3606,5.301574769772641e-05,4.55726576547022e-05,5.0726796414447664e-05,6.357141283515375e-05
3607,4.611702074827109e-05,0.0001253871328663081,5.1247768464721354e-05,6.498738685331772e-05
3608,5.409446775350565e-05,4.176693728368264e-05,5.157599856975139e-05,6.678494645166211e-05
3609,4.383781958798257e-05,3.5311130341142415e-05,5.1024175656574604e-05,6.691135163418948e-05
3610,4.990601959030351e-05,6.91004193504341e-05,5.055903487025515e-05,6.936667578411287e-05
3611,6.732477944751736e-05,0.00015277769736712798,5.061967450415574e-05,6.960747743723913e-05
3612,4.667158297605864e-05,6.621468608500436e-05,5.107335303336085e-05,6.71563300071284e-05
3613,5.1065701627521775e-05,3.7779146514367315e-05,5.058347641711913e-05,6.629615989222656e-05
3614,4.8256796500128175e-05,3.886658712872304e-05,5.048700374100009e-05,6.622380037442782e-05
3615,4.6331878652886696e-05,4.369360576674808e-05,5.090165244966759e-05,6.665248725912534e-05
3616,6.117593280376039e-05,4.056855497765355e-05,5.117594393191718e-05,6.68349175801268e-05
3617,5.728041105814757e-05,0.00011278803300228902,5.10592120742432e-05,6.55022332299268e-05
3618,5.2168963027523e-05,0.00010089839866850525,5.062721365805678e-05,6.800223966565683e-05
3619,6.092429110140074e-05,8.46690227626823e-05,5.049081857828747e-05,6.907231463119388e-05
3620,5.1481839537801634e-05,0.00010669788476661778,5.072065774753962e-05,6.587161822244525e-05
3621,4.588104866141091e-05,4.0914617056841965e-05,5.020381367236648e-05,6.56020717404317e-05
3622,4.768938774456425e-05,0.00010042132184025832,5.0528360306392044e-05,6.643183127162047e-05
3623,4.5331527402999606e-05,8.993503011879511e-05,5.036779348099824e-05,6.523127804393882e-05
3624,5.137875530635938e-05,4.536242035101168e-05,4.94495087876405e-05,6.133617812010926e-05
3625,4.9192863872223016e-05,5.8394231527927334e-05,4.9396099037080104e-05,6.054775122902357e-05
3626,4.0779539558570834e-05,3.444695823418442e-05,4.918432699899617e-05,6.412283726385794e-05
3627,5.767100421912295e-05,5.0676750252023336e-05,4.9581923599099455e-05,6.422092479770072e-05
3628,4.9499167216708885e-05,3.9748544149915685e-05,4.961346613361254e-05,6.386934948677663e-05
3629,4.739266534064276e-05,3.804832289461046e-05,4.894805624410057e-05,6.360755440837239e-05
3630,4.1211130018281334e-05,0.000100015900679864,4.970835634740068e-05,6.075762976834085e-05
3631,4.960587070349397e-05,7.23245317931287e-05,4.927303231864546e-05,5.8799566995003266e-05
3632,5.186299997957475e-05,4.536972264759243e-05,4.852589998950457e-05,5.8117578542442055e-05
3633,4.1173365874177154e-05,3.5028275233344177e-05,4.831389098997332e-05,5.6292986820335505e-05
3634,5.19514854386216e-05,5.605511862086132e-05,4.83983140615035e-05,5.661125952610746e-05
3635,4.589184895545865e-05,3.908658865839243e-05,4.855306305641231e-05,5.472522411728277e-05
3636,4.436766211357382e-05,5.5400199271389284e-05,4.940027862046717e-05,5.278028280445141e-05
3637,4.5336339212048595e-05,4.650401380786207e-05,4.9372041077165514e-05,5.235410909663187e-05
3638,4.577140067542334e-05,0.00012715629738522694,4.955952443043418e-05,5.1413327069894874e-05
3639,5.8196711502710566e-05,4.1318775474792345e-05,4.9948747555511854e-05,5.356504115770804e-05
3640,4.712044201571391e-05,3.4904222993645816e-05,4.9547314458080416e-05,5.396882631612243e-05
3641,4.4540685565961114e-05,3.4023678017547355e-05,4.961655818963967e-05,5.60159258879139e-05
3642,7.628791364065061e-05,4.1539917001500724e-05,4.974760602587292e-05,5.590077505185035e-05
3643,4.128586230864231e-05,5.194682933506556e-05,4.9896199117291765e-05,5.7110719701449844e-05
3644,4.224598287287841e-05,6.76193114486523e-05,4.979356251375673e-05,5.711180672369664e-05
3645,4.6181614549520116e-05,6.108309171395376e-05,5.0196635424153004e-05,5.963158293598098e-05
3646,4.799162544966546e-05,4.887143470114097e-05,5.0619907839346623e-05,5.967242850601906e-05
3647,5.1558112617284574e-05,5.3270436619641256e-05,5.0466726529379634e-05,6.22433569355053e-05
3648,6.651191650437088e-05,4.131149729801109e-05,5.138856695961699e-05,6.248362630867633e-05
3649,5.067281672381796e-05,3.4708077655523085e-05,5.1513378286714825e-05,6.200559304124908e-05
3650,5.3879947703939654e-05,3.48746808595024e-05,5.119351342032638e-05,6.159843018394896e-05
3651,5.051011768551285e-05,8.823981042951345e-05,5.131909500358031e-05,5.8252472089952793e-05
3652,4.7635176783337054e-05,6.077137921238318e-05,5.165197070503685e-05,5.831379344162997e-05
3653,5.123026050569024e-05,9.092603344470263e-05,5.148999375087442e-05,5.84366566996323e-05
3654,5.066886124647378e-05,3.516955199302174e-05,5.1337831000596955e-05,5.846228266891559e-05
3655,4.492595730375292e-05,0.0001302645169198513,4.989543784645826e-05,5.902204673329835e-05
3656,4.703995561511773e-05,7.235170734929852e-05,4.999481414253953e-05,5.980958700820339e-05
3657,6.193982273948172e-05,0.00010836412795470096,5.080605571517177e-05,5.862304625334219e-05
3658,5.17551762540178e-05,3.604941448429599e-05,5.129311243638059e-05,6.115476213162765e-05
3659,4.812195268944682e-05,0.00012032832935801707,5.1690943773913514e-05,6.0692375272628864e-05
3660,6.893785971139247e-05,4.509332298766822e-05,5.137650550233149e-05,5.995869693870191e-05
3661,4.748794529101966e-05,4.344936758570839e-05,5.0499186749544206e-05,5.98189801821718e-05
3662,3.7339717552337484e-05,3.632494237535866e-05,5.097688372512089e-05,6.049287575879135e-05
3663,4.891094025677174e-05,4.350734503532294e-05,5.06072986014058e-05,6.0928819206310436e-05
3664,6.6518604039124e-05,4.285180926672183e-05,5.020218979884198e-05,5.900206917867763e-05
3665,4.3071018161653125e-05,3.7975804443703967e-05,5.017007983697112e-05,5.909950095956447e-05
3666,4.0736616809024576e-05,3.4664327249629425e-05,5.0024770392661185e-05,5.84406761059654e-05
3667,4.022808478718313e-05,5.553401861106977e-05,4.9991480467724596e-05,5.869118748378241e-05
3668,4.377026971067405e-05,7.163533620769158e-05,5.0008849783787594e-05,5.4914555692812427e-05
3669,6.25270221886846e-05,3.795579257712234e-05,4.998190598982747e-05,5.3590329008875415e-05
3670,5.8358032579740717e-05,0.00012437598867109045,5.017813524544988e-05,5.074902201595251e-05
3671,5.793740888798816e-05,3.731176322617103e-05,4.997891105966926e-05,5.209837423462886e-05
3672,4.3697155827733995e-05,3.492847827146761e-05,5.006921016077588e-05,4.867569707566872e-05
3673,4.4578947684688806e-05,3.781857838475844e-05,4.9486198192365304e-05,4.859967017546296e-05
3674,6.261524111323525e-05,5.1555467071011665e-05,4.962287054950139e-05,5.029793890134897e-05
3675,4.464031961106229e-05,4.577326704747975e-05,4.9934952168486126e-05,5.023857678606874e-05
3676,4.038239762141731e-05,4.007105973869329e-05,4.966784117099855e-05,5.154718540870818e-05
3677,4.683242773656578e-05,6.32071737345541e-05,4.9097287110150014e-05,5.1988383794378024e-05
3678,4.7597524397941823e-05,7.445541210472584e-05,4.954493569756676e-05,5.185669649945339e-05
3679,4.983661312305938e-05,4.143233643844724e-05,4.9637529922539314e-05,5.328412228700472e-05
3680,4.536019020532775e-05,3.5848722145601645e-05,5.025025873377065e-05,5.617439003399341e-05
3681,4.6366360766114664e-05,3.9246040250873195e-05,5.0321448123011377e-05,5.9378155627928214e-05
3682,6.684555413004192e-05,3.733145313162822e-05,5.0142389706808086e-05,6.116275755484822e-05
3683,4.677457160950225e-05,6.978321995120496e-05,5.015196210572159e-05,5.76215091146878e-05
3684,5.0379430217112206e-05,3.476140038401354e-05,4.9596939682022716e-05,5.863303568767151e-05
3685,5.436256050112812e-05,4.3192650482524184e-05,4.9505486431331116e-05,5.875507459713845e-05
3686,5.0904754219421495e-05,8.590608573285862e-05,4.988017887501175e-05,5.887010008009384e-05
3687,4.514175802695617e-05,3.484088949335273e-05,4.9336354207965384e-05,5.8212639162957205e-05
3688,4.2233165319582134e-05,7.622256060130895e-05,4.937350532224324e-05,5.7896045330562637e-05
3689,5.2254752517910674e-05,5.388176890846807e-05,4.9471422953097826e-05,5.767965933337109e-05
3690,5.4262232847071976e-05,3.468362207058817e-05,4.9858187381242815e-05,5.718900177598699e-05
3691,4.305147243333825e-05,7.034997193841263e-05,5.098681392911304e-05,5.561524752847618e-05
3692,5.554630506796659e-05,0.00012779071228578688,5.093532699457784e-05,5.626218701509061e-05
3693,4.555000444169208e-05,0.00015172947605606167,5.065438644087408e-05,5.6911345446133054e-05
3694,5.805056178360246e-05,8.257084075012244e-05,5.101254692061857e-05,5.7359731875476426e-05
3695,5.8597342552578386e-05,3.5844777667080055e-05,5.05450413366715e-05,5.73591292341007e-05
3696,4.406184829551623e-05,6.259992755076382e-05,5.0730230405558053e-05,5.676859999803129e-05
3697,4.141082456044387e-05,3.797945100814104e-05,5.0716165186895514e-05,5.6991896340332466e-05
3698,5.394625877670478e-05,4.0694215458643155e-05,5.087852517430695e-05,5.667801073723241e-05
3699,4.901962443707614e-05,3.511894414259586e-05,5.1935534234022875e-05,5.476464218663751e-05
3700,4.5569097468008596e-05,3.78584212376154e-05,5.1908357111743603e-05,5.4932173613633495e-05
3701,4.2830338392781815e-05,3.466140980890486e-05,5.228622936976737e-05,5.675889426347567e-05
3702,5.650153844019062e-05,5.094073479995132e-05,5.223042533471017e-05,5.7446363732742614e-05
3703,7.581318809469748e-05,3.5111555916955695e-05,5.2519840485021834e-05,5.849243574921275e-05
3704,4.8549439759679246e-05,5.760582360380795e-05,5.256850518166579e-05,5.7257954980013895e-05
3705,3.833667636273377e-05,5.207768292166293e-05,5.230258774697884e-05,5.512517824245151e-05
3706,5.5320372759726724e-05,5.045570098445751e-05,5.2335307974458876e-05,5.077269203320611e-05
3707,5.515791453136545e-05,3.731638709723484e-05,5.167577306533025e-05,5.421990978938993e-05
3708,5.140429833166612e-05,5.5019989049469585e-05,5.165630123940193e-05,5.474733915762044e-05
3709,5.0027799750548894e-05,4.03438089415431e-05,5.190670191562579e-05,5.432055934506934e-05
3710,5.842156018641415e-05,3.534551040502265e-05,5.1854324009360014e-05,5.452560273115523e-05
3711,7.732998071231931e-05,3.807187196798623e-05,5.122704935557622e-05,5.4431655419466544e-05
3712,4.446232996997423e-05,3.902917516825255e-05,5.122013254311039e-05,5.449698349257232e-05
3713,5.167997177017646e-05,0.00012189057684736327,5.121249990091504e-05,5.473880538629601e-05
3714,5.0859651641480416e-05,7.106850564014166e-05,5.165220781733902e-05,5.47019406556501e-05
3715,6.149761160486378e-05,6.0835422482341527e-05,5.1184270934350526e-05,5.5489278606546576e-05
3716,4.426808984943717e-05,3.9487952708441295e-05,5.082930916089228e-05,5.964190902159316e-05
3717,4.8898369200792834e-05,7.447129384672735e-05,5.0869648998195765e-05,5.9383205811900546e-05
3718,4.636801012869304e-05,4.291732082492672e-05,5.112160046426449e-05,5.903142138413387e-05
3719,4.156218905538683e-05,0.0001687512846547179,5.061961775952821e-05,5.8529494285176044e-05
3720,5.811054690437029e-05,4.903051187284291e-05,5.020154208355558e-05,6.0755451243312576e-05
3721,5.0321865201112816e-05,5.193043223698623e-05,4.994880998678531e-05,6.004147851781455e-05
3722,4.010137690379957e-05,4.3105535660288296e-05,5.054647306468621e-05,5.9872676536906505e-05
3723,3.826439243210997e-05,3.834553266642615e-05,5.013249710561164e-05,6.005727672018111e-05
3724,4.884670412543023e-05,3.675214597024024e-05,4.933176404916191e-05,6.103284957061987e-05
3725,4.537828141312477e-05,4.390396858070744e-05,4.949394587100769e-05,6.118953177356161e-05
3726,5.382303630338154e-05,3.37397915427573e-05,4.9114525963280664e-05,5.811448250315152e-05
3727,4.4803116365478164e-05,7.062418357236311e-05,4.899578833364002e-05,5.8289469598094e-05
3728,6.693914375824129e-05,0.0001389273162931204,4.868740613164847e-05,5.8271052426425734e-05
3729,4.955793569226646e-05,5.1138243361492644e-05,4.860695165569067e-05,5.851987425558036e-05
3730,4.4635463014452e-05,4.3283072227495725e-05,4.937835994981773e-05,5.715678664855659e-05
3731,4.277080514131942e-05,3.790752351051197e-05,4.902610922500672e-05,5.9186543786199764e-05
3732,4.4706022632049604e-05,9.296531105064787e-05,4.9738079756530675e-05,5.430123132537119e-05
3733,4.5085995912409594e-05,3.717067091201898e-05,4.9129861489281106e-05,5.446489516762085e-05
3734,6.496937669807166e-05,3.6123759418842386e-05,4.886921646037889e-05,5.4303856682963675e-05
3735,4.807216120954965e-05,3.996051498688758e-05,4.932015034121124e-05,5.552494022122119e-05
3736,5.7311654301075675e-05,6.246119322895538e-05,5.0158495887202045e-05,5.685133864753881e-05
3737,4.851687551611879e-05,4.2946230241796005e-05,5.070273987771038e-05,5.699014456477018e-05
3738,4.219447407700095e-05,4.5014345087111e-05,5.061899412652968e-05,5.713995906262427e-05
3739,4.78912109004644e-05,7.544318301370367e-05,5.023719472568093e-05,5.716495525994106e-05
3740,5.3788056555074745e-05,6.0374993190634995e-05,5.015464837827796e-05,5.635052101133625e-05
3741,4.2256727950492254e-05,4.570849843730685e-05,4.9044127478555307e-05,5.2266462148691065e-05
3742,6.818357655396944e-05,4.039410367113305e-05,4.8577104921019375e-05,5.22766972790123e-05
3743,3.756174200841795e-05,9.366124926600605e-05,4.848402147165163e-05,5.2288457688700875e-05
3744,5.936145234348563e-05,4.661847313400358e-05,4.8894710466750735e-05,5.215866946819007e-05
3745,4.290509022313118e-05,5.312210792908445e-05,4.9772480769994816e-05,5.214758840593278e-05
3746,4.380573947855737e-05,4.7904470120556654e-05,5.015705582708405e-05,5.393458960606951e-05
3747,5.1374723924608484e-05,7.363262411672623e-05,5.010478203718473e-05,5.642636059055804e-05
3748,5.922303108188013e-05,7.15054933243664e-05,5.044910725474538e-05,6.005448464275107e-05
3749,6.245280388813828e-05,4.022229390102439e-05,4.9770621493452276e-05,5.9028783997928275e-05
3750,4.328463763360762e-05,4.764933102705982e-05,4.961385404151062e-05,5.907101361517563e-05
3751,4.427805128216278e-05,3.436469647567719e-05,5.0115676931131426e-05,5.861093590356178e-05
3752,4.273945768040398e-05,5.026332735724282e-05,4.98920639213692e-05,5.7948506403772636e-05
3753,3.917612126517472e-05,3.6825844726990905e-05,4.992822145803884e-05,5.728519595577383e-05
3754,3.788237175386813e-05,5.13941216195235e-05,5.0633738631667156e-05,6.058005153608975e-05
3755,4.230837678025839e-05,4.357708246971015e-05,4.943988455278384e-05,6.040750121610473e-05
3756,5.303803001879714e-05,3.466281799774151e-05,4.980358011509654e-05,5.8882617055496675e-05
3757,6.665028021315164e-05,9.268828449421562e-05,4.9071012833155686e-05,5.836122022155905e-05
3758,5.470037233964023e-05,8.18457009154372e-05,4.915749337718201e-05,5.7619437931862206e-05
3759,6.366253195058865e-05,9.841803403105586e-05,4.911242217122992e-05,5.71004013370839e-05
3760,5.66802916485661e-05,0.00013066361629171297,4.885555924297984e-05,5.666990227327915e-05
3761,4.0349510268748014e-05,3.68186771083856e-05,4.83372875618645e-05,5.576665108237649e-05
3762,4.459768921757738e-05,4.400197067297995e-05,4.77413158352849e-05,5.7061451110348574e-05
3763,5.4740046317520966e-05,3.3512402296764776e-05,4.9194446832795316e-05,5.7633441664802376e-05
3764,4.230088565640876e-05,5.888244551897515e-05,4.911076655456175e-05,5.770113859471166e-05
3765,5.46919949718156e-05,4.379223199066473e-05,4.9035900783362906e-05,5.998418933450012e-05
3766,5.989465729120032e-05,0.00012807988794520499,4.951553196297028e-05,5.991204279271187e-05
3767,3.833722458188681e-05,3.608034567150753e-05,4.971356655037704e-05,5.923307899647625e-05
3768,4.6654131066235194e-05,5.553914525080472e-05,5.014229547814466e-05,5.888183833885704e-05
3769,4.104727029496442e-05,3.35835522855632e-05,5.025358860827206e-05,5.965260084922192e-05
3770,4.5067103823789187e-05,3.4577550686663016e-05,4.9145699039541385e-05,5.747790919122053e-05
3771,4.2678959329754836e-05,3.492855525109917e-05,4.860026167524564e-05,5.554246009705821e-05
3772,4.4953150718356484e-05,6.287014752160757e-05,4.763571052398118e-05,5.3081389558792575e-05
3773,4.626623905399659e-05,4.8924213551799766e-05,4.744662799316251e-05,4.9254462939279616e-05
3774,4.755351072364849e-05,7.259229460032657e-05,4.793245682133905e-05,4.9109861899341916e-05
3775,7.961291257136812e-05,6.194909488840494e-05,4.821696592310521e-05,4.902330183394952e-05
3776,4.2186044326323705e-05,3.605711972340941e-05,4.837452172085047e-05,5.443989848572527e-05
3777,4.0867813400432675e-05,0.00010733959585195408,4.871852454331625e-05,5.453920184372692e-05
3778,5.1166900755358964e-05,3.502218118228484e-05,4.848167062656203e-05,5.4206546598288694e-05
3779,4.283323643903714e-05,3.442002671363298e-05,4.782927657538999e-05,5.143577591661596e-05
3780,5.30265999744491e-05,3.4796066029230135e-05,4.8138405431301276e-05,5.1327780300925956e-05
3781,5.582035827198221e-05,5.393188075686339e-05,4.8326288750750894e-05,5.069968592870281e-05
3782,3.895304099488486e-05,3.832099304418079e-05,4.832598251086893e-05,5.0889796091360036e-05
3783,4.106443823224658e-05,3.345947356137913e-05,4.870780550975016e-05,5.9536718911840574e-05
3784,3.954875316897718e-05,3.6891270574415103e-05,4.897196093047064e-05,6.019603788154199e-05
3785,5.1953228378099284e-05,3.4990450803888965e-05,4.9521067882596987e-05,5.931517573917517e-05
3786,5.249523097316139e-05,3.3203651109943163e-05,4.979494592197524e-05,5.88090980774723e-05
3787,5.171041676173142e-05,4.183796903816983e-05,5.013788993544747e-05,5.818325772124808e-05
3788,5.8678941261152635e-05,0.00016892731859115883,4.9472922936547544e-05,6.0509967507096e-05
3789,5.0900956218053276e-05,6.1365029469016e-05,4.977569001946702e-05,6.456893481663428e-05
3790,4.8770647052960056e-05,3.547585085470928e-05,4.9739373454940494e-05,6.579615554655902e-05
3791,4.3584806011899166e-05,5.881062090338674e-05,4.954500041429936e-05,6.578746603627223e-05
3792,4.606544597966907e-05,3.338045527925715e-05,4.995855711167678e-05,6.597997401258908e-05
3793,5.135121405247547e-05,3.983678594522644e-05,4.987378922491593e-05,6.609366456686984e-05
3794,4.103961429791525e-05,3.83363063519937e-05,4.9958525922395184e-05,6.538807110919151e-05
3795,5.46126787958201e-05,0.00025075062119867653,4.9959232998015874e-05,6.679971666308121e-05
3796,4.928284484776668e-05,5.1411529493634586e-05,4.9926542400498874e-05,6.826688829169144e-05
3797,5.8680824521515104e-05,4.084859396243701e-05,5.006958421630165e-05,6.81822450220352e-05
3798,5.3113190038453064e-05,3.6272272009227894e-05,4.999170711833157e-05,6.815162196871825e-05
3799,5.6127111060454303e-05,5.6946285694721156e-05,4.9466667944377865e-05,7.0545519690495e-05
3800,6.298873759887e-05,0.00012011683953460306,4.9737699312229084e-05,7.06883234670386e-05
3801,4.975522139931046e-05,0.0001375313024618663,4.918696772025821e-05,6.536692020017654e-05
3802,3.995989928726986e-05,0.00013802011410007253,4.885575912210496e-05,6.432736465940251e-05
3803,4.630757473933045e-05,3.48049434251152e-05,4.892896793430232e-05,6.424333879404002e-05
3804,5.3172153873472576e-05,3.923272612155415e-05,4.925712633654864e-05,6.370039671164703e-05
3805,5.090740280542781e-05,3.7638329886249266e-05,4.940778963128752e-05,6.441259261773665e-05
3806,5.7938775708963575e-05,3.629204431490507e-05,4.8981075234446003e-05,6.51784470435814e-05
3807,3.897071788540213e-05,7.36121318914229e-05,4.8930067962404185e-05,6.642006992769893e-05
3808,4.024717329432153e-05,7.01387642766349e-05,4.82452540314019e-05,5.7922588134533715e-05
3809,4.312479856404631e-05,3.477518883300945e-05,4.816993169709652e-05,5.828112507297191e-05
3810,5.0006300928847246e-05,3.4224874470965e-05,4.774651452624109e-05,5.932856688596075e-05
3811,3.9369251624318877e-05,9.305109415436164e-05,4.777210396180939e-05,6.0765849967719985e-05
3812,5.8486200958011776e-05,4.5408063451759515e-05,4.7788878288540424e-05,6.23059931298485e-05
3813,4.4910651461880964e-05,3.589223691960797e-05,4.720751750832683e-05,5.9238295543764244e-05
3814,4.262074126422198e-05,3.537614094966557e-05,4.714938546854279e-05,6.121495430852519e-05
3815,5.0600867357894055e-05,3.337520422064699e-05,4.77228879296389e-05,5.720133303984767e-05
3816,5.1788766068057154e-05,4.523706884356216e-05,4.800594440231281e-05,5.725019081000936e-05
3817,4.983202834814114e-05,5.118535293149762e-05,4.730301082066338e-05,5.876383438444464e-05
3818,4.068335413143763e-05,5.898314659134485e-05,4.755789545419652e-05,5.8658930806268474e-05
3819,3.9764432496869834e-05,6.937687845493201e-05,4.701599321706453e-05,5.893259469448821e-05
3820,3.749233052076306e-05,3.831357636954635e-05,4.691776773300565e-05,5.734771603165427e-05
3821,4.73997864901321e-05,6.0374952954589387e-05,4.7537988756246504e-05,5.589032437856075e-05
3822,4.8095395250129514e-05,6.703463928715791e-05,4.775909986427804e-05,5.866300008347025e-05
3823,5.375292592766022e-05,7.220434905320872e-05,4.757526885853925e-05,5.868764536717208e-05
3824,5.654646922873023e-05,9.544986474793404e-05,4.774942171126087e-05,5.6500811733712905e-05
3825,4.845471809353007e-05,4.34243998824968e-05,4.704686188617618e-05,5.620881256036227e-05
3826,4.830192040470946e-05,0.0001869477715808898,4.761026521058133e-05,5.643579992320155e-05
3827,5.429746081467278e-05,3.76795823831344e-05,4.745372771576513e-05,5.633752004214329e-05
3828,5.338398655617817e-05,3.6026387679157775e-05,4.7582967059699714e-05,5.660693570243893e-05
3829,3.559881433223685e-05,7.707381548243574e-05,4.74679403175186e-05,5.6713191331073175e-05
3830,5.727951864375629e-05,3.5015740431845186e-05,4.7279198536933915e-05,5.637697589554591e-05
3831,4.439121978066396e-05,4.313364152039867e-05,4.768951567982892e-05,5.739039842010242e-05
3832,3.651508078393009e-05,3.3990165320574306e-05,4.787387174567104e-05,5.611698711290954e-05
3833,5.575269887534281e-05,3.3703972949297164e-05,4.803183286405529e-05,5.601826736528891e-05
3834,4.8652576264834754e-05,0.00010409208145574667,4.886367565680605e-05,5.954012834117747e-05
3835,4.541052578537751e-05,3.484100656351075e-05,4.9431191949730004e-05,5.83220300002722e-05
3836,4.372307294235927e-05,3.8380253317882304e-05,4.9169172747254675e-05,5.791525917011313e-05
3837,4.092220533089454e-05,3.8108084117993714e-05,4.845123122504447e-05,5.5702650568855456e-05
3838,5.89957345720096e-05,4.156692099059001e-05,4.815519583644345e-05,5.5385738165932695e-05
3839,3.8707303893817073e-05,3.291914392320905e-05,4.816506586955964e-05,4.9374002654803906e-05
3840,5.383185095625878e-05,4.011059572803788e-05,4.8079632206968706e-05,5.086859394796192e-05
3841,4.8913097513529163e-05,4.789345955941826e-05,4.826655847379395e-05,5.1995628810254855e-05
3842,4.511348383352419e-05,4.2779967043315994e-05,4.891911213166572e-05,5.031145557877608e-05
3843,5.094128270381285e-05,8.431870970525779e-05,4.85123654916404e-05,5.0552061799680824e-05
3844,4.437333414292273e-05,3.754159577511018e-05,4.826515803304372e-05,5.0640551710966974e-05
3845,4.1441358480369675e-05,3.5845582679030486e-05,4.903301580618266e-05,5.307377454882953e-05
3846,6.819585630890086e-05,0.00014842147735180333,4.903983464868766e-05,5.427746510831639e-05
3847,6.228330257322846e-05,3.6582180764526126e-05,4.9051200402027474e-05,5.2350110135739665e-05
3848,4.720244586577691e-05,6.203507829923183e-05,4.8845443596494285e-05,5.2873351803282266e-05
3849,3.859793117347484e-05,4.0134649716492276e-05,4.960358163742866e-05,5.460448811354581e-05
3850,4.105383337850476e-05,3.5501589809427966e-05,4.9749287891770814e-05,5.446596390975172e-05
3851,4.8548671232614044e-05,3.665438380267006e-05,4.94119228429756e-05,5.438919436128343e-05
3852,5.216161924989946e-05,7.504436471208464e-05,4.9431778651261187e-05,5.548246210091746e-05
3853,5.805714322680918e-05,6.420225923648104e-05,4.916235427048782e-05,5.603165031498064e-05
3854,5.191265577903121e-05,3.4969484695466234e-05,4.9223380375769917e-05,5.594952484098029e-05
3855,4.7110852643123106e-05,4.1030895954463634e-05,4.909866594664183e-05,5.59145367325982e-05
3856,3.821103331574704e-05,4.534588930255268e-05,4.987394984895622e-05,5.4214336245786395e-05
3857,5.571152511240345e-05,9.482073626713827e-05,5.038254961028643e-05,5.544214449037099e-05
3858,5.592316993796784e-05,6.379623693646862e-05,5.032635255112027e-05,5.6498739261587615e-05
3859,4.893672009833002e-05,5.5908207141328606e-05,4.952486059870958e-05,5.286350763199152e-05
3860,4.026660564704798e-05,4.792204825207591e-05,4.860149565033174e-05,5.4884136388136535e-05
3861,6.267652396571875e-05,8.165866107447073e-05,4.9225829373689406e-05,5.484454462275607e-05
3862,4.456486168944846e-05,3.464497902314179e-05,4.938387331284401e-05,5.4576410559820936e-05
3863,5.0561608352129244e-05,3.964768227888271e-05,4.97912684466832e-05,5.618915861705318e-05
3864,3.920369910095663e-05,6.025083741405979e-05,4.961753027083533e-05,5.63104132641456e-05
3865,4.7096241436924575e-05,5.3840301079617346e-05,4.9817551471803906e-05,5.606016490055481e-05
3866,5.043875014558176e-05,4.584032270940952e-05,4.925393401208566e-05,5.500042848725571e-05
3867,4.199562310532201e-05,4.1905264333763624e-05,4.890754252119222e-05,5.5033848546736416e-05
3868,7.032338026167256e-05,4.181369753496256e-05,4.9334150908948185e-05,6.292108856869164e-05
3869,5.708832817617804e-05,6.823680188972503e-05,5.0112917072126745e-05,6.253323511336932e-05
3870,4.0036432001215874e-05,6.226045195944607e-05,4.9788034673029976e-05,6.014679448999232e-05
3871,4.815855749863355e-05,5.754068661190104e-05,4.937588878545083e-05,5.904029021476163e-05
3872,3.9199178863782436e-05,8.709789966815151e-05,4.909181706995393e-05,5.8933033658831845e-05
3873,6.28107889497187e-05,6.104528416472022e-05,4.914392131678243e-05,5.8391697429760825e-05
3874,4.2549029652339715e-05,3.343129814311396e-05,4.867984912157732e-05,5.873856817925116e-05
3875,5.123871172448465e-05,7.582029124023393e-05,5.0214679959268934e-05,6.11544247760321e-05
3876,4.4205216836417095e-05,3.968574997998076e-05,5.004318811406848e-05,6.112211137515259e-05
3877,5.7162149274113794e-05,6.878815562231466e-05,5.037107782231437e-05,6.182213103602408e-05
3878,4.396670673385314e-05,3.770884890400339e-05,5.010550426927188e-05,6.21976602182258e-05
3879,4.3252868506695244e-05,3.5804986182483845e-05,4.964418914136736e-05,6.225892188667785e-05
3880,5.777606233702196e-05,0.0002382118965033442,4.996557675670678e-05,6.281585655087838e-05
3881,5.7680187395211155e-05,3.5649552919494455e-05,4.8952317049649245e-05,6.270061750255992e-05
3882,4.758946513498409e-05,3.515972068271367e-05,4.816041033320492e-05,6.133886429888663e-05
3883,4.561952274848914e-05,3.613363005570136e-05,4.8572395255420524e-05,6.149466249044054e-05
3884,4.183492721090766e-05,5.32267932430841e-05,4.82108643435317e-05,6.084345877461601e-05
3885,4.1569211817760436e-05,3.4388642525300384e-05,4.870197105645074e-05,5.950888561783358e-05
3886,5.107471908559092e-05,9.033042981172912e-05,4.806731168678704e-05,5.868480750359594e-05
3887,8.293563263173888e-05,9.504139394266531e-05,4.8070931015212826e-05,5.8680870931129896e-05
3888,4.6274312222117766e-05,3.8839847256895154e-05,4.8075928111534786e-05,5.728114262165035e-05
3889,4.7400941807104066e-05,7.775132893584668e-05,4.803020489570272e-05,5.7877212036692066e-05
3890,4.045690261086242e-05,6.322853063466027e-05,4.776299772169701e-05,5.646790510072605e-05
3891,3.890587194796859e-05,4.737186442071106e-05,4.785462822377061e-05,5.6586155682452955e-05
3892,5.003031348880742e-05,5.582863093877677e-05,4.789835637493525e-05,5.826129415654578e-05
3893,4.49918875852341e-05,3.893272132700076e-05,4.760653171882345e-05,5.011437620269135e-05
3894,3.729066026506997e-05,3.419297179789282e-05,4.738898618557465e-05,5.06252801962546e-05
3895,5.03360550566059e-05,6.615540674829389e-05,4.719400861471918e-05,5.063847237615846e-05
3896,3.9120284701412956e-05,4.126059371628799e-05,4.728035004405279e-05,5.3390050737652925e-05
3897,5.147684668675841e-05,5.373357074859087e-05,4.734384806797607e-05,5.634873817907646e-05
3898,4.694430470812626e-05,4.0443331308779306e-05,4.791482761033371e-05,5.733087347180117e-05
3899,4.2639512862984296e-05,3.333288383146282e-05,4.795809106904521e-05,5.5277295311680064e-05
3900,5.1363639132533637e-05,4.0827083503245375e-05,4.626839189392437e-05,5.520506377797573e-05
3901,4.306213644061548e-05,5.458748535602354e-05,4.6468373738106384e-05,5.528680802090093e-05
3902,5.0481969923971014e-05,3.355548222316429e-05,4.6224772967818546e-05,5.35973162506707e-05
3903,4.6257469285693436e-05,4.0665113447175825e-05,4.642196704048223e-05,5.296423369436524e-05
3904,4.434607228581121e-05,7.768344803480432e-05,4.784558240062325e-05,5.23826639750041e-05
3905,5.048044593422674e-05,3.453894765698351e-05,4.791604603508151e-05,5.6198618139023894e-05
3906,5.224154906399134e-05,4.8422152758575976e-05,4.770232287685051e-05,5.7213855315058026e-05
3907,4.2715025863597275e-05,3.548952518031001e-05,4.777609356436491e-05,5.783675983548164e-05
3908,4.777805848182955e-05,0.00010492308909306303,4.7733874742698386e-05,5.6717940032831394e-05
3909,4.3422377808989645e-05,0.00012719397927867248,4.798925882480237e-05,5.6802579996292485e-05
3910,5.584370037670144e-05,5.894202484341804e-05,4.916060832280588e-05,5.723718630615622e-05
3911,5.215630555337864e-05,3.899097580870148e-05,4.9257855185229956e-05,5.7954998366767534e-05
3912,4.069315325371766e-05,9.323560560005717e-05,4.929438249964733e-05,5.806372069055215e-05
3913,5.1273858326668335e-05,4.088345333002508e-05,4.893605245742947e-05,5.838773345167283e-05
3914,4.131092254990815e-05,3.551403468009084e-05,4.885937554645352e-05,5.772297911316854e-05
3915,4.5386754427454436e-05,4.740146672702395e-05,4.872452665003949e-05,5.845118425932014e-05
3916,7.449625595149378e-05,3.283262143668253e-05,4.8713163077546705e-05,5.847625892201904e-05
3917,5.17919043502641e-05,0.00015122748503927142,4.866991986992718e-05,5.692393298668321e-05
3918,3.9648808629458976e-05,6.431365072785411e-05,4.823822542384733e-05,5.703890518925618e-05
3919,3.913492745292994e-05,4.976558480848325e-05,4.8222926503836386e-05,5.689165354997385e-05
3920,4.9280584514943055e-05,3.8184911682037635e-05,4.84777213556097e-05,5.900191419932526e-05
3921,4.550488675401236e-05,4.3376592802815136e-05,4.840367695691788e-05,6.0995799416559745e-05
3922,8.076058413684627e-05,6.459872849518434e-05,4.865278692967776e-05,5.732855901878793e-05
3923,4.9375476268728056e-05,5.838863282406237e-05,4.834279712231364e-05,5.673250288818964e-05
3924,4.355269572341867e-05,3.605094192607794e-05,4.82572138655491e-05,5.652868172328454e-05
3925,4.240538807708718e-05,4.892740253126249e-05,4.853303097689705e-05,5.913964114442934e-05
3926,4.114521366621678e-05,3.796862689341651e-05,4.942696586755726e-05,5.936217036505696e-05
3927,4.7110747513619974e-05,5.1760610876954164e-05,5.010377984435763e-05,6.0619273979682485e-05
3928,4.597337997337389e-05,4.1291980014648285e-05,5.0128578594659406e-05,6.161971217661631e-05
3929,4.326499209532307e-05,3.887529965140857e-05,4.969396058408569e-05,6.164336084621027e-05
3930,3.968808478223056e-05,3.74132527213078e-05,4.9109276348382187e-05,5.843408008513506e-05
3931,5.185907606371782e-05,4.47408617765177e-05,4.946650745033467e-05,5.7714566844515496e-05
3932,4.908489715793015e-05,8.824604141409509e-05,4.9754971986436025e-05,5.734455165074904e-05
3933,4.592694851453416e-05,0.00015477021952392533,4.958572966457319e-05,5.716409965680212e-05
3934,4.9650127127986504e-05,3.5512969334376975e-05,4.931664313173516e-05,5.8469165542919635e-05
3935,4.8093955192598515e-05,4.404062157846056e-05,4.806902913696831e-05,5.8839749572507556e-05
3936,5.001672413426503e-05,3.3895446686074136e-05,4.803957558065627e-05,5.8173582130984855e-05
3937,4.758858103741659e-05,0.00015850959112867713,4.8199468488423406e-05,5.838861570373409e-05
3938,7.36222305931733e-05,4.64466838457156e-05,4.8358822389046605e-05,5.7740613025089254e-05
3939,5.823127196991764e-05,6.694162504572887e-05,4.814494745175276e-05,6.19831782678375e-05
3940,4.6006723184998715e-05,7.241242165036965e-05,4.789913650003857e-05,6.193867706751916e-05
3941,6.363080568715103e-05,3.3423838176531716e-05,4.786722855658607e-05,6.332885345036629e-05
3942,3.717479845767634e-05,7.099546601239127e-05,4.830772211862495e-05,6.31092789408285e-05
3943,4.8579586178271304e-05,4.6325819712365044e-05,4.884311728965258e-05,6.347061053384095e-05
3944,4.63465408554637e-05,4.051520496432204e-05,4.8508915794890426e-05,6.761408007587306e-05
3945,4.504952646837207e-05,3.36736118333647e-05,4.818836699236677e-05,6.60986700648209e-05
3946,3.877772343306181e-05,7.600323995575309e-05,4.806036510611496e-05,6.406155234726612e-05
3947,4.95702342676749e-05,7.386332923488226e-05,4.8249212258411305e-05,6.894039833860006e-05
3948,4.863913736092703e-05,4.173444678599481e-05,4.81817911060514e-05,6.897878959134687e-05
3949,4.755001841759723e-05,4.142678124480881e-05,4.8055783268096595e-05,6.933599038457032e-05
3950,4.638923559266712e-05,3.27273355651414e-05,4.84175634835588e-05,6.649612198525575e-05
3951,3.579834023387068e-05,0.00014403275796212256,4.717712792868649e-05,7.434127400920261e-05
3952,4.0965473720765053e-05,5.064808086899575e-05,4.710387625495465e-05,7.321219134464628e-05
3953,4.517568138706136e-05,7.604638958582654e-05,4.701477231832946e-05,7.217576401453697e-05
3954,5.427733114629518e-05,3.33859369129641e-05,4.672370498204449e-05,7.230586783989564e-05
3955,5.3072964057921326e-05,4.644654254661873e-05,4.701222723007151e-05,7.076485690922708e-05
3956,4.35040386946639e-05,0.0001483276003273204,4.667487182466883e-05,7.032587569701715e-05
3957,4.1071177094838475e-05,5.0360791137791237e-05,4.707257229278589e-05,7.01239964502747e-05
3958,4.272690135823925e-05,0.00010384227658505552,4.692927531472782e-05,7.476848049700491e-05
3959,5.437130593539526e-05,0.00015748411911772564,4.746726707776866e-05,7.526803988293976e-05
3960,4.640842638360078e-05,4.50004028971307e-05,4.76033068356628e-05,7.380477784172399e-05
3961,4.6866528185394905e-05,4.2825466516660525e-05,4.776816729839386e-05,7.441708556871161e-05
3962,5.663308642397169e-05,8.751288114581258e-05,4.7550493758576015e-05,7.419832197047072e-05
3963,4.261134172136533e-05,0.00024257548444438725,4.750654422168736e-05,7.422367694816785e-05
3964,5.639998012662141e-05,3.8714558431820475e-05,4.784643030054414e-05,7.198543803679058e-05
3965,4.377912476936924e-05,4.650173839763738e-05,4.7983357714110745e-05,7.343406079889974e-05
3966,5.6354122280026785e-05,3.667643381049856e-05,4.834195038218038e-05,7.355496606760427e-05
3967,4.4387854658351794e-05,3.247019274567719e-05,4.816972960308906e-05,7.678132596920478e-05
3968,4.01457010432043e-05,3.535128940711729e-05,4.8243092440841594e-05,7.691597801895114e-05
3969,5.628905255839022e-05,3.546822379576042e-05,4.8250171535295924e-05,7.386775932536694e-05
3970,4.146710201692056e-05,0.00014978571300162003,4.85106655525063e-05,7.322222309740028e-05
3971,5.222751750908275e-05,8.84922246041242e-05,4.853999800357592e-05,7.087131852604215e-05
3972,5.297122821502853e-05,3.728177820448764e-05,4.811331664410924e-05,6.62158125298447e-05
3973,5.276064892920355e-05,5.704213996068574e-05,4.811563899622545e-05,6.578562128561317e-05
3974,4.210817992215097e-05,3.595769128878601e-05,4.813613610078594e-05,6.640765688061948e-05
3975,4.5290497170450786e-05,3.336121000756975e-05,4.800681087856194e-05,6.450944579701173e-05
3976,4.4295492205290227e-05,8.80767851776909e-05,4.864047664232203e-05,5.6102927388565145e-05
3977,4.438865905993023e-05,8.686364992172458e-05,4.8079616658004755e-05,5.7472249239799556e-05
3978,5.414049808880211e-05,7.90690213034395e-05,4.794714046268686e-05,6.267012965108733e-05
3979,4.997181166901202e-05,0.00011404493445297703,4.776376492526551e-05,6.261295619478915e-05
3980,5.4907035001734687e-05,4.981284379027784e-05,4.8557418555477254e-05,6.702167781186289e-05
3981,4.36810160560223e-05,7.212213298771531e-05,4.879686127638303e-05,6.695713771914597e-05
3982,4.758352752509786e-05,3.422238543862477e-05,4.8650026181793594e-05,6.724451876943932e-05
3983,4.346021263497985e-05,4.506966230110265e-05,4.912786635039891e-05,6.324282590067014e-05
3984,4.370427194872819e-05,4.1096469212789087e-05,4.899355245223786e-05,6.31234189379029e-05
3985,4.646648518650586e-05,3.424562179134227e-05,4.907696868726312e-05,6.293293701310175e-05
3986,4.737895579940717e-05,5.837635639181826e-05,4.8364083329539036e-05,6.413647075241898e-05
3987,5.339995586837176e-05,4.0057604055618865e-05,4.855838005993671e-05,6.491747520922217e-05
3988,5.845298581536756e-05,3.241252423322294e-05,4.8383221883624275e-05,7.031899165012874e-05
3989,4.237848051868948e-05,7.294760471268091e-05,4.868806071269016e-05,6.820015351986513e-05
3990,4.0467219886421744e-05,0.00017644874867983162,4.8548196043217714e-05,7.106965914717877e-05
3991,5.17697338444931e-05,3.524709740304388e-05,4.816994067692173e-05,6.990873706963613e-05
3992,6.422919541364536e-05,0.000142688233172521,4.791005850565853e-05,6.877800734800985e-05
3993,4.613176906584865e-05,3.3737787089194174e-05,4.814953091651357e-05,6.865438434906536e-05
3994,5.2618175193654475e-05,4.265275005309377e-05,4.843017640103225e-05,6.716415965784108e-05
3995,5.3413106232053704e-05,4.97433912823908e-05,4.854819610676108e-05,7.015131059888518e-05
3996,4.8869670055056405e-05,8.550705053494311e-05,4.883514851131218e-05,7.081228824245044e-05
3997,5.505663409065973e-05,3.25197300844593e-05,4.932617283096383e-05,7.121870637784014e-05
3998,3.493851498610133e-05,8.713048344361596e-05,4.888727704690408e-05,7.129366910521639e-05
3999,4.696559818209304e-05,5.5482802708866074e-05,4.916595206547452e-05,7.428923291299726e-05
4000,4.091154276264004e-05,0.0001683991210302338,4.8842306714019895e-05,7.422430222504772e-05
4001,5.1916462931937225e-05,3.5105831921100615e-05,4.806088278435508e-05,7.45626872012508e-05
4002,4.089204232311911e-05,0.00015860129060456528,4.864048634303295e-05,7.442964090005262e-05
4003,4.468411393140236e-05,5.00459693648736e-05,4.873979917918203e-05,7.017623226129218e-05
4004,4.347475738743217e-05,8.577669141232036e-05,4.8480258619626206e-05,7.133962277875981e-05
4005,6.0893845273110655e-05,4.672226881666575e-05,4.764688118367404e-05,6.703081299638143e-05
4006,5.0697153168989136e-05,3.486651570710819e-05,4.790901680664521e-05,7.505382831586757e-05
4007,5.0534020168318724e-05,0.00010890115896472708,4.7846069789536863e-05,7.490177923755254e-05
4008,5.0634022748757464e-05,6.159410339023452e-05,4.769772922655748e-05,7.42826466652332e-05
4009,5.59798799400192e-05,5.125692259753123e-05,4.7297885794897506e-05,7.243907616066282e-05
4010,3.54940905850122e-05,3.611968997574877e-05,4.71747488949202e-05,8.01185209711548e-05
4011,5.434583126366811e-05,0.00013326545158633962,4.802318637909289e-05,7.797529766976369e-05
4012,4.530882208200637e-05,3.843433685688069e-05,4.774616599040908e-05,7.81434311735211e-05
4013,3.891738757374696e-05,4.087214863830013e-05,4.778979420904458e-05,7.288234345032833e-05
4014,5.686856948563622e-05,6.962144718272611e-05,4.741154098285026e-05,7.415894140140153e-05
4015,4.295004079014891e-05,7.011353271082044e-05,4.744319948286931e-05,7.03973032272188e-05
4016,4.528121985559766e-05,6.433186033973471e-05,4.7561790257168475e-05,6.974466505198507e-05
4017,4.33947595148412e-05,3.4967988613061605e-05,4.77107115980794e-05,7.126072288810972e-05
4018,5.2685159640128e-05,0.00023431317007634788,4.70902164107732e-05,7.514906060678185e-05
4019,5.104449976594575e-05,3.8851523095218e-05,4.796888586327745e-05,7.627519628586014e-05
4020,4.97045921575692e-05,3.426507697440684e-05,4.80795836913684e-05,7.329720595735124e-05
4021,3.887358426355705e-05,3.941778792068362e-05,4.791089119130954e-05,7.292443364567588e-05
4022,5.197821159122719e-05,0.00022450585034675897,4.758430960937404e-05,7.219959728827233e-05
4023,5.614945209041859e-05,3.354990090883802e-05,4.834083018391134e-05,7.247189664631151e-05
4024,4.0040088464997503e-05,5.9686140302801506e-05,4.7889995161353404e-05,6.945996452996042e-05
4025,4.2002248228527606e-05,3.687192795041483e-05,4.819217544540556e-05,6.973903431353391e-05
4026,4.246013227707913e-05,6.702078069793061e-05,4.8482042104781915e-05,7.012899199908134e-05
4027,4.168350482359529e-05,6.456033624999691e-05,4.788014212713784e-05,6.86933459539432e-05
4028,4.764888328888143e-05,3.3730014984030276e-05,4.767619569190881e-05,6.831463326525407e-05
4029,4.7197790910205284e-05,0.0001236781373154372,4.7816426527181946e-05,6.730409043375401e-05
4030,4.538146559045546e-05,0.0001439307117834687,4.7773538533268345e-05,6.720049474097323e-05
4031,7.266388948159551e-05,6.30199076840654e-05,4.803370911476021e-05,6.143841958546546e-05
4032,5.330146587059264e-05,3.44514007520047e-05,4.7959019191330294e-05,6.237655302829808e-05
4033,4.6416710247285665e-05,5.227479559835047e-05,4.771524072760561e-05,6.373204129777151e-05
4034,4.781534039163186e-05,3.3136013662442565e-05,4.830091768930692e-05,6.967708054726247e-05
4035,5.440710494844502e-05,4.292717392672785e-05,4.826947140277804e-05,6.278928749525221e-05
4036,4.307495569971959e-05,5.7967148677562363e-05,4.829555798383404e-05,6.279658824641957e-05
4037,5.286332918331027e-05,4.54110814462183e-05,4.869074370023251e-05,6.21740302289254e-05
4038,4.6164054058155874e-05,5.062109077698551e-05,4.884014101585813e-05,6.244454026600579e-05
4039,4.182107004453428e-05,3.373029605427291e-05,4.899685416716642e-05,6.160245262581157e-05
4040,3.7851379909423284e-05,6.064571549359243e-05,4.8993329611484005e-05,6.035066592303338e-05
4041,4.8786990737426096e-05,3.906828955223318e-05,4.876742461557215e-05,6.028024904226187e-05
4042,4.232255966700096e-05,3.23780962935416e-05,4.8544636177151304e-05,5.673631263198331e-05
4043,5.918942417742478e-05,9.026129118865356e-05,4.883192549281779e-05,5.229906762833707e-05
4044,4.9177251680197916e-05,6.230485916603357e-05,4.7813388943743326e-05,5.233008018112741e-05
4045,4.361013056445194e-05,6.81522837112425e-05,4.763493207784551e-05,5.223943363089347e-05
4046,5.351550830608984e-05,0.00018804376915795728,4.806049860473852e-05,5.143635079002707e-05
4047,5.119205442800497e-05,5.231102404650301e-05,4.853272571328692e-05,5.239942441257881e-05
4048,5.680161661681874e-05,3.3732419688021764e-05,4.7953923513382005e-05,5.212761987932026e-05
4049,4.9919731374959355e-05,4.412218986544758e-05,4.8567905203122384e-05,5.291776221129113e-05
4050,4.573718111916807e-05,4.3634678877424446e-05,4.8453989252609766e-05,5.251325202989391e-05
4051,4.637796105978648e-05,4.596858969307505e-05,4.862883741750718e-05,5.185743003385141e-05
4052,4.1595390931535e-05,3.326566868054215e-05,4.9131921466485236e-05,5.240704572352115e-05
4053,4.200125839108498e-05,3.1969592964742335e-05,4.961209289985062e-05,5.197252758662216e-05
4054,4.162807994968413e-05,3.5079727058473506e-05,4.9451426898950656e-05,5.2503914790577255e-05
4055,5.2563698482117615e-05,3.2999586692312733e-05,4.938482392123357e-05,5.253729265823494e-05
4056,4.720047575473371e-05,6.3795221503824e-05,4.8994625490902554e-05,5.037063156487421e-05
4057,4.884004422314724e-05,3.2185236996156164e-05,4.90013289984846e-05,4.9319471023045485e-05
4058,5.705587341961089e-05,3.2197724576690236e-05,4.902202889611039e-05,5.432576976309065e-05
4059,5.962101810534174e-05,5.721285422623623e-05,4.876489272929676e-05,4.936169737775344e-05
4060,3.9937049950822254e-05,3.613206059526419e-05,4.841474631005743e-05,4.859149972326122e-05
4061,5.842449794322925e-05,7.772070697683376e-05,4.791185509044832e-05,4.9670954246539626e-05
4062,5.001543042049485e-05,3.5298326911288316e-05,4.7941728313970894e-05,4.9757930339546874e-05
4063,5.0535258180591174e-05,3.4225540875922885e-05,4.830035530515791e-05,4.9347144601051694e-05
4064,5.439817126898561e-05,4.7470688296016304e-05,4.7901920210440746e-05,4.945209031284321e-05
4065,4.985566574355794e-05,4.978276207111776e-05,4.8689226141949704e-05,5.190852538798936e-05
4066,4.4770340714927036e-05,5.235296965111047e-05,4.928355159855629e-05,5.342210715753026e-05
4067,4.065748522407375e-05,3.3212542984983887e-05,4.9568648853164635e-05,5.384992195322411e-05
4068,4.9434463419149525e-05,3.609476385463495e-05,4.920667093328019e-05,5.446576698595891e-05
4069,4.9344839369748823e-05,3.602584562031552e-05,4.890542824755863e-05,5.351226641359972e-05
4070,4.412762800509679e-05,0.00019330975221237167,4.874206048730736e-05,5.3515093923488173e-05
4071,4.7087104135749135e-05,6.394195952452719e-05,4.8189564093384744e-05,5.470570750330808e-05
4072,4.243839394702162e-05,3.3056082684197464e-05,4.783005599731243e-05,5.730526697443566e-05
4073,4.422933612659108e-05,6.071878276998177e-05,4.843257281479762e-05,6.160949270706624e-05
4074,5.066656196302372e-05,4.629659219062887e-05,4.803555624110029e-05,6.07883978955215e-05
4075,5.470285589884346e-05,3.3365035415044984e-05,4.8159844649975035e-05,6.067254178051371e-05
4076,3.641708369185734e-05,4.859223248786293e-05,4.765384599401538e-05,6.118516881833785e-05
4077,6.127803921925887e-05,9.46765455591958e-05,4.7511572166210196e-05,6.0956569816335105e-05
4078,5.6859394806249636e-05,6.980913720326498e-05,4.731550908003959e-05,6.10935886070365e-05
4079,4.8755511314892726e-05,4.5775096950819715e-05,4.7468985874406316e-05,6.0671954238205226e-05
4080,4.3514250485006615e-05,4.839571251068264e-05,4.730195310597385e-05,6.063674564065877e-05
4081,3.966940861169456e-05,3.995770719484426e-05,4.729328548435457e-05,6.053797980712261e-05
4082,4.475585021686533e-05,3.225592474336736e-05,4.709572068030764e-05,6.314023829472717e-05
4083,4.324346357154556e-05,6.196306407218799e-05,4.75710150693582e-05,5.743864389078226e-05
4084,5.063331570353411e-05,0.00012220184100442566,4.76250968011704e-05,5.669686183973682e-05
4085,5.4999970387951986e-05,0.0001437377039110288,4.7938105346434485e-05,5.676249280804769e-05
4086,4.8499083600796036e-05,5.719333668821491e-05,4.8328474831942e-05,5.6932263600174345e-05
4087,5.312264064236337e-05,3.240192403609399e-05,4.865479603678169e-05,5.6546692352276303e-05
4088,3.788529178159984e-05,4.704121682152618e-05,4.8164256281355236e-05,5.6711773513234225e-05
4089,5.084132557385601e-05,4.175571324594785e-05,4.837545299653559e-05,5.622659681685037e-05
4090,4.495408858929295e-05,5.3208231838652865e-05,4.761113915770289e-05,5.387459305784433e-05
4091,4.8607260574095156e-05,4.181211043032818e-05,4.690884527388132e-05,5.264771575893975e-05
4092,3.648166601326213e-05,3.23323280463228e-05,4.661188392363126e-05,5.551855278754375e-05
4093,4.921777287866765e-05,3.3625618016230874e-05,4.69481346255634e-05,5.540716370451265e-05
4094,4.440571926857552e-05,0.00010108230781042948,4.6861542877417774e-05,5.516871798608918e-05
4095,5.6009987731360724e-05,5.076989211374894e-05,4.6729562733930335e-05,6.0407568895607264e-05
4096,4.8439147431054156e-05,4.5397408248391004e-05,4.6589649205109e-05,5.996030916576275e-05
4097,5.026360757862373e-05,3.469685689196922e-05,4.6215259730363163e-05,5.641592234314886e-05
4098,5.398857326427889e-05,6.496305257314817e-05,4.666222957021091e-05,5.205725304258523e-05
4099,5.882459208401593e-05,3.6657310993177816e-05,4.656108308732252e-05,5.1146009031799635e-05
4100,4.2439362013182186e-05,3.749206443899311e-05,4.6439435877255175e-05,5.221399826987182e-05
4101,4.169700157136605e-05,3.646281507826643e-05,4.667819534725924e-05,5.197285873582587e-05
4102,4.217019324844134e-05,3.5876451584044844e-05,4.6214196727831035e-05,5.1567878207424665e-05
4103,3.9302047710710515e-05,3.913720473065041e-05,4.6076479286097725e-05,5.096922959783115e-05
4104,4.133147755864128e-05,0.00011754602266591973,4.6424440524101065e-05,5.058443079760764e-05
4105,5.1920518033309945e-05,4.5610985434905163e-05,4.691532066111298e-05,5.0698037250549536e-05
4106,3.750461490805416e-05,3.3996564234257675e-05,4.661821196981085e-05,5.0995456293458125e-05
4107,4.1456346629679e-05,0.0001632271974813193,4.7968355554621666e-05,4.8326985840685674e-05
4108,3.9745625351012374e-05,5.078157082607504e-05,4.7435549253067516e-05,4.803761306684465e-05
4109,4.127357883488811e-05,3.359217043907847e-05,4.776209267406051e-05,4.765562309185044e-05
4110,6.617421638414574e-05,3.4770971396937966e-05,4.794877603287912e-05,4.842058841022664e-05
4111,4.597042152858598e-05,3.441223641857505e-05,4.7202518219192926e-05,4.90682146337349e-05
4112,5.0081460390679746e-05,5.910165498789866e-05,4.663941578926623e-05,4.897850941051729e-05
4113,4.385427853170161e-05,4.101272847037763e-05,4.736801358909968e-05,5.089972175774165e-05
4114,3.9241360088150635e-05,3.1631200035917575e-05,4.724527419861666e-05,5.438305733696325e-05
4115,4.151115254596031e-05,3.82420165988151e-05,4.7480902447649804e-05,5.43869834713405e-05
4116,5.730629152417855e-05,3.21921404247405e-05,4.754709977326761e-05,5.4601409149472604e-05
4117,4.875366943856029e-05,3.517248936987016e-05,4.764350806750979e-05,5.180613540869672e-05
4118,4.179005559611445e-05,4.1061094088945536e-05,4.7264210191335433e-05,5.2128788315167185e-05
4119,7.815930888884597e-05,3.437054649111815e-05,4.7677262790320034e-05,5.222166637104237e-05
4120,4.2689830192507036e-05,4.353557276772335e-05,4.845327523588721e-05,4.942072367557557e-05
4121,5.660273295587912e-05,3.584765887353569e-05,4.851193334939631e-05,4.912652692582923e-05
4122,5.4930691549088804e-05,5.3820989851374176e-05,4.8354841495165593e-05,4.946003558725352e-05
4123,3.5332127922124025e-05,8.115370816085488e-05,4.758909944891153e-05,4.939087716775249e-05
4124,4.474703133584828e-05,3.4414680412737654e-05,4.7685751887749776e-05,4.9307170421525376e-05
4125,6.065430700901844e-05,8.552237311960199e-05,4.799309134961933e-05,4.9810306889412455e-05
4126,3.862851680929048e-05,0.00012354620455880648,4.84117779263114e-05,4.9556607213162345e-05
4127,4.806089947427002e-05,3.597460494347615e-05,4.906861299920516e-05,5.0128815342031885e-05
4128,4.09569808511555e-05,4.449784668395296e-05,4.892905868861514e-05,5.002056100202026e-05
4129,4.374168491469593e-05,4.766417914652266e-05,4.8101650461386365e-05,5.0981430879619445e-05
4130,4.243807112895107e-05,5.367730809666682e-05,4.832528853892451e-05,5.2080754285270815e-05
4131,4.78309298826692e-05,3.631851563113742e-05,4.895034945253024e-05,5.928327889560024e-05
4132,6.085665776885839e-05,9.320363009464928e-05,4.782122227997105e-05,7.114807368052426e-05
4133,4.1212078188740026e-05,4.3426652082416696e-05,4.850578962650615e-05,7.474933811026858e-05
4134,3.734628247912042e-05,4.192988697468536e-05,4.77362924801936e-05,7.461286489706253e-05
4135,4.703066522779409e-05,3.304201090941206e-05,4.7186931862314755e-05,7.56439149598009e-05
4136,4.838673249954203e-05,3.231956776289735e-05,4.774728463283586e-05,7.378403102047742e-05
4137,5.776494693741875e-05,7.168006668507587e-05,4.857081665055982e-05,7.370196558913449e-05
4138,5.432144294900354e-05,3.4670236564124936e-05,4.7914659332147706e-05,7.91903515419108e-05
4139,5.566223691049446e-05,4.5936403257655914e-05,4.812746090853277e-05,7.632923608616693e-05
4140,3.802229478120959e-05,3.553565809852444e-05,4.778440420987965e-05,7.643311712308786e-05
4141,3.662108584345939e-05,5.621388736471999e-05,4.818872202110167e-05,7.799633285612799e-05
4142,5.434462137701404e-05,6.265557451115455e-05,4.9181371279216067e-05,7.962773825856855e-05
4143,5.741657843625742e-05,0.00022112420934718104,4.927430942382974e-05,8.200839662167708e-05
4144,4.993112957486624e-05,0.0003309904161142185,4.917053934445398e-05,8.200455330952535e-05
4145,5.980401385588468e-05,0.0001335671835113317,4.8984039653118493e-05,7.970754511479753e-05
4146,3.7365304298065084e-05,3.243582854338456e-05,4.905496795998058e-05,7.949592813820343e-05
4147,4.1196676102117634e-05,7.959724141983316e-05,4.9140055102503134e-05,7.998955989314709e-05
4148,4.9340947185151484e-05,3.465660967776785e-05,4.967030130598384e-05,8.345697527693119e-05
4149,6.533533177894747e-05,3.236304462916451e-05,4.9355890035965594e-05,8.365567563596414e-05
4150,4.4250374048715455e-05,0.00022273202193900943,4.9684494753859735e-05,8.516442760446808e-05
4151,4.394855621891717e-05,5.2018318165210075e-05,4.9455159619618724e-05,8.509191077755532e-05
4152,3.948448200794195e-05,3.857163086649962e-05,4.878937730423382e-05,8.474318600638072e-05
4153,5.1064926131706065e-05,8.357824000995606e-05,4.889875212425573e-05,8.484807536442531e-05
4154,6.855791636755587e-05,8.84493142075371e-05,4.948899374155897e-05,8.413018387655031e-05
4155,4.476152474429303e-05,0.0001131937671743799,4.975816378266447e-05,8.292537423403703e-05
4156,4.523667789827515e-05,3.622243282734416e-05,4.959844844415784e-05,7.556992253230419e-05
4157,5.619416548547128e-05,3.5778425226453694e-05,4.916625219856441e-05,6.379297074454371e-05
4158,4.29852858602923e-05,3.8136227667564524e-05,4.8631449400111006e-05,6.192817534611094e-05
4159,3.947346104218417e-05,5.427068084827624e-05,4.960219158512903e-05,6.251794128911569e-05
4160,6.028682031481165e-05,0.00011972739550401456,4.9812048578718945e-05,6.087781362584792e-05
4161,4.05264507490857e-05,3.728707673872122e-05,4.925065462141195e-05,6.086357722670073e-05
4162,6.598006488477242e-05,0.00010939886589767412,4.816578852252052e-05,6.090742556552868e-05
4163,4.85880645929784e-05,3.285731589130592e-05,4.798428785870783e-05,5.328903121408075e-05
4164,3.901767902587178e-05,3.7218283978290856e-05,4.7592976977466606e-05,5.257378065434751e-05
4165,4.07566652817574e-05,3.8157892049639486e-05,4.789963754592464e-05,5.4831090642255736e-05
4166,5.1377126276040344e-05,3.826660016784445e-05,4.7536329143622426e-05,5.3926647608750505e-05
4167,6.107387240465161e-05,3.253533344832249e-05,4.687621838836801e-05,5.168086676567329e-05
4168,5.3423694973591614e-05,3.7237916803860574e-05,4.6582572496036934e-05,4.843530419166201e-05
4169,3.9126223435030424e-05,3.65666214202065e-05,4.732018868332185e-05,5.2437687432393446e-05
4170,4.643394389454948e-05,8.694729855051265e-05,4.6606907758299106e-05,5.256247625802645e-05
4171,6.163385892351572e-05,4.71799771185033e-05,4.652325540147205e-05,5.270503155625193e-05
4172,4.6443100941865444e-05,3.8594049838138746e-05,4.7175259733598474e-05,5.196999688487268e-05
4173,3.530609825247666e-05,3.4300699699087997e-05,4.648356843649203e-05,5.3881585427734543e-05
4174,3.821367930666181e-05,3.345925309986342e-05,4.698812085294372e-05,5.474431817710866e-05
4175,3.9712857453398305e-05,3.227216315281112e-05,4.7344839337812224e-05,5.169200062664459e-05
4176,3.416578418788655e-05,3.4137054171878844e-05,4.7054765948754116e-05,5.1637578044028496e-05
4177,4.715099621939266e-05,9.500438056420535e-05,4.714464540205276e-05,5.21573951933533e-05
4178,4.198221607415083e-05,6.0967164172325285e-05,4.727776499639731e-05,5.217078497807962e-05
4179,5.205514748619559e-05,3.230479313060641e-05,4.678594054906474e-05,5.216566462477204e-05
4180,3.742037743601638e-05,3.2054702824098055e-05,4.6242157914093696e-05,5.214455723034917e-05
4181,6.367708258039784e-05,0.00013628201384562999,4.592732777317805e-05,5.3337234555510805e-05
4182,3.836214235990256e-05,3.88981458672788e-05,4.600440546766752e-05,5.3197746301884765e-05
4183,4.089397693961574e-05,4.170011012320174e-05,4.59698036875731e-05,5.352388010651339e-05
4184,5.577356934534489e-05,3.589481406379491e-05,4.5060126580453176e-05,5.3201253557926975e-05
4185,4.2994537887150526e-05,0.00016751710907556117,4.506150478442175e-05,5.36435150745092e-05
4186,5.314026116037793e-05,5.885539547307417e-05,4.591765123930398e-05,5.493084589543287e-05
4187,7.489802700648498e-05,3.309092713607242e-05,4.587608669890971e-05,5.654713078401983e-05
4188,4.1336229866525776e-05,3.149675132590346e-05,4.70241765284704e-05,5.719193776894827e-05
4189,4.126466535833768e-05,5.021371271141106e-05,4.71459785101211e-05,5.72330024879193e-05
4190,4.408465514037137e-05,3.849263666779734e-05,4.721219195861421e-05,5.744486695330126e-05
4191,3.9081515092726075e-05,3.813859133515507e-05,4.738336799410819e-05,5.7046146722859715e-05
4192,4.747930653037555e-05,3.2007648587750734e-05,4.722172231397256e-05,5.841111841145904e-05
4193,4.5552941450700425e-05,6.705484993290156e-05,4.7221823143061356e-05,5.857888181926683e-05
4194,4.105316579726706e-05,3.307941507955548e-05,4.758768976187437e-05,5.444432153308299e-05
4195,4.556889939218915e-05,9.510064366622828e-05,4.795131441238078e-05,5.426163568918128e-05
4196,3.8891931245517397e-05,3.911431340384297e-05,4.7953084628130065e-05,5.522607647435507e-05
4197,4.647755604107968e-05,4.9650587752694266e-05,4.757687986792816e-05,5.5278615007409835e-05
4198,5.670975962453263e-05,6.648397022217977e-05,4.766172952384094e-05,5.134766379487701e-05
4199,3.717456579680503e-05,7.386637531453744e-05,4.718394162660439e-05,5.3790976456366486e-05
4200,6.84151031924153e-05,4.839233777602203e-05,4.6202209874496074e-05,5.7638802404107994e-05
4201,3.721083372915422e-05,3.5163672146154566e-05,4.6467735534436846e-05,5.8439439734502237e-05
4202,4.8806332431720674e-05,0.0001003009921987541,4.681053325168452e-05,5.8078653435222816e-05
4203,4.6261616961500195e-05,5.099915841128677e-05,4.671437076968788e-05,5.978106171241963e-05
4204,4.801400548280475e-05,6.642908534558956e-05,4.683643879753719e-05,6.0553311370313174e-05
4205,3.742289816323642e-05,3.624878801929299e-05,4.662023504643003e-05,6.057096520235064e-05
4206,7.282374805072323e-05,3.291800669103395e-05,4.682845876086503e-05,5.967448779410917e-05
4207,4.745275862256272e-05,3.433099976973608e-05,4.6676007865042065e-05,6.010052806086607e-05
4208,4.0938232333347615e-05,6.581112975254655e-05,4.673588809754519e-05,5.7667930399475164e-05
4209,4.6368450340297484e-05,3.720827739016386e-05,4.6865639237835746e-05,5.739597710344242e-05
4210,4.5115779284969905e-05,6.924332876224071e-05,4.650138571370109e-05,5.851469432382146e-05
4211,4.119556372946439e-05,0.00011993821201031096,4.6021385870699304e-05,5.805834234197392e-05
4212,5.035473320377706e-05,0.00012928657582961023,4.6616373065464563e-05,5.7573285464604855e-05
4213,4.7974371365045146e-05,5.1512684585759416e-05,4.580434727233499e-05,5.7594207509828275e-05
4214,4.983460828952957e-05,4.119405522942543e-05,4.5884861566042274e-05,5.77041388853104e-05
4215,4.1680593090455254e-05,8.105284359771758e-05,4.5774245949481456e-05,6.229983479861405e-05
4216,4.21332157889588e-05,5.7444832782493906e-05,4.576015352148614e-05,6.176541636232288e-05
4217,4.207421275269654e-05,3.2448994388687425e-05,4.597860159200435e-05,6.077992078207899e-05
4218,5.0758534311575606e-05,4.464291472686455e-05,4.6566338314894695e-05,6.11495277902577e-05
4219,3.7241893401692826e-05,4.373042174847797e-05,4.561746345102114e-05,6.17518564366037e-05
4220,4.706590520476715e-05,3.428570213145576e-05,4.5825937009390653e-05,6.175977867678739e-05
4221,4.213570975278142e-05,3.231548100302461e-05,4.6177708919599864e-05,6.03844072931679e-05
4222,3.7371217937713176e-05,7.761851826217025e-05,4.5928513188361345e-05,6.241057430306682e-05
4223,4.4709763549488144e-05,5.5075170675991105e-05,4.609425240018431e-05,6.171054389415076e-05
4224,5.204924566593642e-05,6.173995338031091e-05,4.633614016072695e-05,5.9747009731654544e-05
4225,4.811445836417584e-05,4.891538890660741e-05,4.6591513991976776e-05,5.722293845174136e-05
4226,3.922369107183638e-05,3.791195653320756e-05,4.6766587495060066e-05,5.87515021339641e-05
4227,4.604094201770042e-05,0.0002151933900313452,4.7118138859999215e-05,5.937524013716029e-05
4228,4.590930626161733e-05,3.7638697504007725e-05,4.7244840704984704e-05,5.763072787522106e-05
4229,5.3475207245759927e-05,4.179169583949261e-05,4.7929166691190203e-05,5.951767989754443e-05
4230,5.2116316235494904e-05,4.548896322376095e-05,4.795900701590452e-05,5.95255432257545e-05
4231,4.910187645388457e-05,4.797622284968384e-05,4.747819343885769e-05,5.912201132305199e-05
4232,5.2664597581800384e-05,3.45290557743283e-05,4.7629129469472294e-05,5.904247089056298e-05
4233,4.9732530088577834e-05,3.142684516205918e-05,4.751196185113966e-05,6.110172476619482e-05
4234,4.013855705933464e-05,8.786245263763703e-05,4.753136175309515e-05,6.215618893911596e-05
4235,4.925925958054399e-05,5.1742568539339116e-05,4.7897574796095594e-05,6.231813648191745e-05
4236,4.724275774303048e-05,7.084985794790555e-05,4.8970834410283713e-05,6.136919237324037e-05
4237,5.673907898502269e-05,6.618479383178056e-05,4.871422133098046e-05,6.238157854531892e-05
4238,5.2351208942127415e-05,8.972677664132788e-05,4.929148150420386e-05,6.198453028337099e-05
4239,5.862339241300813e-05,5.67875053093303e-05,4.940938481142641e-05,6.266324883908965e-05
4240,4.484813921509259e-05,3.7440037049236706e-05,4.977990509069059e-05,5.739577733329497e-05
4241,5.924136544409622e-05,0.00010461863334057853,5.065548804268474e-05,5.810328800143905e-05
4242,4.28202208705544e-05,3.2645577593939376e-05,5.0132550870896215e-05,5.7871089318359724e-05
4243,3.873819488540499e-05,3.4554617159301415e-05,4.949031562039939e-05,5.890501258691074e-05
4244,4.101529416705792e-05,4.174191093625268e-05,5.012373255190646e-05,5.894045739114517e-05
4245,4.413671474645121e-05,8.576704902225175e-05,5.048916433135876e-05,6.0038206189346965e-05
4246,4.262070730166872e-05,5.8677085326053204e-05,5.032586887925087e-05,6.0498746218218e-05
4247,4.652654401272432e-05,8.166720683220774e-05,5.033403510121085e-05,5.92549312292249e-05
4248,7.154125390419115e-05,3.135156795906369e-05,5.0093996617457976e-05,5.897377603687346e-05
4249,4.563391868335505e-05,8.704960768227466e-05,4.990810610842245e-05,5.7456836345954805e-05
4250,6.254596269476072e-05,3.898918235790916e-05,4.944194750407607e-05,5.6942812373745264e-05
4251,4.217127375240024e-05,5.487992042617407e-05,4.925728988115831e-05,5.5039083553128886e-05
4252,5.530394899930494e-05,8.350660238647833e-05,4.829494650572694e-05,5.5439821255276914e-05
4253,6.779888006147101e-05,5.5326464207610114e-05,4.8199867865251795e-05,5.608959305973258e-05
4254,4.0401777951046825e-05,3.59867287625093e-05,4.7464455477893356e-05,5.467292906832882e-05
4255,3.606043497307433e-05,7.133704493753613e-05,4.7394481108737336e-05,5.49920222896617e-05
4256,6.493729974156142e-05,4.886234295554459e-05,4.7780776830849295e-05,5.569279420305975e-05
4257,6.180039206810762e-05,6.19727757293731e-05,4.796282816759131e-05,5.5628341504780106e-05
4258,4.5650143785880776e-05,4.294034588383511e-05,4.801451952096412e-05,5.422519162966637e-05
4259,4.034271260833419e-05,5.676707791280933e-05,4.9313192738110154e-05,5.5409309313108686e-05
4260,4.325829748672226e-05,4.471368873055326e-05,4.920431302436758e-05,5.34027673289529e-05
4261,4.259549501714193e-05,3.292636567493901e-05,4.775550132673946e-05,5.3869039694836836e-05
4262,4.5085113876363417e-05,5.333419452654198e-05,4.7907086139942605e-05,5.28460135581554e-05
4263,4.773476836918336e-05,4.2133556125918406e-05,4.706902133645296e-05,5.271616641693982e-05
4264,3.456480802722379e-05,6.680594786303118e-05,4.7158321122292865e-05,5.185343108169036e-05
4265,4.2471173203213965e-05,5.36843321606284e-05,4.698256444284602e-05,5.145508997229627e-05
4266,4.0856055760135255e-05,6.920203355548438e-05,4.5761613013342464e-05,5.051026013388765e-05
4267,4.107086164165392e-05,4.062290812726133e-05,4.577020550859743e-05,5.113634183362593e-05
4268,4.839558793820389e-05,5.2073914994252845e-05,4.634567861640891e-05,4.9530062044505034e-05
4269,4.5566577585608075e-05,4.013059347926173e-05,4.535965583385809e-05,4.9912441166816294e-05
4270,4.54289985807716e-05,5.068830214440823e-05,4.464999605851416e-05,5.0334086507791656e-05
4271,7.508753773031963e-05,8.828002741211094e-05,4.445746078700823e-05,5.0021578223095274e-05
4272,4.380455116915982e-05,3.1503657228313384e-05,4.484035081639174e-05,5.0544591899961244e-05
4273,3.532096146348825e-05,4.300837710616179e-05,4.467765710182397e-05,5.219804302760167e-05
4274,4.9423539013433684e-05,6.147395426523871e-05,4.5013193179895296e-05,5.4063736092939505e-05
4275,4.159434260751974e-05,3.5743003827519715e-05,4.50179406583225e-05,5.3425002923177086e-05
4276,4.440376839839802e-05,3.331153704493772e-05,4.5097045879891885e-05,5.6837799742061174e-05
4277,5.0910032013133686e-05,7.354807465162594e-05,4.566229435416365e-05,5.851385051937541e-05
4278,3.727509432388211e-05,3.1705718247394546e-05,4.572861714865817e-05,5.76381691134884e-05
4279,4.061659033242096e-05,5.1638771255966274e-05,4.6364911208850865e-05,5.630394827894634e-05
4280,5.0447262668361264e-05,3.1180050209513864e-05,4.658452943913289e-05,5.5933787107642276e-05
4281,4.028673017779107e-05,5.842182101332583e-05,4.630062959048599e-05,5.5283741695166106e-05
4282,4.4058897684509345e-05,7.251390925375745e-05,4.723544452936039e-05,5.5311995449301323e-05
4283,4.083676199823256e-05,3.512763876642566e-05,4.703914185851722e-05,5.590294224530226e-05
4284,4.991496334292202e-05,6.984241983445827e-05,4.5935899398318726e-05,5.372405796515523e-05
4285,3.9190954622527995e-05,8.60499669215642e-05,4.590186062600373e-05,5.4391381818277294e-05
4286,5.098389696892506e-05,7.956869230838493e-05,4.597160196539739e-05,5.5417117841716394e-05
4287,4.520380083704367e-05,3.7365865282481536e-05,4.6108768259485556e-05,6.0985160862037456e-05
4288,4.971239890841793e-05,0.00012745347659802065,4.701391710825393e-05,6.387853104824898e-05
4289,4.8696019884017815e-05,0.00010870721729588695,4.6661558680514434e-05,6.614355540514224e-05
4290,4.4129243065577205e-05,3.179229701345321e-05,4.6039787561070007e-05,6.444428517861524e-05
4291,5.676340726495255e-05,3.584651269193273e-05,4.671991745902535e-05,7.18113814102253e-05
4292,4.656131739870438e-05,3.1368878844659775e-05,4.70825432201511e-05,7.104786047711968e-05
4293,4.1298091722031436e-05,3.582277968234848e-05,4.68459327656698e-05,7.485437369032297e-05
4294,6.893695105746803e-05,4.083693733264226e-05,4.734237273385384e-05,7.699732354085427e-05
4295,4.052143180969223e-05,6.54619720444316e-05,4.82990444932107e-05,7.748936671705451e-05
4296,4.7506476225357294e-05,3.380792040843517e-05,4.898804355341578e-05,7.756934136850759e-05
4297,4.295358186128498e-05,4.818675355636515e-05,4.863365072168461e-05,7.608378083677962e-05
4298,3.706449494832971e-05,6.865177769213915e-05,4.8423247232535165e-05,7.387899064924569e-05
4299,5.285269636563801e-05,0.0002006750297732651,4.794445939915021e-05,7.268075041356496e-05
4300,6.422306382672912e-05,0.00010807725848280825,4.780253565097356e-05,7.256647629546933e-05
4301,3.559480770491064e-05,8.993714596726932e-05,4.77672875687454e-05,6.871518897532952e-05
4302,3.536575402702308e-05,3.1066318988450804e-05,4.731971232944891e-05,6.633880975714419e-05
4303,5.42783417727656e-05,0.00021588312403764576,4.728148336839188e-05,6.646941750077532e-05
4304,4.968223436056481e-05,3.255074792832602e-05,4.6666727593724816e-05,6.660810822213534e-05
4305,4.4532001306328716e-05,0.0001263428805395961,4.726829072266506e-05,6.734787968453021e-05
4306,5.269772938239233e-05,0.0001119955672766082,4.7356730860580374e-05,6.79189507791307e-05
4307,6.797569166843055e-05,8.481498865876346e-05,4.6360372457032396e-05,6.771413467940876e-05
4308,5.806173850335957e-05,3.712700505275279e-05,4.6350675690660455e-05,6.73422126856167e-05
4309,4.1055142549642675e-05,3.2703406541259026e-05,4.624193438600438e-05,7.011109033483081e-05
4310,3.393086739379214e-05,3.093021223321557e-05,4.6412708435673266e-05,6.942750632006209e-05
4311,3.9014201134300997e-05,4.961268641636707e-05,4.7087502573332226e-05,6.806223744788441e-05
4312,4.1655707132627464e-05,3.450901233009063e-05,4.704133172538907e-05,6.142816534993472e-05
4313,4.8831196852713926e-05,3.1171293594525194e-05,4.69878938411259e-05,5.849195430782856e-05
4314,3.750663890160568e-05,4.929773684125394e-05,4.6930493951529364e-05,5.738863584265346e-05
4315,4.317351903915146e-05,3.5057490604231136e-05,4.74481949595631e-05,5.740597585827346e-05
4316,4.1394512898275734e-05,3.931378072593361e-05,4.687188485000257e-05,5.023742174671497e-05
4317,6.160039562221047e-05,4.986316540453117e-05,4.645413011312485e-05,5.147952993283979e-05
4318,4.350909516991427e-05,5.009955704736058e-05,4.698249877288213e-05,5.086346765747293e-05
4319,4.402799096876859e-05,3.5716534839593805e-05,4.631619656898289e-05,4.790700082667171e-05
4320,4.027901265039368e-05,5.616392219963018e-05,4.5710169152557176e-05,4.5900747232371943e-05
4321,4.4787943608955374e-05,0.00010302986163878813,4.5361115563395694e-05,4.638761855021585e-05
4322,4.7222933103007055e-05,3.1097153187147345e-05,4.5463622395699434e-05,4.64005460991757e-05
4323,5.3934348389803845e-05,3.45200558876968e-05,4.5986354508689456e-05,4.649821449565935e-05
4324,5.169842516705911e-05,3.482322732452303e-05,4.604680957353494e-05,5.029250454535941e-05
4325,6.288711672014971e-05,3.467198243015446e-05,4.648942547840611e-05,5.1335820821987e-05
4326,3.415981046499736e-05,6.235418433789164e-05,4.611843614176098e-05,5.1881098154990477e-05
4327,4.830827922786638e-05,3.149981937895063e-05,4.6395750336523646e-05,5.2035982372763105e-05
4328,3.9870589033752265e-05,3.66692712486838e-05,4.6329352565387844e-05,5.2223441557725894e-05
4329,3.923836593862183e-05,6.360345258144662e-05,4.6665005420315246e-05,5.3463684389134875e-05
4330,5.774121780026083e-05,0.00011094132365542464,4.614058885587536e-05,6.024606993596535e-05
4331,3.6040174284911095e-05,3.808389650657773e-05,4.642632508669825e-05,6.06998509611003e-05
4332,5.282500625778792e-05,3.465864880126901e-05,4.63872380166625e-05,6.053566232731101e-05
4333,4.9335398774322436e-05,4.929878799885046e-05,4.65359065238671e-05,5.9576591747463686e-05
4334,4.361781335723612e-05,3.302659526525531e-05,4.630619389127888e-05,5.6736829123110514e-05
4335,4.699917021854263e-05,3.3371922145306596e-05,4.680028898712609e-05,6.222377070807852e-05
4336,4.0525577755437956e-05,0.00014446993765886872,4.6705856880160144e-05,6.214805412455461e-05
4337,5.2721104754406645e-05,6.0591919245780444e-05,4.6157654501277847e-05,6.362595825339668e-05
4338,3.955646343658575e-05,4.480322691961192e-05,4.5284930028396454e-05,6.38035615978879e-05
4339,4.443949377067232e-05,5.316984228556976e-05,4.5917427290826e-05,6.267064599232981e-05
4340,4.151357476075645e-05,3.9743970228300894e-05,4.554220658869276e-05,6.534334455936916e-05
4341,4.978583427146077e-05,7.031985151115805e-05,4.6033439714099385e-05,6.682623877713923e-05
4342,4.848998151121325e-05,0.00021942280407529323,4.618639950333293e-05,6.572168956336099e-05
4343,5.065250094048679e-05,6.144408267573453e-05,4.570190112523658e-05,6.273630428186152e-05
4344,4.305081421787488e-05,3.16118189948611e-05,4.668458616021478e-05,6.886428700818215e-05
4345,4.399572533050862e-05,3.218715770344715e-05,4.671807494305541e-05,6.881252563762245e-05
4346,3.904512779425002e-05,3.2035796029958876e-05,4.6461381988289464e-05,6.912858250871068e-05
4347,5.9575310499187456e-05,0.00016827069281134756,4.638959115917614e-05,7.013361690478633e-05
4348,5.15735457156552e-05,3.262714129959932e-05,4.6196830336864685e-05,7.158677234547214e-05
4349,3.799336569500156e-05,7.177083054557443e-05,4.688130019332878e-05,7.15481770806946e-05
4350,4.1069004898114753e-05,3.911206604243489e-05,4.716945946193948e-05,7.140487589349506e-05
4351,4.99722420257361e-05,3.4031294198939576e-05,4.7553193115648666e-05,7.257295633316971e-05
4352,3.8927761674535254e-05,9.831728355493397e-05,4.7399155168710025e-05,7.209908389486371e-05
4353,5.215141716891796e-05,7.374162669293582e-05,4.765408819285869e-05,7.198312768741743e-05
4354,4.306236066946036e-05,3.598972223699093e-05,4.697693413747604e-05,7.048140248662093e-05
4355,4.5628758347851946e-05,3.630669161793776e-05,4.691188037654178e-05,6.444182497361908e-05
4356,6.060730015936618e-05,0.00019128346466459333,4.692029345897027e-05,6.361808988294797e-05
4357,5.3662225828803556e-05,3.3364614537276794e-05,4.6842543369469546e-05,7.085804639646084e-05
4358,4.291807490517385e-05,5.7200209776056e-05,4.755616484779036e-05,7.084559472714319e-05
4359,4.182304262940306e-05,5.81524551671464e-05,4.744211949841378e-05,7.079360736679519e-05
4360,4.218014966075619e-05,6.970080816245173e-05,4.678731136793633e-05,6.68515628334717e-05
4361,5.763732416704038e-05,0.0001435050560394302,4.659311791522972e-05,6.680109759327023e-05
4362,5.992508646967407e-05,5.7009389565791934e-05,4.66363857957832e-05,6.612038264283911e-05
4363,4.914980477931547e-05,7.400523791147861e-05,4.66530024101505e-05,6.619782892958028e-05
4364,4.05885450972063e-05,4.132303132792003e-05,4.6415469053802853e-05,6.618945500376868e-05
4365,4.788690036447305e-05,3.6845065042143685e-05,4.7242367878627395e-05,6.362458562944084e-05
4366,3.285698288689471e-05,3.277672149124555e-05,4.7428856283497423e-05,6.246338367200224e-05
4367,4.6863637487856775e-05,6.843336625024676e-05,4.825951242350533e-05,6.231931524089304e-05
4368,5.086282800119888e-05,4.085070540895686e-05,4.7890891803318574e-05,6.236594783549662e-05
4369,4.110706198035687e-05,0.0002126107318326831,4.694277413687409e-05,5.68276032077847e-05
4370,6.183626228852922e-05,3.18758659705054e-05,4.641266799832616e-05,5.672532467142445e-05
4371,3.619399405983535e-05,3.0736112021259034e-05,4.6972255685411954e-05,5.7756459539814385e-05
4372,4.320510723725117e-05,6.971957947826012e-05,4.681491293158614e-05,5.693421650939854e-05
4373,4.67187093979899e-05,3.136551029456314e-05,4.726008139825555e-05,5.5564262326515747e-05
4374,3.907506270883864e-05,5.475295678479597e-05,4.665260230556466e-05,5.1713850790110886e-05
4375,4.148442025729714e-05,4.104822321096435e-05,4.6210739180646156e-05,5.09762367568328e-05
4376,4.4033908117045134e-05,3.38219460536493e-05,4.594024268622483e-05,4.9525844608433544e-05
4377,5.96002322951487e-05,3.4195549196738285e-05,4.612491668505956e-05,4.955015170562547e-05
4378,5.68136272906688e-05,4.4711577756970656e-05,4.5665232540987846e-05,4.932811531471089e-05
4379,6.382876416965801e-05,3.238801145926118e-05,4.640059513460276e-05,4.978422640706413e-05
4380,3.641324284318317e-05,3.747250648302725e-05,4.608718088452912e-05,4.8781192986643883e-05
4381,3.690435849825412e-05,5.282484897179529e-05,4.588018276699586e-05,4.862766842998099e-05
4382,4.040957236510521e-05,3.0807651128270664e-05,4.5947277113413704e-05,4.140206514566671e-05
4383,5.690776708231877e-05,8.297858148580417e-05,4.511435322702811e-05,4.1861818762845355e-05
4384,3.7889473783757746e-05,3.75963794067502e-05,4.553704537845786e-05,4.3225892100599596e-05
4385,5.3309361327491284e-05,3.545195359038189e-05,4.586927255732008e-05,4.305902989872266e-05
4386,4.2450346849768215e-05,4.7244767629308626e-05,4.581803861607721e-05,4.527900631655939e-05
4387,4.8878508346711495e-05,3.856903873383999e-05,4.6538902637904465e-05,4.6484103222610436e-05
4388,4.238739241878243e-05,3.7745434201497116e-05,4.719933205196867e-05,4.612767876824365e-05
4389,4.5205395068074316e-05,4.19307087577181e-05,4.69155804398017e-05,4.727895247051493e-05
4390,3.6394796762680116e-05,3.1294155269279146e-05,4.706169249273242e-05,4.728777790296591e-05
4391,5.1241047727267464e-05,4.4179498800076545e-05,4.696759685224001e-05,4.683956251537893e-05
4392,3.9028281236015677e-05,4.335753073974047e-05,4.6290091887607975e-05,4.818279328173958e-05
4393,4.5687875062867536e-05,3.701259149238467e-05,4.692998828508685e-05,4.793108615122037e-05
4394,4.278442064080284e-05,3.1970649724826214e-05,4.6818764086250066e-05,4.777358540595742e-05
4395,4.101316512888944e-05,4.3369706399971616e-05,4.745520471131184e-05,5.038995436480036e-05
4396,4.676129784557917e-05,6.483794546511489e-05,4.682394279395036e-05,4.866925748501672e-05
4397,5.151078670880654e-05,6.554802443133668e-05,4.7017578628098514e-05,4.862560827605193e-05
4398,4.543786086691802e-05,8.686492074048147e-05,4.699536102521557e-05,5.250814218161395e-05
4399,5.709666325452013e-05,8.488037943607196e-05,4.748451992353593e-05,5.237857404717942e-05
4400,5.7995155608902374e-05,3.213761185179465e-05,4.713968096807043e-05,5.311905070993816e-05
4401,3.6940117812870694e-05,6.260378861043136e-05,4.7228080455695616e-05,5.49058580189012e-05
4402,6.325303361841685e-05,3.441618500801269e-05,4.813439854147468e-05,5.737053283664864e-05
4403,5.446123627835833e-05,3.350619306729641e-05,4.8818650298360604e-05,5.796940790023655e-05
4404,4.689114005385717e-05,6.596878061827738e-05,4.8599344719534405e-05,5.7807786496414346e-05
4405,5.2410652780155134e-05,3.1179828220047056e-05,4.874662492131595e-05,5.7428374617302334e-05
4406,3.412375352733458e-05,4.888733034022152e-05,4.8871641009059716e-05,6.0039279596821883e-05
4407,5.632058799164952e-05,9.621687509934417e-05,4.8792833674411266e-05,6.091224175615936e-05
4408,4.112621914828196e-05,3.996115949121304e-05,4.8980504740757174e-05,6.069563930359437e-05
4409,4.273036963746159e-05,3.65051491826307e-05,4.861308218589532e-05,6.016069484030596e-05
4410,5.275392125541758e-05,0.00013251530122943223,4.817257804493744e-05,5.898123456136091e-05
4411,5.46793193077772e-05,4.40055642684456e-05,4.852402337653783e-05,5.680370161862812e-05
4412,4.025753446007406e-05,5.708095530280843e-05,4.766107002190742e-05,5.4946567150182096e-05
4413,4.45973796094121e-05,8.241561692557298e-05,4.7327868670577625e-05,5.497410349489656e-05
4414,6.786334721255116e-05,0.000103547579201404,4.7843039518031414e-05,5.410728968563489e-05
4415,5.3501090684828036e-05,4.626603185897693e-05,4.691560684336258e-05,5.484627767873462e-05
4416,4.5758408256612406e-05,4.01389637045213e-05,4.70657261920375e-05,5.4785208866815084e-05
4417,4.2710286280554204e-05,3.3872233761940154e-05,4.731424411317372e-05,5.465333562460728e-05
4418,4.881327725646163e-05,0.00010228521598037332,4.732071806817353e-05,5.522437300242018e-05
4419,4.0814237274591704e-05,5.3794703708263116e-05,4.7893271240092056e-05,5.5470023778616455e-05
4420,4.5704941787537084e-05,3.7954645085847007e-05,4.7495064408576574e-05,5.290650101960637e-05
4421,3.757573397403273e-05,5.1464333882904615e-05,4.741728323780181e-05,5.31576638299157e-05
4422,4.049818318485955e-05,3.606151745771058e-05,4.790294446785184e-05,5.3907593192707286e-05
4423,5.42239941569278e-05,3.2426597172161565e-05,4.857256489130021e-05,5.0585856147517916e-05
4424,3.552282938875982e-05,3.845201772492146e-05,4.82294414543301e-05,5.0202192539290993e-05
4425,4.966512182565768e-05,3.282602046965622e-05,4.8473020692957406e-05,4.9372452443640226e-05
4426,4.981938899921564e-05,4.0933443378889934e-05,4.867386888347229e-05,4.913925762375585e-05
4427,4.006721675169603e-05,5.289088483550586e-05,4.763107914623106e-05,4.6234100447327375e-05
4428,5.821421999523106e-05,3.19794727693079e-05,4.700125651547245e-05,4.567212909896626e-05
4429,5.310408808226283e-05,6.267194956308231e-05,4.6684247528416264e-05,4.532453579740833e-05
4430,5.257250165515062e-05,4.545576266536955e-05,4.6700323132972694e-05,4.6623598008591225e-05
4431,4.84375828252976e-05,5.5028599745128305e-05,4.693005686535294e-05,4.631708377128234e-05
4432,4.6365417203762464e-05,3.212880612409208e-05,4.6927583598881026e-05,4.591922183753923e-05
4433,3.918168987891275e-05,4.624022974894615e-05,4.661969938347789e-05,4.569694793317467e-05
4434,5.487190038871227e-05,5.525338325242046e-05,4.718567564753661e-05,4.581823084154166e-05
4435,6.949443184162697e-05,4.947187509969808e-05,4.703961033988486e-05,4.674656647257507e-05
4436,4.610123338352423e-05,3.441397406277247e-05,4.71662971262251e-05,4.85343458247371e-05
4437,4.6347015425756886e-05,3.6337452911539e-05,4.744795251689439e-05,4.88224467888358e-05
4438,4.9618584372284305e-05,7.658574642846361e-05,4.742794357169058e-05,5.061264636897249e-05
4439,4.179360378152018e-05,3.0918649790692144e-05,4.711067140451633e-05,5.054532434878638e-05
4440,3.775552491586293e-05,3.221674814994913e-05,4.742520665103156e-05,5.022473783319584e-05
4441,3.7833183580207536e-05,3.1449131165572906e-05,4.687490947124186e-05,5.207127112516901e-05
4442,4.311217639446517e-05,6.634878904151265e-05,4.628335607962476e-05,5.230350834171987e-05
4443,5.4556620565967425e-05,9.462236004765146e-05,4.592808694125981e-05,5.181290727778106e-05
4444,4.0752405612794165e-05,4.3848155364685226e-05,4.571339126656919e-05,5.08946172965807e-05
4445,3.8007836402458554e-05,3.23977974767331e-05,4.6091019411364365e-05,5.0852355662209455e-05
4446,5.172514057550062e-05,5.449640659207944e-05,4.6143293885203704e-05,5.0310733943479144e-05
4447,3.6846550493565804e-05,5.926990823354572e-05,4.578185211123329e-05,4.936731816851535e-05
4448,5.739116381543378e-05,7.71210809762124e-05,4.4588597060161796e-05,4.900830028345809e-05
4449,4.256421415549186e-05,4.565454182738904e-05,4.455307436857968e-05,4.955566344433465e-05
4450,4.916489819556268e-05,7.758100997307338e-05,4.445615566655761e-05,5.011792666919064e-05
4451,4.188758481985941e-05,3.925039287423715e-05,4.4204067382896835e-05,4.907277671445627e-05
4452,4.793059791457684e-05,4.487622194574215e-05,4.489683035709377e-05,5.327140284352936e-05
4453,4.445679050048865e-05,7.814280506863724e-05,4.528526271363565e-05,5.5711297175730586e-05
4454,3.831525329183528e-05,6.847787997685373e-05,4.55936459688625e-05,6.0142215456289706e-05
4455,4.369077319602689e-05,3.3190736066899264e-05,4.5956518503953706e-05,5.933570127381245e-05
4456,4.307019095803197e-05,3.207135021511931e-05,4.576172831746387e-05,5.7384672159969344e-05
4457,5.580612082364193e-05,3.1072265264810995e-05,4.5775135522449594e-05,5.8112390406313345e-05
4458,4.0488551724896146e-05,3.2699686780688356e-05,4.612409019318876e-05,5.8412643909105095e-05
4459,4.583585603945216e-05,3.166798887832556e-05,4.608937907744096e-05,6.011893577524461e-05
4460,3.966305556483955e-05,4.049642797326669e-05,4.6649811564970554e-05,6.163428757572548e-05
4461,4.5213166093971166e-05,4.80980530846864e-05,4.638845951962544e-05,6.243559246649966e-05
4462,4.392404787520516e-05,5.039403353293892e-05,4.672018546067799e-05,6.449555892322679e-05
4463,4.331637728076506e-05,5.045699756010436e-05,4.678788404012771e-05,6.527846665412654e-05
4464,5.911267813644372e-05,0.0001358843030175194,4.7146675154605555e-05,6.759459906897973e-05
4465,4.7466333829409756e-05,9.321410645497963e-05,4.726374574529471e-05,6.968569832097272e-05
4466,4.554276496087874e-05,0.00014222208817955107,4.751976863254739e-05,7.044613424804993e-05
4467,5.2183989771745275e-05,4.618593447958119e-05,4.802145300814621e-05,7.159316717879846e-05
4468,4.968686590372171e-05,4.5846632201573814e-05,4.8308116587577367e-05,7.415168586594518e-05
4469,4.108758573743722e-05,6.20411115232855e-05,4.861960345652832e-05,7.675497998716308e-05
4470,4.673170317093738e-05,3.990413504652679e-05,4.842165313085487e-05,7.939823750639332e-05
4471,5.0857362681805776e-05,9.715370324556716e-05,4.8836405569131255e-05,8.197639816498848e-05
