epoch,train_loss,val_loss,train_loss_smooth,val_loss_smooth
1,0.3718977200984955,0.23231476783752442,0.21760390027032955,0.14185359162688252
2,0.15618775794903436,0.09312417805194854,0.2040175822397073,0.13383619766831392
3,0.06631181468566259,0.04948520958423615,0.19038363740775321,0.1257707609295845
4,0.04439978899227248,0.0432004114985466,0.17670240866707432,0.11765258793830871
5,0.041517082303762436,0.04202299818396568,0.16297617856827049,0.10948568327426911
6,0.040599352270364764,0.04108188673853874,0.1492040603508552,0.10127823507785796
7,0.03967466374238332,0.04008294641971588,0.1353878427098195,0.09302385374903678
8,0.038725966496600046,0.0390848870575428,0.12153052920831575,0.08473033944666386
9,0.03773331582546234,0.03806020095944405,0.10763385477628973,0.07639844809770585
10,0.03672426011827257,0.03686343714594841,0.09370091635800072,0.0680348297148943
11,0.03563317120075226,0.035639218837022785,0.07973647898948856,0.059635417440533633
12,0.03453999592198266,0.03448531106114387,0.0657412438198924,0.05121047927141189
13,0.033379975971248414,0.03311712324619293,0.05171809379822677,0.04275902220010757
14,0.03223976933293873,0.03187991887331009,0.03766971165405379,0.03428446780741215
15,0.031049099299642776,0.03067884936928749,0.032227178086174854,0.031358918043971055
16,0.029867001581523153,0.02936044305562973,0.030359220417671733,0.030160714644193648
17,0.02874196762839953,0.02814215123653412,0.029348933150370918,0.029196174535155297
18,0.02759476466311349,0.027128562927246094,0.028437456364929673,0.028267381027340888
19,0.02649227907260259,0.02595523461699486,0.02754736844648917,0.027362396255135542
20,0.025464882560902173,0.024976910278201103,0.026681629850798184,0.02648734052181244
21,0.0244808592978451,0.024017484113574027,0.025842466196417804,0.025641288706660274
22,0.023574259641269843,0.023224308267235757,0.025033434190352758,0.024830479305982592
23,0.022786785885691642,0.022329460978507996,0.024258266069160563,0.02406162221729756
24,0.022016840858591926,0.02169131360948086,0.023520622068974706,0.023334773287177087
25,0.02131896955685483,0.021028341054916383,0.022821048921181097,0.022649819150567053
26,0.020688166494170823,0.02045090802013874,0.022163659875094895,0.022021599045395853
27,0.020124418752060995,0.019985433965921402,0.02155056633518802,0.021437857082486154
28,0.01961287297308445,0.019530124589800836,0.020983424026105143,0.020899579641222958
29,0.01914260730975204,0.019086908772587775,0.020461069088098083,0.02041344637274742
30,0.018730162667731445,0.0188031604886055,0.019983667918956945,0.01997582279443741
31,0.01834715430935224,0.018457267433404922,0.019551035479621757,0.01957896431684494
32,0.018031198850108517,0.01820655308663845,0.019160801847030725,0.01923169418275356
33,0.01774687513709068,0.017933591678738595,0.0188122107796371,0.018919417506456374
34,0.01750751567383607,0.017789965942502022,0.018501400782912972,0.018652364328503607
35,0.01734505708846781,0.01764200992882252,0.018230140474355887,0.0184115900605917
36,0.017192071196105746,0.01746799558401108,0.017989332042220568,0.01820556255280972
37,0.017050667227142387,0.017361457645893096,0.017778543683969313,0.018025376555323602
38,0.016945249819093282,0.017411620616912843,0.017593717311239904,0.017871144068241123
39,0.016912430835266907,0.017286369800567625,0.017435437078856763,0.01774246759712696
40,0.0168705415725708,0.01722191333770752,0.017300002288901148,0.017629615491628645
41,0.01680812813134657,0.017207111343741418,0.01718423160190384,0.017535568773746492
42,0.01680693839987119,0.0172015617787838,0.017087551509092254,0.017457994508743285
43,0.016778953679733807,0.017207100987434387,0.01700711232448618,0.01739355611503124
44,0.0167364382578267,0.017273481264710427,0.016942365949435368,0.01734475873112678
45,0.01675010587606165,0.017169993370771408,0.016888914148592286,0.01730594879984855
46,0.01671060937974188,0.017341154664754867,0.0168479288953046,0.017276732242107386
47,0.01679275192734268,0.01720495156943798,0.01681684689844648,0.01725117435753345
48,0.016766575082308718,0.017178773283958435,0.01679076465699408,0.017231713038682935
49,0.016747131902310582,0.017186663672327997,0.01677056622306506,0.017221288618445397
50,0.016698310238619646,0.017172528877854348,0.016756488945086797,0.017213146555423733
51,0.016731160684592194,0.017233996242284774,0.016746363865335782,0.017204605352878568
52,0.016738549003170598,0.017164131328463554,0.016736749222874645,0.017208940839767452
53,0.016718605798151757,0.017178956642746924,0.016728655108147198,0.017204681897163388
54,0.01672560498946243,0.01714755214750767,0.01672327099616329,0.017205831879377364
55,0.01671918305257956,0.017192200645804404,0.01671771983380119,0.017203670442104337
56,0.016728494933081997,0.017237332835793494,0.016713914617482156,0.017205827847123142
57,0.01669490382903152,0.01723630480468273,0.016711224994974003,0.017199803116917604
58,0.016722243804898528,0.017203177735209466,0.016707445636639992,0.017201191183924675
59,0.016730465752383072,0.01715101882815361,0.016706787930180628,0.017197839006781578
60,0.016693001052157746,0.017155476957559587,0.01670103381367193,0.017194464248418806
61,0.016687110347880257,0.017207385078072547,0.01669578681646122,0.01719382675588131
62,0.016698735277685853,0.0171579060703516,0.016694221095492442,0.01719234267473221
63,0.01669212282531791,0.017198090553283692,0.0166924487316774,0.0171890222877264
64,0.016672064773738383,0.017394756972789763,0.0166908123270505,0.017184316504001616
65,0.016668188704384697,0.017115439772605896,0.016688256230536432,0.017181929352879523
66,0.016673525331748856,0.017235860899090766,0.016686047727283503,0.017181999468803402
67,0.016668159340818722,0.01714752584695816,0.01668201018712587,0.01717969442903995
68,0.016683823271758026,0.017261036112904547,0.01667887613533272,0.017186706706881525
69,0.016669197695122824,0.01712286300957203,0.016674970319122077,0.017179829517006875
70,0.016655621917711364,0.01720469504594803,0.016673920895573166,0.017174831902980806
71,0.016694166718257797,0.017257350236177443,0.016670224171131853,0.017169176095724107
72,0.016648899014625285,0.01712058261036873,0.016666427592933183,0.01716594032347202
73,0.016635400152040854,0.017162835970520974,0.016663410075753927,0.017164615708589556
74,0.016707988878091176,0.017149561643600465,0.016660892907861206,0.017168986189365385
75,0.01665400114324358,0.017089519202709198,0.016657169229868384,0.017176138618588445
76,0.01669025056891971,0.017116351649165154,0.01665469504305058,0.017174474561214445
77,0.016674646590318944,0.017104452550411223,0.016652568290051486,0.017160721498727795
78,0.016663393216828505,0.017180709540843962,0.01665085997523533,0.017157912701368336
79,0.01662466648552153,0.017089926153421402,0.016649532991896074,0.01715046767294407
80,0.016640831757750777,0.017367507591843606,0.016645945990830656,0.01714633384943008
81,0.016630849527815978,0.017065403088927268,0.016644065717773306,0.017144951489567756
82,0.01666866824030876,0.01711136445403099,0.016640734376592768,0.01714203227162361
83,0.01662982569386562,0.017061782553792,0.01663852483663294,0.017136844411492345
84,0.016635551297416288,0.01707012452185154,0.016633992923465037,0.01712926979959011
85,0.01661756312267648,0.017122361585497858,0.016631215652326743,0.01713064984381199
86,0.016624181150562235,0.017316647097468375,0.016628846681118012,0.017125642013549804
87,0.016605643327865335,0.017336716800928118,0.01662298534595304,0.01712216594517231
88,0.01663026815487279,0.01715648911893368,0.01661922487831778,0.017122539579868316
89,0.01661889594876104,0.01705093041062355,0.016613393801616295,0.01711808478832245
90,0.01662548083398077,0.017045219838619233,0.016608876787953905,0.017118140193820002
91,0.01664035074826744,0.017049735188484193,0.016605067122810416,0.017111380559206014
92,0.016578484314183396,0.017044180259108543,0.01660370955467224,0.01711123289763928
93,0.016636816445324155,0.01722647711634636,0.016600445554157097,0.01710138801634312
94,0.016585914165609412,0.0170498825609684,0.01659858212735918,0.017100005945563317
95,0.016600383418715663,0.017074998542666434,0.016594219612081847,0.017098314404487606
96,0.016580868889060286,0.017067984938621522,0.016591814018040895,0.01710030782818794
97,0.016579467236167853,0.01715508371591568,0.01658874279823568,0.017102029231190682
98,0.016576175871822568,0.01703764021396637,0.01658654612203439,0.017105318784713743
99,0.016561455498966905,0.017062659934163095,0.0165847847542829,0.0170946395277977
100,0.01655998945236206,0.017098860070109367,0.016583182916541893,0.01708081149160862
101,0.016544473651382657,0.017004981860518454,0.016581236142085655,0.01707334279716015
102,0.016561721248759164,0.017105837687849998,0.0165791049796674,0.017070281133055688
103,0.01656815158824126,0.017011718675494194,0.016575970580180486,0.017071094384789466
104,0.01659072728206714,0.017086234614253043,0.01657209897604254,0.017067712742090225
105,0.0165592317448722,0.01712138555943966,0.016570740922126508,0.017064423236250875
106,0.016584263857867983,0.017030851319432258,0.0165683842882514,0.017054066491127014
107,0.016559605358375442,0.017069075927138327,0.01656804861293899,0.017050267100334165
108,0.016569685842841863,0.017111618146300314,0.016565014997373024,0.01704539216756821
109,0.016558770802285936,0.017113159596920013,0.016562604545636305,0.01704132078588009
110,0.016562646217644215,0.017204600423574447,0.016561580824272497,0.017032665795087814
111,0.016580146956774924,0.017049665674567224,0.016557775376157626,0.017029842936992643
112,0.016565597384340235,0.016991015896201132,0.01655589571984278,0.017027729678153993
113,0.016581598793466885,0.0169697717577219,0.016554011145316894,0.017024070286750796
114,0.01656561688830455,0.016974388808012008,0.01655325315255258,0.017021865031123164
115,0.016547120846807956,0.01706555113196373,0.01655245027169585,0.01701622351109982
116,0.016543560644818676,0.01696519412100315,0.016549853306760388,0.017013518419861796
117,0.01654453296628263,0.016961942613124847,0.016546031155437232,0.017013982078433038
118,0.016577900598446528,0.016967558488249778,0.016543636909541158,0.017012135288119314
119,0.016577522282799084,0.01695489779114723,0.01654071804276771,0.01700806269943714
120,0.016524543029566605,0.01695312522351742,0.016540493835922744,0.01700353071689606
121,0.016520607595642407,0.016966200396418572,0.016537662652300465,0.01700220301449299
122,0.01655387420207262,0.016938708946108817,0.016536695763303175,0.01699653080403805
123,0.01648103966895077,0.016967068761587142,0.01653498248722818,0.01698525891005993
124,0.01651446409109566,0.017009828463196753,0.016531295132637024,0.01698530522584915
125,0.016512875089214906,0.01700737528502941,0.016528116880522834,0.01698265464901924
126,0.01652552383227481,0.01694985046982765,0.016524844827089043,0.01698262584209442
127,0.016541649227341016,0.01696479968726635,0.016521705445150532,0.016985218042135236
128,0.016503227464854716,0.01694409139454365,0.016519931384589934,0.016980095544457435
129,0.01649517349898815,0.017097826078534127,0.016517834703624248,0.016978051021695136
130,0.016499375597470337,0.01707521580159664,0.016517029315729934,0.01697742640674114
131,0.016511292188531822,0.016929036602377892,0.01651304969622029,0.016975835439562798
132,0.016554000187251304,0.01695577636361122,0.016508456439442102,0.016981087726354597
133,0.016498906252284843,0.017078425586223602,0.016509401601884098,0.01698111585378647
134,0.01653459857735369,0.016971354335546494,0.01650848676893446,0.01697897346317768
135,0.016519814315769408,0.016922803074121476,0.01650481704754962,0.01697721211612225
136,0.01648796309199598,0.01705082356929779,0.01650605765581131,0.01697575982809067
137,0.016486141081485484,0.016924751475453376,0.016504704991810854,0.01697110567688942
138,0.016499797457622156,0.0169690515846014,0.016503729636470475,0.016966815581917764
139,0.016487132339841788,0.01703919380903244,0.01650225250456068,0.01696602004468441
140,0.016502769332793023,0.016937488690018654,0.016499580115742152,0.016964833959937097
141,0.016491143620676465,0.016914081051945685,0.01649793306340774,0.01696366451084614
142,0.01652439826892482,0.01694632723927498,0.0164967621187369,0.016956295016407965
143,0.01647841011070543,0.01692778430879116,0.01649554176893499,0.016950726589560507
144,0.016462690863344405,0.017086204960942267,0.016494071727659966,0.016950442278385162
145,0.01654817209061649,0.016953828409314156,0.01649027322464519,0.016955645954608918
146,0.016497736771901448,0.016912640631198884,0.016490839512480628,0.016949823525547983
147,0.01646213116745154,0.01689467526972294,0.01648905166884263,0.016946849331259728
148,0.01651205487549305,0.016930761560797692,0.016486334701461925,0.016944831693172454
149,0.016480647491084206,0.01689347468316555,0.01648488407822119,0.016937567171454428
150,0.016488491205705537,0.016900122910737992,0.016483358884602783,0.016935659930109977
151,0.01648859553452995,0.016929962038993836,0.01648229393073254,0.01693200937509537
152,0.016474839506877795,0.016935147568583487,0.016481203070200155,0.016925445845723152
153,0.016462051156494354,0.016914855167269708,0.016479292063332266,0.016923594322800637
154,0.01646589988221725,0.016913588717579843,0.01647951879840758,0.016925872483849524
155,0.016468866852422555,0.016936005130410194,0.016477855308271117,0.016923571777343754
156,0.01647454115665621,0.01692192882299423,0.0164770234014425,0.01692358793318272
157,0.01645903761188189,0.017085868269205093,0.01647671537887719,0.01691860398054123
158,0.01651306344817082,0.016932864859700202,0.01647467866018415,0.016915118572115896
159,0.016489902486403783,0.016896999478340148,0.016472508014821346,0.01691438443660736
160,0.01645189013125168,0.016872362121939658,0.016471836365924943,0.016919005596637726
161,0.016451697510977584,0.01686921052634716,0.01646849566532506,0.01691628741919994
162,0.016448011241025396,0.016877070441842078,0.016466747184925606,0.01691936931014061
163,0.01647317361086607,0.016877787709236144,0.016466351227958996,0.01691918755173683
164,0.016459860826532047,0.01687510557472706,0.016465713949170378,0.016917580372095106
165,0.016454994161095884,0.016891200616955756,0.01646498798098829,0.016914648613333704
166,0.016496811997559334,0.016971035078167915,0.016465506264567376,0.016912842512130738
167,0.01648281101551321,0.01688880957663059,0.016465348529650106,0.016912166839838032
168,0.016457612439990044,0.01692818820476532,0.016463855885465943,0.01691443133056164
169,0.01645499029921161,0.016961606144905092,0.016464138702551527,0.01691221866309643
170,0.01649725412329038,0.01686669319868088,0.016463800075650216,0.01690434024333954
171,0.01644347063783142,0.01689428724348545,0.016460590456095006,0.016900872170925136
172,0.016445339945041472,0.017010204270482065,0.016459197998874717,0.0169008159250021
173,0.01642853736049599,0.016862807124853135,0.01645934876062804,0.01690268293917179
174,0.016436935481097963,0.016970521956682205,0.016459522007322973,0.016903270360827446
175,0.016478592281540236,0.01689557895064354,0.016458913511286175,0.016902715611457824
176,0.01647266356481446,0.016889782547950746,0.016458279605954886,0.01690170810520649
177,0.01645669030232562,0.01686185359954834,0.01645934709500935,0.016901316085457804
178,0.016475008245971468,0.01686970263719559,0.016458359975367782,0.016899394035339358
179,0.016461956509285502,0.016896696910262108,0.016455898695439102,0.016896536761522297
180,0.016431550747818418,0.016992617398500443,0.01645351473349664,0.016895059573650364
181,0.016481611583795814,0.016866612136363982,0.016451813958005775,0.016891773578524595
182,0.016450571939349175,0.01688890777528286,0.016451314318594007,0.016889711990952495
183,0.016432822959290612,0.016846163049340248,0.01644869331046939,0.016889582037925722
184,0.016455091055896546,0.01689559333026409,0.01644837940045529,0.016887595555186274
185,0.016455659175084698,0.016919037476181984,0.016448168397612043,0.016880919456481937
186,0.016456028678350977,0.016883896067738532,0.016448380639528234,0.016884297248721123
187,0.016432798840105532,0.016863201707601548,0.016448539241858653,0.016882013070583346
188,0.016457325977583728,0.016852600052952766,0.016446974705366626,0.016880839857459067
189,0.016486548052893745,0.016865305081009866,0.016446672018244863,0.016878996866941453
190,0.01643031617005666,0.0168431493639946,0.016445196476454534,0.016880920448899273
191,0.01643527999934223,0.016899603232741357,0.016444739357340667,0.01688809857070446
192,0.01642321196695169,0.016851879879832266,0.01644481540276773,0.01688698506653309
193,0.016415093052718373,0.016846038326621057,0.016444586234498355,0.016880631068348886
194,0.016442499313917426,0.016910066455602647,0.0164428190956927,0.01687929856181145
195,0.01643172892017497,0.01686344437301159,0.016442485235507294,0.016877049824595453
196,0.016435622887478935,0.016844625174999236,0.016441646861326365,0.016881950840353967
197,0.016440064873960283,0.016843301802873613,0.01644120023941828,0.016882449147105218
198,0.016433843408400813,0.016947251930832862,0.016440353761737546,0.01688092541694641
199,0.01644090053935846,0.016913417503237726,0.016440592131142812,0.016879928505420683
200,0.01643947886923949,0.016866248622536658,0.01643962886561122,0.01688225957751274
201,0.016465096386770406,0.016843707785010337,0.016438000659934348,0.016881216388940815
202,0.016419801757567458,0.016909943148493766,0.01643585745853682,0.016880141681432724
203,0.01646358026812474,0.017049155682325363,0.016436126181441874,0.016883203440904618
204,0.01646385764496194,0.016868859305977823,0.016435384753801754,0.01688335574269295
205,0.016425821541084185,0.01683376744389534,0.01643553221453395,0.016887326270341875
206,0.016437433113654455,0.016833299472928047,0.016436017183421386,0.01688673197627068
207,0.016442225434713895,0.016832689344882964,0.016435951191476648,0.01688589007854462
208,0.016411863604767454,0.01696868844330311,0.016436696699220273,0.01688518727719784
209,0.0164439255081945,0.01690805099904537,0.01643591006278164,0.016888937145471575
210,0.016434497233066295,0.016880944222211838,0.016435637069369357,0.01688923275470734
211,0.016461987913482717,0.016858973279595374,0.01643485155709916,0.01688482032418251
212,0.01640871720181571,0.016921478509902953,0.01643404016221563,0.016881447395682335
213,0.016416620835661887,0.01682652033865452,0.01643498470940524,0.01687991715371609
214,0.016432968017955622,0.016838437393307686,0.016432872451427914,0.01687899754345417
215,0.016437034242682988,0.01691969335079193,0.01643265837604801,0.016876535832881928
216,0.016416744308339226,0.01690341077744961,0.016431332066572376,0.016867174956202508
217,0.016426898485256566,0.016951143071055413,0.01643152959288822,0.016866749653220176
218,0.01642721727490425,0.01683118097484112,0.01643188370698028,0.016867663043737414
219,0.016440849515299002,0.01688901901245117,0.016430590535700326,0.016867204704880713
220,0.016450366613765557,0.016845874339342117,0.016429109093878007,0.016873750364780424
221,0.016415956976513067,0.016938371881842613,0.016428000614129835,0.016869032758474345
222,0.016433240038653214,0.0168506920337677,0.01642840681680375,0.01686752161085605
223,0.016414205601645842,0.016836941167712213,0.016428774197482402,0.016865225613117218
224,0.01642061566727029,0.016829094290733336,0.01642812004726794,0.016865536069869996
225,0.016463092548979652,0.01682799257338047,0.016428102527972725,0.01686302284002304
226,0.01641228993733724,0.01682071752846241,0.016427961061480974,0.016867723947763445
227,0.016414449873069923,0.0168484003841877,0.01642794840294454,0.016872510191798213
228,0.016430422531233894,0.01681513376533985,0.016427508516030177,0.01686917974948883
229,0.016468795802858142,0.016858226731419564,0.01642812743228343,0.016865793490409852
230,0.01643467439338565,0.01685660220682621,0.01642791165916456,0.016861526831984518
231,0.01640510383165545,0.01682184100151062,0.016427851717091272,0.016863147783279415
232,0.016405189389155972,0.016996330842375756,0.01642715916923351,0.0168668198287487
233,0.016384151611063217,0.016850748285651206,0.016426817449347843,0.016867829644680022
234,0.0164540805750423,0.01687027230858803,0.01642632519511713,0.01686599746644497
235,0.01644368175003264,0.016823544278740884,0.016425903311951293,0.016866142335534098
236,0.016445634158121215,0.016866734698414803,0.016425698860072425,0.01686583319306374
237,0.016408279219435322,0.016858647763729095,0.016425123669621015,0.016865057387948038
238,0.01641308417336808,0.016944048032164573,0.01642335117732485,0.016867123925685887
239,0.016432651554544767,0.016958093494176863,0.016423878091904855,0.01686632367372513
240,0.016426037069824005,0.01683643229305744,0.016424881627659007,0.016864465671777726
241,0.016432217214670447,0.016818754300475122,0.016422976030740475,0.016872424298524858
242,0.016421504157284897,0.016844476610422134,0.01642212946150038,0.01687081173360348
243,0.016425718723071945,0.01687170475721359,0.016422480388565197,0.016869125977158547
244,0.01642353581885497,0.016980820149183274,0.016423887293454672,0.016868379455804824
245,0.016441823616623878,0.01687111973762512,0.016423502684715718,0.016863070717453955
246,0.016403650620745287,0.016892567425966263,0.016423985199630262,0.01686369786560536
247,0.016422692959507306,0.016854313760995866,0.016422749855120978,0.016862616392970087
248,0.0164090943046742,0.016829212605953218,0.0164223182650076,0.016862241142988205
249,0.01640623590598504,0.016809699162840842,0.01642114638735851,0.01686004295945168
250,0.016418780241575507,0.01687965601682663,0.016420851786269088,0.016858408322930337
251,0.016425462801837258,0.01680071122944355,0.016419987940126,0.01685528394877911
252,0.01643953826692369,0.016801950335502625,0.016419022075004047,0.01684897856116295
253,0.016382782608270644,0.017014099434018135,0.01641809129673574,0.016848021811246873
254,0.01644763157185581,0.016817912608385086,0.0164172793213692,0.016849783238768578
255,0.016443447570006053,0.016814458295702935,0.016418172593994276,0.016848466670513155
256,0.01644027645389239,0.01680317796766758,0.01641621160896288,0.01684691744148731
257,0.016395574170682166,0.01686361238360405,0.016417167717301184,0.016839928326010705
258,0.016396214483926693,0.016866426989436148,0.016416136184251973,0.016841317787766454
259,0.016423196962310208,0.016843235492706297,0.01641535392858916,0.016837831401824953
260,0.016432891997198263,0.016814163029193877,0.016414718037098645,0.01683864896297455
261,0.016416337216893832,0.016811780110001565,0.01641444980245498,0.016837887486815452
262,0.016400914192199707,0.01681778185069561,0.016414483847303523,0.016839039689302445
263,0.016391488019790915,0.01686593867838383,0.016413815976099835,0.016838379767537118
264,0.016408504926496082,0.016800458803772927,0.01641352328873343,0.016839097461104395
265,0.016402767613116237,0.016812513545155526,0.016412449718515076,0.016842021971940995
266,0.01641191783050696,0.01686278998851776,0.016412739995287525,0.016833632937073708
267,0.016443835972911783,0.01681156240403652,0.01640905523979002,0.016837120482325555
268,0.016376694097287123,0.016832974031567572,0.01640805408491029,0.01683666098117828
269,0.016447438527312543,0.016806092262268067,0.016406874160634147,0.01683704929947853
270,0.016416035290393566,0.016905856281518937,0.016408919276297094,0.01683401578068733
271,0.016384094229174986,0.016805407777428626,0.016410838547100622,0.01683177641034126
272,0.016406795672244495,0.016874752789735794,0.016410107662859892,0.01683112470209598
273,0.01640238843858242,0.01681017570197582,0.016409062447067763,0.01683125931024551
274,0.016407087027198737,0.01683850422501564,0.016409841890715895,0.016833460983633995
275,0.016402083461483318,0.016863157972693443,0.016409515833606322,0.01683414442539215
276,0.016418145617677106,0.01681865356862545,0.016409659422023427,0.01683330023288727
277,0.016412699011464915,0.016875063106417655,0.016410105575745303,0.01683320349752903
278,0.016390039527581796,0.016804373562335967,0.01640972648002207,0.016835651862621308
279,0.016355512684418094,0.016905101239681242,0.016409075506072904,0.01683316229879856
280,0.01641841869801283,0.01680297076702118,0.01640720633024143,0.016833156248927117
281,0.01641077834698889,0.01681288592517376,0.01640800827977558,0.016833518546819685
282,0.016446702062255805,0.01678777441382408,0.016405304224830535,0.016833531975746153
283,0.01644419625401497,0.016810442730784417,0.016404913966067962,0.016828586187958718
284,0.016404924856291875,0.016826942786574362,0.016405270242235728,0.016827891379594805
285,0.016406761602395112,0.016817528232932092,0.016405478877698384,0.016824645227193832
286,0.01643582330809699,0.016866821944713593,0.01640603391068677,0.016824270147085187
287,0.01639276276446051,0.016834867894649507,0.016404585507387916,0.016824153605103497
288,0.01639507773021857,0.016844833865761757,0.016404169798766573,0.01682265709042549
289,0.01641965876954297,0.01679804041981697,0.016401634902714027,0.016822541537880896
290,0.016393290220035446,0.016873722672462465,0.016400683276810577,0.016821516379714012
291,0.016395643481777775,0.016800550892949104,0.016400154904648658,0.01682098241746426
292,0.01639710657712486,0.016811411157250405,0.016402736953190628,0.016816728404164316
293,0.016396742835640906,0.016842031478881837,0.01640123004528383,0.016817808607220652
294,0.01637983715368642,0.016806427985429764,0.016400218484095397,0.016817229241132735
295,0.016406278821329275,0.016782211586833,0.01639776395025352,0.01681736454665661
296,0.016393001133369074,0.016788037568330763,0.016394883215220438,0.016819545346498488
297,0.01641201155881087,0.016793598979711534,0.016394613977231916,0.016822726121544836
298,0.016416264263292155,0.016800798699259756,0.016393678794594278,0.01682721697092056
299,0.01637087694472737,0.016835590675473213,0.016393143146360915,0.016825341206789014
300,0.016391690745949747,0.016825745105743407,0.016393783663834136,0.01682361920773983
301,0.016354773216363458,0.016815764755010607,0.016392598796180553,0.01682697992026806
302,0.016388908363878726,0.01684943415224552,0.016392158109032447,0.016827566462755204
303,0.016376830223533843,0.016791024506092073,0.01639128499304255,0.01682731840312481
304,0.016420063897967338,0.016798750907182695,0.01639042126693659,0.01682764762341976
305,0.016380746000342897,0.016829975843429566,0.016390187230457858,0.016827092552185056
306,0.016385489317278068,0.01679840177297592,0.016389709302700225,0.016825417307019235
307,0.016385338716208935,0.016791157051920892,0.016389431101663243,0.01682487055063248
308,0.016372177878187764,0.016864962726831436,0.016388674671699605,0.016828944906592373
309,0.01639819390657875,0.016906462162733078,0.01638843540541,0.016829677468538286
310,0.016383382036454147,0.016929799467325212,0.01638845784556535,0.016829461461305623
311,0.016422432102262973,0.016819927841424942,0.016387117703672915,0.016829250577092173
312,0.016408775701291033,0.016791817918419837,0.016387726869765258,0.016827027970552445
313,0.016365456038879022,0.016928851678967474,0.016389135927706956,0.01682554247379303
314,0.016408641590840288,0.016812703981995584,0.01639137484431267,0.016827839893102648
315,0.01637146232028802,0.016867521181702615,0.016391438699762027,0.016826979076862338
316,0.016374050329128902,0.016808781400322916,0.016391480214065973,0.016828148624300956
317,0.016391255665156576,0.016797534376382827,0.0163898322208888,0.01682747018635273
318,0.016384794641700055,0.016800150349736212,0.01639089689378937,0.016825611308217046
319,0.01637288212776184,0.016792759075760843,0.016391533186783394,0.01682828212678432
320,0.016387368072238232,0.016884070485830308,0.01639090956375003,0.01683735746145248
321,0.016387019476128948,0.016806351616978646,0.01639615108643969,0.016834128066897394
322,0.01641257256269455,0.01678819879889488,0.01639552196570569,0.016835616490244867
323,0.016382760715981326,0.016795526593923568,0.016396231827057073,0.016831109568476672
324,0.01638610609703594,0.016780025511980056,0.01639445957913995,0.016830683842301367
325,0.016426917194492286,0.01678860768675804,0.016394335621181463,0.016830983436107637
326,0.01641074613150623,0.016873200237751008,0.01639497930631042,0.016825994470715522
327,0.01639050475011269,0.016827913746237756,0.016394054532133873,0.01683089359998703
328,0.01637786808113257,0.016820263192057608,0.016396267319305075,0.01682799685895443
329,0.01637886406853795,0.016781789958477022,0.016396136400517486,0.016828307020664214
330,0.01640736282285717,0.016783503890037535,0.016396564976622657,0.0168282885491848
331,0.016401396642128627,0.016865172237157822,0.016396181658903754,0.01682861131131649
332,0.01636974814037482,0.01701804041862488,0.016396247154805393,0.01682810682952404
333,0.01650321594542927,0.01678422786295414,0.01639465193549792,0.016834490996599196
334,0.01638246588822868,0.016943672746419905,0.016396112919516034,0.01683307343125343
335,0.01640112857023875,0.0168171264231205,0.0163954279543625,0.016833715268969537
336,0.016378125904334916,0.016809284687042236,0.016394422537916235,0.016832866790890695
337,0.016405676752328874,0.016799307763576507,0.016394258825646504,0.016839635610580442
338,0.016381548167102866,0.016804127544164656,0.016392907126247882,0.01684051336944103
339,0.016385522236426673,0.016935182213783265,0.01639157272262706,0.016836918693780897
340,0.016426781999568145,0.016795102655887604,0.016391680516633724,0.016835968032479286
341,0.016370777359439266,0.016816535443067552,0.016391636613673634,0.016836382138729095
342,0.016401970067785845,0.01679707258939743,0.01639064520539509,0.01683588347136974
343,0.016375211698727476,0.01680821940302849,0.016388947620739537,0.016835431179404257
344,0.01637451952530278,0.016780147030949592,0.01638842672432462,0.01683340659439564
345,0.016347487589551343,0.017043674662709236,0.016387789389573863,0.01682447733283043
346,0.016423544076581795,0.01677091248333454,0.01638278448887997,0.016824746310710906
347,0.01639544843385617,0.016804244741797446,0.01638159013564388,0.016817596346139906
348,0.016357625304824777,0.016774314641952514,0.01638094509864847,0.016835901421308516
349,0.016382013290292687,0.016949246004223824,0.01638060539787014,0.016834602221846576
350,0.016393124709526696,0.016810551658272742,0.016379561959786546,0.016834754413366314
351,0.016377386040985584,0.016783333346247674,0.0163785239033401,0.01683331698179245
352,0.01639319960027933,0.016804147213697433,0.016377369489851922,0.016826577940583228
353,0.016376770507130357,0.01683061584830284,0.016376105438917876,0.01682691274881363
354,0.01635407886157433,0.01676932327449322,0.016378442673633496,0.01682610220611095
355,0.016364923206468422,0.016772196590900422,0.01637684085857537,0.01682524930536747
356,0.016388374231755733,0.016814557611942293,0.016376846630043452,0.016823996818065644
357,0.016353814771605864,0.016794808879494666,0.01637613355252478,0.01682475913465023
358,0.016378093428081938,0.01679095230996609,0.016376618431177405,0.016815689620375635
359,0.01635260705732637,0.016764923632144928,0.016375083886418076,0.016818502923846245
360,0.016385002645353475,0.01727475330233574,0.01637480970819791,0.016824721080064775
361,0.01636963338487678,0.01677680470049381,0.016374803017410965,0.01683067421615124
362,0.01637959080023898,0.016803112551569938,0.016376609690652952,0.016823913612961768
363,0.01635559675594171,0.016768191754817963,0.016375579370061556,0.0168236564218998
364,0.016356661899222268,0.01676670618355274,0.016375569049848448,0.01682437622249127
365,0.016395180726216898,0.016803472861647607,0.01637392128292057,0.016824881401658064
366,0.016429208227329784,0.01679627187550068,0.016374181168940332,0.016822631719708443
367,0.01636192469133271,0.01677575007081032,0.016375354986886182,0.016822885826230052
368,0.01637535598542955,0.016776907220482827,0.016375117119318907,0.016826514038443565
369,0.016356692587335905,0.01679920494556427,0.016374061216910683,0.016824454325437548
370,0.01635960955586698,0.016816936805844306,0.016374878317283258,0.016826653781533245
371,0.016385180457598632,0.01684124507009983,0.01637504917697774,0.016826061871647837
372,0.016388593978352017,0.016959698647260667,0.016375316560268402,0.016827128058671953
373,0.016357458035151165,0.016923143044114113,0.016371069732887877,0.016813221719861028
374,0.016427180121342342,0.016780230924487115,0.01637312419704265,0.016813418048620223
375,0.01636736669474178,0.016804121881723404,0.01637235306277871,0.016813268965482714
376,0.016377128035657936,0.016801328361034394,0.01637365309041407,0.016813687908649445
377,0.01635200542708238,0.01681677669286728,0.01637428949334555,0.016813708978891374
378,0.01638326765762435,0.016774373799562453,0.016372282432268064,0.016823583182692527
379,0.016383424310220614,0.016775675937533378,0.016370924902707338,0.01683078630566597
380,0.016358976517286565,0.016862901896238326,0.01637316783004337,0.01683427080512047
381,0.01636197667155001,0.016763064786791803,0.016372410621907977,0.016836329901218413
382,0.016374242280920347,0.016849795281887056,0.01637199637707737,0.016838210394978525
383,0.016382364920443957,0.016776154562830926,0.016374109292444258,0.016838456016778948
384,0.01635929163959291,0.016791578307747843,0.016373150842636828,0.016835690927505493
385,0.01627883196084036,0.01692709483206272,0.01637343426206046,0.01683025458455086
386,0.016420994988746114,0.016781712919473647,0.016373752414104013,0.016828982749581337
387,0.016360312443640498,0.016799385473132134,0.016371586859971286,0.016828470754623414
388,0.016388097446825768,0.01677866533398628,0.01637105358052585,0.016828397285938265
389,0.016372571972509225,0.016767232939600946,0.016369898407078455,0.01682905478179455
390,0.01634500419927968,0.01705032795667648,0.016371173272281887,0.016829208272695538
391,0.016395269988311662,0.016976349949836732,0.0163715173198945,0.01682899646759033
392,0.016417997874733473,0.016862862557172776,0.01637127996840411,0.016828946787118913
393,0.01635642578204473,0.01682838462293148,0.016370638228207827,0.01682580722272396
394,0.016346336466570695,0.016846217289566992,0.01637150062794487,0.01683485461473465
395,0.016412432440039183,0.016823077350854875,0.01637028831947181,0.016830954989790915
396,0.016361219212412834,0.01677211783826351,0.016368919562217265,0.016830500373244284
397,0.016395679463942846,0.016823790073394775,0.016368027925408552,0.016841860023140906
398,0.016365411836240025,0.0168913471698761,0.01637124320235517,0.016835102185606958
399,0.01637304126802418,0.016767431050539017,0.016368645872672397,0.01683528486788273
400,0.016354034708605872,0.01680228516459465,0.01637026399075985,0.01683448778986931
401,0.01634824869947301,0.01681776575744152,0.016369685689773823,0.016834460148215297
402,0.01638387705716822,0.01682061396539211,0.01636704499721527,0.016837549114227298
403,0.0163918688479397,0.01676907867193222,0.016367726944883663,0.016829876080155372
404,0.016377490522960822,0.016774433925747873,0.016367792781525187,0.01682191774249077
405,0.01634293301237954,0.016784412786364555,0.01636676350095206,0.01681811229288578
406,0.016383536664976012,0.01698924958705902,0.016366683553076453,0.016818284076452257
407,0.016343934569093915,0.016752304658293724,0.01636772230590383,0.01681524184048176
408,0.01634814598908027,0.016764789149165155,0.01636484438959095,0.016813517230749128
409,0.01633700071937508,0.017075569555163383,0.016364896924959287,0.016813143041729924
410,0.01635921388450596,0.01675814889371395,0.016363615267806584,0.016811312216520307
411,0.016356061746676764,0.01678627997636795,0.01636305574559503,0.016805942749977112
412,0.016400765395826765,0.01677945852279663,0.01636342666745186,0.016805389586091044
413,0.016373639922175144,0.016777974292635917,0.016363624317612915,0.016803262567520145
414,0.01630655465854539,0.01684445708990097,0.01636330117020342,0.01680167198479176
415,0.016362052890989517,0.016858502104878426,0.0163611326104237,0.016803405836224555
416,0.01639691590434975,0.016777391508221627,0.016362817852944134,0.016805687212944034
417,0.016392265860405233,0.016767726317048072,0.01636177646708157,0.016804830858111384
418,0.016354427085154586,0.016832679212093353,0.016361992711408268,0.016805800929665566
419,0.01637230528725518,0.016770161390304565,0.016361171555436316,0.01679599817991257
420,0.016340484532217186,0.016779962107539178,0.016361216435912578,0.016796105840802197
421,0.016362532596621248,0.016762763112783432,0.01636077144419153,0.016796668285131457
422,0.0163636380351252,0.016778019443154334,0.01636164835865299,0.01678312861025334
423,0.016351423780951235,0.016757110506296156,0.01636164560839534,0.01678304089903832
424,0.01638231431444486,0.01675360195338726,0.016361525662657292,0.016783420249819755
425,0.016358975962632232,0.016749109700322153,0.016359485448151828,0.016785984003543857
426,0.016340170014235707,0.016778001189231874,0.01635814574037989,0.016785046318173413
427,0.01632966306267513,0.01686396025121212,0.01635994667890999,0.016787972548604015
428,0.01643399991095066,0.01682611308991909,0.016357878662149113,0.01678448176681996
429,0.01635145587639676,0.01675302505493164,0.01635545165969266,0.016788838651776314
430,0.016348339120546975,0.016808664575219154,0.016353744280338287,0.016790534642338754
431,0.01636300776567724,0.016744180843234063,0.016354598896205424,0.01678822203576565
432,0.016345056581000487,0.016754996180534363,0.01635315757675303,0.016787611708045005
433,0.016337021196054086,0.0167788502573967,0.01635351725055112,0.016788103643059733
434,0.016358923580911424,0.016737077683210373,0.016356777269807127,0.016792050060629848
435,0.016359145128064686,0.01675595611333847,0.016357014379402,0.016790465605258945
436,0.016353063103225495,0.01679576374590397,0.016357878171073065,0.016791537725925447
437,0.01634976003319025,0.016843552365899087,0.016356089156700507,0.01679189991950989
438,0.016340147227876717,0.016754532158374788,0.01635697835981846,0.01679620776474476
439,0.016351578121797907,0.016917612850666047,0.01635772588484817,0.016795910933613774
440,0.016310352471967538,0.016771232560276985,0.016358660339895224,0.016791362529993054
441,0.016336240842938422,0.016886313632130622,0.016355652484711675,0.016788179272413255
442,0.01634958137654596,0.016810126081109048,0.016355637252248,0.016792178639769555
443,0.016375792481833035,0.016774864047765733,0.01635947918055786,0.016789363145828247
444,0.01633627230094539,0.016754903197288513,0.01635864226511783,0.01678927179276943
445,0.01634947637716929,0.016792260482907294,0.016358418343216177,0.016788829651474955
446,0.016444033078021475,0.016861423552036285,0.01635864858503143,0.01678785733282566
447,0.016369565774997076,0.01673840805888176,0.016357488238563138,0.016792559719085696
448,0.01637301857272784,0.016783913522958757,0.016357409467216994,0.01679222519993782
449,0.016337588955130843,0.016762656792998314,0.016356850199980868,0.016792517936229705
450,0.01638120604058107,0.016856805831193925,0.016357122190462217,0.0167884818226099
451,0.016358858139978515,0.016770580410957338,0.016357786528269448,0.01678783726096153
452,0.01635302443885141,0.016750250160694122,0.01635713738741146,0.016784700310230254
453,0.01635880353136195,0.016746531650424005,0.016359365889016125,0.01678826573193073
454,0.016351075064804817,0.01685300923883915,0.016360768361472423,0.01678601770997047
455,0.016444387328293588,0.016738277226686478,0.016362225926336314,0.016783417576551437
456,0.0163420848796765,0.016741897016763686,0.016361114623728728,0.016783141577243806
457,0.01633945853345924,0.016743942648172378,0.01636111586151852,0.016792188918590547
458,0.016342777241435315,0.0167545422911644,0.01636196117674311,0.016793335178494455
459,0.016329914919204182,0.01685463733971119,0.016359136039929258,0.01678866879940033
460,0.016357175844411057,0.016747593134641647,0.01635848027393222,0.016791500160098078
461,0.016339081422322325,0.0168030821532011,0.016359347767714,0.016790436127781867
462,0.016356559795224004,0.016742649525403976,0.016359262349125412,0.016792757913470267
463,0.016356755673057503,0.016738418117165567,0.016356729256030586,0.016788769066333767
464,0.016335349600348208,0.01683918908238411,0.016355847889267736,0.016789191025495528
465,0.016366065012084114,0.016860368102788924,0.016354870407034955,0.01679447114765644
466,0.016371302654345832,0.01683011308312416,0.016354580910255514,0.01679608597457409
467,0.016386020498143302,0.016745122745633126,0.016354040545804634,0.016794502508640292
468,0.016348009916643303,0.01676796406507492,0.01634996176353759,0.016795991069078448
469,0.016336303245690135,0.01698108673095703,0.016349851624419296,0.016804468759894373
470,0.016370609257784156,0.016820916980504988,0.016350135844531984,0.016806544435024266
471,0.016373404657675162,0.01674476407468319,0.01635108252308435,0.016806109404563906
472,0.016353171625071102,0.016809192076325415,0.016350719458278682,0.016801545324921605
473,0.016394705917272302,0.016757312715053558,0.016350854424552787,0.016805229955911636
474,0.016335453490416207,0.01682070143520832,0.01635058417427871,0.01680407494306564
475,0.016317878713210422,0.016757084652781487,0.016349721106886865,0.016803753930330272
476,0.016336823970907265,0.016781129390001297,0.016348683998816543,0.01681127119362354
477,0.016328587383031844,0.01688225321471691,0.01634894031319353,0.016807427525520325
478,0.016351566111875906,0.016786902323365212,0.01634772250437074,0.01680410727262497
479,0.016337565953532855,0.016813422590494155,0.01634614920367797,0.016800812160968782
480,0.01634241777161757,0.01677549123764038,0.016343784876002205,0.01680431296825409
481,0.016339331401718987,0.016953839287161827,0.01634296836853027,0.016806709131598475
482,0.016346564036276604,0.01679583452641964,0.016342601471559866,0.016801284849643706
483,0.01636644420524438,0.016743666529655456,0.016340585785855847,0.016798051792383195
484,0.01632083829906252,0.016740535348653794,0.016338762504773004,0.016797817572951314
485,0.01636055000126362,0.01683970890939236,0.016338803019705746,0.016795764902234077
486,0.01633232516547044,0.01677420683205128,0.016336167875677342,0.01679572638273239
487,0.016334983110427855,0.016734624207019808,0.01633470381605956,0.016793954342603685
488,0.016330827971299488,0.016926349699497224,0.016337284068018196,0.016795410719513893
489,0.016341757459772958,0.01674309737980366,0.01633758435009254,0.016794845986366273
490,0.016335619791514343,0.016777361780405044,0.016337348006996842,0.016792581531405452
491,0.016331970137026575,0.016747735291719437,0.016335516369839508,0.0167904209792614
492,0.016326912306249143,0.016832642927765845,0.016333771678474215,0.0167963515996933
493,0.016327597229844993,0.0168278681486845,0.01633420161439313,0.016796549540758134
494,0.01632713082143002,0.016845479682087897,0.016333901610308222,0.016794802284240726
495,0.01632021711518367,0.016740090548992156,0.016334769621822568,0.01679329746961594
496,0.01632782263060411,0.01673890858888626,0.016332415271467633,0.016795481508970266
497,0.016354184498389563,0.016757875308394433,0.016333674198720192,0.016796735677123073
498,0.016328827316562336,0.016756349727511406,0.016333178279466096,0.0167929922670126
499,0.0162988519999716,0.016776400431990624,0.016333307878176374,0.016792451784014704
500,0.0163823850121763,0.01679349407553673,0.016330967618193894,0.016807256266474724
501,0.0163443310227659,0.016767011061310767,0.01633240175329977,0.016803059083223344
502,0.016322678805639347,0.016825641840696334,0.016332625451021723,0.016804554116725923
503,0.016305775182942548,0.016732888519763945,0.01633313939190573,0.01680565642416477
504,0.01629394866940048,0.016961688101291658,0.01633227253274785,0.016804825779795644
505,0.01635316616959042,0.016780439764261246,0.016333205262157653,0.01680125909745693
506,0.016331831299596363,0.01691015787422657,0.016334131933417585,0.01680049453675747
507,0.01636826432413525,0.01675821416079998,0.01633554175769289,0.016799191710352896
508,0.01630758544637097,0.016798267513513564,0.01633598119492332,0.01679862909018993
509,0.016352311480376455,0.016771889552474023,0.01633607227462861,0.016798311260342595
510,0.01634815201991134,0.016746123656630515,0.01633766922528545,0.016799570944905282
511,0.01633556513322724,0.01676069475710392,0.01633791181635525,0.01679840862452984
512,0.01627647661086586,0.017104736268520354,0.016339355778445797,0.016797677978873254
513,0.01636668134894636,0.0168214201182127,0.01633631335174044,0.016800400736927987
514,0.01634734990282191,0.016780473217368128,0.016335292151156398,0.016804522451758383
515,0.016348468313614528,0.016804919466376304,0.016336402818726167,0.01680313820540905
516,0.01631029865807957,0.0167269691824913,0.01633797829515404,0.016803307092189787
517,0.01635023054149416,0.01674347586929798,0.01633861267351442,0.016798265755176543
518,0.01635076401134332,0.01680875413119793,0.016335248908731673,0.01679628412425518
519,0.016362376428312727,0.01681290902197361,0.0163369277652767,0.016789096373319625
520,0.016331203045944372,0.01672602504491806,0.016335194216337473,0.01678785202503204
521,0.01633009962323639,0.016730962842702864,0.016335778238375984,0.01678612245023251
522,0.016394108264810508,0.01678936742246151,0.01633330961217483,0.016784895518422126
523,0.016334892093307442,0.016727291718125342,0.01633269471029441,0.01678419760465622
524,0.016334951052235234,0.01675813429057598,0.016332445306413708,0.01678407473266125
525,0.01630632434454229,0.01686156302690506,0.01633527637753222,0.01677621242105961
526,0.016318801008164883,0.016870053932070733,0.01633455240428448,0.01677383946180344
527,0.01635044549488359,0.016791035681962968,0.01633372767186827,0.016780319449305536
528,0.016345162093639374,0.01673711068928242,0.01633298362178935,0.016779533118009567
529,0.016309808128409917,0.01683565467596054,0.016332927883499198,0.016779654252529145
530,0.016269072050021753,0.01673089899122715,0.01633621903757254,0.016778651797771448
531,0.016373802713221974,0.016730464100837707,0.01633523211578528,0.016775264447927474
532,0.016324925600654547,0.01672710545361042,0.016333833214475048,0.01677286200523376
533,0.01632218599733379,0.016755028143525124,0.016334529863629075,0.016772820559144017
534,0.016290595825347635,0.016741216257214545,0.01633411046382454,0.016772645419836047
535,0.016332779472900762,0.016728675812482833,0.01633140705211295,0.016770398724079136
536,0.016329330036209688,0.016757622957229615,0.01633119570679135,0.016769809541106226
537,0.0163472533888287,0.016908178478479384,0.016330031511187556,0.016768260309100152
538,0.01634858201775286,0.016762096136808395,0.016331018108460636,0.016762971007823948
539,0.016326731592416762,0.01694247290492058,0.016331280817422602,0.016758470577001573
540,0.01632986706164148,0.016785261183977128,0.01632952501757277,0.016756606549024583
541,0.016308905200825796,0.016729997545480726,0.016329224569929968,0.016759630212187765
542,0.016432509393327768,0.01671841450035572,0.01632960672809018,0.016755208644270898
543,0.01632609096666177,0.016724070385098457,0.016331480490167933,0.016754677215218547
544,0.016327403895556928,0.01675284795463085,0.01632959983232948,0.016755025026202203
545,0.016348619274795056,0.016724988892674444,0.016329088695844013,0.016756150293350223
546,0.01631961462812291,0.01672658436000347,0.016328821569681167,0.01675736399292946
547,0.01632652297202084,0.016733200028538703,0.01632884573804007,0.016762531334161758
548,0.016329608460267386,0.016712562143802644,0.01632734759185049,0.01676376986801624
549,0.01630584616214037,0.016719403490424157,0.01632884817553891,0.016761920315027233
550,0.016330989276369414,0.016729330494999885,0.016327527738279765,0.016754978579282757
551,0.016325368732213973,0.016757543161511422,0.01632727611660957,0.016753078407049177
552,0.016306550498637887,0.016744434982538223,0.016326597440573902,0.016744933876395227
553,0.016337650902569292,0.016812702268362047,0.016327748646835488,0.01674279457330704
554,0.01631936208241516,0.016725115478038788,0.016327950531740982,0.016743685933947566
555,0.01631591610196564,0.016717613264918326,0.01632632089820173,0.016744496932625773
556,0.01632678626726071,0.016739159375429153,0.016326838342017598,0.01674633492231369
557,0.016312147188517784,0.016755237132310866,0.016325639811654885,0.016746705371141434
558,0.01631550784326262,0.016785370633006096,0.01632514186170366,0.016746328669786453
559,0.016291200034320354,0.01687039978802204,0.016324464251266584,0.016746954587101938
560,0.01629532581816117,0.016759639158844947,0.016324110066890715,0.016746316489577293
561,0.01636684462842014,0.01671138413250446,0.01632443486634228,0.01674796816110611
562,0.016314242457350095,0.01673463508486748,0.01632421984275182,0.016749658319354058
563,0.01634229147599803,0.016714591830968857,0.01632411702175935,0.016751053261756896
564,0.016309764691525036,0.01673885963857174,0.01632325272278653,0.01674890001118183
565,0.016358647218181026,0.016731778606772423,0.01632310617632336,0.016748742488026616
566,0.016313952323463228,0.016752281561493873,0.016321576834552817,0.016745164242386815
567,0.016391768554846444,0.016738689467310906,0.01632128629436095,0.01674457640349865
568,0.016339027062058448,0.016770020127296448,0.016320090161595077,0.01674485594332218
569,0.016297440636489125,0.01676210917532444,0.016321424676974613,0.016744583985209463
570,0.016336170526014434,0.016715571358799933,0.016322733013828594,0.016743055006861688
571,0.01630267436719603,0.016742232292890548,0.016323798099325763,0.016744489446282387
572,0.016317668362624115,0.016717247590422632,0.016326120057867634,0.016739299610257146
573,0.01633772844655646,0.016753853932023048,0.01632732776883576,0.016739869683980942
574,0.0163004705723789,0.01676165744662285,0.01632571434312397,0.016742299824953077
575,0.016328418751557668,0.016764204055070876,0.01632594967418247,0.016742412915825844
576,0.01630376125789351,0.01670371189713478,0.016324289113779863,0.01674275026023388
577,0.0163028868370586,0.016740496903657913,0.01632459292511145,0.016741911193728445
578,0.01629941735830572,0.01672324612736702,0.016324548150764572,0.01674124493896961
579,0.0163120985776186,0.01671041950583458,0.016324560656978026,0.01673996639549732
580,0.016286012782818743,0.01672460176050663,0.016320082151558665,0.016743451580405234
581,0.01636014915174908,0.016732360422611236,0.016319053933355542,0.016740194472670555
582,0.016344855609867308,0.01671701267361641,0.01631910337673293,0.016738328874111176
583,0.016342134980691803,0.0168212316185236,0.016319526044858826,0.0167405160099268
584,0.01634924899786711,0.01674065388739109,0.01631969712211026,0.016739810046553616
585,0.01632551859236426,0.016773891001939774,0.016320730227397544,0.016740449574589727
586,0.016326508985625373,0.0167721376568079,0.016319136202500924,0.01674029195904732
587,0.01632012573381265,0.01673746235668659,0.01631967763519949,0.01674007764160633
588,0.0163007774659329,0.01672302544116974,0.01631891219144066,0.01674088725745678
589,0.016317359974814784,0.016717882975935936,0.016319204616298277,0.016740748566389085
590,0.016357527859508992,0.01671512223780155,0.016319200002070926,0.01674104304611683
591,0.016314264978799554,0.01672031797468662,0.016320670760340158,0.016745465019345283
592,0.016279805919362438,0.016825819090008735,0.01632044592168596,0.01674491527378559
593,0.01631332160698043,0.016688592433929443,0.0163221684432692,0.016744410854578017
594,0.016298676720923846,0.01671546921133995,0.016319949774112965,0.016748517864942553
595,0.016346737229161794,0.016770249754190444,0.016318589581880302,0.01675329242050648
596,0.01630695129848189,0.016724583208560944,0.016316336193846336,0.016749231937527656
597,0.01634349599480629,0.01673323579132557,0.016315509887039666,0.016749542489647863
598,0.01629787782414092,0.016749913543462752,0.016313177142375047,0.01675323303341866
599,0.016314006389843094,0.016756299510598184,0.016314736351867514,0.016751117032766345
600,0.016309282657586865,0.016784444451332092,0.016313942525618602,0.016749815633893016
601,0.01631107187933392,0.01670024462044239,0.016314083707994885,0.01674885360300541
602,0.0163027714813749,0.01674785889685154,0.016313408462206525,0.01674830020070076
603,0.016336186315036482,0.016833795458078383,0.016311479225589173,0.016747825497388843
604,0.01630647761126359,0.01669667586684227,0.016310570836563905,0.01674681906700134
605,0.016329075822399723,0.016711991280317307,0.016310540216333335,0.016741659563779827
606,0.016304682422843244,0.01683503568172455,0.016309423135386573,0.01674345956146717
607,0.016310850804050762,0.016836376562714576,0.01631043614298105,0.01674486822783947
608,0.016285800279842482,0.016719719544053078,0.016307996544738614,0.016745187216997148
609,0.01632859132770035,0.016748417690396308,0.016307452273534404,0.016744855013489723
610,0.016267199975748856,0.016866154596209527,0.01630562035623524,0.01674365919828415
611,0.01636548922293716,0.016719237640500068,0.016304928900135886,0.016743611562252046
612,0.016300280077589883,0.016704927384853362,0.016305330375830332,0.016744197669625285
613,0.01630430702533987,0.016698974668979644,0.01630678752751814,0.016741671776771546
614,0.016300478830105727,0.0167040479183197,0.016306177875316803,0.016745927688479427
615,0.01630929694407516,0.01670325465500355,0.016305297408252956,0.016745061534643176
616,0.016291555253167948,0.016695157214999198,0.01630324806653791,0.016739213374257086
617,0.01627904041359822,0.01669683150947094,0.016303072900076702,0.016744728070497514
618,0.016285394583311345,0.016733592376112938,0.01630168121920692,0.01674359638988972
619,0.016324001910785833,0.01675068587064743,0.016300869077444078,0.01673755587041378
620,0.016285747273100747,0.016778224483132362,0.016301749702294664,0.0167326615780592
621,0.01629334451837672,0.01671627812087536,0.01630286427521043,0.016732614529132845
622,0.016297698062327174,0.016703340411186218,0.01630064227249887,0.01673192118108273
623,0.016280591421657137,0.01674872264266014,0.016302948001854948,0.01672537990510464
624,0.016324043282204204,0.016770952194929124,0.01629976529628038,0.016724217155575753
625,0.016345711449782054,0.01672129712998867,0.01629988069517745,0.016729089525341988
626,0.016295830574300556,0.016806642413139342,0.016299555483957128,0.0167295151591301
627,0.016280759804778628,0.016726205050945284,0.016300264033509627,0.016731122615933416
628,0.016284952772160372,0.016687591448426246,0.016299097823434406,0.016735001572966576
629,0.016302098449733522,0.016834543272852897,0.016299560574193798,0.01673505413234234
630,0.01629428380065494,0.016683699265122413,0.01629990850504902,0.016741529336571696
631,0.01628437887877226,0.016684022694826127,0.016300300665530894,0.016742477738857276
632,0.016332866425315538,0.016714019253849983,0.016299008702072834,0.01674092708528042
633,0.016313664602736633,0.01671854332089424,0.01629986565096511,0.016737578985095026
634,0.016273041259911324,0.016731083989143372,0.016300097232560318,0.01673878936469555
635,0.01632484320965078,0.016702622696757315,0.016299184635281565,0.016740648531913756
636,0.016285921583573025,0.016690168902277945,0.016299638131260872,0.016738140320777892
637,0.01630316505001651,0.016826736629009246,0.016299501645068326,0.016735728934407234
638,0.01629617674483193,0.016709615513682365,0.016296547723478744,0.016734590351581573
639,0.016318192568918068,0.016744234338402747,0.016298177145421505,0.016730547708272935
640,0.016280141692194675,0.01680022858083248,0.016299341060386763,0.01672915371656418
641,0.016303124022152688,0.016696471199393274,0.01629889995323287,0.016729239356517794
642,0.01628773868497875,0.016858711615204813,0.01629839733309216,0.016726391789317133
643,0.016295198595358266,0.016757302433252335,0.016296970238950517,0.01672637044191361
644,0.016291702824334304,0.01671191953122616,0.016297339798427287,0.0167262893140316
645,0.016307170995407634,0.016694521978497506,0.016295009508894544,0.016725398004055026
646,0.016299134058256944,0.01674653761088848,0.016295434149271912,0.016725858002901082
647,0.016274883130358325,0.016749819591641426,0.01629688192953666,0.016724283638596533
648,0.016291928821139865,0.016686017364263533,0.016296930788457394,0.0167236591309309
649,0.016320631127390597,0.01671066753566265,0.01629632438553704,0.01672441970407963
650,0.016271863410042393,0.016692832559347153,0.0162961319381992,0.016719443401694296
651,0.016336566122869652,0.016705576330423355,0.016297854380144014,0.016721787041425705
652,0.016309857678910095,0.016691355258226393,0.016298232614828483,0.016726365092396736
653,0.016273925093313057,0.01668973244726658,0.016299018617967766,0.016722572466731072
654,0.016289532946215737,0.01676335409283638,0.016298639356262155,0.01672331513464451
655,0.016258606447113886,0.016683165580034257,0.016298215593563186,0.016717359536886214
656,0.01629361786569158,0.01668199449777603,0.016298118773433897,0.016714672070741655
657,0.016274609186997017,0.01669173650443554,0.016296851091749137,0.0167171001046896
658,0.016324280612170696,0.016730043292045593,0.01629545563624965,0.016717495867609976
659,0.016309235766530036,0.01669172488152981,0.016294640789760485,0.016719009512662888
660,0.01632606468266911,0.01668701000511646,0.01629610971013705,0.016721930703520776
661,0.01627076151056422,0.01670918323099613,0.01629621187200149,0.016724145871400833
662,0.016298353866570525,0.016702329069375993,0.01629487045440409,0.01672342659831047
663,0.01633923779345221,0.016768206506967545,0.016295003294448055,0.016722958311438562
664,0.01632764843602975,0.016858685612678528,0.01629295520931482,0.016722660574316976
665,0.016299791770676773,0.016705412939190863,0.01629094892823034,0.016722418037056923
666,0.016293642479512427,0.016715037897229196,0.01629383640877075,0.016722137317061424
667,0.016277144617504544,0.01670982167124748,0.016293487688650687,0.01671868810653687
668,0.01629277809212605,0.01669011577963829,0.016294852493123877,0.016719294929504396
669,0.01626001078221533,0.016772620379924774,0.016295652755763796,0.016719279566407206
670,0.016272284607920382,0.016704416051506996,0.016296813014894725,0.01671938121318817
671,0.01627876289602783,0.01678437873721123,0.016296234901332196,0.01671949764192104
672,0.016311606139772467,0.01682284936308861,0.016294895192732414,0.01671918660700321
673,0.016294482867750856,0.01674139656126499,0.01629302865076396,0.016727643063664435
674,0.0162870956874556,0.016692685708403588,0.01629421788677573,0.01673235911428928
675,0.01627518441114161,0.0166811253875494,0.01629277825363808,0.016731330341100692
676,0.016285363994538785,0.016698132902383804,0.016290159162796206,0.016729742896556855
677,0.016259700651797982,0.016685291826725006,0.01628650123178959,0.016733326050639152
678,0.016346112106823258,0.01668271444737911,0.01628685929046737,0.016733223831653595
679,0.016280814943214258,0.016677123829722404,0.016286887045204642,0.016732161569595335
680,0.01629272655894359,0.01669833615422249,0.016286524313026008,0.01673108052313328
681,0.01631362443168958,0.01668161042034626,0.01628549811591705,0.016730858016014098
682,0.01630361566527022,0.016694277673959732,0.016288704017963677,0.0167282077640295
683,0.016309827773107424,0.016732954010367392,0.01628934011128214,0.01672957692444324
684,0.016275743051535552,0.016683949008584022,0.01628871665100257,0.016728803354501724
685,0.01627940113345782,0.01689842142164707,0.016288268250061404,0.01672319683730602
686,0.016300492410858472,0.016827084496617316,0.01628821950538291,0.016720305469632147
687,0.016262363038129276,0.016676609739661216,0.01628721579329835,0.01672110209465027
688,0.016273760522405308,0.016728520393371582,0.016286247282889153,0.01672068902850151
689,0.016236200160864328,0.016948264464735983,0.01628635802451107,0.01671956233680248
690,0.016308743237621253,0.016702857464551926,0.0162866257250309,0.016721407166123387
691,0.016294336347944208,0.016688481345772742,0.016283727445784543,0.016723632913827897
692,0.016268076313038667,0.016682795509696008,0.016281474364548923,0.0167257944047451
693,0.016267123164402115,0.01668455310165882,0.01628242100915975,0.016728728467226027
694,0.016340158333381018,0.016706364080309868,0.016282189369698368,0.016729623278975488
695,0.01628818694088194,0.01673864506185055,0.016280233594444065,0.01672920680642128
696,0.016263176389038562,0.01676503948867321,0.01628185139025251,0.016734171146154404
697,0.016300396116243468,0.016682686433196068,0.01628143557773696,0.0167356697589159
698,0.016293264250788423,0.016669112369418145,0.016281015189985433,0.016728812837600707
699,0.016262002885341645,0.016712601333856582,0.01627978013985687,0.016722373336553572
700,0.016250971650911702,0.016670798733830452,0.01628081440942155,0.016722475638985632
701,0.01628813253508674,0.016669965609908105,0.0162806358459923,0.01672221324145794
702,0.01626639316479365,0.016731412559747697,0.016282113320711587,0.016713375344872477
703,0.01627365512566434,0.01673835813999176,0.016280846329944004,0.016714772820472717
704,0.01622448791232374,0.01673116110265255,0.01628026329121656,0.0167152792930603
705,0.01631639267421431,0.01677168771624565,0.016280322015368276,0.01671510438621044
706,0.01630783344515496,0.016703980714082717,0.016280132980065216,0.016722863790392874
707,0.016254721283912657,0.01668386586010456,0.0162798161936303,0.016724885192513465
708,0.016350272668318615,0.016857062503695487,0.0162799981330004,0.016722492334246636
709,0.0162653477386468,0.01672141432762146,0.016280611799408994,0.016720693123340607
710,0.016268891439669662,0.016726998388767244,0.01628057660833001,0.016720438298583034
711,0.016269616157644325,0.016666096970438957,0.016283118511819173,0.016720945087075237
712,0.016288219777246316,0.016679167300462722,0.016283585461891358,0.01671930833756924
713,0.016269296436674064,0.016721960455179215,0.016283962028473615,0.01671891851425171
714,0.016273137028846477,0.016727317050099375,0.016285391827672722,0.016722980657219885
715,0.016277068468431632,0.01673779435455799,0.01628696665606565,0.01672305034399033
716,0.016279760379758146,0.01670114316046238,0.016286745769364966,0.01672956096827984
717,0.0162695444168316,0.01667842283844948,0.016287478461778825,0.016727784073352812
718,0.016262397281825543,0.016878538206219672,0.016284393161618047,0.016727871033549307
719,0.016332238672508135,0.016756899133324624,0.016283168639159865,0.016727132150530816
720,0.0162927354251345,0.016678823605179787,0.016284677993009488,0.016727055060863492
721,0.016278518049253357,0.01672005921602249,0.016281101023654144,0.016720449620485307
722,0.01629951633926895,0.01667631581425667,0.016281549624684782,0.016717975515127183
723,0.01635681183801757,0.016681782081723214,0.016281057912028496,0.01672246191799641
724,0.016273676637146208,0.016671682596206664,0.016280554560903045,0.0167242642313242
725,0.016260385815468098,0.01666105315089226,0.0162791216087838,0.0167253502458334
726,0.016323877515064346,0.01677151918411255,0.01627949298264252,0.016723055070638655
727,0.016305763874616887,0.016733154729008673,0.016277914123651056,0.01672060353755951
728,0.01626813295814726,0.016901123747229577,0.016276742605947785,0.016717580965161325
729,0.01624280522267024,0.01668673872947693,0.016275194457918404,0.01671664547622204
730,0.01623926017019484,0.016773861721158027,0.016274485667132663,0.0167184974193573
731,0.016277220383700396,0.016685508638620377,0.016274706088420413,0.016711812070012096
732,0.016292455130153233,0.016681938618421554,0.01627105145313673,0.016707564690709116
733,0.016260848434434996,0.016691926494240762,0.01627120095218221,0.016707645761966705
734,0.016276562764412826,0.016659561693668366,0.01627097513551513,0.016705718588829042
735,0.01625659862326251,0.016839158460497855,0.01626915494509869,0.016705701130628588
736,0.01625703237950802,0.01671115480363369,0.01626498662009835,0.016704446470737457
737,0.016252395974265206,0.01670631766319275,0.016264412065595386,0.016712476351857183
738,0.016278580783141983,0.016664581075310707,0.01626790309689111,0.016713487812876696
739,0.016233665554059876,0.016666028723120688,0.016265232776353757,0.016708755090832708
740,0.016247780525849926,0.01666223004460335,0.01626313612436255,0.016708856973052025
741,0.016241056679023636,0.016677755936980246,0.01626254584201508,0.016699286702275277
742,0.016251824647188187,0.016724721416831016,0.01626399192569984,0.016697988402843474
743,0.016267907814019256,0.016711404472589494,0.01626448557550708,0.016697852861881256
744,0.016240872790416083,0.01665071465075016,0.016264358782271542,0.016696564757823947
745,0.01629647290127145,0.016680850386619567,0.016263356144229572,0.016697110551595687
746,0.01627287263257636,0.01667187988758087,0.01626358719964822,0.016696990984678268
747,0.016254011578857898,0.0166758793592453,0.016263136788705983,0.016699081271886827
748,0.016252603713009094,0.016650415584445,0.016265130628148713,0.01669624639451504
749,0.016259312774572106,0.016872429624199867,0.016265399487978883,0.01670386463105679
750,0.016347661597861184,0.016686339676380158,0.016267074018716812,0.016703476813435557
751,0.016257119501630467,0.01665320113301277,0.016266351142774027,0.01670356802344322
752,0.01625334757483668,0.01673570178449154,0.01626538723864489,0.016710355192422865
753,0.01625337589946058,0.01666186697781086,0.016265556702266138,0.016711172682046888
754,0.016278957314789295,0.016654281243681908,0.01626613864824176,0.01671195265352726
755,0.01625160141537587,0.016770473197102547,0.01626529461021225,0.01672123319506645
756,0.016274050552811888,0.016653306037187576,0.016266290750188962,0.016719939148426052
757,0.016267389179103905,0.016695583462715147,0.016265928584088884,0.016719793239235874
758,0.016266624819901255,0.016688937321305275,0.01626276562023494,0.01672511152625084
759,0.016265302490856913,0.016711818873882293,0.016264622637215585,0.016724288353323936
760,0.01630644460933076,0.016768286526203154,0.016264034272978706,0.016723294773697855
761,0.01626375387526221,0.01690161071717739,0.01626467264617483,0.016723385864496232
762,0.016294259242713452,0.016696622222661973,0.016263014351079862,0.01671518468260765
763,0.01626050888457232,0.016666861325502394,0.016259859339644512,0.01671614444553852
764,0.01620956795083152,0.01683570794761181,0.016259777462896374,0.016716804802417756
765,0.01625201711638106,0.016682667285203935,0.016261367034167046,0.016719829449057578
766,0.016255605328414174,0.016697255223989488,0.016261437676598628,0.016719078877568246
767,0.016230723696450393,0.01695673495531082,0.0162594284825027,0.01672281423211098
768,0.01629281131343709,0.01667905330657959,0.01625872381188803,0.016721664053201676
769,0.016231818637914126,0.016647066920995712,0.01625746997669339,0.016721786382794382
770,0.0162173988049229,0.016813807561993598,0.016257438829955125,0.016723526138067248
771,0.01631929805709256,0.016651300564408302,0.01625846951396929,0.01672421621978283
772,0.01623930247293578,0.016651039868593218,0.016258199610229996,0.016722128629684453
773,0.01626856304291222,0.01665269285440445,0.016256755649795136,0.0167188450217247
774,0.016217855397197934,0.016667400076985358,0.0162560688296126,0.016708924132585526
775,0.01626878631197744,0.016710333749651907,0.016254647166281933,0.016707043415308
776,0.016255072582927015,0.01666971005499363,0.016253215745753707,0.016705850645899776
777,0.016293086856603623,0.016811317950487136,0.016254794979923298,0.016706046658754352
778,0.016255141960250005,0.01664310269057751,0.01625619563129213,0.01670516519844532
779,0.016228727462391058,0.016747665107250214,0.016257168691191405,0.016704649886488915
780,0.01623398465000921,0.016741718724370004,0.016259801908002955,0.016697492748498917
781,0.01624270467294587,0.016656364277005196,0.016259164414968753,0.016696060875058174
782,0.016266610510647296,0.016739077344536783,0.016259507895012695,0.016698903867602345
783,0.01629239192025529,0.01670618936419487,0.016261168990201424,0.016691438356041907
784,0.016258554897374575,0.016659629121422766,0.016259224652747314,0.01669526091217995
785,0.016270345598459243,0.01668619632720947,0.01625952523665296,0.01669471783936024
786,0.016246583370698824,0.016653588488698006,0.016258137708240087,0.01669796016216278
787,0.016258717659446927,0.0166496042907238,0.01626028317080604,0.016699393138289453
788,0.01622472337136666,0.016637042090296747,0.016257899574273166,0.016696630609035496
789,0.016249048805071248,0.016840608268976213,0.01625793855935335,0.016701507434248926
790,0.01628703340060181,0.016660630777478216,0.016259400982823635,0.016694689974188805
791,0.016279931825896102,0.016684372425079346,0.016259181156754496,0.01669530919790268
792,0.016296554116739168,0.016777806505560874,0.01625971889876657,0.016693286430835723
793,0.016276873987581996,0.016643256470561026,0.016259945193926498,0.016689744374155997
794,0.016240405639012655,0.016718141734600067,0.016261727755930693,0.016690561631321904
795,0.01625892618464099,0.0166271697729826,0.016261355745792388,0.01669125484228134
796,0.016270689620739884,0.01674686446785927,0.016259411067598394,0.016688565137982368
797,0.01624681707057688,0.016637463048100473,0.01625990878575378,0.01668804838955402
798,0.016233874832590423,0.01673375092446804,0.016260423161751695,0.01669393748939037
799,0.016271491961346734,0.01670322448015213,0.0162579976528883,0.01669286408126354
800,0.016209196398655572,0.016641270518302918,0.016256745392746394,0.016691930133104323
801,0.016256047209931745,0.016791630685329437,0.016257204351988103,0.016692399936914442
802,0.016329647443360754,0.016640881448984145,0.016256059217453003,0.016688259047269817
803,0.01624964630852143,0.01665858328342438,0.016253492052190833,0.016700401237607004
804,0.016242171012692982,0.016697095930576323,0.01625202510572142,0.016703122672438623
805,0.016239642029007274,0.01665316730737686,0.01625133607238531,0.01669819160103798
806,0.016287268723050752,0.016676795706152915,0.01625083856036266,0.01669797432422638
807,0.016257310257189805,0.016756407618522644,0.016249927082988953,0.01669530199468136
808,0.016243774965405463,0.016638946756720542,0.016248781421946155,0.01669867677986622
809,0.01627099785125918,0.01664671041071415,0.016247132307622168,0.016694318664073945
810,0.0162832049984071,0.01683342382311821,0.016247337255047428,0.01669462122321129
811,0.01618594564911392,0.016626753285527228,0.016247556429604692,0.01669133810698986
812,0.016227411155899367,0.016626255586743355,0.01624517286601994,0.01669006439745426
813,0.016236197352409363,0.016648787185549737,0.016247475808031032,0.016691191136837005
814,0.01622042044169373,0.016737086027860643,0.016245607027080326,0.016691162568330763
815,0.016222854269047578,0.016964185535907745,0.016242424742877487,0.016691409522295
816,0.016243258164160782,0.01675240829586983,0.016241836340559854,0.016691242212057117
817,0.016279328283336426,0.016654529720544816,0.016241745520797043,0.016688954231143
818,0.01626443618701564,0.016637824550271033,0.0162414212750064,0.016699976259469985
819,0.016217618704670006,0.01665133349597454,0.01624012817889452,0.016700866067409517
820,0.016230284658571084,0.016711539402604104,0.016239912989404463,0.016696206563711166
821,0.016229461762640212,0.016637911573052406,0.016240196126037172,0.016696191492676735
822,0.016251940756208366,0.01664502702653408,0.016239130827618967,0.016696746703982353
823,0.01623935419652197,0.016651673018932344,0.01623725410087241,0.016691505455970763
824,0.016211902871727944,0.01667138174176216,0.016240654657615556,0.01669193286001682
825,0.01626676994893286,0.016669439002871513,0.016242080843200286,0.016692165648937222
826,0.016209327686164114,0.016790916472673417,0.01624167755668362,0.016693045085668563
827,0.016250090338289738,0.01664705529808998,0.016241429714610178,0.01668883670866489
828,0.016234936250580683,0.016654400527477263,0.016242530356430345,0.016676145654916763
829,0.016239900518622664,0.016639896407723426,0.016242032667083874,0.01667307014465332
830,0.016231535884241262,0.016928718015551566,0.01624044014438987,0.01667827307879925
831,0.016254941320253742,0.016699040904641152,0.01623769048957361,0.016679696771502498
832,0.01625193051993847,0.016639920026063917,0.01623723231727878,0.016686268553137783
833,0.01625085338122315,0.016638569980859757,0.01623922295462754,0.016683564546704294
834,0.01624436539080408,0.016660590693354606,0.016241238383038172,0.01668344092667103
835,0.01623628682974312,0.016702392622828483,0.0162399699140754,0.016683066147565838
836,0.016270959567692544,0.016637438386678697,0.016239759948270188,0.016686430314183237
837,0.01626306579551763,0.016632075309753417,0.016241830280009244,0.016684589239954948
838,0.016226115189492702,0.0166707731038332,0.0162406416816016,0.016683046194911
839,0.016214224389857715,0.016631876602768898,0.01624006271031168,0.016676186904311177
840,0.016250370314551725,0.016646909192204476,0.016239732050730125,0.01667734331786632
841,0.016230815930498972,0.016675520539283752,0.016240272421472603,0.01668004926145077
842,0.016239515215986305,0.016784603074193,0.01624003751013014,0.016679332652688027
843,0.016195694816609225,0.01667341686785221,0.016239635615216363,0.016671575382351877
844,0.01620616439729929,0.016815628036856652,0.016238669213321472,0.016669019061326982
845,0.01628005059229003,0.01664393924176693,0.016235813619361984,0.016670075228810314
846,0.016279847472906114,0.016634821072220803,0.01623430074320899,0.01666993542909622
847,0.016220229032138985,0.01663565754890442,0.016232604734268453,0.01666901611685753
848,0.016234105051391653,0.01673577718436718,0.01623410302052895,0.01666586354970932
849,0.016263661165204314,0.01662535488605499,0.016232793657316103,0.01666573104262352
850,0.016237054988741874,0.01663086287677288,0.016229590985096163,0.01667313103377819
851,0.016194853403915962,0.016619434207677843,0.01623112892516785,0.016671158829331397
852,0.016241823848750857,0.016675965636968614,0.0162308533957435,0.016672292217612267
853,0.01624844551914268,0.016722049117088317,0.01622659418342842,0.016672338664531706
854,0.016234027735061114,0.016621981188654898,0.01622753477469087,0.016673375800251963
855,0.01622148851139678,0.01673478625714779,0.016229193341980377,0.016668158012628553
856,0.01623078127288156,0.016635132879018785,0.016230597020602887,0.016667830803990365
857,0.016180540670951208,0.016666324213147163,0.016231423804246716,0.016660876262187957
858,0.016213031477398342,0.016635074988007547,0.016231690897627007,0.01665970023274422
859,0.016201965167290635,0.016637607887387277,0.01623111487221387,0.016659309810400008
860,0.01627374398625559,0.01662357844412327,0.01623029707744718,0.016658395019173624
861,0.016238225487371284,0.016634125709533692,0.016229236686809194,0.01665442295372486
862,0.01618299899001916,0.016817075088620185,0.016227426700045667,0.01665537334084511
863,0.01626456369128492,0.016621467992663383,0.01622689802390006,0.016655170103907584
864,0.01620733615424898,0.01666021130979061,0.016226674852106306,0.016657352206110955
865,0.016143890006674662,0.016648070365190507,0.016225272742907207,0.016656201028823855
866,0.016254330712060134,0.016701448932290076,0.016224718678991,0.01665219233930111
867,0.01628097939822409,0.016654158383607863,0.01622391402506166,0.016651937890052794
868,0.01623078678217199,0.016665236651897432,0.0162237990361121,0.016647647255659107
869,0.016226833988395,0.016641764491796492,0.016223793948110608,0.016647744005918504
870,0.016286727926797338,0.016614538505673408,0.016222621424910096,0.016649441298842434
871,0.016265446837577555,0.01662506051361561,0.016223919302307897,0.01664891096353531
872,0.016199784162971707,0.016612787768244743,0.016224245594359105,0.016648736852407454
873,0.01620759528544214,0.016636475548148157,0.01622533834601442,0.01664924865365028
874,0.016218411496116057,0.016649114564061165,0.01622357507488794,0.016652985158562658
875,0.01622383808510171,0.01662578195333481,0.01622629373893142,0.016644901889562608
876,0.016189274109072154,0.01667398676276207,0.01622361995122499,0.016647221037745477
877,0.016206771118773354,0.016647186204791067,0.01622472939333982,0.016645053568482397
878,0.016234593921237522,0.016621831879019736,0.016228229968332585,0.016644259899854658
879,0.016213911386827626,0.01661561995744705,0.016226725440637933,0.01664118487238884
880,0.016218613787657685,0.016627520397305487,0.01622394698204266,0.01664076646268368
881,0.01623065407284432,0.016637551635503768,0.016222792895221046,0.016638463529944417
882,0.01615122759093841,0.016708756536245345,0.01622232809373074,0.016637719702720637
883,0.016245478412343396,0.016621816605329513,0.016219441032823592,0.016639115613698956
884,0.016210122468570867,0.01663325510919094,0.016219156033049027,0.016643200710415838
885,0.016301062777638434,0.016636373475193977,0.016221916233913766,0.016646043148636817
886,0.01619414370920923,0.0167275383323431,0.01622243263680074,0.01664728353023529
887,0.01625096559110615,0.016614993363618852,0.01622109379213717,0.01664601050019264
888,0.016197718998624218,0.016679446697235107,0.016222060442550316,0.016645033052563665
889,0.01623507220711973,0.016606024578213693,0.016222550442400906,0.016647809749841688
890,0.016231404381493727,0.01662822864949703,0.016223869866049952,0.01664970745742321
891,0.016216717519693905,0.01662457324564457,0.016223330255928967,0.016656583938002584
892,0.016211517933342193,0.016643698140978814,0.01622309888659252,0.016657124584913252
893,0.016201934611631764,0.016607663333415984,0.016224253910034896,0.0166570645660162
894,0.01621521395113733,0.01662316881120205,0.01622376197675864,0.016656794011592868
895,0.016214551404118538,0.01664943628013134,0.016227075425452656,0.01665867693424225
896,0.016258321843213505,0.01672718793153763,0.016225319186846415,0.016658263117074967
897,0.016268789184590182,0.016683848723769188,0.0162248182674249,0.0166582880705595
898,0.016220505357616478,0.01666748508810997,0.016222995780077243,0.016673856022953983
899,0.01618494037952688,0.016617288812994957,0.016222833764635854,0.016673910900950432
900,0.016248004345430268,0.016601345762610437,0.016220453819053043,0.016673205721378325
901,0.016201524105336932,0.01674340419471264,0.016220994061645535,0.016672162967920307
902,0.016239756709999508,0.016694628894329072,0.016220274016012746,0.016673179695010188
903,0.016221103668212892,0.016793743893504142,0.016219491932541134,0.016675072094798092
904,0.016208127153416473,0.01662913613021374,0.016219479933795,0.016675638964772227
905,0.016247489373717044,0.016626019924879075,0.01622010671007964,0.01667330582737923
906,0.016218355740937922,0.016630787774920462,0.016221402592874235,0.01667363242805004
907,0.01623406380828884,0.016755829602479934,0.016221830538660286,0.016677164515852928
908,0.01620157244718737,0.01661147117614746,0.01622023463158144,0.01667747997641563
909,0.01619759948303302,0.01663387894630432,0.01621834098738101,0.016675028738379477
910,0.01625550059394704,0.017025572285056113,0.016215049593895674,0.016672040012478826
911,0.01619009332317445,0.01672891028225422,0.016214223502493567,0.016669432094693185
912,0.016191466951535807,0.016597363874316217,0.0162143660887248,0.01666943010389805
913,0.01621122506343656,0.01665337786078453,0.016214435617211795,0.01667009697854519
914,0.016217071066300073,0.01663144275546074,0.016214790964871648,0.016666821429133418
915,0.016211852294703323,0.016675538644194604,0.016213304190420445,0.01666341599225998
916,0.01621641755104065,0.016638744994997977,0.016211036324252685,0.016656393578648565
917,0.016227187340458235,0.01658536970615387,0.01621176092086567,0.0166606610506773
918,0.01623433168149657,0.016615828350186348,0.01621168969323238,0.016661549097299576
919,0.01622591259578864,0.016711471006274223,0.016212709985176724,0.016660799443721768
920,0.016174653727147315,0.01665732279419899,0.01621249015265041,0.016654757437109948
921,0.01621098073820273,0.016665906980633735,0.016211353312929472,0.016653857731819155
922,0.016186504347456825,0.016609130576252937,0.01621165903326538,0.01665247352719307
923,0.016199853072563806,0.016602287143468855,0.016212531369096703,0.016636903792619704
924,0.016188505035307672,0.01661723904311657,0.016215589424884984,0.016637892138957975
925,0.01624974255760511,0.016618017628788947,0.01621615589766039,0.016640102523565292
926,0.016210407796833252,0.016661515459418297,0.01621711873619093,0.016644016951322553
927,0.016202587348719436,0.016609492972493173,0.01621740792484747,0.016642246186733246
928,0.01616440701401896,0.01661818355321884,0.01621730751188265,0.016640718001127243
929,0.016226242068741056,0.016735822930932044,0.016216241190913652,0.016639623877406116
930,0.016245708682884774,0.016648221090435983,0.016214395655112134,0.01664000470638275
931,0.016243863039546544,0.01661204643547535,0.016212720191395948,0.016641116231679912
932,0.016228567995131015,0.016604779437184334,0.016210492658035626,0.01663651723563671
933,0.016173151454163922,0.0165889785438776,0.016210890911436744,0.01663623223900795
934,0.016205242491430707,0.016599273830652236,0.016209597293618653,0.016638232266902926
935,0.016277308989730146,0.016636328920722008,0.01620956780769759,0.01663779408037663
936,0.016266544717881415,0.01675361894071102,0.0162081014400555,0.01663786008358002
937,0.016205628770920966,0.016652623489499092,0.016209359243926073,0.016636167472600938
938,0.016235296026700072,0.01675123855471611,0.016207259089830846,0.016635829538106918
939,0.016224300782713624,0.016587173640727995,0.01620670392819577,0.016639012390375137
940,0.016209341970582804,0.016637334004044532,0.01620772397774789,0.0166384941637516
941,0.01618975952681568,0.016611391901969908,0.01620946072646313,0.01663808659613132
942,0.01618104894542032,0.01659489043056965,0.016207310622351038,0.016636378133296964
943,0.016192445088591842,0.016643616482615472,0.016204658899704617,0.01663462816476822
944,0.01617022426178058,0.016596496105194092,0.01620274464951621,0.016634274658560752
945,0.016184610062175326,0.016650197878479957,0.016199763934810957,0.016643590244650844
946,0.016178640292750464,0.01671590767800808,0.016200571083525815,0.016643058556318285
947,0.0161857671994302,0.016598175913095474,0.016201745214727187,0.01664428543150425
948,0.01616319388151169,0.016603937223553657,0.016197636276483535,0.016649416759610174
949,0.016219950132071972,0.016574923768639564,0.01619384447534879,0.01664297377169132
950,0.01619723870522446,0.016609569266438483,0.016191879367828368,0.016643759605288504
951,0.016196528755956226,0.01674108676612377,0.0161903600273033,0.01664579754471779
952,0.016228088587522508,0.01659653730690479,0.016189636461850673,0.016645522442460058
953,0.016207825731900005,0.016607994362711907,0.016189211261024083,0.016644422969222066
954,0.016172489465938675,0.01669311136007309,0.016188457765430216,0.016646268707513807
955,0.016179415616724226,0.016604471877217294,0.016189358844111365,0.016647026476264
956,0.01619600678483645,0.016603208780288696,0.016189404173940422,0.016645601946115494
957,0.016154050127499632,0.01683766908943653,0.016189404691341853,0.016645342132449153
958,0.01619333017203543,0.01657568633556366,0.016189248349517585,0.016642773106694222
959,0.016234595771465035,0.016629945710301398,0.01618700109596054,0.016641093704104427
960,0.016174585533638795,0.01676461212337017,0.016185566891315912,0.01664694750607014
961,0.016171749689512783,0.016592544242739676,0.016186814824988446,0.016645983558893202
962,0.016156501082910432,0.016672269329428672,0.01618451477429933,0.01665363115668297
963,0.016197312513573304,0.01680218704044819,0.016184271413832906,0.01665863787829876
964,0.01620621164639791,0.016580296084284782,0.01618765531819728,0.01665228854119778
965,0.016198711949918006,0.01660984717309475,0.016185155837651757,0.016652152070403103
966,0.016170922136969038,0.01665753535926342,0.016184867388755086,0.016658279302716256
967,0.016203575912449093,0.016613834649324418,0.016185971773912507,0.016653999122977256
968,0.016193578334318268,0.016608003228902816,0.01618690044441157,0.016655646696686746
969,0.016170237196816338,0.0165900007635355,0.01618522639663683,0.016655007219314576
970,0.01618070151656866,0.01658597223460674,0.01618508680719468,0.016646584743261337
971,0.016122458953824307,0.01667392261326313,0.01618423006708423,0.016648499685525894
972,0.016149912083314524,0.016744520962238312,0.016182031789008112,0.016645729094743728
973,0.01619439222332504,0.016579838544130324,0.01618376284978456,0.016640177744626995
974,0.01616244886484411,0.016766113713383674,0.016185985772228902,0.01663908418715
975,0.01619115469356378,0.016734737306833267,0.016185693363431425,0.016635454130172728
976,0.016281126365065575,0.016582353338599205,0.016184318378816048,0.0166316278398037
977,0.016165601573884487,0.01659312553703785,0.01618331862481104,0.016631310006976124
978,0.01620061450948318,0.01676117517054081,0.016183118832194143,0.016631089875102038
979,0.01620009909487433,0.01658610686659813,0.0161855201114383,0.01662759285569191
980,0.016202632379200724,0.01664566121995449,0.016183380805866582,0.016627175533771514
981,0.016154155590467983,0.01658722184598446,0.01618326389648848,0.016629870989918707
982,0.016150560391445953,0.016627107188105582,0.01618378092356854,0.016631694880127904
983,0.01617191166927417,0.01662355989217758,0.016184107935014697,0.01663184781372547
984,0.016179638819562064,0.016560680940747263,0.016182979877541467,0.01663300985991955
985,0.016217862053049936,0.01662582837045193,0.01618606655456954,0.016625902971625334
986,0.016227322750621373,0.016565205305814745,0.01618273135796189,0.016635129290819173
987,0.01614919086297353,0.016581517904996873,0.016183678224931164,0.01663037529885769
988,0.01616293789818883,0.016706529781222345,0.016183893519391618,0.01662528872787953
989,0.016181217796272702,0.016572350263595582,0.01617994829416275,0.016624414697289466
990,0.016193717134495578,0.016604343876242638,0.016178473940988383,0.016627437382936476
991,0.016230954118072988,0.016570109874010086,0.016175628229147858,0.01662176942229271
992,0.01615009327315622,0.016603401601314544,0.016174738293058342,0.01662309401333332
993,0.01619065559986565,0.016675389632582666,0.016174179928501446,0.016620252907276156
994,0.016183162873817814,0.01663559801876545,0.016174617952108387,0.01661998269557953
995,0.016188876802722612,0.01658979557454586,0.016174979408250915,0.01661858186125755
996,0.016094257516993418,0.016702973768115043,0.01617517315877809,0.016623153331875803
997,0.016227079009016356,0.01656684875488281,0.01617474754419592,0.01662482475340367
998,0.016111012308133974,0.016810496523976325,0.016173897721535633,0.016624947714805608
999,0.0161861205390758,0.016647263914346695,0.016171234974761806,0.016624781510233878
1000,0.016196537055075167,0.016607573032379152,0.01617207933846447,0.01662809970676899
1001,0.016182495734343928,0.01656050257384777,0.01617132297050622,0.016624065405130388
1002,0.016128742744525273,0.01666869267821312,0.016171136915600962,0.016624655503034592
1003,0.016129471713470088,0.016619476154446602,0.01617070694342256,0.016623621237277984
1004,0.01617785069263644,0.01661922164261341,0.016167655931661525,0.016623923489451405
1005,0.016188673265278338,0.016574633568525315,0.016168369840830563,0.016623058092594147
1006,0.016165106180641386,0.01658046655356884,0.016166648130201633,0.016621251347661018
1007,0.01615959679500924,0.01659208633005619,0.01616752656242914,0.016620182824134827
1008,0.01617675543245342,0.01673784665763378,0.01616736889142129,0.016626489171385768
1009,0.016168998455007872,0.016602466478943825,0.01617288915970259,0.016620735520124438
1010,0.016196616486542754,0.016628902405500412,0.016172797941085365,0.016629532179236416
1011,0.01616075408127573,0.016561050191521643,0.01617608917347259,0.016620325812697415
1012,0.016170299955540233,0.016664472818374635,0.0161756844456825,0.01661713946163654
1013,0.016144028699232472,0.016605672240257264,0.01617367211257418,0.016615088829398154
1014,0.01617656642364131,0.016587102711200716,0.01617342940767606,0.016617837503552436
1015,0.016182967830035422,0.016578487232327462,0.016174688875344064,0.016613009646534917
1016,0.01615467882404725,0.01657766617834568,0.01617694277978606,0.016610152330994606
1017,0.016167941002382172,0.016581766679883002,0.016176809932622643,0.0166082477658987
1018,0.016147612834142313,0.016630221009254455,0.016176553208960425,0.01661104008257389
1019,0.016205123679505454,0.016608884930610655,0.016177211233642363,0.016610630953311917
1020,0.016184935027526486,0.01674745425581932,0.016177528308000826,0.016609576219320295
1021,0.01623226422402594,0.016559132486581803,0.016177550600965818,0.01660423658788204
1022,0.01622479854358567,0.01678676523268223,0.0161761274072859,0.016602508103847502
1023,0.016193293117814592,0.01658033736050129,0.016176483141548105,0.016602739822864532
1024,0.01617600234432353,0.01656760513782501,0.01617750222550498,0.01660253259241581
1025,0.01614622872736719,0.01655630722641945,0.01617692514558633,0.01659827635884285
1026,0.01617642811189095,0.01662921942770481,0.016178760643468963,0.01660123291015625
1027,0.01616022943622536,0.016547996252775192,0.0161775008065833,0.016602955198287965
1028,0.016185819324519898,0.01654804326593876,0.01617553515897857,0.016606892743706705
1029,0.01617452951355113,0.016571607515215872,0.016175611729754347,0.016606809839606284
1030,0.016182255173722904,0.01664444148540497,0.016174157859219447,0.01660547094345093
1031,0.016181556797689862,0.01657023832201958,0.01617244202825758,0.016610084772109984
1032,0.016167523653970825,0.016565717980265616,0.016171379115515284,0.016607388457655907
1033,0.01617731275657813,0.016604355871677398,0.0161695867958996,0.016607812589406967
1034,0.016133418613009983,0.016559254378080368,0.016166323023372224,0.01660897735357285
1035,0.016205509843097793,0.016634695380926132,0.016163576409386263,0.016599377778172494
1036,0.01618623118019766,0.016555869430303575,0.016160911241008175,0.016600951349735264
1037,0.016155872957573997,0.016558066979050635,0.016163150694635177,0.016599642911553383
1038,0.01618991614629825,0.01667958602309227,0.016166490403811136,0.016598876768350597
1039,0.016145070501499707,0.01663015991449356,0.01616527205804984,0.016597408202290533
1040,0.01613382663991716,0.016676925867795945,0.01616509080454707,0.01659846428632736
1041,0.01615659309344159,0.016575593575835226,0.016162539462496836,0.016602201214432715
1042,0.016131594239009752,0.01654829427599907,0.016160439455260835,0.016603056544065475
1043,0.016104717060095735,0.016745566725730895,0.016159592793467972,0.016599516719579696
1044,0.01617855086094803,0.01654147706925869,0.016157690509243147,0.01660059448182583
1045,0.016140127037134435,0.016758057549595834,0.01615620469525457,0.01660101202428341
1046,0.01615066991084152,0.01658825159072876,0.016156619313938754,0.016600511795282366
1047,0.016156133193936613,0.016546775847673417,0.016155869211670427,0.01660025035440922
1048,0.016126663908362388,0.016619676649570467,0.016153511994994353,0.016597690945863726
1049,0.01623198868499862,0.016534894183278085,0.016151242052432565,0.016598871207237242
1050,0.016229721456766127,0.016537153646349907,0.016151786930941877,0.016602216580510136
1051,0.016145969467858474,0.016592505276203155,0.016152906521740888,0.01659653336703777
1052,0.016155698098656204,0.01657439835369587,0.016154253609892394,0.01659466345310211
1053,0.016122035773264036,0.016641466468572615,0.016155153347303473,0.016591294243931767
1054,0.01612202933265103,0.01659299075603485,0.01615368961584237,0.016597518295049664
1055,0.016161088628901376,0.016555945873260498,0.01615574965170688,0.016606397008895872
1056,0.01613399969206916,0.016597182378172873,0.01615748176003496,0.01659795616865158
1057,0.016130378304256333,0.01657615654170513,0.01615482676451405,0.01659817987680435
1058,0.016187678223682774,0.01659185014665127,0.016154491643193696,0.01659046710729599
1059,0.01611466605630186,0.016552718356251717,0.01615601681148013,0.01661074540913105
1060,0.016146579426195885,0.01657071016728878,0.016157633060796393,0.016610449489951135
1061,0.01612948261615303,0.01658537596464157,0.016157079221225445,0.01661036557257175
1062,0.016169494920306737,0.01664170131087303,0.016153550859209564,0.01661040077805519
1063,0.016217905916273593,0.01653750568628311,0.016150185180621016,0.016622347518801688
1064,0.016178747705287405,0.01658341206610203,0.016151521777196063,0.016621609795093535
1065,0.01615632007519404,0.016592695638537408,0.016152370885345674,0.01662504761815071
1066,0.016119999806914066,0.016731194853782654,0.01615293106387059,0.01662682021856308
1067,0.016183095135622553,0.016770262122154236,0.016154754796458615,0.016628029575943944
1068,0.01614801976829767,0.016534545719623567,0.01615600083751811,0.016633435592055323
1069,0.016112175972925292,0.016547069773077964,0.016155355339580117,0.016631631419062615
1070,0.016131749004125596,0.016565238311886787,0.016156575116349593,0.016629715064167973
1071,0.016188799118002254,0.017095209136605262,0.01615673068496916,0.016634013074636456
1072,0.016196539426843324,0.016539377868175508,0.016157798935307395,0.016639089423418043
1073,0.016112817919088734,0.016617578715085984,0.016157663840221034,0.01663703770339489
1074,0.01614377963460154,0.016535774320364,0.016157513593965105,0.016634743788838384
1075,0.016145579492052396,0.016835822165012358,0.01615556417422162,0.016637157183885573
1076,0.01617938438223468,0.016574062183499338,0.01615161905305253,0.016637288936972618
1077,0.016176925802396405,0.016660343930125235,0.01615063918415043,0.01663545118570328
1078,0.016136040236386987,0.016685781478881837,0.01615011627541648,0.016632671782374382
1079,0.01616762264735169,0.016623224690556528,0.016150534043875005,0.016624573647975923
1080,0.016192239655388727,0.016691096276044846,0.01614842931015624,0.016616665676236153
1081,0.01611786224361923,0.016552078053355217,0.01614692766086923,0.01662508392930031
1082,0.01616087272349331,0.01652824766933918,0.016148141459623976,0.016626021468639375
1083,0.016191567439172,0.016699300408363343,0.01614757626420922,0.01663065034747124
1084,0.01614137231475777,0.016679627075791358,0.016144163993000987,0.016608041858673095
1085,0.016143202049036822,0.0165194171667099,0.016142516763177187,0.016606750935316085
1086,0.01612572645975484,0.016528028100728988,0.016142540368437767,0.016603177115321156
1087,0.016120759426719613,0.016702036187052727,0.01614017067551613,0.01660601058602333
1088,0.016119277887046337,0.016540799513459204,0.016139792042308386,0.016593364891409872
1089,0.016154250982734892,0.016537468284368514,0.01613744394299057,0.016592481449246407
1090,0.01614324735684527,0.016523210555315016,0.01613604763630364,0.0165873486071825
1091,0.0161304440183772,0.016528741493821143,0.016135396592484582,0.016590670138597493
1092,0.016130476792653402,0.01657256282866001,0.016132512751387225,0.01658970001637936
1093,0.016110478536122377,0.016745002046227454,0.016128438700238862,0.0165846656113863
1094,0.016142520941793918,0.016570508256554605,0.016131300806668067,0.016594656020402908
1095,0.01611761911875672,0.01668096028268337,0.01613084437565671,0.016595708543062207
1096,0.016103492337796423,0.016529996916651725,0.016128407932321228,0.01658996974527836
1097,0.016155358681248295,0.01650710478425026,0.016128403765956558,0.01658429828584194
1098,0.016113408050603337,0.016528233215212823,0.016127738031413822,0.01658659630715847
1099,0.01608453731156058,0.01660661108791828,0.016127910480565496,0.016586293420195578
1100,0.01613611366185877,0.016519679799675942,0.01612813499569893,0.016578598845005035
1101,0.01612068189928929,0.01655197612941265,0.01612657395237022,0.016577818223834036
1102,0.016142018135223125,0.01653202287852764,0.016124919359882674,0.016578507032990457
1103,0.016119764140910573,0.01676881976425648,0.01612436795300908,0.01658045285642147
1104,0.016095526619917817,0.016598971635103224,0.016123682410352762,0.01657988811135292
1105,0.016090388376679685,0.016565236151218413,0.016122898677157032,0.016581396436691286
1106,0.01618941490434938,0.016801838278770447,0.016124524167511197,0.016576071506738663
1107,0.016149461948209338,0.016554560735821722,0.016128756526443692,0.016575593495368954
1108,0.016130656355785,0.016555830463767053,0.016128133727444545,0.016568914395570757
1109,0.016141268155641025,0.016537840589880944,0.016130925109816924,0.016567878225445743
1110,0.016126558685468303,0.016576867699623108,0.016128489852117168,0.016567713820934294
1111,0.01613003768854671,0.016520455926656723,0.0161278947626551,0.016567500600218773
1112,0.01612637230505546,0.016509671807289125,0.016129422499736153,0.01656382031142712
1113,0.01608025180382861,0.016521283984184267,0.01612838079879681,0.01656702028810978
1114,0.016112886170546212,0.016554688513278962,0.016127664748827618,0.016568551537394522
1115,0.01612946218500535,0.016571856141090392,0.016127328695936336,0.01656779687702656
1116,0.016113305451969307,0.016514622867107392,0.01612523788271679,0.016560016378760343
1117,0.016110883462760184,0.016610270962119103,0.016126382209443384,0.016558523350954056
1118,0.016151115794976554,0.016611878797411918,0.016127939152469236,0.016557349035143856
1119,0.016248329915106295,0.016558557972311972,0.016125543376389478,0.016552337536215784
1120,0.01610204914377795,0.01651398278772831,0.016124562122672798,0.01655039252340794
1121,0.016173276897105907,0.016504092663526534,0.01612346039472355,0.016554259166121486
1122,0.016094477238754432,0.016502994671463968,0.016124521397799255,0.016556474903225902
1123,0.016098530814051628,0.016522902697324753,0.01612479149227341,0.016561260604858397
1124,0.01612273073858685,0.016514603868126868,0.01612238333299756,0.01656124663949013
1125,0.016110071138375336,0.016599679216742515,0.016121468058476845,0.01656159596145153
1126,0.016102780650059382,0.016590257361531257,0.016121761751919986,0.01656881891489029
1127,0.0161336168129411,0.0165131563693285,0.01612260298753778,0.01656638489663601
1128,0.01606749381042189,0.016574307307600976,0.016120844035098947,0.016574313151836398
1129,0.016124134788082705,0.016561645939946176,0.016118989401807386,0.01657606429755688
1130,0.016129311952326034,0.016535878255963324,0.016117934603244063,0.016577788615226748
1131,0.016129520502355364,0.016676550805568693,0.016117030913879473,0.016577100858092306
1132,0.01612493060529232,0.01650593541562557,0.016113697057879635,0.01657699301838875
1133,0.01610311315705379,0.01665249653160572,0.01611436178063353,0.016581054952740672
1134,0.016167793232533666,0.01659323401749134,0.01611034517942203,0.016580195221304894
1135,0.01613331104732222,0.0166965102404356,0.016111021570281846,0.016580879312753677
1136,0.01606983370665047,0.016520106792449953,0.016110558128439718,0.016584898978471756
1137,0.01610349044203758,0.016518404856324196,0.01611285356225239,0.016595923575758936
1138,0.016087594139907097,0.016701857820153237,0.01611192461426059,0.016593895134329798
1139,0.01613391706099113,0.01649383805692196,0.016111486049410366,0.016592077869176866
1140,0.016085488374034562,0.016770062521100044,0.016110833791395027,0.016592610508203508
1141,0.016066939619680247,0.016558401510119437,0.016111695513957077,0.016588847830891613
1142,0.016084513498677146,0.016653378903865815,0.016112492605050405,0.01658701897263527
1143,0.016128523560861748,0.01659468486905098,0.016110679003596303,0.016586733701825142
1144,0.01616498351511028,0.016555861979722978,0.01610865530653132,0.016579377111792564
1145,0.016118667212625344,0.016615531146526336,0.016106720496382978,0.016578689125180242
1146,0.016072861866818534,0.01648259937763214,0.01610490831087033,0.01657739544510841
1147,0.016111387010249827,0.016520096957683562,0.01610238171749645,0.01657441149652004
1148,0.016086944767998324,0.01662339434027672,0.01609918722626236,0.016567869198322295
1149,0.01618011658390363,0.01679021880030632,0.01609802753279607,0.016577196371555327
1150,0.01608684743858046,0.016548968181014062,0.016097298981746038,0.016575679188966748
1151,0.016091816528803773,0.016544825732707977,0.01609936264736785,0.016567204794287683
1152,0.01611731036255757,0.016526472344994544,0.01609874953892496,0.016566899979114532
1153,0.016089036874473096,0.016480240374803543,0.016098936780956058,0.016561995658278466
1154,0.016144062065415913,0.016515924483537673,0.016099369109173617,0.016561187893152238
1155,0.016083971915973556,0.016528746485710143,0.016099860106408598,0.016558234375715256
1156,0.0160789280757308,0.016492636054754258,0.01609880053169198,0.016554438453912735
1157,0.016076560351583693,0.016488735750317573,0.01609496081877086,0.016557149091362952
1158,0.016057808519237573,0.01662015452980995,0.01609284608124031,0.01655184867978096
1159,0.016104628398186632,0.01651863530278206,0.016092634805788594,0.016559527379274366
1160,0.016053448766469955,0.016532952785491942,0.016092412737094698,0.016557125478982925
1161,0.016040841369993158,0.016753286123275757,0.016092779533482263,0.016550824901461602
1162,0.016085276665786904,0.016480475291609765,0.0160917958671848,0.016538211542367936
1163,0.016139185780452356,0.0164899979531765,0.01609178103506565,0.016534945905208587
1164,0.016118589349918895,0.016486217677593232,0.016092086060345175,0.016532070559263232
1165,0.016090169424812,0.016647454500198364,0.01609437069710758,0.01653014592826367
1166,0.01607774782511923,0.01653820738196373,0.01609479961494605,0.01653004866242409
1167,0.016096788429551655,0.016579540967941283,0.01609270306809081,0.016528664520382885
1168,0.016102034192946223,0.01649978682398796,0.016093665050301287,0.016529268875718116
1169,0.01606899069208238,0.01662362791597843,0.016093349176562494,0.01652822642326355
1170,0.01606579877436161,0.016483020856976508,0.016092989377097952,0.016526891177892685
1171,0.016067579980525704,0.016674566864967346,0.016092926374326147,0.016530515623092653
1172,0.016105835292902257,0.01646004945039749,0.016092948739644553,0.01653141117990017
1173,0.016096114677687488,0.016465879902243616,0.016093586197081542,0.016528689593076705
1174,0.016155524926467074,0.016474884822964667,0.0160972999220921,0.01652599632143974
1175,0.016086476635601785,0.016467327252030373,0.016099451458868055,0.016527788403630256
1176,0.01609944216079182,0.01647294208407402,0.016095795172452926,0.016531170803308484
1177,0.01617442628161775,0.016478356570005417,0.016095033870637418,0.016531625536084175
1178,0.01609975982043478,0.016477808728814124,0.016093735081122985,0.016523914125561714
1179,0.016091648394034968,0.016481320932507516,0.016093431035346453,0.016528724265098577
1180,0.01610802147123549,0.016543855369091035,0.016091729349891344,0.016524728971719745
1181,0.016071031232260995,0.016466574743390083,0.016091076532834106,0.016528131142258644
1182,0.0160675653649701,0.016455354616045952,0.016089962984704307,0.016521536260843277
1183,0.016056233449942534,0.016710765659809113,0.016091655077785254,0.016525409364700316
1184,0.016105187531146738,0.01654102422297001,0.01609073082473543,0.01651700822710991
1185,0.016069385202394593,0.016464913114905357,0.01608816035985947,0.01651708870828152
1186,0.016133684495257008,0.016685954332351684,0.016085241159465576,0.01652999167442322
1187,0.016139065085185898,0.016525277346372606,0.01608286977418595,0.016530010530352593
1188,0.016047778620074192,0.016574557945132254,0.01608171098323332,0.016529380679130554
1189,0.01609955680453115,0.016497585996985434,0.016080426319191855,0.01654588632881641
1190,0.01605769968695111,0.01645466923713684,0.016076735286662976,0.016548548820614812
1191,0.01607014668070608,0.01665846087038517,0.016074074366771513,0.016549486637115477
1192,0.016054246293173896,0.016479658633470534,0.016074288094954356,0.016548984959721562
1193,0.016085713766515256,0.016584841087460517,0.016074182345055872,0.016552089932560916
1194,0.016041151988837453,0.016458755880594252,0.016074423700736633,0.016553001901507377
1195,0.016108101101385223,0.016579848453402518,0.016074248568051393,0.016552992859482765
1196,0.016044473654280106,0.016464538425207138,0.016074963695473142,0.016542565813660624
1197,0.016041573671003184,0.016462061479687692,0.016073174904286863,0.01654311386346817
1198,0.01602313466784027,0.016788454055786134,0.01607289536115196,0.016553274378180504
1199,0.01609624029447635,0.016475356221199035,0.016075516243775685,0.016546694293618203
1200,0.016057506861786048,0.016451580971479415,0.016072353444331222,0.016552612510323528
1201,0.016067325559755166,0.01688558332622051,0.016073872194439173,0.016547167587280275
1202,0.016082150468395815,0.01654491886496544,0.016073175485183794,0.016548979434370996
1203,0.016033236823148198,0.016501254141330718,0.016074163592441213,0.016554408016800883
1204,0.01609699159860611,0.016468778997659684,0.01607224405929446,0.016557286259531977
1205,0.01610537772377332,0.016621479690074922,0.016071156355986993,0.01655936622619629
1206,0.01607706512427992,0.016489373967051506,0.01606959882941511,0.016571663215756417
1207,0.016063187047839166,0.016455128565430643,0.01607060556411743,0.016572092807292937
1208,0.016074111635486284,0.016450089514255525,0.016068525971306695,0.016569802036881447
1209,0.016060467751489744,0.016554725468158723,0.016069607253455454,0.016571906435489652
1210,0.01606239662402206,0.016718925982713698,0.01606931505012843,0.016571763303875924
1211,0.016199206560850145,0.016521452218294142,0.016070151106599304,0.01655763543248177
1212,0.016059995099074312,0.01667323276400566,0.01606698396114839,0.016555496710538863
1213,0.01608574737277296,0.01643843486905098,0.016066804596698944,0.016556471893191337
1214,0.016082139073146713,0.016542882174253464,0.01606609156934751,0.016543057146668434
1215,0.016082402368386588,0.016590383797883988,0.016062511572655702,0.01653917641937733
1216,0.016022158352037272,0.016730416938662528,0.01606267477845152,0.016540708971023558
1217,0.016027053710487155,0.01653165780007839,0.01605906753250294,0.01654401007294655
1218,0.016046775602218177,0.0168922658264637,0.016055758061094418,0.01653873689174652
1219,0.01606632035639551,0.0164694956690073,0.016055073120031092,0.016537518638372422
1220,0.016056111281116805,0.016522579193115235,0.016052806240651345,0.016540314722061154
1221,0.01607150570799907,0.01651714839041233,0.01605103934754928,0.0165389515966177
1222,0.016034268587827683,0.016458483189344408,0.01604937042494615,0.01653800250291824
1223,0.016044036079612044,0.0164352572709322,0.016048824334475728,0.01652871853709221
1224,0.016017061658203602,0.016421888172626496,0.01604066354268127,0.016527098491787906
1225,0.016053022750549845,0.016475960537791254,0.01603987267149819,0.0165165034532547
1226,0.016049499875969358,0.016550214663147926,0.016038876961668332,0.016533558848500253
1227,0.015992650551100572,0.01644790068268776,0.01603736541652017,0.016529842618107797
1228,0.016037316968043645,0.016539567932486534,0.01603456687811348,0.016525557488203047
1229,0.01600681044989162,0.016551306545734404,0.01603390512201521,0.016519303908944127
1230,0.01602264093856017,0.016489650160074233,0.016032595048016973,0.016515532004833224
1231,0.016059941597696806,0.01645891763269901,0.016031659759498305,0.01649742449820042
1232,0.016006515063345432,0.01652503065764904,0.016029294135421517,0.016495858493447303
1233,0.01602993930793471,0.01641601137816906,0.016027982188347313,0.016492529341578483
1234,0.016018744686411488,0.01653099812567234,0.016026674111270244,0.016491680142283437
1235,0.01604874436226156,0.016486826837062835,0.016025851195636726,0.016493319842219353
1236,0.015995186765988666,0.016480951085686684,0.016024810296710996,0.01649299894869328
1237,0.016040223319497372,0.016408356800675393,0.01602390763900346,0.01649367850720882
1238,0.01606085462702645,0.01686481975018978,0.0160240868670245,0.01649482182264328
1239,0.016044350444442697,0.016449976414442062,0.016022489078094563,0.016489451387524605
1240,0.016012438908219337,0.01648325555026531,0.016024560440828402,0.016488773757219313
1241,0.01600561444958051,0.01657407745718956,0.01602489731800225,0.01648509560525417
1242,0.01599430186053117,0.01643736019730568,0.016027280807743467,0.016484151399135588
1243,0.016023393389251496,0.016439578160643578,0.016027783742795388,0.016492022055387495
1244,0.016007179754475753,0.01643034555017948,0.016027998829384642,0.016496725523471836
1245,0.01602331260426177,0.016439350396394728,0.01602916205939319,0.016492817625403406
1246,0.016038803781072298,0.01649591840803623,0.016028978539341026,0.016501252600550652
1247,0.016013695696989697,0.016499475687742234,0.016029522734052604,0.01649694215655327
1248,0.016018013606468838,0.016427234932780265,0.016030943080617324,0.01649400044977665
1249,0.015994495215515294,0.016438877135515215,0.01603022972792387,0.016493024891614912
1250,0.01605750345107582,0.016504543423652648,0.016029296923014854,0.016497144281864166
1251,0.016009555152720876,0.016415953785181046,0.016029737864434717,0.016484785085916522
1252,0.016044434619446594,0.016430959925055503,0.01602824220375882,0.01648687943220139
1253,0.016045738897389836,0.016447614133358,0.016030553971396553,0.01648532555997372
1254,0.016066397693422104,0.016527701392769812,0.01603093606515063,0.01648384577035904
1255,0.016035214314858118,0.016686416566371917,0.01603217082586553,0.01649255221486092
1256,0.01606531876242823,0.016576504334807396,0.016033204466932346,0.01649159552454949
1257,0.01603559581355916,0.016427333205938338,0.01603331739058097,0.016493413963913916
1258,0.016025351306630506,0.016626885756850243,0.016030913607113888,0.01649284663498402
1259,0.016032349554200968,0.016423237025737763,0.016030213671425975,0.016489728689193725
1260,0.016084253026379478,0.01641328416764736,0.016032240557173887,0.01648884728252888
1261,0.015977352948652372,0.016456562131643294,0.01603291143592861,0.01649767624437809
1262,0.016016903196771938,0.0165113415569067,0.016034179154535134,0.01649637741744518
1263,0.01607187816252311,0.016555839851498604,0.01603164458854331,0.016498215717077255
1264,0.016006958927545282,0.01650233507156372,0.016034439769718384,0.016499504843354225
1265,0.016070233099162577,0.016444408744573594,0.016033803762495517,0.016506131541728974
1266,0.0160151667934325,0.016537082716822624,0.016033635288311376,0.016503781256079673
1267,0.016025170878403716,0.0166550213098526,0.016031558460742234,0.016502187499403954
1268,0.0160492344159219,0.01641566090285778,0.016028940056181617,0.01649077017605305
1269,0.01601000284569131,0.016475806534290312,0.016025378220362794,0.01648799533843994
1270,0.015963218017584747,0.016425167173147202,0.016026381056093508,0.01648727643787861
1271,0.016021305388874477,0.016417969763278962,0.016025564042147663,0.016478575900197034
1272,0.016064367840687432,0.016477440521121024,0.0160234721860124,0.01648219003081322
1273,0.01603478557533688,0.016647958979010582,0.016020681266238294,0.016484033146500588
1274,0.01602618818067842,0.016406406462192536,0.016022468238820635,0.01648121867477894
1275,0.015994139301280182,0.01655050091445446,0.0160208711343507,0.016480474156141282
1276,0.0160794346820977,0.016448181942105292,0.016017379330512553,0.01647586514353752
1277,0.016028534438874985,0.01659662738442421,0.01601713542416692,0.016480407252907756
1278,0.01604152704278628,0.01638885699212551,0.016014252686086628,0.016480123749375342
1279,0.016014477004193596,0.01648785747587681,0.016012656228658224,0.016480164223909383
1280,0.015969754200842644,0.01640098348259926,0.016011998774028487,0.01647370781302452
1281,0.015976272866957717,0.01650713339447975,0.01601185292013817,0.016472603249549866
1282,0.016060666706826952,0.01640936069190502,0.01601232953046759,0.01647080863416195
1283,0.016004925957984393,0.016409372314810752,0.016014076276537444,0.016470089823007582
1284,0.015980053150819407,0.016513590291142462,0.016014055231461922,0.016468929225206375
1285,0.016014480032026768,0.01645936205983162,0.016011429728650384,0.01646699669063091
1286,0.016022027263210878,0.016386200338602067,0.01600921136877603,0.01645776732265949
1287,0.015976975585023562,0.01649272859096527,0.016006421532813047,0.016458273306488986
1288,0.015984583066569434,0.01644061453640461,0.016005418185144664,0.016452354556322102
1289,0.016000861268904473,0.01661588780581951,0.016001413254688183,0.01645014098882675
1290,0.01599816464715534,0.01643732115626335,0.01600035257447097,0.016444554305076596
1291,0.015975255357722443,0.016538094580173492,0.01600181118937002,0.01644308181107044
1292,0.016008734512660237,0.01649361103773117,0.01599946170002222,0.01643916927576065
1293,0.016045588068664074,0.016388046815991403,0.015999461490578123,0.016438754454255102
1294,0.01602191810392671,0.0164309411495924,0.01599910397090846,0.016432958662509916
1295,0.016006886669331127,0.016407196894288063,0.015995535343554287,0.016435986152291297
1296,0.016020779261986414,0.016388954818248747,0.01599667144417763,0.01644211353957653
1297,0.015998730270398987,0.016429127156734467,0.015997857239014573,0.016436635476350787
1298,0.015979326578478018,0.016417224779725074,0.015995010859105326,0.016436547875404363
1299,0.015956442281603814,0.016419056057929992,0.015992125291128957,0.016437151840329175
1300,0.01596905560957061,0.016402532160282136,0.01599250148203638,0.016433239710330966
1301,0.015979311420685715,0.01639284275472164,0.01599254553433922,0.0164304209291935
1302,0.01600201743344466,0.016456960290670394,0.01599154824945662,0.016421078428626064
1303,0.016077992415262594,0.016352044641971587,0.01599081846409374,0.01643044286966324
1304,0.01595573977049854,0.01639004409313202,0.015991528367002808,0.016423996153473855
1305,0.015969748964740172,0.016390612944960595,0.015989001241823037,0.016419553524255753
1306,0.015967334875216087,0.016362238600850107,0.015983185839653014,0.016421573626995086
1307,0.015971451022972663,0.016485047936439515,0.015980603176686498,0.016418233755230903
1308,0.016033328473567962,0.016562556996941567,0.015980951216651332,0.016419160562753676
1309,0.016009698021743034,0.01637663871049881,0.015978687856098014,0.01641760248243809
1310,0.015943320534295508,0.01645717203617096,0.015977279780970677,0.01641654314994812
1311,0.01594988806380166,0.016401299461722373,0.015976373961236745,0.016417084035277366
1312,0.015986380357709197,0.016394925341010093,0.01597591239197387,0.016413204970955848
1313,0.015985684374140368,0.01637014500796795,0.015974679616093636,0.016412913477420805
1314,0.015975929146839513,0.016382325291633606,0.015974270951085622,0.016410612753033637
1315,0.015979920013083352,0.016671432182192802,0.015973361427254147,0.01640963127911091
1316,0.015993002930449116,0.016376926675438882,0.01597008297592402,0.01641714495420456
1317,0.015945556383166047,0.01638254530727863,0.015970637159711785,0.01641581920683384
1318,0.015900203014413517,0.016438549384474754,0.015972562005370856,0.016424709710478783
1319,0.015957351529763804,0.016347444355487822,0.015972908072670298,0.016426567944884302
1320,0.016015587668451996,0.016430367082357407,0.015971647064967284,0.01642212901711464
1321,0.015964195248153474,0.016350002810359,0.015967588294131887,0.016413773575425148
1322,0.01596352839221557,0.016402643844485282,0.015965829731441204,0.016411655068397524
1323,0.015956681085129577,0.016430746912956238,0.015967821407069763,0.0164065277159214
1324,0.015944903050031926,0.016322079449892044,0.0159677426279419,0.01640533152222633
1325,0.01593823621256484,0.016395244821906088,0.01596863158121705,0.016404372555017466
1326,0.015969094795485337,0.01633532464504242,0.015968229971908863,0.016404053738713266
1327,0.01597927933765782,0.016432423442602158,0.01596942615898119,0.016404841673374176
1328,0.015996031132009293,0.01653988651931286,0.015967574385719167,0.016404724019765855
1329,0.015969594365192786,0.01635690040886402,0.01596636960812741,0.016408785384893418
1330,0.016017870106216935,0.016612875536084176,0.015966829349183375,0.01642142183482647
1331,0.015975986557702222,0.016408694460988044,0.015970204375353125,0.016420112985372545
1332,0.015939925830397342,0.01637407474219799,0.015971044567061794,0.01642395433783531
1333,0.01593185920268297,0.016353670954704285,0.015968991743856006,0.016420220035314556
1334,0.015965733954475987,0.01632367603480816,0.015966926514771253,0.016425707721710203
1335,0.01599311242500941,0.01632898822426796,0.015966037254035476,0.016423962026834486
1336,0.01594791858560509,0.016371394619345666,0.01596438164247407,0.01643567612171173
1337,0.016008604189587963,0.016370951160788537,0.0159658599484298,0.01643819813132286
1338,0.015975644141435624,0.016362174600362777,0.015968371434509757,0.016436195799708366
1339,0.016005833823647765,0.016402023658156396,0.01596751697742277,0.016439681580662727
1340,0.015933625681532754,0.01666849084198475,0.0159670188324319,0.016437363815307617
1341,0.015962883490655156,0.016478460803627967,0.01596548058109151,0.016431360700726507
1342,0.015957049909565185,0.016698456555604934,0.015963715118169786,0.016434968686103817
1343,0.015984578668657275,0.016405828148126602,0.01596159333743983,0.01642370462119579
1344,0.015978356322480573,0.016443478167057036,0.0159605715399815,0.01642087702155113
1345,0.015964267088307275,0.016337009519338606,0.01596071598157287,0.01642029508650303
1346,0.01591256452103456,0.01648719497025013,0.01596167617580957,0.01641804565489292
1347,0.01594129687382115,0.016359001472592352,0.015959488143937457,0.016418340438604354
1348,0.01591529079609447,0.016723599284887314,0.01595618277647429,0.016419716072082518
1349,0.015981860698925123,0.016385129690170287,0.015956127063019406,0.016418808549642568
1350,0.01600102336456378,0.01634518653154373,0.015953828955276143,0.016424326083064083
1351,0.015947733368310662,0.016422469168901443,0.015951790890842678,0.016422309461236
1352,0.015966825712886122,0.016374479308724404,0.01595047387489014,0.016418553787469863
1353,0.015957574848499564,0.016389808654785155,0.01594953665162126,0.016408273151516918
1354,0.01592545779214965,0.016447100043296813,0.015951260159495804,0.016404583275318147
1355,0.01596482558796803,0.016331273913383484,0.01595231093491117,0.01639301218986511
1356,0.015950441621243955,0.01633800446987152,0.015950621198531655,0.01639699952304363
1357,0.01594353687018156,0.016359526365995407,0.01594790394380689,0.01639214822053909
1358,0.01595586405860053,0.0162974351644516,0.015948179278688298,0.01639152885377407
1359,0.015911033157673147,0.016331045627593993,0.015947982529219654,0.016384067192673685
1360,0.015910478238430288,0.016363379061222077,0.015947303107298083,0.01638308880627155
1361,0.015946525749233033,0.01634870655834675,0.01594608300468988,0.016368257012963294
1362,0.015951151496006382,0.016508889496326448,0.015945034295403296,0.016370758008956914
1363,0.015924692530598906,0.0163117590546608,0.015943341638561752,0.016370151075720787
1364,0.01597290842483441,0.01630813181400299,0.015941010775748225,0.016369424247741703
1365,0.01591019509981076,0.01641147494316101,0.01593927230379648,0.016366877922415732
1366,0.016005971187518703,0.016386213898658752,0.015937249762399328,0.016363589748740196
1367,0.015983319294949373,0.016409179419279097,0.015936491013649436,0.016359612512588505
1368,0.01594233525916934,0.016505511477589607,0.015933155715051623,0.01635926629006863
1369,0.015910424954361384,0.01632219560444355,0.015933299331780934,0.016358860543370247
1370,0.015971150460342566,0.01632152535021305,0.01593213446214795,0.01636115771234035
1371,0.01590764578431845,0.01630065344274044,0.01593176582099663,0.01636413485705852
1372,0.015924311325781874,0.0163345418125391,0.015931810360567435,0.01636683653593063
1373,0.015884788230889374,0.01635280445218086,0.015932258932954736,0.01636597273647785
1374,0.01595564296676053,0.016447654590010644,0.015928464905752074,0.01636543437242508
1375,0.01595870694352521,0.01633001320064068,0.01592627714988258,0.0163586913973093
1376,0.01588946179797252,0.016404298469424247,0.015925348209672507,0.016357829770445826
1377,0.01592336391409238,0.016310821175575255,0.01592292343378067,0.016358942297101022
1378,0.01590701131357087,0.01630760431289673,0.015923721834189362,0.016354412132501602
1379,0.015906489073402353,0.01634766913950443,0.015919724507298737,0.0163520754724741
1380,0.015881443123022716,0.01632261835038662,0.015916278912458157,0.01634688398241997
1381,0.015954032039476766,0.016327860802412032,0.015915396607336072,0.016338974514603616
1382,0.015914415129356915,0.016416955590248108,0.015914604333125883,0.016338041818141937
1383,0.015946648029817476,0.016371863782405852,0.01591209524795413,0.016335776865482328
1384,0.01591214664694336,0.016398587599396705,0.015910689667446746,0.016335705575346943
1385,0.015921692548112737,0.016341784074902534,0.015910680806554025,0.01633853693902492
1386,0.015851675069166554,0.016335247457027434,0.01591306423420707,0.01634000028371811
1387,0.01589645759926902,0.016340315118432047,0.015911055711987945,0.01633548067808151
1388,0.01590146902534697,0.016290218383073807,0.01590849945205781,0.016334646850824357
1389,0.015912289027538565,0.01633594498038292,0.0159091807892753,0.016329481956362725
1390,0.015930155110028054,0.016298220828175544,0.015908887036393083,0.0163271066069603
1391,0.015906038015253015,0.016327797397971154,0.015909103745636012,0.016331583178043365
1392,0.015897179423934885,0.016279392167925833,0.015907343151585922,0.016337036895751954
1393,0.01592027763111724,0.016307774782180786,0.015910372864620555,0.016339660930633545
1394,0.015890618099106683,0.01629887819290161,0.01590663094412949,0.016339632129669192
1395,0.015908423331048752,0.016264901533722877,0.015907222254822648,0.016336951783299445
1396,0.01587250627163384,0.01629887118935585,0.015905122797273925,0.016334629735350607
1397,0.01592408980346388,0.016405325904488562,0.015904317649453877,0.016329446399211883
1398,0.01594437392221557,0.01638938806951046,0.01590342724935876,0.016331172034144404
1399,0.015905429911282326,0.016334664449095725,0.015903599278463257,0.016329487857222557
1400,0.01589480044527186,0.01630916751921177,0.015904979214403366,0.016326193591952323
1401,0.015906495228409766,0.016275176107883454,0.015904278526041243,0.016324866062402722
1402,0.01591602009203699,0.016251437440514563,0.015903280288312168,0.01632134267091751
1403,0.015912429044644037,0.01641951858997345,0.015901766092247433,0.016320129120349885
1404,0.015862474222150112,0.016484012082219123,0.015900489837593505,0.01632197289466858
1405,0.01595718594888846,0.016388219222426413,0.01589929139448537,0.016326523652672766
1406,0.015860484027200274,0.016327140778303148,0.01589852282289002,0.016339347401261327
1407,0.015929197896685864,0.016349946931004524,0.01590069629483753,0.016343554285168645
1408,0.015894161591099368,0.01631381258368492,0.01589896593441566,0.016347074261307718
1409,0.015892017951442135,0.016269004195928572,0.015899432596729865,0.016346982884407047
1410,0.015899432545734775,0.016384924948215484,0.015900004561493795,0.01634597551822662
1411,0.015855975796779,0.016293143033981324,0.015899549838652213,0.016341374787688257
1412,0.01593095599777169,0.016257958486676216,0.015897475019180114,0.01633901157975197
1413,0.01588395181629393,0.01625703014433384,0.015897398288630776,0.016334647944569586
1414,0.01588733308431175,0.016247860193252563,0.015895849953177905,0.016335755568742755
1415,0.015892300208409628,0.01626788206398487,0.015893573853787448,0.016340558293461798
1416,0.01587413164890475,0.01637389175593853,0.015891794590238068,0.016333222874999047
1417,0.015867218346231515,0.016393161118030547,0.015894122424473366,0.016322039183974266
1418,0.015901063341233465,0.016628368496894835,0.01589387637269166,0.016317161408066747
1419,0.015944954897794458,0.016404050290584563,0.015896759296870896,0.01631343312859535
1420,0.015865164320502015,0.016352900937199592,0.015895793663213652,0.01630966044068336
1421,0.015884172829488914,0.016296586766839028,0.015894987752123016,0.016307905158400533
1422,0.0159383889225622,0.016380141749978067,0.015892880056384534,0.01631108449697494
1423,0.01593300585117605,0.016274369806051254,0.01589093057985107,0.016310460025072093
1424,0.0158535594244798,0.016275584250688552,0.015890934250172642,0.01631093747615814
1425,0.015892882181538476,0.016200076639652252,0.015886668562806315,0.016310387527942657
1426,0.015867786842087905,0.016302866712212562,0.01588579612200459,0.016312730821967127
1427,0.015859117607275645,0.01637150555849075,0.01588479652106762,0.016312194505333902
1428,0.01586794745590952,0.016236133128404617,0.01588433527665006,0.016312669333815574
1429,0.015920670078032547,0.016204419806599618,0.01588313879519701,0.016307094046473503
1430,0.01595103465434578,0.016266274824738504,0.01588436673498816,0.016308184042572973
1431,0.015932557131681176,0.01623393379151821,0.015884701156119504,0.016292350223660473
1432,0.015905057055254777,0.01625562973320484,0.01588333301229609,0.016290250152349472
1433,0.015874013813833396,0.016269930526614188,0.015881987150344584,0.016284470573067665
1434,0.01583932555798027,0.01634848766028881,0.015883321960435976,0.016284867119789125
1435,0.01585069563239813,0.016369313150644303,0.015881146158857478,0.016281292909383776
1436,0.01585606755481826,0.016305079311132432,0.01587735444944766,0.01629837329089642
1437,0.01582431381361352,0.016244209781289102,0.015877670285271272,0.0163002950578928
1438,0.015862140796250767,0.016315612494945526,0.015878771676454278,0.01630121508538723
1439,0.01586234306088752,0.01623445227742195,0.0158777948723899,0.016299120223522184
1440,0.015880769097970593,0.016279752776026727,0.01587805597699351,0.016293541067838667
1441,0.01584421961257855,0.016234509572386743,0.015875779629912642,0.01629281307458878
1442,0.015897916841010253,0.016420411020517348,0.01587165905079908,0.01629633204936981
1443,0.015909423869517113,0.016232523024082183,0.015865801798883413,0.016309701871871946
1444,0.015910751302209165,0.01635154850780964,0.01586495571028855,0.016310802361369132
1445,0.015831517771714265,0.01620841145515442,0.015864197590036527,0.01630971919298172
1446,0.015917543081773653,0.016306500434875488,0.01586400551489658,0.016308931538462638
1447,0.01588399388309982,0.016290786489844323,0.015860684712313944,0.016307020273804665
1448,0.015838213115930557,0.0167013793438673,0.015859229915423528,0.01630119350552559
1449,0.015861455320070186,0.016323628425598143,0.01585835283158554,0.016297119686007496
1450,0.015920416961113612,0.016223077327013016,0.015858989341308676,0.016302106231451036
1451,0.01584336674047841,0.016250495165586472,0.015856867180185186,0.016302072310447693
1452,0.015865645222365856,0.01623202666640282,0.015855916905734273,0.01630423952937126
1453,0.015811038778887853,0.01621793329715729,0.015853500568783943,0.01630283449292183
1454,0.015817655600193475,0.016292394176125526,0.01585285042333934,0.016300074291229247
1455,0.015804603356454106,0.016600520387291907,0.01585019756944643,0.01629112011194229
1456,0.015911404916809663,0.01626144602894783,0.015847388219088317,0.016290341341495516
1457,0.015886104048954117,0.016228550523519517,0.015842259363747304,0.016285334107279774
1458,0.015869211935334734,0.016250239163637163,0.015841972462832924,0.016285106834769244
1459,0.0157563054934144,0.016300706043839455,0.015837256631255146,0.016280141413211824
1460,0.015814325710137685,0.01622364394366741,0.015834427758223482,0.01627935737371445
1461,0.01583414045886861,0.0162032338231802,0.015834907208051946,0.016259025898575783
1462,0.015840226556691858,0.016368873417377472,0.015834545200318097,0.016253635013103482
1463,0.015809086768163574,0.016314764469861985,0.01583080306243565,0.01625265425443649
1464,0.015838586199614736,0.016288632750511168,0.0158284310662912,0.016253559637069703
1465,0.015820360674212375,0.016244626864790918,0.015826124864899448,0.016252786409854888
1466,0.015827965976463423,0.016165504530072212,0.01582496801176005,0.016251256766915318
1467,0.015831595493687525,0.01619655653834343,0.01582487607962555,0.01629922899603843
1468,0.01583919011056423,0.016213053762912752,0.01582922544115119,0.016283408159017562
1469,0.0157825299186839,0.01622636765241623,0.01582618241591586,0.016280007976293562
1470,0.015824345248854822,0.016202729642391205,0.01582180920433667,0.01627859589457512
1471,0.015799647292329206,0.016182364895939827,0.015820123338450988,0.01627652643322945
1472,0.015813272057308092,0.016271185502409934,0.015820915704468884,0.01627841721773148
1473,0.0158501993616422,0.016193092465400696,0.015820778201851578,0.01628600881099701
1474,0.01585240512672398,0.0161888562887907,0.015821215212179555,0.016286335971951484
1475,0.0158268635140525,0.016198558360338212,0.01581974153485563,0.016284067565202717
1476,0.015784066836867068,0.016273129731416702,0.015819512870245512,0.01627961275577545
1477,0.015807990187572108,0.016212695986032487,0.015819577443102993,0.016278474372625352
1478,0.015782117450402842,0.016179692223668097,0.015820711159954468,0.016277401429414747
1479,0.01581535729683108,0.017491699904203416,0.01581908276917206,0.016278712838888168
1480,0.015913337394595148,0.016204999461770057,0.015820554575241275,0.016278396454453475
1481,0.01583532928592629,0.016176441460847856,0.01581951924123698,0.016278824257850648
1482,0.015776773759474356,0.016193248480558396,0.015822304596751928,0.016279835906624796
1483,0.015827065288192697,0.016198502629995348,0.01582147247691949,0.0162831228852272
1484,0.01577611464386185,0.01634797565639019,0.015823562993274795,0.016283661034703256
1485,0.01581088814470503,0.016413433775305748,0.01582924645808008,0.016279766741394995
1486,0.015845065717067983,0.016211412847042084,0.01582719019866652,0.01627915949523449
1487,0.015803384623593753,0.016312163248658182,0.01582600433329741,0.016280031117796898
1488,0.01580337015291055,0.01620339423418045,0.015822585455245442,0.01628608567118645
1489,0.015840200521051884,0.01626017317175865,0.015822979564302498,0.016284406358003618
1490,0.015848703595499197,0.01621780328452587,0.01582297829389572,0.016287044370174412
1491,0.015787256206903192,0.01619828976690769,0.015820947012801963,0.016298504188656807
1492,0.015868390645417903,0.01618864692747593,0.01582213388250934,0.016244850569963457
1493,0.01581330676045683,0.016223748847842216,0.015816573379437128,0.01624238348901272
1494,0.015852163806557656,0.016251658871769905,0.015817775148153305,0.01624305544793606
1495,0.015803542253043916,0.01628490410745144,0.01581799045312736,0.016244224086403847
1496,0.01585191020121177,0.01619581863284111,0.01581837549648351,0.016240759074687958
1497,0.015955358677440218,0.016173828169703485,0.015818008395698333,0.016232854855060576
1498,0.015798792876303196,0.016177911311388016,0.01581488333062993,0.016238911750912664
1499,0.01582275849249628,0.016210646852850914,0.01581209147274494,0.016237846612930297
1500,0.015741391562753254,0.016349922195076944,0.01581019430309534,0.016230807462334632
1501,0.015793919563293457,0.016231146901845933,0.015811386496159766,0.016248474624752998
1502,0.015807958427402707,0.016278646290302276,0.015810768593185476,0.01624631309211254
1503,0.015731335423058934,0.01646618768572807,0.015805621708432836,0.01624408913552761
1504,0.01584502903951539,0.01615035943686962,0.015804343054360813,0.016243332502245904
1505,0.015774324817789925,0.016143322438001633,0.015803118406070606,0.01624082908332348
1506,0.015865373503830698,0.01619324043393135,0.01580047715206941,0.016238072302937508
1507,0.015782156383825675,0.01622246444225311,0.015798538873841368,0.0162377931445837
1508,0.015836691372096538,0.01611187733709812,0.01579737072231041,0.016233897769451142
1509,0.015766937124232452,0.016150370165705683,0.015791713085687824,0.016234545210003854
1510,0.015732761517994933,0.01656485617160797,0.01578463074308303,0.016233595538139346
1511,0.015775269269943236,0.016184784397482874,0.015783566680302223,0.016234710401296617
1512,0.01575595538235373,0.016136184483766556,0.015781107997149234,0.016230510559678078
1513,0.015833174979521168,0.016645073294639587,0.01578330529638463,0.016221295580267907
1514,0.015824752946694692,0.016206134855747224,0.01578204524194201,0.016218017634749414
1515,0.015720031476683088,0.01616220436990261,0.015782594318439563,0.016212681618332864
1516,0.0157552898551027,0.016179373934865,0.015783147316591608,0.016220977425575257
1517,0.015837774438162644,0.016126061454415322,0.01577865586537454,0.016225751322507857
1518,0.01574727541042699,0.01615482933819294,0.015777272514088288,0.016229812815785408
1519,0.015803706850856542,0.016244679912924765,0.015774285019685825,0.01623070655167103
1520,0.01577433846477005,0.01618751972913742,0.015772355018804474,0.01622806082367897
1521,0.015710469285647073,0.0162120046466589,0.01576846626889375,0.01622947913706303
1522,0.01577830011232032,0.016150086373090743,0.0157661943792469,0.016234858006238938
1523,0.015772191306783093,0.016205782890319823,0.01576604379523132,0.01622211042046547
1524,0.01576129141367144,0.016105650812387465,0.01576506297033694,0.016223773038387297
1525,0.015796324043638177,0.016119547709822653,0.015765923078606525,0.016223313441872594
1526,0.015762418202228016,0.016149198263883592,0.015762610604448453,0.01621366182565689
1527,0.015821685339841577,0.016145245879888536,0.015759377068032824,0.016217214262485503
1528,0.015745160376860037,0.01667358286678791,0.01576244117377533,0.01623300666809082
1529,0.015732742759088675,0.01626970686018467,0.01576650878000591,0.016228857520222666
1530,0.015739741035633616,0.016244859769940376,0.015768237057079873,0.01622918536067009
1531,0.015790686143769158,0.016215583831071852,0.015768491536627214,0.016226753711700438
1532,0.01573390636179182,0.016156321242451668,0.015764317866000865,0.01622094987630844
1533,0.015739472624328402,0.016147335171699525,0.01576195049219661,0.01622283222079277
1534,0.01571013988306125,0.016284841895103454,0.015762745056715276,0.016222287887334822
1535,0.0157289969176054,0.01624616652727127,0.015759074805511367,0.016220221126079556
1536,0.015750748647583857,0.016226349845528603,0.01575764316750897,0.016219171157479284
1537,0.015777458089093366,0.01612469457089901,0.015754639568593767,0.016232287552952765
1538,0.01575036312556929,0.016403782889246942,0.015753921155631543,0.016237418019771573
1539,0.015743914536303943,0.016294945776462556,0.01574996895806657,0.016239692404866217
1540,0.015796634120245776,0.016557014510035516,0.015746145757536092,0.01623704834282398
1541,0.01585698001086712,0.016075645238161088,0.015744737532734872,0.016216415685415264
1542,0.015880981365011797,0.016134257465600967,0.01574444986432791,0.01620968383550644
1543,0.01575363739911053,0.016094038113951683,0.015744518965151576,0.016204796105623247
1544,0.01569936508519782,0.016099584028124808,0.015742477786044283,0.01620124891400337
1545,0.015715154119663767,0.016234578341245653,0.015743722928729328,0.016200756093859674
1546,0.015730333398613666,0.01619839631021023,0.015743037497831718,0.016199514958262443
1547,0.01568654383222262,0.016098417341709137,0.01574165704266893,0.016194029077887532
1548,0.015736400356723204,0.016179533675312996,0.01573956888318062,0.016186959579586983
1549,0.01568620144079129,0.016433560699224473,0.01573940865877602,0.01619517266750336
1550,0.015778363719582557,0.016247809380292893,0.015736033951408334,0.016197337874770165
1551,0.0156636132631037,0.016206057891249657,0.015735886985394687,0.016187654712796214
1552,0.015726105326579677,0.016079144328832628,0.015733979714579054,0.016182228735089305
1553,0.015709954756829472,0.016157766431570054,0.015730117066204544,0.01616272808611393
1554,0.015725551048914592,0.01610141061246395,0.01572857627554072,0.01616809685826302
1555,0.0157414685562253,0.016122666522860526,0.01572181039336655,0.016165210124850275
1556,0.01573965666608678,0.016126904040575027,0.01572042507479588,0.0161642629057169
1557,0.015765034928917884,0.016144000738859177,0.01571877156396707,0.01616911309659481
1558,0.015722336851888234,0.0161163067817688,0.015719630339245002,0.016162309509515763
1559,0.0156756285039915,0.016147694885730743,0.015717433538370663,0.016160669192671777
1560,0.015676792930397723,0.01606942906975746,0.015719363430142404,0.01616070135831833
1561,0.01574674303746886,0.016431677043437957,0.015718583029343022,0.01615679303407669
1562,0.01569309040490124,0.0161788247525692,0.01571818332274755,0.016143375054001805
1563,0.015746688975228202,0.01616170383989811,0.015715669507781665,0.016135471031069753
1564,0.01569623276591301,0.016159296333789826,0.015716211934056548,0.01612979039847851
1565,0.015700067910883162,0.016069498285651206,0.015712074196504222,0.016130875378847123
1566,0.01581846024427149,0.016209864541888237,0.015711495769520602,0.01612787583172321
1567,0.01571183431065745,0.0160620891302824,0.015708781305783327,0.016127292704582217
1568,0.015719004434843857,0.016070357635617257,0.015704790337135392,0.016124546644091603
1569,0.015658027314477498,0.01622083880007267,0.015701369177053375,0.01612212600708008
1570,0.01573662350161208,0.016064488664269447,0.01569603409907884,0.016122437742352485
1571,0.015675413376755185,0.016157388389110565,0.01569467558587591,0.01612585952579975
1572,0.01573479112651613,0.016099221482872964,0.01569477207966977,0.016124366983771322
1573,0.015716890336738693,0.01608182556927204,0.015694429983446993,0.016122872892022133
1574,0.015676208775904442,0.01609811119735241,0.01569381125362383,0.016108824387192727
1575,0.01571551834543546,0.016050208806991578,0.01569247208229369,0.01610773205757141
1576,0.015677173919975758,0.016064042076468468,0.015687435440801912,0.01610317651033401
1577,0.015622661887771554,0.01610626883804798,0.015687675890409283,0.016098076379299164
1578,0.01569549408223894,0.01608277775347233,0.015685973760237296,0.01610041573345661
1579,0.015657689455482696,0.01608683243393898,0.015679771624091596,0.01610389956831932
1580,0.015641694340027042,0.01605401501059532,0.015677638633631995,0.01610200850665569
1581,0.015654127664036222,0.016066388115286826,0.0156754040369557,0.016101308405399316
1582,0.0156316579795546,0.016151794120669364,0.015676946503669024,0.016094396710395812
1583,0.01568837402181493,0.01620185136795044,0.01567314115746154,0.01609227010607719
1584,0.01567804084883796,0.016110381335020064,0.015670446359283396,0.016085523423552513
1585,0.015668240524828434,0.01603207677602768,0.01567001761297385,0.01608173813223839
1586,0.01573127479188972,0.01608046442270279,0.015668156173659697,0.0160798485070467
1587,0.015659611121647887,0.016151516512036324,0.01566841335147619,0.01607746506333351
1588,0.015620772937933604,0.016047815158963204,0.015664026844253144,0.01607689370214939
1589,0.015702244006097318,0.016031793057918547,0.015664561055021155,0.01608757114112377
1590,0.01565751465658347,0.016127982139587403,0.015664125730842353,0.016085622709989547
1591,0.015663406840629047,0.016296960413455963,0.01566218272737331,0.016084168750047683
1592,0.01565850954916742,0.01601481258869171,0.015669528655293915,0.016099987971782685
1593,0.015663139517936443,0.016052855104207994,0.015675110707845955,0.016099623340368272
1594,0.01569658898231056,0.016048046424984933,0.015674807614170845,0.016099348205327987
1595,0.015641489846424925,0.01601132355630398,0.015675169773813755,0.016096290293335914
1596,0.01560804342230161,0.01598872132599354,0.0156736977117757,0.016089895913004876
1597,0.015724072468777498,0.016004589200019837,0.015670902784251508,0.016086738702654837
1598,0.015670354353884856,0.01603458493947983,0.01567011436381274,0.016085351049900054
1599,0.015682638221316866,0.016038525104522704,0.01566612229405178,0.016083848717808723
1600,0.015605855664859215,0.016035924777388574,0.015664494623161024,0.016076768431067468
1601,0.01569052918917603,0.01633097805082798,0.015665146577109892,0.016076343673467636
1602,0.015611778783301512,0.016057558059692383,0.015666451638191938,0.016075866252183914
1603,0.015646918995512855,0.016046428754925728,0.01566582593826784,0.016070952942967415
1604,0.015841337653497854,0.016482312977313996,0.015663461704303824,0.016059523174166684
1605,0.015781245653827984,0.016044899225234985,0.01566253260796269,0.01606341460943222
1606,0.01564655032215847,0.016059509739279748,0.01566267063526644,0.016063494306802747
1607,0.01564071197062731,0.016075346320867538,0.01566042239856389,0.016061436429619786
1608,0.01565157247086366,0.016041991859674455,0.01565978170550532,0.016063626727461814
1609,0.015608167660733065,0.01603145107626915,0.015662131320105657,0.01607253995537758
1610,0.015648530013859272,0.01599738545715809,0.01565787856678168,0.016076909390091893
1611,0.015631473047865763,0.016042906120419503,0.015657412922382354,0.01608650996387005
1612,0.01561891934937901,0.015974509343504906,0.0156527712997463,0.01608488084077835
1613,0.01563707178665532,0.016037196218967438,0.01565403294753697,0.016090318951010707
1614,0.015734870533148447,0.0160198575258255,0.015652286886423825,0.016076058119535448
1615,0.015641872158481014,0.01600514940917492,0.01565350437503722,0.01608191433250904
1616,0.015604300991528564,0.016011216193437577,0.015651888335827324,0.016079646563529965
1617,0.015635282140639094,0.01611209847033024,0.015641510049750406,0.016059470719099044
1618,0.01566659020053016,0.016054847538471223,0.015635706245319708,0.016067190486192703
1619,0.015640383064746858,0.01599659949541092,0.01563369154234727,0.016064965298771855
1620,0.01562547251996067,0.016066081002354623,0.015632626565794148,0.01606768642067909
1621,0.015666783787310123,0.016211552023887636,0.01562859910544422,0.01607000521123409
1622,0.015617753635678026,0.01611382506787777,0.015627388499925534,0.01606676125526428
1623,0.01565871324390173,0.01627459928393364,0.015622975324756568,0.016069523149728773
1624,0.015566597655415536,0.015997797027230264,0.015619843706323041,0.016069215887784958
1625,0.015637396859625976,0.016171877533197404,0.0156173075336549,0.01606896978914738
1626,0.01564687766134739,0.015974457263946532,0.015614524840729104,0.016067410695552828
1627,0.01564221599863635,0.01620396338403225,0.015605342145346934,0.01607072415947914
1628,0.015606518015265464,0.015989734530448912,0.015604530206239886,0.016071187457442283
1629,0.01558188050157494,0.01597791686654091,0.015606537534544867,0.016068354383111
1630,0.015636150543060567,0.016237893402576448,0.015606197540544802,0.016062052530050278
1631,0.015596182747847505,0.01600388005375862,0.015602574964116017,0.0160629009693861
1632,0.015614087556799253,0.01614337436854839,0.015602406272043784,0.016063126546144488
1633,0.015550885962115393,0.01609996162354946,0.01560152977200018,0.016060105314850807
1634,0.015577902522765927,0.015950352177023886,0.015597495410260228,0.016051858794689178
1635,0.015538200634635157,0.016066432818770408,0.015598334927443001,0.016043249809741974
1636,0.01555318258702755,0.016035224571824075,0.015592200119876201,0.01603605214059353
1637,0.015555515032675531,0.015968356877565384,0.01559209783251087,0.01603687629699707
1638,0.01556750446351038,0.01599821887910366,0.015588736533042458,0.016027855852246285
1639,0.015505303148594168,0.016102694123983383,0.015589107279727857,0.01602709600329399
1640,0.015621573680804836,0.016016731858253478,0.015588630017803777,0.01601680889427662
1641,0.01565448419915305,0.015940389335155486,0.015585590256585015,0.016014629551768304
1642,0.015626782290637492,0.01595455214381218,0.015587366148001618,0.016017466586828233
1643,0.015576025789810552,0.016076058521866797,0.015585372154745791,0.016007342702150346
1644,0.015636165762941044,0.016002238914370536,0.015583362013184361,0.016008516079187393
1645,0.015603560018870566,0.015990550220012664,0.015581926204015809,0.015999705690145492
1646,0.015565924743811289,0.016005389019846918,0.015582866664479177,0.01600001002550125
1647,0.015638741565247378,0.015898600444197653,0.015582380959391596,0.01600150845348835
1648,0.015505343054731687,0.016094657555222512,0.015581272013402647,0.016004086360335353
1649,0.01556404047128227,0.0160184009373188,0.015582476624432538,0.015998868358135222
1650,0.015553364372915691,0.015946366414427756,0.015582687051345906,0.015997422769665717
1651,0.015656146328482362,0.015955461040139198,0.015588387476238941,0.015998604282736778
1652,0.015630284450534316,0.015946785658597945,0.015590131116575666,0.01599009784162045
1653,0.015530523984796471,0.015935250967741014,0.01559268075724443,0.01598587328493595
1654,0.015626277786990005,0.01604884274303913,0.015585438044700362,0.015992292341589928
1655,0.01558630071166489,0.015984796285629273,0.015582342679136331,0.015998723521828656
1656,0.015545929208811787,0.01603321447968483,0.01557996126148436,0.01599240645468235
1657,0.015578192327585486,0.015923114642500878,0.015578413273559678,0.015991757234930994
1658,0.015574397473699517,0.01610757000744343,0.015576957546505664,0.015991028833389282
1659,0.015565759895576372,0.015987812876701354,0.015579039924840133,0.015989755347371102
1660,0.015510476984911495,0.01613088048994541,0.01557817111429241,0.015995315778255467
1661,0.015583297862774795,0.01590477451682091,0.015577713277604845,0.015988508805632594
1662,0.015560775705509716,0.015932217165827753,0.015574084142429962,0.015982892635464672
1663,0.015710015085836252,0.016027756705880164,0.015576134348826277,0.015979675018787387
1664,0.015548894157012303,0.01589003309607506,0.015571855008188223,0.01597838805615902
1665,0.015685314697523912,0.01591111794114113,0.015567689080867503,0.015979215049743655
1666,0.015473416385551294,0.0161008657515049,0.015566616791321174,0.01598595610260964
1667,0.015549398151536782,0.016115331649780275,0.015560995399951935,0.016014542663097386
1668,0.015516490348511273,0.01591813184320927,0.015557889395786655,0.016015123611688616
1669,0.015597466064823998,0.015986008420586586,0.015553949112776253,0.016008387809991836
1670,0.015567166842520236,0.015972340181469917,0.01555082474640674,0.016008341389894487
1671,0.015617984202173021,0.015973551869392394,0.015548721969707144,0.016006605076789856
1672,0.01561702130155431,0.016037611216306688,0.015549602721217606,0.016027191600203515
1673,0.015493897137542565,0.015924483239650726,0.015548532499455744,0.016016453444957734
1674,0.015473312091910177,0.01587799668312073,0.015549551162372032,0.016020306220650673
1675,0.015604619532823563,0.01586592599749565,0.015546889306687644,0.016017821413278576
1676,0.015549162812530994,0.015923286974430084,0.015539959656943877,0.0160337268859148
1677,0.015526136267516349,0.015967460498213768,0.01554023694006933,0.016032334122061724
1678,0.015503716746138202,0.016103777289390563,0.01553434189632535,0.016032313901185986
1679,0.015485743002759086,0.01676350675523281,0.015536740704460275,0.016021603491902348
1680,0.015508650607532926,0.01599932000041008,0.015533827672650418,0.01601307771503925
1681,0.015447422133551703,0.015864819437265396,0.015532982677552437,0.016013935872912406
1682,0.015500083168347677,0.0159219541400671,0.015530264706081815,0.01601056235730648
1683,0.015521828056209616,0.01606416217982769,0.015526968598531355,0.016033958160877226
1684,0.0155877786833379,0.01650247596204281,0.015522453611095749,0.016035882210731503
1685,0.015483721440864934,0.015862426608800887,0.015518820643093852,0.01603050647377968
1686,0.015608764435682031,0.016001093909144403,0.015520040060745349,0.01602941416501999
1687,0.015494229313400056,0.01587009698152542,0.015521084535370273,0.016028496187925338
1688,0.01553677384224203,0.016425393521785736,0.015516587952855562,0.016031498256325723
1689,0.015555826235148642,0.01585521399974823,0.015513252750949728,0.016030970516800882
1690,0.01553793860392438,0.015910612419247627,0.015514348980370496,0.016027850204706193
1691,0.015533386588924461,0.01583310551941395,0.01551457088564833,0.01602142823636532
1692,0.015476572356290288,0.01590218722820282,0.015513134744018315,0.01598409357070923
1693,0.015495365471061734,0.01593958579003811,0.015510106048319075,0.01598898740410805
1694,0.015529516778058475,0.015901670530438422,0.015512889306247234,0.015988282614946368
1695,0.015484764153758684,0.0165572352707386,0.015513178887135453,0.015987425202131273
1696,0.015505109516282877,0.01602165311574936,0.015511852966911262,0.015986215573549276
1697,0.015526197101506921,0.015903217792510985,0.015505868804951507,0.015959946939349177
1698,0.015524382578829925,0.01589717552065849,0.015508563814229433,0.01596157547533512
1699,0.015499423957533306,0.01585504725575447,0.015504700537605415,0.015967691478133202
1700,0.015492204969955816,0.015940977707505227,0.015507060268438521,0.01596585164666176
1701,0.015465782764885161,0.015910093486309052,0.015504074830396307,0.01594158656001091
1702,0.015553542003035546,0.01588945269584656,0.015500688930104173,0.0159419145077467
1703,0.015509264378084076,0.01594322808086872,0.015496106708298124,0.015942557162046435
1704,0.015449839462008742,0.015830140113830566,0.015491823330935503,0.015944389817118647
1705,0.015432933215051889,0.016121665835380553,0.015501445760743485,0.01594309130012989
1706,0.015517003581755692,0.015847199708223344,0.015506551751494405,0.015947228348255158
1707,0.015507322690553136,0.01590051881968975,0.015501679724620448,0.015949851620197297
1708,0.015488680050604874,0.01603392146527767,0.015499345182710225,0.01592467206418514
1709,0.015438174634344048,0.015845760107040405,0.015498445378740629,0.015921054297685623
1710,0.015551096672813097,0.015903140008449553,0.015492934416234491,0.015916972291469572
1711,0.0155121825200816,0.016153993979096413,0.015491677469180688,0.015916507121920585
1712,0.01555322258422772,0.015824101194739343,0.015489555689692496,0.015917271745204926
1713,0.015462137891186608,0.015818766355514526,0.015485779247267378,0.01591065030694008
1714,0.01547117872784535,0.01586341269314289,0.015484221248908173,0.015909211152791976
1715,0.015423383058773147,0.01592667877674103,0.015480567433519495,0.015908273929357526
1716,0.015426302154858906,0.015878921896219252,0.01547879164028499,0.015904451411962506
1717,0.015717133101489807,0.015869724303483962,0.015479742708719438,0.01590193924307823
1718,0.015623015239834786,0.016043011993169785,0.015481099079963234,0.015892196044325825
1719,0.01540771610620949,0.01596725232899189,0.015476082764317592,0.015891190728545185
1720,0.015426400606003072,0.015927746370434762,0.015472608474228117,0.015886588865518567
1721,0.015482614417042998,0.015931208953261375,0.015470830382903417,0.01587646301090717
1722,0.01538842303885354,0.015801167637109755,0.015470425144831339,0.01587522650659084
1723,0.015492958902484841,0.015885546281933786,0.015468694407741228,0.01587504504919052
1724,0.01544637947032849,0.015874162837862967,0.01546295262368189,0.015858511623740194
1725,0.01539779390932785,0.015775441750884057,0.015459798022856316,0.0158772195994854
1726,0.015426832805905077,0.015874114632606507,0.015459054300106235,0.01587620846629143
1727,0.015462196618318557,0.01586602210998535,0.015454926665044494,0.015871885836124422
1728,0.015464869547221396,0.015847665145993232,0.015458923791266151,0.01587225304841996
1729,0.01547361617287,0.015767335891723633,0.01545952825355861,0.01587063412368298
1730,0.015466842496146759,0.015878085866570472,0.015448476729045313,0.015866938367486004
1731,0.015391595690614648,0.01582206681370735,0.015439871614923082,0.015855405634641648
1732,0.015420465438316266,0.015785472244024278,0.015443265833540097,0.015847801464796068
1733,0.015444227767487367,0.01578077509999275,0.01544271994257967,0.015844655454158786
1734,0.015428043682542112,0.015814847499132156,0.015443414420800078,0.01584287980794907
1735,0.015507828245560329,0.015898603573441507,0.015443037943128084,0.01584199109375477
1736,0.015368637918598122,0.015740658342838287,0.015439773909747602,0.015838753083348277
1737,0.015474357563588354,0.01629180058836937,0.015441743848555619,0.015835551208257675
1738,0.015443544822434584,0.015793488025665284,0.015444852869295414,0.015837329185009002
1739,0.015367987851301829,0.015755346938967706,0.015444107158564861,0.015859637507796287
1740,0.015523311214314568,0.015935859084129332,0.01544409289997485,0.015879077491164205
1741,0.01544141371217039,0.015838448777794837,0.015440470407158138,0.015882580006122585
1742,0.015440844988657368,0.01577733039855957,0.015436781885474921,0.015883204558491706
1743,0.015407887386778991,0.015754693672060966,0.015438179645273423,0.015880593729019166
1744,0.015492571571634875,0.015777148082852365,0.015435224606759019,0.01587934571802616
1745,0.015412753331992362,0.015849096104502677,0.01543279781151149,0.015887991470098495
1746,0.015499976372553242,0.015886817798018454,0.015431541950255633,0.015886155000329017
1747,0.015379011097053686,0.015778949782252312,0.015429186472213932,0.01588212890923023
1748,0.015411358067972792,0.015804596021771432,0.015426856407440372,0.015876719990372656
1749,0.015495627940528922,0.01579411596059799,0.015429824739942949,0.0159031240016222
1750,0.015475519427822696,0.015819891169667245,0.015422998263438544,0.015882259511947633
1751,0.01540819003764126,0.01643182270228863,0.015420577863355479,0.015878031399846077
1752,0.01546184015356832,0.01635202169418335,0.015421624386310577,0.01587829586863518
1753,0.015374307226803567,0.015935228019952775,0.015417561301423443,0.01587231947779655
1754,0.015381403130789598,0.015782949700951576,0.01541607524495986,0.015868854999542235
1755,0.015501786491109264,0.01581281512975693,0.015410898029390309,0.015888146966695785
1756,0.015317719727754593,0.015790866538882255,0.015414588666541709,0.01589084253907204
1757,0.015359795557128058,0.016001616045832633,0.015412615468270247,0.01589194058775902
1758,0.015412831236090925,0.015734863355755805,0.015408133063051435,0.015892618420720102
1759,0.015369156731499566,0.015714195221662522,0.015401075469288563,0.015883586907386782
1760,0.015449576626221338,0.015763380602002143,0.015400865554644006,0.015889666879177096
1761,0.015442846231162549,0.016400758624076844,0.0153994855619967,0.0158855064034462
1762,0.01530369565097822,0.015770188346505166,0.01539174335350593,0.015895927402377132
1763,0.015383034820357959,0.015687785223126412,0.015387893981734914,0.015897422084212305
1764,0.015394150925179323,0.01576195865869522,0.015387352935638691,0.01588469143211842
1765,0.015421734092136223,0.015786449313163756,0.015382227626774048,0.015861915779113774
1766,0.01540426230058074,0.015751836821436882,0.015384861530860267,0.015853289535641673
1767,0.01531141459941864,0.0162596295773983,0.015384114956524643,0.0158487100571394
1768,0.015500153315563996,0.015822082981467245,0.015379489517874191,0.015858673229813578
1769,0.015443241614848375,0.015804599300026895,0.015380990912516915,0.015873059353232386
1770,0.015300693201522032,0.01586604192852974,0.0153783018146952,0.015899459815025333
1771,0.015323536528481377,0.01566102996468544,0.015379641724460658,0.015898232856392865
1772,0.015373763230939707,0.015930949077010155,0.01537877694202794,0.015897543656826024
1773,0.015376858251790205,0.01570058412849903,0.015371051911347446,0.015901336145401006
1774,0.015302072728259695,0.01605464093387127,0.015364146988756128,0.01587226195931435
1775,0.015379285133547253,0.015857258215546607,0.015364860287557045,0.01586730681657791
1776,0.015394663885235787,0.016113556399941446,0.015362741679035955,0.015866150751709936
1777,0.015333707431952158,0.015782630369067192,0.015362032030108901,0.015874371334910393
1778,0.015440154828959041,0.01571957193315029,0.015357414326651227,0.01586953766345978
1779,0.015362738772398896,0.01566846273839474,0.015356493283311522,0.015865953615307807
1780,0.015386150524848038,0.016061894446611404,0.01536068442944023,0.015847252944111826
1781,0.015355254593822691,0.016150519624352454,0.01535256088591284,0.01584314247965813
1782,0.015292568111585246,0.01666162759065628,0.01534809333408872,0.015838856506347657
1783,0.015446328980227311,0.015704189389944077,0.015348475349694489,0.015838275808095933
1784,0.015347537170681689,0.01569696523249149,0.015348616108215517,0.015842649614810942
1785,0.015256450859208901,0.015858192816376685,0.01534524272059401,0.01583537758588791
1786,0.015270223166379663,0.015673903971910475,0.015339052195764251,0.015836549720168114
1787,0.015321528121001191,0.01564630977809429,0.015336919590416881,0.01582642472684383
1788,0.015330069607330693,0.015658883601427077,0.01533583461087611,0.015818643605709073
1789,0.015376409702003001,0.01596747323870659,0.015332006969468463,0.015817517471313474
1790,0.015306291505694389,0.015665607526898384,0.015328692093077634,0.015814577978849408
1791,0.01538123621708817,0.015662235617637636,0.015321289274841547,0.01581987348794937
1792,0.015416193252636327,0.015792112797498703,0.015317713948670361,0.015823229023814202
1793,0.015297064727379217,0.015719321370124818,0.01531534145962861,0.01581141012609005
1794,0.015331552819245392,0.015697449967265128,0.015312732504722143,0.015793400803208353
1795,0.015310243591666222,0.015851524472236634,0.015311108622037703,0.0157514396250248
1796,0.015327055491507053,0.01577037513256073,0.015306329383866656,0.01574871341586113
1797,0.015289428540401988,0.01574914835393429,0.015301716215825743,0.015747677388787275
1798,0.015222095131046243,0.01572988748550415,0.015300817788889013,0.015743193721771243
1799,0.015248757594575484,0.015801516100764273,0.01530167416309317,0.015740880608558657
1800,0.015352160645027955,0.01566273018717766,0.015299375630170108,0.01573920516371727
1801,0.015298972850044569,0.01608540304005146,0.015297910409917435,0.015742106038331986
1802,0.015250835522181459,0.015709143057465555,0.015296204438888366,0.015732920807600023
1803,0.015255084373056888,0.015851959660649298,0.01529610480376416,0.015730565294623376
1804,0.01527335561811924,0.015752351135015486,0.015291645648827158,0.01572725325226784
1805,0.01532683829880423,0.015766422003507613,0.015287089133593773,0.015720018547773364
1806,0.015290030721161101,0.01570028655230999,0.015285211069881918,0.015716108879446987
1807,0.015251971044474177,0.01561259813606739,0.015282422240657938,0.015712458708882333
1808,0.01532684802595112,0.015636034160852432,0.015282279356237913,0.015707720282673837
1809,0.015232207969658905,0.01567106455564499,0.015280334095077387,0.015699290233850482
1810,0.015233990185790592,0.01574610114097595,0.015280700282504164,0.015717110112309456
1811,0.015291632521483634,0.01561607614159584,0.015283351685810423,0.015715476855635645
1812,0.015264064797924625,0.01560442365705967,0.015281431414476701,0.015711548256874083
1813,0.015293439101013872,0.015731405466794968,0.015280239936502448,0.015708503633737565
1814,0.01533376042627626,0.015737842470407486,0.01527844843951365,0.015689780992269517
1815,0.015303800627589226,0.015606719702482223,0.015275959387297436,0.01568737241029739
1816,0.01526975734366311,0.0155794345587492,0.015277249838122068,0.01567909886240959
1817,0.015302280371801721,0.015611245185136796,0.015276036750814985,0.01567916258275509
1818,0.015250113134582837,0.01562157966196537,0.015274729874440368,0.0156731044203043
1819,0.015261832088645962,0.015606195703148841,0.015270702892417711,0.015668614515662194
1820,0.01530667148116562,0.01573306381702423,0.015269611839163639,0.01567058503627777
1821,0.015278423962493737,0.015559623911976815,0.015266633817594915,0.01567124638259411
1822,0.015298583226071463,0.016194645315408707,0.015266251331940296,0.01566781184077263
1823,0.015288380213702718,0.01568905606865883,0.015269990964771975,0.015664999678730966
1824,0.01520075081123246,0.01570330113172531,0.015267965931403971,0.01566716034114361
1825,0.015322373695671559,0.015586614608764648,0.015263558120239116,0.015690017184615136
1826,0.015254185425324572,0.015617337003350258,0.01525864044531352,0.015696337917447088
1827,0.015188609216776158,0.015648928508162498,0.015256741158705622,0.01568880966901779
1828,0.015287345643672678,0.015645120963454245,0.01525885539241135,0.015687293994426726
1829,0.015243028435442183,0.015753944143652915,0.015258334340527653,0.01568883234262466
1830,0.01529416638943884,0.015614967942237854,0.015253154459554287,0.015699508139491076
1831,0.015189356170594692,0.015588038936257362,0.01525240477402177,0.01569734249413013
1832,0.015224694713122315,0.015661861151456832,0.0152482652866592,0.01569491698443889
1833,0.015252397486733066,0.01565256781876087,0.015249797431338164,0.015686487492918965
1834,0.01522264582829343,0.015585201010107994,0.015248202222295932,0.015687263855338092
1835,0.015327481006582579,0.01567579708993435,0.01524049951421718,0.01566009110510349
1836,0.015241006687283516,0.015670092701911928,0.015240212365570997,0.01566199825406074
1837,0.015153869518803226,0.016175844743847846,0.015240796083791388,0.015658131882548332
1838,0.015170497227874067,0.01588942378759384,0.015234841372652186,0.015655173063278197
1839,0.015286278261078728,0.015549636259675027,0.015232853256165982,0.01565397986769676
1840,0.01535665647023254,0.015568827837705612,0.015228956259787083,0.01564909789562225
1841,0.015256731046570672,0.015617893263697624,0.015229066610419086,0.015643549492955208
1842,0.015172783347467581,0.01587814010679722,0.015231057038489315,0.015651583275198933
1843,0.015231370996269915,0.015567438527941704,0.015229611123849948,0.015654149466753007
1844,0.015158344904581705,0.015545557960867882,0.015225407077620424,0.01565323193371296
1845,0.01534497509813971,0.01552232652902603,0.015224550623612271,0.015651912662386892
1846,0.015238543736437956,0.015579032972455024,0.015221939594629736,0.01564824367761612
1847,0.015106015524102581,0.015515326559543609,0.015218865720017087,0.015644317591190338
1848,0.015281201497548157,0.01573673479259014,0.015211924689097538,0.015637336230278014
1849,0.015215343766742282,0.015606641843914986,0.01520755087112387,0.01563097270131111
1850,0.015173505917191505,0.0155126441270113,0.015211747161795693,0.01561095708310604
1851,0.015204482513169448,0.015587507113814354,0.015210646745314199,0.015597283580899238
1852,0.015091184307303693,0.015526879206299781,0.015203519043905867,0.015610555502772332
1853,0.01529010440947281,0.015506410896778107,0.015199105125748447,0.015607317575812341
1854,0.015292789137197865,0.015954788699746134,0.015195430625892348,0.015603293088078497
1855,0.015258018523454667,0.015679122731089592,0.015193007195575368,0.015592938935756683
1856,0.015084255014856657,0.015565100610256195,0.015193898050569823,0.015589356216788289
1857,0.01520328336291843,0.015628879368305208,0.015193732452144226,0.01558738305568695
1858,0.015187121762169731,0.015560843199491501,0.015184251875430347,0.015586507025361062
1859,0.015145798962977198,0.015487048849463463,0.015183035260521704,0.015582485291361806
1860,0.015153955233593782,0.015501263067126275,0.015181999849279721,0.015584545442461965
1861,0.015131661237941848,0.015511004477739334,0.01517513468745682,0.015574775731563566
1862,0.01525877678559886,0.015675454288721084,0.01517532019201252,0.015573740819096562
1863,0.015142986815836694,0.015547586232423782,0.01518065408070882,0.015577935770153997
1864,0.015108085725870397,0.01588143430650234,0.015179480828179253,0.015573135823011397
1865,0.015246308516297075,0.015487879663705826,0.015183449350131882,0.015589203956723212
1866,0.015164868550168143,0.0155172810703516,0.015178834322012131,0.01560237800478935
1867,0.01511219758954313,0.015619286298751832,0.01517538244186176,0.015588969942927359
1868,0.015253642371131314,0.01547787055373192,0.015167949136677714,0.015580012226104736
1869,0.015154204943941698,0.01549622893333435,0.015167334985153541,0.015592788815498353
1870,0.015107960680292713,0.015500425770878791,0.01516657589483592,0.01558981451690197
1871,0.015208128363721901,0.015478489622473716,0.015165507875962388,0.015588023361563685
1872,0.015080130243053038,0.015566830337047578,0.015163422165066002,0.015589717453718186
1873,0.015109572451975611,0.015492492020130158,0.015166626945055193,0.01558826050758362
1874,0.015219981380634838,0.015580769032239913,0.015165014344371027,0.015589613220095637
1875,0.015306853134598997,0.015617517903447151,0.015158837250454561,0.015584696638584137
1876,0.015175151199930244,0.01546750843524933,0.015154235217968626,0.01559485857486725
1877,0.01519039735611942,0.015928582549095155,0.015159475233323045,0.01558354161977768
1878,0.015174728706479073,0.015835762098431586,0.015153720660342115,0.015599088576436044
1879,0.015206492133438587,0.015619587153196335,0.015152093808518518,0.015596466267108918
1880,0.015072185893853505,0.015455179810523988,0.015150003244313929,0.01559294842481613
1881,0.015068901226752335,0.01588451534509659,0.01514454397575723,0.01559483387470245
1882,0.015184306104977926,0.015554521903395653,0.015142778773936962,0.015593404230475425
1883,0.015160421290331417,0.015516064316034316,0.015142343386676577,0.015598677819967266
1884,0.015093656190567547,0.015529401153326034,0.01513610481205914,0.015600743165612219
1885,0.015234074733323522,0.015464839413762093,0.015136601726462444,0.01561347836256027
1886,0.015091346220837699,0.015544822290539741,0.01513487958634893,0.015615052631497383
1887,0.015104349437687133,0.015552539750933648,0.015127389408730797,0.015607914790511128
1888,0.015027936003688309,0.01580163463950157,0.015117799178676472,0.015603923189640044
1889,0.015239086109730932,0.015598510429263114,0.015116570587373443,0.015602728039026258
1890,0.015102444191773732,0.01587655358016491,0.015113652991669047,0.01558718355000019
1891,0.015124197254578272,0.015451723337173462,0.015110288846244414,0.015574145776033402
1892,0.015059933484428458,0.01553134024143219,0.015104769545876319,0.015567790028452873
1893,0.015117160657213793,0.015525006800889968,0.015103432177752256,0.015574760380387308
1894,0.01511007489843501,0.015460487827658654,0.015101010545012023,0.015565954670310023
1895,0.015097075998783112,0.015632265508174897,0.015097623483422728,0.015559347862005236
1896,0.01505216399828593,0.01553012326359749,0.015095556333247157,0.015555711486935617
1897,0.015092553103135693,0.015885210260748864,0.015094010514269271,0.015558035254478457
1898,0.015066518949137794,0.01553184874355793,0.015090351166741714,0.015590174725651742
1899,0.015032726940181521,0.015402323007583619,0.015091529622591204,0.01558668459355831
1900,0.015067097383240859,0.015517727881669998,0.015090315320673916,0.015590934079885483
1901,0.015144436417354478,0.01543762966990471,0.015089461801946162,0.015574514898657799
1902,0.015117457463509506,0.015539970323443413,0.015081469168100093,0.015572266632318497
1903,0.0150906250708633,0.015509817749261856,0.015080982715388139,0.01555523460805416
1904,0.01506850962423616,0.015460693463683128,0.015078940552969773,0.015554358157515524
1905,0.015038751690751976,0.015629438608884813,0.015080909747713143,0.015547657492756843
1906,0.015008360408246517,0.015664372593164444,0.015079115008314452,0.015540044155716895
1907,0.015099629565245576,0.015389351695775986,0.015078413193093406,0.015547614070773126
1908,0.01510874253594213,0.015425154939293861,0.015080679708222548,0.015535969257354738
1909,0.015055010716120401,0.01558749534189701,0.01508120411535104,0.015529804551601408
1910,0.015142591045134598,0.016268326193094252,0.015079391125175689,0.015537922000885008
1911,0.015120807617074914,0.015457568988204003,0.015082907825956742,0.015531261697411534
1912,0.015073991889754931,0.01565877690911293,0.015088182591150202,0.015539418151974677
1913,0.015006598035494487,0.015391155108809472,0.015085886215253008,0.01553364191353321
1914,0.015039270263579157,0.015542303770780563,0.015082458672341372,0.015531322157382966
1915,0.015090282873974906,0.015450752973556518,0.015075453692095146,0.015528340852260592
1916,0.015073143194119136,0.015429812073707581,0.015072311637881726,0.015521965366601945
1917,0.015109163353012668,0.015363823622465134,0.015071069436354768,0.01552138891518116
1918,0.01507229217224651,0.015334673374891281,0.015070995727429787,0.015520228573679925
1919,0.015092529517908891,0.01564973570406437,0.015070073733313216,0.01551726597547531
1920,0.01515373887701167,0.015341145172715186,0.01506952167443103,0.015513788008689881
1921,0.015065274176498254,0.015376005619764328,0.015071504227899844,0.015583191341161729
1922,0.015047228348751863,0.01608814649283886,0.015071122719595828,0.015606369146704673
1923,0.015154436468664143,0.015365341156721115,0.015067023696088129,0.01557069544494152
1924,0.015164596070018079,0.01560623437166214,0.015065523479299412,0.015571364265680312
1925,0.015009687985810968,0.015373321920633317,0.015059936815417476,0.015564739328622816
1926,0.01505874784456359,0.015379635766148567,0.015057668070246775,0.015562347245216367
1927,0.014942332957353857,0.015465437695384025,0.015061670298957162,0.01555528255701065
1928,0.015012073715527853,0.015350430607795715,0.015057638720422982,0.015549631166458128
1929,0.015037454586062166,0.015446282178163528,0.015056899937573405,0.015545921304821965
1930,0.015036908967627419,0.015600430071353913,0.015051523028893602,0.015543720230460165
1931,0.014985310555332237,0.015590307638049125,0.015047435313711562,0.015580069735646247
1932,0.015085828093190989,0.015302402526140213,0.01504490693120493,0.015587819710373879
1933,0.015158306372662385,0.01716023825109005,0.015037469482173523,0.01559357726573944
1934,0.015045473008520074,0.016166940480470657,0.015035898401422635,0.015592762488126754
1935,0.015040115457442072,0.015376483649015426,0.015030412886705665,0.015560619872808455
1936,0.01508330219735702,0.015474289506673813,0.01502704417862826,0.015558275544643401
1937,0.01493432529270649,0.015493153482675553,0.01502343122371369,0.015548638743162155
1938,0.014949879406227006,0.015331353023648263,0.015025466631435686,0.015547172033786775
1939,0.01513932598133882,0.015365686565637589,0.015022533925622701,0.015549074172973631
1940,0.014989493410620424,0.0153094682097435,0.015021324699372056,0.015548063972592353
1941,0.015054673622879718,0.015337065532803536,0.015017988911685019,0.015543833482265472
1942,0.014974740636017588,0.015308796763420104,0.015015700223296883,0.015553178650140762
1943,0.014970099292695523,0.016243411004543306,0.015010226579589978,0.015539561343193056
1944,0.015029319955243006,0.015843485072255133,0.015007597343954777,0.015541021636128426
1945,0.014967802651226521,0.015485084056854248,0.015002969278395178,0.015540391582250597
1946,0.015025997157726022,0.015355636179447175,0.014995389540327921,0.01546304884850979
1947,0.014910090480827623,0.015284581109881401,0.014990013951559864,0.015439809563755989
1948,0.015070218766729038,0.015306732952594757,0.014987044730120238,0.015438569566607477
1949,0.015074272197153833,0.015365314334630967,0.014984807652069465,0.015445605930685998
1950,0.015060573178860876,0.015336654186248778,0.014984292429520027,0.015439424094557763
1951,0.014985430199238989,0.015427189245820046,0.014981889565785727,0.015435678708553315
1952,0.014912102301087644,0.01544018268585205,0.014972414241896739,0.015436704427003862
1953,0.014928679023351933,0.01524466834962368,0.014975493823736906,0.015456957787275315
1954,0.014980237376358774,0.015679911375045777,0.014971718713723955,0.015470520436763762
1955,0.014900067874954806,0.015259997397661209,0.014971348681963157,0.015476999941468238
1956,0.014919579664452209,0.01562681496143341,0.014967409151378607,0.01544093104302883
1957,0.01497012645420101,0.015286651179194451,0.014963742003258732,0.015418503114581107
1958,0.014968812920980984,0.015226669907569886,0.014962583751231433,0.01541547091603279
1959,0.014911083289318615,0.01558595836162567,0.014959525380449163,0.015423231998085974
1960,0.01496588492145141,0.015345483720302582,0.014961253946357304,0.015423960062861442
1961,0.01502737524608771,0.015650198608636857,0.014953419541981485,0.015445214772224424
1962,0.014921444728970527,0.015338607579469681,0.014950252570377458,0.015456713375449177
1963,0.01488980781286955,0.015237718373537063,0.014948801638020412,0.015487589478492735
1964,0.014902442884114053,0.015391329526901245,0.014953317571183048,0.015503679600358007
1965,0.015066482956624693,0.015815802216529846,0.014953107595112591,0.015494884616136548
1966,0.014960295872555839,0.015676131770014763,0.014950654162135391,0.015503201097249984
1967,0.014965489841997623,0.01547078438103199,0.014949836151881352,0.015485184398293494
1968,0.01487161102808184,0.015341688543558121,0.014954162535816431,0.015490796732902525
1969,0.014937641252246168,0.01528278686106205,0.014950268654856415,0.015478570926189424
1970,0.014938846350544028,0.015409279093146324,0.014950691015024982,0.015475007727742197
1971,0.014949537888169289,0.015549663230776787,0.01495009294682079,0.015477463933825496
1972,0.014953304628531137,0.015302782729268074,0.014948072579834194,0.015471812766790391
1973,0.014874358657333586,0.01583810068666935,0.014943943516744506,0.015482154682278636
1974,0.0149950979070531,0.015652779415249826,0.01493991925931639,0.01546456018984318
1975,0.015024299869934718,0.016108556762337686,0.01494362397359477,0.015458605185151101
1976,0.015098328528304894,0.015829442292451857,0.014948921809593837,0.01546209499239922
1977,0.01490685289932622,0.01522030808031559,0.014950090731680389,0.015455612957477572
1978,0.014867343198921945,0.015452580377459526,0.014945310487267043,0.015448298180103305
1979,0.014959787120007806,0.015229493901133538,0.014941464223878249,0.015438158357143406
1980,0.015008227473331822,0.015400305762887001,0.014933906118985681,0.01543613260984421
1981,0.014822232640451856,0.015321169793605805,0.014938464013983807,0.015430064114928246
1982,0.014980685458415084,0.015197571218013763,0.014936337345259057,0.015444341126084329
1983,0.014953861215876208,0.015288075059652328,0.014937048475858238,0.01543795258700848
1984,0.0148605741146538,0.0154446791857481,0.014937454150534338,0.015436017435789111
1985,0.014862658344209195,0.015604031607508659,0.014936961260024044,0.015429810103774071
1986,0.014926768810384803,0.015210336297750473,0.01493511737841699,0.015403817558288577
1987,0.01501406258593003,0.015189732462167739,0.014931958501951562,0.015386543047428133
1988,0.015022253712846174,0.015324963554739952,0.014929259070008994,0.015351493614912034
1989,0.014931665936277972,0.015229278653860092,0.014921080263207358,0.015369360709190372
1990,0.01494697684629096,0.015632932782173158,0.01492700890046027,0.015373725196719173
1991,0.014864139287836023,0.015422636196017265,0.014925894900411369,0.015365065383911136
1992,0.01477653721968333,0.015420140698552132,0.014920934905774067,0.015361436605453494
1993,0.014985558403035004,0.015189976170659066,0.014913051991164685,0.015352452942728998
1994,0.014884474534127447,0.015639712139964103,0.014914317003554767,0.01535294777750969
1995,0.01495662461552355,0.015249565616250038,0.014909562602308062,0.015357225391268733
1996,0.014959679755071799,0.015501284450292587,0.014904747603171401,0.015373167920112611
1997,0.014940982365773783,0.015147599428892135,0.014910057882964609,0.015363210108876228
1998,0.014828261617157194,0.015188287049531936,0.014906524509191513,0.0153571797400713
1999,0.014916125995417437,0.015220916643738747,0.014901245440542698,0.015358478328585626
2000,0.014956814071370495,0.015232320949435234,0.014888956792652609,0.015390965828299522
2001,0.01489385835826397,0.016276119649410246,0.01488409013450146,0.015390763622522355
2002,0.015055068830649058,0.015329420268535614,0.014885840133991508,0.015429355108737944
2003,0.014839493197699389,0.015236085057258606,0.014881713176767033,0.015406004968285559
2004,0.01483578725407521,0.015138774439692497,0.01487956151813269,0.015396123263239858
2005,0.014811154608097342,0.015175714194774627,0.014882252973152535,0.015384684133529662
2006,0.014853857950203948,0.01533354066312313,0.014876535377568672,0.015387267407774925
2007,0.014861825427247418,0.015304511561989784,0.014870809416307347,0.015368986871838566
2008,0.014833486237459713,0.015686638280749322,0.01486363339904282,0.015364483273029325
2009,0.014993331109484037,0.015195733904838561,0.01485624468939172,0.015351807332038878
2010,0.014774323999881744,0.015453272387385369,0.014853783332308135,0.015353833073377607
2011,0.014794792094164424,0.015242801010608674,0.014854841243558462,0.015352997705340383
2012,0.014706846388677756,0.01600191995501518,0.014850906793110902,0.015351365417242049
2013,0.014900587259067429,0.015319908410310746,0.01484496395587921,0.015374316969513893
2014,0.014975415923529202,0.01619406580924988,0.01484149035082923,0.015330153074860572
2015,0.014843802915679084,0.015049179270863532,0.014828129892879061,0.015322971525788305
2016,0.014810347821977404,0.015175593569874763,0.01482323016491201,0.015328839340806007
2017,0.014843823595179452,0.015134162455797195,0.014818440137472418,0.015328463146090507
2018,0.014842618513438436,0.01525455802679062,0.014815402998361323,0.015335077339410782
2019,0.014741325502594311,0.015182698741555214,0.014811963429633113,0.01532720732986927
2020,0.014777224183910424,0.015136975646018982,0.014808682090954647,0.015340909135341644
2021,0.014774962013794316,0.015184385925531388,0.014816525451590616,0.01531738128066063
2022,0.014879448438684146,0.015198242962360381,0.014811726784292194,0.015314043393731118
2023,0.014854709398415353,0.015167402848601342,0.014809043181687593,0.015299518036842348
2024,0.014817764734228451,0.015180109441280365,0.014805997885349724,0.015294316720962528
2025,0.01480824314057827,0.01580610975623131,0.014808436278253793,0.0152628736615181
2026,0.014807018232014444,0.01517202228307724,0.01480353967986173,0.015272906324267392
2027,0.014721057381894853,0.015149881541728973,0.014797541232489877,0.015260837486386302
2028,0.01471699999852313,0.015382780432701111,0.01479435991918047,0.015268359470367435
2029,0.014716036568085353,0.015129369571805001,0.014791744228452445,0.01527568212449551
2030,0.014735226130319965,0.015341069027781486,0.014788450535883508,0.015279816132783891
2031,0.014767868731998734,0.015136790424585343,0.014785905498514574,0.015271397906541827
2032,0.01477979196028577,0.015647056698799133,0.014787222436236012,0.015300154101848604
2033,0.015029570253358947,0.015098441913723946,0.014789209516346453,0.015299723824858665
2034,0.014873364427023463,0.015112286731600762,0.01478558104203807,0.015292879933118819
2035,0.014707233934766717,0.015090138465166093,0.014779278521943424,0.015289874839782714
2036,0.01471865968571769,0.015112768113613128,0.014775367037993335,0.015289946135878562
2037,0.014767806211279499,0.015215843468904495,0.014769828704537614,0.015299246373772621
2038,0.014778172299265861,0.015570724979043007,0.014773606605372493,0.015272449922561644
2039,0.014825454739232857,0.01589234486222267,0.014767978631166946,0.01526750911474228
2040,0.014764270082943969,0.015237228870391846,0.014769745254557994,0.015266426727175713
2041,0.014744955553776688,0.01535865992307663,0.014771953042555184,0.015261464166641238
2042,0.014761481280956003,0.015237512663006783,0.014778325794678592,0.015257017341256144
2043,0.014778992579215102,0.015044102370738983,0.01477863598130643,0.01524592505693436
2044,0.014774248945630258,0.015901603624224662,0.01477265680833823,0.015243275871872904
2045,0.014826901186671522,0.015126218721270561,0.014771814078630673,0.015219179502129556
2046,0.014684250156084697,0.015013288632035255,0.014760325837011139,0.015219122338294984
2047,0.014721885436317987,0.015123115628957748,0.014760933808692627,0.015216467621922495
2048,0.014756922299663225,0.015169185250997544,0.014759479791629646,0.015217111924290658
2049,0.014679306397835414,0.01541261538863182,0.014759850412648585,0.015212884068489075
2050,0.014902690661450228,0.015136198475956916,0.014758500098644031,0.015210004451870918
2051,0.014666318876875771,0.015048502087593079,0.014756631432349484,0.015200425395369529
2052,0.01476522296667099,0.015122821852564812,0.01475205326763292,0.015165979123115538
2053,0.014772194698452949,0.01525871641933918,0.014751263202602664,0.01515820136964321
2054,0.014875355371170573,0.015018198937177658,0.014746898466721177,0.015148393008112906
2055,0.014742980796015924,0.015063761919736861,0.014747283459910087,0.015140175700187684
2056,0.014618389407793681,0.015070560798048973,0.014745137733179661,0.01514783940911293
2057,0.014758723717596796,0.015044647455215453,0.01474274226133194,0.015110191795229912
2058,0.014742364212870597,0.01509701281785965,0.014739019986862936,0.01512469530403614
2059,0.014888563719060686,0.015045918822288513,0.014740995302009912,0.015127499821782112
2060,0.014670883508192168,0.015106246024370194,0.014743701798882748,0.015122514781355857
2061,0.014727925211191177,0.01500707171857357,0.014736827223334047,0.015131830671429635
2062,0.014734048361165656,0.015143853053450585,0.014737007374233668,0.01511867393553257
2063,0.014731455641902156,0.015331248566508294,0.014729057183033889,0.015115278667211532
2064,0.014711000621318818,0.015031188055872917,0.014731390514141985,0.015128800642490385
2065,0.014744518457187546,0.01504278503358364,0.014732432019379406,0.015123649874329567
2066,0.0146358371567395,0.015113450884819031,0.014728089824318889,0.01511605818271637
2067,0.01477110611067878,0.015032079964876176,0.014724481491413383,0.015114161196351053
2068,0.01472534941095445,0.015235695093870162,0.014724596069670387,0.015129761379957198
2069,0.014714362149437268,0.0149604132771492,0.014726536751869655,0.015127995261549952
2070,0.014733844324946404,0.015488806441426277,0.014719843489180012,0.015136948436498644
2071,0.014733633034759098,0.015083401575684547,0.014717904071758194,0.01513533480167389
2072,0.01478954785813888,0.014998489618301391,0.014707614287154546,0.015137518137693404
2073,0.01458505791094568,0.01540208250284195,0.014708306971275146,0.015135683375597
2074,0.014683810170325967,0.015083696991205216,0.014703776170396145,0.015150462237000466
2075,0.01470393588145574,0.015051316767930985,0.014701387155221571,0.015141106098890305
2076,0.014724652154578103,0.015386551469564438,0.014693419155395699,0.015180261380970478
2077,0.0147912605976065,0.014994052648544311,0.014692869640804004,0.015192576716840267
2078,0.014663639821939998,0.015068924129009247,0.014686163752029344,0.01520424649566412
2079,0.014785147048532963,0.014970774278044701,0.014687283327430491,0.015198085828125476
2080,0.014745845252441036,0.015453766509890556,0.014679506348818544,0.01519271752089262
2081,0.014666906462775336,0.015026407837867737,0.014675957037674058,0.015180518947541716
2082,0.01459139215035571,0.015268476828932762,0.014674867698550224,0.01519907469302416
2083,0.014693878777325153,0.01505667194724083,0.014679611804915798,0.015193663085997105
2084,0.014631319103969469,0.015100502222776414,0.014677510024441611,0.015186604775488376
2085,0.01468820061120722,0.015060376971960068,0.014674951574040784,0.01518348002284765
2086,0.014614655189216137,0.015376543253660202,0.014675486380275753,0.015167478375136852
2087,0.014674322981801298,0.014909949600696564,0.014678764131748016,0.015158480654656884
2088,0.014532255646255281,0.01631013061851263,0.014683785771081845,0.015218583050370214
2089,0.01469726275652647,0.015339071452617646,0.014681370532098744,0.01520060696005821
2090,0.01457687123782105,0.015334529504179954,0.014676395895994373,0.015196937686204908
2091,0.01466382654176818,0.014959434196352959,0.01467227589595649,0.0151958108484745
2092,0.014576681645380125,0.014897872284054757,0.014661378903107512,0.015208397829532623
2093,0.014636616632342338,0.014930730760097504,0.01465269098190798,0.01520355111658573
2094,0.014687128671341473,0.015424306914210319,0.014651176829718882,0.015196477073431013
2095,0.014852446984085771,0.015353516265749932,0.014647370475778977,0.015191421097517012
2096,0.014681088522904449,0.014906943812966346,0.014645983426769576,0.015194241914153101
2097,0.014725586598118146,0.014920370802283287,0.014640775893297462,0.015190348762273789
2098,0.014598428066819906,0.015002041310071944,0.014640511507292592,0.01519011895954609
2099,0.014765753957132498,0.014858753979206085,0.014639680490560006,0.015170785021781921
2100,0.014829476864801513,0.016553876660764216,0.014638628965285094,0.015204825022816658
2101,0.01466427118000057,0.014937149211764335,0.014645869843661789,0.015145098347961898
2102,0.014666894694997205,0.01490232080221176,0.014642874461081295,0.015126516108214853
2103,0.014560639820992947,0.015040753185749054,0.014640503875083396,0.015112900598347186
2104,0.014512722227308485,0.015285448804497719,0.014640496362414624,0.015139628367125986
2105,0.014528647222452694,0.015332598686218262,0.014649594030446477,0.015159380386769769
2106,0.01462905265804794,0.014849556758999825,0.014651187766591708,0.01516407202631235
2107,0.014496233301858107,0.015142077431082725,0.014646377878718907,0.015145331074297427
2108,0.014659202552090089,0.015127192363142966,0.014632564043998717,0.015130320091545581
2109,0.014501130767166614,0.015003173425793648,0.014631642683181496,0.015141223363578319
2110,0.014681590961085426,0.015054631903767586,0.014629232887261444,0.015170774351060392
2111,0.014593879770901468,0.014893194809556008,0.014632413704444965,0.015174314101040365
2112,0.014648034849928484,0.01576094962656498,0.01462212180842956,0.015176574160158636
2113,0.014713277605672677,0.014816963747143745,0.014609808638029628,0.015124948370456697
2114,0.014622378192014165,0.014874515458941459,0.014606747039655844,0.015148539730906487
2115,0.014517606587873565,0.01499414175748825,0.01459954903738366,0.01514664042890072
2116,0.014663638725048967,0.01562762841582298,0.014595993472635745,0.015136006179451945
2117,0.014804123346176413,0.015391672775149346,0.014596794875793986,0.01512836337089539
2118,0.014676460035973124,0.015048021748661995,0.014596304293142424,0.01511062299013138
2119,0.014566881474521426,0.014955783113837242,0.0145983935141729,0.015142831963300706
2120,0.014507101116081078,0.014978241696953774,0.014605804026871918,0.01512820694744587
2121,0.014658054502473938,0.01517952561378479,0.014599855110545953,0.015119004026055337
2122,0.014665341700116793,0.01565914548933506,0.014594860296779207,0.015127962648868565
2123,0.014677948496407934,0.015090535059571267,0.014589369482133121,0.015117388769984249
2124,0.014508456556747358,0.014915255457162857,0.014585470134847693,0.015112537008523944
2125,0.014521647604803244,0.015263231918215752,0.014580329675641324,0.015074854570627213
2126,0.01458773122065597,0.01552693322300911,0.014572492857939665,0.015078656974434855
2127,0.014486944638192653,0.014854838252067565,0.014566151164968807,0.015083457171916963
2128,0.014471750702295038,0.014774896949529649,0.014566921247707474,0.015078685879707338
2129,0.014532757306264507,0.015094378590583801,0.014568882351617019,0.015054436776041985
2130,0.01451638265616364,0.014889089167118072,0.014565688596665861,0.015045160722732546
2131,0.014681283183809783,0.015654781088232993,0.014560003174510268,0.015043306669592858
2132,0.014681496119333639,0.014776452034711838,0.014558702113727728,0.015039183616638184
2133,0.014510479643940926,0.014897119328379631,0.014554333064456781,0.01503000485897064
2134,0.014376260422998005,0.015227138996124268,0.014547367807477712,0.015014945778250697
2135,0.014544320594933298,0.014790284931659698,0.014538966446701024,0.014984932401776315
2136,0.014496396088765727,0.0147719007730484,0.014534143319808773,0.014971500876545907
2137,0.014519523369769255,0.014818888679146767,0.014533244293100303,0.014974829638004306
2138,0.014517357163131238,0.014912023842334747,0.014530561627778743,0.01496227418780327
2139,0.014463835867742697,0.014994520395994186,0.01452695041199525,0.014949672281742099
2140,0.014536858656340175,0.01487485945224762,0.014527886413368912,0.0149661650121212
2141,0.014712666322787603,0.015021400824189186,0.014530436840322285,0.014965500536561012
2142,0.014724279472397434,0.01515977144241333,0.014526915936999854,0.014955001568794252
2143,0.01453432448208332,0.015001670420169831,0.014528236924111844,0.014963548409938812
2144,0.014534354954957963,0.014852706789970398,0.014527382743275828,0.01493399755358696
2145,0.014397874884307384,0.014748772755265236,0.014519729325092502,0.014947711476683617
2146,0.014483923077997235,0.014803048595786095,0.014517216840303607,0.014943866789340973
2147,0.01445530768069956,0.014908811077475548,0.014517667330387568,0.014932506704330443
2148,0.014557370324101713,0.014754746928811074,0.014509982769936328,0.014938977733254434
2149,0.014485980889035596,0.01499847449362278,0.014506728437460132,0.01493555427491665
2150,0.014454580971764193,0.014949345663189888,0.014501442660308549,0.01494826694726944
2151,0.014497450826068719,0.015211885571479797,0.014498280430088441,0.014945163720846179
2152,0.014510344672534202,0.015267156511545182,0.01450545611621605,0.014943096399307253
2153,0.014535511376129257,0.01475828506052494,0.014501319075375795,0.014936579740047458
2154,0.014444734723203711,0.014831904396414757,0.014494777577370404,0.014921802487969399
2155,0.014549407333963447,0.015102760195732116,0.014481901876214478,0.014902922800183297
2156,0.014659928662909402,0.014916009679436683,0.014479516856124001,0.014892865893244745
2157,0.01449016066475047,0.015119300112128259,0.014480369988001052,0.014894611859321597
2158,0.01444766752421856,0.014801002144813537,0.01447839703634381,0.014897920811176302
2159,0.014387522675096989,0.014943136870861053,0.014487085834145545,0.014903402909636498
2160,0.014352206583652232,0.014952060654759408,0.01448364576713906,0.014898734936118128
2161,0.014415037776860927,0.014686314314603805,0.014479217087725794,0.014926368331909181
2162,0.014387378940979639,0.015136705487966537,0.01447893104801575,0.014914569109678269
2163,0.01443830140762859,0.014834443181753159,0.014479161272280744,0.014906087386608122
2164,0.014643228020932939,0.014942837357521057,0.014474588328103223,0.014885638388991358
2165,0.014433432635333802,0.014711942970752716,0.014467199582027062,0.014863377740979197
2166,0.014549128872652849,0.014651969522237778,0.01446345593035221,0.014884802046418191
2167,0.014402386943499247,0.014687779247760773,0.014461621753374735,0.014914343775808813
2168,0.01447469897982147,0.014750247746706009,0.014453668368193841,0.014902397827804089
2169,0.01455568325188425,0.01489635594189167,0.014445361132423087,0.014896164567768575
2170,0.01434855109287633,0.014831496551632881,0.014444846800135244,0.014886791644990445
2171,0.014701143023040559,0.01494010105729103,0.014444502874381015,0.014883782394230365
2172,0.01436930600553751,0.014792111739516257,0.014451518709129758,0.01488293614834547
2173,0.014446653338770071,0.015445581823587417,0.014451456630229951,0.014875046969950198
2174,0.014478829896284474,0.014703493937849999,0.01444952721653713,0.014893007425963877
2175,0.01446033657838901,0.014737302586436272,0.014449422706249687,0.014886989809572695
2176,0.01438312722163068,0.0147006606310606,0.01444432629884945,0.014888192467391488
2177,0.0143256260206302,0.01471064031124115,0.014431677130940887,0.014890898777544497
2178,0.01444192008425792,0.015293892696499825,0.014429908949219519,0.014890743733942507
2179,0.014398880298766825,0.015570447631180286,0.014422337238904504,0.014894317318499087
2180,0.014350572704441018,0.014804111495614052,0.014417978971285954,0.014906182412803172
2181,0.014452247768640519,0.014760178178548813,0.014414980599366958,0.014906885950267314
2182,0.014477302357554435,0.014884977042675019,0.014406609494073526,0.014899528320133686
2183,0.014439069380362829,0.014725770875811577,0.014404698464357192,0.014902757914364339
2184,0.014562918543815613,0.014921980723738671,0.014392348404725393,0.014920554909110071
2185,0.014350654611157046,0.014754831194877624,0.01439511744098531,0.014935192328691484
2186,0.014366802434540457,0.015135325714945793,0.014392218382656577,0.014922123488783837
2187,0.014384766183793545,0.014986265078186988,0.014390417502323786,0.01491617673635483
2188,0.014310891222622659,0.014864509627223015,0.014392032129897014,0.014974392367899419
2189,0.014326998823218876,0.015010495111346245,0.014388753754066097,0.014991537202894688
2190,0.014389228092299568,0.014708066880702973,0.014387638828323949,0.014988354583084583
2191,0.01435983611477746,0.014741309136152268,0.014380171719524597,0.014959385381639006
2192,0.014293430253035493,0.014984406605362892,0.014377983762323859,0.014941081747412682
2193,0.014399739681846565,0.014767836183309554,0.014376136476132607,0.014934635934233664
2194,0.014346405619548426,0.014712415188550949,0.014372605456742977,0.014953374421596527
2195,0.01430077534996801,0.014912236407399177,0.014366231617662643,0.014945577690005301
2196,0.01439239153224561,0.015385025925934315,0.014358768847584726,0.01495898879766464
2197,0.014438531912035412,0.01515804722905159,0.014347299736241503,0.01495006296634674
2198,0.014374176880551709,0.015118860825896262,0.01434515286932389,0.01494551139175892
2199,0.014433807887964778,0.014554825127124787,0.014344252062920069,0.01492508306801319
2200,0.014500702267719639,0.016192693375051023,0.014344010497298505,0.01491046749949455
2201,0.014301167825857799,0.015129281505942345,0.014341900090707673,0.0149037177413702
2202,0.014297752877076467,0.014631074815988541,0.014346678336295817,0.014887556144595146
2203,0.014255242364274131,0.014569662660360336,0.01434518426458041,0.01490987980812788
2204,0.014344181368748347,0.015112856775522232,0.014343112849692504,0.01490934172719717
2205,0.01430439054965973,0.014642966166138648,0.014341588827139802,0.014896216024458406
2206,0.014363972283899785,0.015228640362620354,0.014335641940434773,0.014891767631471159
2207,0.014317956380546093,0.014690058752894402,0.014332452226844098,0.01488716432005167
2208,0.014252500128414896,0.015061048567295074,0.01433160898933808,0.014875703771412372
2209,0.014276190760234992,0.01469883494079113,0.014329203491326834,0.014843948981165887
2210,0.014296982938216792,0.014641041830182076,0.014321398530486557,0.014822898304462434
2211,0.014344282274444897,0.014624617621302604,0.014317501561178102,0.014798467031121252
2212,0.014378727043254508,0.014620875865221023,0.01430888762358162,0.0147978718906641
2213,0.014258131057851845,0.014695765674114228,0.014297998369402355,0.014737377242743967
2214,0.014446454962922467,0.014606455191969871,0.01429865997268094,0.014727687488496302
2215,0.01435187629941437,0.01526615846902132,0.014299077359835306,0.014745532758533953
2216,0.01430805074257983,0.014727857112884522,0.014301906346281368,0.0147568596675992
2217,0.014255329689217939,0.014656264036893844,0.014298865868813461,0.014732086132466791
2218,0.014251067514220873,0.014656626358628274,0.014295684237281482,0.014729340969026086
2219,0.014266662779781553,0.014597332403063774,0.014290513749917348,0.014698643375933167
2220,0.01427969441231754,0.01462572269141674,0.014285092379980617,0.014704653887450693
2221,0.014332254081964493,0.014591156169772149,0.014285583955132299,0.014683135424554346
2222,0.014243407891028457,0.014631780311465264,0.014284492696076631,0.014676365943253038
2223,0.014276752647840315,0.01450807899236679,0.014284595149507126,0.014708536471426486
2224,0.014218459448052776,0.014539946615695954,0.014279735956672163,0.014765336571633815
2225,0.014228470913237996,0.014680327177047729,0.014280034675531917,0.014762061680853368
2226,0.014317707907822398,0.01488703764975071,0.014282066753879191,0.014758729614317418
2227,0.014308187555935648,0.015077206566929817,0.014271657846495507,0.014754876537621022
2228,0.014325967025425698,0.014852835386991501,0.01427192430889441,0.014722006151080132
2229,0.014268169432050651,0.01449351839721203,0.01426506703938875,0.014739731349051
2230,0.014224849761360221,0.01457433708012104,0.014266862791735264,0.014731751908361915
2231,0.014234710099796453,0.014461200535297394,0.014267261009870302,0.014725240539014342
2232,0.014182422132127814,0.01484032154083252,0.01427149375821981,0.014727491910755636
2233,0.014264789507206943,0.014523086994886398,0.0142725241523236,0.0147209554836154
2234,0.014248909283843305,0.014529597908258439,0.01426517545510497,0.014729404337704186
2235,0.014299544273979134,0.015445305034518242,0.014266968910189137,0.014725911344587806
2236,0.014222802453570896,0.016044620126485824,0.014263089998604522,0.014759038622677328
2237,0.014386195014748308,0.014539003595709801,0.014264053657030063,0.014756492896378039
2238,0.014308933016533652,0.014612464010715484,0.01426399205430514,0.014754904721677304
2239,0.01418623227833046,0.014510128274559974,0.014255289956637551,0.014740179650485515
2240,0.014358537859386868,0.014444398805499076,0.014264364689464367,0.014714131273329257
2241,0.014136619004938338,0.0151709870621562,0.014258528763593896,0.01470023681670427
2242,0.01430022349788083,0.014456778019666671,0.014262198452361756,0.014705620412528512
2243,0.014261022967596848,0.014493842124938965,0.014259965022115243,0.014696899093687536
2244,0.014372481488519245,0.014653616696596145,0.014257661777941716,0.014703316275775435
2245,0.01430545426491234,0.014462312012910842,0.01426106914501223,0.014695377738773822
2246,0.014148536651498742,0.01480237752199173,0.014259722466228733,0.014710633580386639
2247,0.01428824426813258,0.014544455483555794,0.014259822363778948,0.014705566655099395
2248,0.014179779858224922,0.015336260944604874,0.014258490192269282,0.014662220962345603
2249,0.014242550908691353,0.014476303458213807,0.014257401510617797,0.014596226857602597
2250,0.01422693084511492,0.014640622809529304,0.014255305570736527,0.014597334553301337
2251,0.014100155466132695,0.014518910869956016,0.0142474012505677,0.014590696935355666
2252,0.014535055876606041,0.014425997138023377,0.014247617209206023,0.014620933787524703
2253,0.014180068878663911,0.014505473971366882,0.014240090112305351,0.014619181062281134
2254,0.014359911651247078,0.01462810829281807,0.014242964649283223,0.014591625595092774
2255,0.01416901400519742,0.014356304109096527,0.014236557569189201,0.01459595650136471
2256,0.014177128995458284,0.01462163008749485,0.01423197693568137,0.01459146248996258
2257,0.014267606308890714,0.014641858115792274,0.014224771622733936,0.014591031756997108
2258,0.014231122537619538,0.014904483035206795,0.014222268008689087,0.014595263183116915
2259,0.014251406722598605,0.014402924776077271,0.014218520406881971,0.014606069749593735
2260,0.014266239986237552,0.014361662715673447,0.014213150704900424,0.014611591881513595
2261,0.014195585412283739,0.014394767507910728,0.01420894570863909,0.014576137635111806
2262,0.014333796517716513,0.014566695988178254,0.014208945866922536,0.01460129442811012
2263,0.014111325012312995,0.014446523562073708,0.014208818411330381,0.014619348108768465
2264,0.014191631244288551,0.015266049578785896,0.01421294369233979,0.01461698173880577
2265,0.014170360436869991,0.014400580674409866,0.01420165943470266,0.014634479194879533
2266,0.014208482429385185,0.014482100382447244,0.014195945616232023,0.01467190312147141
2267,0.01414004649553034,0.014565050676465035,0.014192543980810376,0.014679035887122155
2268,0.014146507129900985,0.014381491839885711,0.014190799551871086,0.014725235684216024
2269,0.01419234866483344,0.014642848372459412,0.014187391940007607,0.014725457711517813
2270,0.014242863913791048,0.014568097665905952,0.014180956243889199,0.014714949657022955
2271,0.014054846606320805,0.015072541683912278,0.014173174049870833,0.014698319445550443
2272,0.014154001718593968,0.014682508781552315,0.01417036208419336,0.0147181667432189
2273,0.014074654951691627,0.014449904784560203,0.014163668827878104,0.014726646761596204
2274,0.014242554865777492,0.015105223283171654,0.014161315611004829,0.014726519076526168
2275,0.014223744455311034,0.015091964825987816,0.014152702035506566,0.014726466400921345
2276,0.014203287491367922,0.01445975162088871,0.014154101498921712,0.014740246500074864
2277,0.014252949435677793,0.014863433539867401,0.014160535752773287,0.014712215299904349
2278,0.014037223416897986,0.015441072136163712,0.014155235139197775,0.014711458204686643
2279,0.014274870765705903,0.0148064274340868,0.014151950077050262,0.014715581883490087
2280,0.01412540328171518,0.015511299036443233,0.014150519567728044,0.014720010666549207
2281,0.014091938698871268,0.014627180770039558,0.014152448253995843,0.014724171222746373
2282,0.01410671390593052,0.01437915675342083,0.014148841575615936,0.014717214418947699
2283,0.01403656768716044,0.014488727748394013,0.014138976073182293,0.014726816965639593
2284,0.014181107580661774,0.014899107217788697,0.014139778987483849,0.014697074072062971
2285,0.014098908578356106,0.014573663175106048,0.014144284249593816,0.0146815805926919
2286,0.014136754990451866,0.014391575381159783,0.014140119083308514,0.014689976634085179
2287,0.014118457130259937,0.014565379098057748,0.014140090204361414,0.014672533251345158
2288,0.014146311597691643,0.014791026040911674,0.014138937757992086,0.014646622206270696
2289,0.014352487590577867,0.014565269574522971,0.014133243587364754,0.01465561091154814
2290,0.014037845097482205,0.014381653293967248,0.01412800903792183,0.014639100603759291
2291,0.0141263558756974,0.01458519235253334,0.014124933061500393,0.014605146454274655
2292,0.014104283762474855,0.01467577025294304,0.014117573639584916,0.014591413600742816
2293,0.01419472428659598,0.014485505744814872,0.014113410786456535,0.014546633490920067
2294,0.014102181705335776,0.014468928277492523,0.014108857097062803,0.0145593255341053
2295,0.013996226352949937,0.014808161333203316,0.014107336968514655,0.014559848764538766
2296,0.014074919463859664,0.014328969344496727,0.014109696133103635,0.014564300456643106
2297,0.014266633271343178,0.014295171797275543,0.01410395891881651,0.014540132462978363
2298,0.013970525794559055,0.014659805819392205,0.014099772162238754,0.014535175284743308
2299,0.014241832892100017,0.014669138714671135,0.014091616420613393,0.014534688538312914
2300,0.014194933296077782,0.014444188699126243,0.014090290648904111,0.01452255029976368
2301,0.014060933225684696,0.014684469252824784,0.01408719114114841,0.014501477649807932
2302,0.014122085699604617,0.014450675845146178,0.014072907416356934,0.014490343591570854
2303,0.013960324006362095,0.014592218399047851,0.014068977707624435,0.014486726355552674
2304,0.01409088521781895,0.014463106095790863,0.014063550246010224,0.014473110830783844
2305,0.014021331953505675,0.01439179629087448,0.01406027166992426,0.014467770591378212
2306,0.01397809646402796,0.01494448184967041,0.014048906150625814,0.014504137471318243
2307,0.014068710692226887,0.01439223751425743,0.014049181300732825,0.014499602147936821
2308,0.014095546801884969,0.014600020051002503,0.014047224549286898,0.01447737601697445
2309,0.014037677223483721,0.014294907376170158,0.014041639050013491,0.014471667847037314
2310,0.013994239663912191,0.014449733719229698,0.01403019386811389,0.014470621940493584
2311,0.013932861449817816,0.014379406720399857,0.014027379654679034,0.014487680959701538
2312,0.014085312837527859,0.014261923134326934,0.014018335500525106,0.014465922477841377
2313,0.014068823903799058,0.014264209792017937,0.014017227935625447,0.014465904799103736
2314,0.013995394470791022,0.014286918118596077,0.014012952572107315,0.014462106782197951
2315,0.01393960237916973,0.014291222393512725,0.014006054461333486,0.014453537812829017
2316,0.013990669335342116,0.014244804233312607,0.014009511768403982,0.01445574000775814
2317,0.014022319360325735,0.014542264267802238,0.014002482344955207,0.014448140305280683
2318,0.013910586304134793,0.015394677743315696,0.014000451983925367,0.014441296306252478
2319,0.014109060458011097,0.014355545192956924,0.014000193839437432,0.014482400999963282
2320,0.013947307566801707,0.01425250805914402,0.013996354049278629,0.01449662397354841
2321,0.013935281982024511,0.014186265096068382,0.013989343053681982,0.014503453332185745
2322,0.013980503723853165,0.014269024133682251,0.01398642165089647,0.014502717810869217
2323,0.013900170458687676,0.015086281299591064,0.013982332923097742,0.014502958846092224
2324,0.014015729038251771,0.014125176668167115,0.013987788141022126,0.014523666498064995
2325,0.014167244173586368,0.014443746730685235,0.013985381799605158,0.014520703232288362
2326,0.013954049137731394,0.014589518830180169,0.013981700556145775,0.01451613531112671
2327,0.01394963293025891,0.014236451610922813,0.013977200527323617,0.014524210101366042
2328,0.014046756683124436,0.014647273272275925,0.013976420704854858,0.014521808528900147
2329,0.013915149631599585,0.014273113533854485,0.01397288595015804,0.014531966298818588
2330,0.013970572927759753,0.014220696315169335,0.013970424011184108,0.014521311035752294
2331,0.013971642851829528,0.01597209919244051,0.013966461576355829,0.01448246420919895
2332,0.013972715938256847,0.014747811853885651,0.013971066593461569,0.014483244022727012
2333,0.013920271911968788,0.014770754016935825,0.01397999556975232,0.014483020776510237
2334,0.013964642153845894,0.01427651934325695,0.0139847689959738,0.014483060112595555
2335,0.01389202146894402,0.014455759599804878,0.013981928150190248,0.014476211816072462
2336,0.01406924189792739,0.014897098019719123,0.013991677467856142,0.014443428209424018
2337,0.014025154302103653,0.01418784148991108,0.01398908467474911,0.014444133159518239
2338,0.013976792817314466,0.014150011762976646,0.013986029948956437,0.014443144842982288
2339,0.013882893750237093,0.01448878787457943,0.01398161472661628,0.01442747059166431
2340,0.01392010681745079,0.014231183081865311,0.013981629636552598,0.014423919719457622
2341,0.013902300467921628,0.014498748481273652,0.01397120794736677,0.01440456989407539
2342,0.01396077088597748,0.014275882691144944,0.013969974516994426,0.014402208447456356
2343,0.013811525433427757,0.01442350707948208,0.013966955783135362,0.014399963152408598
2344,0.014224185885654555,0.014375040531158447,0.013966780132551988,0.014339939843118191
2345,0.014170531974070602,0.01424692690372467,0.013966638018356431,0.014323690782487393
2346,0.014054617637561427,0.01418724849820137,0.013965462794320453,0.014338060320913792
2347,0.013909482579264375,0.014097816720604896,0.01396547860312793,0.014342672403156759
2348,0.014143903400335047,0.014266691133379937,0.01396615763132771,0.01433794073611498
2349,0.013950909210575952,0.01414280042052269,0.01396451770323846,0.014309525223076346
2350,0.014090876028769546,0.01441903881728649,0.013958053620159627,0.014315530611574652
2351,0.013843668579227395,0.01419766254723072,0.013951282302538554,0.014401605214178563
2352,0.013950005678666963,0.014147679805755615,0.013951020200716126,0.014420922148227693
2353,0.013786214453478654,0.014163527637720108,0.013948098804884488,0.014422834858298301
2354,0.013884313872290981,0.014214077368378639,0.013950058723489443,0.014424007029831409
2355,0.013895104581283199,0.014164563938975335,0.013945652552776867,0.014417137698829175
2356,0.013967251587245199,0.014471516460180283,0.013944979026582505,0.01440625523477793
2357,0.013969163083367878,0.014341585338115692,0.013933894814054172,0.014400133715569976
2358,0.013890891311069329,0.015129992477595807,0.013936543645461402,0.014398046357929708
2359,0.013965037374032869,0.014391821399331093,0.013934134493105942,0.014393198697268962
2360,0.013908997173938486,0.014337467923760415,0.013933355918029945,0.014395625738799572
2361,0.014028243695696194,0.014186710193753243,0.01392074887123373,0.01443086165636778
2362,0.013863552225132783,0.014337976202368737,0.013919735531508926,0.014426227147877217
2363,0.013807509876787662,0.016301876828074456,0.013908440395527417,0.014411380057036878
2364,0.013876341204676363,0.014971711225807666,0.013911430597470867,0.014429067716002466
2365,0.013847071921659841,0.014279000833630562,0.013911783257457948,0.014431380856037141
2366,0.013951298433045546,0.014528052769601346,0.013916017578045529,0.014433901628851893
2367,0.013850616618163055,0.014104149416089057,0.013915649829142627,0.014437425163388253
2368,0.013794687278568744,0.014151445478200913,0.013909408591190974,0.014434659463167193
2369,0.013947080572446187,0.014222002550959588,0.01390424974312385,0.0144246072947979
2370,0.01423675275925133,0.01419474296271801,0.013894121712528998,0.014451882626116276
2371,0.013994388828674952,0.014066056981682777,0.013890428641686837,0.014413231897354127
2372,0.013890018202364445,0.014158492758870125,0.013882723485181728,0.014414445832371713
2373,0.01382872723042965,0.015147589072585106,0.013878281526433096,0.01440513014793396
2374,0.01392557571745581,0.014026937708258629,0.013871670982241631,0.014396050435304644
2375,0.013808497629231876,0.014047861546278,0.013867490611473719,0.014389177578687668
2376,0.013918423627813658,0.014639854021370411,0.013870362865262562,0.014315340612828732
2377,0.013958822178343933,0.014205508306622506,0.013863959979514283,0.0142853652626276
2378,0.013892072468168206,0.014226546958088875,0.013862032923599086,0.014296669866144656
2379,0.01387512014971839,0.014302165731787681,0.013852061623666022,0.014283001202344893
2380,0.013739073632491959,0.014095421433448791,0.013854971481859686,0.014322941440343856
2381,0.013838280385567083,0.014220212250947953,0.013854368621607624,0.014332333473861217
2382,0.013715962318496571,0.015023468621075153,0.01384743803275956,0.0143246809348464
2383,0.013798564540015327,0.01416372425854206,0.013831122844749025,0.014318101997673511
2384,0.013772408461405171,0.014422169774770737,0.013821565612819461,0.014363521240651607
2385,0.013797948205222687,0.01410457581281662,0.01382240207824442,0.014381358022987841
2386,0.013862980090909534,0.013959717378020287,0.013820426239238844,0.01433289966136217
2387,0.013759042955935002,0.01416615478694439,0.013816780994004671,0.014336357797682284
2388,0.013879316221508715,0.014455952681601048,0.013812845421168536,0.014332739733159542
2389,0.013716269060969353,0.014222327470779419,0.013803128145800694,0.014309934893250465
2390,0.013798895523779922,0.014561615921556949,0.01379626372969813,0.014308952516317367
2391,0.013702015934718979,0.014186336174607277,0.013800021101203229,0.014301731118559837
2392,0.013923363073004617,0.015102655366063119,0.013797082785848114,0.014349584481120111
2393,0.013779615772267183,0.014386246316134929,0.013797295454227261,0.014351556199789048
2394,0.013773815851244662,0.01403068907558918,0.013792674658447504,0.014351805713772772
2395,0.013828873058987988,0.014030269533395767,0.013805685209896829,0.014333095763623717
2396,0.013755458030435774,0.015201538056135177,0.013803158686558407,0.014325752250850204
2397,0.013910929837988483,0.014604412317276001,0.013800310900310676,0.014309796144068243
2398,0.013779331255290243,0.013936130031943321,0.013799671141554913,0.014325938120484353
2399,0.013834444586601522,0.014113391116261483,0.013798186466677322,0.014355831436812879
2400,0.013710108308328523,0.01395740993320942,0.013801245110150842,0.014348782862722873
2401,0.013675491743617587,0.014069733023643494,0.013795461637857886,0.0143815395206213
2402,0.013787211775779724,0.01418094888329506,0.01380001586087876,0.014386365582048893
2403,0.013986006755795744,0.01404601201415062,0.013801063717653352,0.014386079716682435
2404,0.013801662265840503,0.015498499795794487,0.013797812903672458,0.014399372507631781
2405,0.013744390341970655,0.014144714400172233,0.01379211838543415,0.014353373248875142
2406,0.013722760491073132,0.014226450100541115,0.013788544659978814,0.014355879221856594
2407,0.014041226104729706,0.01455571986734867,0.013790958241124947,0.014353107295930386
2408,0.013735401456554731,0.013980136439204215,0.013784001315467887,0.014354041062295438
2409,0.013701213805211915,0.014023267105221749,0.013784142511917485,0.014338367177546026
2410,0.013781954236328602,0.014508125223219395,0.01377805157419708,0.014318633542954921
2411,0.013825863218969768,0.014707050286233425,0.013778748464915487,0.014321551318466665
2412,0.013835509042772982,0.01398994043469429,0.013770122319128776,0.014314797766506671
2413,0.013734729414184889,0.015274869129061699,0.013769858590265116,0.01432334346026182
2414,0.01383012463649114,0.01434297900646925,0.013775535131494206,0.014346054042875764
2415,0.013825091943144798,0.014554469287395478,0.013783244074715508,0.014344824938476084
2416,0.013620745585196548,0.014518655948340892,0.01377500323653221,0.014339352260529993
2417,0.013781000117046966,0.013952673897147178,0.013777936328202485,0.01428064782768488
2418,0.013690272635883755,0.014448895640671254,0.013771814323713381,0.01427609233111143
2419,0.013834155379898018,0.013961390927433967,0.013787868032604456,0.014291999311745166
2420,0.013654949917561478,0.01405361369252205,0.013773289758712053,0.014265498907864093
2421,0.013758987941675715,0.014809690937399865,0.013768873993804057,0.014266137383878231
2422,0.013758656394978364,0.014111071452498436,0.013767378607806231,0.014267203678190711
2423,0.01379675352325042,0.014009074419736861,0.013765236226469276,0.014243637481331827
2424,0.01361879094193379,0.013944552317261695,0.013759618813875645,0.014223721408843995
2425,0.013703515086736943,0.014171052277088165,0.013760590845429231,0.014218522134423256
2426,0.013817405274344816,0.014637497588992118,0.013757405053493045,0.014162126111984252
2427,0.013979935356312327,0.014150221273303032,0.013753919774045545,0.01416850735992193
2428,0.013779985801213318,0.013909195065498352,0.013748883468326593,0.014146733461320397
2429,0.013874989557597372,0.014030888974666596,0.013748124792592391,0.01412688238918781
2430,0.013591340229743057,0.014030826985836029,0.013738154618442057,0.014133374032378195
2431,0.014124103213349977,0.014624124616384506,0.013735757613513202,0.014114102847874161
2432,0.01367676925741964,0.013893209770321846,0.013727837548818851,0.014127764846384522
2433,0.013625007333854834,0.013996098339557648,0.013727465653088357,0.014121028803288936
2434,0.013663829155266285,0.014049924463033676,0.013727467060420249,0.014129694117605686
2435,0.013728394702904755,0.013918970301747323,0.01372024733755324,0.014117166809737682
2436,0.013685427904129029,0.014209148474037647,0.013712720822625694,0.014123253594338895
2437,0.01385980983161264,0.013859958574175834,0.013719049303813118,0.014130399830639365
2438,0.013655084615780248,0.013864968568086625,0.013719631514698271,0.01411835637241602
2439,0.013742992650303576,0.014502510204911232,0.013714362944083087,0.014086218352615833
2440,0.013699184300171004,0.014010121822357178,0.013702335051281586,0.014123571304976941
2441,0.013601778691841496,0.014022379145026208,0.013699495584766073,0.014125351797044277
2442,0.013531745763288604,0.014114964976906777,0.013693647350867592,0.014123749096691606
2443,0.01363034751266241,0.01396711602807045,0.013694049010177458,0.014128477133810519
2444,0.013636153762539228,0.014302940890192985,0.013678233701652954,0.014102889482676984
2445,0.013645652524299091,0.013885212615132331,0.013680101120968664,0.014098426254093648
2446,0.013759023124972979,0.015026323795318604,0.013679000194867457,0.01409371808618307
2447,0.013578163323303064,0.01379788875579834,0.013675773795445762,0.014093959303200244
2448,0.013608590650061767,0.014161244034767151,0.013671466773748397,0.014101660431921483
2449,0.013777002971619368,0.014123208224773406,0.013668953026334446,0.014093783295154571
2450,0.01371807035886579,0.013869965821504593,0.013653795288172035,0.014119577065110208
2451,0.013685691008965174,0.013834047093987466,0.013650554374522634,0.0141187861263752
2452,0.01367923803627491,0.015084045082330704,0.013649017598562772,0.014094879055023195
2453,0.013708999138325453,0.013953707367181777,0.013647206806308692,0.014100592404603958
2454,0.013728783710135355,0.013990821465849877,0.013651995048589176,0.014103434476256371
2455,0.013601381712489658,0.014149027913808822,0.013667720279594262,0.014108803138136866
2456,0.013728720500237412,0.013984433338046075,0.013664474223554133,0.014105227783322336
2457,0.013723454740312365,0.013781629055738449,0.013657755736013254,0.014099130204319955
2458,0.013597484181324641,0.013878394141793251,0.013656558839976789,0.014099585610628131
2459,0.013583169169723987,0.014055954888463021,0.01364947848982281,0.014052366396784786
2460,0.013620719160470697,0.014111498519778252,0.013646820474167662,0.014057388991117479
2461,0.013622584218780199,0.014012220054864884,0.013659056299924846,0.014056272800266743
2462,0.01348086637755235,0.014504802823066711,0.01364427592994438,0.014064222258329394
2463,0.013574061774545246,0.013845195099711417,0.013639576452225445,0.01405891243517399
2464,0.013704573251307011,0.013904833421111106,0.013641256942931147,0.014074813942611217
2465,0.013653914493819077,0.014152955561876297,0.013641089439971577,0.014027893520891666
2466,0.013721484748853577,0.014093430936336518,0.013637485340982674,0.01403183946311474
2467,0.01392487653841575,0.014249181523919106,0.01363295703050163,0.01402277191579342
2468,0.013549196111659209,0.013877732157707214,0.01363776457707087,0.014050518810749053
2469,0.013468191574017206,0.014150501415133476,0.013633577994671131,0.01404374957382679
2470,0.013615730123387442,0.013896597772836685,0.013623896323392788,0.014049355456233025
2471,0.01358201437112358,0.013845843449234962,0.013622965337087711,0.014058173415064809
2472,0.013511712931924396,0.013923453614115715,0.013617391182896163,0.014050234177708626
2473,0.013914486293991406,0.014133339263498784,0.013616322460936177,0.01407642319202423
2474,0.013407493722107675,0.014321944676339626,0.013621684712668261,0.014074627080559728
2475,0.01360058341589239,0.013737220242619514,0.013625316256450285,0.014041310802102087
2476,0.013727703276607725,0.014231584779918195,0.013627759961701104,0.014037489020824433
2477,0.013675050462285678,0.013911034539341926,0.01361930681905813,0.014087064854800702
2478,0.013618896663602855,0.014052355922758579,0.013611043499658507,0.014101019434630872
2479,0.01361557594810923,0.013764132782816886,0.01360531821921468,0.014099450871348382
2480,0.013721570376720693,0.0148427002876997,0.013593750417149731,0.014092325791716577
2481,0.013624055940243933,0.013815202414989472,0.013594544558309848,0.014088521149754524
2482,0.013481412958353757,0.013921776115894317,0.013593399534705616,0.01408630980104208
2483,0.013574209523697695,0.014098843112587928,0.013585951864305472,0.014086540116369724
2484,0.013443815314935314,0.013857473954558372,0.013581577724880643,0.014084918467700483
2485,0.01359400111147099,0.014766223877668381,0.013584092222485277,0.014079716159403323
2486,0.013756640512082311,0.013967317268252373,0.013567931310253013,0.01406998642385006
2487,0.013571654972102908,0.013671895861625672,0.013570478655977384,0.014103241528570653
2488,0.013635154405815733,0.013749650567770005,0.013571619487057127,0.014106502382457259
2489,0.01349324468523264,0.015144229270517826,0.013569825651165511,0.01409149611592293
2490,0.013447331508828535,0.01450182005763054,0.013576366227948002,0.014084838813543322
2491,0.013578352737757895,0.014054216854274272,0.013573442488908766,0.014075757218897342
2492,0.013635681486792034,0.01407105453312397,0.013570795350687372,0.014077955205738547
2493,0.013569049640662141,0.013782616108655929,0.013565278562820618,0.014034263555705551
2494,0.013439565983911356,0.014095217697322368,0.013562140624639058,0.014033477105200292
2495,0.013429538363383876,0.013902355656027795,0.01356931634032064,0.014024095974862578
2496,0.013472660885502894,0.013805302232503891,0.013566458311842548,0.014028083232045175
2497,0.013574575372040272,0.013793395906686783,0.013572888050642279,0.014022837853431704
2498,0.013510463488184743,0.013890095874667168,0.013562148029026057,0.013981655940413475
2499,0.013471177365216944,0.015153322294354439,0.013547132447941437,0.013994334036111833
2500,0.013629104192886087,0.013818741589784623,0.013540862144115899,0.014011110627651216
2501,0.013682857379317284,0.013856428116559983,0.013533021103507941,0.014030928529798986
2502,0.013838564881847964,0.013744601979851723,0.01352732520550489,0.014040892681479454
2503,0.013545803187621965,0.013825316056609154,0.013530227051178612,0.01406245066225529
2504,0.013549397492574321,0.013819082453846932,0.013529938924147023,0.0140494683906436
2505,0.01358365068005191,0.01375040903687477,0.01352688507123126,0.014033863250911239
2506,0.013545607485704951,0.013795541152358055,0.013523278029263019,0.014042863734066487
2507,0.013660805850393242,0.01368724785745144,0.013532125517146453,0.014029733294248585
2508,0.01350275881174538,0.014198524542152882,0.013545859016395276,0.014017497143149378
2509,0.013604558784928587,0.013726339489221574,0.013542192711763911,0.014011834916472437
2510,0.013325500571065478,0.013736676052212715,0.013531180077460077,0.014011227384209634
2511,0.013381250984966755,0.014284269660711288,0.013531181456396977,0.014008640336990359
2512,0.013414897376464473,0.014091310650110244,0.013527792375203638,0.013968334260582926
2513,0.01343912839061684,0.014245098121464253,0.013515768729647002,0.013968581703305243
2514,0.01335084723515643,0.015393333062529563,0.013500092008544339,0.013958534801006317
2515,0.013519877650671535,0.015040769577026367,0.013491723298198645,0.01395975537598133
2516,0.013571149561968116,0.01372966006398201,0.013484592283765475,0.013973174007236954
2517,0.013559335163897937,0.01368092603981495,0.013478363156649801,0.013967877174913882
2518,0.013478873591456149,0.014007628187537194,0.01347285200042857,0.013962672574818131
2519,0.01366075318099724,0.013766956701874732,0.013469891311393844,0.013961472612619397
2520,0.013772875844604439,0.013596451878547668,0.013479325402279696,0.013975662291049955
2521,0.013381003269718753,0.013663746565580368,0.013473007544875144,0.01395462599545717
2522,0.013299259514444405,0.01377820760011673,0.01346748862564564,0.013960395510494706
2523,0.013510497961607245,0.013825419694185256,0.013464943605330258,0.013953009001910684
2524,0.013386450335383415,0.014145670384168625,0.013465426936248939,0.013965578849613665
2525,0.013328513053970205,0.013824927657842635,0.01345958845747842,0.013964602924883366
2526,0.013290939351750745,0.0136052555590868,0.013457749679850209,0.014028519281744957
2527,0.013629347123205661,0.013775116354227067,0.013458054479956629,0.013968922835588454
2528,0.013367527826792664,0.014160781837999821,0.013448309820559293,0.01391544389128685
2529,0.013393669314682484,0.013686661645770072,0.013447007442017397,0.013942224189639092
2530,0.01344587177452114,0.013620294034481048,0.013444189419514606,0.01394737176001072
2531,0.013471590259836779,0.013765542097389697,0.013437461472054326,0.013926788279414175
2532,0.01389665812253952,0.01404198981821537,0.013422401110662356,0.013922628447413444
2533,0.013344812376631631,0.01367261715233326,0.013410837891035612,0.013922006717324256
2534,0.013466585804190901,0.013870577365159988,0.013416539207432009,0.013967195487022402
2535,0.013261875063180923,0.013552013337612152,0.013418018320202832,0.013954419672489168
2536,0.013393334257933829,0.014598515853285789,0.013411492775463397,0.0139590498149395
2537,0.013268935407201449,0.014066912531852722,0.01340849407911301,0.013941019964218142
2538,0.013393158949911594,0.015843007043004037,0.013403966286695669,0.013950035002827647
2539,0.013358467237816916,0.01390342190861702,0.013405410783903468,0.01394575155377388
2540,0.013276261165738107,0.013703795969486237,0.013387942043526307,0.013946304236352446
2541,0.013538590098420778,0.014399167522788048,0.013388960331761176,0.013919296881556511
2542,0.013488884601328108,0.013809615299105644,0.013395710178133517,0.013912724128365516
2543,0.013310674904949134,0.013493041172623635,0.0133900095101032,0.013910888245701789
2544,0.013284244146198033,0.013662960901856423,0.013391930053714248,0.013906724776327609
2545,0.013483795353935825,0.013580908626317978,0.013370767726997534,0.01390348783880472
2546,0.013523536179628638,0.014793465808033944,0.013368665108912521,0.013918326546251773
2547,0.013336237333714963,0.013458812236785888,0.01336630167812109,0.013946645578742024
2548,0.01334735934312145,0.013941173255443574,0.013362123805781204,0.013950720107555388
2549,0.013311482926623689,0.013694924116134644,0.013365757659077642,0.013926722733676431
2550,0.013215318243536684,0.014050303623080254,0.013375506659845507,0.013915275742113589
2551,0.013327051781945758,0.013498169332742692,0.013373002619379093,0.013827051772177218
2552,0.013192628613776632,0.013788933418691158,0.0133877222996619,0.013815868584811687
2553,0.013392985032664406,0.013485597968101502,0.013386565593547287,0.013810209177434444
2554,0.013562415473990971,0.013522342815995216,0.01338315344204505,0.01377362674921751
2555,0.013303355073763264,0.013574396967887878,0.01337106591943237,0.013757533241808414
2556,0.013519603850113021,0.013661455363035202,0.01336635961780945,0.013762825088202955
2557,0.013367599954621659,0.013961066380143166,0.013364113265193168,0.013762925499677659
2558,0.013292246924506293,0.01404358483850956,0.013353451344288055,0.013758788898587226
2559,0.013407500034405126,0.014578553177416324,0.013341064153197739,0.013704375669360162
2560,0.013157428254683813,0.013653876557946205,0.01334117094054818,0.013747430402040484
2561,0.0134841805903448,0.013998581506311893,0.013335731920931071,0.013738907639682293
2562,0.01351266042639812,0.01378073774278164,0.013340511936694381,0.013732754163444045
2563,0.01333055793825123,0.013637407794594764,0.013348234280529947,0.013719168826937678
2564,0.013726459244887034,0.013623842224478721,0.013348929855972524,0.013726107925176624
2565,0.013247343512872855,0.01356231078505516,0.013356004863646295,0.01372405557781458
2566,0.01345328631086482,0.013484606817364693,0.013350896228353183,0.013724584780633452
2567,0.013186696536011165,0.01340727761387825,0.013337804877923593,0.013763578839600088
2568,0.013193017364376121,0.013625337332487107,0.01333413329935736,0.013758168946206571
2569,0.013228085330790944,0.013665471188724042,0.013324237656758891,0.013763379546999934
2570,0.013217247331307995,0.013477493599057198,0.01332718277052045,0.0137434363514185
2571,0.013213856402370664,0.013433135077357293,0.013325321814583409,0.01371686156690121
2572,0.013338907017476028,0.014535180553793907,0.013318877442181113,0.013679062019288542
2573,0.01321138385269377,0.013728104196488858,0.013323997962392042,0.013731636388599875
2574,0.01343098332070642,0.013541087210178375,0.013321459409346184,0.013714358988404276
2575,0.013408376839425829,0.013710670210421085,0.013314890378630822,0.01370326726436615
2576,0.013344441168010234,0.013671646788716317,0.013321731931219499,0.013749502044916154
2577,0.013369503805620802,0.013737624734640122,0.013303433369017311,0.013744823503494263
2578,0.013265269150336583,0.013498828038573265,0.013303023620694876,0.013768114027380943
2579,0.013235131713251273,0.014497194290161133,0.013291312101400561,0.013767696624994278
2580,0.013211565609607432,0.013439149633049964,0.013286416994449166,0.013779280434548853
2581,0.013272212785151269,0.013791720382869244,0.013287770300358534,0.013785553102195262
2582,0.013441227798660596,0.013462486490607262,0.01329928578543994,0.013780603758990765
2583,0.013245723026080264,0.013379215225577355,0.013299895024382405,0.013800060227513313
2584,0.013246390724347697,0.013633564487099648,0.013300145711087518,0.013799830019474029
2585,0.013285441259957021,0.014968235790729523,0.01329954579066899,0.013762870953977107
2586,0.013420716764198409,0.013566646501421928,0.013299917621579433,0.013754372313618661
2587,0.013348434658514128,0.013503444641828536,0.013289784408112366,0.013789995101094247
2588,0.013501596752968099,0.014793277308344841,0.013286170996063286,0.013774449069797991
2589,0.013268995189832317,0.013506878688931466,0.013287535135779115,0.013765302701294422
2590,0.013237099804812007,0.014144573882222176,0.013282637473858064,0.013748619659245016
2591,0.013160498328506947,0.013474171757698059,0.013279489294108417,0.013811239056289198
2592,0.013064318862226275,0.013696872852742672,0.013279520079907445,0.013766499899327756
2593,0.013226850012110339,0.013782154023647308,0.013282929366578659,0.013834400950372217
2594,0.013515972457826137,0.013541737608611583,0.013278190577775241,0.013837264466285705
2595,0.013232478304869599,0.013963905312120915,0.01326553681169947,0.013834868493676183
2596,0.013220123569998476,0.013427379876375198,0.013257606144746144,0.013840891632437704
2597,0.013323909007012844,0.013611203916370869,0.01325477366811699,0.01387218340039253
2598,0.013220679625454876,0.013515638187527657,0.013258965552184315,0.01380692878961563
2599,0.013177652984029717,0.014431656897068023,0.013249005840222037,0.013840960159897806
2600,0.013318041538198789,0.013322019428014755,0.013241863125231531,0.013833407035470008
2601,0.013378544660905997,0.013442987576127052,0.013235801815572712,0.013786529928445814
2602,0.013247062257594533,0.013320548683404923,0.013230154497176409,0.0137859185308218
2603,0.013186564656595389,0.015064312964677811,0.013229249566545087,0.013757411611080168
2604,0.013235901358226936,0.013378715366125107,0.013229326746281649,0.013759686934947966
2605,0.013296797776387797,0.015136675909161568,0.01323485153838992,0.01375865390449762
2606,0.013153743065065808,0.013863308280706406,0.013240456585337717,0.013751860021054744
2607,0.013124883646766344,0.013402587175369263,0.013233851465003357,0.013775537873804568
2608,0.013047456352247131,0.013529793694615364,0.013237352115826474,0.01375038974881172
2609,0.013175578808618917,0.014415858685970307,0.013230367533117533,0.013748327124118801
2610,0.013390238361640109,0.013336870521306991,0.013224469537619087,0.013736087687313554
2611,0.013171723965141508,0.014417430758476258,0.01322022516760561,0.013747683812677857
2612,0.013169866783751382,0.013314616531133652,0.013216564387083051,0.01372055285722017
2613,0.01335006401149763,0.013621349632740021,0.013213603662616676,0.013729687355458734
2614,0.013127812229924731,0.01349159374833107,0.013201021955741776,0.013721802641451359
2615,0.013214476539029015,0.013431900888681412,0.013195762229296895,0.013724505284428597
2616,0.013162427821920978,0.013531054854393005,0.01319872604575422,0.013665060812234878
2617,0.013202438664933046,0.013671047091484069,0.013205877630412578,0.01366268050968647
2618,0.013366976185805268,0.01361230693757534,0.013198293918867905,0.01359702028334141
2619,0.013350844449467129,0.014133683927357197,0.013191866485277811,0.013573150008916858
2620,0.013319994575447506,0.013335202187299729,0.013189414758069649,0.013567394933104519
2621,0.013045509002274937,0.013375814259052276,0.013192316790090669,0.013575663629174235
2622,0.013176459119551712,0.013305217996239661,0.013190790264308453,0.01353197485804558
2623,0.013114570375117991,0.013805541321635246,0.01318132577844792,0.013529322916269303
2624,0.013086133470965756,0.01375338301062584,0.013179561845378744,0.013510877376794815
2625,0.013244023426539369,0.013550381883978843,0.013185176170286207,0.013515017403662205
2626,0.013064001989033487,0.013245869725942612,0.013176155376765464,0.013509558802843092
2627,0.013115569096472528,0.013388114757835865,0.013172485838664904,0.013502119815349576
2628,0.013260660068028503,0.013578201159834862,0.01316870943175422,0.013525811672210694
2629,0.01341469097468588,0.013319207802414895,0.013170688299917514,0.013518010528385638
2630,0.013107204987770982,0.013495170250535012,0.013164152825292614,0.013508766031265256
2631,0.01299305722531345,0.013266551420092582,0.013153030978888274,0.013512411618232724
2632,0.013063590466562245,0.013258710280060768,0.013141080580568978,0.013489414601027963
2633,0.013120007152772612,0.0137365110963583,0.013130495857116252,0.013492326687276361
2634,0.013137415664063559,0.013323639407753945,0.013126407688193854,0.013551699103415011
2635,0.013153626215126779,0.0132705719769001,0.013137755440009967,0.013561995624005792
2636,0.013127625638412105,0.013956292271614075,0.013132635818090705,0.013541037748754023
2637,0.013310224906437927,0.013418117202818394,0.013128966660300893,0.013531956580281258
2638,0.01312454417347908,0.013484884612262249,0.01311507828699218,0.013519593331217765
2639,0.01303607377741072,0.013305619060993194,0.013113745766050289,0.013518451911211014
2640,0.013120066366261906,0.014024197310209274,0.013105700469513737,0.013514673618972304
2641,0.013211899526003334,0.013336026258766651,0.01310130900922749,0.013502907474339009
2642,0.013039051799310579,0.01343993466347456,0.013083922173993458,0.013505511175096036
2643,0.013088930025696754,0.013703446611762047,0.01307750874641869,0.013497877521812916
2644,0.013052084491484695,0.01355875849723816,0.013083095480501652,0.01350649964958429
2645,0.013055376489129331,0.013408004343509673,0.013080844208515352,0.013506783147156236
2646,0.012943304779214992,0.0148601246625185,0.013076748788025644,0.01349242110699415
2647,0.013460152914954556,0.013562631011009216,0.013078335457377964,0.013495690982043743
2648,0.012986579827136463,0.013281594440340995,0.01307841733445724,0.013514751689136026
2649,0.012994404526220428,0.013526353798806668,0.013073831934233508,0.013490122526884077
2650,0.012896814093821578,0.013241300657391548,0.013063645769821271,0.013495601116120812
2651,0.013030688965486155,0.013217334225773812,0.013064482216702566,0.013480545055866239
2652,0.01291443668305874,0.013293657451868057,0.013061343085931407,0.013483697059750555
2653,0.013150873560872342,0.013284047544002532,0.013053920695351228,0.013476284426450727
2654,0.012980020093835063,0.01338430032134056,0.013046124726782241,0.013494711112976072
2655,0.012946869298401806,0.013304328918457032,0.013044258438464665,0.013488086183369158
2656,0.013132725577387545,0.013482104614377021,0.013036228106502028,0.01346334272176027
2657,0.013007308666904768,0.013265797719359398,0.01303254879373643,0.013464096017181869
2658,0.013017621640529898,0.013377460092306137,0.01303168296623561,0.013460846240818499
2659,0.013177082397871548,0.013405386283993721,0.013032802379959157,0.013397186858952045
2660,0.013155673142108653,0.013747089654207229,0.013015785071584914,0.013382428620755673
2661,0.013012990632818805,0.013340563215315342,0.013014520760377247,0.013418257343769073
2662,0.013055570796132088,0.013555081933736801,0.01301526305625836,0.013424731367826463
2663,0.013145455345511436,0.013108483105897904,0.013019402715398204,0.013444736954569818
2664,0.012957595508131716,0.013384419158101082,0.013015739910470114,0.013443095526099203
2665,0.012934506601757474,0.013838881477713585,0.013019540815883211,0.013486438418924808
2666,0.01301700031177865,0.013796693421900272,0.01300890635136101,0.013483338938653468
2667,0.012992394591371218,0.013274311423301696,0.013006907302720678,0.013476758860051632
2668,0.012888171726630794,0.013084860071539878,0.013014460236330827,0.013475672300159934
2669,0.012960101672344737,0.013577590882778167,0.013004236424962679,0.013467992676794532
2670,0.013033730801608828,0.013326759934425354,0.01299850353135003,0.013486928611993793
2671,0.012971290122303698,0.013268640115857124,0.01299748473233647,0.013482722485065463
2672,0.013034720205598408,0.013193675056099892,0.012983402612474229,0.013467444533109664
2673,0.01295497204694483,0.014177312515676022,0.012983593282434676,0.013460401335358621
2674,0.013012961923248238,0.013688204400241375,0.012991565729180973,0.013449294091761113
2675,0.013000305572317706,0.013741440325975417,0.01298370859970649,0.01343236860483885
2676,0.012939118842283884,0.013176298514008523,0.012981370288464758,0.013438460303843023
2677,0.013009459318386183,0.014377229772508144,0.012984043271342914,0.013434189181029796
2678,0.012885011947817273,0.013206560537219048,0.012982228179027635,0.013408605404198169
2679,0.012930043877826796,0.013219798356294632,0.012986761151502529,0.013382546669244766
2680,0.013135692638655504,0.013277164921164512,0.012984484943995874,0.013379182067513463
2681,0.012877130293183856,0.013290114030241966,0.012984596600052384,0.01337812633216381
2682,0.012863986326588524,0.013739196099340916,0.012985230231119525,0.013371474988758562
2683,0.012992151665190856,0.0132723069190979,0.012986262368990316,0.013364391340315342
2684,0.012825029401315583,0.013023437485098838,0.01298649382889271,0.013355545626580714
2685,0.013160439891119797,0.0135710097104311,0.01297827279733287,0.013351658926904202
2686,0.013212301801476214,0.013062882125377656,0.01297184030910333,0.013310771897435191
2687,0.012859142559270065,0.013131944760680199,0.012968936191664804,0.0132858609944582
2688,0.01308699756446812,0.013260775581002235,0.012975375306357943,0.013298029401898386
2689,0.013024420080085596,0.013277641087770463,0.012981131695790425,0.013294257098436358
2690,0.012889129293875562,0.013199287056922913,0.012979885508533986,0.013279319712519649
2691,0.013130324623650975,0.013145225048065185,0.01298122477423814,0.013280684524774555
2692,0.012935489403704802,0.013190196380019188,0.012977422972934114,0.013301099807024007
2693,0.012890963128043546,0.0130584666877985,0.012978997464891937,0.013292227312922482
2694,0.012975942449023326,0.013411307297647,0.012977741022987498,0.013280615332722668
2695,0.013059534248378541,0.013149668723344802,0.012975003171049888,0.013260935617983345
2696,0.01297707661986351,0.013047497272491455,0.012967472391575577,0.013256361941993238
2697,0.012829194416602453,0.01309650756418705,0.012966955082946352,0.013292135611176491
2698,0.012794159841206338,0.013155136778950692,0.012963758880396683,0.01328223320245743
2699,0.01294035898728503,0.013065431825816631,0.01294776445147064,0.013321167993545534
2700,0.013161283439646164,0.014045650511980057,0.012950548465549945,0.013337792053818702
2701,0.013083028578095965,0.01308199092745781,0.012937728475862078,0.013330133533477784
2702,0.01297830463697513,0.014003795124590396,0.01295589774987764,0.01331880459189415
2703,0.012918493590421147,0.01324068084359169,0.012951101710398994,0.013312457725405692
2704,0.012834998845226235,0.0137301804125309,0.012941132380896147,0.01333328021913767
2705,0.013175054937601089,0.013055352568626404,0.012941182882504332,0.013324645338952543
2706,0.012845719245572885,0.01299981452524662,0.012939357095874023,0.013325516143441202
2707,0.012795540028148228,0.01324720323085785,0.01293550067842007,0.013354130090773107
2708,0.012803882178333071,0.013157965019345283,0.012930307866550158,0.013389537712931634
2709,0.012812096685585049,0.013917779214680195,0.012925002878821562,0.013390117470920086
2710,0.013080534827378061,0.01332344949245453,0.012925282940930793,0.01340696369856596
2711,0.012812441078325113,0.014036251902580262,0.01292503457963467,0.013409153594076633
2712,0.01292874291125271,0.01354754626750946,0.012918481418159277,0.01341201998591423
2713,0.012766497822271452,0.013069312572479248,0.012904955985065969,0.013369208301603795
2714,0.013478651930474572,0.012994417548179626,0.012899988413519334,0.013368859915435315
2715,0.012769228306909403,0.013040615394711495,0.012896221955286136,0.013366829256713392
2716,0.012881091386079789,0.013665787391364575,0.012890592445433143,0.013355998028814793
2717,0.012936751943909459,0.012974324375391007,0.01289529921660821,0.013334098771214485
2718,0.01284531846228573,0.013080236800014973,0.01288517866039442,0.013336698789894581
2719,0.012879532012674543,0.014126655980944633,0.01288350580893457,0.013334803435206414
2720,0.012929713951630725,0.014034859277307988,0.012885160785209801,0.013384310047328471
2721,0.012844451926648617,0.013061991222202777,0.012885892200097443,0.013379052920639517
2722,0.01283619596933325,0.0135176632553339,0.012881229501341782,0.013345439037680625
2723,0.01278795080880324,0.013209884166717529,0.012869853094095985,0.013326380640268325
2724,0.012776529950400194,0.013137091621756554,0.012880030701599186,0.01332230069041252
2725,0.01282314761231343,0.01297535840421915,0.01288451890800562,0.013309666725993157
2726,0.012958839289430115,0.013073281273245812,0.012886654478684067,0.013306244598329067
2727,0.012884143181145192,0.0139530286565423,0.012861202639879448,0.013301492205262184
2728,0.012777755844096343,0.012969900146126747,0.012863041561055511,0.013322500306367873
2729,0.012952668124602901,0.013182698972523213,0.012856205402356055,0.013352041372656822
2730,0.01292204103225635,0.013120353035628796,0.012858081778511403,0.013355467639863491
2731,0.012803897959076696,0.01295243065804243,0.012857378338567082,0.01334682586491108
2732,0.01283691443502903,0.014484868533909321,0.01285431232911845,0.013300385344028474
2733,0.012822167550524077,0.013026536852121353,0.012855437369354895,0.013269417525827885
2734,0.012695529216693507,0.01307743214070797,0.012858313453735577,0.013267629927396775
2735,0.012796124646233187,0.012846989557147026,0.012859209791281155,0.0132516568467021
2736,0.013066881265905168,0.01393425315618515,0.0128596714872039,0.013280515219271184
2737,0.01304094807141357,0.013231697157025338,0.012870918091262378,0.01327274022847414
2738,0.012819887089232604,0.012983759380877018,0.012865419486703143,0.01327600305825472
2739,0.012842355960359176,0.012875607721507549,0.01286525308071739,0.013297575576603413
2740,0.012815201336310969,0.013565817922353745,0.012866914508947069,0.013261823216080666
2741,0.0127101874185933,0.014404314048588275,0.01286520659795238,0.013256160914897916
2742,0.012983661347793208,0.013059981055557729,0.012853434344339703,0.013254393412172794
2743,0.012827732463677724,0.012864192426204681,0.012845835381580725,0.01326648349314928
2744,0.012802881776458688,0.01296564295887947,0.012843152752932574,0.013262682735919951
2745,0.01295783995754189,0.013260663822293281,0.012844362981700235,0.01320376094430685
2746,0.012916354036165608,0.013017301261425019,0.012841009144236644,0.01319682977348566
2747,0.012858604407972759,0.013118336237967014,0.012850979497697618,0.013184222124516962
2748,0.012799493206871881,0.013931343480944634,0.012845127620299657,0.013201294139027594
2749,0.013057695051862134,0.012942716851830483,0.012834283415973187,0.0131888743519783
2750,0.012685682498332526,0.013056929148733616,0.012821545250382689,0.013171425569057467
2751,0.012954679139786296,0.013612594231963157,0.01282243450068765,0.013167916740477088
2752,0.0129256788868871,0.013059219643473625,0.012823704206364021,0.013195236641168598
2753,0.012735058069229126,0.012828342616558075,0.012819907740006844,0.01317151276469231
2754,0.01265836178428597,0.013138511404395103,0.012823602032992576,0.013116183455288413
2755,0.012732066963281897,0.01342260506004095,0.012810213299757905,0.013136481103301054
2756,0.01273683224287298,0.012857411727309228,0.012803400144808824,0.01314047595262528
2757,0.012867170154220528,0.013011823743581771,0.01279815659903818,0.013163555262982846
2758,0.012738321613934305,0.012853257581591606,0.012791606256531345,0.013177686689794067
2759,0.012944788053217861,0.012762240916490555,0.012781478575203153,0.013167748884856702
2760,0.01264982771128416,0.013273789919912815,0.012770096324218643,0.013150774338841442
2761,0.012795776157743402,0.013623758479952812,0.01277142155079378,0.013119561913609504
2762,0.012722493931651115,0.012795477584004402,0.012753501808229421,0.013135847902297977
2763,0.0128421183468567,0.012896038666367531,0.01275043893886937,0.013198068520426752
2764,0.01287409860226843,0.01355860523879528,0.012745492618117069,0.013238737992942336
2765,0.012720289677381515,0.012972721010446548,0.012746305173552701,0.013233238908648493
2766,0.012802544743236569,0.013021081313490867,0.012741876058694389,0.013232859697937966
2767,0.012648943016926447,0.01356742225587368,0.012743571192440059,0.013214921993017197
2768,0.012657403589950668,0.01296406365931034,0.012739485245529147,0.01318874944597483
2769,0.012671793132192558,0.013542625717818738,0.012735353969534237,0.013187691755592826
2770,0.012794081394871076,0.013613949492573739,0.012723538080851238,0.013176721504330633
2771,0.01266316200296084,0.012768856137990952,0.012711945506268078,0.01317553280889988
2772,0.012574048133360015,0.012693972587585449,0.012694591810388697,0.01319354385435581
2773,0.012832623871250285,0.013151032850146294,0.012690169751230213,0.013225718030333516
2774,0.012609701487753127,0.013349866569042206,0.012683268653601405,0.013195760202407834
2775,0.012609110764331287,0.01461244460195303,0.012687437998503446,0.013204842510819433
2776,0.012831021120978727,0.014629331044852733,0.012690265305423075,0.013280125536024569
2777,0.012945992772777875,0.012921742536127568,0.012682618831512,0.013252900110185145
2778,0.01262433019777139,0.012818862348794938,0.012674230080097914,0.013247407564520836
2779,0.012700740127927728,0.012690068781375885,0.01266892576797141,0.013241339319944381
2780,0.012629918290509117,0.012768291383981705,0.01266562464899487,0.013218150351941585
2781,0.012633550343000226,0.012830969467759133,0.012665428976383473,0.013210919438302517
2782,0.012571772937145499,0.012737567462027073,0.012662033838613166,0.013187662285566332
2783,0.012448507249355317,0.012823540195822715,0.01265226373134388,0.013174486050009728
2784,0.012510945656233364,0.01321251705288887,0.012652170193774834,0.01317466572523117
2785,0.012539276232322058,0.014078144319355487,0.01265750787862473,0.013183624139428139
2786,0.012623248717023267,0.012874812781810761,0.012647321281168194,0.01316399492621422
2787,0.01282672755420208,0.013022535294294358,0.012646271306441888,0.013149710533022881
2788,0.012912801019847393,0.014778114296495915,0.012642421514458125,0.013071364064514637
2789,0.012682936754491595,0.012877969592809678,0.012632240894933538,0.013015701590478419
2790,0.012510570892029338,0.012835407368838788,0.012617001474731496,0.013086904442310332
2791,0.012669936940073966,0.012869375199079514,0.012634752436810068,0.013091729959845543
2792,0.012566415042512947,0.012987698055803775,0.012635374866094852,0.013100357192754746
2793,0.01265251177466578,0.012783290818333626,0.01263532177540991,0.013106384906172754
2794,0.012586914687934849,0.012961196899414062,0.012633821653905843,0.013120320120453836
2795,0.012549828713138898,0.013284543603658676,0.012631611706895961,0.013125888533890247
2796,0.01266082356373469,0.012773348018527031,0.012637975961714983,0.01312665019184351
2797,0.012707490254607465,0.012917932942509652,0.012648476051373614,0.013125332058966158
2798,0.012577958934836918,0.012660302519798279,0.012661634804887904,0.013074662283062935
2799,0.012583452119595474,0.012992756739258766,0.01266640692477425,0.0130821286842227
2800,0.012512865964737203,0.01265378288924694,0.012651873503790961,0.013066992278397083
2801,0.012576505632864105,0.013237769193947315,0.012637697420683174,0.012992974315583706
2802,0.012565007267726792,0.014701813831925392,0.012632348519066972,0.012988014714419844
2803,0.013068104249735674,0.012939500287175179,0.012632091082632543,0.012983665838837623
2804,0.01271630086004734,0.012905749604105949,0.012639852819840112,0.012980076746642588
2805,0.012628591023385524,0.012918984219431877,0.012645023886362712,0.012970618374645708
2806,0.012596047305398516,0.013179349824786185,0.01263815782285399,0.013021971125900743
2807,0.012516524261898464,0.012876777797937394,0.012633822429759635,0.013012787742912769
2808,0.012607613619830873,0.012842581644654273,0.012631935110439857,0.012990997825562952
2809,0.012773447897699144,0.013179563730955125,0.01262806506661905,0.012989070297777653
2810,0.012868245070179304,0.012811399921774864,0.012613686097413302,0.013030229997634887
2811,0.0127425517141819,0.013061472810804844,0.012604065474950606,0.013063307328522204
2812,0.01246339202961988,0.012644125148653984,0.012604520065171852,0.01306179701387882
2813,0.01255839894215266,0.01292766522616148,0.01260209860511952,0.013066652801632881
2814,0.012549214214086533,0.012753979563713073,0.0125965295471251,0.013047660158574578
2815,0.012504134981168641,0.012726685479283333,0.012590987061046891,0.012964344309270381
2816,0.012863980370263258,0.012779647894203662,0.01257365805837843,0.012991295923292637
2817,0.012695691705577904,0.012751238755881786,0.012566803224301999,0.012983130246400833
2818,0.012480860186947716,0.01406710959970951,0.01256417488820023,0.013019736751914023
2819,0.012478529860575995,0.012731612324714661,0.012561648604439365,0.013003180110454558
2820,0.012502645730144448,0.012739795669913291,0.012564564215805795,0.012992380475997925
2821,0.012564072468214565,0.012725159823894501,0.012557500709262159,0.01299520563185215
2822,0.012348016024463707,0.013946925438940525,0.012557591877381005,0.012971418100595475
2823,0.012337443373269506,0.01348723579198122,0.012539887706769835,0.013007793889939787
2824,0.012594816875126627,0.01295499887317419,0.012539537385851143,0.012995468041300775
2825,0.012452329463428922,0.012775177583098412,0.01254169734319051,0.013001685559749605
2826,0.012437279183003637,0.012762953117489815,0.012533486834996277,0.013003797818720342
2827,0.012426445115771559,0.012618917599320411,0.012533709343771139,0.013033145771920683
2828,0.012634879183024169,0.013613290637731552,0.012532320900095833,0.013032728527486326
2829,0.012544930008136564,0.012701607681810856,0.0125135624833405,0.013034981600940227
2830,0.012562882620841265,0.013834146857261658,0.01250337277924021,0.013037114864587782
2831,0.01253289021137688,0.01276543378829956,0.012505142519291903,0.013009609507024287
2832,0.012589414546059238,0.01260678693652153,0.01250554505545232,0.01301312395185232
2833,0.012431025956239966,0.012913210541009903,0.012499672951383723,0.01302370551675558
2834,0.012775727100670337,0.01258487544953823,0.012494559759812224,0.013017041970789432
2835,0.012425640804900063,0.013720794655382633,0.012496722851362493,0.013014920185506344
2836,0.012733793691214587,0.01275332659482956,0.0125121644952231,0.012990938298404217
2837,0.012517390963104036,0.012799563109874726,0.012511331722968156,0.013007294932007791
2838,0.012353136237296794,0.012980471700429916,0.01251057550923692,0.01299926339685917
2839,0.012554776933458116,0.01348767839372158,0.012510792786379657,0.012994949424266818
2840,0.012469423889285989,0.012716254368424416,0.012513073930558234,0.012995602309703827
2841,0.012395019951379961,0.012835974730551243,0.012503142777416442,0.012970154887437822
2842,0.01244094910307063,0.012804570347070695,0.012500703887641428,0.012964847899973393
2843,0.012525103688240051,0.01337947566062212,0.012499336071064076,0.01291562823653221
2844,0.012488593264586395,0.012819473445415498,0.012495781369755665,0.012903064355254169
2845,0.012355843128429519,0.013004334792494774,0.012496860602746407,0.01291884249448776
2846,0.01243624267892705,0.01255857117474079,0.012495535541491375,0.012905147111415861
2847,0.012402093313220475,0.013893880806863308,0.012490283895449506,0.012897972214221952
2848,0.012723484469784632,0.012887688614428043,0.01248951984933681,0.012901951660215853
2849,0.01257399756875303,0.013363914713263512,0.012473662478393979,0.012901225738227365
2850,0.012433424120148024,0.012574389204382896,0.012463086853424708,0.012902615810930725
2851,0.012442711111572054,0.01265510380268097,0.012465830572280618,0.012905373753607272
2852,0.012483473720235958,0.012635239735245704,0.012456354014078777,0.012868602330982686
2853,0.012386600354479419,0.01297710508108139,0.01245387360122469,0.0128637500166893
2854,0.012483957763761282,0.012568932995200156,0.01245627276707027,0.01289889258891344
2855,0.012528687206407388,0.012603655271232129,0.01245661525618699,0.012891486267745491
2856,0.012444022678666644,0.012451336756348609,0.012447380814204613,0.01286753500550985
2857,0.01261639537082778,0.013001240417361259,0.012455372801174721,0.01285964313149452
2858,0.012397899424864186,0.012570825964212417,0.012453616768204504,0.012866278551518917
2859,0.012644435949623585,0.012405503019690513,0.012453801449057129,0.012866543146967885
2860,0.012406539652082655,0.01382028080523014,0.012454916896422707,0.012812446914613244
2861,0.012337359417643813,0.012735178545117378,0.012450928650134141,0.012797393259406086
2862,0.012253000338872274,0.012834314927458764,0.012452296658191416,0.012767518618702886
2863,0.012421729208694565,0.013049420267343521,0.012445618807276092,0.012776704312860964
2864,0.012317862978412045,0.01256839282810688,0.01244027023712794,0.012768173223733902
2865,0.012407413567933772,0.012594946511089802,0.012432016102390156,0.012761209660768508
2866,0.01245499909751945,0.013714539036154747,0.012431109021852413,0.012755930322408678
2867,0.012449511330988672,0.012619412317872048,0.012423741247008242,0.012758201503753662
2868,0.01229424263868067,0.012780694104731084,0.012416680674999953,0.012753993354737762
2869,0.012688392938839065,0.012622176595032215,0.012410270131379365,0.012760562948882581
2870,0.012311942304174105,0.013170220293104648,0.012399067405445705,0.012745653779804708
2871,0.012440859700242678,0.012565186060965062,0.01240075942782892,0.012746069717407228
2872,0.012429979497359859,0.012541474997997284,0.012393055466893647,0.012751735010743141
2873,0.012623778312570519,0.012511347234249116,0.012385429827455016,0.012710931470990179
2874,0.01260819777018494,0.01261704869568348,0.012384241442961826,0.012698302228748798
2875,0.012266477847264872,0.012804031558334827,0.012410926048043704,0.012696709121763705
2876,0.0123089968578683,0.012441826574504376,0.01240732434127066,0.01270079892128706
2877,0.012277120351791381,0.012461150661110879,0.012404900138825179,0.012695129026472567
2878,0.012363923341035843,0.012845121622085572,0.012408210736430355,0.012692468109726907
2879,0.012299763392657042,0.012625712528824806,0.012400183907730714,0.012642150937020778
2880,0.01235217290620009,0.012498451545834541,0.012393665458510322,0.012635409976541995
2881,0.012283759088151984,0.01261557660996914,0.012397509908841718,0.012696011520922184
2882,0.012336327222486338,0.01262851119041443,0.01238402933991618,0.012711812987923623
2883,0.012440199984444513,0.012581224404275417,0.012391671295298473,0.012675959585607051
2884,0.012451836926241716,0.012547135353088379,0.012396443142162431,0.01267040527164936
2885,0.012215898666116927,0.012800192311406135,0.012388124076525371,0.012666517552733422
2886,0.01230764980531401,0.012419447489082813,0.012385988396075038,0.012693762409687042
2887,0.012920115465919176,0.012794487252831459,0.0123799666452739,0.012706762474775313
2888,0.012331686539368497,0.01315166525542736,0.012379508355094328,0.012692536504566669
2889,0.01225725791727503,0.0124266454577446,0.012381249458425576,0.012706664252281187
2890,0.012490178508063157,0.012528423592448235,0.012387496777872247,0.012699428497254849
2891,0.012254328380028406,0.012456609718501568,0.012398219950331583,0.01269076747447252
2892,0.012286550100478862,0.01245088830590248,0.012401229823877414,0.012703329695761201
2893,0.012390353896965583,0.014295732714235782,0.012399378132737346,0.012699926786124706
2894,0.012351378715700573,0.013017213270068169,0.012393987047589487,0.012694507886469366
2895,0.012502991188731459,0.012273885235190391,0.012392011689063577,0.012695536147058008
2896,0.012560155871841642,0.012426328212022782,0.012380686977588467,0.012703059935569761
2897,0.012222002856433392,0.0124442820250988,0.012368648630132276,0.012703897361457349
2898,0.012570386301312181,0.013192468658089637,0.012370355901039307,0.012690583653748035
2899,0.012457654000156455,0.012942050322890282,0.012368806987752515,0.012689110440015791
2900,0.01225502059277561,0.012448382303118706,0.012338481688085528,0.012675808599591252
2901,0.012352524441149499,0.012795020267367363,0.012335773392559753,0.012655424612760542
2902,0.012433303337958125,0.012280256785452366,0.01233488902263343,0.012695074708759784
2903,0.01263200265251928,0.012628596052527427,0.012334477438653508,0.012681811739504336
2904,0.012375010231302844,0.012939768061041832,0.012329401474653017,0.012671497952938076
2905,0.012305880627698369,0.012413378804922104,0.012338691144643558,0.01268896956592798
2906,0.012148981959455542,0.012480104118585586,0.012332590021896692,0.012734596881270405
2907,0.012286943259338538,0.012654217705130578,0.01233625246323645,0.012721018396317955
2908,0.012157082197566827,0.012769319117069244,0.012323292787414458,0.01272419565171003
2909,0.012150878239836958,0.012568071000277996,0.012310585728494658,0.012722563172876832
2910,0.012258580438792705,0.012467349618673325,0.012310975859769516,0.012721185882389543
2911,0.012268926973144214,0.012382617145776749,0.012295105609504715,0.012724772177636621
2912,0.012161982974244489,0.012461941242218017,0.012281069215676853,0.012703353504836557
2913,0.012263979151224097,0.012642065584659577,0.01227867852950262,0.012700831614434718
2914,0.012235148669117027,0.01341789785772562,0.012278924727315706,0.012694114719331264
2915,0.012479888908565044,0.01219684936106205,0.012268920521976222,0.012703355452418328
2916,0.012127429280016158,0.012198765054345131,0.012246942642786437,0.012690184505283834
2917,0.01251879185024235,0.012887678630650044,0.012241460102424028,0.012709939540922642
2918,0.012237825828293959,0.01543641559779644,0.012239725519344212,0.012701501709222794
2919,0.012442939749194516,0.012677751146256924,0.012238541779046257,0.012712079088389873
2920,0.012178999293181631,0.012353316619992257,0.012233462302014228,0.012704480536282065
2921,0.012242479398846626,0.012385516241192818,0.012236212356347176,0.012685495643317703
2922,0.01223175613830487,0.012409849762916566,0.0122375195014394,0.01267397065162659
2923,0.012173630044692093,0.013282126039266587,0.012230843976760903,0.012663978974521161
2924,0.0121067441544599,0.01240658350288868,0.012222933851472207,0.012669069990515713
2925,0.012195253438419765,0.0123853350430727,0.012228053833502865,0.012667597992718221
2926,0.012358679386476676,0.012627097889780997,0.012229771135333514,0.01267274368852377
2927,0.012183198204471005,0.012511275112628936,0.012230469591253335,0.012650639946758751
2928,0.012082555672774713,0.012299322374165058,0.012214241647389202,0.012686468473076822
2929,0.012237946722242567,0.013433643952012062,0.012225667150980899,0.012688283793628219
2930,0.012262516050702995,0.0122024330124259,0.01221473989122444,0.012664999887347223
2931,0.012119388452006712,0.012744538597762584,0.01221170282049312,0.012574522688984876
2932,0.012159956333537896,0.012464253902435303,0.012207425268159976,0.012561708317697052
2933,0.012225833555890454,0.012294696792960167,0.012199237386054466,0.012574723969399933
2934,0.01218355686714252,0.012279946208000183,0.012203098543650577,0.01256913581937552
2935,0.012091692321830326,0.012217557691037655,0.012209022822810545,0.012560713388025765
2936,0.012071173840926753,0.012509892545640468,0.012202961202131376,0.012517371578514578
2937,0.012289982525010904,0.01242514129728079,0.012203306356237995,0.01252758030742407
2938,0.01230691169699033,0.012770707979798316,0.012205225625634196,0.012519447718560697
2939,0.012252610067112578,0.012865304313600064,0.012193074641128381,0.012501214557886123
2940,0.012074190311961703,0.013092562519013883,0.012192722906834548,0.012497132080793382
2941,0.012413066869808568,0.012244148068130017,0.012192686145587099,0.012496158675849436
2942,0.012245610356330872,0.012305580973625184,0.012183504278543922,0.01245486698001623
2943,0.01216189906001091,0.013174485638737679,0.01218483011631502,0.01246525200754404
2944,0.01233600094086594,0.012357391864061356,0.012179282290985189,0.01245634913742542
2945,0.011974302240543895,0.012678707912564278,0.012179273827291198,0.012454862526059148
2946,0.012339008338749409,0.012245812490582465,0.012181004583918386,0.012472445589303969
2947,0.012379863117304114,0.012199288979172707,0.012173282202829915,0.012478957244753838
2948,0.012022089527712929,0.01219858080148697,0.012177102548629045,0.012486669746041297
2949,0.012115373007125325,0.012661801725625992,0.012181644324958324,0.012495410273969172
2950,0.012243235173324743,0.012182020321488381,0.012168200903137525,0.012510441109538079
2951,0.012054904773831367,0.012171268872916698,0.012171110823336575,0.012490798239409925
2952,0.012174404847125212,0.012409213185310363,0.01217199640555514,0.012459840402007103
2953,0.012081636641588477,0.012274987250566482,0.012173410366806718,0.012420823766291144
2954,0.012008400046163135,0.012401351556181908,0.012166582180890772,0.012416875872015955
2955,0.012295661994980441,0.012462058700621129,0.012161527643435532,0.01240791695713997
2956,0.011980692818760873,0.012521966844797134,0.012161813104235466,0.012411313758790492
2957,0.012159744741188156,0.012427088618278504,0.012162489705615575,0.012436355362832547
2958,0.012269102471570174,0.012734273374080658,0.012168169237673285,0.012443269719183447
2959,0.0119904973399308,0.012442737594246864,0.012153969847990411,0.012452069008350372
2960,0.012187200966808531,0.012410370223224164,0.012136636323399017,0.012454341430962086
2961,0.012184718249158727,0.012728405743837356,0.01213672734051943,0.012449783214926718
2962,0.011953896979490916,0.012800912186503411,0.012132468079196084,0.012430367632210252
2963,0.012379659701966576,0.012279636226594448,0.01212303524033891,0.012435666538774967
2964,0.012274749622576766,0.012091358378529548,0.012124682636227872,0.012464788055419921
2965,0.012109539343251123,0.012117146626114845,0.012119097812639342,0.012453046327829358
2966,0.012242362221909895,0.012145450711250306,0.012116479105005663,0.01244965632855892
2967,0.012119246919949849,0.012081608101725578,0.01211728800907731,0.012437866415083406
2968,0.012169035580009223,0.013259405680000782,0.01210732806523641,0.012429395270347593
2969,0.012352915975368686,0.012983431965112686,0.012111189294689233,0.012414134109020229
2970,0.012116290541986624,0.012851566821336747,0.012101076816187963,0.012423097717761991
2971,0.011984023596677515,0.01246579471975565,0.0121052691080504,0.012404873193800446
2972,0.01194652500251929,0.012256099544465542,0.012110072075327239,0.012404871892929074
2973,0.012024364955723286,0.012084625400602818,0.012104043633739155,0.012393052852153778
2974,0.012008891474041675,0.012176412157714367,0.01209615529783898,0.012370218731462955
2975,0.012007414201895395,0.012314492985606194,0.012110022801243594,0.012366295416653158
2976,0.012096089671055476,0.012899306789040565,0.012101309363709555,0.01237889289855957
2977,0.012034784257411956,0.01211566999554634,0.012090569524425597,0.01238964372128248
2978,0.012016168950746456,0.012190237268805503,0.012080810823415715,0.012383323211967947
2979,0.012028622647954358,0.012106603719294071,0.012073364581374658,0.012414641366899015
2980,0.012046663398957914,0.0122502800822258,0.012072367262219387,0.01241211505383253
2981,0.01207722355508142,0.012140437811613083,0.012062078795789017,0.0123801262319088
2982,0.011906932778656483,0.01265117883682251,0.012042345246382886,0.012351535665988922
2983,0.012373909768131044,0.012278660275042057,0.012034597721985644,0.012319066336750985
2984,0.012110571521851752,0.012442705072462559,0.012043736006360916,0.012298398447036743
2985,0.012036489927106434,0.012114894203841686,0.01204427161568569,0.012297179107367993
2986,0.01198750985165437,0.012157552726566791,0.012050950177386405,0.012334027706086636
2987,0.01230058456460635,0.01270282931625843,0.012041966675263313,0.012331779059767723
2988,0.012161823763615555,0.012594573274254799,0.012041522380999394,0.012318754547834397
2989,0.012006253640477856,0.012360128946602345,0.01203239271603525,0.012294333469867708
2990,0.011865571818004052,0.01195913389325142,0.012036652484825917,0.012300400841236115
2991,0.012056206170883444,0.012928404584527016,0.01203368133294086,0.012292388576269152
2992,0.01209431394106812,0.012018450275063515,0.012039943913163412,0.012288271425664425
2993,0.011911823919249906,0.012459685131907462,0.012035428378937974,0.01227893633544445
2994,0.011859577240215408,0.012268667817115783,0.012025158964718383,0.012273264880478382
2995,0.011922602432055606,0.012039833590388299,0.012029189182942112,0.012247631603479386
2996,0.01221248070605927,0.011949097476899624,0.01201179197964569,0.012248920126259328
2997,0.011959915235638618,0.012225616052746772,0.012003708293413124,0.012238430161774158
2998,0.01219132899824116,0.013005840368568897,0.0120045470358183,0.012235776285827157
2999,0.0117843039209644,0.012120195999741554,0.011998241800359556,0.01223591203391552
3000,0.011996306845297415,0.011988880187273026,0.011989273244432278,0.012208108752965928
3001,0.011867848046951823,0.012288779839873315,0.01198297031948136,0.012189453640580175
3002,0.01214127847717868,0.012267354279756545,0.011976832932068244,0.012173389959335326
3003,0.011941890153619978,0.011989930644631386,0.011983524094935923,0.012171368609368799
3004,0.0121851871535182,0.012003674954175949,0.011981231959991987,0.0121369086638093
3005,0.01193377504332198,0.012016902826726437,0.011974892872571946,0.012138794691860678
3006,0.011820488199591637,0.011998651437461377,0.011971706827812725,0.012133951728045942
3007,0.01200768823424975,0.012010346911847592,0.011970817162924342,0.012136356674134732
3008,0.01193897968572047,0.012310873344540596,0.011981631886379586,0.0121296946272254
3009,0.01190847936603758,0.012180455960333347,0.011965895990199513,0.012131782937049867
3010,0.012057458487235837,0.012048547305166721,0.011962917987174458,0.012119774115085604
3011,0.011829878965185748,0.012160946428775788,0.011969804446399212,0.012079795803129675
3012,0.012076370666424434,0.012007747292518616,0.011972308824294144,0.012081347332894805
3013,0.012004250639842616,0.012128195464611054,0.011974370488441655,0.01208789008408785
3014,0.011852818955149915,0.01195853691548109,0.011976443786339629,0.012073331354558469
3015,0.012032850889696016,0.011908600144088267,0.011967929760035542,0.01206410722732544
3016,0.011998902797285053,0.012066905945539474,0.011972681120617524,0.012079587817192079
3017,0.011935836755567126,0.012065600976347924,0.01196118431215485,0.012075628469884395
3018,0.011832172800269393,0.012338611036539078,0.011959249923047094,0.012075868266820907
3019,0.01183733561800586,0.012328791469335555,0.011959717993686596,0.012074298618733883
3020,0.012192970518436697,0.011873282417654991,0.01195769979034861,0.012103470723330973
3021,0.011819083301557435,0.012001305222511291,0.011955071108871037,0.012092540664970874
3022,0.011885465160012244,0.011925395503640175,0.011955774666368962,0.012130574253201484
3023,0.012363490478860007,0.012006382569670676,0.01194701641392377,0.012124175994098185
3024,0.011846913368337684,0.012158984243869781,0.01194763481989503,0.012120258332788944
3025,0.012047848448985153,0.01215244896709919,0.01193639487649004,0.012132988312840461
3026,0.01191968049440119,0.011924811601638795,0.011928879661113025,0.012124840348958969
3027,0.011928427819576528,0.012036751098930836,0.011932038089219069,0.01212103808671236
3028,0.012060674168169498,0.01237694539129734,0.011924700696269672,0.012115046533942223
3029,0.01189776694195138,0.011904691271483898,0.01190771332407991,0.012132588128745556
3030,0.011885415315628051,0.012022897750139237,0.01190119420943989,0.012142119628190994
3031,0.011832189965579245,0.01195941023528576,0.011902046847591798,0.012131911250948906
3032,0.01195723315080007,0.012739649526774883,0.011899045698924197,0.012140385234355927
3033,0.01187326264878114,0.012037621885538101,0.011883402848243714,0.012146673938632013
3034,0.011926068303485712,0.013131295666098594,0.011886127464224896,0.01214602601826191
3035,0.011838502176105976,0.011888590827584266,0.011879626944661142,0.012143811738491059
3036,0.011845339114467304,0.012063004896044732,0.011849804193774861,0.012134477457404137
3037,0.011795372081299623,0.012325996793806552,0.01185701972908444,0.012144166818261146
3038,0.011816370255417295,0.011924496367573739,0.011856588096254405,0.012136239404976367
3039,0.011931779657800992,0.011863480359315871,0.011844644988659357,0.012131954361498354
3040,0.011849416065961122,0.011758811324834823,0.011839431610455118,0.012130376338958741
3041,0.011574218492541049,0.012505445815622806,0.01182617740655939,0.012121824872493744
3042,0.011772858889566527,0.012303888462483883,0.011820811169925666,0.012117262247204781
3043,0.011853488754067157,0.01208340160548687,0.011820284593519241,0.012116123525798321
3044,0.011762306901315848,0.012540641054511071,0.011821878315591151,0.012155065999925139
3045,0.011801899251424604,0.012030500024557113,0.01182198268282745,0.01213396545648575
3046,0.011887198701086971,0.011985107213258744,0.011808953396893212,0.012161630877852441
3047,0.011722952170918385,0.011870038509368897,0.011812519285000034,0.012110349562764168
3048,0.011617921706702974,0.011773025542497635,0.011808738132731785,0.01211972644329071
3049,0.012027301751077175,0.01240121826529503,0.011814700677080289,0.012110408870875835
3050,0.012037057628234227,0.011954263634979725,0.011821752275774877,0.012109162917733193
3051,0.011621102804525031,0.011817685514688491,0.01181554861292243,0.01210471765100956
3052,0.011798093364470534,0.011997300535440444,0.011813090013174547,0.012144335314631462
3053,0.011729319070776303,0.012163158729672432,0.011805629945422209,0.012149376741051675
3054,0.011763611026108265,0.011790625639259816,0.011810569934836689,0.012118921901285652
3055,0.011872250905467405,0.011994429714977741,0.011807067984797887,0.01211297347545624
3056,0.011872033017377059,0.012932972088456153,0.011795377569024759,0.012119875249266627
3057,0.011959842331707478,0.012212135940790176,0.01179230535208351,0.012107314926385882
3058,0.011547530500425233,0.012729257419705391,0.01179544482781655,0.01210268150120974
3059,0.012015215506156286,0.011849262788891791,0.0117909434174084,0.012089920873939992
3060,0.011743973369399707,0.012123012840747833,0.01179899001870718,0.012089387246966364
3061,0.011994402723179923,0.011830065585672855,0.01179490821349124,0.012088080058991911
3062,0.011971662048664358,0.012294847965240479,0.01179369681895607,0.01207377265840769
3063,0.011661278684106139,0.011813364699482918,0.011783624202385544,0.01207562206685543
3064,0.01187031466410392,0.012853921949863433,0.011798961806918183,0.012081307196617127
3065,0.011662914372152753,0.011884846985340118,0.011796051002500786,0.012067521665990354
3066,0.011697718227903048,0.011744074821472168,0.0117912885836843,0.012054620398581031
3067,0.011685310138596429,0.01215517781674862,0.011789556534960867,0.012095949865877632
3068,0.011561228359738985,0.012255945950746536,0.011779471766658955,0.012096672660112382
3069,0.01168550147778458,0.012226632982492446,0.011784897253041467,0.012061779443919661
3070,0.011880386144750649,0.011914664395153523,0.011764757272725307,0.01204210784584284
3071,0.01177466344088316,0.011666091531515122,0.011782160963738958,0.011998064817488196
3072,0.011924117203387949,0.011856697835028171,0.011767907897176015,0.012000581400096418
3073,0.011515876576304436,0.01174034584313631,0.011764801845906508,0.011985965795814993
3074,0.01199701688769791,0.012043533250689506,0.011757587087775271,0.012037731984257699
3075,0.011785242213971085,0.012000498846173286,0.01175265114783413,0.012096932661533357
3076,0.01200454291784101,0.011959813758730889,0.011753980983917911,0.012090642091631893
3077,0.011725323254035578,0.011652662269771099,0.0117561330139637,0.012058894659578802
3078,0.011610258600364128,0.011840627044439316,0.01176231862919198,0.012051524528861046
3079,0.011720309808022446,0.012823862321674824,0.011764868255621857,0.01206362375319004
3080,0.011620131697919634,0.012012499570846557,0.011772407725287806,0.012056174641847611
3081,0.012007670176939832,0.012060641683638096,0.011767575278629858,0.012053652319312096
3082,0.011456342823803424,0.011720345988869667,0.011763508484346999,0.012042125196754936
3083,0.011982622775766585,0.01162818171083927,0.011746718509081338,0.012037946905195716
3084,0.011658888842082686,0.011912177354097366,0.011742548641810813,0.012048012371361258
3085,0.011666322087662087,0.011757622733712196,0.011735705225914717,0.01205702529847622
3086,0.011814033769898945,0.013124220296740532,0.01174482429135177,0.012087779557704927
3087,0.011848263550135824,0.01377486489713192,0.011736077771004704,0.01209210645258427
3088,0.011694524586200714,0.011656100451946259,0.011738604697005618,0.012078750538825992
3089,0.011924115415248605,0.012060236148536206,0.011729834254168802,0.012069017435610297
3090,0.011817554752859805,0.01170059371739626,0.011724943594055043,0.012104856149852279
3091,0.01176145888864994,0.012046555429697037,0.011732829408513175,0.012122070600092414
3092,0.011873796880245209,0.011968950033187866,0.011726899029148948,0.01207429355978966
3093,0.01144041719329026,0.012192887887358665,0.0117238542124629,0.012094064398109915
3094,0.011583831620713076,0.011938454918563365,0.011714931863298018,0.012124714660644534
3095,0.011460636763109102,0.011810207106173039,0.011722871189233328,0.012222315200418235
3096,0.011670416759120093,0.011917728185653686,0.011706204966290127,0.012262783039361241
3097,0.011753031805985503,0.01208202101290226,0.011707411605947547,0.01227456798925996
3098,0.011743853212230735,0.01250920232385397,0.01171503147722946,0.012273596654087306
3099,0.011778353879021274,0.012151705622673035,0.011709204661597805,0.012214156007021667
3100,0.011848415363993909,0.011666601002216339,0.01170921335774991,0.012131515369564295
3101,0.01178528184692065,0.011716486178338528,0.011706389702442617,0.01217459163442254
3102,0.011603056751191616,0.012548630125820637,0.011693547107362081,0.012161446591466663
3103,0.011807403961817424,0.012270988300442695,0.01168629022017121,0.012174827524274586
3104,0.011572050323916807,0.011629436314105988,0.011674173667861353,0.012161911428719757
3105,0.011544011280768448,0.01250677052885294,0.011657313464581964,0.012213072866946457
3106,0.01178461144781775,0.012826898247003555,0.011670891258948376,0.012195498932152984
3107,0.011654825972186195,0.014160359483212233,0.01168175411952866,0.012187173403054476
3108,0.011565967202186585,0.012639877684414387,0.011694710237781202,0.01217910450771451
3109,0.011689054833518134,0.012206801101565362,0.011707879407869442,0.012185104166716337
3110,0.011856818869709969,0.011733339354395866,0.011707757067680355,0.01216685209646821
3111,0.011668363379107581,0.011638204120099544,0.011694317461881371,0.012142861074954272
3112,0.011848480953938431,0.01170884896069765,0.01168345370110538,0.012115068232268095
3113,0.01162393320351839,0.012733007073402405,0.011671517292989621,0.012121413279324773
3114,0.011603050538235241,0.01173161007463932,0.011659797201885114,0.012128054030984645
3115,0.01163613257308801,0.012035117037594318,0.011655530790653491,0.01208406536355615
3116,0.011458545080903503,0.01172365304082632,0.01165228849036826,0.012072885238379244
3117,0.011452291798260477,0.013247985988855362,0.011650962560706668,0.012083318344503644
3118,0.011779862052450577,0.011753539517521859,0.011652285748802954,0.012042004369944334
3119,0.01185540313522021,0.011730316691100598,0.011643387845510412,0.011997036442905664
3120,0.011784539719422659,0.011608484722673893,0.011648943450902073,0.01196923225671053
3121,0.011999646011326049,0.012067719660699368,0.011653351424903508,0.011933538824319839
3122,0.011749973301258352,0.011625719256699085,0.0116441270314364,0.01191823901236057
3123,0.01140786306725608,0.011909426786005498,0.011632163962825308,0.01192567559480667
3124,0.011506759859621525,0.011456884555518626,0.011630463867738017,0.011934743516147137
3125,0.011550005161099964,0.011825227178633213,0.011612563882788852,0.011925442433357237
3126,0.011492279569307963,0.011882504969835282,0.011609142012997635,0.011889965668320655
3127,0.011496396470401023,0.011448913440108299,0.011602066293131146,0.011888067272305488
3128,0.011726346454686589,0.011991485171020031,0.01159606517596791,0.01187898342460394
3129,0.01153890208237701,0.011890263967216015,0.011597478202999466,0.011929003581404687
3130,0.011577090983175569,0.011473921164870261,0.011597536324150861,0.011884526765346527
3131,0.011562163865504165,0.011702700071036815,0.01158428313916342,0.011893118406832218
3132,0.011793716106977728,0.013465254828333854,0.01157877613424013,0.011882648785412312
3133,0.011676166552222438,0.01174754187464714,0.011563132113735709,0.011895311370491981
3134,0.011458444996840424,0.011824305802583694,0.011541600828390156,0.011877768310904504
3135,0.011557742154432667,0.011919253915548324,0.011529276283768318,0.01187294265329838
3136,0.011625861001925336,0.011864902153611183,0.011532309026871293,0.011854113440215587
3137,0.011400981330209309,0.011476321890950204,0.01152915269519306,0.011851310060918333
3138,0.011538386458737983,0.011846087947487831,0.011527855995980404,0.011838639038801195
3139,0.011426157541573048,0.01168415017426014,0.011550637949692707,0.011853807094693183
3140,0.011486104644007154,0.01180802084505558,0.011549983208233285,0.01185891649723053
3141,0.011493870756692356,0.012974156960844994,0.01153438052032143,0.011861551520228386
3142,0.011453744827045335,0.01213606558740139,0.01153067337036547,0.011844232581555845
3143,0.0114485324277646,0.011968330554664135,0.011537339317157037,0.011881232714653016
3144,0.011717728012137944,0.011468576155602933,0.011528595373448398,0.011879362182319166
3145,0.011393439206812116,0.011925049349665642,0.011510336168193155,0.011877723293006421
3146,0.011461363877687189,0.011629143171012402,0.011502801625596151,0.011860475137829783
3147,0.01144185968571239,0.011505077816545963,0.011508118694689538,0.011848632174730304
3148,0.011483681644830438,0.011438696458935738,0.011496753819286823,0.011839172378182416
3149,0.011427851567665737,0.011386800073087216,0.011484130532294511,0.011825397323071961
3150,0.011517587680783536,0.011508451625704765,0.011483856002903647,0.011821620826423171
3151,0.012061828412115574,0.012261706367135049,0.011480851556195151,0.01180625156760216
3152,0.011480027933915456,0.011576648503541946,0.011480169516222343,0.011806738287210468
3153,0.011336279256890217,0.012057360745966434,0.011478902434143755,0.011812784495949748
3154,0.011446223333477975,0.01145729050040245,0.011489534258345762,0.011760835757851603
3155,0.011743739652964803,0.012398924492299557,0.011493999119889407,0.011741227957606319
3156,0.011343565272788207,0.011655936762690545,0.011496652711141442,0.01172445013523102
3157,0.01133723597559664,0.013424282595515251,0.01148294125981629,0.011742150591313838
3158,0.011487802987297376,0.011316337995231152,0.011477042470913796,0.011720814833045006
3159,0.011591371724175082,0.011528231725096703,0.011474413220460219,0.011712435956299304
3160,0.01127362026936478,0.011682759001851083,0.011476090373305811,0.011709378398954869
3161,0.01131027882711755,0.011520525775849819,0.011477264300030139,0.011751651717722416
3162,0.011394118095437685,0.011381909474730492,0.011481984819844365,0.011747852693498137
3163,0.011463275291025638,0.011461856476962566,0.011470948419264621,0.011756078496575357
3164,0.011409106542252832,0.011696318164467812,0.011449370951081317,0.01172679855078459
3165,0.01145442759204242,0.011959176063537597,0.011439455890531343,0.011757544744014742
3166,0.01175966636174255,0.01167543850839138,0.01143484879612095,0.011739354561269287
3167,0.011565366365636388,0.011645870581269264,0.01142865068825583,0.011744862614572051
3168,0.01151487220906549,0.011548884995281696,0.011421711252919504,0.011716730670630933
3169,0.011374941729009151,0.011911087557673455,0.011418827559343646,0.011721433983743191
3170,0.011245969484249751,0.011391655392944813,0.011421688516396617,0.011667208984494212
3171,0.011395632616347736,0.011419671252369881,0.01140914523365597,0.01166371312439442
3172,0.011483788506852256,0.011428638882935048,0.011404207142649427,0.011657292263209822
3173,0.011513029812938638,0.012495529428124428,0.011411323337298301,0.011647842723131182
3174,0.011545864563021395,0.011291824467480182,0.01140978010400302,0.011697507882118227
3175,0.011241677666289938,0.011714096702635289,0.011424086469784378,0.011702560797333719
3176,0.011522391707532935,0.011529707722365857,0.011416202910368638,0.011692398199439052
3177,0.011232151420166096,0.01234530333429575,0.011407924810921151,0.011692146745324134
3178,0.011221101896630394,0.011602606177330017,0.011400204429816868,0.011683056508004667
3179,0.011291270636849933,0.011594991832971573,0.011376984709459873,0.0116830745741725
3180,0.011570253769556681,0.011695625893771648,0.011363247837291823,0.011669903557002545
3181,0.01127147293339173,0.011773519590497017,0.011356579803840982,0.011659814101457593
3182,0.011408759901920954,0.012068657614290714,0.011353407825032868,0.011662875491380688
3183,0.011174220918781227,0.011228941492736339,0.011375421504179636,0.011706437210738656
3184,0.011467919449011484,0.011367710195481778,0.011377386704418393,0.011715851210057734
3185,0.011451525135586659,0.011446520499885083,0.011369193472050957,0.011709558233618736
3186,0.011271697994735506,0.012762154750525952,0.011358124688019354,0.011661938415467739
3187,0.011751777239971692,0.011508232355117798,0.011347493191146188,0.011681939592957496
3188,0.011266186305632194,0.011207791529595851,0.011352638982236384,0.011678896605968474
3189,0.011202154056065613,0.011690031811594963,0.011342260487212074,0.011669751988351344
3190,0.011261418064435324,0.011731920130550862,0.011339675435175499,0.011633632232248784
3191,0.011179173352817694,0.011675890162587165,0.011342807842542726,0.011678228656947615
3192,0.011221944561435116,0.011316595152020454,0.011342432167298263,0.011686958453059199
3193,0.011348171372794444,0.011296648606657982,0.011334694389833344,0.011699571152031423
3194,0.011295642258806362,0.011987622305750846,0.011337448034518296,0.011679655043780806
3195,0.011796311462918917,0.012480698376893997,0.011340726752413644,0.011658936131000521
3196,0.011444762622316678,0.011655021235346794,0.011339025307529503,0.011662369421124462
3197,0.011278957697666354,0.011271314471960068,0.011329649494008885,0.011658624599874023
3198,0.01123631021214856,0.0113050339743495,0.011319568202230667,0.01164907017499209
3199,0.011280077141192224,0.011791853904724122,0.011329537636703916,0.011638007788360123
3200,0.011370322443544864,0.011638022027909756,0.011309058867560493,0.01162521219402552
3201,0.01126292933192518,0.011301092281937599,0.0113101990432375,0.011626312138140206
3202,0.011167525119251676,0.0114423094317317,0.011308281055837869,0.011619407346844676
3203,0.01129941208081113,0.012717516794800758,0.011317088163312939,0.011600365877151492
3204,0.011281878755738339,0.011813236735761165,0.011315089380327199,0.011582404747605326
3205,0.011376809332933691,0.012010943368077278,0.011317178210864465,0.01159941504597664
3206,0.011340314050515493,0.011275616884231567,0.011308374248445033,0.011593894371390346
3207,0.011490727849304676,0.011550684794783592,0.011300991601745287,0.011569228741526607
3208,0.011131684796677695,0.011314773745834828,0.011275380329870516,0.011555384349822999
3209,0.011233524110996061,0.01127408966422081,0.011266359807799258,0.011550242903828622
3210,0.011199492841131158,0.011207659877836704,0.011260772605819836,0.011549264350533488
3211,0.011520933856566747,0.012485595084726811,0.011252800658014084,0.011539370311796665
3212,0.01123980801138613,0.011188342496752738,0.011254431363443533,0.011530346126854418
3213,0.011294690697557397,0.011235290132462978,0.011238783761362236,0.011511975237727165
3214,0.011154204371074835,0.011517412029206753,0.01124554807841778,0.011505344335734845
3215,0.011481595751312045,0.011255883388221264,0.011255572078625363,0.011495962627232074
3216,0.011129203778174189,0.011226861923933028,0.011247650441196232,0.011436737006902694
3217,0.011274165324866772,0.01174185261130333,0.011240970397161114,0.011415515293180944
3218,0.011128072312308682,0.01115863174200058,0.011230863268673423,0.01137893998771906
3219,0.0111110760913127,0.011370981559157372,0.011223706370095414,0.011385589525103572
3220,0.011156029666049613,0.012134588584303855,0.011210809651348326,0.011374939379096033
3221,0.01121924957053529,0.011526485085487365,0.011207857070035406,0.01137133354097605
3222,0.011139277648180724,0.01124685063958168,0.011206204877876576,0.011379914501309396
3223,0.011037011517004834,0.011057683005928994,0.011200580450809667,0.01137547774910927
3224,0.011320844776928424,0.011566249281167984,0.011181001725378966,0.011329243300855161
3225,0.010979132391512395,0.011178749799728393,0.011173088698668615,0.011345589624345303
3226,0.011432037258313762,0.011135319732129573,0.011163810277813014,0.011350485320389271
3227,0.011418125124441254,0.011207766719162465,0.011166718456314673,0.01134299215078354
3228,0.011101371145082844,0.011236876286566257,0.011145863834354614,0.011345145632326603
3229,0.011114877654860416,0.011282693892717362,0.011145368812647131,0.011378403319418431
3230,0.011124131120741367,0.011096560731530189,0.011139111167151066,0.011380617392063143
3231,0.011161391586065293,0.011441855318844318,0.011134237847518592,0.01139766405671835
3232,0.011168309880627527,0.011284431144595146,0.011147803582623602,0.011397586323320864
3233,0.011057870263854663,0.011224627792835236,0.011150416706212694,0.011483485348522662
3234,0.011192219307025273,0.011488613672554493,0.011152219942750204,0.011471041767299175
3235,0.011058882164458434,0.011096741072833538,0.011160758385351964,0.011462115123867989
3236,0.011031465720799234,0.011329733878374099,0.011164074085859791,0.01148421357423067
3237,0.011041982343627348,0.01159700058400631,0.011152631773675484,0.011470706224441527
3238,0.011062730176167355,0.011357682533562183,0.011173812659540113,0.011461745712161065
3239,0.01122690883361631,0.011330082789063453,0.011154449763521554,0.011469860431551933
3240,0.010960230202310616,0.011309720426797867,0.01115082184303966,0.011459944249689578
3241,0.011116828235487142,0.012058304101228714,0.01114631367561718,0.01149485712647438
3242,0.011117724187465178,0.011797204427421094,0.011150296738536822,0.011492901192605494
3243,0.011006239321496752,0.011584798358380794,0.011143755002775127,0.011487570112943647
3244,0.01145021946893798,0.011369038224220276,0.011138306270581154,0.01146997696906328
3245,0.01122135775577691,0.014282064214348793,0.011125378246315652,0.011455926512181757
3246,0.011264330483973026,0.011215395554900169,0.011130512476008799,0.011451659162342547
3247,0.011352738713224729,0.011023684553802014,0.011123285513329835,0.011445552103221412
3248,0.011119904029700492,0.011610144264996052,0.011122419819856682,0.011442969590425489
3249,0.011034786972320743,0.011228565536439418,0.011121740333032279,0.01146911271214485
3250,0.011508654538128112,0.010954736992716789,0.0111220388457593,0.011445773561298844
3251,0.01094796485784981,0.011338187716901302,0.011119757657373946,0.011444250240921973
3252,0.01132742711239391,0.010959862172603608,0.011123207705343766,0.011443900839984415
3253,0.010988666959520844,0.012109698206186294,0.011127385390425725,0.011439079117774963
3254,0.011214454227851497,0.011233795545995235,0.011130711962241269,0.01141413696706295
3255,0.010960587726698981,0.010963283739984035,0.011130487219161461,0.011394678422808648
3256,0.01102517328121596,0.011002026721835137,0.01112671404431264,0.011373391713202001
3257,0.010845109273989996,0.010933169722557068,0.01111018043342564,0.011456745656579734
3258,0.01118622600618336,0.011117944046854972,0.011106458584715925,0.011358920829743149
3259,0.011011545240051216,0.011335937194526196,0.011102519287582902,0.011405027610808614
3260,0.011037239827629592,0.011032178252935409,0.011092980767207014,0.01141283457502723
3261,0.01101447855018907,0.011983311921358108,0.011081740882496041,0.011389274319261315
3262,0.0110494451618029,0.011013521812856197,0.011085736480520832,0.011407884696871044
3263,0.011005700466533501,0.011319599524140357,0.011063622615734736,0.01141463832333684
3264,0.011313160032861763,0.011321347765624523,0.01106987185817626,0.011424587457627058
3265,0.011064672329359584,0.011189177371561528,0.011062202601051993,0.011423048152774572
3266,0.011199992530875736,0.011434750333428383,0.01105937904947334,0.011385945805162194
3267,0.011112105610469977,0.011310740821063519,0.011053909575442472,0.011369140505045653
3268,0.010911909950276216,0.011052630618214607,0.011050822806855043,0.011361911452561615
3269,0.01103687919676304,0.013452886808663607,0.011048278551217584,0.011399241242557763
3270,0.011128311538034015,0.011836443543434143,0.011052703755183354,0.011402726589888335
3271,0.011165848055647479,0.01236806508153677,0.011041448270529509,0.011434638977795841
3272,0.01111427570382754,0.011218858659267425,0.011043665326221122,0.011506812554597855
3273,0.010838906911926138,0.011021137870848179,0.011047862195803062,0.01151484019160271
3274,0.011134676922940545,0.011693824976682664,0.011043435204360222,0.011507800666987898
3275,0.010955807918475734,0.011123577654361725,0.011033688787039786,0.011506313325464727
3276,0.011104195918887854,0.011586916074156762,0.011026164228883056,0.011494508764147761
3277,0.011135695684287282,0.010921379551291466,0.011013562162551617,0.011490705983340743
3278,0.010918078170054489,0.01118213951587677,0.011010029314955077,0.011487969198822978
3279,0.011077717377079858,0.01081366304308176,0.01099707978980409,0.011487846313416959
3280,0.010883418512013224,0.010782557427883149,0.01098751468145185,0.011479487708210947
3281,0.010961566890279452,0.011935271471738815,0.011005460995766854,0.0114914798617363
3282,0.010955739373134241,0.011020303405821323,0.010994976802501414,0.011390475165098906
3283,0.010904838889837265,0.011915753744542599,0.010985577872809437,0.011350745240598916
3284,0.011066971632341544,0.013140276614576578,0.01097585555472308,0.011292241590470077
3285,0.011142161567178038,0.011232869178056716,0.010965384261889592,0.011276417901366948
3286,0.010903803764118088,0.011807323805987835,0.010969399548404746,0.011283932787925003
3287,0.010805784728791979,0.010976338274776936,0.010966575425614914,0.011285005619376896
3288,0.010817586512615284,0.011024485491216183,0.010972037756856944,0.011298885338753461
3289,0.010998108374575774,0.011226278245449067,0.010958130085468294,0.011276766157895324
3290,0.0109763511394461,0.011120757758617402,0.010950105929623049,0.011280581729859112
3291,0.01087625440210104,0.01143167819827795,0.01096078853416774,0.011303919842094182
3292,0.010872977901664044,0.011101775690913201,0.0109482466571033,0.011311173636466266
3293,0.011360567808151246,0.011352434456348419,0.010946452147016924,0.011327930293232202
3294,0.010774774365127087,0.010927769392728805,0.010941408027046256,0.011283846174925564
3295,0.01089333829573459,0.010843195430934429,0.010933048360298077,0.01127977936938405
3296,0.010922790103488499,0.010905473828315734,0.010927428084363542,0.011237963410466909
3297,0.01085249338299036,0.010823266431689262,0.01092591403383348,0.011146207377314567
3298,0.010939289074805047,0.011209010034799577,0.010909321157717044,0.01115791452527046
3299,0.011064073853194713,0.011720645762979985,0.010906953788714278,0.011161874605715275
3300,0.011092366199526521,0.011470570638775825,0.010908269990401138,0.011196320056915284
3301,0.010756504134171539,0.01103393655270338,0.010916794416805108,0.01125343041419983
3302,0.010935091788156165,0.011016768850386143,0.010907387953168816,0.011237979245185853
3303,0.011185143283671803,0.011765592321753502,0.010898750797286628,0.011229256938397887
3304,0.010764170450468858,0.010995007902383804,0.010894674147955242,0.0112077605009079
3305,0.010838555759853787,0.011201473847031594,0.010894869925371472,0.011198055222630503
3306,0.010835463891012802,0.010833168514072894,0.010868630760866733,0.0111948042601347
3307,0.010746747704429759,0.010918633267283439,0.010880221394904785,0.011192374002933502
3308,0.010764331991473834,0.010870354771614075,0.010870397520686189,0.011207873134315014
3309,0.011029120369089974,0.010846375785768032,0.010865795428264474,0.011212144829332828
3310,0.01072733966426717,0.01152554787695408,0.010856102217278549,0.011207703813910485
3311,0.010844619539048937,0.011906325817108154,0.010844873378632798,0.011187767618894577
3312,0.010838689770963457,0.011837474554777145,0.0108374157746219,0.011151179634034634
3313,0.011030697172714604,0.01245224442332983,0.010836370771833592,0.011138188926875592
3314,0.010762946783668466,0.01083999902009964,0.01083450372107327,0.011131109225749973
3315,0.01076042224239144,0.01090270008891821,0.010819436699938442,0.011119733810424807
3316,0.010774338168816434,0.01089426726102829,0.010794126821185152,0.011074753770232202
3317,0.010877872337069777,0.010859143733978272,0.010802413054928184,0.011077380469441414
3318,0.010704588695532745,0.011271160393953324,0.01080711474530399,0.01107185598909855
3319,0.011064540216078361,0.010867012962698937,0.010801353436749843,0.011066182745993138
3320,0.010647741440269682,0.011230673715472221,0.010801023569496143,0.011130817972123622
3321,0.01080773779294557,0.011012266203761101,0.010801826704500452,0.011126845237612724
3322,0.010610163108342223,0.010712241046130657,0.010788841133274964,0.011133864249289038
3323,0.010658568108661308,0.010710605159401894,0.010800974423976407,0.011142692844569682
3324,0.010877633752922217,0.0108059461414814,0.010808177025740344,0.011114806436002253
3325,0.01106624112981889,0.011145802959799767,0.010805721009232931,0.011074053999781609
3326,0.010709827865163486,0.010856944024562836,0.010791086537597907,0.011003380747139456
3327,0.010558416259785493,0.010732383467257023,0.01079245695658028,0.011004071554541587
3328,0.010552396314839523,0.010641091316938401,0.010787389295465416,0.011020426066219806
3329,0.010971326294044653,0.011060675382614136,0.010787485102398527,0.011024343001842499
3330,0.010956098019248909,0.011063361838459969,0.010784053462826543,0.011012876139581204
3331,0.01069143117715915,0.010691337436437607,0.01078922913711932,0.010985846640169623
3332,0.010738501023087236,0.012534513920545578,0.010768456209450963,0.01097548500150442
3333,0.010784410366581546,0.01077103640884161,0.01076959994559487,0.01095146369189024
3334,0.010704481088452868,0.01102185107767582,0.010781605371005008,0.010966061799228191
3335,0.011030671931803227,0.01174626275897026,0.010801116826881967,0.010987416149675846
3336,0.011024684583147367,0.01120916560292244,0.010798902241223391,0.01099787685275078
3337,0.010777289358278116,0.010818663649260998,0.010788045409487353,0.010987694174051285
3338,0.010664835381839011,0.010685413107275964,0.010771372943371537,0.010977309224009515
3339,0.010797207258227798,0.010857269205152988,0.010769114894005987,0.011016141402721407
3340,0.01063373071451982,0.01131156288087368,0.01078458433465825,0.01102393490970135
3341,0.010776733342144225,0.010992190651595592,0.010785093303935395,0.011084305742383005
3342,0.010792081347770162,0.010572472177445889,0.010780882466170523,0.01108312896192074
3343,0.010833980552852153,0.01059542290866375,0.010766613788240485,0.01107791132926941
3344,0.010545217024369372,0.010607971996068954,0.010766441778259143,0.011072647058963778
3345,0.010676334843867355,0.010630140975117684,0.010771420736362535,0.010992516286671163
3346,0.011107873428199026,0.011377218887209892,0.010763169471422833,0.010984148208796979
3347,0.011097949505266215,0.011246099807322026,0.010751336268749504,0.010991221834719182
3348,0.010603203467196889,0.010972122736275196,0.010737781230608624,0.01094110858142376
3349,0.010606212959521346,0.010551379173994064,0.010723570649325848,0.010914715875685215
3350,0.010649429476923412,0.010886179208755493,0.010710636868493426,0.010917195364832879
3351,0.010653376631024811,0.011827748492360115,0.010700833807140589,0.010910578674077987
3352,0.010945152276092105,0.01092722114175558,0.010711486143039331,0.010912849102914334
3353,0.010565120546768109,0.012150362133979797,0.010708181521048148,0.010906075389683247
3354,0.010866055349922842,0.011031255871057511,0.01071623058228029,0.010947918495535853
3355,0.01059938107099798,0.010932921022176743,0.010711133199681838,0.010977190832793715
3356,0.01068713092762563,0.010559730678796769,0.01069420477077365,0.010981413698196413
3357,0.010862974975672034,0.010531244613230229,0.01070027373780807,0.010986117666959765
3358,0.010578128743088907,0.010561834461987019,0.010704678727189701,0.011014076933264734
3359,0.010408651021619638,0.011198691725730896,0.010681034883028932,0.011015226916968825
3360,0.010691795978281233,0.01049343142658472,0.01066049021407962,0.010988939073681831
3361,0.010669420051078002,0.010549347959458827,0.010652638039241236,0.010965995918214323
3362,0.010453944837467538,0.010880650877952576,0.010663683443350926,0.0109644709661603
3363,0.010419758848018117,0.010519995838403701,0.010656583204285967,0.010955216851830485
3364,0.011063515655696392,0.01091402992606163,0.010657509787049558,0.010903871758282184
3365,0.010551115164740218,0.011142220050096512,0.010647913862185348,0.010884666933119298
3366,0.010977959872947798,0.01203826829791069,0.010647001312259171,0.010827263133227827
3367,0.010664646782808833,0.011304280608892442,0.010630757233666051,0.010814018876850606
3368,0.010410769830147425,0.010700994543731213,0.010623462953997981,0.010821651899814606
3369,0.010696941200229857,0.01072557121515274,0.010618588683423068,0.010819391645491123
3370,0.010786459578408136,0.011329122632741929,0.010601971159130336,0.010859626084566117
3371,0.010516777324179808,0.011405968479812146,0.010595015296215813,0.010873709054291247
3372,0.0105843327815334,0.010588903725147248,0.010595024514074129,0.010840821431577205
3373,0.010406899096237288,0.01039854384958744,0.010586284424654313,0.010928876222670079
3374,0.010882348062263595,0.01051325537264347,0.010575741555003659,0.010927538630366326
3375,0.010471923500299454,0.01065482635051012,0.010575967340129947,0.010947421166300774
3376,0.01067654120011462,0.010544121153652669,0.010581628646908536,0.010948716700077058
3377,0.010705254154486789,0.010447100512683391,0.010557082115237912,0.010951135997474194
3378,0.010542306798613734,0.010715267136693001,0.010563102802841201,0.010917447502911092
3379,0.0104599533850948,0.010700149461627007,0.010550666115722723,0.010885869202017786
3380,0.010417024079296323,0.011123746596276761,0.010541004894218513,0.010845694261789324
3381,0.010565274163252777,0.010503224320709706,0.01053301971277429,0.01085704286247492
3382,0.010447536868353684,0.011537105590105057,0.010520422121592697,0.010889198109507562
3383,0.010404232170225845,0.010913908705115319,0.010507391896885303,0.01084943135082722
3384,0.0104088814680775,0.010376501157879829,0.010504796496571767,0.010814717377722263
3385,0.010473293742785852,0.012694801203906536,0.010507602006072798,0.010804879513382912
3386,0.010405848309811618,0.010515908151865006,0.010516781431395145,0.010837646606564524
3387,0.010459589465624756,0.011377714276313781,0.010499626880263287,0.010847104969620706
3388,0.010561291517482864,0.010552384182810784,0.01049540255231162,0.010840803223848346
3389,0.010449852363930808,0.010974512360990047,0.010495711830216976,0.01085393050760031
3390,0.010701632354822424,0.010300007686018943,0.010477259894915752,0.010852892006933691
3391,0.010667042694985867,0.011248810775578022,0.010473911812363398,0.010863549657166007
3392,0.010423116245203548,0.010299907103180884,0.01046700722388923,0.010853002092242242
3393,0.010211140294041899,0.010984709560871124,0.01045631268955767,0.010818131551146509
3394,0.010382001420689953,0.0115294523909688,0.010444564863915245,0.010812011539936068
3395,0.010460703960723346,0.010334953665733337,0.01043949427873724,0.010760840713977813
3396,0.0104518923163414,0.0105381191521883,0.01044393422578772,0.010737633377313614
3397,0.010654470519059234,0.010342957116663457,0.010454840652892988,0.010748738500475884
3398,0.01063638472929597,0.011217721179127694,0.01044757490919696,0.010666881968080999
3399,0.010453484283967151,0.010749714449048042,0.010443849792993733,0.010663738271594047
3400,0.010366315301507712,0.010497282706201077,0.010438206739972037,0.010641530302166937
3401,0.010684273147748577,0.010872303247451783,0.010433480107204783,0.01065645028799772
3402,0.010243955771956179,0.010421137996017934,0.01044304331880477,0.010634062963724135
3403,0.010458604734804896,0.010981708392500877,0.010423381035774944,0.01064083481580019
3404,0.010287338673240609,0.010436460338532925,0.01041692911013961,0.010618210935592648
3405,0.010149660721007321,0.010251983068883419,0.010409862749692468,0.010623188358545302
3406,0.010271578522192107,0.010350224040448665,0.01041351913238565,0.010605929632484913
3407,0.010320772238903575,0.010257834941148758,0.010408164497133757,0.010563008016347884
3408,0.010515230846487814,0.010333725288510322,0.01040322179140316,0.010578206959366798
3409,0.010681542145709197,0.01065412923693657,0.010398677552491426,0.010578721636533736
3410,0.010291650150385167,0.010648387894034385,0.01038481921992368,0.010585224814713001
3411,0.010312720404730902,0.010437315739691257,0.010364069645769065,0.010562723381817341
3412,0.010318513140082359,0.010822515040636062,0.010357770503353741,0.010573596845567225
3413,0.010443125698301527,0.01092538382858038,0.010366857520780629,0.010587630012631414
3414,0.010688932653930451,0.01041482925415039,0.010363543399878675,0.010571474507451056
3415,0.010210075279076894,0.010469303987920285,0.010369899344982373,0.0105641174569726
3416,0.010505744554102421,0.010683213770389556,0.01035899223416216,0.0105691310480237
3417,0.010246457234025001,0.010424342676997185,0.010364157172002725,0.010659895318746568
3418,0.010302549861371517,0.010553241409361362,0.010368504130881692,0.010656537677347661
3419,0.01024813553939263,0.010456411987543107,0.01036571553254293,0.010700518780946732
3420,0.010337136317458417,0.010714927241206169,0.0103577368164642,0.010715805794298648
3421,0.010338286343548032,0.01055098608136177,0.010347726580707563,0.010713380381464958
3422,0.010308012204865614,0.010505536571145058,0.010335052219240201,0.010697762417793273
3423,0.010117645375430584,0.010655185356736183,0.01032800587784085,0.010692937612533569
3424,0.01029600572358403,0.011021551042795182,0.010332482018528712,0.01073436886370182
3425,0.010593490737179915,0.010848111882805824,0.010333523650260435,0.010747406952083108
3426,0.01060142012519969,0.01046841561794281,0.010328173852339386,0.01073968425244093
3427,0.010402854399548637,0.010237211734056473,0.0103052623976022,0.010733586460351944
3428,0.010185926964299546,0.01110704816877842,0.010297828084106246,0.010726709969341755
3429,0.010416462119254802,0.012705567106604577,0.010278915425431398,0.010702515573799608
3430,0.010258334692981508,0.010168042033910751,0.010279961162184676,0.010697693632543087
3431,0.010201863563723034,0.011449751630425452,0.010273675035975047,0.010691336368024348
3432,0.010121304336935281,0.010640010274946689,0.010270238940707511,0.01071167659163475
3433,0.010264974952571922,0.010273089967668056,0.010259978327444859,0.010703520108759404
3434,0.01036468310902516,0.010263680145144463,0.010252704018395809,0.010681774704158306
3435,0.010115491615401375,0.010527767762541771,0.010265202802792191,0.010666586919128895
3436,0.010424623921927478,0.011473097018897533,0.010272611408308149,0.010654263208806516
3437,0.010344553933375411,0.011148467250168324,0.010264382897979684,0.0106177586466074
3438,0.010309380750275321,0.010732316337525845,0.01024617932877607,0.010604896992444993
3439,0.010116146285500791,0.010262384451925755,0.010223964814510612,0.010637660363316535
3440,0.010024217441678047,0.010297391712665558,0.010215664319694045,0.010646313835680486
3441,0.010032928087231186,0.010078353881835938,0.010209128649946718,0.010602551330626011
3442,0.01027260065285696,0.010303794145584107,0.010191333033144475,0.01052155124992132
3443,0.01014539670613077,0.010394309796392918,0.010192125135080683,0.010521440681815148
3444,0.010162233157704275,0.010964917577803135,0.01018465650967426,0.010466039802134038
3445,0.010080620985892083,0.01051101516932249,0.010189161354717282,0.010458049857616426
3446,0.010156428617321783,0.010007350966334342,0.010189401024662788,0.010499452385306359
3447,0.010620481814775201,0.010125841945409775,0.010199827585866055,0.010489414538443088
3448,0.010302860513329506,0.010347092598676682,0.010220768060866331,0.010472469353675842
3449,0.010090292965372404,0.010108936987817287,0.010215097579442795,0.010411171101033687
3450,0.010138401507089535,0.01052657052874565,0.010198350537568332,0.010365560583770275
3451,0.010046057268563243,0.011287499889731408,0.010189527093205189,0.010340453019738198
3452,0.010195342029134432,0.010453548543155193,0.01019669843001498,0.010566090459376573
3453,0.010022535220616394,0.010012985542416572,0.010214192708747256,0.010557573341578246
3454,0.00997157169919875,0.01068056508898735,0.010213445437285636,0.010557377531379463
3455,0.010278137241386705,0.01016527783125639,0.010208062721374964,0.010558185195177794
3456,0.010015147928562429,0.010064729638397694,0.010205447133878867,0.010560362618416547
3457,0.010233925463010867,0.010440261662006378,0.010209646344516012,0.010570104326307775
3458,0.010270966701209545,0.011308153159916401,0.010208533091346424,0.010546827912330628
3459,0.010625347139106857,0.010012733973562718,0.010206193583293093,0.010543093320727347
3460,0.010639003490408262,0.010104138143360615,0.010175451162457464,0.010537742269039155
3461,0.010282861886339055,0.009940640702843666,0.010162979400571849,0.010519681432843205
3462,0.009925877886513869,0.010008204318583012,0.010159642133116719,0.010537702412903308
3463,0.010088794641196728,0.0101046272367239,0.010161872785455649,0.010545316734910012
3464,0.010295429705745644,0.01590332044288516,0.010170042637404468,0.01050048419982195
3465,0.01046157440998488,0.010084463767707347,0.010174587841580313,0.010474545238912107
3466,0.010014246300690704,0.01007345862686634,0.0101750442167951,0.010467190195620061
3467,0.010138032755090131,0.010323985740542411,0.010187219248463712,0.010439092262089254
3468,0.010080007018728389,0.010448745377361774,0.01018244603946805,0.010454445186257363
3469,0.010267213423632912,0.01120846027508378,0.010186812267204127,0.010457594983279707
3470,0.010052789656652345,0.009929104819893836,0.010179658612360556,0.010437134887278082
3471,0.010097940915988552,0.009913986176252365,0.010170627858406967,0.010388773554563524
3472,0.009851921293884515,0.009992065653204919,0.010142192573100329,0.01039881104528904
3473,0.009991066466189092,0.009895571693778037,0.01011757586416271,0.010402839204669
3474,0.010006861278994215,0.0105594614893198,0.010101491383711499,0.010398775915801526
3475,0.010194167815562752,0.010716928578913211,0.01010823261315624,0.010489594123512505
3476,0.010250303567283684,0.01016668651252985,0.010109311778263914,0.01049018588885665
3477,0.010308972133530511,0.009805074520409107,0.01009161126770907,0.010264968435466289
3478,0.01003394460098611,0.009829109460115433,0.010070029424793191,0.010259615808725357
3479,0.010275947490914001,0.009978116750717162,0.010078964781512817,0.010268358166515825
3480,0.010158807016495202,0.010549100935459138,0.010074169424755707,0.010249612256884574
3481,0.010124303621964321,0.010143474563956261,0.010073390301896466,0.010235463993251323
3482,0.010055084091921648,0.009928759261965752,0.010054294045352274,0.010218723685294388
3483,0.010045197852369812,0.01009911984205246,0.010060190295428038,0.010225877294689415
3484,0.009914465006440878,0.01026367124170065,0.010054423514256876,0.010237262123078105
3485,0.0100235857669678,0.010204842127859593,0.01005969147293104,0.010226854883879422
3486,0.00988074987505873,0.009839058481156826,0.01005229073059228,0.010236786855012179
3487,0.010094408622632424,0.012278659511357546,0.010042590481953492,0.010211853089183568
3488,0.01011577376888858,0.010119421370327474,0.010028041193717056,0.010178751514106988
3489,0.009852916941874557,0.010272884108126164,0.01004263310134411,0.010176329702883957
3490,0.009922028337087897,0.009950648099184035,0.010019651203850908,0.010175440422445534
3491,0.010237630218681362,0.010292017571628094,0.010024439388265215,0.010175212877243755
3492,0.010018148836162356,0.009855337999761104,0.010023660420709188,0.01016779999360442
3493,0.0100605289472474,0.010095038786530494,0.010007210032559105,0.010181015052646396
3494,0.009789807010028097,0.01078995257616043,0.010002561866740388,0.010167561452835795
3495,0.010200195908546449,0.010107945054769515,0.009993421719140477,0.010197964548319576
3496,0.009953771386709479,0.010198606885969639,0.010001851714899146,0.010261449407786132
3497,0.009983620260738664,0.0097318846732378,0.010002091681294973,0.010238852877169849
3498,0.00980604790772001,0.01014387097209692,0.009990062626368472,0.010233994517475368
3499,0.009764355063024494,0.009936117343604564,0.009990385035922133,0.01025990398749709
3500,0.009830435609651937,0.009889389201998711,0.00999517667632964,0.01017905299961567
3501,0.010615101257960002,0.010106141231954097,0.009983964354130957,0.010202908159792424
3502,0.009734424696200424,0.009782842509448528,0.009982436120013394,0.01021489862650633
3503,0.010153649211343792,0.009823420830070973,0.009985427012046176,0.01020666897892952
3504,0.010256473302013343,0.009792794659733772,0.009975474743958974,0.010215407945215702
3505,0.009747547312743134,0.01087947741150856,0.009973882184757126,0.010224514453113079
3506,0.010008099476496378,0.009807134568691254,0.009973984035849573,0.01021507344841957
3507,0.009826580401923921,0.01068883664906025,0.009972053423689474,0.010175329825282096
3508,0.01025594774633646,0.011686241328716278,0.00995636014358865,0.010156373661756516
3509,0.009920464166336589,0.009698757976293564,0.009950507890929779,0.010201661430299281
3510,0.009722859393805265,0.01008338313549757,0.009949301162279316,0.010260813332349062
3511,0.009888810113900238,0.010486795231699944,0.009950121715747648,0.01025418837890029
3512,0.010214199632820156,0.010257384814321995,0.009950659746593898,0.010301125697046517
3513,0.00983546571392152,0.010715800374746322,0.00995359818637371,0.010309184090048072
3514,0.009814711088935535,0.010572645775973798,0.009919896958520013,0.010305895877629517
3515,0.009996800637907453,0.009744906909763812,0.009929606243554087,0.010300785284489392
3516,0.00998882351650132,0.010510491728782654,0.009920479125653704,0.010302805184572937
3517,0.009978334856116109,0.01008300069719553,0.009911057659859458,0.010321448910981417
3518,0.010063075224558512,0.009859013669192791,0.009909857534989713,0.010270901686698199
3519,0.0097415417060256,0.009796361997723579,0.009906429112744,0.010273684027045968
3520,0.009807863906025886,0.009634040966629983,0.009903836667496295,0.010245567230135203
3521,0.009807465070237716,0.011330801099538802,0.009897682238908277,0.010163816993683579
3522,0.009953452044477066,0.011210682224482299,0.009886174528921642,0.010166736403852702
3523,0.009826561744428343,0.009978247135877609,0.009883696825843717,0.010150221999734641
3524,0.009777805834180779,0.011109550297260285,0.009886040116805168,0.010124451791495086
3525,0.009903896604147222,0.010090849027037621,0.009875305870713457,0.010117601447552443
3526,0.009772570561617613,0.010023935921490193,0.009877666098417505,0.01007226794436574
3527,0.009977156822052267,0.009655077680945397,0.009878323185154131,0.01004195871129632
3528,0.009925471263834171,0.00987391833215952,0.009862617374998002,0.010044791256636381
3529,0.01002093665715721,0.010258887819945812,0.009850369792059065,0.01000915405228734
3530,0.009717544190999534,0.0096157968044281,0.009837190463021398,0.009995455557852985
3531,0.009922388920353518,0.009876693077385425,0.009821273158035345,0.01000580138489604
3532,0.009761769270731344,0.00998591672629118,0.009819342023506763,0.010001674871891738
3533,0.010102087031635973,0.009642485417425633,0.00981751347958214,0.010002092222124339
3534,0.009632771416670747,0.00977174323052168,0.00980884508420196,0.00993302688524127
3535,0.009660916816857126,0.009670523032546043,0.009800947188627392,0.009864922255277634
3536,0.009947392387936512,0.00984254002571106,0.009794326017341683,0.009848547875881195
3537,0.0099458434805274,0.01008612621575594,0.009789959942673645,0.009791862642765046
3538,0.009894471406522724,0.009582462795078754,0.009779800546293458,0.009770251576602459
3539,0.009831138257351187,0.0098149149492383,0.009785011831132904,0.009868466172367337
3540,0.009604155384004116,0.009815720543265342,0.00977308146427903,0.009861209819465878
3541,0.009682633943027921,0.00961956162005663,0.009766303530500994,0.009845204786211254
3542,0.00964885163017445,0.009740538336336613,0.009753012008965015,0.009810713719576597
3543,0.009665142599907186,0.010117659345269203,0.009748350894120003,0.009849009051918984
3544,0.009693263342811002,0.009693199172616004,0.009741579267548192,0.009841473424434663
3545,0.009762150307910309,0.009644474722445012,0.00973984524872568,0.009826446056365968
3546,0.009590755185733239,0.0096041676774621,0.009718666864931585,0.009839916819334032
3547,0.009756004655112822,0.009508066475391388,0.009709620819489163,0.009835144405066968
3548,0.009661032462285625,0.009568887650966645,0.009703906809952523,0.009827621740102769
3549,0.009668653967479865,0.009692419469356537,0.009687471548840403,0.009819364689290525
3550,0.00964991169464257,0.009550572372972965,0.00967146835455464,0.009797549714148045
3551,0.00990285268260373,0.012479300815612078,0.009669681350348725,0.009804865868389604
3552,0.009678897650705443,0.009473668858408928,0.00966068000259499,0.00979799644052982
3553,0.009756022919383314,0.009473792500793934,0.009658914131878154,0.009789748243987558
3554,0.009688648618757725,0.009396611154079438,0.00965555321280327,0.00983386469632387
3555,0.00960101631987426,0.010573180112987756,0.009660384360576669,0.009910138746351002
3556,0.009753098256058162,0.009688302390277386,0.009673253986363609,0.009999831303954123
3557,0.009718418800168568,0.009610232524573803,0.009662761915433736,0.009993600815534591
3558,0.009572627436783578,0.009979254491627216,0.009662762540537448,0.00998494338542223
3559,0.00940662028061019,0.009652432873845101,0.009658563971064156,0.009994815528392792
3560,0.009518066578441196,0.009482456408441066,0.009642704865874516,0.010043101737648248
3561,0.009536510860133502,0.009636113755404949,0.00963675870510439,0.010051557176560163
3562,0.00954576362338331,0.009540751837193965,0.009641254141885373,0.010047794284671544
3563,0.009849796301374832,0.009765366651117801,0.009644879745402271,0.010048776002973318
3564,0.009606104563507769,0.009643179252743722,0.009625306618089479,0.009966201383620501
3565,0.009560008616083198,0.009609515629708767,0.009626168581388065,0.009973199629038573
3566,0.009598610966155927,0.010722472928464413,0.009625232193246486,0.009988878459483387
3567,0.009769630324509409,0.011647389587014913,0.009614218276283809,0.009987735556811097
3568,0.009986883244580693,0.012359973285347223,0.00961938685456084,0.009956723049283031
3569,0.00943096156956421,0.009537436962127686,0.009612082997336983,0.009946886055171493
3570,0.009762165935503112,0.009428038969635963,0.009602730798431568,0.009936266167461875
3571,0.009485790948900912,0.00985097125172615,0.009612222359122501,0.010002589336782695
3572,0.00935952702537179,0.01071522170677781,0.009613035469626385,0.009998634134978056
3573,0.009512378443032503,0.009780273623764515,0.009622660821883216,0.009994943165034057
3574,0.009781039887004428,0.009598347172141076,0.00961441577374935,0.00999530662968755
3575,0.009740551782564985,0.009575115330517293,0.00960853380743,0.00998493453487754
3576,0.009413524499783913,0.01041493533179164,0.00960006899792287,0.009975108499079944
3577,0.009700446733170085,0.009648624993860721,0.009592371216499144,0.00997358928844333
3578,0.009732613215843837,0.009865763261914254,0.009583725678465433,0.009965278700739148
3579,0.00941330069469081,0.009368038587272167,0.009579426242700884,0.009913015643507245
3580,0.009730230776800049,0.00979786742478609,0.00956872776295576,0.009880516970157627
3581,0.009570501825461784,0.009442377537488937,0.009546547115469975,0.0097580221362412
3582,0.009484613827533192,0.009344735331833363,0.009550551499467756,0.009760223864763976
3583,0.009809916454056898,0.01163733372464776,0.009555870874101917,0.009805868469923734
3584,0.009426948043207328,0.009553552828729153,0.009544121835091048,0.009795711051672696
3585,0.009758700384861893,0.009390182159841061,0.00955335404769414,0.00973873257637024
3586,0.009330384656786919,0.009645200371742248,0.00955153714571562,0.009749680826067926
3587,0.009398714465399582,0.009281449466943741,0.009544571986587511,0.009733422751724723
3588,0.009638176063696543,0.009519715756177903,0.009529812425085242,0.009729794296622279
3589,0.009413660027914578,0.009605198986828328,0.009527477118828231,0.009690410207957032
3590,0.009343870165240433,0.009401750937104224,0.009514145168951814,0.009672656590491536
3591,0.009491125072042148,0.009415896497666837,0.009495293567950525,0.009669427519291642
3592,0.009502168330881331,0.010834922753274441,0.009489850633963941,0.009691248617321254
3593,0.009432367057436043,0.00929760243743658,0.009479362422352035,0.009703235299885274
3594,0.009531071169508827,0.009592480175197125,0.009470896721093192,0.009706230816245078
3595,0.00989515030135711,0.010569154098629952,0.009463131301891472,0.009719461447000505
3596,0.009192064973629184,0.009597035795450211,0.009445559850459296,0.009733987832069399
3597,0.009590332340449094,0.009290759824216366,0.009446783735892838,0.009722659215331081
3598,0.009466955893569523,0.010053979866206646,0.00942602087288267,0.009710285343229775
3599,0.009606910908801688,0.009191895313560962,0.00943693353049457,0.009731294380128385
3600,0.009371562745008204,0.009484403952956199,0.009432609049354992,0.009736477915942673
3601,0.009355141843358675,0.009430333115160465,0.009414976721712286,0.009719929023087027
3602,0.009367147986259726,0.00920478455722332,0.0094115968397922,0.009738821617513898
3603,0.009261323190811608,0.009785036481916904,0.009414751250917714,0.009737028486281633
3604,0.009277227345026201,0.009913566038012505,0.009406976912708748,0.009828981090337039
3605,0.009468025486502383,0.010097534488886594,0.009414961795219117,0.009799677550792694
3606,0.009358859293990666,0.00951726544648409,0.009410257220309644,0.00979960593432188
3607,0.00929047834749023,0.009675501100718974,0.009395909509518081,0.00978010702729225
3608,0.009370630168252521,0.012000493351370095,0.009378430950103536,0.009725592306256295
3609,0.009457545179045863,0.009270337410271168,0.009379831531105774,0.00970753389298916
3610,0.009239628809607691,0.009080835357308388,0.009379956636536456,0.009701959292590616
3611,0.009603201097084416,0.010170426294207573,0.009380385586660772,0.009677129012346266
3612,0.009290602436910073,0.009411037862300874,0.009366348357788393,0.00972151753976941
3613,0.009197367872628901,0.009105993434786797,0.009380951496255069,0.00970296344831586
3614,0.009329162979912427,0.010077513847500085,0.009373419165238739,0.009711737487465144
3615,0.00942273044337829,0.009356922656297683,0.009372850269368955,0.00970741589739919
3616,0.009296766616817978,0.011714711599051953,0.009370238358320463,0.009684729800373318
3617,0.009701790393640598,0.010102334264665842,0.009378041598490544,0.00964882650896907
3618,0.009314752684699164,0.009295812025666237,0.009367848680540919,0.00960794927328825
3619,0.009172378399719794,0.009105007499456405,0.00936303554661572,0.009611578054726122
3620,0.009458186315993468,0.009206286072731018,0.00935335750857161,0.009590802338719367
3621,0.009227079498685068,0.00914557546377182,0.00934822538068725,0.00948973334059119
3622,0.009593459976216157,0.009151394814252853,0.00933830754843851,0.00949064987078309
3623,0.009477679646677442,0.009433222860097885,0.009342010314721202,0.009491222736984493
3624,0.00925598018699222,0.010301608499139548,0.009335027513860002,0.0094501355715096
3625,0.009736641206675105,0.009020551666617393,0.009325994772422647,0.009439741366356611
3626,0.00916683356795046,0.009649684093892575,0.009319350276763243,0.009434423195570708
3627,0.009352925589515103,0.009096744805574417,0.009312064258754256,0.009396537037193776
3628,0.009196025414599313,0.009217884056270123,0.009305785027477477,0.009399589264392855
3629,0.009472308349278239,0.009015983752906322,0.009295763072205917,0.009293412926793101
3630,0.009213202537761794,0.009075603596866131,0.009283897036520971,0.009261391817778351
3631,0.009238530945860678,0.009607984982430935,0.009280482515816887,0.009261434244364502
3632,0.009048527396387524,0.00915610820055008,0.009280635053788622,0.009281677728146314
3633,0.009242326971143484,0.009473768398165702,0.009269826323000921,0.009271833132952451
3634,0.009209599372827344,0.009293250665068626,0.00927523687361843,0.009272500947862862
3635,0.009332197966674964,0.009095157012343407,0.009258663861246573,0.009275479253381489
3636,0.009428631075554424,0.009143247157335282,0.009242428808286785,0.009261642593890429
3637,0.00906478390097618,0.009151182733476163,0.00923912810811566,0.009206874844431875
3638,0.009031255481143792,0.008973039165139198,0.00921447398484581,0.009229060381650923
3639,0.00914701252968775,0.009130359888076782,0.009206868014526035,0.009200865541398524
3640,0.009265749661458864,0.009433228336274625,0.009202172560617328,0.009197892239689826
3641,0.009046217735028929,0.009060303159058094,0.009203770362378825,0.009364650462567804
3642,0.009405139501517017,0.009301806539297105,0.009192350005317066,0.00941460526138544
3643,0.009229389667097064,0.009296872690320014,0.009183955152208607,0.009421894282102584
3644,0.009176191849013169,0.00961109459400177,0.009173377819649046,0.00939987568706274
3645,0.009187968046300942,0.008960171192884446,0.009172639115941194,0.00940267740339041
3646,0.009362343264122804,0.009162270836532116,0.009167029356997874,0.009379732415080071
3647,0.009179134666919709,0.009225852452218533,0.009161337598289054,0.009377510069310665
3648,0.009071803322682778,0.009087306372821331,0.009147872218282687,0.00937931534945965
3649,0.009173462682714064,0.008932414762675762,0.009127827705070379,0.009374477697908879
3650,0.009120288124928872,0.009575190097093582,0.00912641094736755,0.009364559122920037
3651,0.008976684309956101,0.008944813087582588,0.009137366629847224,0.009361722476780417
3652,0.009235539241797394,0.00902241226285696,0.009133346966364319,0.009393550454080106
3653,0.009235970458636682,0.013386839628219604,0.009121778936808309,0.009367989036440849
3654,0.009186799422734314,0.010264853723347187,0.009119597802187006,0.009404523622244596
3655,0.009003331210050317,0.009257829114794731,0.009108185878727172,0.009409347165375948
3656,0.008974097631871701,0.009057520106434822,0.009102014375891952,0.009427746333926916
3657,0.009030059803691176,0.00922615110874176,0.009097476544810667,0.00940107885375619
3658,0.0091020829975605,0.008900143690407276,0.00908989281869597,0.00941240653321147
3659,0.009067305405106809,0.009237692020833492,0.009075856114758387,0.00941063864454627
3660,0.008995563466515807,0.009140289016067981,0.009075851493659946,0.00939956024363637
3661,0.008927518245246676,0.009022305868566036,0.009069003502527873,0.009394079215079544
3662,0.009029364958405495,0.008903218358755112,0.009057955119510491,0.009391078410297632
3663,0.009305147543135616,0.008902123011648656,0.009049662364936538,0.009361193823069333
3664,0.009046520942615138,0.009926059320569038,0.009043031070878109,0.00935798465684056
3665,0.008976548922558626,0.008794192895293236,0.009037264300717248,0.00935745433345437
3666,0.008991689369496372,0.009973667804151773,0.00901951993016733,0.0091817325823009
3667,0.009119841415021155,0.009422395117580891,0.00900988300277127,0.009128683046251536
3668,0.009075102096216547,0.00975685190409422,0.009009195737044015,0.009115494138747455
3669,0.00906274607198106,0.0089444075897336,0.009006882652888695,0.009106743583828212
3670,0.008998374893433518,0.009243363179266453,0.00899766658950183,0.009123070717602969
3671,0.009011425665683217,0.009118073619902134,0.00898671386614442,0.00912129619643092
3672,0.009179019139458736,0.008948892429471016,0.008984756510125267,0.00910685504451394
3673,0.00890060354438093,0.008950280658900737,0.008991909264235032,0.009097782381623983
3674,0.008897253107279538,0.008857394643127918,0.00900018130313191,0.009095016295462846
3675,0.00891296926058001,0.008828075416386128,0.008989225556991165,0.009104660575836896
3676,0.008810901958495378,0.008864583931863308,0.008965852050193481,0.009098371707648038
3677,0.009091369987775882,0.009009154178202153,0.008966740899905562,0.009052490348368884
3678,0.008792361194888751,0.008993795849382877,0.008964556968419088,0.009051662143319846
3679,0.008945876237832837,0.008938615322113036,0.008956614475159181,0.009032476373016836
3680,0.008986149566868941,0.008928106427192687,0.00894470830116835,0.009002026875317096
3681,0.008916270527988672,0.00883875623345375,0.008929732272235886,0.008977319712936877
3682,0.008799658219019572,0.009634329453110695,0.00893132903356519,0.008966119948029518
3683,0.008828264913625187,0.00885578066110611,0.008930825375393034,0.008950940634310246
3684,0.009018371504627996,0.008876663222908974,0.008929753712937237,0.008938288640975954
3685,0.009174382319259974,0.008913472443819046,0.008923564459342097,0.008925362531840803
3686,0.009134319217668638,0.00895315371453762,0.008919200709006854,0.008928932018578053
3687,0.008755471304886872,0.009144325368106365,0.008924593746993274,0.00892420080602169
3688,0.008720809873193503,0.008744901306927204,0.008944129883911873,0.009024852120131254
3689,0.009068742185417148,0.008779025338590145,0.00895744507925378,0.009034636426717042
3690,0.008921950635396771,0.008773487769067287,0.008948615535514222,0.009068331990391016
3691,0.008793127037998703,0.0094940235465765,0.008943098004079528,0.009067338689416648
3692,0.008822187065250344,0.008661157675087452,0.0089406068071723,0.009054325111955405
3693,0.00870070137290491,0.009139172844588756,0.008953796125120584,0.009072937813401223
3694,0.00910266510521372,0.008664413467049598,0.008945816867136294,0.009076692920923233
3695,0.008985783439129591,0.008863880336284637,0.008937362872891956,0.009060210660099982
3696,0.008984634104288286,0.0088017737865448,0.008935212463140491,0.009064025728404522
3697,0.009024287799580229,0.008625739701092244,0.00892248295131657,0.009054858346283435
3698,0.008791509785999855,0.00903951782733202,0.008909546648669575,0.009055962024629115
3699,0.009032079056940145,0.008739114329218865,0.008892145599383448,0.00906868808120489
3700,0.009401372683544953,0.011344358269125223,0.008889961230465109,0.009050583896040916
3701,0.009143781842043003,0.009109191596508026,0.008884520987959372,0.00904809174835682
3702,0.00887063139428695,0.009851543270051479,0.008876210759455959,0.009045130352675916
3703,0.008654422909021377,0.00896896332502365,0.008873209209864336,0.009036703422665597
3704,0.008883596315152115,0.00861327588558197,0.008874912794306872,0.0090033276155591
3705,0.00931588251557615,0.009393423963338136,0.008869409809468518,0.008999283027648925
3706,0.008716789078381327,0.008932633921504021,0.008866619945110546,0.009063149027526377
3707,0.008588308362911145,0.00922227293252945,0.008846721566758222,0.009091452212631702
3708,0.008774504669838482,0.008951157368719577,0.008832041731683745,0.009103576733916999
3709,0.00870013370903002,0.00864747866988182,0.008817679786971875,0.009094277819246054
3710,0.00885097475308511,0.008941064402461053,0.00879552943017334,0.009098077603429558
3711,0.008699292985515462,0.009271305128932,0.008790854832095405,0.009075192291289568
3712,0.008700862081928386,0.008691720739006996,0.008782956608488327,0.009109472461789846
3713,0.008584803810550106,0.008682597614824771,0.00875231390233255,0.009001528726518155
3714,0.008860986472831832,0.008704990446567536,0.008731942529500358,0.009058596247434618
3715,0.008846911895606253,0.008562814518809319,0.008727786025922333,0.009008491995930672
3716,0.008835716649062103,0.008659628368914127,0.008745166551590794,0.008985760380327704
3717,0.008684612444291513,0.008560042977333069,0.008730920277059906,0.008990957453846933
3718,0.008630954763955541,0.010735822841525078,0.008702347776397234,0.008963723170012237
3719,0.008605205646405618,0.009371993094682694,0.00869956152068658,0.008950555647164585
3720,0.008618787562267648,0.009166993368417024,0.008694997387400104,0.008924935022741557
3721,0.00862558548649152,0.008569300919771195,0.00869235698102663,0.008926350194960832
3722,0.008470528879616824,0.008720734305679798,0.008690486565418543,0.008987313072383403
3723,0.00867464483405153,0.00846738502383232,0.008677512516019245,0.008983582383394242
3724,0.008834623466763232,0.009596118591725827,0.008664801531968018,0.00894737189412117
3725,0.00863530502965053,0.008645764887332916,0.008668611233371,0.008954408222436906
3726,0.008634497521238195,0.010535879619419574,0.008667288152149155,0.008946739418804644
3727,0.008766718804836274,0.008598936982452869,0.008654510017008418,0.008933618080615997
3728,0.00908893605073293,0.008400672934949399,0.008658404372984336,0.008926403142511845
3729,0.008527439451879925,0.008743202723562717,0.008653326178445584,0.00891755068898201
3730,0.008601569999009372,0.00871256686747074,0.008646286816584567,0.008939300751686096
3731,0.008647132685614957,0.00860344585031271,0.008640534813226098,0.008847069670259953
3732,0.008474205030749242,0.008581757321953773,0.008646039746970766,0.008834567478299141
3733,0.008708494510501623,0.008986536674201488,0.008636037469593186,0.008807573207467796
3734,0.008653373318827814,0.010171550605446101,0.008628995762041044,0.008818837299942971
3735,0.008526623518102698,0.008847797177731992,0.00862912144669228,0.008800480423867703
3736,0.008381518384234773,0.008366042897105217,0.008625638834138711,0.008892465689778327
3737,0.008796104617002937,0.008867628946900368,0.008624132299919922,0.008838343371450902
3738,0.008551726780003972,0.008490877524018288,0.00862048560678959,0.008828862917423248
3739,0.00854153309431341,0.00837695699185133,0.008621644863651858,0.008749856628477574
3740,0.008944270795004235,0.008382441066205502,0.008612052609688706,0.008746638087928296
3741,0.008708761785593298,0.008438317030668259,0.008596332968771457,0.008747218868136406
3742,0.008508628397766086,0.009103794544935227,0.008591778562963009,0.00875575198382139
3743,0.008487154679993789,0.008430045805871486,0.00859334015937315,0.008888388097286225
3744,0.008742828990022341,0.009059438295662404,0.008586786187026236,0.008884630246460436
3745,0.008368730627828174,0.008492136597633362,0.00859174662720826,0.00889281623661518
3746,0.00844954279768798,0.008850903231650591,0.00858261359665129,0.008879955221712588
3747,0.008473670995897718,0.008261812403798103,0.008568408534841409,0.008807044496387244
3748,0.00858757952021228,0.010767016671597957,0.008561207586361304,0.008781437910348178
3749,0.008796960111293528,0.008243060633540154,0.008559575674186153,0.008838264626264573
3750,0.008544137701392174,0.008408753536641597,0.00855353617374268,0.008832164631038905
3751,0.008663478942794933,0.008560722395777702,0.008540428418459164,0.008824784652143718
3752,0.008526912455757459,0.008518473468720913,0.00853438673271901,0.008904987279325724
3753,0.008695945027801726,0.008415192440152168,0.00853848791623281,0.008901807912439106
3754,0.008413579306668705,0.00895653061568737,0.008524139939124386,0.008906617643684148
3755,0.008640609909262922,0.012028469704091549,0.008521183929219842,0.008880583330243825
3756,0.008483283376942078,0.008509499579668045,0.00851652643688851,0.009025111430883408
3757,0.008598216035299831,0.008786407075822353,0.008508254826813935,0.00898950388431549
3758,0.008480168746577369,0.008665011301636695,0.00851370749771595,0.008981398779153825
3759,0.00829824677358071,0.00834878247231245,0.008505378916114569,0.008962730406969788
3760,0.00834659980610013,0.008207632526755333,0.008499042497533893,0.008973874107748272
3761,0.008340720579855972,0.009786710795015096,0.008496007078513503,0.008923450389504432
3762,0.008645117105916143,0.008715129066258669,0.00847978255264461,0.008925112794339657
3763,0.008224032897916105,0.008306378051638603,0.00846809690491193,0.008915112759172917
3764,0.008390490950809584,0.010382022671401502,0.008458166117510863,0.008903539380431175
3765,0.009046800382849243,0.008302956894040108,0.00845510444748733,0.009100858957320452
3766,0.00835006235788266,0.008558560311794281,0.008461250647571352,0.00911951822936535
3767,0.008434728150152497,0.008452936708927154,0.008452147243999774,0.009093056347966194
3768,0.008370717371710473,0.012043248321861029,0.008436500471582016,0.00893745263516903
3769,0.008536038738158015,0.008169249631464481,0.008449168627212445,0.008925285837054254
3770,0.008505047400378518,0.00828950896859169,0.008446906055592828,0.009061925694346428
3771,0.008241328257653448,0.008384193927049637,0.008436877340740627,0.009042187806963921
3772,0.008315260531380772,0.008540404923260213,0.008455896410014895,0.009040243497490883
3773,0.008511694044702582,0.009506423715502024,0.00846150031271908,0.009057804732769728
3774,0.00839134696457121,0.008284620754420758,0.008459910055332713,0.009014030637592077
3775,0.008251996508075132,0.008158752657473088,0.008447768566053775,0.009009694987535477
3776,0.00841520925776826,0.008271387927234173,0.008447453471811282,0.009002011841535568
3777,0.008450370705169108,0.013451462890952826,0.008449278135514923,0.008911646640300752
3778,0.008849600029902326,0.008881674241274595,0.008424502563145425,0.00890595601797104
3779,0.008185994217379226,0.008294983580708504,0.008428829670614667,0.008897598320245743
3780,0.008249440598818991,0.008138376884162427,0.008417936185995737,0.008917084207385777
3781,0.008799987267702819,0.00820532962679863,0.008410392918975816,0.0087633430570364
3782,0.008541651744809416,0.012202403508126736,0.008393510325873892,0.00875996048897505
3783,0.008229450875272354,0.008171564117074013,0.008374912776653136,0.008753844071924689
3784,0.008773723505437375,0.008300174735486507,0.008372390459415813,0.008776982982456685
3785,0.008486697373704779,0.008646663408726454,0.008387354435502656,0.008759006874263287
3786,0.008300964145196809,0.008692358415573835,0.008373677067024013,0.008702183926850557
3787,0.008341579873942667,0.008606737814843654,0.00836617045359065,0.008691879121214151
3788,0.008216155541853773,0.008114299401640893,0.008367368934282826,0.008697576420754196
3789,0.008436107543400592,0.008122892640531064,0.008369402593436341,0.008739224487543107
3790,0.008427411073611842,0.00816069133579731,0.008357825256904795,0.008533901945501566
3791,0.00845824004461368,0.00834961786866188,0.00833216223826425,0.008498591725528238
3792,0.00816239103467928,0.008940083887428046,0.008335080123382308,0.00852946707010269
3793,0.00818213569621245,0.008199719563126564,0.008337195837849542,0.008524880960583684
3794,0.008113973910609881,0.008084685429930688,0.008317450023256241,0.008530835599452257
3795,0.008040108669859668,0.00813659854233265,0.00830520940810028,0.008369381714612245
3796,0.008178270326720343,0.008962666690349579,0.008306551619929572,0.008367760518938302
3797,0.008689359933551815,0.008091002218425274,0.008291639371443954,0.008388706869632006
3798,0.008169759832736519,0.008085850030183792,0.008291518497197992,0.008365120625495912
3799,0.008203681628737185,0.008027000613510608,0.008280171599218417,0.008354117299616336
3800,0.0082819585253795,0.008301185145974159,0.008267956614721982,0.008339844752848147
3801,0.00846605073660612,0.009312589596956968,0.008257969724117882,0.008332021109759807
3802,0.008160937291880449,0.008318399339914321,0.008241142094321549,0.008333529686927795
3803,0.00820802456388871,0.007998918741941452,0.008224988853455416,0.008325431452691554
3804,0.008258941345330742,0.00906686719506979,0.008213294692109855,0.008317687714099884
3805,0.008302333460499843,0.008023724146187305,0.008206633804593648,0.008276584424823522
3806,0.008306341902870272,0.008354195598512889,0.008200961382625003,0.008272895587235688
3807,0.00823563636591037,0.008166056387126445,0.008199829183125663,0.008393138536810873
3808,0.008263006171004639,0.008131034225225448,0.008218004399827785,0.008387646156549453
3809,0.00840091729329692,0.008823833502829075,0.008213252802317342,0.008342038939893244
3810,0.008483675517555741,0.008057007305324078,0.008191448528443774,0.008368482888489962
3811,0.008017291695707375,0.00841727526858449,0.008182565097303855,0.008370112421363592
3812,0.008036205261531803,0.008249924145638942,0.00819820397823221,0.008385856880992651
3813,0.007966483276751306,0.007918708324432373,0.00818409653045237,0.008443311135470867
3814,0.008015416798492273,0.008160607069730758,0.008163924424888358,0.008452599647641182
3815,0.008023580051958561,0.0079582354798913,0.008158660007971857,0.008433588425815104
3816,0.008165886010974645,0.008156024403870105,0.008160416545015243,0.008475629887729883
3817,0.007995868846774102,0.00791250165551901,0.008152633446496393,0.008432686137408017
3818,0.008040325146996312,0.008107498623430728,0.008145111401917204,0.0084296369202435
3819,0.008085668923126326,0.011090759169310332,0.008135251926299599,0.008417514479160308
3820,0.008494489087412755,0.007999289035797118,0.008117236253453626,0.00841389738768339
3821,0.00805948038895925,0.007822486273944378,0.008103086887051662,0.00841756568327546
3822,0.008144253086712626,0.008752100933343172,0.00808240328046183,0.008469418654590844
3823,0.007947674054238532,0.008126588352024556,0.008057370362472203,0.008458369920402765
3824,0.008594653651946121,0.00842061210423708,0.008052880822246273,0.008440857662260532
3825,0.007929272330883476,0.009737541507929564,0.008051301119269596,0.008432184448838234
3826,0.007961748097505834,0.009544802401214837,0.008070772586887081,0.008435568155348301
3827,0.008029326868967877,0.007843118794262409,0.008066762536474401,0.008427878685295582
3828,0.00825193798997336,0.009049955289810896,0.008060288978243868,0.00856226547509432
3829,0.00806436388235953,0.007993273437023163,0.008063860461736719,0.008549872809648515
3830,0.008114282346020142,0.007947493717074395,0.008060471465314427,0.008559837114065888
3831,0.008059855012430086,0.008051134571433067,0.008061098484487996,0.00854549958780408
3832,0.007785244544761048,0.008075629100203515,0.00805569237764511,0.008443630208820106
3833,0.007909272010955546,0.00822274161502719,0.008031783533799979,0.008432928397506477
3834,0.007883827128551072,0.010120157785713672,0.008033777838241723,0.00843611832484603
3835,0.007857852567815118,0.007780788950622081,0.008032048819255497,0.008426475523412228
3836,0.007905053190059132,0.007979468815028668,0.008033697520486183,0.008436035504937173
3837,0.007996712687114875,0.008033093810081483,0.007998736189016038,0.008412488193809986
3838,0.008453269967188438,0.008003300987184048,0.008002902988220257,0.00833675378188491
3839,0.007915165538175239,0.007968370318412781,0.008005583586005702,0.008264634546637535
3840,0.007861741096195248,0.011317905224859714,0.008004114445009166,0.008262560154497622
3841,0.008255173098295926,0.00784620776772499,0.007995202266383504,0.008221548238396643
3842,0.00791114393621683,0.008161609265953303,0.007981430257649887,0.008226593965291977
3843,0.008056000626335541,0.007749060466885567,0.00798124057588478,0.008246822185814382
3844,0.007950516252054108,0.00854402469471097,0.007975509105001886,0.008242697674036027
3845,0.00789676799128453,0.00773174375295639,0.007976973170000646,0.008233950401842594
3846,0.008109338000002835,0.007902234457433224,0.007969359939917922,0.008238712125271557
3847,0.008101027612056997,0.00851103089749813,0.007968319560256268,0.008146958645433189
3848,0.007988891585005655,0.008365587890148162,0.007964670805219147,0.008138908251374961
3849,0.007720620365192493,0.007831929326057434,0.007964496258977386,0.008166706547886133
3850,0.008033442310988903,0.007844181209802627,0.007958090465929773,0.008170033443719148
3851,0.008028763042141994,0.007741821520030498,0.00792435789571868,0.008155225437134506
3852,0.007992598344054486,0.007791258990764618,0.007934164864652687,0.008139542213827372
3853,0.008029133524331782,0.008024657387286424,0.007924276816017099,0.008006780468672516
3854,0.007720063664019108,0.00811941660940647,0.00791154141806894,0.007995978013426067
3855,0.008109540301892492,0.008453199230134488,0.007905717135634689,0.008016922643780709
3856,0.00791656824035777,0.007948021776974202,0.007898658479998509,0.008010904717445373
3857,0.007821846169730027,0.007856947295367718,0.007902035469313463,0.007982596514374019
3858,0.00771894125888745,0.008341784700751304,0.007904188375340569,0.008064169369637966
3859,0.007857817637009754,0.007826320789754392,0.007900695638606946,0.008068311607837676
3860,0.007766633691887061,0.007579529099166394,0.007887172383897835,0.008040589579939842
3861,0.007900689534015126,0.008674426227807999,0.007888169443234802,0.008076778923720123
3862,0.007836567860924536,0.008116266205906868,0.00789096609896256,0.00809789744541049
3863,0.007609955711911122,0.007633100822567939,0.007880947526171803,0.008092317650467157
3864,0.008160339761525392,0.007576289735734463,0.007875008019432425,0.008101749600470064
3865,0.007614539880305529,0.007998861595988274,0.007895035086613563,0.00809075095951557
3866,0.00793678814959195,0.007576146386563778,0.007880266371741891,0.008119146057963371
3867,0.007765536875360542,0.008685225024819374,0.007901419348890583,0.008222267802059648
3868,0.007879534235431088,0.007598612308502197,0.007898176320186918,0.00818761297613382
3869,0.008034940984927946,0.007836319617927074,0.00788283812151187,0.008169326789677142
3870,0.007950590641962157,0.009771065134555102,0.007874055509393414,0.008153481771051883
3871,0.008022019581662284,0.008005790412425995,0.007871818859419889,0.008118270805478096
3872,0.007762946244329214,0.007817980200052262,0.007867611948938834,0.008138033881038427
3873,0.008013818068429828,0.009270321484655142,0.007857919376053742,0.00813280811533332
3874,0.007790536758386426,0.00835989236831665,0.007844099732943708,0.008096116822212935
3875,0.0077829779912200235,0.007704686336219311,0.007838067079832155,0.00807714596167207
3876,0.007880275373657545,0.007977620270103215,0.007842106466492017,0.00807638451382518
3877,0.008493275023582908,0.007516292966902256,0.007833176635288529,0.008214688047766686
3878,0.007659915652539995,0.008734534848481417,0.007849925402055185,0.008195198667049408
3879,0.008248888092736403,0.01069746021181345,0.007841340249114566,0.008209047513455152
3880,0.008028464584300916,0.007586828581988812,0.007829322417825461,0.008162175694853066
3881,0.007533113273481528,0.007490867115557194,0.007821430071691672,0.008188843981176615
3882,0.007602280866768625,0.007460821829736233,0.007806976804882289,0.008174922452121973
3883,0.007663025009549326,0.007461510561406612,0.007799313824541041,0.008080651469528674
3884,0.007752644874983364,0.008320397678762675,0.007778176853722999,0.008059728835523128
3885,0.007524319369759824,0.0074488849565386775,0.007770378932605188,0.00804741624891758
3886,0.007555198456264204,0.007757143899798393,0.007758771473541857,0.007972990366071464
3887,0.007685751533135772,0.007641994692385197,0.007749754577999314,0.007934205544739961
3888,0.007710940378407637,0.007614064626395702,0.007744555413516032,0.008022415875643491
3889,0.007937093981438213,0.011033878084272147,0.00773287677164707,0.00801286440640688
3890,0.008033259049471882,0.007511627078056336,0.007702708110171888,0.008018861144036054
3891,0.007722159326076508,0.007922367546707393,0.007692804309022096,0.007970246228575707
3892,0.007465091093132893,0.007513429559767246,0.007664689008850191,0.007840921571850777
3893,0.007682225582086377,0.00826531946659088,0.007652874823121562,0.00783444763571024
3894,0.007673609314693345,0.007488281391561031,0.007657539067458776,0.007831843972206116
3895,0.007759016133430931,0.007414290569722652,0.007654702190765077,0.007830455157160758
3896,0.007493595311211215,0.007482724562287331,0.007650444871642524,0.00786140064150095
3897,0.007567998216383987,0.00751016553491354,0.0076544408878104556,0.007831542875617744
3898,0.007723631591846546,0.007409674413502217,0.00766352498576873,0.007885044845193624
3899,0.007565114369822873,0.007390271835029125,0.00766729382293092,0.00789670453220606
3900,0.007652998879137967,0.009909944608807564,0.007657380190988382,0.007912770891934635
3901,0.0075883093269334895,0.007738833539187908,0.007645160223916173,0.007909976316243413
3902,0.0077390584867033695,0.007666211407631636,0.007632483518330587,0.0077894052028656
3903,0.007412320623795192,0.007519161961972713,0.007602976534225875,0.007801969511806965
3904,0.007546005588438776,0.007464343793690205,0.007596289232497414,0.00777951379045844
3905,0.0077331099410851796,0.00742498017847538,0.007594463210097619,0.007838535790145398
3906,0.007649719381911887,0.007425775527954101,0.007586576943306458,0.007801321667432785
3907,0.007531358949426148,0.007426101453602314,0.007576505449455645,0.007818144680559634
3908,0.007556592031485504,0.008235147669911385,0.0075628570908887515,0.007847662145644427
3909,0.007852545279181666,0.007573953531682491,0.007563690697277586,0.007844253823906182
3910,0.007751421818716658,0.008786434195935727,0.007564107187920147,0.007836811373382806
3911,0.007649419385318955,0.008048636075109243,0.007551333302031789,0.007883863462507724
3912,0.007437910734572345,0.008043653685599566,0.0075428591293800204,0.007893137467652559
3913,0.007405441201602419,0.007544200234115124,0.007535286192740831,0.007789323189109564
3914,0.0076201763417985706,0.008019600249826907,0.00751979663386527,0.00780908887386322
3915,0.0072955844468540615,0.007825734801590442,0.007527275225996143,0.007836281017959117
3916,0.007554976782864995,0.00736097451299429,0.007528459204878242,0.007871133009344338
3917,0.007419440533137984,0.008988979551941157,0.0075356237823557505,0.007862110344320534
3918,0.0074850689123074216,0.007334966398775578,0.007527134847992822,0.007875595217198132
3919,0.007421821968422996,0.007908856719732285,0.007525665303754308,0.007869193034619092
3920,0.007417807169258594,0.008152227196842433,0.007510288244175413,0.00789290803000331
3921,0.00751443547093206,0.007397516518831253,0.007505735377408562,0.007848602613061665
3922,0.0075784104824480085,0.007324104271829128,0.007484044909746281,0.007852631307393313
3923,0.007404284444637596,0.008585976641625167,0.007473686722852289,0.0077880454801023
3924,0.00735326005352868,0.007622121963649988,0.0074620763126967676,0.00777074229642749
3925,0.007463675463158223,0.007314587645232677,0.007452889336252378,0.0077569284647703175
3926,0.007201070355044471,0.008232975658029319,0.007458054236881435,0.007741690327227116
3927,0.007926023289975192,0.008346015010029078,0.007447515928476221,0.007705323189496995
3928,0.007441920095847713,0.00839046174660325,0.007460868799003463,0.007702932311594486
3929,0.007725120025376479,0.007238777168095112,0.007456466896231804,0.007690558896958829
3930,0.007520886582011978,0.007762102000415325,0.007454833148233594,0.007630376671999693
3931,0.007612980775949028,0.007265720963478089,0.0074485285526141535,0.007624994986504317
3932,0.007146932459953758,0.008018976338207721,0.0074433224439414015,0.007594139599055053
3933,0.007442770362314251,0.0071275122463703156,0.007442892493121326,0.0075778203889727575
3934,0.007310283587624629,0.0076746708899736405,0.007439515384597082,0.007571664480865001
3935,0.0074924671463668345,0.007171788513660431,0.007428068505496615,0.007568319767713546
3936,0.007359159131430917,0.007616056483238935,0.007419867094937299,0.007516330312937497
3937,0.0072082363234625925,0.007698307894170284,0.007428847994986508,0.007534441588073969
3938,0.00753456371732884,0.007163246795535087,0.007430203989272317,0.007609594789892434
3939,0.007356718631668223,0.007110421806573868,0.007445879429620173,0.007569497378915548
3940,0.007629406210035086,0.007765962854027748,0.007419822359292043,0.00752738210260868
3941,0.007444929213573535,0.007051639147102833,0.007409467578141225,0.007588425647467375
3942,0.007378596833182705,0.00748442392796278,0.0073863028688149306,0.007595889792591334
3943,0.007327454021821419,0.007200424261391163,0.007372698892239066,0.007595579459518195
3944,0.007291669251604213,0.007137472033500672,0.0073545211123509525,0.007593989302217961
3945,0.007407058398756716,0.007744246944785118,0.007353703904358876,0.007616222015023231
3946,0.007430007757825984,0.007243618816137314,0.007355612862813804,0.007610099662840367
3947,0.007292238504936298,0.007240486443042755,0.007348689545815189,0.007582618579268454
3948,0.007199249180654684,0.007286240272223949,0.007344257502133648,0.007584806352853774
3949,0.007577782554758919,0.008074903842061758,0.007348049300205377,0.007570652633160353
3950,0.00749757532030344,0.009193417690694332,0.007346491444483399,0.007541763021796941
3951,0.007592956363740895,0.007230540383607149,0.0073558601484116585,0.007534691219776869
3952,0.0072745965317719515,0.007293133102357388,0.007342937841307786,0.007531703635305166
3953,0.007183050567077266,0.009916550368070603,0.0073439191779742655,0.007561602532118559
3954,0.007146002292219135,0.0074253807961940765,0.007334243039331504,0.00756879864782095
3955,0.007180787167615361,0.0077543436735868455,0.007323953062420092,0.007574635075777769
3956,0.007158536278746195,0.007225967030972242,0.007327761371392344,0.007596404510736466
3957,0.0071265022601518365,0.0085747941583395,0.0073284162805726145,0.007673083008825779
3958,0.007490494323687421,0.006974453441798687,0.007315671431562967,0.007640940809249878
3959,0.0071372006626592745,0.006987643800675869,0.007300108223780991,0.007633310098946094
3960,0.007381666054328283,0.007226482853293419,0.0072979888898217025,0.007678958559036255
3961,0.007453954083224137,0.007262213490903378,0.00729413437574274,0.007664738331735134
3962,0.007169289930413166,0.00697606761008501,0.007279233262977667,0.007636852037906647
3963,0.007768781315535307,0.0069864517450332645,0.0072613871286726665,0.007547823977470398
3964,0.007033660954071416,0.007035732194781303,0.0072416550350271995,0.007537007141858339
3965,0.007653939626697037,0.008513435274362564,0.0072421244404796085,0.007523270802944898
3966,0.007203025747504499,0.007231542039662599,0.0072450326797448925,0.007456094627827405
3967,0.007121347410397397,0.007630334626883268,0.007238105678020253,0.0074562808401882645
3968,0.007422661746127738,0.007744660135358572,0.0072340556491994204,0.0074325652904808515
3969,0.007308041981110971,0.009054434485733509,0.00723936962319745,0.007422901401668786
3970,0.007088437173515558,0.0069406919553875925,0.007236902728511227,0.007383079905062914
3971,0.007040927563276555,0.0070528510585427286,0.007217959273937674,0.007378259386867285
3972,0.007239255155954096,0.008381697945296765,0.007212077600674497,0.007376434507966041
3973,0.007102886328680648,0.00693073458969593,0.007208775667763417,0.007428783352673054
3974,0.0072052547356320756,0.0073777464963495736,0.007190953436990578,0.007421651455014944
3975,0.007051421962678432,0.006967716179788113,0.007186977689299318,0.007460903459787368
3976,0.007099654022604227,0.0069601194933056835,0.007162242356853352,0.007465921613574029
3977,0.007286331668082211,0.00694972462952137,0.007169610659240019,0.007489843975007534
3978,0.00725575654870934,0.008237145990133286,0.007153527375269267,0.007465303210914135
3979,0.006972827249103123,0.007430036105215549,0.0071472433903565,0.007468471360206604
3980,0.007079536447094546,0.007161454930901527,0.00714766507881383,0.007445505739003419
3981,0.007291385628696945,0.006984369810670615,0.0071278283212333916,0.007406797370314597
3982,0.0070648298929962845,0.007579256743192673,0.007112816648806133,0.007325321994721888
3983,0.007016907959348626,0.006853940486907959,0.007113930185677276,0.007317995239794253
3984,0.006990158831079801,0.0069420218281447885,0.007117503539017505,0.007322426652908324
3985,0.007299117731551329,0.008535203970968724,0.007124887768717276,0.007281910438835619
3986,0.007008398313903146,0.007083916049450636,0.007114650914528304,0.0072770662315189815
3987,0.007069896238131656,0.007957367729395627,0.007103793172993594,0.007270595561712979
3988,0.00715039800438616,0.007111905589699746,0.007112374030177793,0.007303673741966485
3989,0.007217868513738116,0.007633791230618954,0.007102860349044204,0.007295158851891755
3990,0.007251857527428203,0.007899916172027588,0.007104460530438357,0.007294548170268535
3991,0.00704592612468534,0.007310745771974325,0.007090190200052328,0.007235984928905964
3992,0.007131889621830649,0.007056194096803665,0.007092290360521939,0.007231203702092171
3993,0.0069267428066167565,0.006776950918138027,0.0070947438527726465,0.007218460619449614
3994,0.006932750170429548,0.007017550095915794,0.007097441276224952,0.007206512001901864
3995,0.007116275595294105,0.006757523082196713,0.007086217362164623,0.0071778466090559965
3996,0.007130261396782266,0.007163636386394501,0.007100984889993237,0.007183322596549989
3997,0.007423860898448362,0.007368792593479156,0.007096745145631332,0.007172538837045431
3998,0.006846964973956347,0.006809629406780005,0.007080454145434002,0.007109337025880813
3999,0.006933811197264327,0.007215979751199484,0.007078855693650742,0.007134977262467146
4000,0.007265943392283387,0.007794670686125755,0.007068180122288566,0.007132270739972592
4001,0.006861811994264523,0.006747247241437435,0.007055640694975026,0.007128905163705349
4002,0.00732633620293604,0.0069344575889408585,0.007047414051679274,0.007115496784448624
4003,0.006898998289058606,0.006773064956068993,0.007032238361591265,0.007091724096238614
4004,0.0070253312608434095,0.00731050543487072,0.007026210278334716,0.007070087970048189
4005,0.007140873753362232,0.006842877864837647,0.0070168679704889665,0.007060419698804617
4006,0.0073588212150045565,0.006685654371976852,0.007013517509131797,0.007097518733888864
4007,0.006784232041488091,0.006862621922045946,0.00701463894146598,0.007107379036396742
4008,0.007386096155063974,0.006990840174257756,0.007009940846160882,0.0073353513620793825
4009,0.006884165222032203,0.006672427840530872,0.00701076574149645,0.00731401643678546
4010,0.006891842726618052,0.006955158691853285,0.006987006438668403,0.007324210564047098
4011,0.006968437019321654,0.007724921964108944,0.006981927126459776,0.007356363313645125
4012,0.006803006954077218,0.007889704667031766,0.006990143049818774,0.0073404171809554105
4013,0.0068369123215476675,0.007027766183018685,0.006976155843523642,0.0073028482206165795
4014,0.0070122024313443235,0.007298581749200821,0.006973721694056359,0.007321057211607694
4015,0.006872465275228024,0.007305598966777325,0.006964795295086999,0.007437225740402937
4016,0.006895224043271608,0.006769842617213726,0.006972566351729136,0.007466456175595522
4017,0.006898331925686863,0.006814487315714359,0.006963876445363794,0.007437876448780298
4018,0.006842981272687515,0.007704426795244217,0.0069543605776917605,0.0074280465163290505
4019,0.006960785978784164,0.007264057658612728,0.006926917395699356,0.00745670175626874
4020,0.006998823212666644,0.012456831224262714,0.006928846751443214,0.007465505976974965
4021,0.007150883780171474,0.00663026325404644,0.006908200949554642,0.007462434263527394
4022,0.006829878327747186,0.007623645775020123,0.006901646109380656,0.007481070456653834
4023,0.006719982168740696,0.0076134481467306616,0.0069060917101386515,0.007465101078152657
4024,0.007139209281239245,0.006817326433956623,0.006901257980076804,0.007420016124844552
4025,0.006916263234905071,0.006855446677654982,0.006896759878802631,0.00736717794686556
4026,0.006800958257582453,0.007202472016215325,0.006902412300515506,0.007347551840543748
4027,0.007103176228702069,0.009838670808821916,0.006881884163493911,0.007339615491032601
4028,0.00709327470511198,0.007503825835883617,0.006880326308599776,0.00730939764007926
4029,0.006808083601709869,0.006596012264490128,0.006874862585920426,0.007386284848302603
4030,0.0069029770615614125,0.006597129553556442,0.006874584000847407,0.007370816441625358
4031,0.006672741665194432,0.007402035370469093,0.006864976197191412,0.007328908824920655
4032,0.006832465935084555,0.007082727439701557,0.006846428435668349,0.007337407390773296
4033,0.006869951107849677,0.006914047338068485,0.006844025484927825,0.007106810705363751
4034,0.006720294217682547,0.007138332668691873,0.00682247910387814,0.007105429965257645
4035,0.007002982745567958,0.006555924229323864,0.0068169396931512475,0.0070600932449102404
4036,0.00684759376777543,0.006597798131406307,0.006818466801734433,0.007014861145615577
4037,0.0066905544222229055,0.006568750217556953,0.0067980942563464234,0.007044366461038588
4038,0.006978222864369552,0.006537113524973393,0.006794364889255827,0.007037683445960282
4039,0.0064989990058044594,0.007100173011422157,0.006783129533256093,0.007004637906700373
4040,0.0068335189028746555,0.006550152692943812,0.0067631933582739685,0.0068960768871009345
4041,0.006758630976287855,0.008692022822797298,0.006739477587946585,0.006881790037453175
4042,0.006891367298861344,0.006427777148783207,0.00673482066736453,0.006917309688031673
4043,0.006602786181287633,0.006656736377626657,0.006723046514309114,0.006913893836736679
4044,0.006497091940707631,0.00747652180492878,0.006713604232503308,0.0069699207663536066
4045,0.006938749444153573,0.006691914089024067,0.006707001971039507,0.006948601770401001
4046,0.006612224253929324,0.006595744751393795,0.006694927674449153,0.0069271339863538756
4047,0.006691393059574896,0.0064902277663350105,0.006684328201082017,0.006895576477795841
4048,0.0067581598833203315,0.0064826456643641,0.006667352733512719,0.006889402816444635
4049,0.006629895646539,0.007554959319531917,0.006661240191923248,0.006937144362181425
4050,0.006823029057640168,0.006688371300697327,0.006656622373974986,0.006933451899141073
4051,0.006520074357589086,0.00637633353471756,0.0066380242997573485,0.0069308450065553185
4052,0.006604771854148971,0.007124645318835974,0.006644605905065933,0.006921647323668003
4053,0.006500380446927415,0.007146654594689608,0.006641970643401146,0.006928845001012087
4054,0.006691660587158468,0.007484003528952598,0.006641642071430882,0.006840755598992109
4055,0.006608623235176007,0.006511733271181584,0.006635470670109821,0.006838405332714318
4056,0.006436684620049264,0.008802708610892296,0.006626068531701133,0.006841794926673173
4057,0.006667409398489528,0.006549752540886402,0.006630587468855083,0.006796691565960644
4058,0.00656809369309081,0.006377352736890316,0.006614539922670358,0.006793087876588106
4059,0.0064553073835041785,0.006349394954741001,0.006615026152775518,0.006796709140390158
4060,0.006578596056335502,0.006401582695543766,0.006610749547080032,0.006789212294667959
4061,0.006694780228038629,0.00779133677482605,0.006601243082661595,0.006783592669665813
4062,0.006575108973516358,0.006476438641548157,0.006601845339747767,0.006779493666440247
4063,0.006513271008928617,0.006471941210329533,0.0065974113467045965,0.00678172629252076
4064,0.006663539138519102,0.006870230939239263,0.006613702176118064,0.006794294304400682
4065,0.006767637361254957,0.006730094626545906,0.006616955143813458,0.006798878666758537
4066,0.006750416677031252,0.006489787772297859,0.006618105294824475,0.006775556713342666
4067,0.006737082265834841,0.006369020491838455,0.006601505651676821,0.0067850828215479855
4068,0.006367732721070448,0.006741476226598025,0.00659196675537775,0.0067741744190454485
4069,0.006610065369556347,0.006348937787115574,0.0065993968468780325,0.0066835637852549565
4070,0.006537560789535443,0.006601821854710579,0.006597391769972942,0.0066726551383733766
4071,0.006624380006558365,0.006686276346445083,0.006601109428724481,0.006671675646305085
4072,0.006584477917187743,0.0063028066232800484,0.006605946734237173,0.006692570538818838
4073,0.006520498272859388,0.006342155039310455,0.006602545103534229,0.006700339368730784
4074,0.006644952073693275,0.007452484238892793,0.006597349673613078,0.006636802396923305
4075,0.006712179231560892,0.006744186952710151,0.006583262699904542,0.006639529818296433
4076,0.0069273450929257605,0.006690533831715584,0.0065962913282836474,0.0066624869540333745
4077,0.00668609604653385,0.007239254377782345,0.006579153024715682,0.006651920817047359
4078,0.006529134222202831,0.0065636057592928405,0.0065636483827191915,0.006668102771788836
4079,0.006276669508467118,0.00772215623408556,0.006554972875842618,0.006655035193264485
4080,0.006370150827699237,0.006239023208618164,0.006542502946779131,0.006646580305695534
4081,0.0066224369075563215,0.00653744276612997,0.006538250736768048,0.006622818899154664
4082,0.006617282475862238,0.006277036368846894,0.006520699887143243,0.006701085825264455
4083,0.006661035161879328,0.0063528654351830485,0.006528117360505793,0.00669518393278122
4084,0.0065762400213215085,0.006871767267584801,0.006512884817106857,0.006790251901745796
4085,0.0064935552887618545,0.006595803443342447,0.006510127354992762,0.006867869815230371
4086,0.006564894480009874,0.006202912479639053,0.006516178448705211,0.006911472257971764
4087,0.006222934630802936,0.006544624175876379,0.006497819267337524,0.006858575337380172
4088,0.00683898671840628,0.00704586960375309,0.006485488836425876,0.006848141803592444
4089,0.006235081549319956,0.006606077514588833,0.006459827521319193,0.006850711940228939
4090,0.006380021311342716,0.007134643495082855,0.0064536850539760465,0.00686017967313528
4091,0.006533529005116887,0.006163098309189081,0.006445196895591088,0.006840269155055283
4092,0.006425334039247698,0.0061576483026146885,0.006447868855256174,0.006772765780240297
4093,0.006261427470793327,0.006147441063076258,0.00644060250212335,0.0067762575693428515
4094,0.0061712941289361984,0.008305610939860344,0.0064273627102995915,0.006759935969859361
4095,0.006722997623599238,0.006454274542629718,0.006424589265117216,0.006796981935948133
4096,0.006243566421584951,0.009062975570559502,0.006402909218333662,0.006786709823459386
4097,0.0065155413643353515,0.008243254460394383,0.0063959528739046725,0.00677024543210864
4098,0.006671775615670615,0.007432216107845307,0.006388438334626457,0.006749100410938262
4099,0.006185972539501058,0.006130061224102974,0.006368606923003166,0.006748654817044734
4100,0.006403918458769719,0.006483348608016967,0.0063668977913964135,0.006773986154049633
4101,0.006285812215258678,0.006754787247627974,0.006345500536987351,0.006743661341071128
4102,0.006532534362955226,0.007475947700440883,0.006364535224913723,0.006822696924582123
4103,0.006316930262578858,0.006065842807292938,0.006360114821357032,0.006789248351380228
4104,0.006343468500094282,0.0060345718637108805,0.006344208724072412,0.006783700589463115
4105,0.0061884919993786345,0.006326317936182022,0.0063333518947371195,0.006840673952177167
4106,0.006291442111962371,0.006129402779042721,0.006333368876804081,0.006912031082436442
4107,0.006547946346302827,0.007203185521066188,0.006335374658161569,0.006818976569548249
4108,0.006119033992290497,0.0060960626229643825,0.0063230876965034355,0.006800668318942189
4109,0.006402331410596768,0.006460157483816147,0.0063223637702771365,0.0067335827190428965
4110,0.006305691806806458,0.006067177914083004,0.006315003969747988,0.006646325695887207
4111,0.006069109189427561,0.006191772632300854,0.006293227975505094,0.006592072512581945
4112,0.00618020634063416,0.007177907600998878,0.006299501138283975,0.006632075664773584
4113,0.006304055358179741,0.006287749279290438,0.006291119915681581,0.006618228029087186
4114,0.006710948747479253,0.008581967102363705,0.006303649058503409,0.006603371023014188
4115,0.006269511222425434,0.0062984291650354865,0.006287247695504792,0.0065843743283301595
4116,0.006135876573001345,0.006024404261261225,0.006278953077871767,0.006594564940407872
4117,0.006153913305865393,0.007581982370465994,0.006270569620757467,0.006590877603366972
4118,0.006261852022467388,0.007931369319558144,0.006262622214812372,0.0065775155428797
4119,0.006221438662873374,0.005979248117655516,0.006261366603482101,0.006607199727371335
4120,0.006415823582145903,0.005996568277478218,0.006251287259368433,0.006578111637011171
4121,0.0062254682659275,0.0073858355730772015,0.006248728028643462,0.006605677903816103
4122,0.00633154635110663,0.006061828881502152,0.006237632197348607,0.006587061054632068
4123,0.006127375759598282,0.006075886525213719,0.0062405237804270455,0.006588916501030325
4124,0.006342801608973079,0.007130140028893947,0.0062532219659537066,0.006581268295273184
4125,0.006194387893709872,0.006137157715857029,0.006256504774052235,0.006547660514339805
4126,0.006599040785804391,0.006383362095803023,0.006247549193849165,0.00656760332621634
4127,0.006122500287989776,0.007001030333340168,0.006227458350774314,0.006459879440069198
4128,0.006109564821753237,0.006320608109235764,0.006220300069782468,0.006443536341190338
4129,0.006133882072236803,0.005942388437688351,0.006223537601489159,0.006495940985530616
4130,0.0059898068507512415,0.005992266424000263,0.006223743035437332,0.0064255330048501496
4131,0.006260051828705602,0.00687150739133358,0.0062142703342768875,0.006371223992109298
4132,0.006295962743461132,0.006475983262062073,0.006211145270284678,0.006364385294914245
4133,0.0060550532241662345,0.006785219293087721,0.0061935795534816054,0.006375094959139824
4134,0.006124935628225406,0.0059947362542152405,0.006183234477208719,0.006327431904524565
4135,0.006377981383767393,0.00611356407403946,0.006182156790751549,0.006324478723108769
4136,0.006386563827594121,0.006000567488372326,0.00617280054030319,0.006325465876609087
4137,0.006262276543097364,0.006337713077664375,0.006155078534616364,0.006292096830904484
4138,0.006080165853103002,0.006786319576203823,0.00616275866213772,0.006303160031139851
4139,0.006208677670607964,0.005888869948685169,0.006146625008641017,0.006292414094507695
4140,0.006090554197629293,0.005889851693063974,0.006156565320119261,0.006357707864791155
4141,0.006216814865668615,0.007334520369768143,0.006172352338375316,0.006374264443665743
4142,0.006159049154569705,0.005821782853454352,0.006171080520956052,0.006372204808145762
4143,0.006025034493456284,0.006573644001036882,0.00616935944263306,0.006398785181343555
4144,0.006143312063068151,0.0058082806877791885,0.006167196894892388,0.006353587923198938
4145,0.005976680662069056,0.006264309883117675,0.006147262711698811,0.006325960048288106
4146,0.005966841359105375,0.006194259207695722,0.0061463677230394545,0.006302273471653461
4147,0.006304604189677371,0.005987999346107244,0.00613864265129798,0.006293463563919068
4148,0.005893469498389297,0.006100565362721681,0.006128835254617863,0.006279281368851661
4149,0.005899751466802425,0.006295913886278867,0.006103923639613721,0.006277535361051559
4150,0.0063863910817437705,0.0064137377217412,0.006086806816649106,0.006255291990935803
4151,0.006195699448386828,0.006114713679999113,0.006083654972745312,0.006225854788720607
4152,0.006371008074945873,0.008633374590426684,0.00607047213067611,0.00622254572212696
4153,0.006504240278154612,0.0067345225811004635,0.0060637453453408355,0.006238805521279573
4154,0.006102086636755201,0.005890897549688816,0.006045165774102013,0.006182467135041951
4155,0.005946779892676406,0.006656775753945112,0.006032470163909925,0.00627334630973637
4156,0.0062059881351888176,0.005741575937718153,0.006031622028185262,0.006239131607487796
4157,0.005797608163621691,0.0057852863892912864,0.006021768120345142,0.006233552982285618
4158,0.00603267850768235,0.006193054877221584,0.00601463699100746,0.006212732418254017
4159,0.005931808834688531,0.0057744885608553885,0.0060073729965421895,0.006224476313218473
4160,0.006132796466764476,0.005759009197354317,0.006002820659263267,0.006244676114246247
4161,0.005763773452490568,0.00595691729336977,0.0060001694261199905,0.006250443260744213
4162,0.005834355968981981,0.00578162882477045,0.006004394678812888,0.006234564767405391
4163,0.006001369755508171,0.006050389520823956,0.00598279326595366,0.006248413559421897
4164,0.0058791066188779145,0.005806143283843994,0.0059642113537424135,0.006244478495791555
4165,0.005922384564247396,0.006296346671879291,0.005947202529427078,0.006138066696748138
4166,0.005752325584698055,0.00592606071382761,0.0059258012894127104,0.006112578926607967
4167,0.005841658899767531,0.008093762220814824,0.005929874173882936,0.006113249479606748
4168,0.006003831100339691,0.00571827644482255,0.00593671579245064,0.006074968075379729
4169,0.005896964367065165,0.0056688150577247146,0.0059298961160083605,0.0060940184306353335
4170,0.005798402428627014,0.005743795782327652,0.005934343616995547,0.006090944312140346
4171,0.005785241497473584,0.0064878565818071365,0.005920912662148476,0.006093380336090923
4172,0.0061907957577043106,0.006492994371801615,0.005916726010872259,0.006084158067032695
4173,0.005827188669807381,0.006244744025170803,0.005898343141749502,0.0060854960840195415
4174,0.006005382784124878,0.005898951552808285,0.0059071594583077576,0.006089167599007486
4175,0.005846355760263072,0.0067599575221538545,0.00590762107136349,0.006081113503500819
4176,0.005731151643105679,0.006016337089240551,0.005892328457865451,0.0060731947254389525
4177,0.005945787467062473,0.005973079614341259,0.005886554145481852,0.006066149554029107
4178,0.005969209277795421,0.006097328327596188,0.005875912385433914,0.006049911156669259
4179,0.006203908748510811,0.005907661374658346,0.005878005181956624,0.006057818612828851
4180,0.006117820356869036,0.005699740648269653,0.005879990603650611,0.005977226965129375
4181,0.006035496224131849,0.006217834819108248,0.005877971629881197,0.006000060256570578
4182,0.0059087956883013245,0.005708433426916599,0.005873541535271538,0.005999019674956799
4183,0.0056969046365055774,0.0062539554759860035,0.005876712084851331,0.0060408170320093635
4184,0.0058271425527830914,0.005543931834399701,0.0058926210410479045,0.0060431570641696465
4185,0.005673224738695555,0.00579245962202549,0.005870350255941351,0.006003106451779604
4186,0.005984181366446946,0.006048705168068409,0.005865769556371702,0.00597904317751527
4187,0.005845896295375294,0.0055802764371037485,0.00585537097412679,0.0059862283863127246
4188,0.0056190544180572035,0.005852420069277287,0.0058461263545685335,0.005969260944426061
4189,0.005734748809287945,0.00563001399859786,0.005849915572793948,0.005962407631427051
4190,0.005656340563048919,0.005890386737883091,0.0058383053049859066,0.005948276808857919
4191,0.005804645497765806,0.006123747117817402,0.005833310766311156,0.0059240115366876135
4192,0.005891294442117214,0.006078971028327942,0.005807421594030327,0.00590760721191764
4193,0.005953356756104363,0.006289108730852604,0.0058011442680325764,0.005916172144562007
4194,0.005786212001823716,0.0056428005173802375,0.005791346587157912,0.00594727926440537
4195,0.005877666168121828,0.006788729708641767,0.005786846211469835,0.006019399770721794
4196,0.006182965402387911,0.00654635738581419,0.005782810669226778,0.00598528218306601
4197,0.0056340261300404865,0.005491729062050581,0.0057719543057597345,0.0059816064883023495
4198,0.005712671180566152,0.0056431621685624125,0.005778609573675526,0.00596953549720347
4199,0.005745418228002058,0.006078581772744656,0.005776848138537671,0.005983162552490831
4200,0.0056152402713067,0.006335771474987269,0.005767881398523847,0.005973673686012626
4201,0.005825882098741002,0.005845004264265299,0.005769701511288683,0.005955222712829709
4202,0.005655530771861474,0.005619809050112962,0.00576131316518618,0.005960471976175904
4203,0.005844345810926623,0.005490696523338556,0.005758433710411191,0.005946663130447269
4204,0.005556679441490107,0.005497553255409003,0.005776082954514358,0.005929186523333191
4205,0.005960887206925287,0.005913863964378834,0.0057608838604142265,0.005907965395227074
4206,0.00579055420226521,0.006995512815192342,0.005767053692580925,0.005943454492464661
4207,0.005796286296099424,0.007511446084827185,0.005767516120688783,0.005949117973819374
4208,0.005596016080429157,0.005401015784591436,0.005767231498534481,0.005962224692851305
4209,0.005555733466106984,0.005452039465308189,0.005744289635328782,0.005925397146493197
4210,0.005839606436590354,0.005490684844553471,0.0057481141053140165,0.005934609951078892
4211,0.005940145488000578,0.006389381550252438,0.00574009052945508,0.005935956484079362
4212,0.00562172779502968,0.00534305477514863,0.005745687669391434,0.005995583798363805
4213,0.005664557237178087,0.005391145739704371,0.005745283836995563,0.00595452297590673
4214,0.00552504015672538,0.005761245582252741,0.005736766786583597,0.005934930272772909
4215,0.005584354193674194,0.005545165594667196,0.005729090247158375,0.005926379868760706
4216,0.006245876600344976,0.005686831939965486,0.0057183708299572275,0.005953035743162036
4217,0.005511317089613941,0.005548442825675011,0.00573893876247522,0.005945583407208324
4218,0.0061076025602718196,0.0071763361617922785,0.0057230335261879706,0.005921630043163897
4219,0.005797772704520159,0.0057843875512480734,0.0057119191297019525,0.005854608826339245
4220,0.005870550614264276,0.007116397684440017,0.005698833303546741,0.00576307354271412
4221,0.005609418822245465,0.005625668726861477,0.005688589265880486,0.005755273486673832
4222,0.005729637879671322,0.005722049176692962,0.005683743152995077,0.0057544368796050545
4223,0.005512081784092718,0.005676825493574142,0.005659022832434211,0.0057666244767606255
4224,0.005885346726410919,0.007569264629855752,0.005640204396119547,0.005752822393923998
4225,0.005605144461409913,0.00530925091356039,0.005645386512391269,0.005750391064584254
4226,0.005612955838441849,0.005355186685919762,0.005641203375719487,0.0057754053659737105
4227,0.005463617286230955,0.005406048949807883,0.005641332249571051,0.005820786936208605
4228,0.005576360380897919,0.00615709338337183,0.005633293083454999,0.005852682103961705
4229,0.00607087775443991,0.005311244856566191,0.00560198559295386,0.005877772389352321
4230,0.00556325629974405,0.005315029863268137,0.005599365584200456,0.005869810002297161
4231,0.005512694290114774,0.005319982394576072,0.005573795044318669,0.005793625560402869
4232,0.00546914064221912,0.005223063994199037,0.005560639652713306,0.005778271189332008
4233,0.0053399151387727925,0.005206014383584261,0.005545366515157123,0.00570649241246283
4234,0.005434580643971761,0.005431124288588762,0.00553618184822715,0.005708029718324541
4235,0.005221598422568706,0.0057953747734427455,0.005527237046985991,0.005699627309665084
4236,0.0054696845801340205,0.006044329479336739,0.005549215525781944,0.005776811523735523
4237,0.005751280701822705,0.0052822715416550635,0.005532152758311067,0.005690852482244372
4238,0.0055599788203835486,0.0060165032744407656,0.005519569205016726,0.005704265871271492
4239,0.005528262003014485,0.0068957848381251095,0.0055192171785359585,0.005716555972024799
4240,0.005383375040772889,0.0063425447884947065,0.005515422169201905,0.005740961675718428
4241,0.005463189337816503,0.006314089074730873,0.005507142835607132,0.005711019146069885
4242,0.005445816870778799,0.005349383149296045,0.005477920492490133,0.0057495892733335505
4243,0.005468339063227177,0.005271725114434958,0.005468753570649359,0.005760289338976145
4244,0.00546888791438606,0.005400528274476528,0.0054754970695823435,0.005752349966019393
4245,0.005488722175359726,0.005321928262710571,0.00546534363201095,0.005754831191897394
4246,0.005379802148996128,0.0056641013734042645,0.005463110534722607,0.005805640556290748
4247,0.005506017848642336,0.005511988960206509,0.005470129812301861,0.005792192275449633
4248,0.0060615437539915246,0.007606430845335126,0.005469725073915389,0.0058036972161382445
4249,0.005458777539639009,0.00542028859257698,0.0054705053540153635,0.0058078189890831715
4250,0.005290555629051394,0.005644585639238357,0.005475538306973049,0.005797659214958549
4251,0.0056041551764226625,0.005662439204752445,0.005473277091607452,0.00578183411769569
4252,0.005368742052879598,0.0060161915421485905,0.005489234912685222,0.0057430505916476245
4253,0.005369377041028606,0.0054085301421582695,0.005477066760717167,0.005694439623877405
4254,0.005340319176514944,0.006275498038157821,0.005474090548894472,0.00565105842165649
4255,0.005334083253724708,0.005582531504333019,0.005468940804319249,0.005649986820295454
4256,0.0056812817634393775,0.005121498070657253,0.005457799849410852,0.005644727456197144
4257,0.005215304702934292,0.005285094641149044,0.005448677723771997,0.005647180746123196
4258,0.005284087706564201,0.006476248493418098,0.005450724919885398,0.005638564337417485
4259,0.005610062583453125,0.005094917267560959,0.00544714099727571,0.005654074064269663
4260,0.005211479962906903,0.006082998290657997,0.005437192416977551,0.005658321266993882
4261,0.0054891915826333895,0.006147373802959919,0.005427452603396443,0.005561075867712499
4262,0.0058771045257647835,0.005028277188539505,0.005424589233555727,0.0055453728236258045
4263,0.005503448436243666,0.005620875842869282,0.005419994153786038,0.005530411038547755
4264,0.005927207529958752,0.005926196686923504,0.005399819978988834,0.005510980629175902
4265,0.005079171241571506,0.005127270594239235,0.005392491440309418,0.005480652706325054
4266,0.005388784042249123,0.005229559019207955,0.00539390444300241,0.005476330959051848
4267,0.005317073256398241,0.005322593115270138,0.005388487900048494,0.005437167667225003
4268,0.00518981519051724,0.0051402410119771955,0.005388001748836703,0.005424293443933129
4269,0.0052408347734146645,0.005461860522627831,0.005372986798899042,0.005423907678201795
4270,0.00553990207819475,0.005106518045067787,0.005373314277662172,0.005459942262247205
4271,0.005290204083753957,0.0060518445447087284,0.005373555951524113,0.0053984869636595255
4272,0.0052573033411883645,0.0056181690283119675,0.005354672272793121,0.005393442326039077
4273,0.0058180484144637985,0.005175295863300562,0.005372273516241048,0.005374950134009124
4274,0.005387193293621142,0.005027712490409612,0.005361499053198431,0.0053443987473845486
4275,0.005175678634809123,0.00527054101228714,0.005331127496436239,0.00538461103886366
4276,0.005099800806492567,0.005176678970456123,0.005332156888685293,0.005365225498378277
4277,0.00518552858589424,0.005257993470877409,0.005309428431093693,0.005328756956011058
4278,0.0054047021083533766,0.005300486460328102,0.0053060137815152605,0.005347602356225253
4279,0.0052049056026670665,0.005296415742486715,0.005297858039641546,0.005348588820546866
4280,0.005321929473429918,0.005260675922036171,0.005307121075627704,0.005403310488909484
4281,0.00530590801499784,0.005111853927373886,0.005300899397643905,0.005393577565252782
4282,0.005223491672012541,0.006185959242284298,0.0052935511535861434,0.0054199054636061205
4283,0.005290129553112719,0.004939866028726101,0.005283386617215972,0.005415396810323
4284,0.005137970615178347,0.004968801327049732,0.005277595024700796,0.005401118072494864
4285,0.005651511049105062,0.005620693489909172,0.005274768004504343,0.005391463785246015
4286,0.005219830006567968,0.005383589137345553,0.0052613308139766255,0.005405960157141089
4287,0.005117815606709984,0.006033584475517273,0.005253169546255636,0.005410356851294635
4288,0.005529183242470026,0.00513623733073473,0.005249379589346548,0.0054588089752942315
4289,0.005358996090168754,0.0050144831277430055,0.005255990159076949,0.005444544072821736
4290,0.0049938050021107,0.005598405599594116,0.005248702599294484,0.00543805182389915
4291,0.005184890495406257,0.005254220627248288,0.005242406780045066,0.005418694065138698
4292,0.005548649156052205,0.0066906348243355755,0.005235642241541709,0.005400327425077558
4293,0.0050342732409222254,0.004896917920559645,0.005224746715422305,0.0053976572971791035
4294,0.005057128671970632,0.006120057981461286,0.0052122013767767275,0.005387608291581273
4295,0.005285788668940464,0.004993801712989807,0.005204169536319871,0.00533353784121573
4296,0.005145414270874527,0.005694876099005342,0.0052003554020697874,0.005330079019442201
4297,0.005186627836277088,0.005376811847090721,0.0051965797888115055,0.005474504219368101
4298,0.0054821186512708665,0.005537705160677433,0.0051736112021530676,0.005466413703560829
4299,0.005183161600596375,0.005137629844248295,0.0051810475593432785,0.005466272543370725
4300,0.005080929712081949,0.006481844112277031,0.005178985142480169,0.005418661286681891
4301,0.005265065049752593,0.004820056408643723,0.005158370193611417,0.005439736722782255
4302,0.005003339591332608,0.0050956872478127475,0.0051574075951137475,0.005449793058261275
4303,0.0052473066271179255,0.0048165424913167955,0.0051653048998779715,0.0054219105187803505
4304,0.00503579214008318,0.004837249740958214,0.005157762970692581,0.005407414359971881
4305,0.005049541320444809,0.005193922724574804,0.005146235960846145,0.00533199973963201
4306,0.004992274548858405,0.004860628787428141,0.005149520492222573,0.005332365619763731
4307,0.005022695660591126,0.004834197983145713,0.005150284688836998,0.005285471806302665
4308,0.005194776196860605,0.004853395484387874,0.005139592195219463,0.005280241914466023
4309,0.005043580283721288,0.00857943132519722,0.005133714404702186,0.005242345935106276
4310,0.00507729638264411,0.005418430594727397,0.005131411603010362,0.005218685639649629
4311,0.005405738936323259,0.0053800601325929166,0.0051209863622983295,0.005188100876659154
4312,0.005066255185132225,0.004843303058296442,0.005110239882022143,0.005216509474441409
4313,0.005013809520751238,0.005663123233243823,0.005103378652243152,0.005162051621451975
4314,0.005334931127727031,0.0052658915147185325,0.005104951083991264,0.005308725822716952
4315,0.005191237621216311,0.004901342112571001,0.00511073250890606,0.005310085918009281
4316,0.004996342265771495,0.004891816657036543,0.005105956308564379,0.0053084914773702625
4317,0.005260473909891314,0.0048052693158388135,0.005099852880939014,0.005309132051467896
4318,0.005116386525332928,0.004906064923852682,0.005094505116074449,0.005353369834274054
4319,0.005076233587331242,0.004947712644934654,0.005098318993279503,0.005347450724244118
4320,0.005018476328502099,0.004863054417073727,0.005097492944511274,0.00537090131379664
4321,0.004998469507942597,0.004747476615011692,0.005097431595561405,0.00536688562296331
4322,0.005129057793981499,0.004785304460674524,0.005087504418546127,0.0052506285171955835
4323,0.005221487633470032,0.004773086085915566,0.005102904832135473,0.005231118953973056
4324,0.004914499593691693,0.0058478447888046505,0.005084925212276478,0.005220042703300715
4325,0.004909398967607154,0.005120397787541151,0.005072671270101434,0.0052506862539798025
4326,0.005304375843455394,0.008486911440268158,0.005067392922213507,0.0052475447367876776
4327,0.0051478752142025365,0.0051296896301209925,0.005059511481287578,0.005239829668775201
4328,0.005127901618575884,0.00477668147534132,0.005057851250035066,0.005261008720472455
4329,0.004883206449449062,0.0048532640933990475,0.005057272534548408,0.005308268144354224
4330,0.004915847198830711,0.006299867294728756,0.005047460705145366,0.0053671475242823355
4331,0.005087621478984753,0.004712651036679744,0.00504490246741722,0.005359772786870599
4332,0.005002044441385402,0.005420462721958757,0.005036822613804704,0.005377610203996301
4333,0.005193242473113868,0.004753003213554621,0.005038797444539765,0.0053701968755573036
4334,0.004795400858339336,0.005673003681004048,0.005026384326670733,0.005369559961929917
4335,0.005462306722377738,0.0049306915141642095,0.005015508887771932,0.005365155221894383
4336,0.004956248439848423,0.005103153865784407,0.005005990974253252,0.0053566396865993736
4337,0.0047599066307561265,0.005609391825273633,0.005009342182117205,0.005316909513622523
4338,0.004881850823553072,0.00558458530344069,0.005013000542277265,0.005301740485429764
4339,0.0051378951045788,0.005073014814406633,0.005001115838872891,0.005148639099672436
4340,0.005149731839903527,0.005430818405002356,0.00499994780117025,0.005142534163966775
4341,0.004981874378605021,0.006073302254080772,0.004993047116986579,0.005140223487094045
4342,0.005015178174815244,0.0062772538140416145,0.004981671571110686,0.0051363889198750255
4343,0.005052430582129293,0.004721696488559246,0.0049783575789382065,0.005163710349425673
4344,0.00487423724701835,0.005393648073077201,0.004973679806002313,0.005189502377808094
4345,0.005067847096878621,0.004677721206098795,0.0049705185682409345,0.005177080431953073
4346,0.004688141561216779,0.0047315537743270394,0.004954241238286097,0.0051791476804763075
4347,0.004857171821511454,0.004675185959786177,0.004952266085644564,0.005155574090406299
4348,0.004983539795503021,0.004560197703540325,0.004930888144382173,0.005140723324939609
4349,0.004998279790290528,0.004854590464383364,0.00492805440194077,0.005115694222226739
4350,0.005000857971608639,0.004741172082722187,0.00493174517026378,0.005085529423505068
4351,0.005007258258346054,0.004659376796334982,0.004927933302935626,0.005045571330562235
4352,0.005118674271636539,0.004977066237479448,0.004909748527780175,0.005050444506108761
4353,0.004955384513984124,0.004718914553523064,0.00489612066100041,0.005030159126967191
4354,0.00459881780255172,0.004757399912923574,0.004883364643653234,0.004967231187969446
4355,0.00483299739451872,0.006982903033494949,0.004883240422151155,0.004896679773926736
4356,0.004970677155587408,0.005357451746240258,0.0048693926312029364,0.004896715869009496
4357,0.004923013497350945,0.0051099140755832195,0.004863975181927284,0.004864532762765884
4358,0.004786309224242965,0.004804684426635504,0.004863920536761483,0.004921936214715242
4359,0.0047460220423009665,0.005083663929253817,0.00488055527822839,0.004943809657543898
4360,0.004927858190817966,0.004559422377496958,0.0048774534073968735,0.004943394351750612
4361,0.004885404878813359,0.0044774262979626655,0.00486528547120591,0.004957822626829147
4362,0.004852175838831398,0.004855271857231855,0.004873415205130975,0.004967074892297388
4363,0.004786554140349229,0.0045856329798698425,0.004861779502365325,0.00495429264344275
4364,0.00468327572569251,0.005194844203069806,0.004843895880298483,0.004991995396837593
4365,0.004809035170409415,0.0049236839264631274,0.004826164684279098,0.004970926163718105
4366,0.0046629739449255995,0.004500103779137134,0.004818783840744032,0.004966839991137387
4367,0.005012072637263272,0.004513468462973833,0.0048194565115703475,0.0049558454636484395
4368,0.004706235808423824,0.004722598865628242,0.004809600256755948,0.0048766958415508285
4369,0.004738801015127037,0.004589070416986942,0.004808257367172175,0.0048903068453073515
4370,0.0050664809677335955,0.006112807504832745,0.0048061821829941545,0.004867392414063215
4371,0.005104010097889437,0.005278389845043421,0.004798898268615207,0.004868162479251622
4372,0.004779625050723553,0.004664803314954042,0.00479331152194904,0.004841079664975404
4373,0.00467934139072895,0.004920904580503702,0.004796359826831353,0.004877675106748938
4374,0.005201523138417138,0.005085897101089358,0.004792895215418603,0.004891272943466902
4375,0.004709965402467383,0.004421615861356258,0.004782058155329691,0.0048879313897341485
4376,0.004560167706674999,0.005601945631206036,0.004767971607835756,0.00490840537659824
4377,0.0046753943711519245,0.004450335409492254,0.004762894776339332,0.0048975799039006245
4378,0.004770863425607483,0.004616760239005088,0.004761493282475405,0.004883585337549449
4379,0.0046156345732096165,0.004482536725699902,0.004775291427224875,0.004890087789297104
4380,0.00458659102415873,0.0050041624810546635,0.004755345257702802,0.004884597566723823
4381,0.004937104915993081,0.005697726840153337,0.004756950176341667,0.00488429800607264
4382,0.004871133892900414,0.004537053294479847,0.004760373088427717,0.004891902241855861
4383,0.004604211364769273,0.0048239360563457016,0.004751073394467434,0.004822178078442813
4384,0.004606353375646803,0.0044065935723483565,0.004722863602721029,0.004794347674399614
4385,0.005004065812875827,0.0054743084218353034,0.004720988411104514,0.0047786318510770805
4386,0.004798789593494601,0.004817372215911746,0.0047115883692064224,0.004762993716448546
4387,0.004581249336608582,0.004771733013913035,0.00469240186088201,0.004804807741940022
4388,0.004434390453000863,0.005097482651472092,0.004687023447226319,0.004798025841265916
4389,0.004556354938281907,0.0049242073856294154,0.004698614529375401,0.004743206603825091
4390,0.00477399782381124,0.0045738197676837445,0.004699426607601345,0.004743301611393689
4391,0.00500792756366233,0.004662665072828531,0.004687249027047721,0.004741395553946494
4392,0.004513418399211433,0.004376212898641825,0.004683073957243728,0.004771312523633242
4393,0.004746358774395452,0.004715109849348665,0.004693532054685056,0.00477144256643951
4394,0.00482437381727828,0.004779176311567426,0.004676603923634523,0.0047130895413458355
4395,0.004833988618726532,0.00436970341950655,0.004663934443953136,0.004703025761246683
4396,0.0043987653042293256,0.00458262974396348,0.004653523764945567,0.004678029157966378
4397,0.00473274526031067,0.004271907731890678,0.004645480002069639,0.004677396849542857
4398,0.0044443403432766595,0.004529951214790344,0.004619164324738085,0.004641258632019163
4399,0.004721860430306858,0.00613124773837626,0.00460833535225441,0.004623592257499695
4400,0.004575505061075092,0.004252068344503641,0.004599720870599979,0.004603826082125306
4401,0.0048499447604020435,0.004231464695185423,0.004602135875013969,0.004574988501146435
4402,0.004695696326800518,0.004452710598707199,0.004608695743812456,0.0045447276916354895
4403,0.0044664239117668736,0.004569108802825212,0.00459562493181891,0.004555569246038795
4404,0.004511257828109795,0.005230460967868567,0.00457620285625259,0.004535243384167552
4405,0.004848043460191952,0.005007413551211357,0.004573162184904019,0.004528611275926233
4406,0.004513901639729739,0.00423890121281147,0.004569406294698517,0.004525241094082594
4407,0.004554396900865767,0.004285458792001009,0.004560016896906827,0.004512812016531824
4408,0.004343944389580024,0.004199020974338055,0.004546263735037712,0.0045209228452295054
4409,0.004405259303748608,0.004390785861760378,0.0045484144874744946,0.004509406762197613
4410,0.004346173879586988,0.004570852983742952,0.004536120096159478,0.004505093653872608
4411,0.004528065281402734,0.0043757128529250625,0.004529405306258963,0.004492217401042579
4412,0.00436588729524778,0.004277578629553318,0.004525022070171933,0.004419091071188448
4413,0.0044947655633505845,0.004376543127000332,0.004513405211870041,0.004417905730009079
4414,0.0047203516582441,0.004167687147855759,0.004493247849721876,0.0044157332986593245
4415,0.004447227523972591,0.004844858627766371,0.0044780823067865445,0.004404088291525841
4416,0.004522375674504373,0.004154518526047468,0.004473943656786448,0.004390709451586009
4417,0.004437401615497139,0.004210410192608833,0.004474444246333506,0.004373703878372908
4418,0.00465246151925789,0.004630855303257703,0.004468607287936741,0.0043580651625990865
4419,0.004589638872486022,0.004468449372798205,0.004475929931654699,0.004370405320823193
4420,0.0044901595719986495,0.004572474136948585,0.004473588473080761,0.004375400168448686
4421,0.004452534115148915,0.00429472766816616,0.004470902165211737,0.004371070236712694
4422,0.0044253854774352576,0.004164080023765564,0.004467691427448558,0.004358227854222058
4423,0.004276470595763789,0.004208044894039631,0.0044907763515288635,0.004479315023124217
4424,0.004612279528131088,0.004303089492022991,0.004490103277005255,0.0044664977580308905
4425,0.0042850836035278105,0.0042224348150193694,0.0044940117225671814,0.004492551971971988
4426,0.004346010706697901,0.004177153911441565,0.00449133318114198,0.004570891545340418
4427,0.004316557753417227,0.004161585420370102,0.004471536235097383,0.004591948017850518
4428,0.004362957661764489,0.004234637804329395,0.004484407108649612,0.00456813860796392
4429,0.004523772566786243,0.004805321637541056,0.00448266512138976,0.004568099194392562
4430,0.0047021195002728035,0.004616445656865835,0.004468869288472665,0.0045687693055719136
4431,0.004696967732678685,0.004547405168414116,0.004447530837439828,0.0045448172722011805
4432,0.004495860436517331,0.004410329982638359,0.0044323178953594635,0.004527648299559951
4433,0.004276786692854431,0.004090772680938244,0.004434458679250545,0.0045121389437466864
4434,0.004324990859669116,0.004069726299494505,0.004446446239244607,0.004503331213817001
4435,0.004923296981594629,0.007598032206296921,0.004439214555794995,0.004518575372546912
4436,0.004511238418312536,0.004055281225591898,0.004437206409912971,0.004532035837322475
4437,0.00446359843429592,0.004928933978080749,0.004424400273834666,0.004562593612447381
4438,0.004427802027720544,0.006335032461211085,0.004422549428708023,0.004650352368876337
4439,0.004225428007129166,0.004694098960608244,0.004442201455144419,0.004668602989241481
4440,0.004768999362778333,0.004249623380601406,0.004445157361403108,0.004693183317780496
4441,0.004478825993008083,0.004153533186763525,0.004449586404942804,0.004705058445036411
4442,0.004092505792569783,0.004227162972092628,0.004443489572302335,0.00467471162378788
4443,0.004119000243436959,0.004032054468989372,0.004422236583257715,0.004651401528716087
4444,0.00420931532047689,0.004039225056767464,0.004398823132883345,0.004628115481138229
4445,0.004543679169275694,0.0041847402416169644,0.004388121406547726,0.004612014593929052
4446,0.0047522231150004595,0.00407453441992402,0.004388821125216782,0.004608603805303573
4447,0.00424459339119494,0.004545183992013336,0.004381018678492141,0.004602320428937674
4448,0.004226266948713197,0.004544556513428688,0.004352006411780085,0.004455715616792441
4449,0.0042921261261734695,0.005067033870145679,0.004340603874603079,0.004455006679147482
4450,0.0042388124753617576,0.006416403725743294,0.00433152284272429,0.004448578539863229
4451,0.004837311367607779,0.004633419420570135,0.004328534091139832,0.00435917919613421
4452,0.0043904554098844525,0.004776093633845449,0.004331955847640832,0.004329449002817274
4453,0.004473683750256896,0.00453151598572731,0.0043031036997007,0.004332961035147311
4454,0.004371351750774516,0.004046651106327772,0.004288478566830357,0.004328226883336903
4455,0.004170794774157305,0.00403369328007102,0.004299442397016618,0.004323917124792934
4456,0.004111631473319398,0.003965253978967667,0.004310330985176068,0.004355175372585654
4457,0.004228317278126875,0.004007807802408934,0.004334678810690013,0.004347971372678876
4458,0.004294279659580853,0.004005502965301275,0.0043166427884871765,0.004336573552712798
4459,0.004129929691553116,0.003912641890347004,0.004295356622379687,0.00433395330272615
4460,0.004197990313793222,0.003932911902666092,0.004295423922853338,0.004311595448106528
4461,0.004226174988887377,0.004037557784467936,0.0042913092114859165,0.004308542603626848
4462,0.0042365726373261876,0.004768230495974421,0.0042915948330528204,0.004297532122209669
4463,0.004353083238109118,0.004100048867985606,0.004314553580184777,0.004194549110159278
4464,0.004310971919654144,0.003950844127684832,0.0042857092788236,0.004175420861691237
4465,0.0040476956642750235,0.00433742418885231,0.0042850240625441054,0.004140070186927914
4466,0.004113197671249509,0.004035179391503334,0.00428138305015034,0.004167106352746487
4467,0.00436660154722631,0.004119419008493424,0.004268552942242886,0.004158090353757143
4468,0.004391214947423173,0.004813510663807392,0.004265631590348979,0.0041555701352655895
4469,0.004818010958325532,0.0038591250590980053,0.00426366861253563,0.004153869094699621
4470,0.004092778614204791,0.0038997947424650194,0.004258289236637454,0.0041666634730994695
4471,0.004220068962313235,0.0040090281702578065,0.004258567283406026,0.004174475558102131
4472,0.004246275903036197,0.003986237626522779,0.004265737000500989,0.004171048009395599
4473,0.004123399164527654,0.004468235401436687,0.004263041976984176,0.004168489044159651
4474,0.004299266665346093,0.004791771834716201,0.0042629487379764516,0.004194199182093143
4475,0.004812781153660682,0.0038418284244835376,0.004276804080212281,0.004158215035870672
4476,0.004116203833578361,0.0041552132088691,0.004261308189688457,0.0041495443157851695
4477,0.0043733250028971165,0.0038923267647624016,0.0042512170667449636,0.004192974093556405
4478,0.004382658440412746,0.005207420131191611,0.004259546033748322,0.00417032307162881
4479,0.004050599053088162,0.003821251131594181,0.0042538870873136654,0.00417019177749753
4480,0.004097760976809595,0.003970687817782164,0.004238575414857931,0.00416262185536325
4481,0.0040625570279856525,0.003922727964818478,0.004225479381179644,0.004145054312050343
4482,0.0040938328806724815,0.004327667262405157,0.004202431551843054,0.004143578259646893
4483,0.004301230828795168,0.004200805090367794,0.004196067764754925,0.004139627784490586
4484,0.004309172618927227,0.003826953172683716,0.004186835425098737,0.004167587547376752
4485,0.004130614725872874,0.0038689377717673777,0.004172433586625589,0.004238523860275745
4486,0.00422384401369426,0.004680311232805252,0.004165950317722228,0.004226605505496264
4487,0.00458295619322194,0.0038686268404126167,0.004163282212904758,0.004187971364334226
4488,0.0039656859750135075,0.0038832808658480645,0.004125809403301941,0.004184445794299246
4489,0.0040586938460667925,0.005036588571965694,0.004116547182574869,0.004184644354507327
4490,0.004255919839358992,0.0037711486406624317,0.004105034323616161,0.004196689239889383
4491,0.00397172401038309,0.00403189703822136,0.004091973337034385,0.004152442845329642
4492,0.003983809735832943,0.003930170955136418,0.004089415566292074,0.0041555837683379645
4493,0.004063814105466008,0.004374322080984712,0.004084959340716402,0.004155661816895008
4494,0.004241815224910776,0.003822223749011755,0.004083484783271948,0.004153523215651512
4495,0.003933683937001559,0.0038010328635573387,0.004084717950845758,0.004139269234612585
4496,0.003989260470908549,0.004708022242411971,0.004067322106783589,0.004128507524356246
4497,0.0038862299412075014,0.005759645448997617,0.0040604939043107965,0.0041547677490860226
4498,0.003961317441943619,0.004170276531949639,0.004059593731164933,0.004152570899948477
4499,0.004232564044909345,0.0038259183056652546,0.004054311643561555,0.004115385035052896
4500,0.003875960913590259,0.0037536891736090184,0.004035465792835587,0.004121841842308641
4501,0.003884648315401541,0.004160177214071154,0.00404642068385664,0.004217577868327499
4502,0.004085503528929419,0.004193448899313807,0.004039848556348848,0.004176425170525909
4503,0.0040561337758683496,0.0041012602671980855,0.004024232024637362,0.004179440581798553
4504,0.003986654784530402,0.003899774206802249,0.004016449458379713,0.00418245640322566
4505,0.003986355337417788,0.00397263903170824,0.004012824014470809,0.004172687471285462
4506,0.004025693091874321,0.003869262933731079,0.004006791132585043,0.004192469665408134
4507,0.004124662070017722,0.0039713177364319565,0.003989966781396005,0.004215186837688088
4508,0.003866334727240933,0.003931762333959341,0.00398691011702435,0.004206463624909519
4509,0.004138467557107409,0.004483458790928125,0.003980813291648197,0.004229710252583026
4510,0.00410811039722628,0.003814016543328762,0.003981431492811277,0.0041432773228734735
4511,0.004091791823609836,0.003750664610415697,0.00397370624213169,0.004121635354310274
4512,0.0041118099250727225,0.00403004702180624,0.003955226670350465,0.004123577314242721
4513,0.004239558250539833,0.006276681516319513,0.003955088890902698,0.0042159840390086165
4514,0.003894390658371978,0.004007771126925946,0.003952024990465078,0.0042166328728199
4515,0.0038655065465718506,0.0038465339224785567,0.003944365891007086,0.004211708868294954
4516,0.0037771598539418643,0.004107292573899031,0.0039317272790397205,0.004197274072468281
4517,0.0038931736381103595,0.00368594765663147,0.003922391197188861,0.0042265812095254665
4518,0.003912992058321834,0.0048688769340515135,0.003923821550711162,0.004219427291676403
4519,0.0038212064451848466,0.004390153056010604,0.003923309977249139,0.004260121286287904
4520,0.003857267327710158,0.003582952544093132,0.003909903349830872,0.004261033248156311
4521,0.0038368398365047243,0.005289187934249639,0.0039012545181024406,0.004251003786921502
4522,0.0039016849702845015,0.0035988222062587737,0.003888893298287358,0.004238115185126662
4523,0.0037681861749539773,0.0036292273178696634,0.0038787442001824574,0.0042405265033245085
4524,0.003770574750378728,0.0038744673039764164,0.0038674710944708846,0.004242514077574015
4525,0.0038725164273960724,0.006063857292756439,0.003851681616674695,0.004244609320163728
4526,0.003808050804461042,0.004176398059353232,0.0038400287690055043,0.004144557213038205
4527,0.0038940260424796076,0.004070348786190153,0.0038384366393710177,0.0041590556677430866
4528,0.003740168476684226,0.003740390371531248,0.0038359779401164916,0.00415100224763155
4529,0.003753252738258905,0.004632452633231878,0.003846843307403227,0.004126825004070998
4530,0.004022114175475306,0.003793791085481644,0.0038450118641679487,0.00414823191612959
4531,0.004012903755323754,0.0048866127990186215,0.0038449524694639777,0.004092946376651526
4532,0.0037894963845610617,0.00399411678314209,0.0038437585299213725,0.0040783947385847575
4533,0.0036501139340301353,0.0036810258030891417,0.0038493507440098456,0.004087275223433972
4534,0.0038294370617303584,0.004161243746057153,0.003852924707718193,0.004013916433602572
4535,0.003854382944603761,0.0038742994982749225,0.0038475526963878,0.004034534084796906
4536,0.003809964180820518,0.003800353966653347,0.003852487524412572,0.0040323026843369
4537,0.003717072980167965,0.004082428086549044,0.0038598318749210898,0.00403020093254745
4538,0.003948237058810062,0.003775378838181496,0.0038505131252937847,0.0039317433893680575
4539,0.0038545874175098206,0.004370232494547963,0.003841599284402198,0.003912860565260053
4540,0.0038040390652087,0.003645198419690132,0.0038334339543763135,0.003892836471647024
4541,0.004048794036110242,0.0035028614848852157,0.0038296220840679275,0.003936380305513739
4542,0.003847387557228406,0.004221120458096266,0.003836056572643833,0.003890620851516724
4543,0.003911507190722558,0.003486738447099924,0.003831299596869697,0.0038819038294255733
4544,0.003791357956619726,0.0040263621043413874,0.0038245213138250016,0.003847450560703874
4545,0.003997072679921985,0.003804964665323496,0.0038263945589980318,0.0038363014139235025
4546,0.003926188929213418,0.0034552181884646414,0.0038263924417913783,0.0038356077708303934
4547,0.003767384687024686,0.004114263486117125,0.0038255454527938533,0.003809348870441318
4548,0.003891556875573264,0.003573442306369543,0.003825256825621343,0.0037922480333596477
4549,0.00395418351309167,0.0038219235092401506,0.0038147342664189635,0.003779769529774786
4550,0.0036395476867134373,0.003602418713271618,0.0038126529809397957,0.003783652987703682
4551,0.0035852047821713817,0.003704327456653118,0.003797778192027989,0.00377933543920517
4552,0.003689892791832487,0.003569746445864439,0.0037971858081614807,0.003757540360093117
4553,0.003644871718974577,0.004828986218199134,0.0038045862028892666,0.003775165259838104
4554,0.003914114952656544,0.0034884662833064794,0.0037928184543529315,0.003783706806972623
4555,0.00390318978112191,0.0035758655332028865,0.0037890527725116248,0.0037494490679353476
4556,0.003843446679206358,0.004025281080976129,0.0037852751817036836,0.003746505839005112
4557,0.0038363275138868225,0.003715388113632798,0.003778346037440416,0.0037291082959622144
4558,0.0036500610038638116,0.0036636847257614136,0.0037817487112660375,0.003737948906049132
4559,0.0038082623367922176,0.0035047712363302707,0.003767955411008249,0.003760439515858888
4560,0.003847167265291015,0.0034467785712331534,0.003769775233159049,0.003801416956633329
4561,0.0035469002007610267,0.0034883913770318033,0.0037597697904850876,0.003853864888846874
4562,0.003665040843188763,0.004179514534771442,0.0037435348808248013,0.003882712044194341
4563,0.0035763673360149064,0.003667440125718713,0.0037420860383763086,0.003874767326936126
4564,0.0038397778208471007,0.00382535551674664,0.0037478682100048496,0.0038804099902510643
4565,0.003989048933403359,0.004085820913314819,0.003741642239162077,0.0038795572631061077
4566,0.0037546003227018647,0.0037164001632481814,0.0037376330269811055,0.0038326992589980363
4567,0.003753245511195726,0.003364676982164383,0.0037228173496615556,0.0038853076357394456
4568,0.0038170674205240274,0.0034131577238440515,0.003711870381981134,0.003874903489276767
4569,0.0036181293500380384,0.003591423528268933,0.003701370361861255,0.003844803323596716
4570,0.004082139525562525,0.004025979917496442,0.0036915058038300935,0.0038293836548924445
4571,0.003581356422768699,0.004017483433708549,0.0036907300963169992,0.0038253352902829644
4572,0.0038128802407946852,0.005138699505478144,0.0036856908497711013,0.003821548337489366
4573,0.003641420808724231,0.004884640611708164,0.0036730438713398236,0.003857825885340571
4574,0.003548310771584511,0.004543102392926812,0.003673154156655073,0.003881120282039046
4575,0.003603326625501116,0.003403800781816244,0.0036710494245092073,0.0038448211524635544
4576,0.0037297590728849173,0.003845394039526582,0.0036684588327589966,0.0038977949157357203
4577,0.0035342435207631855,0.003548428267240524,0.003655690374515123,0.0038842313524335616
4578,0.0035446414144502747,0.0036575361154973507,0.003640645554661751,0.003850953361019491
4579,0.0035437230196677977,0.004803675701841712,0.0036341528632574615,0.0038316672310233107
4580,0.003629515589111381,0.003315761871635914,0.003655316794539492,0.0038280154138803477
4581,0.0035809461762093837,0.0032727769389748573,0.003646409996930097,0.0038212871059775354
4582,0.0035897135631077818,0.003329896396026015,0.003643466025549505,0.003821619123965502
4583,0.0036306683160364627,0.003562475610524416,0.0036212833746025962,0.003815759161114693
4584,0.0036822811731447775,0.0034100974164903166,0.003616205527302292,0.0037848832178860913
4585,0.00353099280450907,0.004353717267513275,0.0036071715035372316,0.0037078358717262754
4586,0.0035496573336422444,0.004070751294493675,0.0036036431296832035,0.0036443383328616623
4587,0.0036124225395421186,0.003272036295384169,0.0036111347041196296,0.0035918874371796855
4588,0.003511602542259627,0.0049917842075228695,0.003606930365620388,0.0035911922488361604
4589,0.003520566364750266,0.0034862664341926575,0.003602782346349624,0.00359516428411007
4590,0.0036129284370690585,0.003253871127963066,0.003601274450620016,0.0036137898001819854
4591,0.003592283037594623,0.003234246913343668,0.003606319801840518,0.0035981985703110704
4592,0.004282343793246481,0.003273381553590298,0.003612767398812705,0.0035326719779521236
4593,0.0035943974802891414,0.0032449500262737275,0.003603143049652378,0.0036045592587441214
4594,0.0035445300655232537,0.0035997239779680967,0.0036026736636128698,0.003623462500423194
4595,0.0035275732518898115,0.0038794808462262152,0.003603083595426547,0.003620626432076097
4596,0.003454410240261091,0.0032455848529934885,0.0035927730953113904,0.003608100188151003
4597,0.0035870296466681694,0.003212515851482749,0.003583870078643991,0.0036012846332043416
4598,0.003553211462373535,0.0032972021400928496,0.003578471204762658,0.0035675298865884544
4599,0.003735600132495165,0.0032318300008773804,0.0035740097692236305,0.0035464973632246253
4600,0.003498218163020081,0.0033864210732281208,0.003563343910686672,0.003545321938022971
4601,0.0036260585911158058,0.003944694921374321,0.003555667710117995,0.0034755890950560575
4602,0.0034965461275229853,0.004014066169038415,0.003568848872950507,0.003482528142258525
4603,0.0036707751949628196,0.0032677553687244652,0.0035584582901456285,0.0034770738236606117
4604,0.0037049129439724817,0.003165510892868042,0.003547705601010885,0.003518019675463438
4605,0.0033889068601032097,0.005112943891435862,0.0035179309188698733,0.0035460603062063456
4606,0.0035692115252216657,0.0037453579809516666,0.0035063816955313086,0.003560495759919286
4607,0.0035999618584497107,0.003258994687348604,0.003497803096431825,0.0035454719878733163
4608,0.0033729058131575585,0.0032493195123970506,0.003494375609192583,0.0035410590454936037
4609,0.003459705756459799,0.0032397085428237916,0.0034956934103949197,0.003539923958480359
4610,0.003396020957475735,0.003509848602116108,0.0034875395773185623,0.003535916712507606
4611,0.003438121445166568,0.0035449382103979587,0.0034782473201966954,0.0035552113045006994
4612,0.0033457760761181512,0.003242650665342808,0.003465587532747951,0.003550743687897921
4613,0.003319697528042727,0.0032484631333500147,0.0034594583937484352,0.0035384056590497493
4614,0.003850095435563061,0.0036597426142543554,0.00344983529376073,0.0035065346959978344
4615,0.0033531638669470946,0.0031175131630152464,0.0034413595083893998,0.0034699664521962406
4616,0.0033234658092260363,0.004257893208414316,0.003430473321324421,0.003497125042229891
4617,0.003537976739721166,0.003974397322162986,0.0034163164155557742,0.003510778252035379
4618,0.0033056668968250353,0.0036058363690972327,0.0034150301031768316,0.0034556136585772034
4619,0.0033300650880361596,0.0032241296768188476,0.0034126189720506466,0.003430886736139655
4620,0.003441886070908772,0.0037691572867333887,0.0033979346583079954,0.0034296007093042136
4621,0.0034873552703195147,0.0032172076776623725,0.0033928741010733772,0.0034267818614840506
4622,0.0033831838197592233,0.0031123347021639347,0.003381224144581291,0.003420118620619178
4623,0.0033209050343268446,0.003779566939920187,0.0033852215719926684,0.0033995856519788512
4624,0.0034191054462765656,0.0031201395858079196,0.003381814006550444,0.0034630393892526633
4625,0.0033449896880322033,0.00307797035202384,0.003388522132568889,0.0034692965857684613
4626,0.0033854810914231673,0.0031479208450764418,0.003389889032435086,0.003462593675032258
4627,0.0032846514932397338,0.0030998600739985706,0.0033706581636435452,0.0034518081493675706
4628,0.003398620518338349,0.003946720119565725,0.0033683604401432803,0.003555265487357974
4629,0.003350990299756328,0.0035068411380052567,0.0033660131572849222,0.003515548126399517
4630,0.0033567490506296355,0.00373382905498147,0.0033589591800752606,0.0034755813650786875
4631,0.003508933247067034,0.003127184920012951,0.0033599003646522757,0.003451487848162651
4632,0.003232854014883439,0.0032268440164625644,0.0033612670590273197,0.003472876800596714
4633,0.0032463918822920983,0.0031788483168929817,0.0033583106803604292,0.0035161172544583676
4634,0.0031684568441576427,0.003073127521201968,0.003358577019038299,0.003599786910973489
4635,0.0034959566427601708,0.0029965243861079217,0.0033568935822902452,0.0036450946187600495
4636,0.0033529323091109594,0.005131281642243266,0.0033569069710663616,0.0036189229333773256
4637,0.0035134792265792687,0.003399080578237772,0.0033481072174592146,0.003621805671788752
4638,0.003353870024697648,0.0030808903649449347,0.0033503261516905493,0.003714269491843879
4639,0.0033693237157745495,0.0033901044726371765,0.0033495818144745294,0.0037249455058947206
4640,0.003295720779440469,0.005703946612775326,0.003360493766826888,0.003741009517945349
4641,0.003264783737767074,0.0032649591844528913,0.0033554059153836635,0.003705229559727013
4642,0.003361627309479647,0.002975228289142251,0.0033453903344977235,0.0036869814002886414
4643,0.003329196511250403,0.0030034984461963176,0.0033382240027603183,0.003676703575812281
4644,0.003364232447412279,0.0037588534876704218,0.0033261913206635253,0.003685774452053011
4645,0.0033679766042364967,0.004850168633274734,0.0033371992653649716,0.003675393208675087
4646,0.003494013737266262,0.005308949090540409,0.003329173656139109,0.003668527343310416
4647,0.003341097901057866,0.004245027396827936,0.0033312520900948186,0.0036742049599066385
4648,0.003321239753729767,0.003125274805352092,0.0033215145579228804,0.0036729237070307146
4649,0.003199111606097884,0.003192208046093583,0.003309387795130412,0.0035978297175839544
4650,0.00340046304381556,0.005389565853402018,0.0033005248577644432,0.0036331061640754343
4651,0.003366872661022676,0.003414821196347475,0.00330782145212094,0.0036498184138908985
4652,0.0035574503020486896,0.003501460375264287,0.003303667209628556,0.0036546194797381763
4653,0.003271424232257737,0.0030522211641073227,0.0032942468732595448,0.003545434517227114
4654,0.003100600777607825,0.0030506371520459654,0.0032955779117014674,0.0036154564123600727
4655,0.0031775907571944925,0.003476883443072438,0.003298848039718966,0.0036120221719145775
4656,0.0032081161946472194,0.0033539568260312082,0.0032888891474447323,0.003608749459683895
4657,0.0035080526324195995,0.0029673129320144653,0.00328053133332481,0.003611573249101639
4658,0.0030457516516455346,0.003007201682776213,0.003272205392788682,0.003613433224894106
4659,0.003220417693050371,0.0032150679361075164,0.003268351206576659,0.003566196327842772
4660,0.003252518338461717,0.002964493064209819,0.003253243451006711,0.0035300279924646016
4661,0.0030497632392992575,0.0032539319060742853,0.003239982227608562,0.0035509510768577455
4662,0.0032919057924300434,0.004280991740524769,0.0032372388201662235,0.0035884711029008027
4663,0.0035362848836100764,0.0034986966103315352,0.003224094018278023,0.003487266224436462
4664,0.00326546765346494,0.0035101311188191174,0.003210086620495552,0.0034629890447482473
4665,0.0030602123702151906,0.0029743225499987602,0.0032023579339807234,0.0034900234943255793
4666,0.003298059698815147,0.005015506562776864,0.0031982200958455605,0.0034830793390050532
4667,0.003443380509917107,0.0028893722780048846,0.0031938688335526326,0.0034765743011608724
4668,0.0030802242043945524,0.0029216806404292585,0.0031902249090580478,0.003461856296099722
4669,0.0031552870944142344,0.003829448223114014,0.0031910249431721036,0.003446647728793323
4670,0.003159828090833293,0.004896668028086424,0.0031725642027333376,0.003452913721092046
4671,0.003397659081965685,0.0041280266642570495,0.0031786991957989006,0.003444140566326678
4672,0.0029634040118091637,0.003340819012373686,0.0031714484010512633,0.0034811601240187884
4673,0.002989709168776042,0.003648351915180683,0.0031680958298552367,0.003473942659795284
4674,0.0031305264200394353,0.004130208697170019,0.0031651507543813853,0.0034620109248906373
4675,0.0030718429966105354,0.0028594438917934895,0.003165900172686412,0.003413075344637036
4676,0.0030166877164608903,0.0028078917041420935,0.0031433929665635038,0.0033934329707175494
4677,0.003364233139177991,0.004177321614697575,0.0031394036504129572,0.003384122767299414
4678,0.0031679782788786625,0.0028786172810941935,0.003140347405026356,0.003379140442237258
4679,0.002991819220284621,0.0028880112059414386,0.0031289534403218166,0.003288588041625917
4680,0.0030864926448298823,0.0031089333165436983,0.0031133388163107965,0.003290069159306586
4681,0.0032281170474986235,0.0029737426433712245,0.003120381268341508,0.003304278245009482
4682,0.003046534121450451,0.003123962739482522,0.003125193915495442,0.0032661189073696726
4683,0.0031991264782845973,0.002787872813642025,0.0031233474334287975,0.003200064063630998
4684,0.003039147824359437,0.0041405568784102795,0.003111607569269836,0.0031809101067483423
4685,0.00316870405856106,0.002784056458622217,0.003122325125108991,0.00316411127820611
4686,0.002976136352452967,0.0029556385334581136,0.0031173000274226075,0.003147314495593309
4687,0.003310641250055697,0.003057602234184742,0.0031245719614542197,0.003093238022178411
4688,0.0029736047305373684,0.0030076372623443603,0.003127911077563962,0.0031202288039028636
4689,0.003165734749701288,0.0032773760333657267,0.0031446748575402637,0.003127095709741115
4690,0.0030838062355501785,0.002849764423444867,0.003135065841488541,0.0030674414869397877
4691,0.003013210581201646,0.0027516965474933385,0.003128528959366182,0.0030912354759871957
4692,0.0030530149096416105,0.0029264002200216055,0.0031446704458238358,0.003130830548144877
4693,0.003256285505162345,0.0032769077830016612,0.003140893671433959,0.0031135199503973124
4694,0.0032756032732625803,0.002875464782118797,0.0031266376888379457,0.0031396879300475116
4695,0.003113666039167179,0.0032452969346195458,0.003125083029539221,0.003212785093486309
4696,0.0031041624779916473,0.003649177742190659,0.003115952965016994,0.003228412996605038
4697,0.003231342907788025,0.002920848298817873,0.003117627066332433,0.0031773690758273004
4698,0.0028640817266164555,0.003228432349860668,0.0031053092301305796,0.0031806433113291854
4699,0.003312324770829744,0.0027782968617975712,0.003101800298649404,0.003170176272280515
4700,0.003155320899354087,0.0035342134349048136,0.0030839110944006183,0.0031548848876729613
4701,0.0034357822158684334,0.0029795643500983714,0.0030810709121533563,0.003140167492069304
4702,0.003124007737884919,0.002685966044664383,0.0030679857089908587,0.0031249712390825153
4703,0.0030045562258197204,0.003473467007279396,0.003068359084655014,0.0031415252106264235
4704,0.003395356381725934,0.0038778880098834633,0.0030616729185192117,0.0031412767207250002
4705,0.002992073285082976,0.0026761683728545906,0.0030541285217429203,0.003182776861079037
4706,0.0028717174825982914,0.00362794213462621,0.0030430224093505077,0.0032803545208647845
4707,0.0030076676389823357,0.004951391825452447,0.003033713202551007,0.003273258893378079
4708,0.002970874865228931,0.003178570391610265,0.0030257689527132445,0.0032496942890807984
4709,0.0030810003572454055,0.002864458858966827,0.0030306749551453523,0.0032120087813585995
4710,0.0028607581535147297,0.0028659123461693527,0.0030158016124740244,0.0031998873636126515
4711,0.0028884130654235683,0.0026939625572413206,0.0030160950581232713,0.0031789258949458596
4712,0.002863411143836048,0.002675317618995905,0.0029929895738346713,0.003171147622168063
4713,0.002902600174355838,0.002639702372252941,0.0029792076937440373,0.0031616761744022366
4714,0.0028386046706388394,0.002897469708696008,0.002959191785007716,0.003193726699054241
4715,0.0030931406271540456,0.00326361371204257,0.002957493993391594,0.0032608931489288813
4716,0.0028460564278066157,0.002745484299957752,0.0029534066328571907,0.0032433072835206986
4717,0.0028644049902343087,0.003963903728872537,0.0029478528977268277,0.0031928871186450124
4718,0.002978632695352038,0.005716349277645349,0.0029409844547924075,0.0031881495689973244
4719,0.003042873103275067,0.002698074094951153,0.0029390103410101604,0.0031522275168448686
4720,0.0029150597932231094,0.002656181827187538,0.0029362786888662315,0.003059432050585747
4721,0.0032268125387943454,0.002707040049135685,0.002928654134356313,0.0030356293894350534
4722,0.002859509341004822,0.002617812855169177,0.0029224046896936164,0.003045930019207299
4723,0.0028714178678476148,0.0027043956331908705,0.0029200431844633484,0.0030398857405409224
4724,0.00273468766361475,0.0025838400423526765,0.002919441028456721,0.0030704270660877235
4725,0.002810773897088236,0.0032974272407591343,0.002922371160963343,0.0030710082955658444
4726,0.002935384497460392,0.0037808274663984776,0.002920153319287217,0.0032193268302828076
4727,0.0030815629474818707,0.004365127291530371,0.0029270318137378324,0.003212582632154226
4728,0.0029023722124596435,0.0030338203720748423,0.002913654303354107,0.0031845152799040077
4729,0.003256513003466858,0.002617383887991309,0.002908239915108101,0.0031751579068601135
4730,0.0028203622117224667,0.0025577296316623686,0.002902369166465683,0.0031318523447960607
4731,0.0028223646380421187,0.0027298908308148384,0.002895961947294159,0.0030101097356528043
4732,0.0029393763353841172,0.0026315051689743997,0.00289178560697991,0.0030208809923380616
4733,0.0027802610024809838,0.0025835038628429174,0.0028837855180621976,0.003018314987793565
4734,0.002924764240677986,0.0031219746032729746,0.0028623219664829476,0.0030206227064132687
4735,0.0028017205227580336,0.002714805379509926,0.0028634535686112945,0.0030330128286033867
4736,0.002873359165257878,0.0034574956959113477,0.0028587593805976213,0.0030264769278466703
4737,0.0029366644565016033,0.002689848355948925,0.002859333553692947,0.0030227735340595248
4738,0.00284715413245269,0.006347665740177036,0.002863026441085256,0.003036939685046673
4739,0.003010567031904227,0.0027288647554814817,0.0028811454339884223,0.003019531203992665
4740,0.0027587028675609164,0.0025619299057871104,0.0028816430469250517,0.002947350416891277
4741,0.002710696721656455,0.002511549973860383,0.0028813167618277177,0.002925187413580716
4742,0.0027176362741738558,0.002881264677271247,0.0028602383669569255,0.0029460297843441367
4743,0.0028184522160639366,0.002672784049063921,0.0028591701742365127,0.0029645527388900525
4744,0.0029384645954188375,0.002967355512082577,0.002855711266119033,0.002954651152342558
4745,0.0027150575702803003,0.0025920317135751246,0.002843078323050092,0.0029524141363799577
4746,0.0026902237493130897,0.0027647330146282913,0.0028377453190688456,0.0029786219704896217
4747,0.002887799394213491,0.002927565909922123,0.0028286352444336646,0.0029518707042559982
4748,0.002754063167505794,0.0025409981142729523,0.00282191685743423,0.002966716237552464
4749,0.0027490419909978908,0.002491255197674036,0.002815377064659778,0.002926262865588069
4750,0.002903096081895961,0.003651581015437841,0.0028135819571610127,0.0029540738470852377
4751,0.0033883593200395505,0.0033456154400482775,0.0028118865951688755,0.002796962434053421
4752,0.0030940032708976005,0.0025606076139956715,0.002799517529830337,0.0027860331062227487
4753,0.0028942150850262906,0.002479745289310813,0.0028008398876421983,0.002819535227119923
4754,0.0027295531316970786,0.003138443157076836,0.002809190134290192,0.0028408714862540366
4755,0.0027936573937121364,0.003020803495310247,0.00280499537922442,0.002826886647753418
4756,0.002735891935105125,0.00248235116712749,0.0028059083382288618,0.0028155258717015392
4757,0.0026235527586605813,0.002575579769909382,0.0027961599519683257,0.002802457461319864
4758,0.0026469359029498364,0.0032386997155845164,0.0027933720079975,0.002803344176150859
4759,0.002697012374798457,0.002453192947432399,0.0028018724383579363,0.0028077019430696967
4760,0.0026337608477721612,0.0030859437119215728,0.0027905279094974206,0.0027989257115870717
4761,0.002709864345896575,0.0024461613968014715,0.002788739957453477,0.0027943583454936743
4762,0.0028917867690324782,0.0033851228933781384,0.00278669500063277,0.0027919917088001967
4763,0.0028047700826492575,0.0024198804143816233,0.002780898020147449,0.0027572547268122434
4764,0.0027013403984407582,0.002455631559714675,0.0027652645436632966,0.00271956360694021
4765,0.0027917618128574556,0.0033994829282164574,0.0027529326458461583,0.002745234689116478
4766,0.002919452887856298,0.003044956452213228,0.0027374191622456744,0.0027430383022874595
4767,0.002612767397529549,0.0025316437147557738,0.0027347250597241027,0.0027114786926656963
4768,0.002841276191174984,0.0023887646477669475,0.002735816688701097,0.002687499989010394
4769,0.002694754938905438,0.0026406452525407076,0.0027305270100115905,0.0026852692821994427
4770,0.002645358971009652,0.00261419958434999,0.002732129388954491,0.0026782767353579406
4771,0.0029027345083240006,0.0028736771875992415,0.0027331542115348086,0.0026464727768674493
4772,0.0026041861727005905,0.002708160122856498,0.0027318273431000606,0.0026422422347590333
4773,0.0027093643664071955,0.0024268139619380235,0.0027305310973380174,0.0026127840219065546
4774,0.0026979180704802277,0.0024320892803370952,0.0027300052272466323,0.00261235162820667
4775,0.0027581715697629584,0.0027831564657390118,0.0027247365259565415,0.0025709844952449203
4776,0.0029975224079357254,0.0024033374432474376,0.0027162123533690146,0.002568762037716806
4777,0.002785705825469146,0.0032023846684023738,0.0027064325522734895,0.002581592374294996
4778,0.0025063779950141906,0.002424835618585348,0.0027003130574710676,0.0025416613556444646
4779,0.0026622005686577823,0.0023494529165327548,0.0026930474729484157,0.0025515090698376296
4780,0.0028209481181369887,0.0024213359039276837,0.00268608716254433,0.002541774482838809
4781,0.002603649967867467,0.002426583496853709,0.002669075000493063,0.0025515787603333593
4782,0.002663612232233087,0.0024007660988718273,0.002664969399488634,0.002541307638026774
4783,0.0026725564674577778,0.0024436007533222438,0.0026560569235020213,0.0025331360617652536
4784,0.0026638406639297803,0.002347429394721985,0.002641743362177577,0.002515683439001441
4785,0.002601354703721073,0.002349488390609622,0.0026491594514292146,0.002500568738207221
4786,0.0026967175936119425,0.002435351554304361,0.0026396792093705797,0.002497035292908549
4787,0.0027600692367802065,0.0023509445693343876,0.0026362485750474865,0.002490613625198602
4788,0.0025916657679610784,0.0023643189761787652,0.002628723513252205,0.002484211573004722
4789,0.0024568453710526227,0.0027763899741694333,0.002611787941224045,0.0024817882254719735
4790,0.002638774442796906,0.002401207461953163,0.002603205236575256,0.0024491137722507115
4791,0.0027378132747900154,0.0032911493070423604,0.00260479449485946,0.002460578544437885
4792,0.002438759637427413,0.002288279039785266,0.002599341775735633,0.0024779141470789912
4793,0.0024159721398933067,0.0026338715851306916,0.002584267760864977,0.002470664041861892
4794,0.0025921149137947295,0.002383867194876075,0.0025742528377928667,0.0024637630090117452
4795,0.0024225470713443225,0.0024099101778119803,0.0025632246134388776,0.0024613932352513072
4796,0.0025448954752128987,0.002437361618503928,0.0025554664207208485,0.002466342766210437
4797,0.002789588403991527,0.0023302926030009984,0.0025527626946775447,0.002477718293108046
4798,0.002472358314941327,0.0023384778294712307,0.0025468668047338725,0.0024945036707445982
4799,0.002612152212402887,0.0022715475875884294,0.002542969920486212,0.0025140245033428072
4800,0.0025700450248809324,0.00262310516089201,0.002535587531907691,0.002563499801605941
4801,0.002574133107231723,0.002342753754928708,0.0025338431781571774,0.002574000615999103
4802,0.0025711382092494105,0.0023855233378708364,0.002543271372984681,0.0025721555069088938
4803,0.002546109452119304,0.0027114549232646824,0.0025385900342836977,0.002569808034971357
4804,0.002525882590562105,0.002782842982560396,0.002529887720445792,0.0025440743915736675
4805,0.002444097746370567,0.002240083273500204,0.0025318639710855987,0.0025609466690570118
4806,0.002353276891064727,0.002254057675600052,0.002531693208910939,0.00254462283924222
4807,0.002387906623383363,0.002341521754860878,0.002523777114175674,0.0025487063923850654
4808,0.0024786016495070523,0.002567339027300477,0.002522021069864018,0.0025411216849461193
4809,0.002596247512847185,0.002631817567162216,0.0025149216685133673,0.002537217477150261
4810,0.002453957455129259,0.0027691228315234184,0.002499683826841,0.0025311319576576353
4811,0.0025992954874204267,0.002923372369259596,0.002494360705475426,0.0025269158670678735
4812,0.0025755095223171844,0.003587827025912702,0.002481986506210847,0.0025911798391491177
4813,0.0025480569241982365,0.0026268393360078333,0.002483872017502371,0.00258177271001041
4814,0.0026925502417402135,0.002730262246914208,0.002489510881973224,0.0026067332476377492
4815,0.0025217409752723245,0.0023425206635147335,0.0024872253701608217,0.0026054539667442447
4816,0.0025202554288423725,0.002647808222100139,0.0024853355001554726,0.0025992325397208335
4817,0.0024881659034225677,0.002710085976868868,0.002481522067356855,0.0025789575284346942
4818,0.002411703085526824,0.0022257758397608994,0.0024945688913369343,0.0025767076117917905
4819,0.00239421254541311,0.0024859560234472156,0.0025023279785696003,0.0026286936771124612
4820,0.0023786459635529254,0.002220292491838336,0.0025014336838283468,0.002621252818778158
4821,0.0023674104414466357,0.0023397564236074687,0.0025025105621872675,0.0026057338949292907
4822,0.002408642362182339,0.0021781546156853437,0.002502461029175255,0.002594859475456179
4823,0.002339280280801985,0.002233075564727187,0.0025007290613527095,0.002570194271020592
4824,0.0023027972307884032,0.0038781468896195294,0.002488960389606654,0.0025681363079696896
4825,0.002617182807169027,0.002387926932424307,0.0024810102270916103,0.002513502165861428
4826,0.0027151047190030414,0.002966767195612192,0.0024784779566236668,0.0024965207720175383
4827,0.002514000413939357,0.002353541315533221,0.0024637222690714732,0.0025033326869830486
4828,0.002498862701985571,0.0025559192476794124,0.0024545685952322353,0.002496275954507291
4829,0.00243054677059667,0.002275967700406909,0.0024556337932124736,0.0024766395671293145
4830,0.0027702683458725613,0.002183835357427597,0.002454498259723187,0.002453677690215409
4831,0.0025472540718813738,0.003553709308616817,0.0024502147547072837,0.002448363654501736
4832,0.002365549254852037,0.0021555002965033053,0.0024524466431803177,0.0024335055552422995
4833,0.0025055236084800627,0.0021793659310787917,0.002462297036622962,0.0024569393955171104
4834,0.002595009187546869,0.002359957080334425,0.0024571821628138427,0.0024480815358459943
4835,0.0024106582595656316,0.002152492720633745,0.0024517843930878577,0.002447407632321119
4836,0.0023050786937690443,0.0028719232929870484,0.0024506030301253007,0.002456699130311608
4837,0.002376755459441079,0.0022219734732061625,0.0024526451893978653,0.0023867443060502412
4838,0.0024847501624996465,0.0022023044899106025,0.002443570140004158,0.002376556945033372
4839,0.0023236580529353685,0.002900560121051967,0.002434465324257811,0.002344130918569863
4840,0.0022928991292913755,0.0021661023516207933,0.0024215663524551523,0.0023337203737348318
4841,0.0025468853783483306,0.0021568985376507043,0.0024134966737487254,0.002337225035578013
4842,0.002459777566190395,0.0021360390540212395,0.0024158063402606386,0.0023283316887915133
4843,0.002304615460129248,0.0020929249469190834,0.0023943647898112736,0.0023272678304463628
4844,0.0024500097572389577,0.0021145035419613124,0.0023801847017473647,0.0022684475729241975
4845,0.002624905799619026,0.002806138498708606,0.0023817980501179897,0.002263311428017915
4846,0.0022395385962186588,0.002118309931829572,0.0023792343507417373,0.002261826981790364
4847,0.002273698119032714,0.0021613070275634527,0.002370766901349028,0.002247889333032072
4848,0.0023097462067380547,0.002465363014489412,0.0023602655860284964,0.002248602764122188
4849,0.0023538512126025225,0.0021292762830853462,0.0023770686042184634,0.002266260726004839
4850,0.0023903065723263556,0.002133242907002568,0.0023792912212924826,0.00228652108553797
4851,0.0024874843253443637,0.002156116534024477,0.0023774486858811643,0.002297131738439202
4852,0.0021915261188728942,0.002093277694657445,0.0023772679364101757,0.002261627866141498
4853,0.0022971207343248858,0.0026435357937589286,0.0023804315588126577,0.0022903306240215898
4854,0.002488288433394498,0.0020536340307444334,0.002368918418366876,0.0022840451458469037
4855,0.0022342295846384435,0.0021572388987988233,0.002361025038734079,0.0022837264632806185
4856,0.00219275187028365,0.0020832028705626724,0.002356782994129592,0.0022871176278218626
4857,0.0024058829641176597,0.002027096673846245,0.0023446732493945296,0.002293122240342199
4858,0.002441431124073764,0.0021422547753900288,0.002329261965615054,0.0022684911509975787
4859,0.0023833229527291323,0.00201151586137712,0.0023364527767317164,0.0022624925425276158
4860,0.0021481253765523434,0.0021703284978866577,0.002336941351845033,0.0022551166949793693
4861,0.002725154148518211,0.00331337234005332,0.00233119554873556,0.002236327286995947
4862,0.0024323208862915635,0.0027284824615344404,0.002330506900532379,0.00223307104986161
4863,0.0024386867772166927,0.0024675708124414085,0.0023259425703022222,0.0022272313242778187
4864,0.002319139316160646,0.0020129633136093616,0.00232630378490107,0.0022199216468259697
4865,0.0023719896893534395,0.002883671298623085,0.0023268069267272954,0.0022220570566132665
4866,0.0022590568672037786,0.0019997615832835435,0.002328593810171717,0.0022372855802997946
4867,0.0022624430753704575,0.002128071989864111,0.0023150701786287956,0.0022328357765451076
4868,0.0021985643450170757,0.0021777040604501964,0.002314603811626633,0.00224093319978565
4869,0.0021472661388624048,0.00226461885496974,0.002313194136011104,0.002274929860420525
4870,0.0022396237051321402,0.002190361265093088,0.0023074452185382448,0.002272478785179555
4871,0.0024193088741352163,0.0019683447200804947,0.002304872338763542,0.0022651762897148726
4872,0.0022859124968656235,0.001976910838857293,0.0022948065427856315,0.002263391341082752
4873,0.0021661011290012135,0.001995627814903855,0.002296995987701747,0.0022605067761614916
4874,0.002336635007523,0.0020478703547269104,0.0022735087599087913,0.00222626623865217
4875,0.002276198316572441,0.001987249767407775,0.002265489193869547,0.0022016478249803186
4876,0.0024965146903155578,0.0019733745977282523,0.002258516070257044,0.0021803938888013364
4877,0.0022041046645285356,0.002146662939339876,0.0022581718739018673,0.0021986168494448066
4878,0.002341792820435431,0.003024248885922134,0.002258027730913212,0.002164773529395461
4879,0.002150197644821472,0.0019423889368772507,0.0022559230873257755,0.002163646121695638
4880,0.0022225704095843765,0.002359674479812384,0.002251192350344112,0.0021657003730535507
4881,0.0021575099798954197,0.002933119386434555,0.00225654121046472,0.0021558543488383293
4882,0.002262160027296179,0.0019658197928220035,0.0022611298196328184,0.002159071725420654
4883,0.0023771091297061907,0.0019596923887729646,0.002256715389723993,0.0021602893155068157
4884,0.0021316780532813734,0.0019668921455740927,0.0022410823541072506,0.0021597563292831182
4885,0.00220286149945524,0.0020982143748551605,0.0022346475202900664,0.0021600757122039794
4886,0.0021379734536943334,0.0024573589023202656,0.0022353499165115257,0.0021628929376602173
4887,0.002231831735310455,0.0021130221197381617,0.0022249851589712004,0.0021753983655944465
4888,0.0022643586869041123,0.0019362224079668522,0.00222271341668028,0.0022215813828632236
4889,0.0023105344072812135,0.0024685373296961187,0.002204033569608711,0.0022235722331330186
4890,0.002368386114637057,0.0020375882973894476,0.00220011950355644,0.0022224581098183992
4891,0.0022064407775178553,0.001971576390787959,0.0021949480688302878,0.0021768739964812996
4892,0.0021441746508288713,0.0021794282738119364,0.002193178708033843,0.0021770191691815855
4893,0.0023322858480322693,0.0019315534550696611,0.002184854606673535,0.002182287217862904
4894,0.0022619813680648804,0.0023450532695278524,0.002185902786761936,0.002143380676954985
4895,0.002129262957411508,0.0022208010172471405,0.002181620007970681,0.002141578931920231
4896,0.00202848298371666,0.0019550200644880534,0.0021729259214777912,0.0021415053777396687
4897,0.0021250416514360243,0.0019848954118788244,0.00217309439431669,0.0021392403021454815
4898,0.0021836610345376864,0.0020660584513098003,0.0021756532444411683,0.0021982897914946085
4899,0.0020775160690148673,0.002360506053082645,0.002175968786763648,0.0021729249365627767
4900,0.002219404759299424,0.0031418251991271974,0.002170512527020441,0.0021626413395628334
4901,0.0020295185135263535,0.002023145854473114,0.0021655080508440738,0.0021594244362786413
4902,0.0021062530132217538,0.0021188098564743994,0.002153782865746568,0.002133809368312359
4903,0.002212506952281627,0.0018846460524946452,0.0021465172774572344,0.002134025386534631
4904,0.002105963624910348,0.0019460182543843984,0.0021397291204581664,0.0021312535762786863
4905,0.0020144678755766817,0.002491375696845353,0.0021358247976957095,0.0021323845809325575
4906,0.0021837144821054404,0.00196045586373657,0.002127365516560773,0.0021774694461375475
4907,0.002155090557514793,0.0019207761669531465,0.002119073451144827,0.00215847393181175
4908,0.0021597569673839543,0.001957853534258902,0.0021157154119677015,0.0021568227516487242
4909,0.0021358898742538357,0.0019102652557194233,0.0021215188771796724,0.0021532726954668763
4910,0.0022668327525671985,0.003574451608583331,0.002126438515540212,0.0021840691080316902
4911,0.002145862011756334,0.0018232375290244817,0.0021225153795029553,0.002174752401188016
4912,0.0020954252417302796,0.0018559321947395802,0.0021191017270398636,0.00215154200065881
4913,0.0021392467824949157,0.00185579982586205,0.0021157219205362103,0.002105424117669463
4914,0.002017404779843572,0.0018281606305390597,0.002116456536669284,0.0021009121863171457
4915,0.0021867464074037143,0.0020429887529462578,0.002113391799717728,0.0020874419333413246
4916,0.002036736852541152,0.0019022811343893408,0.002107772504320989,0.00208243618439883
4917,0.0020465665817674663,0.0022077033901587127,0.0021041814582111935,0.00207791056111455
4918,0.0021208038196588556,0.003058675085194409,0.002111085460531629,0.002053928414732218
4919,0.0020546797326662473,0.0018701654113829137,0.002116512360403107,0.002050198437832296
4920,0.002045311977983349,0.002179521513171494,0.002107720521837473,0.002043109243735671
4921,0.0021735696140159333,0.0018662686599418522,0.0021086313940377696,0.0020344203813001515
4922,0.002248032610449526,0.0027548057259991765,0.0021032629798269937,0.0020422189926728603
4923,0.0020855826336062615,0.0018331407802179456,0.0021016384783925286,0.0019684900248423216
4924,0.0019921747574375734,0.0017802460398524999,0.0020991355752365457,0.0019716395957395435
4925,0.0021349095967080857,0.0019888781243935227,0.002098240836047464,0.0019753891294822094
4926,0.0020478839168532026,0.0019103475706651806,0.0020924593082111745,0.0019715795369818806
4927,0.002029634589432842,0.0017820535320788621,0.002087015656474978,0.0019765377191826704
4928,0.002072024567363163,0.0017595023289322853,0.0020777087061458993,0.001964297022484243
4929,0.0020161874721654587,0.001832877672277391,0.002077494400346445,0.0019675084002316002
4930,0.0021870679335875645,0.0018918220372870565,0.002073294467685951,0.001965070584975183
4931,0.0023193869788924026,0.0018672064412385224,0.002071423782366845,0.0019127495259046556
4932,0.0019352945933739344,0.0017435463145375253,0.0020678873112011287,0.0019199370890855792
4933,0.0021825287723913787,0.0017406319733709098,0.0020620636963906386,0.0019191866384819152
4934,0.0020016795189844237,0.0021052305400371552,0.0020556095533900785,0.0019515486346557737
4935,0.0022262202167055672,0.0017312274128198624,0.0020434711695338286,0.0019115432115271688
4936,0.0020832894328567716,0.001901976801455021,0.002043262206328412,0.0019074383147060874
4937,0.0020730567620032363,0.0019496705383062363,0.0020436893376625247,0.001906560959666968
4938,0.0019947085865876743,0.0017605600133538245,0.002037006595192684,0.0019049348391592506
4939,0.0018813134864386586,0.001952115185558796,0.0020417246989905833,0.0018993482260033492
4940,0.00195407264917675,0.0017369713354855776,0.0020377794590675166,0.00189775566905737
4941,0.002031379207554791,0.0019825655780732632,0.0020385687548977634,0.0019553569242358217
4942,0.0019415682652551267,0.002146758008748293,0.002034820765122357,0.001949475610814989
4943,0.002074036686681211,0.00175064860843122,0.0020255787669267093,0.001944338773004711
4944,0.0019662679535233313,0.002049854490906,0.002012847412926042,0.0019361096149310471
4945,0.0018997216077211003,0.002160760248079896,0.002014780777992888,0.0019355549015104769
4946,0.0020122160390019417,0.002675318564288318,0.002005127917074909,0.0019433617858216163
4947,0.0019445730140432715,0.0017546701477840544,0.0020035847375686794,0.0019250547083094712
4948,0.002080358553470837,0.0017305183596909046,0.0019884224360291326,0.001923505919985473
4949,0.002002853040790392,0.001758312163874507,0.0019807604269331527,0.0019162017656490205
4950,0.001967841034962071,0.0019482251117005943,0.001974757276961787,0.0019212012818083167
4951,0.0021658365118006864,0.001770682241767645,0.0019736892935406,0.0019222633855417368
4952,0.0019310035913561781,0.0017422396084293722,0.0019715899725651575,0.001910109273344278
4953,0.002091756963119325,0.003199533708393574,0.0019674932888295088,0.001955220904946327
4954,0.001922487727780309,0.0016858448367565871,0.001965447736790197,0.0019534634651616214
4955,0.0019560179786963596,0.0017634010920301079,0.0019662776363806593,0.001995889101177454
4956,0.0020011031288757093,0.0016614774893969298,0.0019649072237312797,0.002025626541674137
4957,0.00198362872004509,0.0017296784790232778,0.0019610027782825962,0.002018112273514271
4958,0.0019412072494419085,0.0019358040811493992,0.0019624197648941645,0.0020002417776733635
4959,0.001963100031328698,0.001647553602233529,0.00195358814061102,0.001964312672056258
4960,0.0018471626782168944,0.0016925077047199011,0.0019492084516626268,0.0019674419600516557
4961,0.00189173920545727,0.0017193729430437087,0.0019440279267314408,0.0019790607698261737
4962,0.001922978012719088,0.002074658442288637,0.0019460318109744954,0.0019899945203214883
4963,0.001968009001058009,0.001787112606689334,0.0019399131725749209,0.001981173974275589
4964,0.0018288304620525902,0.0016482623806223272,0.001924814959646513,0.0019777336992323397
4965,0.0018516555557855302,0.0028647621255367996,0.0019222240980818041,0.00198798487316817
4966,0.0019802404065719908,0.0019386295834556222,0.0019145120277379948,0.0019443059185519816
4967,0.0019623157550166877,0.0032073989091441035,0.0019207369222202235,0.001973850007727742
4968,0.002039776370446715,0.0024940846208482983,0.0019203682070598003,0.001968720535375178
4969,0.001868656817306247,0.0018619977869093417,0.0019200513718960182,0.0019684904536232356
4970,0.0019351462730103069,0.0017139978520572185,0.0019215382173553934,0.0019834577530622485
4971,0.00179142543192332,0.0017770909238606692,0.0019185363714997136,0.0019989396534860135
4972,0.00183508079033345,0.0018329023476690053,0.0019209258982808225,0.0019975947393104433
4973,0.0019508454301911924,0.002020988604053855,0.0019174181615209417,0.0020109753640368583
4974,0.0020529501468667553,0.002031655926257372,0.0019183014667592945,0.002008640943095088
4975,0.0018148750749727091,0.0017277114605531096,0.001911470765920563,0.0019932289153337477
4976,0.0017883811885904934,0.0016846753656864165,0.0019021754512666832,0.00199675767198205
4977,0.0018662320522384512,0.0019985189568251373,0.0019024049267069335,0.0019984501156955956
4978,0.0018989552045240998,0.0021075598429888486,0.001895007102884766,0.001962924014031887
4979,0.002078110089836021,0.0024244470661506055,0.001885429645360758,0.001948918974213302
4980,0.001946800099685788,0.0016351642832159996,0.001875689117010269,0.0018822277951985595
4981,0.001993182249781158,0.0016557254455983638,0.0018627607394837674,0.0018552860315889117
4982,0.002020799856529468,0.0021038609649986027,0.0018574708262458447,0.001843688078969717
4983,0.001866161103049914,0.0023228515917435287,0.0018566706058258816,0.001837692619860172
4984,0.0020228382008564143,0.0016139307478442789,0.0018667842864472834,0.001831962456181645
4985,0.001759469259219865,0.0020270233228802683,0.0018826169263261062,0.001840109383501112
4986,0.0019138218364160922,0.0016610124194994568,0.0018760091354863516,0.001821048913709819
4987,0.0017522104917508032,0.0016893577482551337,0.0018602854495557647,0.00181463833656162
4988,0.0017356261347110072,0.0018753315228968858,0.0018529289150921008,0.0018088240537792442
4989,0.0018345673480588528,0.0016905734734609724,0.0018466321360837258,0.001804731214791536
4990,0.0016667099602313505,0.001976609583944082,0.001837221322529432,0.0017880846321582794
4991,0.0017408039684717854,0.0015885035879909992,0.0018265015828837126,0.0017670764140784742
4992,0.0017188025462544626,0.001540119433775544,0.001808615647825516,0.0017333927070721986
4993,0.0017165669322841697,0.0018205405306071043,0.001795982112373329,0.0017312803113833073
4994,0.001736408986358179,0.0015720489714294672,0.001781493290917327,0.0017283454691991212
4995,0.001915140762511227,0.0015641113743185997,0.0017658997651913927,0.0017074852062389258
4996,0.002044267447458373,0.0016338368318974971,0.0017564917896046406,0.0016778653182089331
4997,0.002230896787304017,0.0020365755306556823,0.0017408167301056288,0.0016766022639349105
4998,0.0017856506591973206,0.0015444768592715262,0.0017356764282720786,0.0016588155066594485
4999,0.0016598579986020923,0.001871391497552395,0.0017243620233506791,0.0016556691855192187
5000,0.0016309617133811116,0.0015823543909937144,0.0017195120722158916,0.001651389051228762
