epoch,train_loss,val_loss,train_loss_smooth,val_loss_smooth
1,0.21500910305314594,0.07147129237651825,0.13203211588395966,0.05558153725266456
2,0.05299829463164012,0.04419039770960808,0.1247926318128904,0.05394292234480381
3,0.04646283376548025,0.043286112397909166,0.1175071089833975,0.05226444299817085
4,0.04552268341183662,0.04252565562725067,0.11017804909878309,0.05054263447225094
5,0.044587442030509315,0.04132135108113289,0.1028081230050988,0.04878443938493729
6,0.04357561721569962,0.04028822302818298,0.09540279485682648,0.04699100333154201
7,0.04247365007797877,0.0392641681432724,0.08796649893158014,0.04516713658571243
8,0.041374650763140786,0.03793351724743843,0.08050412683718736,0.043323153778910634
9,0.04015517357322905,0.03695595994591713,0.07301460309624672,0.04145329375267028
10,0.03901178734170066,0.035546345114707945,0.065502550623152,0.03956090605258942
11,0.03777650382783678,0.0342566679418087,0.05797026930285826,0.03765192537009716
12,0.0364804777999719,0.03307975895702839,0.050414700867732365,0.035726249727606775
13,0.03526544296907054,0.031763473227620125,0.042843361694282954,0.03378645443022252
14,0.034022001276413597,0.03050591967999935,0.03525235145837068,0.0318211750149727
15,0.032871032315823764,0.029509308710694314,0.03411877703186538,0.030928933665156373
16,0.03178260593778557,0.028426079228520394,0.033228272764384746,0.03006147788167001
17,0.030760950711038376,0.02751641519367695,0.03234872253090143,0.029202036878466616
18,0.02987589934633838,0.026635391041636466,0.03148551247898075,0.028369200769066818
19,0.029101704921987322,0.025874623730778694,0.030640557064116003,0.027561341300606734
20,0.028449800693326525,0.02537172220647335,0.029815877235763604,0.02677773352563382
21,0.027771009529630342,0.02472479172050953,0.0290130329620507,0.026023228964209562
22,0.027207791225777732,0.02416159987449646,0.028236901731126838,0.025297584319114687
23,0.02670207004580233,0.023746775314211845,0.02748041635122564,0.02459523583948613
24,0.02611989217499892,0.023329401314258577,0.026752001950641473,0.02393419122695923
25,0.02572562371691068,0.022976409941911698,0.026060580671330293,0.023294418364763262
26,0.02523384715533919,0.022339306995272635,0.025391225633521877,0.022709580688178542
27,0.024658933969007597,0.02188436396420002,0.0247544072944257,0.022135419745743276
28,0.024200227078464295,0.021599717810750006,0.024145721896323892,0.02159365787059069
29,0.02353392757475376,0.021039630547165872,0.0235627163981398,0.021082453756034375
30,0.02300719073249234,0.020500448346138,0.023008567777110474,0.02059540048092604
31,0.022451731844080818,0.02009173631668091,0.022474786168005734,0.020154471179842953
32,0.02185665436916881,0.01967397376894951,0.021964178951332968,0.01972735379338264
33,0.021303543920318285,0.019070903211832045,0.021469313575906885,0.019296523848176
34,0.020751892800132433,0.01881484381854534,0.020994199761168824,0.018886055427789684
35,0.02009965284417073,0.017987633123993874,0.020534784352862174,0.018493481621146196
36,0.01956614381323258,0.017730552628636362,0.020092344704353147,0.01811236988008022
37,0.019194945817192395,0.017085437402129172,0.01966530532149805,0.017744681122899054
38,0.018531567023860083,0.01714253131300211,0.019248703129010072,0.017391665147244925
39,0.018101542799009218,0.016151896119117735,0.0188486045603123,0.017057417304813863
40,0.0176538973632786,0.015965261831879615,0.018467767835905157,0.016734975256025787
41,0.01720746848318312,0.01564597636461258,0.018102124228825178,0.01642712146937847
42,0.016907235185305278,0.015340083315968513,0.01775974389471942,0.01613531651645899
43,0.016531359118719894,0.01561215851455927,0.017431657074309062,0.015869080999493603
44,0.0163365245051682,0.015196689069271088,0.01712283756194843,0.015608130192756654
45,0.016078166307674512,0.014600973576307297,0.016833363385084604,0.015356775015592575
46,0.0158931641611788,0.014463081210851669,0.01655944389469094,0.015139269022643568
47,0.01572240601811144,0.014347254708409309,0.016303793922894532,0.014915692938864232
48,0.01564107883307669,0.01421898178756237,0.01607442160513666,0.014718994407355785
49,0.015443907603621482,0.014137182384729385,0.015856052559117477,0.014527848704159258
50,0.015310568904711141,0.014151010550558568,0.015648576001326246,0.01435828828215599
51,0.015231382937894927,0.013983110934495925,0.01546236670199368,0.014178221581876278
52,0.015138015858829021,0.013823312744498252,0.015287930773198606,0.014046504348516464
53,0.015059136901464727,0.013903373144567013,0.015125164751377372,0.013900700977444648
54,0.014974419222109847,0.013744506724178792,0.014969874993297789,0.013761110498011112
55,0.014805020222233402,0.01384456042200327,0.014819859195997317,0.013627322286367417
56,0.014731244035065174,0.013567966148257256,0.01468164942653643,0.013477564649283885
57,0.014619799947573078,0.013390094339847565,0.01454257716619306,0.0133381069496274
58,0.014455556660476657,0.013633253388106822,0.014402290439440144,0.013238393391668797
59,0.014360643505222268,0.013225441724061966,0.014264580770499176,0.013118861734867095
60,0.014365344900223944,0.01307016983628273,0.014124411660101678,0.01298842619806528
61,0.014106917662752998,0.01295191004872322,0.01398256994634867,0.012857853794097901
62,0.014008031872411569,0.012846426852047444,0.01383772681752841,0.012726769262552262
63,0.01387633454054594,0.012640863806009293,0.013686747194329899,0.012586057958006859
64,0.013740644579132398,0.012858965285122394,0.013527866291337544,0.012438772942125798
65,0.013584746817747751,0.012320177555084228,0.01336637191904916,0.012312769836187364
66,0.013325224531193574,0.012156214378774167,0.013198309676349166,0.012169702999293805
67,0.013156840252793497,0.011995378024876118,0.013018626307447751,0.01201709526330233
68,0.013076114882197645,0.011868217587471008,0.012836705703371101,0.011834784242510795
69,0.012859717996584044,0.011710246577858924,0.012646947201506959,0.011674895413219932
70,0.01257099813885159,0.012108134627342225,0.012450259778483047,0.011498494869470596
71,0.012450422437654601,0.011474789790809155,0.012249751710560586,0.011305496518313887
72,0.012218178258173996,0.011086366288363934,0.012040982395327752,0.011112000207602979
73,0.012095035989251402,0.010954671688377857,0.011822176560759541,0.010920336087048054
74,0.011822829383114974,0.01086006909608841,0.01159995464384556,0.010716853865981101
75,0.01153607832474841,0.010633227936923504,0.011369430299351611,0.010507734332978724
76,0.011259360363086064,0.010300985537469387,0.011138951312916144,0.010292249047756195
77,0.01110065655161937,0.010673235096037388,0.010897090063161318,0.01006007293611765
78,0.010857580833964878,0.01032670222222805,0.010653302099721297,0.00983350150883198
79,0.010482334999574554,0.009929313324391842,0.010405508879075445,0.00961009180918336
80,0.010257005120317141,0.009286784902215003,0.010151675997426111,0.009384724608808756
81,0.009987281488461628,0.009570745415985585,0.009889231919414465,0.00915556137189269
82,0.009702614371975263,0.008980080746114253,0.009628636949012675,0.008916161595284938
83,0.009442854962415165,0.008808294609189034,0.009367737439771493,0.008653798974305392
84,0.009141410624401438,0.008388033956289292,0.009097126673368943,0.008407385263592006
85,0.008895199036018715,0.00827856682240963,0.008825623059065806,0.008160811908543111
86,0.008551369739903345,0.007864854522049427,0.008547326521120138,0.007909795095026493
87,0.008244923260062932,0.0076184385269880295,0.008272517782905038,0.007659295012056829
88,0.008114359879659281,0.0072537316754460335,0.00799931798051629,0.0074115664295852195
89,0.007694113335261743,0.007054562494158745,0.007727724583695334,0.007173777469992638
90,0.00749004773174723,0.006655891872942448,0.0074556348972436475,0.006905763833224773
91,0.0071303940150472854,0.0065709718875586985,0.007184606428651348,0.006643917111307383
92,0.006811018211560117,0.006361198015511036,0.006918652678239679,0.006388493721187114
93,0.006515012931906514,0.006139136664569378,0.006656042307077185,0.006155617292597889
94,0.006344843736539285,0.005725252162665129,0.006399563754805261,0.005901448301225899
95,0.006048510407821999,0.005549069102853537,0.0061433870015045015,0.005665271580591796
96,0.0056851532775908705,0.005314447022974491,0.005891286645374365,0.005436267206445335
97,0.005430587900595533,0.004922032412141561,0.005647430683920781,0.005224408950656651
98,0.005137622540609704,0.004679251350462437,0.005407340435497463,0.0050032100774347775
99,0.004952610927737421,0.004597567021846771,0.005175063036485679,0.00479319906309247
100,0.004706083265029722,0.004440013375133276,0.00495097216129717,0.00458903305567801
101,0.0044695254425621694,0.004356261547654867,0.00472778636161238,0.004399516945332289
102,0.0042984143903272015,0.003972894176840782,0.004519886888667114,0.004215706137567759
103,0.004081869119157394,0.00378053417429328,0.004315833251447313,0.004040857704356314
104,0.0038334912392828198,0.0035437285713851453,0.004121837754444115,0.003867896389588714
105,0.003691745841254791,0.0034648741874843837,0.0039390190037381315,0.0036983208995312457
106,0.003575317681663566,0.003216520631685853,0.003766598443417913,0.0035374090254306797
107,0.0032981955394562746,0.0030756627302616834,0.0035977849667891857,0.003407986474595964
108,0.003140346059161756,0.0030831852555274963,0.0034370908859289347,0.003269206601753831
109,0.0030450115880618495,0.003091577561572194,0.0032883076460359408,0.0031362679440528154
110,0.0028929428254357644,0.002748594991862774,0.0031485662593971936,0.0030172684360295536
111,0.002744434764608741,0.002614579163491726,0.0030220476537270264,0.002917912100069225
112,0.0026426513803501925,0.0025142883416265248,0.0029005192910786714,0.0028098895609378815
113,0.0025347148875395457,0.0025158289168030023,0.0027901617633127084,0.0027076810413971543
114,0.0024966265116300847,0.0024592923000454903,0.00268586332103134,0.0026074759472161533
115,0.0023887068012522325,0.0022846810426563023,0.0025866935248228,0.0025222200008109216
116,0.0022805065899673435,0.002246939018368721,0.0024964796793802337,0.002447067341022194
117,0.002240549443910519,0.0021218107640743255,0.002415870758585839,0.002378078392893076
118,0.0022044989239010547,0.00211633981205523,0.002340565744337316,0.002310499616526067
119,0.0021245068208211,0.0024896883917972447,0.00227086620037444,0.0022521041661500924
120,0.0020311583863157367,0.0020795722818002104,0.0022103590561956582,0.0022054221168160437
121,0.001965572280266012,0.0019909805804491044,0.002157440271978784,0.0021619182558730242
122,0.0019370532346268494,0.001947044711560011,0.00210565396573705,0.0021076918695122
123,0.0019746573988555205,0.002195342951454222,0.002059076536565812,0.0020692811895161867
124,0.0019144018615285556,0.001897003543563187,0.0020180284138510214,0.002033527475781739
125,0.0019471450708806516,0.0018848003866150974,0.0019802912852261217,0.0020025266289710997
126,0.0018620643855279519,0.0018511341931298376,0.001947495158394385,0.0019757247775793072
127,0.0018191694851136869,0.0018414955167099832,0.0019163885641480902,0.0019481513421982526
128,0.0018265229830932287,0.0019017176795750857,0.0018916415625924456,0.0019258339257910847
129,0.001818268219422963,0.001819004868157208,0.0018696642559797815,0.0019084820430725813
130,0.0018091204850417045,0.0017754047783091664,0.0018472713072629026,0.0018960771035403013
131,0.0018328290825916662,0.0017566343722864985,0.0018266488040745675,0.0018845914432778952
132,0.0017855169349867436,0.0019086114969104528,0.0018078332247264271,0.001852866849116981
133,0.0018173764537399014,0.0019955887319520116,0.0017953416312992989,0.0018364477630704642
134,0.0017503539320184952,0.0017359179025515914,0.0017826503200559982,0.0018275390597060326
135,0.0017285070961548222,0.001788327991962433,0.001772560706972662,0.0018199884429574015
136,0.0017182316967389649,0.001720736320130527,0.0017612852297412853,0.0017970440926030281
137,0.0016992231647277045,0.0017392671713605523,0.0017495792814323473,0.0017919755540788179
138,0.001714811716746125,0.001845782632008195,0.001740418911052661,0.001781192933954299
139,0.0017189616554727158,0.0017699564155191183,0.0017304207644321852,0.0017732895100489262
140,0.0017700317623611126,0.0017267456324771046,0.001723094573803246,0.0017640526888892058
141,0.0017310739246507486,0.001813141950406134,0.0017159953202120959,0.0017510943008586766
142,0.001680725725988547,0.0018116872757673263,0.0017071597896205883,0.0017428683338686825
143,0.0016889363441926738,0.0018291983054950834,0.0016982116849782567,0.001735385970957577
144,0.0016541173371175924,0.001696573537774384,0.0016879641700018612,0.0017482026886194945
145,0.00171886855063753,0.001669095130637288,0.0016787361940886411,0.0017367902273312211
146,0.0016482894991834958,0.001768262996338308,0.0016687627470017305,0.001723794772475958
147,0.0016848129075434472,0.0017582792928442358,0.0016629512590459652,0.0017191199846565723
148,0.001692770468071103,0.001621734192594886,0.0016555180372256374,0.001711585217341781
149,0.0016217531538051035,0.0017702900804579258,0.0016490417150159678,0.0017041592674329879
150,0.0017181358113884926,0.0016152348835021257,0.0016408483456095888,0.0016948424836620692
151,0.0016121107200160623,0.001653548595495522,0.0016325057224784462,0.0016802034577354792
152,0.0016360147193902068,0.001610574987716973,0.0016237123596895902,0.0016685628321021796
153,0.0016490416433144774,0.00157775797881186,0.001611883150506765,0.001658335743285716
154,0.0015973799546352692,0.0016133556934073568,0.0016004054361643894,0.0016436080520972611
155,0.0015854178689834145,0.0015883457055315376,0.0015920779779242976,0.001630314131639898
156,0.0015766412081817786,0.0020770523138344287,0.0015829007863170572,0.0016162843851372601
157,0.0015548175371562442,0.0016232999647036194,0.0015737730715527304,0.001614224046468735
158,0.0015680402765671413,0.0016707023605704308,0.0015622985830427046,0.001607230005785823
159,0.0016050667331243555,0.001619048207066953,0.0015525067265042003,0.0015926013303920628
160,0.001542676550646623,0.0015999588090926408,0.00154273492731154,0.0015773391032591463
161,0.0015563236414972278,0.0015350875724107027,0.0015309868013072348,0.0015670182809233665
162,0.0014943889295682311,0.0015063475770875812,0.0015224622640241353,0.00155132338181138
163,0.0015062461384675568,0.0014798069838434457,0.0015096317861539625,0.0015425314839929343
164,0.001499127585751315,0.0014789407746866345,0.0015007771195326416,0.0015295642158016562
165,0.0014743015327904787,0.001471068412065506,0.0014920934446880389,0.0015176299421116707
166,0.0014441310660913587,0.0014449496706947684,0.0014813649136987,0.0015178727380931376
167,0.001472539269986252,0.001479339264333248,0.0014705525977330078,0.001505075381696224
168,0.0014595065540116694,0.0014784546429291367,0.0014591327656267418,0.0014924558972008526
169,0.0014259244680094223,0.0016450650710612535,0.0014481026075780393,0.0014597202862612901
170,0.0014320063378868832,0.0014942441135644912,0.0014379057301829262,0.0014535470767877996
171,0.0014034930857208868,0.0014025461114943027,0.0014284838951710201,0.0014361271074041725
172,0.0014405179277269377,0.0013767236145213247,0.001415178699480991,0.0014208410495892168
173,0.0013990673179634743,0.0013637136342003941,0.0014026058775476287,0.0014069772882387042
174,0.0014086397217276197,0.0013779176026582718,0.0013901989666900288,0.0013942303939722478
175,0.0013973738646341695,0.0013954374380409718,0.0013799381038536215,0.0013833491535857319
176,0.0013907440544830428,0.0013293668907135726,0.0013693246791501427,0.0013744026638567446
177,0.0014189228482751383,0.0013122181454673408,0.001358240668842983,0.0013616538013331591
178,0.0013808283685810036,0.0015838278783485294,0.0013468544471025882,0.0013495744186453518
179,0.001327072055492964,0.0012934217834845185,0.0013378235271873159,0.001341141482349485
180,0.0012999220663267705,0.001272858593147248,0.00132476096488018,0.0013266813345253466
181,0.0013008872569642133,0.0012586620403453707,0.0013115370832538853,0.0013155769112519918
182,0.0012998956022784113,0.0014689697278663517,0.0013005202256919197,0.001297286039125174
183,0.0013324944012694888,0.0012352031259797514,0.0012885713714537107,0.0012802977152168748
184,0.0012724368408736256,0.0012368967616930603,0.001275971708482959,0.0012686729731969536
185,0.0012283560023125676,0.0012533647753298282,0.0012622161824721843,0.0012554666797630488
186,0.0012461508700572369,0.0012164152157492936,0.0012497910264931205,0.001244701442681253
187,0.001237867358658049,0.0012343165674246848,0.0012353760819209534,0.0012312529986724257
188,0.0012409105208805865,0.0012561447406187654,0.0012223942911097159,0.0012160608096979557
189,0.0012220273280723227,0.0011602192115969957,0.001208442416947542,0.001203160692472011
190,0.001189645989280608,0.0011690838448703289,0.0011927525222870624,0.0011894332371652125
191,0.0012183580682095553,0.0012341262632980944,0.0011772712230941073,0.001167168505676091
192,0.0011459752123078538,0.001117835568729788,0.0011640165481147252,0.0011583580317907037
193,0.0011289095133543015,0.0012008440610952675,0.001153307546918384,0.001147972882073373
194,0.0011505030289602777,0.001187793267890811,0.0011397960280947804,0.001134808575920761
195,0.0011332849819316632,0.001069536015857011,0.0011261263419201394,0.0011120691129006448
196,0.0010885015114520987,0.0011119275609962642,0.0011099698690749294,0.0011007166913710538
197,0.0010966297774575651,0.0010465662786737085,0.0010967224646825345,0.0010869755542837083
198,0.0010884384184868799,0.0010945827071554958,0.0010840959165400515,0.0010799239825457334
199,0.001048266107423438,0.0010417065024375916,0.001070663292364528,0.0010667154589667916
200,0.0010728290943532355,0.0010156327136792243,0.0010561584221716557,0.0010506559398956597
201,0.0010419472004286946,0.0010068639600649477,0.0010418303724481826,0.0010368754080496726
202,0.001026675481763151,0.0009690317627973854,0.0010279730841413967,0.0010233360547572373
203,0.0009937958887571263,0.0010272095911204814,0.0010141017892294458,0.0010082199555821716
204,0.0009957051810084118,0.001073159936349839,0.0009989470713254477,0.000989565511373803
205,0.001032197036418236,0.0010132298502139748,0.00098545428669701,0.0009753409960772842
206,0.0009630992863741186,0.0009295543865300715,0.0009723000670886703,0.0009594008002895861
207,0.000958153447912385,0.0009004831523634493,0.0009582110907261571,0.0009411928450223059
208,0.0009285825801392397,0.0009513925877399742,0.0009437246195971967,0.0009277215042151511
209,0.0009412517310637567,0.0008933683345094323,0.0009305513588194219,0.0009129727755673229
210,0.0009126922987504966,0.0010770754818804561,0.0009169038601426615,0.0008984489574097097
211,0.0009103352656691439,0.000886202126275748,0.0009032005714097372,0.0008826333361677825
212,0.000875245603836245,0.0008328285906463862,0.0008902132333928927,0.000867736111022532
213,0.0008827092777937651,0.0009116314444690943,0.0008763322112719632,0.0008531915938947349
214,0.0008755951204026739,0.0008217353792861104,0.0008628773527685554,0.0008422032324131576
215,0.0008428636164818373,0.000791181365493685,0.0008493460384404496,0.0008344536399468779
216,0.0008394901206096013,0.0007677651580888778,0.0008366243242907028,0.0008179269119631499
217,0.0008086555965969132,0.000762222686316818,0.0008233308085188684,0.0008071327034849672
218,0.0008000540231458015,0.0008023391664028168,0.0008083679647754052,0.0007903349065221846
219,0.0007982786198974484,0.0007325943862088025,0.0007949258024235155,0.0007759599910583348
220,0.000771123203707652,0.0007327524956781417,0.0007825640880761462,0.0007627365716733038
221,0.0007591699920077291,0.0007432093448005617,0.0007703298061206524,0.0007492361201439052
222,0.0007554423105385568,0.0006834708247333765,0.0007564582899575019,0.0007364282561466098
223,0.00074585620016377,0.0006991921761073172,0.0007445450197853562,0.0007147788987029346
224,0.0007235826570023265,0.0006692758738063276,0.0007307459522504359,0.0007095986982341856
225,0.0007258035413299997,0.000652019785484299,0.0007204613886411406,0.0006999792616814376
226,0.000705575737843497,0.0007321549230255187,0.0007076349714408732,0.0006857664224226028
227,0.0006883926235605032,0.0007752919511403889,0.0006941347595511211,0.000673202295182273
228,0.0006757530350134604,0.0006140413915272802,0.0006812672627779344,0.0006630621671676637
229,0.0006633672867125521,0.0008033047243952751,0.0006689938339818684,0.0006514847912825645
230,0.000658125942831652,0.0005932849261444062,0.0006575098050654762,0.0006392782575450837
231,0.000627045227576875,0.000570181499933824,0.0006459826613647036,0.0006252467901445925
232,0.0006491105892281566,0.0005698976677376777,0.0006344505452473338,0.0006205103153828531
233,0.0006227255312518941,0.0006138812995050102,0.000624904283314633,0.0006090711333788931
234,0.000594463826984995,0.0005731717345770448,0.0006137080048909412,0.0005964943815022707
235,0.0006148605444468558,0.0005358415457885712,0.0006022393358897212,0.0005887220550794154
236,0.0005653585772961378,0.0007566971145570278,0.0005910845627646066,0.0005771977876778691
237,0.0006181315136038595,0.000592342676827684,0.0005798855304821498,0.0005702144102659076
238,0.0005620488477870822,0.0005563104629982263,0.0005695183321109248,0.0005645018420647829
239,0.0005380898231588717,0.0005076321982778609,0.0005595818078662786,0.0005543134652078152
240,0.0005211761971521708,0.0005376781651284545,0.0005492168777880983,0.0005383572509046644
241,0.0005326544007079469,0.0004783307609613985,0.0005393854165941269,0.0005286734030814841
242,0.0005215548736871116,0.000457059342879802,0.000529503920982178,0.0005144859232241288
243,0.0005118754306264843,0.0004515524813905358,0.0005194911156755148,0.0005054758217418567
244,0.0005099757169632034,0.0006141825171653182,0.0005103302683267329,0.0004967460411600768
245,0.0005324666553901302,0.00044677294557914137,0.0004999961634011319,0.0004876838437980041
246,0.00047926303141543434,0.0004287905478850007,0.0004914940665657115,0.00047711589960381393
247,0.00046872558550805683,0.0004891626641619951,0.00048334180304211456,0.0004709962239023298
248,0.00046698687203590656,0.0004110854910686612,0.0004738216858848722,0.00046489249831065533
249,0.0004436068499409076,0.0004946914385072887,0.0004663294239745785,0.00044796375122386963
250,0.0004666235820493764,0.0005092055804561823,0.0004575316760714889,0.0004397747717564925
251,0.00045716263172734117,0.00047744550160132347,0.0004504164949499277,0.0004302686520386487
252,0.0004292693716059956,0.00037638659356161954,0.0004430548911370957,0.00042317811159882693
253,0.00042996650516417703,0.00037194519594777373,0.00043668165176641185,0.0004145414032274857
254,0.00041632989641382463,0.0004486177279613912,0.00042939654884523604,0.0004076303179375827
255,0.00040780581016507415,0.0003680323890876025,0.00042222615126908433,0.00040109468412119893
256,0.0003980240438573269,0.0003519369853893295,0.00041524226450904576,0.00039726683918852364
257,0.0003907579660881311,0.00034334273368585855,0.0004087489169491972,0.0003864599208813161
258,0.00041017311036638504,0.00034968269465025515,0.0004012761985973662,0.0003856490715406835
259,0.0003906572388950735,0.0004201798420399427,0.0003964287981041707,0.0003811139355646446
260,0.00037685761551579667,0.0003832484059967101,0.00039080471417789035,0.0003731394243892282
261,0.0003780520295387962,0.00033347843738738446,0.0003850735371790102,0.00036793540397193274
262,0.00039818781602662056,0.00038761819014325737,0.00038045924645201823,0.0003634601830737665
263,0.00038416931974805064,0.00031865747005213054,0.00037476731324180345,0.00035436921757645907
264,0.0003540497278380725,0.0003303686872823164,0.00036939675565679666,0.00034635334049817174
265,0.00036184521288507514,0.00032176045584492386,0.000364398340036213,0.00034190156308468427
266,0.00035052682767855003,0.00030555362871382386,0.0003591584799306779,0.00033838318551424886
267,0.0003422949342833211,0.0002936684974702075,0.00035579093593146865,0.00033068735112901776
268,0.0003372782616255184,0.0003558563580736518,0.0003517365327531783,0.00032641872875392437
269,0.0003476420279669886,0.00034400955948513004,0.0003476953039786572,0.00032719515312928704
270,0.0003456486965943542,0.00042650171206332744,0.0003440801921999083,0.00032369580264203247
271,0.00035807801908554717,0.0003154121484840289,0.0003391865266150691,0.000320595043618232
272,0.00032812348735104834,0.0002897998847765848,0.0003347877678668334,0.0003154295104322955
273,0.0003237074470639022,0.0002809849806362763,0.00033097346115133004,0.0003108087797416374
274,0.00032824958176610786,0.0003828109160531312,0.00032731851852602436,0.00030761645531747494
275,0.00032432525179400625,0.00028193144302349535,0.0003230139410718242,0.00030339907004963605
276,0.0003228986921021715,0.0002770485746441409,0.00031944149076783415,0.0003004827233264222
277,0.00030430898109140494,0.00026509215822443364,0.0003165305105581259,0.0002964052922092378
278,0.0002989700025257965,0.00028398575668688866,0.00031327694628077257,0.0002948780326172709
279,0.0003321412964335953,0.00025622186833061276,0.0003096573272215513,0.0002917416984448209
280,0.00030644573070781514,0.0002613168297102675,0.0003065698395522001,0.0002932229673489928
281,0.00029699332449429976,0.00037134759477339683,0.00030353337291291814,0.0002890027676010504
282,0.0003003801716194074,0.00025585897150449456,0.00030014227588738633,0.00028444236081559207
283,0.0002878314707454087,0.00027216371905524283,0.00029636381644005376,0.0002772454727673903
284,0.0002806882701891785,0.00029104151239153,0.00029211057042832387,0.0002734970294637606
285,0.0002814999476282133,0.00026773013873025774,0.0002894419059532488,0.0002713524547871202
286,0.0002866784639061532,0.0002536703267833218,0.00028695229740373585,0.00026906165136024354
287,0.00029057337967161503,0.0002821835584472865,0.0002837540016729488,0.0002627770770108327
288,0.00029485806214830116,0.0002457488019717857,0.0002812986085178434,0.00026248373121488843
289,0.00028127522259536715,0.00022843290935270488,0.00027898193147783684,0.0002602527196751908
290,0.0002805061059512405,0.00028357896604575217,0.00027657927071106516,0.0002587521909968928
291,0.0002600363511980201,0.0002271452744025737,0.00027403716318852577,0.00025651299799792467
292,0.0002651077425495411,0.0003307002200745046,0.0002707289391158459,0.00025479355431161826
293,0.00026136659564346903,0.0002503513643750921,0.0002682139856896052,0.0002533965235110373
294,0.00026286460232869205,0.00022999938984867186,0.0002656415895584763,0.0002463948381599039
295,0.0002511872104110403,0.00024657951085828246,0.00026262721917203933,0.00024570256518200036
296,0.00025174686879230043,0.00022170106589328498,0.00026093530718935653,0.00024265354777453467
297,0.0002614068754741715,0.0002361855178605765,0.00025870283279800783,0.00023895418465835975
298,0.00026146723332607914,0.0002237148949643597,0.0002563716621332181,0.00023663395949406548
299,0.0002482921884964324,0.00022569655731786043,0.00025388016859974924,0.0002362767679267563
300,0.00026294042291637095,0.00027459779812488705,0.00025147895804709865,0.00023251449946546924
301,0.0002649817661020077,0.00022127328615169971,0.00024941820640944775,0.00023016413771547378
302,0.00024424246192211285,0.00022757894126698374,0.00024755017087898325,0.00022847091823350636
303,0.00023541731446231198,0.00022800593171268702,0.00024549601235323486,0.00022554019822273403
304,0.0002494356946165984,0.00021323577617295088,0.00024390711724085528,0.00022431874461472035
305,0.0002435718950517993,0.00022639105969574303,0.0002421812054520059,0.00022060105921700596
306,0.00023268342121607728,0.0001963054609950632,0.0002405745544263886,0.00021793666863813995
307,0.00022502091195848254,0.00023855214705690743,0.00023875698482410778,0.00021661105875391513
308,0.0002455336711783376,0.00019593828386859968,0.0002375387486975847,0.00021396958902478218
309,0.000224876410405462,0.00019855743448715657,0.00023609053967003189,0.0002126973159844056
310,0.0002232206810084689,0.00020972450962290169,0.00023426049003739735,0.00021059825064148756
311,0.00022439112556943048,0.0002447405376005918,0.00023214815704333076,0.00020879855629755186
312,0.00023054311585534985,0.00018812684691511095,0.0002304305806975915,0.00020687490165000787
313,0.00024333927120702962,0.00018698975822189823,0.00022820194281973974,0.00020367091851076114
314,0.00023457433433375424,0.00018610242230352014,0.00022575478955534178,0.00020192612010287123
315,0.00022915214280753085,0.00021031096577644347,0.00022390923193888737,0.00019965105977607893
316,0.00022031397338853113,0.00019660893420223147,0.00022243743541960914,0.00019817650361219426
317,0.00022195994782830692,0.0002377580851316452,0.0002204362589167431,0.00019686571584315977
318,0.00022120032000303683,0.00018374159990344196,0.0002189249559603114,0.00019590348458150406
319,0.00021742536227167066,0.00019685914274305104,0.00021739366957271056,0.00019468653278891
320,0.00022073130724796405,0.00018054276762995868,0.0002163347613480356,0.00019195441695628692
321,0.00021554164310348117,0.0001898942398838699,0.0002149163816589862,0.00019088403071509678
322,0.00021565563465830766,0.00018370888428762556,0.00021412777311634275,0.00018993896947940817
323,0.0002086589084744143,0.00017872253636596724,0.00021351884767516622,0.00018845666900742803
324,0.00020535277985295073,0.00017760519112925978,0.000212441953473414,0.0001850438534631394
325,0.00020722447597007785,0.0001944982196437195,0.00021092241237638518,0.00018590889814076948
326,0.00020380293449205863,0.00017765332595445215,0.00020925393348378646,0.00018493835196131843
327,0.00019810352151075172,0.00017070243309717627,0.00020755613362675323,0.00018487806274788458
328,0.00019862240148035604,0.00019114202761556952,0.00020595523538067937,0.0001860418178723194
329,0.00019940628204494714,0.00018046608194708825,0.0002046884764943065,0.000184479925269261
330,0.00020578932114100705,0.0002023352781543508,0.00020334397409525184,0.00018268563440069558
331,0.00019440126152605645,0.00016588166618021206,0.00020211328517438635,0.00018245449127862233
332,0.0001985482063416081,0.00017024925124133007,0.00020160629948497643,0.00018817007729085165
333,0.00021007417895210287,0.00016917862783884629,0.00020034589012308664,0.00018723144163377588
334,0.0002051611968393748,0.0001749309035949409,0.00019869176095041132,0.00018622378506697715
335,0.00020799754497905572,0.00017266699782339856,0.00019790523351273599,0.00018523965141503142
336,0.00019746877052562517,0.00015942014899337665,0.00019679869934011043,0.00018403122666059063
337,0.0001925545884296298,0.00020975296385586262,0.00019545014429087234,0.00018311597750289368
338,0.00020162729889206175,0.000162726103735622,0.0001943557906999356,0.00018199923296924683
339,0.000192129337907924,0.0001845951919676736,0.00019296738763934827,0.00018093609672505413
340,0.00018912968665568366,0.0002394048438873142,0.00019205862576167826,0.00018263568757101895
341,0.0001886450012292092,0.00015756161912577226,0.0001912109512796936,0.0001819234613911249
342,0.00018834738785194027,0.0001929008134175092,0.0001905570206180629,0.0001808131266385317
343,0.00019043309698140042,0.0001779630218516104,0.00018930498034848523,0.00018310300754383207
344,0.00020475072003642305,0.00033974879304878415,0.00018958344520845764,0.00018227333809481933
345,0.00018922107320071922,0.00015707687620306388,0.00018835619197666854,0.0001819128675502725
346,0.0001741884137865984,0.0001647028257139027,0.00018682256362582042,0.00018109060091665017
347,0.0001959924487164244,0.00015910554298898205,0.00018509959989718887,0.00018017044770531358
348,0.00018099555415877452,0.00014851191750494763,0.00018328556532893952,0.00017936130199814216
349,0.0001716389036219981,0.00015472396218683572,0.00018195263551703346,0.0001799211676698178
350,0.00017986563619666008,0.0001665796063025482,0.00018068325156475316,0.0001778149305842817
351,0.0001690928579773754,0.00015107491984963416,0.00017922680657356978,0.0001769033967750147
352,0.0001753844745690003,0.0002131922042462975,0.00017837677583382983,0.0001763109595514834
353,0.00017743053943073997,0.00017333637311821803,0.00017744737213813805,0.00017257459595566616
354,0.00018305801550417932,0.0001527077131322585,0.00017644197817167476,0.00017178641542559488
355,0.00017448831440156532,0.00025958230078686027,0.00017563049102771203,0.00017123258266365154
356,0.0002013628830253664,0.00014513992995489387,0.00017483720098648015,0.00016963932863436638
357,0.0001678668755468809,0.00016123748762765898,0.00017318084701740496,0.00016317108015064148
358,0.00017173347018089972,0.0001486219619982876,0.000172318233400842,0.000163614705321379
359,0.0001620871036235864,0.00015192707331152633,0.0001715053462578605,0.00016246312158182263
360,0.00016264668077282195,0.0001524383551441133,0.00017004445810647065,0.0001619287363952026
361,0.00016414552522797345,0.00017341679078526794,0.00016945782622400049,0.00016844208323163915
362,0.00016081998962262233,0.00015709703671745956,0.00016869500496605823,0.0001677189489360899
363,0.00016521617411247765,0.0001399377585039474,0.00016786409558780077,0.0001665256374515593
364,0.00017087856941442524,0.00016978426137939095,0.00016733205498765323,0.0001677894489374012
365,0.00016589459426338889,0.00014599575399188325,0.00016632959002939364,0.0001645360204856843
366,0.00016351015206762692,0.0001378571058739908,0.0001663025679040907,0.0001627998320851475
367,0.00016806020925287158,0.00017905499436892568,0.0001657283972405518,0.00016464787885779516
368,0.0001706008459506039,0.00013813167111948133,0.00016484403888850164,0.00015928402618737891
369,0.00016334187080954305,0.00017804258095566183,0.000162855833363978,0.00015907940521137792
370,0.0001676557327866451,0.0001681675054715015,0.0001625197420271838,0.00015766405547037722
371,0.00015386623521206072,0.0001359132322249934,0.0001618334761574968,0.00015802410489413888
372,0.00015947024493167798,0.00014574591332348064,0.00016197267626541563,0.00015890061302343384
373,0.00016632975709702198,0.00031134558841586116,0.00016116287343514462,0.00015769307146547363
374,0.00015256837217344178,0.00013664560479810463,0.0001604444990581315,0.00015884013174800198
375,0.00015909290174022318,0.000136746819189284,0.0001600699017496986,0.00015762564325705168
376,0.00015579184297368758,0.00018267020699568092,0.00015939530816006783,0.00015702804678585378
377,0.0001503228506125096,0.00013185649295337497,0.000158268911703231,0.0001551466507720761
378,0.00017675498629816705,0.00012993166310479865,0.00015739646998699753,0.00015580924035748467
379,0.00016870374891570666,0.00019890888244844974,0.00015675875377556722,0.00015529961000429465
380,0.00015237935560031068,0.0001254859840264544,0.00015619862092943447,0.00015439155213534833
381,0.00015165774491227542,0.0001400244055548683,0.00015520186050691536,0.00015368280526017772
382,0.00015946459212702596,0.00012585374410264193,0.00015495859332279198,0.00015154784563928847
383,0.00015457682343872472,0.00015762319759232924,0.00015379099542042242,0.00015041816530283545
384,0.00016556710632155752,0.00017383977654390038,0.00015360331269783072,0.00014983779422473166
385,0.00014240161001604672,0.000122249816195108,0.00015299363382962637,0.00015007687093457212
386,0.00014618616580264643,0.00020209329784847796,0.00015186563161874398,0.00014238398126326503
387,0.00015145505691180005,0.00012673482444370166,0.00015145460328009602,0.00014291017793584615
388,0.0001483513343717075,0.00012499784672399982,0.00015070257801433196,0.00014228805029997603
389,0.00014271865799350458,0.00012274936103494837,0.00015033076623221858,0.00014082220564596356
390,0.000144083551357552,0.00016256049362709747,0.00015022789053230855,0.0001410119464388117
391,0.00014756724678186906,0.0001251163470442407,0.00014876103801911487,0.00014033346463693304
392,0.00015405688809955285,0.0001563535476452671,0.00014764800083357836,0.00013698760197730734
393,0.00014568183538762647,0.00012041299924021587,0.00014680846594791443,0.00013753585980739443
394,0.00015726019120645813,0.00012466859043342994,0.00014678465195853881,0.00013656988730654122
395,0.00013846578522740553,0.00013992549706017598,0.00014549669151634186,0.00013612516475841404
396,0.00014917416714726843,0.00012140395527239889,0.00014501927948828476,0.00013448896417394282
397,0.0001442282732265691,0.0001517228310694918,0.0001438458709324348,0.00013218496510526164
398,0.00013812970182496226,0.0001190233466331847,0.00014343627166106467,0.0001318004527012817
399,0.00014229266370724265,0.00014980052161263303,0.0001433776339671264,0.0001286879702005535
400,0.0001402922700961224,0.00012119362829253077,0.0001424280543928034,0.00012857545141596341
401,0.00014649654842085308,0.00014602409064536914,0.00014173431433349225,0.00012846904899924992
402,0.00014775095811475896,0.00013660001277457923,0.000141796826717392,0.00012909629847854376
403,0.0001400836734683253,0.00011296961805783212,0.00014141281887552598,0.00012811740859178825
404,0.0001408778192772944,0.000115262315957807,0.00014098639471145968,0.00012771855669561774
405,0.00013139098345871187,0.00013919242977863177,0.00013988328161908107,0.0001267367434105836
406,0.00015106239517788506,0.00011587509303353727,0.00013920256774355142,0.0001266437926562503
407,0.00012726558107210116,0.00011473568039946258,0.00013801053232487498,0.00012609663037583234
408,0.00014264152273729753,0.00011671818298054859,0.00013793385495405853,0.0001257662321906537
409,0.00013623189242530822,0.0001162397998268716,0.00013692806851403375,0.000126733916613739
410,0.00013216162823179427,0.00011263700609561056,0.0001361929488109632,0.00012582060146378355
411,0.00014472022345418938,0.00012428123533027248,0.0001359188650747658,0.0001254813024774194
412,0.00012771556755372633,0.00012392185482895,0.00013544589525554332,0.00012427131183212625
413,0.00013100783288892774,0.00012233778630616144,0.00013448878695748544,0.00012372958798659967
414,0.00014428146759099846,0.00013843059801729396,0.0001336015189312295,0.00012522568760905416
415,0.00013448335531090076,0.00013808824645821004,0.00013315500779038605,0.00012389209101093003
416,0.0001369066426802116,0.00011514504963997751,0.00013242492861463686,0.00012413770378916526
417,0.00012647906079008762,0.00013180821551941335,0.00013173935806132955,0.00012408944544731637
418,0.00012866398849938477,0.00011808923038188368,0.00013150969784538673,0.00012262698675040158
419,0.00012745930573954765,0.00011098953342298046,0.00013047934254670204,0.00012293781868647784
420,0.0001365488509569938,0.00013166554243071004,0.00013024709653173988,0.0001245229899766855
421,0.00012402950614664912,0.00014559606584953145,0.00013007071962347255,0.0001243935381993651
422,0.00012585028064980482,0.00012888995232060552,0.00013070811117197286,0.00012367653356632215
423,0.0001312776084200272,0.0001105408719740808,0.00013015013753966842,0.00012320881038904187
424,0.0001304684182266808,0.00011955075548030437,0.00012908291688201845,0.00012273614230798554
425,0.00011636456264467496,0.00010765053215436638,0.0001293068643717561,0.0001220628361450508
426,0.0001243148477644556,0.0001834265812067315,0.00012905648998825603,0.00012199924358865244
427,0.00013658817959367298,0.00010326009782147593,0.0001278673026975917,0.00012116835787892341
428,0.00012183169407459597,0.0001191099375137128,0.00012717738899518734,0.00011966415797942317
429,0.00012373855544461145,0.00011405585741158575,0.00012655436994391493,0.00011903690306353383
430,0.00012564947806014163,0.00010263096235576086,0.0001261646063991874,0.00012015118821873329
431,0.00012530351271076748,0.00012364589143544437,0.00012597333127438713,0.00011939261960797011
432,0.00012145943069804666,0.00015436496265465395,0.0001258830529191376,0.0001191949233179912
433,0.00013823210003061426,0.00011348188854753971,0.0001251959410644809,0.0001188514604815282
434,0.00015216668113781552,9.831468400079756e-05,0.00012489273256764542,0.00011679401876754128
435,0.00011821228742418397,0.00010094392666360364,0.0001243102958781593,0.00011621096709859557
436,0.0001180397070129402,0.0001124645333038643,0.00012364875800817068,0.00011631137004005724
437,0.00013331425479716724,0.00010708920075558126,0.0001228903735599791,0.00011559615883161314
438,0.0001247484733014264,0.00012074797239620239,0.0001229447360137581,0.00011515702328179032
439,0.00011455178532438974,0.00011765845527406783,0.00012240436375787894,0.00011173636658932082
440,0.00011723551275079243,0.00010048324897070415,0.00012162489055901661,0.00011137630246812476
441,0.00012133116639840106,9.94636767427437e-05,0.00012165127188523506,0.00011218928885646165
442,0.00011673497217189935,0.00015966534439940005,0.00012147414920424731,0.00011137861281749794
443,0.00012388211037937759,9.912501511280425e-05,0.00012082111134400799,0.00011124050357029774
444,0.0001252023468583098,0.00010604712617350742,0.00012023194809056196,0.00011015037389006467
445,0.00011937105459057622,0.00012307897151913493,0.00011992766539850789,0.00010981761070434004
446,0.00011644929372576169,9.416002299985848e-05,0.00011899532336198416,0.00011067878253525124
447,0.00011128936341265217,0.00011431366059696302,0.00011753177190354715,0.00011044392779003829
448,0.00011473916167031146,0.00011305094551062212,0.00011720496776850064,0.00011112800223054365
449,0.0001115088070218917,0.00010167047526920215,0.00011703791583681272,0.00011072194902808406
450,0.00011772362398914993,9.667214340879582e-05,0.00011604338456915381,0.00011040761408512481
451,0.00011080554136747702,9.791016389499419e-05,0.00011542472343749574,0.00011185010090121068
452,0.00011710134962211467,9.425849479157478e-05,0.00011569179414364043,0.00011101774972630666
453,0.0001224912272300571,0.00013943459722213448,0.00011564887267466272,0.00011116088079288603
454,0.00011931048841991772,9.378895643749274e-05,0.00011511120791191287,0.00011093070086208172
455,0.00010932353155415816,9.917823117575609e-05,0.0001153645145322015,0.00010985122465644963
456,0.00011057443137461733,9.639264942961745e-05,0.00011499641774668515,0.00011015477796318009
457,0.00011385236339669467,0.00014604588301153854,0.00011419817597521212,0.00010951395123847759
458,0.00011492354911752045,0.00013501118432031944,0.00011360721786913929,0.00010830146513762882
459,0.00011557789467689063,9.244331537047401e-05,0.00011311059594380721,0.00010921033170307055
460,0.00011004218404802183,0.00011804578767623752,0.00011287576512841042,0.0001081114602391608
461,0.00011386340872074166,0.00010231320324237458,0.00011281138204794843,0.00010711066162912175
462,0.00010845097310569447,9.923082718160003e-05,0.00011324731380025493,0.0001083979741903022
463,0.00010928194500997456,0.00015681014279834927,0.00011254666881965628,0.00010985255601699463
464,0.00012122855297800723,9.684967590146698e-05,0.00011275390405434236,0.00010955066501046531
465,0.0001161624760263496,0.00010406152563518844,0.0001124438688815442,0.00010925468674977313
466,0.00010788954732965471,9.370917847263627e-05,0.00011152225528268092,0.00010730737032718025
467,0.00012306763767911536,0.0001326784392585978,0.00011093790987280146,0.00010742584650288337
468,0.00011467969074146822,0.00010671384778106586,0.00011084480582600615,0.00010702491627889686
469,0.000105246302571484,9.002645805594511e-05,0.00011076943979876686,0.0001115725344978273
470,0.00010459710193875556,9.276681899791583e-05,0.00011017113416811398,0.00010910829739877954
471,0.00010403374559246003,0.0001168816871359013,0.00010964142362710036,0.00010730863210628741
472,0.00010541859302773244,8.684187399921938e-05,0.00010920306289174023,0.00010698385807918384
473,0.00011312958465876161,8.803098025964574e-05,0.00010904191128825509,0.00010678149538580327
474,0.00012240710082955453,0.0001338532892987132,0.00010900101422351631,0.00010633746887906452
475,0.00010020749947418355,0.000133036689076107,0.00010877961094083729,0.00010578922557178883
476,0.00011598642223462877,9.03628887317609e-05,0.0001083614711821105,0.00010330770852160638
477,0.00010935047030216082,8.685903827426955e-05,0.00010761376058928565,0.00010346121340990066
478,9.945088725847503e-05,9.075168665731326e-05,0.00010739062536546651,0.00010726722444524057
479,0.0001047018531729312,9.675086083007045e-05,0.00010777541265641857,0.00010746056947973556
480,0.0001069959303842754,8.915497557609341e-05,0.00010677047228414771,0.000106609653000487
481,0.00010869028069363493,0.0002100831049028784,0.0001062490844103094,0.0001059072848642245
482,9.889472263037331e-05,8.443995553534477e-05,0.0001060306615416064,0.00010610760487033987
483,0.00010168078559217974,9.001955200801603e-05,0.00010582464988757338,0.00010589227601885797
484,0.00010461887629288767,8.432396469288506e-05,0.00010554578028127757,0.00010461724610067905
485,0.00010601339396089315,0.00011298672034172341,0.00010546452356631765,0.00010456599258468487
486,0.00011284098210227159,9.121254057390615e-05,0.00010492914548376575,0.00010823921404662544
487,0.00010291589103871956,8.55247444997076e-05,0.00010402548739350295,0.00010719903193530629
488,9.882845104180484e-05,9.477221654378809e-05,0.00010393596193235781,0.00010519912244635637
489,0.00010253578815738568,0.0001006872981088236,0.00010355512486486177,0.00010506913185236047
490,0.00011058409543087084,0.0001992118015186861,0.00010327999981301318,0.00010511326916748661
491,0.00011750922960345633,9.854280433501117e-05,0.00010334527091989808,0.00010486338975024411
492,9.794412837234429e-05,0.00011140552727738395,0.0001031133452727873,0.00010443249187082985
493,0.00010164499389550959,8.915464437450282e-05,0.00010252017003044278,0.00010423858434660362
494,9.978573085390963e-05,9.503445820882917e-05,0.00010229920523706823,0.0001002367071574554
495,9.944681058793019e-05,8.738359771086835e-05,0.00010252352022669382,0.00010120005301432686
496,9.706200543506485e-05,8.50059391814284e-05,0.00010226443266599542,0.00010153490068623797
497,0.00010338717515373396,8.556053609936497e-05,0.00010208336619285142,0.00010469476335565562
498,9.974513259496436e-05,0.00017986151680815965,0.00010196065335055917,0.0001034893698175438
499,9.981564857298508e-05,0.00010784873651573435,0.00010134834285838425,0.00010376522360602395
500,9.796936294555458e-05,8.303895185235888e-05,0.0001012363702931907,0.00010432053264812568
501,0.00010646549554722797,8.711312388186343e-05,0.00010128958267741837,0.00010443961628479885
502,0.00010247234400594607,8.796247115242295e-05,0.00010084411284769885,0.00010455789944389836
503,0.00010108266493059799,8.45047012262512e-05,0.00010060381513257098,0.00010119088225765155
504,9.890371199516165e-05,8.597841384471395e-05,9.9650810035463e-05,0.000100414022046607
505,9.216654932566194e-05,8.430728747043758e-05,9.950174435895556e-05,9.952694414532744e-05
506,0.00010316616085927106,0.00011003617517417297,9.96850554216912e-05,9.910428597358987e-05
507,0.0001045025973710128,0.00010852360195713117,9.964719612746396e-05,9.885005262913184e-05
508,9.520359657471999e-05,9.839074380579404e-05,9.96155805523611e-05,9.881775456015022e-05
509,0.00010009221446428759,0.00016332053142832593,9.949426686960377e-05,0.00010066230320371689
510,0.00010294557290358676,8.285188188892789e-05,9.919058434898034e-05,0.00010116587068769149
511,9.75332197978989e-05,9.810888528591022e-05,9.907708309733102e-05,9.877651922288351e-05
512,0.00010011657690888064,9.940747055225075e-05,9.896261496792754e-05,9.759621585835702e-05
513,0.00010015876064749642,9.774930746061727e-05,9.877022986054523e-05,9.794692029245197e-05
514,9.139904241439782e-05,0.00010364437708631158,9.858797722327936e-05,9.829188938601871e-05
515,0.0001045766525526738,0.00011503637186251581,9.848669200501818e-05,9.92739267880097e-05
516,9.36841021757573e-05,7.912129905889741e-05,9.797494487138466e-05,9.89699753699824e-05
517,9.421748645965837e-05,8.92285797453951e-05,9.830746820468145e-05,9.872934240847828e-05
518,0.00010622777046389982,7.858819008106366e-05,9.85477685831332e-05,9.88046289945487e-05
519,9.883924849822911e-05,8.867862459737807e-05,9.802011862436e-05,9.768074759049343e-05
520,9.865642121035812e-05,8.65761459863279e-05,9.727117555901513e-05,9.760382833774203e-05
521,9.402916336613189e-05,0.0001311196552705951,9.721962616765975e-05,9.663050714298153e-05
522,9.57951121381484e-05,9.81497231987305e-05,9.671469031212233e-05,9.44245197402779e-05
523,9.69076013037314e-05,0.00012012773018795997,9.641672539873982e-05,9.595280202338472e-05
524,9.69539453378982e-05,7.834115240257233e-05,9.622479556904485e-05,9.687546081840993e-05
525,9.315973526099696e-05,9.180656270473264e-05,9.592598939392096e-05,9.968199769500643e-05
526,0.0001019091796155812,9.573735122103244e-05,9.548542240712172e-05,9.906857320456765e-05
527,9.994021354941651e-05,0.00011251340620219708,9.57443363207858e-05,9.815981328720227e-05
528,8.828898658975959e-05,7.690591577556916e-05,9.534505978161986e-05,9.654506020597182e-05
529,0.00010721679532758168,7.996258980710991e-05,9.523707177722825e-05,9.722625357680954e-05
530,9.817405878695555e-05,8.618945212219842e-05,9.503791392134089e-05,9.71893923880998e-05
531,8.997491188994092e-05,8.193914007279091e-05,9.446262159876318e-05,9.940929373842664e-05
532,8.577902073739096e-05,0.0001066006206383463,9.427632439312421e-05,9.95711888477672e-05
533,9.391486179083586e-05,7.40577139367815e-05,9.407711120503436e-05,0.00010062186397844926
534,8.746881807585143e-05,0.0001081708463607356,9.417116358721007e-05,9.853818928240798e-05
535,9.549645006902412e-05,0.00012105893896659837,9.468993987862226e-05,9.792556984466501e-05
536,9.273497405552512e-05,0.00012117535516154021,9.431980027649034e-05,9.630122514790855e-05
537,9.264642253078313e-05,0.0001695708924671635,9.393497179068313e-05,9.627599115483462e-05
538,8.914458597751541e-05,8.241369519964792e-05,9.364424819424231e-05,9.58636989002116e-05
539,9.787189025600027e-05,8.09253791521769e-05,9.302388308505114e-05,9.608984859660269e-05
540,9.459473907352529e-05,7.466754483175464e-05,9.255853200059694e-05,9.580015819519758e-05
541,9.09844020659673e-05,9.615113332984038e-05,9.26143991392261e-05,9.602194607723505e-05
542,8.923854006247388e-05,8.83070500276517e-05,9.195521001497077e-05,9.6507276018383e-05
543,9.184546239945726e-05,0.00013408572383923455,9.171616302466847e-05,9.620257467613557e-05
544,9.41818183572549e-05,9.272600233089179e-05,9.187852200508738e-05,9.590447711525487e-05
545,9.367609150811202e-05,0.00011284302425337955,9.211570235719489e-05,9.481963696889582e-05
546,9.638047292052458e-05,7.902778786956333e-05,9.189514892188727e-05,9.59062709880527e-05
547,0.00010876451942345335,8.283423725515605e-05,9.189005740077442e-05,9.4871343835257e-05
548,8.765411125043303e-05,7.951911276904867e-05,9.201642209922688e-05,9.326683683902955e-05
549,8.733323319271828e-05,7.77103025757242e-05,9.177282287208882e-05,9.139623107039369e-05
550,8.589164534997609e-05,8.1499256339157e-05,9.149969267568345e-05,9.026812884840182e-05
551,8.640005188580189e-05,0.00010139109363080934,9.152261041324691e-05,8.983384696766732e-05
552,8.830643643806171e-05,0.00010527114616706967,9.089380090461217e-05,9.053450229694136e-05
553,8.968566505548855e-05,8.245061282650567e-05,9.052015450821878e-05,9.044730482273735e-05
554,9.073706722119823e-05,9.209583833580837e-05,9.047975969474969e-05,9.174090455053375e-05
555,9.219788402939836e-05,7.857191856601275e-05,9.074211261985411e-05,9.102826166781598e-05
556,9.40338864004136e-05,7.448670105077326e-05,9.056304883431748e-05,8.964728849823587e-05
557,9.170852954007892e-05,7.94796169793699e-05,9.077661389407392e-05,8.882594975875692e-05
558,8.840102590814543e-05,0.00010122356441570446,9.026810321116097e-05,8.728416404337623e-05
559,8.734153004802971e-05,8.229766754084267e-05,8.985351127598228e-05,8.696910392609425e-05
560,9.865556753033566e-05,8.094626406091266e-05,8.882610815085678e-05,8.654641991015524e-05
561,8.664499337707335e-05,7.441021094564348e-05,8.908369598535098e-05,8.740306918043643e-05
562,8.581816762064894e-05,0.00014136833691736684,8.922797820673117e-05,8.818157604546286e-05
563,8.971752941660169e-05,7.155664818128571e-05,8.935738528444846e-05,8.818346145562827e-05
564,8.215165254013199e-05,9.844176238402725e-05,8.931379687435562e-05,8.74558882729616e-05
565,8.525357916369102e-05,7.248760797665455e-05,8.942867360601668e-05,8.63138508517295e-05
566,8.997453172923997e-05,0.00012849112652475015,8.943656782470902e-05,8.581869484623893e-05
567,9.579736319008387e-05,7.049097795970738e-05,8.905791289903897e-05,8.510675085126423e-05
568,8.736886776104155e-05,9.956139459973202e-05,8.871426827617041e-05,8.49737637268845e-05
569,9.952094485116605e-05,7.219253384391778e-05,8.891757473627673e-05,8.508732918417081e-05
570,8.096332443528809e-05,7.429838136886246e-05,8.868809869972109e-05,8.712567355833015e-05
571,8.601567454105761e-05,7.1151284937514e-05,8.890470958269564e-05,8.665434962604196e-05
572,8.307944129531582e-05,7.226713685668074e-05,8.917887903161398e-05,8.673002037685365e-05
573,9.409380711278775e-05,0.00010093534452607855,8.853994363744278e-05,8.703846622956917e-05
574,9.094028872722347e-05,9.717297420138494e-05,8.871688150393312e-05,8.678665368352084e-05
575,8.91268222929082e-05,8.154639159329236e-05,8.84895736613544e-05,8.404783803853206e-05
576,8.531034163348118e-05,8.320176406414249e-05,8.813892292770713e-05,8.505647312267683e-05
577,9.117835472958784e-05,7.672021063626745e-05,8.847337405734127e-05,8.387558101676404e-05
578,8.988302052279727e-05,7.007171268924139e-05,8.822194217128627e-05,8.372398599167356e-05
579,8.127069407944671e-05,7.429723846144042e-05,8.802507001253414e-05,8.148598476545886e-05
580,8.360676845768466e-05,7.524724045651965e-05,8.75010357351534e-05,8.149083034368232e-05
581,9.911654790307188e-05,7.732583748293109e-05,8.760934157083587e-05,8.01967730629258e-05
582,8.597162862618764e-05,0.00013043822633335367,8.733923406139689e-05,8.118713609292172e-05
583,9.381629798250893e-05,8.94404661084991e-05,8.761652547238756e-05,8.293357284273953e-05
584,9.419576627098852e-05,8.418943631113507e-05,8.748490522104678e-05,8.307404150837102e-05
585,8.268218267605536e-05,8.86574103788007e-05,8.760377493486482e-05,8.380992363672703e-05
586,9.106844003933172e-05,6.811489729443564e-05,8.75972963180781e-05,8.246668950305321e-05
587,8.013547155618046e-05,7.289794579264708e-05,8.72264985431684e-05,8.141201580292545e-05
588,8.095126107542051e-05,9.677252528490498e-05,8.696432599584416e-05,8.154818948823959e-05
589,9.051293078098549e-05,6.89194597362075e-05,8.733422392785239e-05,8.094521772000006e-05
590,7.896778201231629e-05,6.869773234939202e-05,8.70297652481693e-05,8.067807583138347e-05
591,8.505272776043663e-05,7.254109586938285e-05,8.674686013999033e-05,8.053356772288679e-05
592,8.2696506255565e-05,7.061211741529405e-05,8.685880796563449e-05,8.053965202416293e-05
593,9.007651365310368e-05,6.720996258081868e-05,8.71911276646036e-05,8.038039580569603e-05
594,9.276825711519147e-05,9.69516095938161e-05,8.642094105436829e-05,8.086262993747368e-05
595,8.789560971005509e-05,0.00011795930011430755,8.655323386742061e-05,8.038349064299838e-05
596,8.272516825753782e-05,7.46630015783012e-05,8.603208560347816e-05,8.125717542716303e-05
597,8.605118414076666e-05,9.066419006558135e-05,8.553209715141244e-05,8.059735170099886e-05
598,9.393184169312007e-05,6.735449118423275e-05,8.541615053966074e-05,8.004478190559895e-05
599,8.167034435448133e-05,7.080613169819117e-05,8.515774832954373e-05,8.006493232096546e-05
600,8.257250860980195e-05,8.49507337261457e-05,8.524219878438292e-05,8.035657501313837e-05
601,9.455778993368667e-05,6.812746985815466e-05,8.548922356858385e-05,7.940523203578779e-05
602,8.356688773751052e-05,7.004166342085227e-05,8.544788186781161e-05,7.950692290323788e-05
603,8.281039281832313e-05,6.645900997682474e-05,8.553472042129013e-05,7.94402986241039e-05
604,8.406938972055085e-05,7.444934599334374e-05,8.556362507547925e-05,7.980914768413641e-05
605,9.19147609319124e-05,7.126583499484695e-05,8.55055172225952e-05,7.98703377484344e-05
606,7.986188264718901e-05,8.938169077737256e-05,8.525597944357691e-05,7.985445163212718e-05
607,8.927894895249564e-05,0.00011845974397147075,8.535700014294383e-05,7.865850824746304e-05
608,8.078759138394768e-05,0.0001112825857126154,8.520278262278429e-05,7.677635736763478e-05
609,8.169605496934511e-05,6.769384315703065e-05,8.522241238032518e-05,7.675606968696229e-05
610,7.978351738226289e-05,7.48431654938031e-05,8.503463241084116e-05,7.646846029674634e-05
611,8.460838478640653e-05,6.861865767859854e-05,8.433012670559242e-05,7.636241511208937e-05
612,8.224673292716034e-05,8.018901309696957e-05,8.4734415466341e-05,7.625364807900041e-05
613,8.712688068044372e-05,7.298895085114054e-05,8.451394171732116e-05,7.664350149570964e-05
614,8.947938826167956e-05,7.146173142245971e-05,8.392815001781046e-05,7.657000296749175e-05
615,8.113874584927948e-05,6.703212537104264e-05,8.372907348061241e-05,7.634353991015815e-05
616,8.577534411516454e-05,8.176232237019576e-05,8.343423356709535e-05,7.693508461234161e-05
617,8.124380993346373e-05,7.214186902274378e-05,8.311906238118858e-05,7.678459244780242e-05
618,8.383806917764661e-05,6.681280967313797e-05,8.24566069663787e-05,7.828308126772753e-05
619,9.529377459936465e-05,6.705302497721277e-05,8.235746796546869e-05,7.783346922369673e-05
620,8.404017170606595e-05,7.090552811860107e-05,8.211393527227403e-05,7.646621199673974e-05
621,8.321591219606086e-05,7.415580956148915e-05,8.201984676642396e-05,7.471751483972185e-05
622,8.135668490366597e-05,8.347395531018265e-05,8.176379187142531e-05,7.506332192569972e-05
623,7.631919906190079e-05,6.470336156780832e-05,8.179753016156613e-05,7.48935234034434e-05
624,9.177756337319605e-05,6.808695587096736e-05,8.154032944035459e-05,7.694716808036902e-05
625,7.706066488430629e-05,9.469706914387643e-05,8.161991545865832e-05,7.716579845291563e-05
626,7.991299744591944e-05,6.629000665270724e-05,8.182003695142663e-05,7.702845482854174e-05
627,7.85899743075586e-05,6.438008698751218e-05,8.144990945519466e-05,7.673029373981991e-05
628,7.543939498039738e-05,8.124762753141113e-05,8.177583784563468e-05,7.658617615816184e-05
629,7.619011007288161e-05,7.068704187986441e-05,8.129986822346432e-05,7.602606644504705e-05
630,7.53533755616647e-05,0.00010872805549297482,8.098895646463562e-05,7.63523196859751e-05
631,7.738340762443841e-05,7.814138967660256e-05,8.062639515782294e-05,7.720852731144989e-05
632,8.319063162262965e-05,8.427831329754554e-05,7.995839699352575e-05,7.71184474870097e-05
633,7.843537873769593e-05,6.756515678716823e-05,7.95307626527372e-05,7.698253015987575e-05
634,7.529468259437837e-05,7.633902030647733e-05,7.959458916706757e-05,7.768123259302228e-05
635,8.062697463578337e-05,7.059820243739523e-05,7.93854135379661e-05,7.72727093717549e-05
636,7.817836675611842e-05,0.0001199597746017389,7.93894102945665e-05,7.740703414310703e-05
637,8.423638338475333e-05,8.56547724106349e-05,7.868350053775228e-05,7.733058128505947e-05
638,9.21299179996519e-05,6.95553602417931e-05,7.854600121241269e-05,7.635387643240395e-05
639,8.022620085588035e-05,6.400770420441405e-05,7.852425534640335e-05,7.628085934557024e-05
640,8.928695561027982e-05,6.3429185829591e-05,7.865401331542267e-05,7.659784544957805e-05
641,7.38761035609059e-05,6.77595795423258e-05,7.86095999617828e-05,7.606946509331467e-05
642,7.34710159627462e-05,8.029820004594512e-05,7.877721840147083e-05,7.639498311327772e-05
643,7.477403650732918e-05,8.821800031000749e-05,7.87970023808561e-05,7.466512910905295e-05
644,7.859382049193503e-05,6.480102936620824e-05,7.912493579755796e-05,7.51609378727153e-05
645,7.334931318635225e-05,6.75075949402526e-05,7.908898131346278e-05,7.436239911476151e-05
646,8.48115750543204e-05,9.162337039015256e-05,7.902672846264776e-05,7.484149934025482e-05
647,7.61272941761288e-05,7.326087477849797e-05,7.91117852421141e-05,7.56640724663157e-05
648,7.641911797691136e-05,6.806148085161112e-05,7.916540054106412e-05,7.779644542606548e-05
649,7.412981945284021e-05,6.617563441977836e-05,7.903654567813241e-05,7.547948084538802e-05
650,7.362318175081681e-05,7.027944782748818e-05,7.879559306893497e-05,7.444686278467998e-05
651,7.936935079568583e-05,6.446457948186435e-05,7.80015535258119e-05,7.464401478064246e-05
652,8.183392353304144e-05,7.230473958770745e-05,7.792836346197874e-05,7.561534657725134e-05
653,7.432906113940085e-05,6.80381186248269e-05,7.745602653335989e-05,7.55938444461208e-05
654,8.038057106508252e-05,7.882499237894081e-05,7.740571344814574e-05,7.584523535333577e-05
655,7.584797504629629e-05,6.548170538735576e-05,7.781478560904766e-05,7.512460812577049e-05
656,8.558174304198473e-05,9.053660876816138e-05,7.818672751503376e-05,7.405226442497225e-05
657,8.229176952025026e-05,6.431484434870072e-05,7.794866273438352e-05,7.474426616681739e-05
658,7.687905746732011e-05,7.954266242450103e-05,7.799021507962607e-05,7.442908227676525e-05
659,7.742110208103743e-05,9.690334845799953e-05,7.75290985585242e-05,7.65700328571256e-05
660,8.196735710953362e-05,0.00012390752643113957,7.781697017813308e-05,7.659400750999338e-05
661,7.495699518282587e-05,6.203566008480265e-05,7.787424617304673e-05,7.646919836406594e-05
662,7.821256815481724e-05,5.9839320892933754e-05,7.817450833584492e-05,7.671726856497116e-05
663,7.227892942157471e-05,7.448416014085523e-05,7.854817895567976e-05,7.638052350375801e-05
664,7.839644926005147e-05,8.829099911963567e-05,7.82672186918919e-05,7.694712719530798e-05
665,7.74785323948082e-05,6.289163255132735e-05,7.895178218475648e-05,7.650980808539316e-05
666,7.261827643055262e-05,7.404435222269967e-05,7.898530252019152e-05,7.673012721934356e-05
667,8.36978199852941e-05,6.228251935681328e-05,7.879063920505967e-05,7.590372973063495e-05
668,8.407258415698177e-05,6.140940779005177e-05,7.883618347049279e-05,7.656443848100026e-05
669,7.264220097567886e-05,8.210107291233725e-05,7.846270989911217e-05,7.531423617911059e-05
670,7.43881218174162e-05,5.9627997688949105e-05,7.828264422520685e-05,7.887439165206159e-05
671,7.328366202677393e-05,0.00014514713489916176,7.824231648442545e-05,8.053465656412299e-05
672,8.332408466635065e-05,7.386024110019207e-05,7.809561118645232e-05,7.90293231024407e-05
673,7.785101784975268e-05,6.49412522034254e-05,7.762125967646071e-05,7.670372977736406e-05
674,8.16363735227949e-05,7.237738944240846e-05,7.731509235551736e-05,7.680752123706042e-05
675,8.296494724668769e-05,6.186082129715941e-05,7.711006918527548e-05,7.718059080070816e-05
676,7.234534420098903e-05,7.862967177061365e-05,7.716253414174489e-05,7.874233673792332e-05
677,9.894801085465588e-05,6.137176183983684e-05,7.692922595920712e-05,7.784608494257553e-05
678,7.516706952527683e-05,7.354609697358682e-05,7.680852172941538e-05,7.776721107657068e-05
679,7.551398818678637e-05,5.8165055161225606e-05,7.715481949109948e-05,7.764423995977268e-05
680,7.698658168212407e-05,8.19994241464883e-05,7.695512457640788e-05,7.894836002960803e-05
681,7.624490375746972e-05,5.928155122091994e-05,7.679687324723796e-05,7.879509671765847e-05
682,7.779012767261721e-05,0.00015331873117247597,7.665677111912777e-05,7.825334466469941e-05
683,7.587086394778453e-05,0.00012104928522603586,7.653558439051265e-05,7.981889296497685e-05
684,7.375346963170967e-05,5.9270011915941724e-05,7.657270707228841e-05,7.625225434603635e-05
685,7.010856935974314e-05,6.576769330422394e-05,7.596669498792228e-05,7.605311126390007e-05
686,6.730281215924253e-05,6.463044657721184e-05,7.574911328265444e-05,7.657218762615231e-05
687,7.308698889877027e-05,6.916605998412706e-05,7.552763720806172e-05,7.617971799627412e-05
688,7.359055333331021e-05,0.00011352780857123434,7.526709208614194e-05,7.637557201378515e-05
689,7.25637446966074e-05,6.588470423594118e-05,7.520464857160633e-05,7.578663384483664e-05
690,7.44609266500144e-05,6.0919785901205615e-05,7.415003342773871e-05,7.63861992658349e-05
691,8.127572047265453e-05,7.097007430274971e-05,7.416910117349797e-05,7.624065298296047e-05
692,7.870544711800499e-05,9.488552110269666e-05,7.387804284290826e-05,7.67875967139844e-05
693,8.01163009277338e-05,5.757782499131281e-05,7.364497681652818e-05,7.589718773961068e-05
694,6.913964777292374e-05,6.855727158836089e-05,7.367353004261128e-05,7.64786344661843e-05
695,7.135845360203853e-05,9.876670519588515e-05,7.350843567983248e-05,7.257351079315412e-05
696,7.421172907116771e-05,5.598116942564957e-05,7.32383767530943e-05,7.001494143914897e-05
697,6.817378255719733e-05,6.888166404678487e-05,7.300069739996818e-05,7.010446361964569e-05
698,7.241147521805639e-05,7.791816125973127e-05,7.291934087503856e-05,7.159992539673113e-05
699,7.609947165797672e-05,6.2565648695454e-05,7.28688841320238e-05,7.274548322893679e-05
700,7.645131919869325e-05,6.675717173493467e-05,7.29807594289822e-05,7.222235559020191e-05
701,7.078425633759859e-05,6.390621754690074e-05,7.277563526133437e-05,7.017570154857821e-05
702,7.258263225796529e-05,7.636089736479335e-05,7.265736878390373e-05,7.009343794779852e-05
703,7.564376316925821e-05,6.990743990172633e-05,7.232458308086886e-05,7.009627309744246e-05
704,6.82375299220439e-05,7.183864843682386e-05,7.18004959121269e-05,7.085113998036831e-05
705,7.11599310226221e-05,5.973919978714548e-05,7.145848276591602e-05,6.93755083193537e-05
706,7.695873440954731e-05,7.381771938526071e-05,7.107976128560647e-05,6.977795815619175e-05
707,7.366276860314731e-05,5.5690639346721585e-05,7.093140003950492e-05,6.970668948779349e-05
708,6.911939077933008e-05,5.708505137590691e-05,7.08737220288539e-05,6.815536394424272e-05
709,6.781148580355673e-05,6.150806642835959e-05,7.037741679620618e-05,7.026424043870065e-05
710,6.807465623650285e-05,0.0001031542377313599,7.065957277469958e-05,7.00643851509085e-05
711,6.604139358387328e-05,9.326939238235354e-05,7.043477666512545e-05,7.004718245298135e-05
712,7.588387132273055e-05,5.608786901575513e-05,7.019862751153092e-05,7.187765356211456e-05
713,6.846244914211437e-05,6.236145753064193e-05,6.999280509125028e-05,7.146924434928223e-05
714,6.960708276084107e-05,6.382811421644874e-05,7.004153994170741e-05,7.170133248437194e-05
715,6.614128407414278e-05,6.099066464230418e-05,6.978846622191163e-05,7.099291984341106e-05
716,6.817354125410526e-05,8.984174637589603e-05,6.929484243414159e-05,7.06309523549862e-05
717,7.01551184627331e-05,5.7994729577330875e-05,6.919862372904188e-05,7.020041782525368e-05
718,7.064826391999506e-05,6.763907091226428e-05,6.906618544857741e-05,7.062740332330578e-05
719,6.543061662038477e-05,6.677555487840437e-05,6.857738741479502e-05,6.995530365966262e-05
720,6.991650333576318e-05,5.998356660711579e-05,6.82726162058922e-05,7.032975341135171e-05
721,6.180409825497514e-05,0.0001087030817870982,6.82262731631959e-05,7.078856551379432e-05
722,7.522768201953213e-05,6.388528185198083e-05,6.814159509570647e-05,7.267370954214131e-05
723,6.679157247870332e-05,7.748809381155297e-05,6.838556576339115e-05,7.130162809917236e-05
724,7.0195742818113e-05,0.00010832742642378434,6.882347746221868e-05,7.054781175975222e-05
725,7.13057586916774e-05,5.6546941414126196e-05,6.853862532427431e-05,7.084707431786227e-05
726,7.200262759902721e-05,6.970842092414387e-05,6.823408386488963e-05,7.056479074817616e-05
727,6.625578926307046e-05,5.8650581340771165e-05,6.820635329091196e-05,7.015916845120956e-05
728,6.330316847500702e-05,6.0858252691105005e-05,6.811845701045562e-05,7.103129574970808e-05
729,6.583206229455148e-05,6.107528519351035e-05,6.807261733079535e-05,6.964407995401415e-05
730,6.784897401101059e-05,7.041383723844774e-05,6.815886332317152e-05,7.069290061190258e-05
731,6.473878356498769e-05,5.701522779418156e-05,6.806052945968177e-05,7.026768062205519e-05
732,6.604348838057679e-05,6.505188313894905e-05,6.81135241246213e-05,6.97399210097501e-05
733,6.796081471192236e-05,6.85553539369721e-05,6.78704316527324e-05,6.95287140464643e-05
734,6.569453411632114e-05,0.00010863666713703424,6.79271229419909e-05,6.854666253493634e-05
735,7.417392292861931e-05,6.88522016571369e-05,6.761441940131288e-05,6.857769388298039e-05
736,7.698918605456129e-05,7.442398389684968e-05,6.742399497015868e-05,6.758926762558985e-05
737,6.87625678741218e-05,6.356943296850659e-05,6.724979653598793e-05,6.670766476599965e-05
738,6.084891265749724e-05,5.530436828848906e-05,6.715472877484799e-05,6.651887713815084e-05
739,6.891381841139971e-05,5.368755679228343e-05,6.678313574876587e-05,6.673118612379766e-05
740,6.394387706273442e-05,8.279384710476733e-05,6.694154257517464e-05,6.840843769605271e-05
741,6.702754926259837e-05,5.516135148354806e-05,6.73128879063168e-05,6.832666335976683e-05
742,7.231126827213707e-05,8.421524602454155e-05,6.722203383396845e-05,6.863744044094347e-05
743,6.818991733275147e-05,5.7008571166079494e-05,6.705236800318945e-05,6.917141540325248e-05
744,6.675548324387313e-05,5.358156457077712e-05,6.718499503622297e-05,6.930337425437755e-05
745,6.383919153854044e-05,5.470339252497069e-05,6.713065749661635e-05,6.919652213691733e-05
746,6.322138048643764e-05,8.415179399889894e-05,6.704309379921242e-05,6.937339347205123e-05
747,6.741009350258132e-05,6.466106555308215e-05,6.694394313542741e-05,6.876298696151935e-05
748,6.203096169984847e-05,5.277743737678975e-05,6.652035610265254e-05,6.93273844954092e-05
749,6.584078196384427e-05,8.628735493402928e-05,6.596691243693285e-05,6.846888539730569e-05
750,6.89290646631788e-05,5.182725071790628e-05,6.565806657987802e-05,6.874622576870023e-05
751,6.271280194697384e-05,7.501614556531421e-05,6.56687196722487e-05,7.165814680629409e-05
752,7.021595992329013e-05,0.00010058187064714729,6.571440848541291e-05,7.175218086922541e-05
753,7.25868017535605e-05,5.881389428395778e-05,6.562896424859192e-05,7.073786171386019e-05
754,6.356071048584353e-05,6.884471222292631e-05,6.54627827581458e-05,7.289630355662667e-05
755,6.360732824153577e-05,8.376321129617281e-05,6.505467457496303e-05,7.182226492441261e-05
756,6.805445939082549e-05,6.031419907230884e-05,6.479069932991278e-05,7.174379703646993e-05
757,6.468504989041119e-05,6.238058020244353e-05,6.478641623559977e-05,7.186390449933243e-05
758,6.577172227682443e-05,7.297713731531986e-05,6.480965716796669e-05,7.213400141044987e-05
759,6.321576752169575e-05,9.337650437373667e-05,6.480695604146201e-05,7.111967425735204e-05
760,6.358424710924738e-05,8.29621400043834e-05,6.45898005469159e-05,7.137275021814277e-05
761,6.315309441156892e-05,5.296150644426234e-05,6.459737122188219e-05,7.164186364097986e-05
762,6.104142144775121e-05,7.050294225336984e-05,6.455032950228391e-05,7.03884065238526e-05
763,6.111523996676422e-05,0.00012810239422833547,6.44183990034637e-05,7.137027094431686e-05
764,7.005603874050495e-05,5.6038408365566285e-05,6.448434838287843e-05,7.032112715533001e-05
765,6.180777114220998e-05,5.743586822063662e-05,6.442207563086412e-05,6.847614294383674e-05
766,6.28730120014451e-05,0.00010912239755271002,6.423223153688014e-05,6.84199220559094e-05
767,6.210856369256766e-05,5.736428021918982e-05,6.41223674607722e-05,6.878283914993516e-05
768,6.159053620649502e-05,5.504687396751251e-05,6.421180479487198e-05,6.764442547573707e-05
769,6.664840588604824e-05,5.658425114233978e-05,6.391686014766391e-05,6.721517329278867e-05
770,6.442021484771329e-05,6.145581530290655e-05,6.398933729829474e-05,6.69154070521472e-05
771,6.31538523238204e-05,5.879361517145299e-05,6.380387541074823e-05,6.597972581803332e-05
772,6.198120613892874e-05,7.098796457285062e-05,6.386570232441752e-05,6.619779474276585e-05
773,6.222022857400588e-05,5.950527294771746e-05,6.373445026628259e-05,6.502002605993767e-05
774,6.466473897388723e-05,5.495092700584792e-05,6.35049179432422e-05,6.49390610138653e-05
775,6.56308021926735e-05,7.637386122951284e-05,6.346016493722952e-05,6.420278245641386e-05
776,6.436153643234219e-05,4.878755084064323e-05,6.344180648350932e-05,6.18077242426807e-05
777,6.865914112293264e-05,5.445726535981521e-05,6.310775785532314e-05,6.177762259903828e-05
778,6.784069940396068e-05,5.740837208577432e-05,6.30957660598344e-05,6.230396586179268e-05
779,6.0814108583144847e-05,7.791763957357034e-05,6.316655322670057e-05,6.043168793839869e-05
780,6.584326159403039e-05,5.530286944122054e-05,6.31584396627861e-05,6.0426424586330545e-05
781,6.068084321062391e-05,4.958289449859876e-05,6.324678075583911e-05,6.05241249431856e-05
782,6.649697865618186e-05,5.488642418640666e-05,6.308311096929376e-05,6.018849662796129e-05
783,6.113517508816181e-05,4.958510646247305e-05,6.295234968905182e-05,5.982072715123651e-05
784,6.476144036342804e-05,9.882822749204934e-05,6.272130317099963e-05,5.943426816374996e-05
785,6.030294565587408e-05,5.3517922933679076e-05,6.298510404853409e-05,5.927291563712061e-05
786,5.741478633555946e-05,5.0937380292452873e-05,6.288054750346216e-05,5.92254835064523e-05
787,5.992259629743381e-05,5.209597831708379e-05,6.279679957305132e-05,5.968677864875645e-05
788,6.065627862375954e-05,6.822593888500706e-05,6.25688139779312e-05,5.878834388568067e-05
789,6.170482303585029e-05,5.528586727450602e-05,6.228486605590054e-05,5.880974319006782e-05
790,6.150797625499157e-05,7.059444978949614e-05,6.174455837560042e-05,5.893530168395955e-05
791,6.464269117309919e-05,6.231544946786016e-05,6.142228989661413e-05,5.879133028502111e-05
792,6.190572459470584e-05,5.72326964174863e-05,6.141772531069971e-05,5.770804877975024e-05
793,6.379906353282018e-05,5.748938288888894e-05,6.104386851107444e-05,5.7774439209606496e-05
794,6.255666122241463e-05,4.819354326173198e-05,6.083495505380496e-05,5.767863907967694e-05
795,6.115118284166481e-05,5.226157838478684e-05,6.042306884644657e-05,5.743324311333708e-05
796,5.7377689372515306e-05,4.9132140484289264e-05,6.052993267593492e-05,5.8028331672539924e-05
797,6.857622807729058e-05,6.695415140711702e-05,6.04632618242047e-05,5.6198626378318286e-05
798,5.960631494720777e-05,5.831946968100965e-05,6.0740705540067414e-05,5.7520555815426634e-05
799,6.257104071361634e-05,6.648330556345172e-05,6.093387930143056e-05,5.740307233063504e-05
800,5.9931162314670574e-05,5.391299215261824e-05,6.106031381803203e-05,5.727114832552615e-05
801,5.726283838157542e-05,4.9322533450322225e-05,6.125430856126413e-05,5.706398295878898e-05
802,5.5151449115429485e-05,5.759622770710848e-05,6.174891312936477e-05,5.679492517083417e-05
803,5.978398742930343e-05,5.380908711231314e-05,6.172208236886137e-05,5.590484445274341e-05
804,6.0699993935284306e-05,5.083560194179881e-05,6.145339650878063e-05,5.553542789712082e-05
805,5.649684160339853e-05,5.696263018762693e-05,6.13897146476019e-05,5.540747781342361e-05
806,5.545800677888716e-05,4.718789125035982e-05,6.117695599677974e-05,5.507758343592285e-05
807,5.6199823472222e-05,4.875152502791025e-05,6.093429139453092e-05,5.614009010314475e-05
808,6.380677082537053e-05,6.446232044254429e-05,6.091177368847033e-05,5.629012029676233e-05
809,6.309466907017244e-05,5.308559513650834e-05,6.093649787362665e-05,5.908451393479481e-05
810,6.723903855244215e-05,8.656615886138752e-05,6.0651901369500495e-05,5.849149168934673e-05
811,6.224413036963799e-05,4.8000293172663075e-05,6.0555583343375475e-05,5.8314550988143306e-05
812,6.308345921247059e-05,4.879787818936165e-05,6.039813207656455e-05,5.762886386364699e-05
813,6.550614720456198e-05,6.304680471657775e-05,6.02518430005552e-05,5.8217373595107346e-05
814,7.406993723836623e-05,4.8559422575635834e-05,6.0313055877082255e-05,5.808448912284802e-05
815,6.08372072424067e-05,4.83424318372272e-05,6.0373966792313794e-05,5.790030897187534e-05
816,5.792554467108049e-05,5.308003557729535e-05,6.0172776503410805e-05,5.8162149714189576e-05
817,6.0313678065237276e-05,5.4033944325055925e-05,6.049278768995363e-05,6.028093163040466e-05
818,5.84800972622664e-05,4.9242023451370187e-05,6.059760478351058e-05,6.107690198114141e-05
819,5.6490046166193985e-05,7.475620994227938e-05,6.083945751824002e-05,6.182986790372524e-05
820,6.0588240190150426e-05,5.601233322522603e-05,6.0950448988781624e-05,6.178050111338962e-05
821,5.7995794001423444e-05,0.00011899198143510148,6.043769604293629e-05,6.131872830737849e-05
822,6.146131547413663e-05,5.212859527091496e-05,6.0223756036591814e-05,6.302683056856041e-05
823,5.719836429408234e-05,5.389595215092413e-05,5.9793382641510106e-05,6.133082995656879e-05
824,5.8634759043343365e-05,4.9341127451043575e-05,5.946328823047223e-05,6.12891454686178e-05
825,5.627393541443679e-05,6.862573543912731e-05,5.92405268265995e-05,6.15110581566114e-05
826,5.879316029475174e-05,4.6000421643839215e-05,5.870042277286605e-05,6.170946775237099e-05
827,5.6674221996217964e-05,5.29917239327915e-05,5.824267319823978e-05,6.178496966895183e-05
828,5.4754230206728806e-05,6.035510567016899e-05,5.7937382103733e-05,6.213606073579285e-05
829,6.870027359885474e-05,0.00010380514984717593,5.779815156258539e-05,6.224576123349834e-05
830,5.9117268942322375e-05,7.686188895604573e-05,5.768265140035913e-05,6.189416435663587e-05
831,6.150432514712317e-05,6.601203931495547e-05,5.7724857179629094e-05,6.193939487275201e-05
832,5.8974610235761955e-05,4.751735526951961e-05,5.7652551695031845e-05,6.0929585769190456e-05
833,5.098794717923738e-05,5.291800029226579e-05,5.740729981140855e-05,6.188328005664517e-05
834,5.774616891156054e-05,9.578815166605637e-05,5.7467841051079134e-05,5.9117090530344285e-05
835,5.647970367539933e-05,4.416614356159698e-05,5.7258223610309264e-05,5.93159093084978e-05
836,5.399177009369143e-05,4.6958180973888375e-05,5.721568731694586e-05,5.893744898203295e-05
837,5.751442411565222e-05,5.4345695389201865e-05,5.720848624607445e-05,5.928783289564308e-05
838,5.2003545861225575e-05,6.800704461056738e-05,5.710432939619447e-05,5.845105126209092e-05
839,6.262619787270927e-05,5.0446970490156673e-05,5.696651392111865e-05,5.8515371548128315e-05
840,5.320492987973719e-05,5.71197085082531e-05,5.6731179489159134e-05,5.908229445049074e-05
841,5.444478114239044e-05,5.5822548019932584e-05,5.697021998930723e-05,5.938897975429427e-05
842,5.742617400958099e-05,4.5244022403494454e-05,5.6620006558821645e-05,5.746807593095581e-05
843,5.953524174401537e-05,5.037278635427356e-05,5.650709312952434e-05,5.624993786041159e-05
844,5.468240905126246e-05,4.951098235324025e-05,5.633782529880086e-05,5.535255134163889e-05
845,5.445694309956808e-05,7.985469041159377e-05,5.634310245610929e-05,5.537663427239749e-05
846,5.9509324993187976e-05,4.983724327757954e-05,5.648382208536431e-05,5.505824015999678e-05
847,5.622087945489006e-05,5.709906472475268e-05,5.618298097494214e-05,5.453380073013248e-05
848,5.61349569599972e-05,4.4434443989302966e-05,5.609156504958972e-05,5.460956577153409e-05
849,5.845473227155809e-05,5.810072529129684e-05,5.6007655080045684e-05,5.4530266890651535e-05
850,5.367001416743733e-05,4.7706194600323215e-05,5.603383518690761e-05,5.6799061180208804e-05
851,5.534777341785634e-05,4.7608428794774226e-05,5.61455773416027e-05,5.578454839996993e-05
852,5.079086119722989e-05,6.716479649185203e-05,5.597019340364366e-05,5.6609737509279504e-05
853,6.073024271043121e-05,6.802223826525733e-05,5.594230894316246e-05,5.61478753137635e-05
854,5.994493783671512e-05,5.57825542637147e-05,5.594621238770842e-05,5.564796749968081e-05
855,5.6294433209889876e-05,4.640843719244003e-05,5.58250037665453e-05,5.553042874671518e-05
856,5.7272629379036114e-05,4.3577376345638186e-05,5.5637618525199486e-05,5.585122423944994e-05
857,5.910653916847271e-05,4.81194285384845e-05,5.577818670070782e-05,5.569040731352287e-05
858,5.450593791061288e-05,4.4958147482248025e-05,5.5908410265369136e-05,5.432051422831136e-05
859,5.022514115100623e-05,8.267716591944918e-05,5.554867255074593e-05,5.40851537400158e-05
860,5.419430554158882e-05,4.606026959663723e-05,5.560834985355743e-05,5.371639467484783e-05
861,5.1894020855090476e-05,4.4975708951824346e-05,5.549519211635925e-05,5.418769133102613e-05
862,5.816892678720049e-05,0.00011106555262813345,5.5367438295312845e-05,5.3816850573639375e-05
863,5.4797099728602916e-05,4.2644225104595534e-05,5.5360565562215114e-05,5.3610779310110953e-05
864,5.824159942373323e-05,7.107669822289608e-05,5.5313953989793334e-05,5.3503005646052764e-05
865,5.250781836770734e-05,4.557315362035297e-05,5.569156310521065e-05,5.2832477833726436e-05
866,5.4542367256039545e-05,4.3324852667865344e-05,5.542244646607691e-05,5.22362429619534e-05
867,5.439595848050279e-05,4.2305553579353726e-05,5.5220548110729496e-05,5.381686255277601e-05
868,5.485061071037004e-05,5.839267367264256e-05,5.508172688035606e-05,5.3942628132062964e-05
869,5.819661343897072e-05,4.5490559205063616e-05,5.4940543689816786e-05,5.42121146718273e-05
870,5.7712532216100955e-05,4.560736328130588e-05,5.468122780051394e-05,5.4755394280073244e-05
871,5.0515882127607864e-05,4.395323107019067e-05,5.4859897590682124e-05,5.464128715102562e-05
872,5.77128120251776e-05,4.788008809555322e-05,5.4825330773989366e-05,5.322739896946587e-05
873,5.330601353004264e-05,5.6216860393760726e-05,5.479723112981043e-05,5.303155698638877e-05
874,5.526088674539804e-05,4.882970635662787e-05,5.48150404117122e-05,5.287282908393537e-05
875,5.349819583999407e-05,4.255441301211249e-05,5.4646606399910535e-05,5.100999211135786e-05
876,5.418248410731192e-05,4.491408719331957e-05,5.468259272941699e-05,5.1453817030414946e-05
877,6.0231089082662945e-05,5.040160118369386e-05,5.4544325346554024e-05,5.037714825302829e-05
878,5.400232673208747e-05,5.31163664709311e-05,5.468051305829755e-05,5.0439622529665956e-05
879,5.4897478953029756e-05,9.529804403427988e-05,5.456877516990063e-05,5.0489320905762735e-05
880,5.2823902450553657e-05,4.9552576674614104e-05,5.45436948748021e-05,5.194380983593875e-05
881,5.3743049615554304e-05,5.031453983974643e-05,5.433598370258956e-05,5.122513930255081e-05
882,5.262364193590151e-05,6.170141874463297e-05,5.405669184369294e-05,5.137828221777454e-05
883,5.897268266481761e-05,4.21054692560574e-05,5.378052500826825e-05,5.1464339916128665e-05
884,4.936097073368728e-05,4.7329961380455645e-05,5.398043640242476e-05,5.378249628702179e-05
885,5.349181443711536e-05,4.116422001970932e-05,5.386554006901052e-05,5.4263570217881355e-05
886,5.233925290263465e-05,4.100751139048953e-05,5.373200319655653e-05,5.362366564513649e-05
887,5.39580764921589e-05,6.449462831369602e-05,5.352654171098645e-05,5.328591570141725e-05
888,5.5696757966264463e-05,5.3739848081022504e-05,5.341197188633184e-05,5.373776022752281e-05
889,5.478491485215879e-05,4.4159978788229634e-05,5.336276197178651e-05,5.414543880324346e-05
890,5.5912511161295694e-05,4.713501053629443e-05,5.291134563740343e-05,5.387722964223941e-05
891,5.1748920046116434e-05,4.456731207028497e-05,5.292333903877686e-05,5.4299692940549006e-05
892,5.37689511030395e-05,7.866777683375403e-05,5.279004577282145e-05,5.2095435949740935e-05
893,4.965783140505664e-05,4.042591033794451e-05,5.2638322199345566e-05,5.21781464049127e-05
894,5.1214316966555394e-05,4.931913208565675e-05,5.24142871562314e-05,5.18354825268034e-05
895,5.0808361330483524e-05,4.775880574015901e-05,5.254520319447491e-05,5.181131078279579e-05
896,5.551366698152075e-05,0.00010190714034251869,5.2018189551179415e-05,5.1860568512347545e-05
897,5.484040368982177e-05,5.990693636704236e-05,5.193470230636498e-05,5.1927069635712553e-05
898,4.9967591718692956e-05,4.021924607513938e-05,5.17658423651786e-05,5.214693755551708e-05
899,5.0124349606145794e-05,4.0385957763646726e-05,5.172881110726546e-05,5.228597481618636e-05
900,5.063395022362885e-05,5.38505261647515e-05,5.1512700330284945e-05,5.1279804611112934e-05
901,5.295223624367888e-05,5.510605158633552e-05,5.142409432575935e-05,5.079555240517949e-05
902,4.894568072308579e-05,4.369637215859257e-05,5.135269522401763e-05,5.1011450315127164e-05
903,5.430216176642312e-05,6.367794892867096e-05,5.1044032911239714e-05,5.071316397807097e-05
904,5.156514730414428e-05,4.0191619264078325e-05,5.10311258837141e-05,5.07976392604178e-05
905,4.903081311365693e-05,5.16203380539082e-05,5.1034625934941383e-05,4.936702045670246e-05
906,4.814217353769992e-05,4.174794288701378e-05,5.106993358575791e-05,4.990981203154661e-05
907,5.589654289198936e-05,6.109712514444254e-05,5.1047173871645815e-05,4.975694118184038e-05
908,4.579734158243001e-05,4.333691249485128e-05,5.098501497187601e-05,4.979179117362948e-05
909,4.72737896133266e-05,4.8992489464581016e-05,5.063756656955876e-05,4.7420210600830615e-05
910,4.9270315907455774e-05,4.666091801482253e-05,5.0536302078398874e-05,4.7396346408640974e-05
911,5.1413471454806215e-05,4.4483442907221614e-05,5.039121350047127e-05,4.7883348693721936e-05
912,4.855530706764613e-05,3.934037318686023e-05,5.047248013336988e-05,4.952240356942639e-05
913,5.3481607853124536e-05,4.16335429326864e-05,5.0746201949207016e-05,5.0556096900254485e-05
914,5.29999373086159e-05,4.955742653692141e-05,5.05767973343609e-05,5.0437343283556405e-05
915,4.81959533418477e-05,3.96778521098895e-05,5.087601898800738e-05,5.214639992336743e-05
916,5.142624435797592e-05,4.667919412895571e-05,5.076254128071015e-05,5.160692409262993e-05
917,5.385645238372187e-05,4.29023067408707e-05,5.0629608025256966e-05,5.1921195790055216e-05
918,5.0540522675469726e-05,5.3995699709048494e-05,5.0545927783888254e-05,5.1604888369911355e-05
919,5.06453241137529e-05,4.5497360843000935e-05,5.052998116815515e-05,5.165938262653072e-05
920,4.9254388836238327e-05,4.86300555348862e-05,5.032431789861423e-05,5.0902591957128614e-05
921,4.682745692358973e-05,4.261762602254748e-05,5.041463039427375e-05,5.120101513748523e-05
922,5.23087914108247e-05,5.931033156230115e-05,5.055035528882096e-05,5.1318056273157716e-05
923,4.634037727050276e-05,5.239430320216343e-05,5.048979768988728e-05,5.1486919613671496e-05
924,5.215601542861097e-05,8.136232965625822e-05,5.046951749213299e-05,5.284868391172495e-05
925,5.747699561955718e-05,7.9692859435454e-05,5.055121277142057e-05,5.362625935522374e-05
926,4.871712087252591e-05,5.213721116888337e-05,5.031979933167651e-05,5.6114014697959645e-05
927,5.6426222064247766e-05,8.642278815386817e-05,5.0462877297670476e-05,5.564546604873613e-05
928,5.146521908399235e-05,5.0191053160233425e-05,5.0350701932459034e-05,5.7834632581216286e-05
929,4.824181591781477e-05,4.804841169971041e-05,5.02305484923353e-05,5.7457346099545245e-05
930,4.693880707943915e-05,4.371265255031176e-05,5.007106748525984e-05,5.735938458237797e-05
931,4.774350814437235e-05,4.311029930249788e-05,5.0048764160601413e-05,5.706287974608131e-05
932,5.0754961153466464e-05,4.2177358409389853e-05,5.0112327580831734e-05,5.768491722992622e-05
933,4.805515397391799e-05,5.079749200376682e-05,5.0025327504327934e-05,5.7245060836430645e-05
934,5.066691197700695e-05,5.191851785639301e-05,5.006576454939527e-05,5.780990606290289e-05
935,4.775637593411375e-05,5.0882501527667044e-05,4.9967311287764463e-05,5.920741196023301e-05
936,5.0906466510948825e-05,7.852755035855807e-05,5.006581037434646e-05,5.8942637371364975e-05
937,5.0597689049835836e-05,5.877975927432999e-05,4.989619891728377e-05,5.81315207935404e-05
938,4.769627185952332e-05,0.00010382742650108412,4.9656426284087084e-05,5.686319839442149e-05
939,5.657688645846469e-05,3.784371030633338e-05,4.95712645212835e-05,5.639916687214281e-05
940,4.539156921156165e-05,9.440701542189345e-05,4.9149895763710236e-05,5.483509954938199e-05
941,4.842240835488257e-05,3.7247032087179835e-05,4.883311795614038e-05,5.477863390406127e-05
942,4.98694272068355e-05,4.0453268811688756e-05,4.8872618234923313e-05,5.458184712042566e-05
943,4.998293955900913e-05,4.6583078801631925e-05,4.8971597446587926e-05,5.4430015289108256e-05
944,5.22344096195108e-05,6.104829793912358e-05,4.888287435508876e-05,5.43444453156553e-05
945,4.7079386923643246e-05,3.763364569749683e-05,4.8951727352525465e-05,5.4310279793571667e-05
946,4.7838383050273275e-05,5.6738756684353574e-05,4.906560344728253e-05,5.3967090474907304e-05
947,4.984745987005428e-05,9.424797899555415e-05,4.89044026182253e-05,5.33605685486691e-05
948,4.8802854435052724e-05,4.5774938480462877e-05,4.885977930696552e-05,5.327081780706066e-05
949,4.791572900204402e-05,6.108441521064378e-05,4.861794231870185e-05,5.162259135977365e-05
950,5.148267978964011e-05,4.798479945748113e-05,4.846865156675145e-05,5.0801806864910765e-05
951,4.658807680243626e-05,4.053642311191652e-05,4.840537949720682e-05,4.992017498298083e-05
952,4.58920031249161e-05,4.732110508484766e-05,4.795660113401634e-05,5.009994198917412e-05
953,4.354577389474596e-05,4.8779412027215584e-05,4.816994768415397e-05,4.940890443394893e-05
954,4.9229322887387955e-05,4.3128742108820004e-05,4.818950970996715e-05,4.947864909481723e-05
955,4.941328737105424e-05,3.991685676737688e-05,4.8093200016268795e-05,5.0968798226676886e-05
956,4.552543085689346e-05,4.097104996617418e-05,4.804099048148298e-05,5.0966333760879936e-05
957,5.24762860893841e-05,4.132322035729885e-05,4.780561730844461e-05,5.033947720658035e-05
958,5.090205634284454e-05,4.221775903715752e-05,4.7769691856390445e-05,5.042202454060318e-05
959,4.66368912505762e-05,3.675546970043797e-05,4.761459982950733e-05,5.005848189466634e-05
960,4.664079315261915e-05,4.863873298745602e-05,4.7500032610615674e-05,4.8327080800663686e-05
961,4.486054180435733e-05,3.732188917638268e-05,4.755259161126258e-05,4.831768251024187e-05
962,4.68654202510758e-05,3.8260146902757695e-05,4.7858587866358e-05,4.771120821824298e-05
963,4.611447012090745e-05,8.178662945283577e-05,4.769098815886537e-05,4.883114740950987e-05
964,4.5357427378702496e-05,4.233788546116557e-05,4.76488532926952e-05,4.8783792450558404e-05
965,5.072523296500246e-05,7.71310765412636e-05,4.772829767656125e-05,4.892216539592483e-05
966,4.891145900021204e-05,3.899064860888757e-05,4.789913112229745e-05,4.8748141934629524e-05
967,4.7461684864376566e-05,7.770699710818007e-05,4.780060273785946e-05,4.9822359246900306e-05
968,4.867770118936379e-05,4.652146715670824e-05,4.7923127008834854e-05,5.025225863209925e-05
969,4.63500802935515e-05,4.537688408163376e-05,4.79358188853237e-05,5.010112586023751e-05
970,4.6181250622289046e-05,3.9697329048067334e-05,4.775103858749693e-05,5.0009593580034546e-05
971,4.396108237819539e-05,4.765019053593278e-05,4.744536091974523e-05,5.140343738894443e-05
972,4.6983279397762895e-05,5.096295164548792e-05,4.73339610383846e-05,5.1702637394191695e-05
973,5.0116829451225287e-05,4.553998121991754e-05,4.746419175903107e-05,5.164231150411069e-05
974,5.55656353794297e-05,4.5922557910671456e-05,4.7447448256813614e-05,5.175407287024427e-05
975,4.729268710232443e-05,7.59832792391535e-05,4.7468467683696275e-05,5.1625643862644205e-05
976,4.553470514818198e-05,3.935254913812969e-05,4.744239093488432e-05,5.094249108224176e-05
977,4.7878112721567355e-05,5.0780428719008345e-05,4.734903760828376e-05,5.066950956825167e-05
978,4.7816610038151136e-05,4.442882549483329e-05,4.727432554961221e-05,4.9030119838425895e-05
979,4.676611327643817e-05,6.998417491558939e-05,4.711231083872715e-05,4.887818517163397e-05
980,5.247639414543907e-05,5.066434139735065e-05,4.68588258630512e-05,4.734796423290391e-05
981,4.584272776911449e-05,3.7192730669630695e-05,4.6737810742585375e-05,4.848945237754379e-05
982,4.7856778643714884e-05,3.903491335222497e-05,4.681393735865842e-05,4.8778996992041346e-05
983,4.326011464905201e-05,7.706385425990448e-05,4.678637021044981e-05,4.9138252888224084e-05
984,4.385189421656024e-05,4.423546983161941e-05,4.669164249426103e-05,4.881790081271901e-05
985,4.9896561168780963e-05,4.713058573543094e-05,4.6689532739482174e-05,4.823781770246569e-05
986,4.4441954248921116e-05,4.011592332972213e-05,4.658950537034091e-05,4.778961852134671e-05
987,4.739090592314218e-05,3.5049421712756156e-05,4.61503139372831e-05,4.7503087591030636e-05
988,4.546255140060869e-05,6.470780994277447e-05,4.5995666544493166e-05,4.642068519315216e-05
989,4.302359421368844e-05,3.551334761141334e-05,4.5953271891711563e-05,4.624148393049836e-05
990,4.885743149821388e-05,3.614633329561911e-05,4.599891769782213e-05,4.556442540488206e-05
991,4.486109122808557e-05,3.51922819390893e-05,4.60351334230735e-05,4.541083063813858e-05
992,4.112456047247785e-05,3.9451473639928736e-05,4.614295517248037e-05,4.506077396799811e-05
993,4.5652323177718144e-05,7.505867077270523e-05,4.589288011411554e-05,4.4894361065234996e-05
994,4.82532456953777e-05,5.2615499444073064e-05,4.5765555793170486e-05,4.480768127832562e-05
995,4.549207191707359e-05,4.86787264526356e-05,4.5555835791795595e-05,4.556292978231796e-05
996,4.159288947347603e-05,3.964138864830602e-05,4.5560024916954314e-05,4.400783167220652e-05
997,4.693053552829143e-05,3.646087388915475e-05,4.551002878053825e-05,4.356795991479884e-05
998,4.761614522269358e-05,3.4335001691943036e-05,4.574078987441479e-05,4.4245485981809896e-05
999,4.458584955298445e-05,3.875928465276956e-05,4.580460652254664e-05,4.4009318482130755e-05
1000,4.342650228257601e-05,4.8923219292191786e-05,4.5560358812023575e-05,4.428892910364083e-05
1001,4.447483882864213e-05,3.487251757178456e-05,4.5483111157470074e-05,4.325343469099606e-05
1002,4.901925787433154e-05,3.385396557860076e-05,4.56182781830042e-05,4.381990967085584e-05
1003,4.872200316943539e-05,4.058895632624626e-05,4.54423093007386e-05,4.423744464875199e-05
1004,4.946165701160984e-05,6.123275816207751e-05,4.561159598201307e-05,4.444272514374461e-05
1005,4.62245176863184e-05,4.650401882827282e-05,4.562427852134634e-05,4.438050298485905e-05
1006,4.265961974548797e-05,3.50257359968964e-05,4.557914760694581e-05,4.2800203175283974e-05
1007,4.261377860934266e-05,5.791612595203333e-05,4.534977354406793e-05,4.2500936798751354e-05
1008,4.336484277802002e-05,3.8186401507118714e-05,4.526781337885445e-05,4.2102960322517895e-05
1009,4.260199080615874e-05,3.3238675896427595e-05,4.526451299574951e-05,4.1912615168257617e-05
1010,5.5665588515694256e-05,6.40687374107074e-05,4.505998718927408e-05,4.327820723410696e-05
1011,4.6037370452217553e-05,3.421173583774362e-05,4.501214070122741e-05,4.381301963003352e-05
1012,4.128471316006552e-05,4.2039687250507996e-05,4.4858773529671865e-05,4.386508725001477e-05
1013,4.353136003677112e-05,3.8820449626655316e-05,4.503684871694229e-05,4.410772945848294e-05
1014,4.640276985204158e-05,4.967522210790776e-05,4.4869022005392856e-05,4.415193961176556e-05
1015,4.445820944157377e-05,4.6584707743022594e-05,4.4514650354782744e-05,4.420008935849183e-05
1016,4.909325825994731e-05,4.0324294313904826e-05,4.4216147486198084e-05,4.41739805508405e-05
1017,4.144162395580982e-05,3.789591966778971e-05,4.3985317834691766e-05,4.316289323905949e-05
1018,4.452405031770468e-05,3.555117553332821e-05,4.377978622990971e-05,4.266128864546773e-05
1019,4.251889412343088e-05,4.513384003075771e-05,4.37747147416101e-05,4.258508833299857e-05
1020,4.3443067786736514e-05,3.872931454679929e-05,4.375812700374001e-05,4.174686431069859e-05
1021,4.151037989585247e-05,3.488275979179889e-05,4.367675166674114e-05,4.2007632256718354e-05
1022,4.181739036640566e-05,7.06006755353883e-05,4.3658099058342896e-05,4.214453335152939e-05
1023,4.641998302152691e-05,4.7705311590107155e-05,4.314361851785281e-05,4.097628159506712e-05
1024,4.075167026409569e-05,4.006097515230067e-05,4.29858918156242e-05,4.1053269378608085e-05
1025,4.787838196433667e-05,5.498927450389601e-05,4.298704925620566e-05,4.125604507862589e-05
1026,4.027917103990654e-05,3.5977771403850056e-05,4.293751949509089e-05,4.1327693566563535e-05
1027,4.0159966609078565e-05,3.505770924675744e-05,4.286623635238762e-05,4.078435625415295e-05
1028,4.1259431454818696e-05,3.993623613496311e-05,4.2860327091249125e-05,4.0756382141262286e-05
1029,4.3690915723952155e-05,3.595557536755223e-05,4.260716106089402e-05,4.105801428377162e-05
1030,4.1086227566766964e-05,3.3963903988478705e-05,4.299360240660867e-05,4.150642284366768e-05
1031,4.253283253799762e-05,3.3120728185167534e-05,4.294313429887148e-05,4.1399115716922096e-05
1032,4.219908516259036e-05,3.696052539453376e-05,4.303127682198667e-05,4.196627865021582e-05
1033,4.1330459353048355e-05,4.470560015761294e-05,4.332066849553181e-05,4.19547937286552e-05
1034,4.213567559620262e-05,3.6661203266703525e-05,4.32341350691988e-05,4.2237177747301756e-05
1035,4.280357500344205e-05,3.4862443499150686e-05,4.3113008820930394e-05,4.0761030247085725e-05
1036,4.209420289650249e-05,3.6136430426267905e-05,4.2933787577203477e-05,4.051222733396571e-05
1037,4.1313649174602084e-05,4.710907975095324e-05,4.3043672043455046e-05,4.02017338987207e-05
1038,4.229311600890166e-05,4.061166182509623e-05,4.266550379430151e-05,3.9430988181266e-05
1039,4.4620691284459705e-05,3.609178929764312e-05,4.2667536510917774e-05,3.950893963628915e-05
1040,4.431047791311155e-05,4.588535492075607e-05,4.2646731266803626e-05,3.940712212643121e-05
1041,4.27641075010696e-05,4.7865097876638174e-05,4.2659745979148685e-05,3.940720382670406e-05
1042,5.110265759867616e-05,4.910613366519101e-05,4.293225416525578e-05,3.953293979284353e-05
1043,4.326234762427501e-05,3.2868497364688664e-05,4.3064518988830976e-05,4.042917322949506e-05
1044,4.472245720131064e-05,5.931291336310096e-05,4.3027728838044116e-05,4.04919578548288e-05
1045,5.067785962536517e-05,3.844219150778372e-05,4.30464149397772e-05,4.130541863269172e-05
1046,3.934704423752717e-05,4.1942360257962716e-05,4.3058311661459607e-05,4.080448683816939e-05
1047,3.87892341596954e-05,3.369698802998755e-05,4.308057812579338e-05,4.085885130625683e-05
1048,4.193945192835397e-05,4.1485238762106745e-05,4.301720803842828e-05,4.0945198701228934e-05
1049,4.349878192038482e-05,3.229863927117549e-05,4.299336206070923e-05,4.135854259366169e-05
1050,3.842417573549836e-05,3.572063156752847e-05,4.300808742118533e-05,4.094645502627827e-05
1051,4.0329988955313135e-05,3.792655777942855e-05,4.296287495655835e-05,4.055586047179531e-05
1052,3.96398355062249e-05,3.2512271500309e-05,4.2819279219515406e-05,4.0593178803101186e-05
1053,4.1584799263445244e-05,3.993827864178456e-05,4.2886816796575053e-05,4.008904061338399e-05
1054,5.050362037662934e-05,3.909897452103905e-05,4.2881086311535906e-05,3.950710853387136e-05
1055,4.439284815614681e-05,5.63697399047669e-05,4.253632222017687e-05,3.8958880968857565e-05
1056,4.161307876832628e-05,3.469034381851088e-05,4.2575716368284914e-05,3.9769049739697954e-05
1057,4.266623770591751e-05,5.729704484110698e-05,4.2610355036514294e-05,3.8907877082237986e-05
1058,4.1627877395108546e-05,3.218230529455468e-05,4.2256515963041847e-05,4.0047617591335445e-05
1059,4.269233720454698e-05,3.802031496888958e-05,4.257813839002565e-05,4.023043740598951e-05
1060,4.1219322819314486e-05,3.702112837345339e-05,4.264257903366039e-05,4.027600285189691e-05
1061,4.1498053453526356e-05,4.647002773708664e-05,4.2515715421500824e-05,4.024099831294733e-05
1062,4.168178318650462e-05,3.680689056636765e-05,4.227842271922984e-05,4.043887017760425e-05
1063,4.116280439322711e-05,3.0846797963022254e-05,4.231052132316916e-05,4.032867656787856e-05
1064,4.1030797858386196e-05,3.702474758028984e-05,4.233754365898979e-05,4.033123807166702e-05
1065,4.599891733960248e-05,3.3281900177826176e-05,4.234628218206732e-05,4.087401218421291e-05
1066,4.2620845375091044e-05,3.331679588882252e-05,4.226897625356085e-05,4.0565660881111394e-05
1067,4.248355531470022e-05,3.540044453984592e-05,4.1828844299501115e-05,4.036399246833753e-05
1068,4.424720132697581e-05,5.312271663569845e-05,4.1637452475454966e-05,3.973078590352088e-05
1069,4.5588423907045376e-05,3.77835969266016e-05,4.1557056137955635e-05,3.9755744492867964e-05
1070,4.183188278855394e-05,6.693570423522033e-05,4.140208085817802e-05,3.9443560381187134e-05
1071,4.7387604912122094e-05,4.65128556243144e-05,4.132909532862767e-05,3.984185139415786e-05
1072,4.040025025056417e-05,3.48361241776729e-05,4.124197162228585e-05,3.982488722540438e-05
1073,3.876786162436474e-05,4.061012528836727e-05,4.130883202435345e-05,4.054006206570193e-05
1074,3.756646436361027e-05,3.7245435887598436e-05,4.1177368068343235e-05,4.004660568025429e-05
1075,3.922664083398154e-05,3.2965791324386376e-05,4.1041176451835784e-05,3.9950998098356645e-05
1076,4.100554735082874e-05,3.7990595374139957e-05,4.104574154480361e-05,4.011227595619857e-05
1077,3.9858298583163155e-05,4.6081624313956125e-05,4.101211996102292e-05,4.029264322598465e-05
1078,3.9652151050783385e-05,3.222949606424663e-05,4.077266505919397e-05,4.0499687998089936e-05
1079,3.950032152513611e-05,3.4057264201692306e-05,4.081729625144767e-05,4.0583461153437384e-05
1080,3.960805255499306e-05,4.0539575784350746e-05,4.061636857481467e-05,4.04980848368723e-05
1081,3.9603170330843167e-05,3.531430855218787e-05,4.046665252600279e-05,3.981095205235761e-05
1082,3.879185571147698e-05,4.94924420490861e-05,4.050319451748186e-05,3.9654467679793015e-05
1083,3.980323915634977e-05,4.213958061882295e-05,4.02912852832944e-05,3.865928447048646e-05
1084,4.051424454600136e-05,3.759621075005271e-05,3.994544061974415e-05,3.9271361890132536e-05
1085,4.289083287100463e-05,5.490049938089214e-05,3.99245596173892e-05,3.94994288100861e-05
1086,3.821145455327092e-05,3.4133618100895546e-05,3.9971916561060224e-05,3.9126506782486105e-05
1087,3.827699277381826e-05,3.441670101892669e-05,4.0033045355004204e-05,3.8911705842474476e-05
1088,4.1276931717422686e-05,3.487874440907035e-05,4.0020168799189077e-05,3.87910140416352e-05
1089,4.0190258263869004e-05,4.153392932494171e-05,4.0074736600541246e-05,3.889024837117177e-05
1090,4.001254479387879e-05,3.845801948045846e-05,4.012207553815744e-05,3.8935972677427344e-05
1091,4.373662518143343e-05,3.5411124772508626e-05,4.011539341348301e-05,3.922219166415744e-05
1092,3.746036339887521e-05,3.3266036625718696e-05,4.014333414201651e-05,3.9093261107336734e-05
1093,4.0504300106678986e-05,3.594439702283125e-05,4.007760493178568e-05,3.918502285960131e-05
1094,4.650197369402223e-05,3.3871487612486814e-05,4.014761423055057e-05,3.916151131561492e-05
1095,3.653415193386738e-05,4.2056124002556316e-05,4.0169293252822376e-05,3.891735513461755e-05
1096,3.8741488323365855e-05,6.18147911154665e-05,4.0218714075227686e-05,3.859796050237492e-05
1097,3.987822519169034e-05,4.053779717651196e-05,4.015560727889857e-05,3.847825367120094e-05
1098,3.99517852161403e-05,3.1287074598367326e-05,3.9976800300387875e-05,3.765036434924695e-05
1099,3.909468421220986e-05,3.1875412387307735e-05,3.994341726874053e-05,3.779062372632324e-05
1100,3.890472693860324e-05,2.9948496303404683e-05,4.0025993184665116e-05,3.76801116275601e-05
1101,4.236974238463315e-05,4.047145361255389e-05,3.989105997445424e-05,3.765995168650988e-05
1102,4.1041772023567723e-05,4.72247319703456e-05,4.0260172263434566e-05,3.7861254697781985e-05
1103,3.948509793392279e-05,3.9384970732498915e-05,4.023247315684178e-05,3.77143661637092e-05
1104,4.0198839738473504e-05,3.083400028117467e-05,3.9995104885181506e-05,3.764856815396343e-05
1105,3.7964822299222255e-05,4.28336195909651e-05,4.0110361469204585e-05,3.935735273116734e-05
1106,4.13534027999655e-05,3.4726519952528176e-05,4.024072625826294e-05,3.945725523517467e-05
1107,3.933383126827216e-05,4.338853752415162e-05,4.003586685495167e-05,3.970324952679221e-05
1108,4.103875971648247e-05,3.4154714812757446e-05,4.036817787548191e-05,4.018490005983039e-05
1109,3.893657463777345e-05,3.4603539970703425e-05,4.03114743723159e-05,3.942564719181973e-05
1110,3.842065840823731e-05,3.42032663320424e-05,4.048869052316553e-05,3.927858434326481e-05
1111,3.737687876208737e-05,3.764010252780281e-05,4.037438797466974e-05,3.936583453032654e-05
1112,4.0341390671932866e-05,3.165389854984824e-05,4.033363449594212e-05,3.921995823911857e-05
1113,3.790360146215082e-05,3.437474588281475e-05,4.035241025428857e-05,3.9223989876336424e-05
1114,4.9418065488377274e-05,4.6566504606744276e-05,4.0196476973101694e-05,3.8943918416043747e-05
1115,3.9320067129059076e-05,3.47858061286388e-05,4.013651789508812e-05,3.840617480454967e-05
1116,3.780241838992677e-05,3.3766174528864215e-05,4.0030253498439885e-05,3.805127700034064e-05
1117,4.034177799945206e-05,7.598565105581656e-05,4.00273138325752e-05,3.7984566495288166e-05
1118,4.376341983313776e-05,3.8441959623014556e-05,4.002534693394813e-05,3.7653968241647815e-05
1119,4.1380488611240356e-05,4.002134490292519e-05,3.987786045424098e-05,3.758950145565905e-05
1120,4.4841927447123454e-05,5.40973873285111e-05,3.9715109742731634e-05,3.7457161050406285e-05
1121,3.7323900744215484e-05,4.283346941519994e-05,3.95397949669536e-05,3.7515415978850794e-05
1122,4.430862896293143e-05,3.686122596263886e-05,3.954497953204231e-05,3.810472795739769e-05
1123,3.7094221503745455e-05,3.3468329274910505e-05,3.9697792310875636e-05,3.832038137770723e-05
1124,3.8075847244019514e-05,2.8228505107108505e-05,3.9863321731293877e-05,3.848032700771e-05
1125,3.937412089726422e-05,3.0049287233850918e-05,3.980847261619703e-05,3.846758325526024e-05
1126,3.8471410354961536e-05,3.346966710523702e-05,3.979280228894722e-05,3.8238045570324175e-05
1127,3.954279507322806e-05,3.378114168299362e-05,3.9255289467594896e-05,3.7530063351732675e-05
1128,3.682848801771696e-05,3.0512525627273134e-05,3.909721460368019e-05,3.741097778256517e-05
1129,4.012534809185632e-05,2.9166237654862927e-05,3.9149542103405115e-05,3.824799023568631e-05
1130,3.791564983354571e-05,3.456866324995645e-05,3.9075881575344186e-05,3.651552575465758e-05
1131,3.766624080728636e-05,3.311485030280892e-05,3.877108994913417e-05,3.6103916703723364e-05
1132,3.526506348053873e-05,4.008002739283256e-05,3.8688893915807254e-05,3.5847718676086515e-05
1133,3.665589032203166e-05,3.561108802387025e-05,3.833479098765464e-05,3.5016005605575626e-05
1134,3.9066188764991236e-05,4.933633943437599e-05,3.8318614612378754e-05,3.454911904991605e-05
1135,4.2240977879070364e-05,3.9594601839780805e-05,3.794001442648651e-05,3.421363165834919e-05
1136,4.151511427254364e-05,4.163874327787198e-05,3.80229173223294e-05,3.4535670097102414e-05
1137,3.897016279451135e-05,3.1335304738604465e-05,3.803479268859115e-05,3.520248820714187e-05
1138,3.751184328090555e-05,2.863630375941284e-05,3.799949338216619e-05,3.655314173083752e-05
1139,3.598024495456937e-05,2.8866949141956864e-05,3.796550801052944e-05,3.636112831882201e-05
1140,3.5368195531191306e-05,3.180866689945105e-05,3.798313693276011e-05,3.6448298895265906e-05
1141,3.9110605883049884e-05,5.469148585689254e-05,3.800730966565121e-05,3.638511284079869e-05
1142,3.8500264797928844e-05,3.267403903009836e-05,3.790365033136267e-05,3.6756465272628705e-05
1143,3.6143629177887405e-05,2.815173334965948e-05,3.78356107112874e-05,3.6572856380371376e-05
1144,3.932558777806763e-05,3.36163942120038e-05,3.784132504984478e-05,3.6333551749703474e-05
1145,3.5989354243308e-05,3.330456056573894e-05,3.786813316789146e-05,3.590600966417696e-05
1146,3.691949136231819e-05,3.1161305523710323e-05,3.783938876618373e-05,3.591837713611312e-05
1147,3.4843624315625576e-05,2.8474041173467412e-05,3.762428247201671e-05,3.5101901678717695e-05
1148,3.91667938998176e-05,4.1519290243741124e-05,3.7292573248204366e-05,3.464744700759184e-05
1149,3.837273140056317e-05,4.489895785809495e-05,3.7097607653251746e-05,3.4362239533220414e-05
1150,3.849163823664033e-05,6.38156253262423e-05,3.690670204814524e-05,3.4315205071470695e-05
1151,3.7621776064042935e-05,2.8669331804849207e-05,3.704123881632566e-05,3.4846413569175635e-05
1152,3.9983518128994746e-05,3.5960406094091014e-05,3.698166505168451e-05,3.49545894016046e-05
1153,3.7432806339994487e-05,2.8932874265592545e-05,3.708625662224626e-05,3.503909349674359e-05
1154,3.7533864734642624e-05,3.8450048450613394e-05,3.700721292827641e-05,3.399933532928117e-05
1155,3.621465933166393e-05,2.997844094352331e-05,3.6986310712301125e-05,3.4296553509193474e-05
1156,3.780909927122088e-05,2.7132234536111354e-05,3.6936146387435865e-05,3.500626415479929e-05
1157,3.593526643170561e-05,2.9391475254669786e-05,3.68223020895837e-05,3.527636984945275e-05
1158,3.593728027933847e-05,3.5920274822274226e-05,3.685644498117553e-05,3.5394432378234345e-05
1159,3.368853141081571e-05,2.8924452999490312e-05,3.677862342948276e-05,3.551209683064372e-05
1160,3.39482472837618e-05,2.823323506163433e-05,3.691155355853779e-05,3.560428404889535e-05
1161,3.664097439872825e-05,3.450855641858652e-05,3.67100280585065e-05,3.518172529293224e-05
1162,3.4197522666848574e-05,3.0159443194861524e-05,3.6553083692302214e-05,3.453481344622559e-05
1163,4.087526248541609e-05,4.191651620203629e-05,3.6384727703989484e-05,3.329735920124222e-05
1164,3.449090083854066e-05,3.1571344952681104e-05,3.624157940050484e-05,3.324175426678267e-05
1165,3.7982984795235095e-05,3.39212692779256e-05,3.6036522710411296e-05,3.322497114131693e-05
1166,3.713451353380353e-05,2.8697531670331956e-05,3.605677358120576e-05,3.421565863245633e-05
1167,3.797770939854672e-05,4.0104493527906016e-05,3.60762207413144e-05,3.398780522111338e-05
1168,3.4889521056255845e-05,4.589449948980473e-05,3.606931014186961e-05,3.4519425121834504e-05
1169,3.647948033176362e-05,4.0369036578340453e-05,3.602054189606052e-05,3.47756273840787e-05
1170,3.6842926533103716e-05,3.625612378527876e-05,3.6015370641446984e-05,3.4836184326559316e-05
1171,3.4973952569998804e-05,3.410291683394462e-05,3.59029375006988e-05,3.5219060629606265e-05
1172,3.816687754200151e-05,3.0778721629758366e-05,3.591065655928105e-05,3.599832399049775e-05
1173,3.412865639903531e-05,3.095532134466339e-05,3.598626450629025e-05,3.6166487514856276e-05
1174,3.444912224545583e-05,2.8726161690428854e-05,3.590976562409196e-05,3.5965692534227866e-05
1175,3.428273852882234e-05,3.287926920165773e-05,3.592642259932796e-05,3.577924365235959e-05
1176,3.4043068476926744e-05,2.7279208443360402e-05,3.56415684063298e-05,3.5279781263670896e-05
1177,3.485710087665615e-05,3.554082795744762e-05,3.553886795707512e-05,3.558634924702346e-05
1178,3.793907810985628e-05,5.370006154407747e-05,3.5452850686851885e-05,3.532570043462328e-05
1179,3.8020043737358514e-05,3.2753713167039675e-05,3.542350940859049e-05,3.529048301279544e-05
1180,3.604189434554428e-05,4.3268938461551444e-05,3.531067661840806e-05,3.619585139094851e-05
1181,3.658989312599361e-05,3.353729109221604e-05,3.539093529511269e-05,3.571396468032616e-05
1182,3.5805985066367106e-05,3.090539881668519e-05,3.549496606331862e-05,3.554260229284409e-05
1183,3.3126451760633955e-05,4.549218239844777e-05,3.5593714380552736e-05,3.585744515294209e-05
1184,3.388150787537193e-05,4.8406037021777595e-05,3.5691011676034476e-05,3.551540873886552e-05
1185,3.583844595899185e-05,3.2437323170597665e-05,3.555831410728084e-05,3.5346704837866136e-05
1186,3.472850234377095e-05,2.9488681902876124e-05,3.548309426276116e-05,3.5243413495481956e-05
1187,3.46139470477485e-05,2.54982211481547e-05,3.557452214251195e-05,3.5288295947248124e-05
1188,3.375390766046217e-05,2.942995648481883e-05,3.552017195017671e-05,3.500735550478566e-05
1189,3.1923389607173806e-05,3.923554453649558e-05,3.560848734939807e-05,3.508268733858131e-05
1190,3.583255303965416e-05,2.7405048967921175e-05,3.5621993495119055e-05,3.494082794641145e-05
1191,3.640098157726849e-05,2.781709612463601e-05,3.577100991177657e-05,3.418535006931052e-05
1192,3.515688964398578e-05,6.273870298173278e-05,3.575023646618421e-05,3.502749642357231e-05
1193,3.689598797387185e-05,3.384733172424603e-05,3.557649013738329e-05,3.443943065940403e-05
1194,3.908024953691185e-05,3.6084976891288534e-05,3.537161309003649e-05,3.422334025672172e-05
1195,3.931163446395658e-05,4.412719528772868e-05,3.5219834303037114e-05,3.4134054920286874e-05
1196,3.7406384957042365e-05,2.5552006482030264e-05,3.520797373639653e-05,3.337864845234435e-05
1197,3.484943832316074e-05,2.6561124104773626e-05,3.529438642742915e-05,3.24705873907078e-05
1198,3.2248160286043356e-05,2.8373037785058842e-05,3.515502393695189e-05,3.217980001936666e-05
1199,3.6734819239225345e-05,2.9848222984583116e-05,3.513049578161574e-05,3.228460780519526e-05
1200,3.2923983720441656e-05,2.585575814009644e-05,3.509732341028414e-05,3.2433263480197634e-05
1201,3.6250953457460533e-05,2.916250428825151e-05,3.515668211022987e-05,3.275977651937865e-05
1202,3.519475451968093e-05,3.1994343153201044e-05,3.5321966692734144e-05,3.238870204950217e-05
1203,4.166448852629401e-05,3.481311461655423e-05,3.5272614046213376e-05,3.236945848329924e-05
1204,3.7500707597549385e-05,5.3807372023584324e-05,3.532303569776964e-05,3.2355213549453766e-05
1205,3.1698236125521365e-05,2.856729435734451e-05,3.5331571296329563e-05,3.130888193845749e-05
1206,3.1467966942323576e-05,2.8135031025158243e-05,3.523295802054539e-05,3.1884617029572844e-05
1207,3.2011515391382596e-05,2.8673265405814162e-05,3.5057018040970424e-05,3.2546619334607386e-05
1208,3.2829937594619375e-05,2.6607020699884743e-05,3.5102869779641164e-05,3.23853627225617e-05
1209,3.604182515118737e-05,2.5704510480863974e-05,3.494959339861654e-05,3.2353448453068266e-05
1210,3.235438369706066e-05,2.516763888706919e-05,3.484985634988536e-05,3.273961656814208e-05
1211,3.411529846036703e-05,3.210887654859107e-05,3.4886641612360515e-05,3.261497285420773e-05
1212,3.378463776445844e-05,2.921461302321404e-05,3.4889647841757525e-05,3.2502254036080564e-05
1213,3.523787515910549e-05,3.759278246434405e-05,3.487672627557509e-05,3.2696119930187716e-05
1214,3.605550416978076e-05,2.995868278958369e-05,3.4710846328622816e-05,3.3524737063271466e-05
1215,3.459873687663478e-05,2.6923959812847896e-05,3.4698197622815816e-05,3.326903379202122e-05
1216,3.766152286617499e-05,2.7460972778499125e-05,3.4405596011492886e-05,3.292098356032512e-05
1217,3.5370279607983924e-05,3.658041270682588e-05,3.425123131455621e-05,3.2052974346152044e-05
1218,3.443065607926757e-05,4.824070900212973e-05,3.438490344059473e-05,3.208223448455101e-05
1219,3.468175004753802e-05,5.263503451715223e-05,3.439226274123131e-05,3.203260840236908e-05
1220,4.045792793072501e-05,4.009577998658642e-05,3.4416386811547755e-05,3.194500491808867e-05
1221,3.357447543142674e-05,2.4754149744694587e-05,3.4404512767246664e-05,3.194911542377667e-05
1222,3.23560121048811e-05,3.6215326981619e-05,3.443254201928438e-05,3.198433124198345e-05
1223,3.316779184792217e-05,2.5256944936700166e-05,3.451926059189847e-05,3.223013061069651e-05
1224,3.680997497415067e-05,2.7030252531403676e-05,3.451516811894382e-05,3.246194257662864e-05
1225,3.260094456588073e-05,3.0702405492775145e-05,3.464980046022295e-05,3.234878173534526e-05
1226,3.210395478365374e-05,4.9877932615345346e-05,3.4556363281282964e-05,3.2103732538234906e-05
1227,3.4878536874506e-05,2.560176137194503e-05,3.458094979400307e-05,3.3083392736443784e-05
1228,3.434944824322075e-05,2.6111858824151567e-05,3.441494617873104e-05,3.328050208947389e-05
1229,3.3641590174132335e-05,3.2107141669257545e-05,3.4282303468434194e-05,3.3178794813284185e-05
1230,3.50400392764843e-05,2.92987978173187e-05,3.408839675879183e-05,3.33877512064646e-05
1231,3.165194945823815e-05,2.6894378970609976e-05,3.4061822687282174e-05,3.250222987408051e-05
1232,3.261461714929384e-05,2.6483178298803978e-05,3.399451540204204e-05,3.166703401802806e-05
1233,3.253308648709208e-05,2.6709783342084847e-05,3.3668814322219184e-05,3.26493384243804e-05
1234,3.674255645213028e-05,2.6584905936033464e-05,3.3589342980445104e-05,3.271296047314536e-05
1235,3.4522348012413e-05,3.131262310489547e-05,3.3640443805779795e-05,3.2335085044906e-05
1236,3.40129866365007e-05,3.790417569689453e-05,3.368425277682642e-05,3.2365324911370404e-05
1237,3.715044629643671e-05,2.638559199112933e-05,3.343780202299563e-05,3.240881026285933e-05
1238,3.290194568560562e-05,3.146655253658537e-05,3.359302001869462e-05,3.2382217353733715e-05
1239,3.6670166987783484e-05,5.445018774480559e-05,3.358507594255368e-05,3.17792891539284e-05
1240,3.0448646494834165e-05,3.185169363860041e-05,3.345141747235579e-05,3.232719267107314e-05
1241,3.434545510875371e-05,2.491829087375663e-05,3.326542326831259e-05,3.266081145120552e-05
1242,3.0522611866925016e-05,4.180432253633626e-05,3.326361620177825e-05,3.26602659173659e-05
1243,3.376630429152606e-05,2.6102675692527556e-05,3.348631389607262e-05,3.292018488136819e-05
1244,3.2999067916534844e-05,3.1755138115840965e-05,3.349399255886157e-05,3.29750491087907e-05
1245,3.231540093515327e-05,6.465339014539495e-05,3.343761809972219e-05,3.295386474201223e-05
1246,3.1587691887074876e-05,2.6344700963818467e-05,3.333822001457318e-05,3.2953212693973905e-05
1247,3.36335327382484e-05,2.676844127563527e-05,3.3257481362023914e-05,3.3208311574708204e-05
1248,3.42630161240878e-05,2.6012941598310137e-05,3.312608851136045e-05,3.294153735478176e-05
1249,3.064870612838099e-05,2.8117386318626813e-05,3.29919219859423e-05,3.2912063058756756e-05
1250,3.648139445835517e-05,3.0037582764634862e-05,3.2842357445851016e-05,3.2921265416371165e-05
1251,3.190535288013052e-05,3.480472762021236e-05,3.2895591704194284e-05,3.396692132664611e-05
1252,3.153707511955872e-05,3.929934930056334e-05,3.273837003491482e-05,3.300304142321692e-05
1253,2.9699593142140657e-05,3.445232832746115e-05,3.270295854712863e-05,3.269734401983442e-05
1254,3.359641351077395e-05,3.209350332326721e-05,3.253129554327138e-05,3.2792601063556505e-05
1255,4.0607481633843335e-05,3.579677191737574e-05,3.2592766874747924e-05,3.219556919502792e-05
1256,3.184391602796192e-05,2.8265984656172805e-05,3.240904026622755e-05,3.2107869662286245e-05
1257,3.120525567080929e-05,2.5953569129342212e-05,3.225951436987897e-05,3.1909859793086075e-05
1258,3.0048134358366952e-05,2.669348214112688e-05,3.212996732505013e-05,3.0393016718153377e-05
1259,3.4724090138398524e-05,3.2962377954390835e-05,3.2153839387885664e-05,3.0825771890522444e-05
1260,3.1237526745826474e-05,2.46432676067343e-05,3.207672759486337e-05,3.1531880772672596e-05
1261,3.0658823501047054e-05,3.7167318296269514e-05,3.2023842760342335e-05,3.1835995710571295e-05
1262,3.341133279415468e-05,2.6615650931489654e-05,3.207715178836629e-05,3.193199546076357e-05
1263,3.4232802144187085e-05,5.7607950293459e-05,3.1995185607714434e-05,3.178982496901881e-05
1264,3.273962525579716e-05,3.0353190159075893e-05,3.1871489324354724e-05,3.279767561762128e-05
1265,2.9563359300179098e-05,2.420925855403766e-05,3.193775665470943e-05,3.268505935266148e-05
1266,3.005388001232253e-05,2.7299716966808772e-05,3.206942926836848e-05,3.257827729103156e-05
1267,3.2059395153838625e-05,2.687852582312189e-05,3.189158378566694e-05,3.278653527668212e-05
1268,2.917313907851672e-05,2.3910187373985536e-05,3.161722336129363e-05,3.2373046240536495e-05
1269,2.9260920507820427e-05,2.6804891385836528e-05,3.14928536563659e-05,3.223199041385669e-05
1270,2.9076724814432155e-05,2.673231327207759e-05,3.1476950857743056e-05,3.2706436802982356e-05
1271,3.218449345796317e-05,3.716358027304523e-05,3.157181549419572e-05,3.262301421200391e-05
1272,3.17057379126911e-05,4.442116332938895e-05,3.1536043240177814e-05,3.252503111725673e-05
1273,3.29408952610619e-05,3.361581504577771e-05,3.152381877104441e-05,3.2641331464401446e-05
1274,3.198143182897992e-05,3.051738007343374e-05,3.143661585507087e-05,3.2121587947767694e-05
1275,3.443223994205861e-05,2.648332047101576e-05,3.139642084942251e-05,3.195767804136268e-05
1276,2.8812945796137986e-05,6.000099383527413e-05,3.1223237419746714e-05,3.1131175199698205e-05
1277,3.319375837842623e-05,3.6483942676568407e-05,3.126800905803167e-05,3.081780027860078e-05
1278,3.29914084836168e-05,3.178277678671293e-05,3.1354151734073336e-05,3.078446725994582e-05
1279,2.9150276443235474e-05,3.729995296453126e-05,3.1470203674204335e-05,3.122585968085332e-05
1280,3.374847102451086e-05,2.5459546013735234e-05,3.146006322802148e-05,3.153885578358313e-05
1281,2.8734673404768627e-05,2.473958898917772e-05,3.152434853675206e-05,3.171820235002088e-05
1282,3.0807685705238126e-05,3.781472885748371e-05,3.153064067074511e-05,3.219338510389207e-05
1283,3.2419750269683494e-05,2.460791736666579e-05,3.1629256858529216e-05,3.254901131003862e-05
1284,3.3829783787950874e-05,3.0512800585711374e-05,3.1593064553453587e-05,3.217047470534453e-05
1285,3.093191501749162e-05,2.7550776285352184e-05,3.161060681789726e-05,3.1418771656171886e-05
1286,2.8478750601708373e-05,2.4173730380425696e-05,3.147851676153045e-05,3.125199756614165e-05
1287,3.2406457652945794e-05,2.251790327136405e-05,3.1574512655141814e-05,3.0996236826467785e-05
1288,2.9903216402292148e-05,3.694537925184704e-05,3.142364500203662e-05,3.088538587762741e-05
1289,3.385891621292103e-05,2.251881713164039e-05,3.167461172933044e-05,2.9647004151775033e-05
1290,3.171692620122081e-05,2.3375933087663724e-05,3.150748531738323e-05,2.911150241125142e-05
1291,3.295517851559756e-05,3.8334527489496394e-05,3.132460262616709e-05,2.922488636540947e-05
1292,3.180588399926718e-05,3.4703428391367196e-05,3.1304146208276515e-05,2.8661192092113194e-05
1293,3.078027179678126e-05,2.8393851534929128e-05,3.119583023217274e-05,2.854285247303778e-05
1294,2.9418223857646807e-05,3.8684460232616405e-05,3.126573810958589e-05,2.8567692714568693e-05
1295,3.154212950903456e-05,3.562296842574142e-05,3.1347214984028446e-05,2.9174287618661762e-05
1296,3.127968583107253e-05,2.7700165155692957e-05,3.129293728674788e-05,2.9318938638607506e-05
1297,3.214429452378277e-05,2.5628587100072763e-05,3.112696771293284e-05,2.9205855914915446e-05
1298,2.963864385189178e-05,2.9446462795021942e-05,3.1066656577523745e-05,2.9223514739715032e-05
1299,3.4381329169264066e-05,2.412336158158723e-05,3.111661720273939e-05,2.9243457727716303e-05
1300,3.0660548614428586e-05,2.3712046750006267e-05,3.10610386635138e-05,2.92810600498342e-05
1301,3.508711397848351e-05,2.9041450688964686e-05,3.1041902263112005e-05,2.9093020434083886e-05
1302,2.9015598079745863e-05,2.3096399163478055e-05,3.083847576781409e-05,2.9225021427555475e-05
1303,2.8419341203213358e-05,3.461737564066425e-05,3.0931005650361634e-05,2.9346302703197584e-05
1304,2.8638865995971072e-05,2.320759613212431e-05,3.089373931563588e-05,2.905503422516631e-05
1305,3.104057162191667e-05,2.250105553684989e-05,3.078713344988905e-05,2.859565963590285e-05
1306,3.048237034009718e-05,2.5360595027450473e-05,3.0773166211212e-05,2.86185875927913e-05
1307,3.284460756630223e-05,5.2979601459810514e-05,3.0752569244133255e-05,2.8004043140390425e-05
1308,3.1062807837669326e-05,2.8224192865309304e-05,3.06296873722911e-05,2.752945715474198e-05
1309,2.9680544442574805e-05,2.7685732493409888e-05,3.05738004795987e-05,2.7412483039370273e-05
1310,2.9424136632264386e-05,2.7992246905341745e-05,3.0442324658765252e-05,2.733116880845046e-05
1311,2.9727766232099385e-05,2.467230508045759e-05,3.0411125126152506e-05,2.7142259421816567e-05
1312,3.1016994172306215e-05,2.3457961324311326e-05,3.0266348031000233e-05,2.7158931574376765e-05
1313,2.9424806392247168e-05,3.224438885808922e-05,3.041987033146951e-05,2.741263022035128e-05
1314,2.8773253830473144e-05,2.5818841968430207e-05,3.019467453543459e-05,2.736046424688539e-05
1315,3.403017326490954e-05,2.6407964978716335e-05,3.016982821249662e-05,2.7803595880686775e-05
1316,3.202352014745379e-05,3.105281553871464e-05,3.01144905318021e-05,2.736793840158498e-05
1317,2.914073735559618e-05,2.321906365978066e-05,3.0315054062278556e-05,2.7392354494077157e-05
1318,3.0431090829855143e-05,2.896705045714043e-05,3.0196655240352912e-05,2.7351337470463476e-05
1319,2.8903299680678172e-05,2.332084892259445e-05,3.011963682406026e-05,2.7611032553249966e-05
1320,2.847008271298061e-05,2.3758318784530276e-05,2.995544561199495e-05,2.642426364182029e-05
1321,2.988251351376271e-05,2.4775812271400355e-05,2.9943644555250005e-05,2.6152600096247626e-05
1322,2.8857399002946397e-05,2.3595731327077375e-05,2.9977458137000214e-05,2.6110530774167272e-05
1323,2.8858655536573172e-05,2.472372812917456e-05,3.0002559537226467e-05,2.6042167896230243e-05
1324,3.076190179045726e-05,2.454016539559234e-05,3.0102085455453363e-05,2.5993000784364994e-05
1325,3.449860612616047e-05,3.0054512899369e-05,2.9957586789856178e-05,2.6548598287627103e-05
1326,2.9457219077610514e-05,2.7737301352317444e-05,2.9911615791125874e-05,2.682748817605898e-05
1327,2.8394440006296565e-05,3.41746900085127e-05,2.9910328365399944e-05,2.669668993912638e-05
1328,2.7035899185850413e-05,2.372593866311945e-05,2.9646736811345268e-05,2.6498262742825316e-05
1329,3.3652954257882405e-05,2.3817998444428666e-05,2.9500635235146754e-05,2.6483130284759683e-05
1330,2.8080601073775648e-05,2.147562994650798e-05,2.9512879205948495e-05,2.680087587068556e-05
1331,2.8556909932780805e-05,3.18529720971128e-05,2.9510093486573575e-05,2.673206233448582e-05
1332,2.8739827264669454e-05,2.3310378674068487e-05,2.949692223668939e-05,2.666906340891728e-05
1333,3.076778141904571e-05,2.143260422599269e-05,2.9427621564132603e-05,2.6999695248377973e-05
1334,3.0525883986330076e-05,2.66339994414011e-05,2.94003272847072e-05,2.7785053326806518e-05
1335,3.005167163792066e-05,2.62831749569159e-05,2.9397627624065434e-05,2.820508191507542e-05
1336,3.2215914187771784e-05,2.344312728382647e-05,2.9384977836404386e-05,2.8278361652337474e-05
1337,2.7404527532376557e-05,3.734789890586398e-05,2.9440288082615654e-05,2.8273424842336673e-05
1338,2.827553142398958e-05,3.9216636068886145e-05,2.9189613155176627e-05,2.793397901550633e-05
1339,2.8741068187324952e-05,2.2548886045115067e-05,2.911599319348978e-05,2.7892575411533464e-05
1340,2.7440384413542537e-05,2.144728507118998e-05,2.9130440063939506e-05,2.7599669162009374e-05
1341,2.8370980742490954e-05,3.067450408707373e-05,2.9197852381589148e-05,2.756480464740889e-05
1342,2.9446836625639764e-05,3.116270330792759e-05,2.8933862142892195e-05,2.764683274290291e-05
1343,3.0361447845482164e-05,2.7246712052146903e-05,2.889378608459892e-05,2.787806570413522e-05
1344,2.8574018433573655e-05,2.1745875783381053e-05,2.8899369600791645e-05,2.779205613769591e-05
1345,2.6737565899060832e-05,3.202411477104761e-05,2.8913368900571693e-05,2.766924102616031e-05
1346,2.9200156528127585e-05,4.4409764232113954e-05,2.8881355995124777e-05,2.7971703324874398e-05
1347,2.8789907486902344e-05,3.409644603380002e-05,2.8697353878427145e-05,2.7841069284477274e-05
1348,2.8542410845046916e-05,2.6555721560725943e-05,2.8764941557084162e-05,2.8149404996656817e-05
1349,3.2144657945739004e-05,2.441674514557235e-05,2.8639328744126642e-05,2.8439290140522647e-05
1350,2.8231732940184884e-05,2.156836722861044e-05,2.8715871210281172e-05,2.795236893289257e-05
1351,2.7616720035439358e-05,2.6702211252995768e-05,2.8754114413782694e-05,2.909264122426976e-05
1352,2.875561176753965e-05,2.6852033770410343e-05,2.889208591902085e-05,2.9000422057288234e-05
1353,2.8721207127091474e-05,2.2854325798107312e-05,2.8904627856779073e-05,2.9096937912981957e-05
1354,2.7053198290458465e-05,2.5868700831779278e-05,2.91142977549397e-05,2.8997137508122253e-05
1355,2.7078699616443677e-05,2.7256453977315685e-05,2.916369736986882e-05,2.8607858748000582e-05
1356,2.8696497837598952e-05,2.9702732936129904e-05,2.9027225248056415e-05,2.8526201307249723e-05
1357,2.9089809759170747e-05,2.0240000885678456e-05,2.945007786280864e-05,2.863992489583325e-05
1358,2.9967458782872806e-05,2.8994161693844946e-05,2.9595111701281793e-05,2.916951470542699e-05
1359,2.5925831068889237e-05,2.3368148431472948e-05,2.9583906789452565e-05,2.8534277406288314e-05
1360,3.174136360434608e-05,3.399156776140444e-05,2.944948907825165e-05,2.8089665720472114e-05
1361,2.90755938638338e-05,3.069025588047225e-05,2.9409081580524802e-05,2.8202772475196987e-05
1362,2.931808918623978e-05,2.5174868715112097e-05,2.929757593778454e-05,2.8125143262150233e-05
1363,2.9231611511527767e-05,6.772344335331581e-05,2.9381098295400284e-05,2.8147565529798162e-05
1364,3.219035581827888e-05,2.0243406870577017e-05,2.934905359207834e-05,2.790070657792967e-05
1365,2.7753932857497907e-05,2.3860181463533082e-05,2.9314237581598313e-05,2.7915523690171543e-05
1366,3.36127281965067e-05,2.817949396558106e-05,2.9217469832413675e-05,2.8244855254888533e-05
1367,3.0681826998867716e-05,2.1430734304885844e-05,2.931508767344187e-05,2.810164620168507e-05
1368,2.6949644800172083e-05,2.520527603337541e-05,2.940235810609819e-05,2.8141837695147844e-05
1369,3.914533380237926e-05,2.4588965497969184e-05,2.9362500525086138e-05,2.8326637626742008e-05
1370,3.0363411860889754e-05,4.526386001089122e-05,2.9302829937821824e-05,2.832303038594546e-05
1371,2.892003373239681e-05,2.8528831753646953e-05,2.9166414255450948e-05,2.7966801325965204e-05
1372,2.542946470687942e-05,2.2981153888395058e-05,2.9159112903451186e-05,2.9217665645410307e-05
1373,2.7532223401875754e-05,2.9383390428847635e-05,2.909210705984151e-05,2.9167846337077207e-05
1374,2.935701687723243e-05,2.2476014819403645e-05,2.9048265474880787e-05,2.939235833182465e-05
1375,3.0319791880578528e-05,2.2128923919808585e-05,2.8988660736973145e-05,2.918577759846812e-05
1376,2.6815602452390722e-05,2.053073745628353e-05,2.881705994012818e-05,2.7392199462337883e-05
1377,2.7885211505539094e-05,2.7222461576457135e-05,2.8560900023957303e-05,2.7635079887113535e-05
1378,2.6302013397475498e-05,3.108761491603218e-05,2.865342117567909e-05,2.7682183621800508e-05
1379,2.9493644316163327e-05,2.228847450169269e-05,2.8418607775044317e-05,2.8175118134822698e-05
1380,2.9260460432851687e-05,2.8261241313884967e-05,2.8422836062964055e-05,2.8474194339651148e-05
1381,2.7700058312297593e-05,3.432273122598417e-05,2.8346114743423343e-05,2.843025539041264e-05
1382,2.759804507756295e-05,2.0149819865764583e-05,2.7897439952357677e-05,2.838164178538136e-05
1383,2.6557066723600857e-05,2.008843519433867e-05,2.782724660323261e-05,2.7528475281724243e-05
1384,2.5743297268895227e-05,5.463975641760044e-05,2.7955907908067787e-05,2.8657319674675823e-05
1385,3.006621751410421e-05,3.274608505307697e-05,2.805680580705586e-05,2.8722258303605488e-05
1386,2.7979554239815722e-05,3.6303055749158377e-05,2.8207990917952787e-05,2.9604893368377816e-05
1387,2.782797073854858e-05,2.0010350381198806e-05,2.8090433033099146e-05,2.9492738687258678e-05
1388,2.4941591590403632e-05,2.2883989950059912e-05,2.8023979684641953e-05,3.0670418788213285e-05
1389,2.5786357914007063e-05,2.631541748996824e-05,2.7996408937259632e-05,3.068190412886907e-05
1390,3.0066961650542603e-05,2.5037774830707348e-05,2.800819205472686e-05,3.084276792651508e-05
1391,2.7742393180637414e-05,4.0502856791135855e-05,2.81428006986971e-05,3.123858328035568e-05
1392,3.078753419686109e-05,2.8907639425597153e-05,2.81666228578413e-05,3.12192584387958e-05
1393,2.5031611811654227e-05,2.410680230241269e-05,2.8088559498751744e-05,3.099523201526609e-05
1394,2.7928464025737615e-05,2.3373625372187234e-05,2.8050307958943042e-05,3.0412871282896962e-05
1395,2.8608578132762988e-05,2.3934697419463192e-05,2.795669413495084e-05,3.0370193492854015e-05
1396,3.213656635327627e-05,5.67499415774364e-05,2.789400778646167e-05,3.057909027556889e-05
1397,2.7951912181581267e-05,2.4604619611636735e-05,2.795614129507966e-05,2.914756277605193e-05
1398,3.1311851174298984e-05,5.144926704815589e-05,2.7794778234803947e-05,2.8730028777499685e-05
1399,2.6418069755891337e-05,1.967214779142523e-05,2.7744660709544812e-05,2.868527625105344e-05
1400,2.8658458169148717e-05,5.157092644367367e-05,2.7739811234641826e-05,2.9020571422006473e-05
1401,2.6126333767832776e-05,2.0817870972678065e-05,2.7778331760297688e-05,2.890990084706573e-05
1402,2.817978944221977e-05,3.124405651760753e-05,2.7838110772588862e-05,2.8669387947593354e-05
1403,2.966722949673163e-05,4.098299876204692e-05,2.7762834259677528e-05,2.899613298795885e-05
1404,3.0089198294768317e-05,2.1805353462696075e-05,2.7826322627596613e-05,2.8293742921960074e-05
1405,2.730887645561274e-05,2.266058072564192e-05,2.7723417762738084e-05,2.7925931605568622e-05
1406,2.6743769817080143e-05,1.976371291675605e-05,2.772203230658003e-05,2.7839991962537172e-05
1407,2.5257699477757947e-05,1.9082875114690976e-05,2.770734204597021e-05,2.773450409003999e-05
1408,2.4989908011371476e-05,2.531085476221051e-05,2.7552256620159218e-05,2.7802552770299374e-05
1409,2.729663498434497e-05,1.885156892967643e-05,2.7291800044865033e-05,2.6405728950339833e-05
1410,2.603214100721137e-05,2.2307735089270865e-05,2.735451605888859e-05,2.6498453169187996e-05
1411,2.6726616108337313e-05,3.518424258800224e-05,2.712736004775959e-05,2.5581250023969913e-05
1412,2.770673386597385e-05,2.8392729655024594e-05,2.7123838486537958e-05,2.6277070926153096e-05
1413,2.590460473180024e-05,2.0117225576541388e-05,2.697974749252252e-05,2.495058491040254e-05
1414,2.728083322128643e-05,2.0302595003158786e-05,2.7076481844738334e-05,2.5108611209725496e-05
1415,2.8185048827759197e-05,3.320640083984472e-05,2.6975479111165948e-05,2.5222986396693157e-05
1416,2.9329602378614556e-05,2.2943105141166597e-05,2.6767992247348755e-05,2.4436683360545428e-05
1417,2.821491257539795e-05,1.9712356515810824e-05,2.6562548457877713e-05,2.488191598822595e-05
1418,2.499697540770285e-05,2.1958311226626392e-05,2.6478676809832296e-05,2.480367366661084e-05
1419,2.7561207510492143e-05,2.073642855975777e-05,2.6467639201210766e-05,2.4893967733078165e-05
1420,2.473144248748819e-05,2.5635914425947703e-05,2.6504148961814488e-05,2.5286110350862147e-05
1421,2.5625151970921757e-05,2.1829346078447997e-05,2.6673348480997246e-05,2.50392222602386e-05
1422,2.9519812532170263e-05,2.692272508284077e-05,2.6617154991739277e-05,2.5150489145016756e-05
1423,2.5632950896073858e-05,2.8519188417703846e-05,2.6673322902772477e-05,2.6934967795386907e-05
1424,2.63300307253505e-05,3.706767034600489e-05,2.6679089779079536e-05,2.6897034989087836e-05
1425,2.505618331876273e-05,1.8408776049909648e-05,2.6603606433652914e-05,2.6536217065586244e-05
1426,2.8544692573228127e-05,2.4768528455751947e-05,2.660516540992022e-05,2.64703758090036e-05
1427,2.5654721102910116e-05,3.410343619179912e-05,2.659248729760293e-05,2.6383290324883998e-05
1428,2.4480057901301835e-05,2.1325422858353703e-05,2.66272390280695e-05,2.5873755832435564e-05
1429,2.495310355799221e-05,3.2936169154709206e-05,2.6444268734323693e-05,2.590041377989109e-05
1430,2.521208525447744e-05,2.070452268526424e-05,2.633482876634743e-05,2.5832373239973094e-05
1431,2.6467829601541678e-05,2.2021064578439108e-05,2.627024880817367e-05,2.5795600877609106e-05
1432,2.6170443492851013e-05,2.888644055929035e-05,2.6141933817739805e-05,2.6029081660090014e-05
1433,2.9219895990940536e-05,1.9138652496621945e-05,2.6204741497511146e-05,2.610192810243461e-05
1434,2.58917977528957e-05,2.1633241049130446e-05,2.6306188947799256e-05,2.601443814492086e-05
1435,2.7436338783041317e-05,6.691970134852455e-05,2.620330678295836e-05,2.610374965734081e-05
1436,2.6870788016013748e-05,3.423592243052553e-05,2.6215098174644584e-05,2.5908742005412933e-05
1437,2.5819650230308373e-05,1.9372281567484606e-05,2.613109098795879e-05,2.5680092895345294e-05
1438,2.594357913848297e-05,1.8471194161975292e-05,2.6239150332953108e-05,2.569282928307075e-05
1439,2.696388041335417e-05,1.812545790016884e-05,2.6080954254171552e-05,2.5579516917059663e-05
1440,2.9053842089423495e-05,2.046803852863377e-05,2.6159001931955574e-05,2.4915090785361824e-05
1441,2.4755345034969247e-05,2.360955382755492e-05,2.6182187344076942e-05,2.5309281851514243e-05
1442,2.5478913375991396e-05,1.801134301786078e-05,2.6119596107875825e-05,2.4770156948943623e-05
1443,2.3382476453358928e-05,2.1039002167526632e-05,2.605118287788678e-05,2.5042656844016164e-05
1444,2.4353332749645538e-05,2.657344812178053e-05,2.5973290681819584e-05,2.506669424183201e-05
1445,2.6301634481771746e-05,2.7457075484562667e-05,2.5870853175325057e-05,2.4974591261707246e-05
1446,2.8161338228124402e-05,1.9642097140604164e-05,2.5746282434394947e-05,2.5311364332446833e-05
1447,2.694775841114784e-05,2.915551289333962e-05,2.5901408248238215e-05,2.5172125519020486e-05
1448,2.5927735688229504e-05,2.3643997119506823e-05,2.5896145644946957e-05,2.3230596398934724e-05
1449,2.4229851058205694e-05,3.1351442594313994e-05,2.5708055008564972e-05,2.282466506585479e-05
1450,2.7757666943620684e-05,1.8727185743045994e-05,2.565175765161661e-05,2.2887291792721956e-05
1451,2.4589790603689227e-05,2.1935719305474778e-05,2.5695525382212105e-05,2.332250721519813e-05
1452,2.760591304751061e-05,1.7492782899353187e-05,2.5576523551879087e-05,2.3387950917822306e-05
1453,2.5059693204336023e-05,3.118019951216411e-05,2.534698319262437e-05,2.3855482808721714e-05
1454,2.3388322652964334e-05,1.94580465904437e-05,2.5369539275642537e-05,2.4254411891160995e-05
1455,2.350175450475136e-05,2.751702006207779e-05,2.5312486136034647e-05,2.4267370101006235e-05
1456,2.4520524699861805e-05,2.2621999523835256e-05,2.53621487073057e-05,2.4740403950272592e-05
1457,2.3609505830487858e-05,2.6583866056171246e-05,2.5531758279410294e-05,2.4548357282765205e-05
1458,2.6105627467687656e-05,2.75579792651115e-05,2.5470144593984716e-05,2.416248791851103e-05
1459,2.9769943098977415e-05,1.8152270713471806e-05,2.538561168476008e-05,2.4309574560902545e-05
1460,2.730477370075985e-05,1.8381473346380517e-05,2.5293401019815875e-05,2.3928062192862854e-05
1461,2.2168522106464177e-05,2.4087639103527182e-05,2.5238374511051617e-05,2.4450836225878447e-05
1462,2.4412216306599374e-05,2.093794973916374e-05,2.5257786469753938e-05,2.420273786410689e-05
1463,2.703777240337028e-05,2.9351579723879694e-05,2.506542929428785e-05,2.432661654020194e-05
1464,2.398883465502877e-05,1.9761550465773325e-05,2.517976790744191e-05,2.4484996373939794e-05
1465,2.331533310805551e-05,3.215633580111898e-05,2.5086910204845485e-05,2.454934167471947e-05
1466,2.5319247110423425e-05,3.358278088853694e-05,2.513545822180782e-05,2.3998338244564366e-05
1467,2.4052584885794205e-05,1.8335298263991718e-05,2.523223534355768e-05,2.4025972968956916e-05
1468,2.462404073513527e-05,3.2864848399185576e-05,2.5254908593908314e-05,2.362278122891439e-05
1469,2.8593572052260344e-05,2.177228143409593e-05,2.5202930307164532e-05,2.3797431438288184e-05
1470,2.4761292346132297e-05,1.781034137820825e-05,2.52114304258915e-05,2.3441602184902876e-05
1471,2.604801549750846e-05,2.3319263200392014e-05,2.5157945239334365e-05,2.324375714524649e-05
1472,2.464249178754269e-05,1.9617703692347277e-05,2.4968928776151086e-05,2.338234482012922e-05
1473,2.4552072969122997e-05,3.671334794489667e-05,2.4809646271427886e-05,2.3352363999583756e-05
1474,2.4715150025763757e-05,2.514898355002515e-05,2.4828141853342664e-05,2.3058511351700873e-05
1475,2.2948737556968504e-05,2.1824152645422147e-05,2.4922497093211862e-05,2.2925025084987284e-05
1476,2.744825593254063e-05,2.5895215148921125e-05,2.4760723747183675e-05,2.2513505852839447e-05
1477,2.5284470482600026e-05,1.9101415418845135e-05,2.4864947946884466e-05,2.2854304773500194e-05
1478,2.6273393628394437e-05,1.7405113758286462e-05,2.4870645906452815e-05,2.2550372584373695e-05
1479,2.580775069671088e-05,2.0148914700257592e-05,2.477616323804897e-05,2.1907657250994818e-05
1480,2.406858576351725e-05,1.743722656101454e-05,2.479849035282516e-05,2.1854334307136015e-05
1481,2.3221067531267183e-05,2.698825475818012e-05,2.4889806395124956e-05,2.1866422324092127e-05
1482,2.3822008798662055e-05,1.7688134721538518e-05,2.4812556739198047e-05,2.2876142214227003e-05
1483,2.47684978037594e-05,2.2611853273701855e-05,2.489226244215388e-05,2.313978759775637e-05
1484,2.50445315193954e-05,2.161696258554002e-05,2.48022878911191e-05,2.310825728636701e-05
1485,2.332271108267984e-05,1.763195283274399e-05,2.4849434438834173e-05,2.3025957118079535e-05
1486,2.263091165433353e-05,1.6741322906455024e-05,2.4775604342317413e-05,2.2378186199057388e-05
1487,2.6771097303329346e-05,1.7600793071324006e-05,2.483297122040919e-05,2.2630323992052586e-05
1488,2.29934387526656e-05,1.906359892018372e-05,2.49495904517567e-05,2.257206434296677e-05
1489,2.659443964754852e-05,2.828152348229196e-05,2.4832878166732067e-05,2.2241767153900585e-05
1490,2.3457782097264297e-05,2.455803107295651e-05,2.474885096550376e-05,2.2255118310567922e-05
1491,2.2957180400327262e-05,1.75148975540651e-05,2.4797402773240012e-05,2.2219471295829865e-05
1492,2.4610762755198974e-05,1.7002224667521658e-05,2.4740556828328408e-05,2.2106331422401128e-05
1493,2.6906941792630176e-05,3.316704882308841e-05,2.4701890070476415e-05,2.239393981726607e-05
1494,2.666233065408758e-05,4.70152786874678e-05,2.48384685538541e-05,2.2195987637678627e-05
1495,2.6753934920028164e-05,2.4401475966442375e-05,2.4753280236392233e-05,2.2134212822129486e-05
1496,2.3798651721638937e-05,2.2531005415658002e-05,2.4685181128895945e-05,2.2240711328049652e-05
1497,2.5821155480419594e-05,1.756019948516041e-05,2.467912162020285e-05,2.2322610981063913e-05
1498,2.270632055620404e-05,2.051907496934291e-05,2.4773094293131075e-05,2.283996113546891e-05
1499,2.6149321978058046e-05,3.145242837490514e-05,2.4908248977832647e-05,2.2898545615316833e-05
1500,2.5864218340656307e-05,2.0367661418276838e-05,2.481157313223876e-05,2.2904694330645723e-05
1501,2.453044880692485e-05,1.763778542226646e-05,2.481982677968012e-05,2.311710651410976e-05
1502,2.318379045189229e-05,1.943519433552865e-05,2.4758880443470035e-05,2.2650510670791842e-05
1503,2.7487188821800778e-05,1.651393838983495e-05,2.4738486397028383e-05,2.258603805239545e-05
1504,2.4386602073920786e-05,1.7320417864539195e-05,2.4860915572531262e-05,2.2580611822195348e-05
1505,2.310191681721739e-05,2.4627436432638205e-05,2.4881625199890957e-05,2.2553805273491886e-05
1506,2.6635529615709353e-05,2.2039450268493965e-05,2.471826304067185e-05,2.1906115814635995e-05
1507,2.169230086211529e-05,1.6143764332809953e-05,2.457155856261832e-05,2.1346286484913434e-05
1508,2.3066020116352268e-05,2.5274315921706146e-05,2.4407062502804265e-05,2.1005660241644363e-05
1509,2.4893043802068052e-05,2.3664453910896553e-05,2.44486017716958e-05,2.1064659251715057e-05
1510,2.5672027905885543e-05,3.0565706692868845e-05,2.432904448279361e-05,2.1401165833231062e-05
1511,2.600977877187284e-05,1.82059349026531e-05,2.4330863981837563e-05,2.128766957030166e-05
1512,2.435420116348218e-05,1.7754510954546275e-05,2.4240514214519257e-05,2.0676778037159242e-05
1513,2.319977993869947e-05,2.43739035067847e-05,2.4186823526462022e-05,2.0523774357570802e-05
1514,2.507078124229641e-05,1.6616627399343996e-05,2.41235348895619e-05,2.0541736646555365e-05
1515,2.2947930936223e-05,2.294621561304666e-05,2.4038025119807573e-05,2.0413787399593274e-05
1516,2.6017909787899244e-05,1.7379241799062585e-05,2.3985528910674882e-05,2.062083266646369e-05
1517,2.5128503439191262e-05,1.6332060949935114e-05,2.3988062293048844e-05,2.060665418248391e-05
1518,2.2822887812152556e-05,1.697481235169107e-05,2.3950900199512642e-05,2.041230727772927e-05
1519,2.29947187027493e-05,3.301954544440377e-05,2.387631826730083e-05,2.017391066183336e-05
1520,2.264153342467681e-05,1.58858198847156e-05,2.400464103363144e-05,2.050989680719795e-05
1521,2.4837133443927288e-05,2.400598066742532e-05,2.4039929405585605e-05,2.0358026768371933e-05
1522,2.2832223257864826e-05,2.5972864023060538e-05,2.3989450558534973e-05,2.0114105053653477e-05
1523,2.275180803230291e-05,1.7681668396107852e-05,2.392440726576347e-05,1.9892651012924038e-05
1524,2.3890577795100397e-05,1.6180140046344605e-05,2.3792320618425342e-05,2.0093523284595e-05
1525,2.452195113922547e-05,1.6542569428565913e-05,2.3705660092430962e-05,2.011825702065835e-05
1526,2.294823288442179e-05,1.808684264688054e-05,2.3666154453045843e-05,1.9832523501827383e-05
1527,2.1046046208034064e-05,1.623646316147642e-05,2.3499483149983763e-05,1.9905775020015426e-05
1528,2.6174783593483476e-05,2.1690070061595178e-05,2.3590698994101132e-05,2.0137005177093672e-05
1529,2.4449936633269922e-05,1.6965955765044783e-05,2.3477275669089676e-05,2.079157334082993e-05
1530,2.2172864478812293e-05,1.976876381377224e-05,2.3476814864746602e-05,2.0853602800343653e-05
1531,2.4770981310414046e-05,1.6079534871096256e-05,2.3375510195102022e-05,2.094298125448404e-05
1532,2.4900370020380556e-05,2.454341796692461e-05,2.3370295388061397e-05,2.0443224243354053e-05
1533,2.3948229415206394e-05,2.1477564951055682e-05,2.3292769510266627e-05,2.0663821831112727e-05
1534,2.3631072625802417e-05,1.7566411042935214e-05,2.3279804332317627e-05,2.0439958390488754e-05
1535,2.4045945586597857e-05,2.5029355674632826e-05,2.326855593564687e-05,2.0123228889133314e-05
1536,2.2707612588419577e-05,2.3227741694427094e-05,2.326369901921781e-05,2.0146425576240288e-05
1537,2.2187688013622795e-05,1.837285435613012e-05,2.3218022771470714e-05,2.0157935949100646e-05
1538,2.221213895407143e-05,1.7230565536010545e-05,2.315616916295969e-05,2.011450144491391e-05
1539,2.090399866574444e-05,1.844791535404511e-05,2.308178776761957e-05,2.0095958297315517e-05
1540,2.522832703915709e-05,2.8726969540002755e-05,2.3155414698380305e-05,2.0352851414645557e-05
1541,2.3182326662612873e-05,3.3743445892469024e-05,2.3049345202970374e-05,2.0107598687172868e-05
1542,2.5116983330614554e-05,1.7882797437778207e-05,2.305195706414654e-05,2.0669199545227457e-05
1543,2.0290271071038053e-05,1.920927370520076e-05,2.3073309424701926e-05,2.0712773219565863e-05
1544,2.2864348526733617e-05,2.0525620166154112e-05,2.2937685589972215e-05,2.0899513240146916e-05
1545,2.0703386479807604e-05,2.1400759578682482e-05,2.278894639166538e-05,2.0855237323848994e-05
1546,2.4513003995202275e-05,1.8409394651826006e-05,2.271310795573906e-05,2.062998183828313e-05
1547,2.255101334109592e-05,1.8054626489174554e-05,2.264784989771821e-05,2.0632756894337938e-05
1548,2.2630385121576386e-05,1.8261585573782213e-05,2.2623589693911425e-05,2.0337356899108268e-05
1549,2.274867160142296e-05,1.6467899367853533e-05,2.2557060255106386e-05,2.0037034500273872e-05
1550,2.2975610926449816e-05,1.5456706823897547e-05,2.254859086598218e-05,2.0182316568389067e-05
1551,2.1088698000918765e-05,1.762326395692071e-05,2.2592663524038573e-05,2.0266242416983e-05
1552,2.288671947705249e-05,2.265879109472735e-05,2.26023784890357e-05,2.0350203581620007e-05
1553,2.3523046208235126e-05,1.5558751874777955e-05,2.246865119814174e-05,1.996915627096314e-05
1554,2.4515233162674123e-05,3.1005977216409516e-05,2.242429760469046e-05,1.932434546906734e-05
1555,2.2706673492696914e-05,2.085810567223234e-05,2.225116831881072e-05,1.9510428505600433e-05
1556,2.1380385442171244e-05,2.0748035385622643e-05,2.244021271067646e-05,1.946297168906313e-05
1557,2.1181890062709702e-05,2.3436520059476607e-05,2.2404968602414662e-05,1.9252523296745496e-05
1558,2.2052268517048408e-05,1.5846177811909003e-05,2.2375611342593206e-05,1.9143444154178723e-05
1559,2.199962117528129e-05,1.7635787444305606e-05,2.234590273130582e-05,1.932211081002606e-05
1560,2.3439440491428184e-05,1.764435579389101e-05,2.252355614699708e-05,1.981325225351611e-05
1561,2.104437661829353e-05,1.571968172356719e-05,2.2451306569564625e-05,1.9891480969090483e-05
1562,2.197595328551769e-05,2.2004906059009953e-05,2.2387979367663828e-05,2.010718556994107e-05
1563,2.3313955405481263e-05,1.932871175085893e-05,2.2392746311864666e-05,2.0724021136993543e-05
1564,2.114687279067261e-05,2.0546944469970185e-05,2.2412614169782802e-05,2.0780359023774507e-05
1565,2.188514476680818e-05,1.9200786773581058e-05,2.2384789222592692e-05,2.052153649565298e-05
1566,2.2073486826330838e-05,1.7623175845074003e-05,2.226108383684833e-05,2.0502204092917962e-05
1567,2.0788751183620964e-05,2.253487335110549e-05,2.2239036250377667e-05,2.001227804867085e-05
1568,2.501638086768152e-05,1.8022853291768117e-05,2.2216258123080482e-05,2.0232101982401218e-05
1569,2.1983245820188636e-05,1.5264410358213354e-05,2.224553732836891e-05,1.997979194275103e-05
1570,1.9969454984271174e-05,1.8673781014513224e-05,2.2237602896428952e-05,1.9937265987391583e-05
1571,2.3770288713017687e-05,2.2876061048009434e-05,2.2228617823808848e-05,2.030770030542044e-05
1572,2.6992348733377487e-05,3.033316257642582e-05,2.2233479901478862e-05,2.0573983060603493e-05
1573,2.082414568576496e-05,2.0217303463141432e-05,2.2118682273543937e-05,2.0534009487892033e-05
1574,2.116549155390304e-05,2.186051438911818e-05,2.2123135783234227e-05,2.0737489794555583e-05
1575,2.3094784531470698e-05,3.0877596000209454e-05,2.2084579460513654e-05,2.0499607679084872e-05
1576,2.1585394448872346e-05,1.903171112644486e-05,2.1990104097818003e-05,2.036081768455915e-05
1577,2.2191095797299768e-05,1.6188227891689167e-05,2.201786523340464e-05,2.0871311756491195e-05
1578,2.0430411564626007e-05,1.5075441806402524e-05,2.2137580176786288e-05,2.086180094484007e-05
1579,2.396404350090759e-05,1.8757826110231692e-05,2.210955750771164e-05,2.1191843098495156e-05
1580,2.2137220310267166e-05,2.635370401549153e-05,2.215003698131315e-05,2.0890813643927683e-05
1581,2.2112365574381935e-05,1.4440284394368063e-05,2.202810553757849e-05,2.0956583869701716e-05
1582,2.0983529264210826e-05,2.237337117549032e-05,2.1948421652470844e-05,2.096972930448828e-05
1583,2.182764170154567e-05,2.5107035762630405e-05,2.1978998248798434e-05,2.136103848024504e-05
1584,2.2121173117031707e-05,2.4292856323882006e-05,2.1843664199130013e-05,2.1016086243616883e-05
1585,2.0569499793055e-05,1.6645016476104502e-05,2.163442204594806e-05,2.0499422175635117e-05
1586,2.1155714360550822e-05,2.0806689390155954e-05,2.1674073938548744e-05,2.0452155086968556e-05
1587,2.1012045217503327e-05,1.6057853172242177e-05,2.1651188920804998e-05,2.032393016706919e-05
1588,2.0952071338090012e-05,1.585896188771585e-05,2.1520079605640297e-05,1.9744294098927638e-05
1589,2.1840901180338633e-05,3.3309296268271284e-05,2.140457875332989e-05,1.980729479691945e-05
1590,2.487801835134936e-05,1.896301648230292e-05,2.1336278482501962e-05,1.9784704253834207e-05
1591,2.1372920099464763e-05,2.5874229686451143e-05,2.1427110766752677e-05,2.0596960716648027e-05
1592,2.1800738023658698e-05,1.5009136986918748e-05,2.1411766729417853e-05,2.0451384516491094e-05
1593,2.1968094774314926e-05,1.9667108936118894e-05,2.1443985239521784e-05,2.017486719269073e-05
1594,1.999114869249752e-05,1.5593046227877494e-05,2.1553549192564484e-05,2.0221926536760294e-05
1595,2.0733869892460967e-05,2.845651040843222e-05,2.1615765429952364e-05,1.9932091828377454e-05
1596,2.038693747130714e-05,1.4252255132305436e-05,2.1539435066531753e-05,1.9480512081645428e-05
1597,2.176129490382866e-05,1.7416560876881703e-05,2.153564395743565e-05,1.9213390145159794e-05
1598,2.1815443000782075e-05,1.9035626246477476e-05,2.16006664071756e-05,1.9292608431715052e-05
1599,2.0593366110309337e-05,1.865489139163401e-05,2.1661371636421088e-05,1.90469335168018e-05
1600,1.9817051652353256e-05,1.6386694296670614e-05,2.1681107307813366e-05,1.903752163343597e-05
1601,1.8697873141112117e-05,2.060672857624013e-05,2.159783783111683e-05,1.921110869006952e-05
1602,2.0483589026601596e-05,1.5623464314558077e-05,2.152382792078748e-05,1.8522014126938304e-05
1603,2.2701218670893772e-05,3.538185337674804e-05,2.1317486436439342e-05,1.8461215526622253e-05
1604,2.3580442567537022e-05,1.5118421106308234e-05,2.129447164342208e-05,1.8225700939365197e-05
1605,2.29426830628654e-05,1.9440770920482464e-05,2.1285911224145415e-05,1.917985077161575e-05
1606,2.485146440044951e-05,1.5616767996107228e-05,2.1256479976889544e-05,1.8978417952894238e-05
1607,2.2538935198907793e-05,1.512750346591929e-05,2.123668167195218e-05,1.9162446439440832e-05
1608,1.991938261603031e-05,1.3817542094329837e-05,2.1256069943208578e-05,1.8592229769274127e-05
1609,2.2026395389629114e-05,1.7614807911741083e-05,2.1210532327677352e-05,1.8702181756088978e-05
1610,2.219506103655375e-05,1.8625473639986012e-05,2.128607617220647e-05,1.856712580192834e-05
1611,2.2673345091688032e-05,1.4664816517324652e-05,2.1150564464510858e-05,1.8417702018632553e-05
1612,2.1505437002310323e-05,1.582255608809646e-05,2.1091970087096947e-05,1.8368287337943912e-05
1613,1.887033442067655e-05,2.0198638303554617e-05,2.1151566251662894e-05,1.841527817596216e-05
1614,1.999065342210492e-05,1.6081932189990768e-05,2.1189656539111942e-05,1.8164578174764756e-05
1615,1.9719481242646e-05,1.744305147440173e-05,2.1158740506669143e-05,1.8083787382056473e-05
1616,2.0797550274033307e-05,1.9986365005024708e-05,2.1041400731418335e-05,1.7450292909052225e-05
1617,2.1586727541742017e-05,3.886288279318251e-05,2.099754842945711e-05,1.7598096186702605e-05
1618,2.1232313592918217e-05,1.4631288468081039e-05,2.091920039254344e-05,1.776622085744748e-05
1619,1.9496191069063367e-05,2.019375839154236e-05,2.0838399712778883e-05,1.843225302436622e-05
1620,2.1218576673871008e-05,1.4201093654264696e-05,2.079667269394526e-05,1.8669734452851117e-05
1621,1.924849708302645e-05,1.7001054802676664e-05,2.0814997386737058e-05,1.8967674701707437e-05
1622,2.3649891017056588e-05,1.4040162022865843e-05,2.083185986800042e-05,1.8876426684437318e-05
1623,1.84276503083917e-05,1.530003166408278e-05,2.0721438108335455e-05,1.872071164398221e-05
1624,1.91285066749616e-05,1.7419524374417962e-05,2.0630166805413968e-05,1.8741663289256394e-05
1625,2.130695576650194e-05,1.756146524712676e-05,2.0553289119723355e-05,1.9002913392614573e-05
1626,1.965013032733825e-05,1.4339228546305094e-05,2.059968809189741e-05,1.931675698433537e-05
1627,1.971068821553167e-05,1.3603694496850948e-05,2.059981713537127e-05,1.9203181883494836e-05
1628,1.9767724289623502e-05,1.954449155164184e-05,2.0591332286292326e-05,1.9208396792237183e-05
1629,2.24841350185064e-05,1.8813503047567792e-05,2.062971509246078e-05,1.8952104731579313e-05
1630,2.0983982140023726e-05,2.3643887689104305e-05,2.0556163629872673e-05,1.7932474509871097e-05
1631,2.283144740633563e-05,3.226757216907572e-05,2.0442508632711705e-05,1.8140276323538272e-05
1632,2.1495759728067142e-05,2.1064539178041743e-05,2.0495073563587438e-05,1.795725761912763e-05
1633,2.0377499935825148e-05,2.126604831573786e-05,2.0404755601258428e-05,1.8045941094169388e-05
1634,2.2447957421213183e-05,1.533360747998813e-05,2.045782010261771e-05,1.8312725686701008e-05
1635,1.9434517044929736e-05,1.4732597628608346e-05,2.0358600197586283e-05,1.8740637159498875e-05
1636,2.0391562518650768e-05,1.5188607649179176e-05,2.0421898060238974e-05,1.8800364971684754e-05
1637,1.9583494860045095e-05,2.2353808672050944e-05,2.0406616167100667e-05,1.8817335148924028e-05
1638,2.003030872502778e-05,2.8044728096574545e-05,2.0396635011840975e-05,1.90243153119809e-05
1639,1.999387950895147e-05,1.324255466897739e-05,2.035945937952622e-05,1.9385493578738534e-05
1640,1.9507360015672423e-05,1.7573424192960373e-05,2.0274505707008454e-05,1.937393320404226e-05
1641,2.1757120428244686e-05,1.3579063488577958e-05,2.028763925401209e-05,1.917809369333554e-05
1642,1.9747940977039332e-05,1.3372127250477206e-05,2.0179185384282996e-05,1.9181505126471163e-05
1643,1.8390938663894e-05,1.9826333809760398e-05,2.0104653785044016e-05,1.884879301942419e-05
1644,2.0810314340956716e-05,1.56182907812763e-05,1.9908486913158816e-05,1.8074648294714275e-05
1645,1.896062761564584e-05,1.6418180530308744e-05,1.9906250778876708e-05,1.8460885627428065e-05
1646,2.0575109617008516e-05,2.36706696159672e-05,1.9905903784254206e-05,1.8137755493808073e-05
1647,2.1169393391270812e-05,2.4737948842812328e-05,1.9794336686835676e-05,1.9119962930562907e-05
1648,2.001009687470893e-05,1.679322696872987e-05,1.983731792554156e-05,1.908255797898164e-05
1649,1.8746459346503898e-05,1.784377880539978e-05,1.975565118886556e-05,1.9407834416779225e-05
1650,2.105742688500969e-05,2.273596932354849e-05,1.980367065067791e-05,1.9039957961649637e-05
1651,1.8720739519469337e-05,2.3368685215245933e-05,1.9784009250805765e-05,1.8839082506019622e-05
1652,1.7586846402587575e-05,1.3314685129444114e-05,1.970357252543585e-05,1.9175630780227945e-05
1653,2.0096062964714496e-05,1.4648503783973865e-05,1.9696491497355357e-05,1.9081346537859642e-05
1654,1.9772788275279e-05,1.8898788875958418e-05,1.9643366312084257e-05,1.9067524354613852e-05
1655,1.9120692159049212e-05,1.532608501292998e-05,1.9625028021821187e-05,1.9075856974814086e-05
1656,1.7927275609205634e-05,1.2913954051327892e-05,1.961261057796138e-05,1.888288500485942e-05
1657,2.1439856371014482e-05,3.0720472495886496e-05,1.9607473345078896e-05,1.8852152649196796e-05
1658,2.0368825070262473e-05,1.318779497523792e-05,1.9677583312214772e-05,1.9432747212704267e-05
1659,1.965877998574999e-05,3.9888793398858976e-05,1.966228606955459e-05,1.900534574087942e-05
1660,2.050904801257679e-05,1.3797473839076701e-05,1.9556883857714842e-05,1.8552721571177244e-05
1661,1.8349894101750882e-05,2.3320518594118766e-05,1.947919255665814e-05,1.8514034248073584e-05
1662,2.0783981405353794e-05,1.3156897293811199e-05,1.9434462717456172e-05,1.8288104209204906e-05
1663,1.9538773728224138e-05,2.302284170582425e-05,1.9391705878661015e-05,1.8119615864270603e-05
1664,1.798296137470364e-05,2.1656261524185538e-05,1.9357404116372992e-05,1.7774591112538477e-05
1665,1.9330334313660085e-05,1.5216318133752794e-05,1.949292591711532e-05,1.7991500888456364e-05
1666,2.0428990796467082e-05,1.3233508907433134e-05,1.9621401364727516e-05,1.832657137056231e-05
1667,1.928948372046256e-05,1.3580442755483091e-05,1.9579704388646254e-05,1.812297739161295e-05
1668,1.808050256739888e-05,1.5002034560893662e-05,1.9541980444207895e-05,1.7988740502187283e-05
1669,2.0681883518894514e-05,1.4849981889710761e-05,1.9728180121132434e-05,1.8291432146361334e-05
1670,2.0713376794042737e-05,3.093304461799562e-05,1.967316512503506e-05,1.812255130862468e-05
1671,2.0192678550504043e-05,1.2985632820345926e-05,1.9681715407447577e-05,1.9227309004782002e-05
1672,1.8534338095277133e-05,1.342234460025793e-05,1.9696553976488457e-05,1.8167972434457625e-05
1673,1.8067814348291398e-05,1.5826043891138398e-05,1.9594550830273272e-05,1.814191914527328e-05
1674,1.762821336645478e-05,1.2195527833682718e-05,1.9648504345968833e-05,1.9176839252031644e-05
1675,1.9988505915130697e-05,1.8523760700190907e-05,1.9717648075473136e-05,1.937973821113701e-05
1676,1.7863195462268778e-05,1.4743066421942786e-05,1.9645017477159855e-05,1.9117494078091113e-05
1677,2.097489142114581e-05,1.8737429527391214e-05,1.9665737757329934e-05,1.945732982349e-05
1678,2.3307949155019337e-05,2.3025265836622566e-05,1.974826163964786e-05,1.9371615684212886e-05
1679,1.873036387324747e-05,1.3808939402224496e-05,1.963770007633785e-05,1.9668881751567827e-05
1680,1.8177593548090146e-05,1.1970162777288351e-05,1.9672155507497437e-05,2.007253861156642e-05
1681,2.2582267532319142e-05,2.048124515567906e-05,1.9747756345087613e-05,2.0364483695448146e-05
1682,2.0064481468580197e-05,2.6498451552470216e-05,1.9674937824957956e-05,2.051286363785039e-05
1683,2.058258213057545e-05,4.0806737379170956e-05,1.954715616755291e-05,2.0273693894705506e-05
1684,2.0029744211771887e-05,1.3405379140749574e-05,1.9511476762030117e-05,2.0873556930018824e-05
1685,1.795896935719712e-05,1.3146141609468032e-05,1.959106890103107e-05,2.1174979635543425e-05
1686,1.969873199413996e-05,4.9193521263077856e-05,1.957152910908917e-05,2.1350021198304604e-05
1687,2.251257464296133e-05,1.8229371271445416e-05,1.966386893230568e-05,2.166576849995181e-05
1688,1.7723008770392174e-05,1.6466738379676827e-05,1.9542551472032858e-05,2.148323983710725e-05
1689,1.8500968378955602e-05,3.01521551591577e-05,1.9530087669651647e-05,2.1469649653590747e-05
1690,2.139343137160823e-05,1.3073464651824907e-05,1.9488217118163855e-05,2.12127659964608e-05
1691,1.766495171371692e-05,2.066516059130663e-05,1.9270486254956473e-05,2.0955173046968412e-05
1692,2.0150869499452204e-05,2.3671864255447872e-05,1.9244687186761038e-05,2.0971343721612356e-05
1693,1.9970523507153202e-05,2.2300661657936872e-05,1.9224889401973793e-05,2.1117234145640395e-05
1694,1.8861420515653055e-05,1.855948044976685e-05,1.8991376706172656e-05,2.0877154998015613e-05
1695,1.7518835358916677e-05,2.49538010393735e-05,1.8936844758475973e-05,2.0713883757707663e-05
1696,1.9300693412434258e-05,2.7982208703178912e-05,1.893478954831759e-05,1.9622601152514107e-05
1697,2.0524141570300952e-05,2.0957912238372955e-05,1.8867859034475665e-05,1.98763704393059e-05
1698,1.7579319549743863e-05,2.02020829601679e-05,1.895787875611051e-05,2.009957496629795e-05
1699,1.9936708946867537e-05,2.0089210374862886e-05,1.8955147350789052e-05,1.9352316924778278e-05
1700,1.695556940831011e-05,1.3960544129076879e-05,1.8737286295153258e-05,1.916189093608409e-05
1701,1.7551600402738484e-05,1.4403311834030319e-05,1.8715564149735864e-05,1.8987740017473697e-05
1702,1.9928127633950985e-05,1.2315338099142536e-05,1.8680522229826438e-05,1.8674468848621474e-05
1703,1.7864677574834785e-05,1.6585442099312787e-05,1.8483801124966705e-05,1.868223056953866e-05
1704,1.8085387168361597e-05,1.421320626832312e-05,1.8464260016561536e-05,1.857315727538662e-05
1705,1.768264892840913e-05,1.5617423377989327e-05,1.849320963067132e-05,1.8245138965721707e-05
1706,1.6744450137290792e-05,1.4479266465059481e-05,1.8370010927093162e-05,1.785319989940035e-05
1707,1.8701182776163073e-05,2.241667054477148e-05,1.8431559976306742e-05,1.7639596219669327e-05
1708,2.0531201876615848e-05,1.352467224933207e-05,1.8422982036200766e-05,1.7191370661748804e-05
1709,1.835648136572369e-05,1.9749611310544425e-05,1.8346590512050574e-05,1.6532631648442478e-05
1710,2.020946239806815e-05,1.8726254784269257e-05,1.8256225908893005e-05,1.618884111812804e-05
1711,1.963044686110354e-05,3.0512070225086063e-05,1.8392466145127804e-05,1.652581585221924e-05
1712,1.706604825206644e-05,1.3468721554090735e-05,1.8392655012171922e-05,1.618224350822857e-05
1713,1.7179955134957304e-05,1.2112965414416977e-05,1.8357454500639707e-05,1.6134878146112902e-05
1714,1.762492038122016e-05,2.2320375937852076e-05,1.8365517717999562e-05,1.6902596484578685e-05
1715,1.6475403750114817e-05,1.3267507674754598e-05,1.8333073796465116e-05,1.6863437175925355e-05
1716,1.7176424003587777e-05,1.793832823750563e-05,1.8324757281111997e-05,1.685711617174093e-05
1717,2.087460985219675e-05,1.547140651382506e-05,1.8263385222639457e-05,1.685047129431041e-05
1718,1.6890555917699304e-05,1.2502184999902965e-05,1.8186720586850753e-05,1.6930842922010927e-05
1719,2.0400146745992566e-05,1.3219388456491288e-05,1.823316954792568e-05,1.697685853723669e-05
1720,1.7304386856267228e-05,1.3748162091360428e-05,1.8187285607806798e-05,1.654709307913435e-05
1721,1.739090530867947e-05,1.151373337052064e-05,1.8202965744179284e-05,1.6621798314736222e-05
1722,1.8265026491361722e-05,1.2363148980512051e-05,1.814799853123582e-05,1.667668402515119e-05
1723,2.0985325455613847e-05,2.8626451312447896e-05,1.8074210250779287e-05,1.7651866788219194e-05
1724,1.994143062297048e-05,1.1499901775096078e-05,1.813354618360689e-05,1.6915771042113193e-05
1725,1.607555662000474e-05,1.2776410076185129e-05,1.8074681716825575e-05,1.697091383248335e-05
1726,1.775318083673483e-05,3.3596270295674916e-05,1.8113984303636242e-05,1.8044312899291982e-05
1727,1.9117029595589783e-05,1.1336355382809416e-05,1.814296957349547e-05,1.7629492886771914e-05
1728,1.765676469100678e-05,1.642741699470207e-05,1.822410463897136e-05,1.8113230900780766e-05
1729,1.655108570654799e-05,1.404708433256019e-05,1.8224974031666836e-05,1.7885553087398877e-05
1730,1.5766033033691604e-05,1.76267140705022e-05,1.8165844423816047e-05,1.7888561480503997e-05
1731,1.7905674164164034e-05,1.5629656845703722e-05,1.8252146917721902e-05,1.7995133921067462e-05
1732,1.7554084273191014e-05,1.1672534092213028e-05,1.821333803713464e-05,1.798033969462267e-05
1733,2.0923205285928108e-05,1.5392303139378783e-05,1.830518004305001e-05,1.8256133890099592e-05
1734,1.69823010421371e-05,2.112175407091854e-05,1.8266579249191433e-05,1.8928066583612236e-05
1735,1.8364755386654804e-05,4.31058238609694e-05,1.8247580999013734e-05,1.9102608152024915e-05
1736,2.11138451817937e-05,1.2109676572436e-05,1.81380693987497e-05,1.8452867142332256e-05
1737,1.559443658253359e-05,1.4847291313344612e-05,1.8039791239829764e-05,1.8774710159050303e-05
1738,1.816251980522389e-05,3.894794208463282e-05,1.8071572636108613e-05,1.935763705987484e-05
1739,1.8349552127700815e-05,1.1949875624850392e-05,1.801600598515102e-05,1.862011542543769e-05
1740,1.850378038701213e-05,2.5360958024975842e-05,1.7911076721065914e-05,1.8602151404775218e-05
1741,1.7198158820974642e-05,1.224638290295843e-05,1.79744639197856e-05,1.862979670841014e-05
1742,1.9396369655927022e-05,1.5546616341453047e-05,1.8102452809398528e-05,1.8606100016040725e-05
1743,1.9048118265345692e-05,1.5166496013989673e-05,1.818907676303449e-05,1.8604885523382106e-05
1744,1.9429924731310975e-05,1.2849532795371488e-05,1.8413559431468857e-05,2.1138244324538387e-05
1745,1.9600437004151496e-05,2.0643016978283412e-05,1.8509497564163114e-05,2.1148833670304158e-05
1746,1.6425885462215068e-05,2.8312050708336756e-05,1.8297491541145265e-05,2.134783717337996e-05
1747,1.779007023691924e-05,1.672668819082901e-05,1.827512211990931e-05,2.1023853711085394e-05
1748,1.8247535449012907e-05,1.238292607013136e-05,1.8225773026642856e-05,1.9773939354490726e-05
1749,1.7484476649972043e-05,1.9545977193047292e-05,1.8019359078769212e-05,1.9741777431045192e-05
1750,1.687009152697606e-05,2.7349582596798426e-05,1.8025024575116635e-05,1.967244925617706e-05
1751,1.6364014562794992e-05,1.5158229434746317e-05,1.7995776323692152e-05,1.8609632230072746e-05
1752,1.6493797993462067e-05,1.0887254866247531e-05,1.790668403587511e-05,1.8600280692044177e-05
1753,1.924144465899897e-05,1.7118549585575238e-05,1.7978579007063266e-05,1.807168010418536e-05
1754,1.9750807946871243e-05,1.3454667023324873e-05,1.792982037618963e-05,1.8033337831002425e-05
1755,1.7931631874590596e-05,1.759635175403673e-05,1.785693041116853e-05,1.8890530062344624e-05
1756,2.3517740875023364e-05,7.896362687461078e-05,1.7731472962704073e-05,1.8738046081125504e-05
1757,1.9952537590547258e-05,1.193726773635717e-05,1.7706542127093095e-05,1.8713579519680933e-05
1758,1.5623054710481987e-05,2.0367390716273805e-05,1.76048655732302e-05,1.8326314062869644e-05
1759,1.642306551123814e-05,1.302216751355445e-05,1.7554143418642022e-05,1.7859137388586533e-05
1760,1.7131028054993495e-05,1.1857964946102584e-05,1.7506278655330084e-05,1.7721141423680823e-05
1761,1.5953496484952564e-05,1.1305628486297792e-05,1.74565711920473e-05,1.7764481046469885e-05
1762,1.57360739912191e-05,1.311408694164129e-05,1.7405076203835455e-05,1.771665445994586e-05
1763,1.7431313519611852e-05,1.2377516432025004e-05,1.7412541941222217e-05,1.7124165761924817e-05
1764,1.6122244932274853e-05,1.1716087174136192e-05,1.7429101944435385e-05,1.6941045351995857e-05
1765,2.0301154666716078e-05,1.2145943328505382e-05,1.7426315532550987e-05,1.7000012507924116e-05
1766,1.5979193049133754e-05,1.1287826073385076e-05,1.7293788513860714e-05,1.6896719484793723e-05
1767,1.757412053039944e-05,3.6976422125007956e-05,1.7171480421610692e-05,1.6983603468543155e-05
1768,1.591168205373429e-05,1.1354396483511665e-05,1.7117052861592835e-05,1.7177577710390328e-05
1769,1.8806653841036475e-05,1.2237868759257253e-05,1.686890868812851e-05,1.4596486114169238e-05
1770,1.7058523157579152e-05,1.0961380558001111e-05,1.6755380778825684e-05,1.4624408992676763e-05
1771,1.515783159751057e-05,1.6632633851259016e-05,1.6915790791164098e-05,1.4247173220064722e-05
1772,1.6593451154120784e-05,1.327678906818619e-05,1.6876819106821334e-05,1.4176874268014218e-05
1773,1.7004848866943373e-05,1.3466416639857925e-05,1.681482398028796e-05,1.4188851702783724e-05
1774,1.6197101944675928e-05,1.8350312529946677e-05,1.6878808826570292e-05,1.4192332645325223e-05
1775,1.705673496164511e-05,1.253736514627235e-05,1.7020205013331073e-05,1.4081145138334251e-05
1776,1.6778014643124252e-05,1.0580219186522299e-05,1.693463522226213e-05,1.4193695307039893e-05
1777,1.6424137696352168e-05,1.2361433764453977e-05,1.6947572637743883e-05,1.5077090007980588e-05
1778,1.59282691917421e-05,1.4536224007315468e-05,1.6875431809360933e-05,1.5319516976160232e-05
1779,1.6693105640620666e-05,1.562676661706064e-05,1.694649326147757e-05,1.591369593224954e-05
1780,1.6570942874144143e-05,2.244570780021604e-05,1.697809637076312e-05,1.507049879000988e-05
1781,1.731413653841527e-05,1.443633696908364e-05,1.697888061163313e-05,1.5051409670559226e-05
1782,1.7114339857976626e-05,1.263533969904529e-05,1.688481382128278e-05,1.5358217540779154e-05
1783,1.9633305018942338e-05,1.0936496400972829e-05,1.684678224288897e-05,1.5427314688713523e-05
1784,1.544877340266895e-05,1.1264693712291774e-05,1.6827427368278018e-05,1.5258810703380734e-05
1785,1.5581149891659152e-05,1.2157400815340225e-05,1.6798559653640648e-05,1.578873316248064e-05
1786,1.7553117642010977e-05,1.1392652049835306e-05,1.6879130884141587e-05,1.5660492907045413e-05
1787,1.9270978660238647e-05,1.0334399266866967e-05,1.686008819904398e-05,1.5376599645242094e-05
1788,1.5292068742888255e-05,1.5191270649665967e-05,1.6807078186199455e-05,1.5473253150412348e-05
1789,1.644568031931865e-05,3.380095469765365e-05,1.682714728190654e-05,1.645102064139792e-05
1790,1.8497633957142373e-05,1.820661753299646e-05,1.6821752134597368e-05,1.6487733639223732e-05
1791,1.775572935204966e-05,2.614229997561779e-05,1.6968026875515032e-05,1.6401595692150295e-05
1792,1.836419826253809e-05,1.5896493569016456e-05,1.6945547788135525e-05,1.6468124208040533e-05
1793,1.5931288075484593e-05,1.0877168497245293e-05,1.7035688526569478e-05,1.6315786050108727e-05
1794,1.6454984082277708e-05,1.9908065514755435e-05,1.7067801040846262e-05,1.6460484167328105e-05
1795,1.6107733697733946e-05,1.26888092563604e-05,1.6988501639005136e-05,1.6570416672038848e-05
1796,1.4673959732236754e-05,1.2420034217939246e-05,1.6793411470280262e-05,1.6874800468212928e-05
1797,1.5871758288186458e-05,2.6524850545683877e-05,1.6826957264776057e-05,1.7081923280784398e-05
1798,1.9019129629466787e-05,1.0260410253977171e-05,1.684651575318033e-05,1.7010044436028697e-05
1799,1.5721034817235907e-05,1.1252980984863825e-05,1.677592768432482e-05,1.7038741356373072e-05
1800,1.5731484640531966e-05,1.4953702775528655e-05,1.669453576428674e-05,1.7034702281671347e-05
1801,1.7279742035801367e-05,3.502440646116156e-05,1.6730351365064662e-05,1.7086631833080903e-05
1802,1.6289259013622842e-05,1.3279258710099384e-05,1.6717718438061036e-05,1.6293447625503177e-05
1803,1.9585137714683596e-05,1.238277533047949e-05,1.6533904005498496e-05,1.5983439086994624e-05
1804,1.613112845613311e-05,1.7289979514316655e-05,1.6453920336466078e-05,1.5481747769808862e-05
1805,1.8824461334992924e-05,1.8637253851920832e-05,1.6291686050600322e-05,1.528122212548624e-05
1806,1.8116949395334813e-05,1.8053789899568075e-05,1.6192362685817194e-05,1.5410376639192694e-05
1807,1.5131854811948466e-05,1.5383652316813824e-05,1.6229527100060495e-05,1.5513254352117654e-05
1808,1.4756050800820553e-05,1.8546091305324807e-05,1.6250605766415696e-05,1.5470622649445434e-05
1809,1.6287418265063835e-05,1.6442764026578514e-05,1.6432992732249352e-05,1.5604757202527254e-05
1810,1.607011210176602e-05,1.0360429696447682e-05,1.644741962033246e-05,1.4961000122275436e-05
1811,1.5788415920623163e-05,1.2110075058444636e-05,1.634079454912959e-05,1.4982569820858772e-05
1812,1.7236180659286524e-05,1.02334223993239e-05,1.6288852223240407e-05,1.5376243253558643e-05
1813,1.6187458762336367e-05,1.6489509434904903e-05,1.63033417891711e-05,1.5346869480708845e-05
1814,1.6129857144227975e-05,1.3971349508210551e-05,1.6200503962560713e-05,1.4362568272917998e-05
1815,1.3902273143078976e-05,1.0456404070282587e-05,1.620645783211027e-05,1.4478121577121782e-05
1816,1.575613762623915e-05,1.3600017045973801e-05,1.598241428049126e-05,1.4436012214719086e-05
1817,1.430834111589421e-05,1.0883352460950846e-05,1.5917207712805574e-05,1.4213084610673834e-05
1818,1.344820395590634e-05,1.4106031339906622e-05,1.57639425605238e-05,1.3918585838837315e-05
1819,1.7384094438360383e-05,2.2480008337879552e-05,1.5685932310265745e-05,1.369445697418996e-05
1820,1.6634700356613998e-05,1.1623016689554788e-05,1.5866997974808326e-05,1.3829162195179377e-05
1821,1.9233633878078157e-05,1.5773398044984786e-05,1.5882239823339557e-05,1.35965160188789e-05
1822,1.6232430490264153e-05,1.043092353938846e-05,1.5940371460843987e-05,1.3380166976276085e-05
1823,1.6353502849395025e-05,1.0799652718560538e-05,1.597967527486617e-05,1.3511990031838647e-05
1824,1.442247667000629e-05,2.1094816802360583e-05,1.589992995609969e-05,1.4301230377168393e-05
1825,1.6093723788799254e-05,1.4219358454283793e-05,1.5798769684139794e-05,1.436349900322966e-05
1826,1.4708796370541677e-05,1.0416876266390318e-05,1.580417259893794e-05,1.4526577576179988e-05
1827,1.6438105752361784e-05,1.6168091315194032e-05,1.578444170979007e-05,1.4701042618253265e-05
1828,1.398404892420836e-05,1.1330041270412038e-05,1.5888606276227316e-05,1.5403117643290896e-05
1829,1.4500964263990883e-05,1.1716789413185324e-05,1.5852283589225003e-05,1.523623688117368e-05
1830,1.4992832527948647e-05,1.1274784556007945e-05,1.590149463461583e-05,1.5383186862891305e-05
1831,1.61666931388835e-05,1.24505682833842e-05,1.6004610840658038e-05,1.6088548591505965e-05
1832,1.965849642551297e-05,1.8751282841549255e-05,1.5868437530217407e-05,1.5598721632704834e-05
1833,1.5137097014101326e-05,1.2729936897812877e-05,1.582603139759158e-05,1.5819623367133315e-05
1834,1.774070920267453e-05,1.1034037961508147e-05,1.5653534010683266e-05,1.5827928622456965e-05
1835,1.7052707452320547e-05,1.3656006085511763e-05,1.5665900190732726e-05,1.5872996810503538e-05
1836,1.3794782951461255e-05,3.184108369168825e-05,1.559645619409922e-05,1.588485544489231e-05
1837,1.4707173860289104e-05,1.1790138050855604e-05,1.564386564560765e-05,1.5456241098581813e-05
1838,1.6322531632290013e-05,2.056647375866305e-05,1.5765828652608132e-05,1.5345175612310412e-05
1839,1.563658491553118e-05,1.8332975560042542e-05,1.571970149193981e-05,1.5597271198203092e-05
1840,1.650638730401018e-05,2.8008279696223325e-05,1.5661671154197798e-05,1.537584402758512e-05
1841,1.4848070451181331e-05,9.427997993043391e-06,1.590405203274309e-05,1.532354187074816e-05
1842,1.553861725066478e-05,1.4557102003891487e-05,1.5901805418009947e-05,1.5512462446349677e-05
1843,1.6026109106961586e-05,3.174007455527317e-05,1.5866383755928836e-05,1.559098747093231e-05
1844,1.3979761677344666e-05,1.0234334367851262e-05,1.58622230112087e-05,1.5670804513501934e-05
1845,1.5574547040968253e-05,1.7145560050266795e-05,1.5641471036360597e-05,1.532047207510914e-05
1846,1.492119920537031e-05,1.5981029428076e-05,1.5683527010777553e-05,1.5193435619585217e-05
1847,1.6541584991500712e-05,1.1557628240552731e-05,1.562511704202431e-05,1.5607282228302213e-05
1848,1.4617402933557363e-05,1.1096118578279857e-05,1.5562229750503322e-05,1.551018682512222e-05
1849,1.560771295771701e-05,1.0379458144598175e-05,1.5585260936414773e-05,1.4653580576850801e-05
1850,1.91427989638113e-05,1.1442721297498792e-05,1.5618544378149738e-05,1.4727711849991467e-05
1851,1.3555617353833642e-05,1.6719265913707205e-05,1.5542878428985006e-05,1.4704654258821394e-05
1852,1.4987347308811473e-05,1.0632412049744744e-05,1.561085912027112e-05,1.4624642811395463e-05
1853,2.0043570887840664e-05,1.0022487349488075e-05,1.557164247173609e-05,1.4140842475899263e-05
1854,1.444479889566234e-05,1.6439803803223186e-05,1.5694867483721784e-05,1.4159713493427264e-05
1855,1.4107290975920881e-05,1.3237910170573741e-05,1.5634464538986017e-05,1.4144176835543477e-05
1856,1.6062674520880034e-05,1.4445994347624946e-05,1.5588855529495047e-05,1.371040510130115e-05
1857,1.4139697054310495e-05,9.992971881729317e-06,1.566224719645106e-05,1.3736785887158478e-05
1858,1.618849637452513e-05,9.554025509714848e-06,1.5590839999478905e-05,1.3539609441068024e-05
1859,1.6280459983843482e-05,2.138020317943301e-05,1.5574252943446882e-05,1.3307601283304393e-05
1860,1.5480525164295817e-05,1.1228621006011962e-05,1.549125730258917e-05,1.341641707404051e-05
1861,1.4370562599247528e-05,1.0425927484902786e-05,1.5477016153373467e-05,1.379484874632908e-05
1862,1.5539259903663253e-05,1.3643419879372232e-05,1.5438303630556523e-05,1.3834799986216243e-05
1863,1.4430882903171652e-05,1.9990033979411238e-05,1.523989970875037e-05,1.41075282037491e-05
1864,1.7336102197684036e-05,1.6332689374394248e-05,1.5291692434160113e-05,1.3956515573954675e-05
1865,1.5525971090634508e-05,1.5913271308818366e-05,1.540503801184564e-05,1.39062686735997e-05
1866,1.7928695750823763e-05,9.899773431243375e-06,1.5155131931775636e-05,1.4175911558413646e-05
1867,1.4028543632270561e-05,1.4168685556796845e-05,1.5143310987251527e-05,1.4344732631434455e-05
1868,1.4885883869687354e-05,2.089578119921498e-05,1.5389176155602198e-05,1.503507776578772e-05
1869,1.5814553351244994e-05,1.0893854014284443e-05,1.532461192530011e-05,1.4846309740823928e-05
1870,1.378936711666433e-05,1.2216148898005485e-05,1.5331590458905944e-05,1.5215056686429308e-05
1871,1.4506522804569814e-05,1.0180825483985245e-05,1.528529064954556e-05,1.527215447058552e-05
1872,1.4466693970057855e-05,1.4278023008955643e-05,1.514954528126206e-05,1.4952541728416691e-05
1873,1.4261374203164855e-05,2.055691038549412e-05,1.5136575577829112e-05,1.48709969194897e-05
1874,1.4639899887293319e-05,1.1378239141777158e-05,1.5112600948891163e-05,1.5019366508931855e-05
1875,1.418270091865755e-05,1.826092673582025e-05,1.511442952121595e-05,1.5036416285147427e-05
1876,1.4850435489077225e-05,1.2943950168846641e-05,1.5153160630304936e-05,1.4875907296664081e-05
1877,1.7820986750949588e-05,9.376239540870302e-06,1.5022544511399855e-05,1.4706857736746315e-05
1878,1.3795918886090577e-05,1.6763559469836763e-05,1.4976300788758738e-05,1.4447038806974887e-05
1879,1.4149275282559554e-05,2.0660330628743397e-05,1.495241180479449e-05,1.4475914943614046e-05
1880,2.025392018468766e-05,3.049653852940537e-05,1.4952774574178169e-05,1.4475317686446944e-05
1881,1.4448568763327784e-05,9.726793723530137e-06,1.4943529143379743e-05,1.4051894775184338e-05
1882,1.4314160394456445e-05,1.921164552186383e-05,1.4889729896741403e-05,1.4030441592331046e-05
1883,1.5031001140515502e-05,1.0981470113620162e-05,1.4906517655536947e-05,1.4009735513536724e-05
1884,1.2886825776755965e-05,1.338988462521229e-05,1.5043378415511042e-05,1.4182070847891736e-05
1885,1.51562825784721e-05,9.19000078283716e-06,1.5179985711357505e-05,1.4735148499312345e-05
1886,1.3771196875798827e-05,1.4135167220956647e-05,1.520261013437347e-05,1.4463885899749584e-05
1887,1.5584974211782943e-05,1.406966428476153e-05,1.5171968364706523e-05,1.4635586595977656e-05
1888,1.5399160630396282e-05,1.5977309267327655e-05,1.5159627948499595e-05,1.456307352054864e-05
1889,1.4070699225056969e-05,1.2106450376450085e-05,1.5101056636194698e-05,1.4445536598213947e-05
1890,1.4369878024606603e-05,9.41779806453269e-06,1.4934819637144553e-05,1.4535859531315506e-05
1891,1.7331471151717576e-05,1.062167684722226e-05,1.49647741462104e-05,1.4252673063310791e-05
1892,1.4037612866862523e-05,1.4153754127619323e-05,1.4970012205028775e-05,1.3805262991809283e-05
1893,1.4654748099726729e-05,1.0310208417649846e-05,1.4830979547291967e-05,1.3003474533616097e-05
1894,1.4469572185286476e-05,1.0357524442952127e-05,1.4812261121227896e-05,1.303405989456223e-05
1895,1.4209061086552943e-05,1.1698496928147506e-05,1.4798180501141663e-05,1.2731742761388884e-05
1896,1.7928041803922193e-05,1.4489208842860534e-05,1.4786332790390589e-05,1.26534498820547e-05
1897,1.788187636621943e-05,2.8104964294470846e-05,1.4820449393462493e-05,1.2702677115157712e-05
1898,1.482698477856401e-05,1.3775345396425109e-05,1.480909324147635e-05,1.2744553334778175e-05
1899,1.3873855645619591e-05,1.5670756547478958e-05,1.475612266771754e-05,1.2592980278714094e-05
1900,1.3874190513484388e-05,1.6448099850094876e-05,1.4820868195157446e-05,1.2401884319842792e-05
1901,1.3386152681454809e-05,1.0005527110479307e-05,1.4792591658947963e-05,1.2588523019803687e-05
1902,1.3665061774695965e-05,1.1634312868409324e-05,1.4814764061803643e-05,1.2544771600369131e-05
1903,1.4544781612736793e-05,9.683897769718896e-06,1.4733205112780624e-05,1.2545646559738087e-05
1904,1.4280226753018926e-05,9.475078841205686e-06,1.4584132628725557e-05,1.2993177991302218e-05
1905,1.6778103741267436e-05,1.0451827074575704e-05,1.461262252697553e-05,1.2866392710566286e-05
1906,1.3980608111726017e-05,1.049142774718348e-05,1.45551318934142e-05,1.2968640210601733e-05
1907,1.3962144892300582e-05,1.1653717192530167e-05,1.4569030557807612e-05,1.2993716917844723e-05
1908,1.4734808371738634e-05,9.024148130265531e-06,1.4478221847336196e-05,1.2917774836387252e-05
1909,1.3739740853553586e-05,1.462056545278756e-05,1.4515128723238983e-05,1.2794167268293678e-05
1910,1.487237877881853e-05,1.0236906273348723e-05,1.433773078646886e-05,1.2026013632566902e-05
1911,1.2446932531828578e-05,1.0345840819354634e-05,1.4320902035736556e-05,1.1903196194180054e-05
1912,1.720361239778059e-05,9.292265312978998e-06,1.4320085857616505e-05,1.2409667926112889e-05
1913,1.469224722515921e-05,2.0643276766350027e-05,1.4268959734585628e-05,1.2072434586298187e-05
1914,1.4625009296449005e-05,1.1012664890586165e-05,1.4215836267895713e-05,1.2028766932780857e-05
1915,1.2330904299031114e-05,9.43967204875662e-06,1.4189350724094162e-05,1.224446483247448e-05
1916,1.3604659050340867e-05,2.1809962636325508e-05,1.4106148392521492e-05,1.238936369336443e-05
1917,1.4749860323111837e-05,1.0984122109221062e-05,1.409110495911187e-05,1.2497125612571837e-05
1918,1.3217482260693537e-05,1.2866395918536e-05,1.398899026680738e-05,1.2415859997418011e-05
1919,1.4817038795121738e-05,1.0984442124026827e-05,1.3951935805703723e-05,1.236235556571046e-05
1920,1.1938843324767529e-05,9.799944891710765e-06,1.3997294923077184e-05,1.3289103741408326e-05
1921,1.8850713701491865e-05,1.1399019640521147e-05,1.4068954571687049e-05,1.35843969808775e-05
1922,1.3446927946966349e-05,8.901123401301447e-06,1.4065307063639111e-05,1.3334512137953424e-05
1923,1.4406266010256432e-05,1.0704909436753951e-05,1.3984966531602871e-05,1.3355483744089723e-05
1924,1.3853451192618295e-05,2.8332549845799804e-05,1.4001516260032078e-05,1.3444450469251023e-05
1925,1.2596037437712463e-05,8.017266354727326e-06,1.3905742563333158e-05,1.380227986592217e-05
1926,1.2058066014206917e-05,8.913835772546008e-06,1.3907675327451822e-05,1.359598504277528e-05
1927,1.3002923179657147e-05,1.7026760360749904e-05,1.3828906514067462e-05,1.352415573201142e-05
1928,1.2464723323420104e-05,1.3306369291967712e-05,1.3861991722256384e-05,1.4765342747705287e-05
1929,1.3904140917778326e-05,1.2169126821390818e-05,1.4002899871088124e-05,1.4284138812217858e-05
1930,1.422523643365518e-05,8.42018669573008e-06,1.3922725096846181e-05,1.4693030334456125e-05
1931,1.305424658413459e-05,9.153816954494687e-06,1.389647724790848e-05,1.4730739147489657e-05
1932,1.509612282663713e-05,3.4822421584976835e-05,1.3768600321863134e-05,1.4741711325041251e-05
1933,1.652629958698526e-05,1.6406479116994886e-05,1.3905495024341183e-05,1.4757772736629702e-05
1934,1.364855315235521e-05,8.37344437968568e-06,1.3671667470528821e-05,1.4624244892183923e-05
1935,1.2863865477912541e-05,1.0761196426756214e-05,1.3599746129815079e-05,1.466679998047766e-05
1936,1.2860675742558669e-05,1.2570008948387112e-05,1.3519385530040987e-05,1.4738277828291757e-05
1937,1.4809269980307565e-05,1.8238000229757745e-05,1.3517719983954319e-05,1.4015901032689727e-05
1938,1.4740566328125876e-05,1.5485906187677758e-05,1.3540417914676558e-05,1.400065774432733e-05
1939,1.2655788961839992e-05,9.216932121489662e-06,1.351665485061757e-05,1.4259378118003952e-05
1940,1.3158034503754202e-05,4.046934744110331e-05,1.3583132406994184e-05,1.4004231633589371e-05
1941,1.7127362771134357e-05,9.779864249139792e-06,1.3658380167261285e-05,1.3835803175607e-05
1942,1.2745490967063233e-05,2.1206410165177657e-05,1.3672573975377925e-05,1.3656375667778775e-05
1943,1.256128603725099e-05,1.380911624437431e-05,1.3642993192883704e-05,1.3746813519537681e-05
1944,1.1620115643988054e-05,1.1258746562816668e-05,1.3621984397872847e-05,1.374123513814993e-05
1945,1.5361210886718862e-05,1.0201480181422085e-05,1.3561847035129585e-05,1.279471028246917e-05
1946,1.3005024856182798e-05,8.060823529376648e-06,1.3454553658327012e-05,1.2604664935497566e-05
1947,1.1648894429122771e-05,9.965000608644913e-06,1.354794099210671e-05,1.2779778462572721e-05
1948,1.2397251015904153e-05,1.2491855632106307e-05,1.3638624585857745e-05,1.27588574650872e-05
1949,1.3811812540451583e-05,1.0273129955749027e-05,1.3697572517574169e-05,1.2584053250611757e-05
1950,1.316348570576843e-05,7.636184145667357e-06,1.3587830815635648e-05,1.2628191219118886e-05
1951,1.146398941273219e-05,1.538184511446161e-05,1.3551889714047624e-05,1.243073579389602e-05
1952,1.466486208907251e-05,1.0648098250385374e-05,1.3553105279586614e-05,1.2494981344207188e-05
1953,1.4345917330097614e-05,9.0956578424084e-06,1.3602140912068231e-05,1.1238369284546933e-05
1954,1.4258986120694316e-05,7.683439125685254e-06,1.349731235386571e-05,1.1175217932759552e-05
1955,1.34857168712996e-05,1.0681132989702746e-05,1.3532948409071348e-05,1.138708417347516e-05
1956,1.2529026708863158e-05,9.014357419800945e-06,1.3498866293715157e-05,1.1232290610496422e-05
1957,1.3592688758055577e-05,1.1159300192957744e-05,1.3531582726379082e-05,1.1091414373368025e-05
1958,1.3843965166921003e-05,1.1655345442704856e-05,1.3403156826340517e-05,1.0999773529329107e-05
1959,1.5983236496847692e-05,1.2751282556564547e-05,1.3380629663232765e-05,1.1050511922076113e-05
1960,1.5130955321688412e-05,1.0238171489618253e-05,1.3437101753111672e-05,1.1237749052088476e-05
1961,1.4334374035469308e-05,8.199903586501023e-06,1.350110045435334e-05,1.1368816215690458e-05
1962,1.2065727431844506e-05,1.9341449442435986e-05,1.3463544108041481e-05,1.1517521717905765e-05
1963,1.384203878842527e-05,1.0549520557106006e-05,1.3518157886331513e-05,1.1763661103032063e-05
1964,1.2686178100314768e-05,1.0823070879268925e-05,1.3574816620126107e-05,1.1462875911820447e-05
1965,1.4383925315794638e-05,9.054045949596912e-06,1.3537168792552419e-05,1.13807031448232e-05
1966,1.4506648816071295e-05,8.201080454455223e-06,1.3452308524574618e-05,1.135550628459896e-05
1967,1.3636392347204189e-05,2.650306618306786e-05,1.3429536557830741e-05,1.1460121224808971e-05
1968,1.1709233153346253e-05,9.939277169905836e-06,1.3418681110326565e-05,1.1691922442696524e-05
1969,1.2438026460586116e-05,7.736840634606779e-06,1.3421219557090406e-05,1.1674415399465944e-05
1970,1.2150563385754746e-05,7.910459080449073e-06,1.3433827032147547e-05,1.2041410727397308e-05
1971,1.2441845778489045e-05,9.32928334805183e-06,1.3435311964874729e-05,1.2112429501576115e-05
1972,1.3060696676095379e-05,1.4645928858953994e-05,1.328376264508633e-05,1.2024598017887912e-05
1973,1.3997218546945886e-05,1.5768534722155892e-05,1.3187397601238144e-05,1.1941465776908447e-05
1974,1.287290388265521e-05,1.3990767511131708e-05,1.3124947000889937e-05,1.1946846025966808e-05
1975,1.452883016301914e-05,1.3789668773824815e-05,1.3123634988894793e-05,1.147126966607175e-05
1976,1.2880457757597065e-05,7.862215334171196e-06,1.3056849938584494e-05,1.1511341691220877e-05
1977,1.3723666399730266e-05,8.593779075454222e-06,1.3029176189189052e-05,1.1382990197307664e-05
1978,1.222441063065263e-05,8.465736336802364e-06,1.29190187008741e-05,1.1391616073524349e-05
1979,1.3689686952097368e-05,1.0298812630935572e-05,1.2825549381442314e-05,1.1474475793511375e-05
1980,1.3214330683695153e-05,1.6476163436891512e-05,1.2831106685593515e-05,1.0785453356947983e-05
1981,1.2592487877959179e-05,8.57668133903644e-06,1.2884222221004572e-05,1.163135546958074e-05
1982,1.3907875634484096e-05,2.033418339124182e-05,1.3012633303636295e-05,1.1936940395389683e-05
1983,1.3881088485100513e-05,1.3430814797175116e-05,1.3143352878331723e-05,1.2147895461384903e-05
1984,1.21945035021377e-05,1.055549546435941e-05,1.3257116873460795e-05,1.2082746529631548e-05
1985,1.2721829225483816e-05,8.159865465131589e-06,1.327617438768761e-05,1.1847770839813164e-05
1986,1.2773109026764157e-05,8.334409812960075e-06,1.3172497863625826e-05,1.1596431613725143e-05
1987,1.203292713196586e-05,7.452040445059538e-06,1.3332820516613237e-05,1.1367521383363053e-05
1988,1.217241253066782e-05,1.1551321185834241e-05,1.3268150523961394e-05,1.1145949686761012e-05
1989,1.1994334365428788e-05,7.6142835314385595e-06,1.3262331758273327e-05,1.1348293115588601e-05
1990,1.1629988107920831e-05,9.269692855014e-06,1.3218504815288017e-05,1.2008064995461608e-05
1991,1.2169915830276699e-05,1.0272573454130907e-05,1.3301035284611215e-05,1.2047547224210575e-05
1992,1.3775324950984214e-05,9.277505268983077e-06,1.3268557221373261e-05,1.2138224006048402e-05
1993,1.3037121538622564e-05,3.108682998572476e-05,1.3241050933639702e-05,1.1760572695493463e-05
1994,1.5648303526379296e-05,1.5376463779830373e-05,1.3186366100207025e-05,1.1797514896170469e-05
1995,1.5418552753140426e-05,1.3184335730329621e-05,1.3186369996239795e-05,1.1406519285083049e-05
1996,1.528594565671584e-05,7.700560054217931e-06,1.3148656703641692e-05,1.1809810912382089e-05
1997,1.3537134531765737e-05,8.77153661349439e-06,1.3150505999672332e-05,1.171580993250245e-05
1998,1.1405305445401206e-05,9.485054069955368e-06,1.3119732166362358e-05,1.187997780361911e-05
1999,1.6880970207340497e-05,8.268011752079474e-06,1.3169063651002946e-05,1.1854811640660045e-05
2000,1.2912080346723088e-05,8.250376358773792e-06,1.3278461236121886e-05,1.2433434984268388e-05
2001,1.2734988615395397e-05,1.2920801054860931e-05,1.3245906615581289e-05,1.2310665299446555e-05
2002,1.262799282509756e-05,2.5088076072279363e-05,1.3256855545720709e-05,1.2328923452150778e-05
2003,1.4287672363732579e-05,9.452792055526515e-06,1.3314873557990523e-05,1.2660915323795055e-05
2004,1.2877735371148446e-05,1.2565732176881284e-05,1.336262126682818e-05,1.2594908808387119e-05
2005,1.2526673490356188e-05,7.034880673018051e-06,1.3308957464404458e-05,1.278918068346684e-05
2006,1.1225367042142251e-05,9.500236355961533e-06,1.3240062941622456e-05,1.2016757341189078e-05
2007,1.3907973035303358e-05,1.0559293114056346e-05,1.3129851307490352e-05,1.170614631555509e-05
2008,1.2938256170147927e-05,2.351310547965113e-05,1.2956300811250308e-05,1.167956668214174e-05
2009,1.2240735902903705e-05,8.205470967368456e-06,1.2805819980389468e-05,1.1820994318986778e-05
2010,1.1952483392734495e-05,1.2264062243048101e-05,1.2774127570527428e-05,1.2048361714550994e-05
2011,1.4006396142778815e-05,7.705255738983396e-06,1.2782032028917459e-05,1.2294839985406724e-05
2012,1.4767866759939353e-05,2.191762403526809e-05,1.2564815148410467e-05,1.2321574764791875e-05
2013,1.1358547017152886e-05,8.482079065288418e-06,1.248527512515365e-05,1.232505722218775e-05
2014,1.22680576189143e-05,8.070737349044066e-06,1.2431690333889696e-05,1.2405052716349019e-05
2015,1.308043841466618e-05,1.756948964612093e-05,1.246523537330278e-05,1.1723495375190396e-05
2016,1.3363608551218122e-05,8.622410568932537e-06,1.2334121696605712e-05,1.1916802425548668e-05
2017,1.2433729890391178e-05,1.4134302145976108e-05,1.2283829408584604e-05,1.1748689538944746e-05
2018,1.1314758469072532e-05,1.1776246428780724e-05,1.2256184978549653e-05,1.1890583900094497e-05
2019,1.2893012673076655e-05,7.611188138980652e-06,1.2364370634410685e-05,1.1822235694853587e-05
2020,1.1079790347139351e-05,1.2519844894995912e-05,1.2304373794823833e-05,1.1723815257573731e-05
2021,1.1523924885194801e-05,1.1236250975343864e-05,1.238767802505107e-05,1.106276802602224e-05
2022,1.2744824285214741e-05,1.4455721502599773e-05,1.2396117079576167e-05,1.1089519668166758e-05
2023,1.160291690515199e-05,1.5647010841348674e-05,1.2465966138794708e-05,1.177389093863894e-05
2024,1.1450548194665721e-05,8.936381236708257e-06,1.2447836009555938e-05,1.1982592329877662e-05
2025,1.0923579765302646e-05,8.337437793670689e-06,1.2320388352317322e-05,1.1576121253165182e-05
2026,1.1395368833796562e-05,1.4920688408892602e-05,1.232790980300504e-05,1.1527302909235e-05
2027,1.3466618810424632e-05,8.049142543313792e-06,1.2347180658172067e-05,1.1538051743264074e-05
2028,1.1009830446305891e-05,1.4285468314483296e-05,1.2329629750941726e-05,1.1167483534518396e-05
2029,1.1620428170620774e-05,8.362910011783243e-06,1.226528554381932e-05,1.1349634636280825e-05
2030,1.183556273948246e-05,1.0582239701761864e-05,1.2253107205550702e-05,1.1084737852070246e-05
2031,1.3930008438668059e-05,7.791531224938808e-06,1.2259622851302588e-05,1.0901943381031741e-05
2032,1.240805204563205e-05,8.098782182059949e-06,1.2230689705514424e-05,1.0921990161295979e-05
2033,1.502086192582889e-05,6.9869246908638164e-06,1.2365844666540699e-05,1.1033993230375925e-05
2034,1.2451712266031084e-05,8.874262020981404e-06,1.2336703642277926e-05,1.1253145478258374e-05
2035,1.3698709873198015e-05,2.93733440048527e-05,1.2258354718667557e-05,1.0956015199917601e-05
2036,1.3553142911809523e-05,1.2922790519951377e-05,1.2200437144605933e-05,1.061142420512624e-05
2037,1.1581675328973991e-05,1.1755847117456142e-05,1.217343260901139e-05,1.0657587390596747e-05
2038,1.1546583284345817e-05,7.261620467033935e-06,1.2261925774671704e-05,1.0794568718847586e-05
2039,1.2749828998089975e-05,8.339458199770888e-06,1.224458405364809e-05,1.0644066028908127e-05
2040,1.2641665733907656e-05,8.30528442747891e-06,1.2213743981960255e-05,1.0639403687673622e-05
2041,1.1755003373158008e-05,1.3176188112993258e-05,1.2290441028582992e-05,1.0433433949947357e-05
2042,1.2129271433675765e-05,7.5118825407116676e-06,1.2379505724513566e-05,1.093973368697334e-05
2043,1.1477649612869653e-05,7.206384652818087e-06,1.2397230425024947e-05,1.1188595813291613e-05
2044,1.2169684028372608e-05,8.112357645586599e-06,1.2450007730108658e-05,1.1161168562830427e-05
2045,1.4458664372796192e-05,1.5319921621994582e-05,1.2418958664056845e-05,1.1113222353014863e-05
2046,1.0795399278625458e-05,1.6715057172405067e-05,1.2262108327558965e-05,1.1113107467826921e-05
2047,1.0786101194955539e-05,7.027464544080431e-06,1.2192576908758688e-05,1.1144138942472637e-05
2048,1.0154977553611389e-05,7.03223597156466e-06,1.2135182358259854e-05,1.0263242212386105e-05
2049,1.0775434804802192e-05,1.0090460873470875e-05,1.2035395663810454e-05,1.010656647704309e-05
2050,1.3135908906810477e-05,1.1761970999941696e-05,1.2034651640715311e-05,1.0006899077416165e-05
2051,1.0961825808206211e-05,1.1158121160406154e-05,1.203225011243679e-05,1.0077232671756065e-05
2052,1.2695617018228707e-05,7.932584012451115e-06,1.1948253855209462e-05,1.0179669725766873e-05
2053,1.2927256611874328e-05,9.136224871326704e-06,1.1901923368956584e-05,1.0293628032377456e-05
2054,1.3847045568885126e-05,2.1020403437432833e-05,1.1877767928753102e-05,1.0024168780364562e-05
2055,1.2278680252266996e-05,1.680379285971867e-05,1.1780016489824953e-05,1.0007813936681486e-05
2056,1.5249441065760847e-05,7.105849963409128e-06,1.1801313411948894e-05,1.003378109089681e-05
2057,1.1631825394336678e-05,6.900126936670858e-06,1.1820780511657683e-05,9.967228349705692e-06
2058,1.1099603513381832e-05,6.984052561165299e-06,1.1676433453410735e-05,9.617829802300548e-06
2059,1.0713426796024173e-05,9.650048887124286e-06,1.1684594687782617e-05,9.320902235776884e-06
2060,1.2263846110727173e-05,7.350925752689363e-06,1.1676527566871504e-05,9.346242179890398e-06
2061,1.105847555057456e-05,9.005897136376006e-06,1.1748543121494652e-05,9.3777448295441e-06
2062,1.1563074751595397e-05,9.264162126783049e-06,1.1786302349315117e-05,9.278757590072928e-06
2063,1.1486545077382795e-05,9.019960325531428e-06,1.1741732804471717e-05,9.208299386955333e-06
2064,1.0649922567406773e-05,1.0900384550041054e-05,1.1751804762146398e-05,9.110187810438221e-06
2065,1.1483403577585704e-05,1.1154242092743517e-05,1.1658631044418954e-05,9.19924438421731e-06
2066,1.1151117368070926e-05,6.43970681267092e-06,1.166815545992803e-05,9.296380040905206e-06
2067,9.685485460472087e-06,7.103011448634788e-06,1.1563264401734665e-05,8.892156386718852e-06
2068,1.2010072665968134e-05,7.855563508201158e-06,1.1531026647207908e-05,8.517270461015868e-06
2069,1.2656361521092346e-05,6.4485391158086715e-06,1.1354903253919068e-05,8.551866700872778e-06
2070,1.0849987916622518e-05,6.584957936865976e-06,1.141669280530348e-05,9.053137888258789e-06
2071,1.0999430137922496e-05,9.291868009313475e-06,1.140974565330705e-05,9.228321528644303e-06
2072,1.0584423172177694e-05,7.660963146918221e-06,1.1415272184442275e-05,9.318841104686727e-06
2073,1.1955366419190088e-05,7.819802212907235e-06,1.1434096728973802e-05,9.450070019374836e-06
2074,1.171941550031382e-05,7.615779886691598e-06,1.1475898557182517e-05,9.343620012805333e-06
2075,1.2021670285725526e-05,1.0000515922001795e-05,1.1468724186326855e-05,9.36849365461967e-06
2076,1.1213624750073197e-05,8.70533174747834e-06,1.1502439831909012e-05,9.30357995966915e-06
2077,1.0366274075042586e-05,1.015899835692835e-05,1.1557094325002657e-05,9.292175954033155e-06
2078,1.3165366999601246e-05,1.1564616288524121e-05,1.150716205419384e-05,9.102491117664613e-06
2079,1.1224769114051014e-05,1.0914812082774007e-05,1.1525890495371034e-05,9.137861360068201e-06
2080,1.147273638909812e-05,7.431644717144082e-06,1.164293920022222e-05,9.45022338346462e-06
2081,1.0846356233539862e-05,7.970755959831876e-06,1.1552837363342406e-05,9.580774571804797e-06
2082,1.3176564178946945e-05,1.9431906621321106e-05,1.1445257708732648e-05,9.706017153075665e-06
2083,1.0925924713471129e-05,1.1363643570803106e-05,1.1509256788000737e-05,1.0721730298246259e-05
2084,1.0851590074404764e-05,1.1913038288184907e-05,1.156176961154011e-05,1.0589960145443911e-05
2085,1.2734459724015323e-05,1.0631648619892075e-05,1.1597822891902374e-05,1.0559275761625032e-05
2086,1.2103521255792455e-05,6.344646972138435e-06,1.1707696556469374e-05,1.0573265666607769e-05
2087,1.1383715480203844e-05,9.8860031721415e-06,1.166373426498871e-05,1.0789480678067776e-05
2088,1.2329436216936706e-05,7.397117951768451e-06,1.1617321137600811e-05,1.0692719202052105e-05
2089,1.2016284894747917e-05,1.0615284409141169e-05,1.1616063901682437e-05,1.0835216299892638e-05
2090,1.0235096807365255e-05,6.412121183529962e-06,1.1692243492385992e-05,1.073538823548006e-05
2091,1.1619328397500794e-05,7.323962872760603e-06,1.161068470893143e-05,1.0671539649047191e-05
2092,1.2611703081751734e-05,1.4912062033545226e-05,1.1627169509786957e-05,1.0626867904647953e-05
2093,9.757526743972752e-06,1.1119343216705602e-05,1.1648766283906296e-05,1.0682897411606973e-05
2094,9.966870155848381e-06,9.57960364758037e-06,1.1646763765990423e-05,1.0670932965149404e-05
2095,1.2449964898324752e-05,3.1977786566130814e-05,1.156683706317886e-05,1.0189727283432148e-05
2096,1.23122507264068e-05,5.9976141892548185e-06,1.155699781706466e-05,1.0254934369004332e-05
2097,1.1485755181234305e-05,6.893853551446227e-06,1.1715199138901274e-05,1.0335991691681556e-05
2098,1.470220803336512e-05,8.169549837475642e-06,1.164919494638323e-05,1.0253362791263499e-05
2099,1.0620358213297246e-05,1.30211551731918e-05,1.1588073768669145e-05,1.0448153207107678e-05
2100,1.0861342101028034e-05,7.5814790216099935e-06,1.1568811038483143e-05,1.0444973935227607e-05
2101,1.1182193852113819e-05,1.2267759193491657e-05,1.1518393780473466e-05,1.0402350825461328e-05
2102,1.227076384263152e-05,7.663296746613924e-06,1.1429968103604755e-05,1.0305677705036941e-05
2103,1.1126397413237201e-05,9.968401627702406e-06,1.141806472134906e-05,1.0281297560140955e-05
2104,1.1636889135439156e-05,9.798018472793047e-06,1.1422314017707123e-05,1.0347751869994681e-05
2105,1.2012655742081633e-05,8.83238239111961e-06,1.1392722631959868e-05,1.0040823350573193e-05
2106,1.079629328564301e-05,7.671644798392663e-06,1.1506517716609073e-05,9.860855676379289e-06
2107,1.117839660865785e-05,7.401764578389702e-06,1.1576114039457431e-05,9.798868203506572e-06
2108,1.0679943560616164e-05,1.2993820710107685e-05,1.149217955211902e-05,8.831007721892091e-06
2109,1.4806623120320081e-05,1.3939471355115529e-05,1.1438805680760803e-05,9.164632323518162e-06
2110,1.1084354911064212e-05,8.565926109440624e-06,1.1426010796033855e-05,9.146012293786042e-06
2111,1.0575491812940324e-05,1.1214407368242974e-05,1.1348368280434644e-05,9.088267204060683e-06
2112,1.0902147225553765e-05,9.806521375139709e-06,1.1327843289392252e-05,8.91362166730687e-06
2113,1.1069004766694787e-05,6.331540207611397e-06,1.1317847133048214e-05,8.946411230135709e-06
2114,9.805642973030141e-06,8.198456398531562e-06,1.1300213868930261e-05,8.828881614317652e-06
2115,9.93751225097286e-06,5.802617561130319e-06,1.1210199944940136e-05,8.860980554891284e-06
2116,1.1725560806452348e-05,8.985320619103732e-06,1.126836410961308e-05,8.738795983663293e-06
2117,1.1871918438070377e-05,7.238849048007978e-06,1.1256829784947009e-05,8.663988604530458e-06
2118,1.2602403860202886e-05,6.620151361858007e-06,1.1211980039014533e-05,8.83853743725922e-06
2119,1.1706778227057333e-05,8.029916825762484e-06,1.1216094504763734e-05,8.878122558962787e-06
2120,1.0351602714864486e-05,7.781274525768822e-06,1.1201313987678278e-05,8.902390926232331e-06
2121,1.0977903942451424e-05,1.4338229229906574e-05,1.1189753926009871e-05,8.767161604191645e-06
2122,1.1165883063060594e-05,6.428352808143245e-06,1.0952225557129069e-05,8.47720163947088e-06
2123,1.2761145143384863e-05,6.725922594341682e-06,1.0927976028041384e-05,8.406936038227287e-06
2124,1.0107233437237381e-05,8.655016754346435e-06,1.094196410085715e-05,8.38642980379518e-06
2125,1.0611438192427158e-05,8.401218092330965e-06,1.0930660030903205e-05,8.378224127227442e-06
2126,1.0741362249165024e-05,9.329518798040226e-06,1.0908704533075151e-05,8.461905042349828e-06
2127,1.0020415742878362e-05,8.465770260954741e-06,1.0920260590541552e-05,8.369491568009836e-06
2128,1.2580501530060752e-05,6.9137873470026535e-06,1.1031083462593316e-05,8.683349372586234e-06
2129,1.1348531018787373e-05,7.927833994472167e-06,1.1012274900106909e-05,8.769721011776712e-06
2130,1.0891412093769759e-05,1.3196103209338617e-05,1.0974466426907587e-05,8.805208275589395e-06
2131,1.089915492937305e-05,8.661272840981837e-06,1.0951022219564443e-05,8.790379427955488e-06
2132,1.0808883681521467e-05,8.008473760128254e-06,1.0872386790490257e-05,9.121428323851433e-06
2133,1.0390942018905966e-05,9.613087659090525e-06,1.0850640342242614e-05,9.157109406805832e-06
2134,8.868413898299979e-06,6.6904722370964005e-06,1.0791587531073472e-05,8.822059985686792e-06
2135,1.0478116683872132e-05,6.809286078350851e-06,1.0739436219430193e-05,8.796105354122121e-06
2136,1.0925193633334452e-05,1.070175150744035e-05,1.0644174507696234e-05,8.922930112748872e-06
2137,1.0619545476705146e-05,9.60137946094619e-06,1.0702986984526634e-05,9.540724410908296e-06
2138,1.052011732099345e-05,8.423563085671049e-06,1.0739866477443782e-05,9.591576326783979e-06
2139,1.0094544409690167e-05,5.888119540031767e-06,1.080169980034245e-05,9.563886047544656e-06
2140,1.2708084052266916e-05,1.3649062675540335e-05,1.080550613664349e-05,9.506130088266216e-06
2141,1.1255346744292182e-05,1.1144611598865594e-05,1.0713960075130062e-05,9.65775679796934e-06
2142,1.0926706608087341e-05,8.126030643325066e-06,1.0644922006920546e-05,9.562317148083819e-06
2143,1.20162986766243e-05,6.249430171010317e-06,1.0632480088760429e-05,9.309598514664684e-06
2144,9.74089250020269e-06,1.6306139223161153e-05,1.0620451650255644e-05,9.400392331735928e-06
2145,9.807941508673441e-06,8.673301599628758e-06,1.0594559286012858e-05,9.420617188152392e-06
2146,9.501583663222846e-06,5.961993701930624e-06,1.0585540069910674e-05,9.77136697692913e-06
2147,9.86210027197861e-06,5.779487019026419e-06,1.0650210953665214e-05,9.9880463531008e-06
2148,1.037960235003589e-05,9.896541560010518e-06,1.0694802305766241e-05,1.0209536752518034e-05
2149,1.1577545357997425e-05,2.409987420833204e-05,1.067064500089651e-05,1.0163913089490962e-05
2150,1.1533425515355904e-05,9.67251598922303e-06,1.067422345776221e-05,1.0091503040894168e-05
2151,1.2287195321631669e-05,8.637261817057152e-06,1.0701138942507291e-05,1.0168931087537204e-05
2152,1.0115574150404428e-05,7.0218712789937855e-06,1.0653778681808037e-05,1.0444452080992052e-05
2153,1.029184999222505e-05,1.0704455089580733e-05,1.0674241319672244e-05,1.0289979964727537e-05
2154,9.622579313549472e-06,5.541842747334158e-06,1.0618431913018059e-05,1.0261546866240679e-05
2155,1.0580364139766768e-05,6.8781373738602265e-06,1.0625242706858747e-05,1.0429945522628258e-05
2156,1.0598443966753419e-05,1.0931118267762941e-05,1.0585566963103096e-05,1.0572488717298255e-05
2157,1.0161574575451797e-05,8.514095170539804e-06,1.0617222191609067e-05,1.0472291082987794e-05
2158,1.0165461616351321e-05,1.838183237850899e-05,1.0600908488130597e-05,1.0516002552321878e-05
2159,1.0485185992163477e-05,1.2107456641388125e-05,1.0613898194222e-05,1.049147414159961e-05
2160,1.1592900486397817e-05,1.2346546063781717e-05,1.0589814827108055e-05,1.0476295804983238e-05
2161,1.0321261011591155e-05,9.56115993176354e-06,1.0572275082975265e-05,1.0299853608012199e-05
2162,1.0709006898347677e-05,7.791128246026346e-06,1.0587532932307416e-05,9.569579856179189e-06
2163,1.1193004439620483e-05,1.0359264251746936e-05,1.0515624738278952e-05,9.412666260323022e-06
2164,8.910537892208797e-06,1.2776144376402954e-05,1.0414585266052098e-05,9.304466973117089e-06
2165,1.3219649998872126e-05,9.78725976892747e-06,1.0502330414116537e-05,9.623250200820622e-06
2166,9.86011157793756e-06,1.0433784136694158e-05,1.0490115838021868e-05,9.416343278280692e-06
2167,1.1096976454104556e-05,1.233599705301458e-05,1.045088663692392e-05,9.434988677821823e-06
2168,1.1024405082733007e-05,9.81301003776025e-06,1.0428629896664966e-05,9.835391807428098e-06
2169,1.0532273212851982e-05,1.3801198365399614e-05,1.0430309057119305e-05,9.751202518236825e-06
2170,9.400098921711712e-06,9.766088332980871e-06,1.0403714559571302e-05,9.652220106363532e-06
2171,9.826326315507888e-06,5.348783433873905e-06,1.0387001302862905e-05,9.251851510634879e-06
2172,9.26001609413005e-06,5.400028603617102e-06,1.0412237517044157e-05,8.99387424433371e-06
2173,9.941108746716054e-06,5.48548663573456e-06,1.0335211166158034e-05,8.794124986889073e-06
2174,1.195899159130123e-05,5.843030412506778e-06,1.0330833248978404e-05,8.855868074897443e-06
2175,9.735720664644355e-06,5.749676092818845e-06,1.0292272188396763e-05,9.002658717508895e-06
2176,9.761208515960283e-06,5.932279636908789e-06,1.0245740009930969e-05,9.186480439529987e-06
2177,1.230920285201541e-05,1.4991451971582137e-05,1.0327971915992546e-05,8.883501093805533e-06
2178,9.9864855898583e-06,5.53178202608251e-06,1.0167794111960879e-05,8.798839379596756e-06
2179,8.6418492861008e-06,6.007977735862369e-06,1.0220292200311736e-05,8.724889004952275e-06
2180,1.0023945633292896e-05,1.68882156140171e-05,1.0180199107061427e-05,8.465859990974422e-06
2181,1.0640422978111827e-05,8.826386037981138e-06,1.008334934675885e-05,8.396899719809879e-06
2182,9.49671213675174e-06,6.039534873707453e-06,9.997473605067676e-06,8.079450041987e-06
2183,9.74763019864137e-06,8.372617485292721e-06,1.002511317864345e-05,7.983649367815816e-06
2184,1.1116091346694804e-05,5.658024983858922e-06,9.980090175910543e-06,8.249920490925433e-06
2185,9.667241714244786e-06,7.352814627665793e-06,9.996377368629005e-06,8.4087445960904e-06
2186,1.0211813082100384e-05,1.1104737131972797e-05,1.0008222673382582e-05,8.515158772206632e-06
2187,9.744980383806655e-06,1.1460894311312587e-05,9.924214011132587e-06,8.625057386961998e-06
2188,1.0029699977975624e-05,1.4954807302274275e-05,9.922098825983185e-06,9.18915669535636e-06
2189,1.096633554374825e-05,5.2016607332916464e-06,9.924675761350145e-06,9.209113628457998e-06
2190,9.215204898080427e-06,7.67071691370802e-06,9.856970709451061e-06,8.946808895416324e-06
2191,1.1172563786708957e-05,8.585024770582095e-06,9.906167569958294e-06,9.470494941342623e-06
2192,1.009464912284683e-05,5.860271703568287e-06,9.949997981715975e-06,9.478643875627313e-06
2193,8.603161075168625e-06,8.0890032586467e-06,9.918790517420147e-06,9.130114220897667e-06
2194,8.385379670572649e-06,5.86495641982765e-06,9.860830372538962e-06,9.011768526397647e-06
2195,1.0091088261106052e-05,7.3710714787011964e-06,9.89131352139844e-06,9.338724698318404e-06
2196,8.700751247185204e-06,1.200556151161436e-05,9.927753118568543e-06,9.560461669025246e-06
2197,9.667195912091604e-06,9.370631232741289e-06,9.909977263305335e-06,1.0512112730066295e-05
2198,1.0237241365555545e-05,8.145841038640355e-06,1.0054518441029359e-05,1.0457749453053114e-05
2199,9.858775035051319e-06,8.590495781390928e-06,1.0021711481628395e-05,1.0239858111162905e-05
2200,9.682841035909303e-06,1.985215880267788e-05,9.979949848962456e-06,1.0253186904446923e-05
2201,9.825631900134289e-06,6.431202964449767e-06,9.993874539456253e-06,9.943315811688081e-06
2202,1.0616576554538268e-05,8.43383364554029e-06,9.951060346793384e-06,9.953728214168224e-06
2203,1.1216407102539153e-05,1.8623933174239936e-05,9.972647435643013e-06,1.0042517694091659e-05
2204,9.737609580042773e-06,6.211701092979638e-06,9.92525939986485e-06,9.991589727724207e-06
2205,9.24375902589721e-06,8.174974245775957e-06,9.872533615554051e-06,9.984528658242197e-06
2206,9.191419356082204e-06,5.867743675480597e-06,9.928684207867874e-06,9.946060299989768e-06
2207,1.0258790858238677e-05,1.421343917172635e-05,9.971119681035313e-06,9.941530266223709e-06
2208,1.0658620127893907e-05,1.3916041752963793e-05,9.953372656673311e-06,1.0028338571282802e-05
2209,1.0671694965114714e-05,2.944930150988512e-05,1.0020700669580646e-05,9.953713647701078e-06
2210,1.3280771157345346e-05,5.993732702336274e-06,1.0079931571373084e-05,9.934062090906083e-06
2211,9.391639097076323e-06,5.657453584717587e-06,1.0086895660343646e-05,9.814598738012137e-06
2212,8.700939567158154e-06,1.1794114143413026e-05,1.0032047867288283e-05,9.703185180114817e-06
2213,1.0377817240320534e-05,7.208029983303277e-06,1.0033077269771538e-05,9.458126076060582e-06
2214,9.895980727176518e-06,5.461970795295202e-06,1.0078886438431154e-05,9.884486466035015e-06
2215,9.754882119321134e-06,9.890453911793884e-06,1.0077199463679184e-05,9.936296082742047e-06
2216,9.987862892254877e-06,7.311825611395762e-06,9.975498237529086e-06,9.391763190797066e-06
2217,8.776504515076845e-06,5.683744966518134e-06,9.983461474257639e-06,9.429844218539075e-06
2218,1.0006925883014144e-05,7.12729430233594e-06,9.9963856419183e-06,9.583651115826797e-06
2219,9.446266499758672e-06,5.751705575676169e-06,9.980678106957285e-06,9.553339738340584e-06
2220,9.647412652056017e-06,9.541279105178546e-06,9.94533602444992e-06,9.228236811759415e-06
2221,1.0383951569868563e-05,1.0139938422071281e-05,9.98775488684866e-06,8.879120608617085e-06
2222,1.1147968456902567e-05,8.879342312866355e-06,9.924648258836695e-06,8.047581934079063e-06
2223,1.0411343589819606e-05,5.159257216291735e-06,9.741071536983428e-06,8.04060148948338e-06
2224,8.48758020866727e-06,5.805156833957881e-06,9.76722191129132e-06,8.102686856727815e-06
2225,9.70857609799067e-06,1.3725681201322004e-05,9.819326879571439e-06,7.894456014764728e-06
2226,1.0970861116624696e-05,1.7090212713810617e-05,9.853207271670627e-06,8.214898216829168e-06
2227,1.0574402185739018e-05,9.729074063216104e-06,9.982670421231888e-06,8.351973905519117e-06
2228,8.673876448786663e-06,5.010610875615384e-06,9.990829093900782e-06,8.303211142629153e-06
2229,9.936690498256616e-06,7.1637267865298785e-06,9.939689266522895e-06,8.35867079658783e-06
2230,9.56686321741371e-06,1.2020146677969023e-05,9.96163226858092e-06,8.908188498025992e-06
2231,8.798730982056844e-06,5.109959238325245e-06,9.928233443012383e-06,8.858040483755758e-06
2232,9.37523879555455e-06,6.085866007197183e-06,9.911875129829343e-06,8.866468982159859e-06
2233,1.1719091687862398e-05,5.188136674405541e-06,9.832917143002204e-06,8.700781263178215e-06
2234,9.094029264815617e-06,8.660834646434524e-06,9.800181098520018e-06,8.498021163541127e-06
2235,8.691353111013692e-06,5.81922158744419e-06,9.723563140748107e-06,8.861192162294175e-06
2236,1.0045398454773627e-05,7.2095877658284736e-06,9.65232714212713e-06,8.854339207027808e-06
2237,1.0003563774161092e-05,6.588343094335869e-06,9.770764306813361e-06,9.138514521328036e-06
2238,1.122482704280022e-05,1.5219085034914316e-05,9.716535466375514e-06,8.82154604551033e-06
2239,1.3132559466208072e-05,8.88886301254388e-06,9.613757564632881e-06,8.38117946550483e-06
2240,9.958848936043472e-06,8.671384839544772e-06,9.538954035775128e-06,8.266427304624813e-06
2241,8.709367207807695e-06,8.698316960362718e-06,9.58648397229101e-06,8.80684338262654e-06
2242,9.325079566527469e-06,1.9421687502472194e-05,9.61313104809152e-06,8.73930378293153e-06
2243,9.171955243800766e-06,5.873593945580069e-06,9.557402973465893e-06,8.46062674318091e-06
2244,9.037308670182635e-06,5.962418035778683e-06,9.57531392208087e-06,8.44586644525407e-06
2245,7.673462981377573e-06,5.399086130637443e-06,9.580679647681082e-06,8.4757488752075e-06
2246,9.565550457813919e-06,5.070935931144049e-06,9.483773043555425e-06,8.589248821226646e-06
2247,9.232519512604792e-06,1.7958617281692568e-05,9.581906408736054e-06,8.427536367526046e-06
2248,8.630443624295165e-06,4.987933334632544e-06,9.56307548173451e-06,8.411605047876948e-06
2249,1.1448509325823073e-05,1.2909539691463578e-05,9.54333476373803e-06,8.709295579319588e-06
2250,8.352855087044493e-06,5.801469305879436e-06,9.473159071502676e-06,9.840724252717338e-06
2251,8.401413573058866e-06,6.081048213673057e-06,9.49891761726273e-06,9.532978192873998e-06
2252,8.704313964295175e-06,6.860270041215699e-06,9.308265637082514e-06,1.054912034815061e-05
2253,9.862124861683697e-06,1.8521012825658546e-05,9.344484470865508e-06,1.0730743315070867e-05
2254,1.0602867393269359e-05,5.475236794154625e-06,9.314536758837575e-06,1.0609099827706812e-05
2255,8.17366135177306e-06,5.053220684203552e-06,9.285723441280424e-06,1.0133604705333708e-05
2256,9.246504697431292e-06,4.740951790154213e-06,9.324742088210769e-06,1.0153056128183379e-05
2257,9.50938193555986e-06,6.832926756032975e-06,9.3099978165507e-06,1.0130916717025684e-05
2258,9.296426584721e-06,8.025635324884206e-06,9.44139265112527e-06,1.0165584763308287e-05
2259,1.1547363394331316e-05,4.618023303919472e-06,9.436616196964878e-06,1.0265458755020516e-05
2260,8.220579935975062e-06,5.4209385962167285e-06,9.567533767040002e-06,9.805052485171472e-06
2261,9.551880504861604e-06,1.4651851051894482e-05,9.716309606341785e-06,9.803449429455212e-06
2262,8.24917146827728e-06,3.487405992927961e-05,9.636478067800957e-06,9.489189339365111e-06
2263,1.1868790686801529e-05,7.525433538830839e-06,9.645032955813803e-06,9.463611851970198e-06
2264,8.36625996170268e-06,3.429241689445916e-05,9.729194261348716e-06,9.45938930090051e-06
2265,1.086431978061834e-05,1.3211959012551234e-05,9.728675663265879e-06,9.410688783827935e-06
2266,7.96067440710936e-06,5.657229776261374e-06,9.6634742514046e-06,8.85935061451164e-06
2267,8.604746627598717e-06,7.534309443144593e-06,9.587604103217018e-06,9.127500042814062e-06
2268,1.0147421417059377e-05,6.359879516821821e-06,9.59410764169459e-06,9.362106332991972e-06
2269,8.668701878680925e-06,5.408932756836293e-06,9.531349688404588e-06,9.537087642820553e-06
2270,1.095833384574184e-05,6.2657872877025515e-06,9.53487958569086e-06,9.555734799505446e-06
2271,9.446139103804146e-06,7.567785723949783e-06,9.527802011830822e-06,9.98430330582778e-06
2272,1.2505458764482884e-05,6.448460535466438e-06,9.530042749934687e-06,9.994115014706041e-06
2273,1.234983960683975e-05,4.947856941726059e-06,9.548794302140274e-06,1.0259221484011505e-05
2274,9.45272086230236e-06,5.053037439211039e-06,9.486407930227062e-06,9.875827783253042e-06
2275,8.566727287365615e-06,5.162032121006632e-06,9.53388020332366e-06,8.770704797643703e-06
2276,1.0505446211431667e-05,5.975484436930856e-06,9.544562344894482e-06,9.001988939417059e-06
2277,8.691349012224237e-06,5.64275711440132e-06,9.58526088771679e-06,7.819454022683203e-06
2278,8.232089565151707e-06,4.737558592751156e-06,9.471947629996674e-06,7.577626014244743e-06
2279,8.706113688579837e-06,1.217897250171518e-05,9.530920611137441e-06,7.870329427532852e-06
2280,8.336249813712332e-06,1.0918377938651247e-05,9.531682489998478e-06,7.983294123550879e-06
2281,7.6775558651813e-06,9.115484535868746e-06,9.463603095981754e-06,7.910447433823721e-06
2282,9.597629367716662e-06,7.299105673155281e-06,9.541806029442849e-06,7.88792989915237e-06
2283,9.119487238220043e-06,1.8739847982942594e-05,9.422145388958194e-06,7.857155289821097e-06
2284,1.1603381846927935e-05,4.863316025875974e-06,9.36402789999799e-06,7.780915570765502e-06
2285,8.689368741114675e-06,1.2048600328853354e-05,9.295653985241695e-06,7.866603211732584e-06
2286,7.992221207031334e-06,5.067008532932959e-06,9.187288965909427e-06,7.87070254518767e-06
2287,9.435978295692216e-06,7.245985289046075e-06,9.25368632692375e-06,8.09380024438724e-06
2288,1.2135844226072044e-05,1.3307537083164789e-05,9.327015491301912e-06,8.108878918574195e-06
2289,9.38372353226037e-06,4.729043976112734e-06,9.262513992285271e-06,8.386638687079541e-06
2290,8.03148833761548e-06,7.16625880158972e-06,9.263254076742871e-06,8.446982004534223e-06
2291,9.434998935628553e-06,1.29748151084641e-05,9.262187474309435e-06,8.554473589902048e-06
2292,8.623793599124636e-06,1.0358426843595225e-05,9.283421761433096e-06,8.265115294489079e-06
2293,8.445436566641244e-06,4.538712273642886e-06,9.375860760519572e-06,8.014086334151216e-06
2294,1.0623775215208298e-05,4.84599439005251e-06,9.407708268170407e-06,7.856257335515694e-06
2295,7.966817833625505e-06,5.496422054420691e-06,9.32862040331707e-06,7.755764826288214e-06
2296,7.993201879799017e-06,5.661792747559957e-06,9.323197046150098e-06,7.332319093256956e-06
2297,1.0796110895575515e-05,8.590651559643447e-06,9.238970311566342e-06,7.619983537733789e-06
2298,9.640714123533042e-06,5.0503402781032495e-06,9.251932797896088e-06,7.595909687370296e-06
2299,1.1112654887660432e-05,1.0630479919200297e-05,9.295652891099355e-06,7.736850607034285e-06
2300,1.0399956396819713e-05,5.538998975680443e-06,9.283206974396307e-06,7.815541929448954e-06
2301,8.89290873601567e-06,1.2919478649564553e-05,9.240412342923164e-06,7.75355058576679e-06
2302,8.709851123664217e-06,7.15134005076834e-06,9.194840889257548e-06,7.920446539355907e-06
2303,8.205424504315792e-06,7.4248482269467786e-06,9.24597581765233e-06,7.821271087595961e-06
2304,9.236970866671375e-06,4.945015116391005e-06,9.221529161045006e-06,7.495734508120222e-06
2305,1.0647224790874235e-05,4.642653930204688e-06,9.28062668135681e-06,7.323580551747e-06
2306,8.473743556452165e-06,5.1697595699806696e-06,9.272592425542019e-06,7.36356254783459e-06
2307,7.620432746383206e-06,4.78679294246831e-06,9.246230056588604e-06,7.3675057006767015e-06
2308,8.983903309045773e-06,8.153704657161143e-06,9.251694139796505e-06,7.314173431223025e-06
2309,9.497713482333994e-06,1.2054927137796768e-05,9.24291422262387e-06,7.457693511241813e-06
2310,9.013430899358355e-06,1.1446754069766029e-05,9.198855313863737e-06,7.679341575567377e-06
2311,9.085223537113052e-06,8.590531524532708e-06,9.190726546552874e-06,8.158464795269537e-06
2312,9.124830378116006e-06,9.213268349412828e-06,9.082462806569918e-06,7.954549845453584e-06
2313,1.1065978439243433e-05,1.1757753491110634e-05,9.042003571691265e-06,7.985929903952638e-06
2314,8.24443719061997e-06,8.90144281584071e-06,9.10712532976403e-06,8.249829388660147e-06
2315,9.30986154748502e-06,4.686872507591034e-06,9.119999385802658e-06,8.201390437170631e-06
2316,8.823832520445447e-06,4.8364006215706465e-06,9.097514802447727e-06,8.097778925002786e-06
2317,1.0101231606919707e-05,6.054577934264671e-06,9.075420448465998e-06,8.114209897030377e-06
2318,8.244580171271486e-06,5.538262175832642e-06,8.954780211651166e-06,8.119377648836234e-06
2319,9.96471599137294e-06,4.944573211105308e-06,8.975708463266425e-06,8.110967618995344e-06
2320,8.103419913823018e-06,4.163115318078781e-06,9.023058299701207e-06,8.397828325541924e-06
2321,7.773703950483146e-06,9.249794748029672e-06,8.985941283309433e-06,8.231375282775843e-06
2322,9.694638176572172e-06,1.4131853167782538e-05,8.95626939240578e-06,8.207803314871853e-06
2323,9.437494940761503e-06,1.702842077065725e-05,9.113522317420574e-06,8.451093224721262e-06
2324,8.406061388086528e-06,5.532606173801469e-06,9.087099758229061e-06,8.394720274372958e-06
2325,9.388475524853371e-06,6.32350043815677e-06,9.084892385726561e-06,8.240502163243946e-06
2326,1.052095268783483e-05,1.951696576725226e-05,8.925138782473772e-06,7.936603625421413e-06
2327,9.031702524629913e-06,5.94036626353045e-06,9.02909729548911e-06,7.959303116513185e-06
2328,7.643309920442536e-06,4.834560422750656e-06,8.976170299704082e-06,7.976179383695126e-06
2329,8.684612017128125e-06,5.355789417080814e-06,8.99031521451737e-06,7.967956302309176e-06
2330,7.631218870503492e-06,4.771847725351108e-06,8.911325901863164e-06,7.995241879689274e-06
2331,8.99694984683366e-06,4.9595088239584585e-06,8.923564616189752e-06,8.12729195022257e-06
2332,8.80417865725273e-06,1.1958310606132728e-05,8.870576605032612e-06,8.19706265392597e-06
2333,8.05597789925135e-06,3.99237858800916e-06,8.878239353079053e-06,8.203843377123124e-06
2334,8.755916209742685e-06,1.146562794019701e-05,8.915544362672437e-06,8.173535406240264e-06
2335,1.2944754024728254e-05,1.7529001816001255e-05,9.035383755488308e-06,8.116066167713142e-06
2336,8.42465955732526e-06,7.181207765825093e-06,8.980796962108192e-06,7.680371099559125e-06
2337,9.069646065553468e-06,5.357815571187529e-06,9.1228161586413e-06,7.707000288792186e-06
2338,7.072138357923703e-06,4.160290045547299e-06,9.107045692305999e-06,7.644650744623504e-06
2339,1.0843400016003417e-05,9.468930093134986e-06,9.13732647689661e-06,7.118790322419955e-06
2340,7.986686652859337e-06,5.1087791871395894e-06,9.157859734882047e-06,7.1143174165626995e-06
2341,9.177455390777646e-06,4.630823586921906e-06,9.153067391404572e-06,7.08139518101234e-06
2342,8.12649879056456e-06,6.736717368767131e-06,9.110594704583895e-06,7.045640769501915e-06
2343,8.55054802943616e-06,8.839513939165044e-06,9.109339952354074e-06,7.282245134410914e-06
2344,8.640015712444438e-06,6.688840803690255e-06,9.082244654281465e-06,7.396776486712042e-06
2345,8.294988614983999e-06,4.332633398007601e-06,9.029556623661645e-06,7.187248541595182e-06
2346,8.706329190317774e-06,8.492095475958195e-06,9.013055328978226e-06,7.196860991825815e-06
2347,1.2690622996968967e-05,1.2695122204604559e-05,8.971728783298103e-06,6.987255193962481e-06
2348,8.072825106258582e-06,6.136044066806789e-06,8.824189929873684e-06,6.466801967326318e-06
2349,1.195654130141419e-05,6.198335904628039e-06,8.804835322977549e-06,6.431175886245909e-06
2350,8.9942138664709e-06,4.764761833939701e-06,8.811471600387854e-06,6.434718321543186e-06
2351,1.1277972302600069e-05,6.370455212163506e-06,8.861127976908593e-06,6.760897522326559e-06
2352,9.54503397426581e-06,5.828543617099058e-06,8.755738040336938e-06,6.6272137155465325e-06
2353,7.523501333505717e-06,4.011504533991683e-06,8.783864852537388e-06,6.7886206139519336e-06
2354,7.622794846611214e-06,4.461929129320197e-06,8.812721801223232e-06,6.774048463557846e-06
2355,7.599850064757953e-06,1.068695684807608e-05,8.79348931428265e-06,6.770762718224432e-06
2356,8.319567395018466e-06,7.822792631486664e-06,8.821791740370425e-06,6.576890074211405e-06
2357,7.486977891757205e-06,6.720111978211207e-06,8.800710125312132e-06,6.480907338118412e-06
2358,7.64344553216587e-06,4.232689843775006e-06,8.762847057328649e-06,6.9720159495773254e-06
2359,7.722752567739613e-06,6.225482993613696e-06,8.72117969706273e-06,6.821174817741847e-06
2360,9.25628268911775e-06,4.517671150097158e-06,8.510581065598268e-06,6.487202626158249e-06
2361,7.9407943849219e-06,6.290555738814873e-06,8.474282264594673e-06,6.450662478164303e-06
2362,9.2355530008111e-06,5.4463764536194505e-06,8.474843601005785e-06,6.4391769032226865e-06
2363,8.313547770942225e-06,1.2314770065131598e-05,8.45335374659852e-06,6.44190302627976e-06
2364,8.208651601712013e-06,6.126834923634306e-06,8.351465711853555e-06,6.511056105227907e-06
2365,8.689856957870587e-06,9.143951647274662e-06,8.244114176462365e-06,6.433436736551811e-06
2366,9.898879107923777e-06,4.266519827069715e-06,8.285169180979008e-06,6.7453764415404284e-06
2367,7.645686617049958e-06,6.654573735431768e-06,8.261319925885698e-06,6.9001927076897105e-06
2368,9.258108681630498e-06,3.9926978388393765e-06,8.329501553816953e-06,6.816389083542161e-06
2369,8.112975335987155e-06,4.289272401365451e-06,8.368738206627313e-06,6.711611916398395e-06
2370,7.348411915396961e-06,1.6610348684480413e-05,8.452798617670648e-06,6.609130943979833e-06
2371,7.664645183669765e-06,4.721067180071259e-06,8.41260246973737e-06,6.662631124345351e-06
2372,7.425657210357409e-06,4.345817415014608e-06,8.389954459441165e-06,6.6205186871229656e-06
2373,7.1653550811687536e-06,5.222540366958129e-06,8.370282936044127e-06,6.610638145502889e-06
2374,1.1970574711691976e-05,5.911196531087626e-06,8.404021555300763e-06,6.670493431010982e-06
2375,8.456967506289301e-06,4.8329149103665256e-06,8.372119172054227e-06,6.658162788517075e-06
2376,8.730771433975962e-06,8.099282185867195e-06,8.426833448296142e-06,6.533014322485542e-06
2377,6.861245589486013e-06,3.8880594001966525e-06,8.437459015880853e-06,6.5290782447846136e-06
2378,8.549876446421776e-06,1.1809997158707119e-05,8.387094297722796e-06,7.084299598500365e-06
2379,7.026563469278497e-06,8.332335783052258e-06,8.301845830525658e-06,7.170657254027901e-06
2380,9.304390763039313e-06,8.591866244387347e-06,8.30236038721826e-06,7.062809033959638e-06
2381,9.30048371527745e-06,5.203363452892518e-06,8.239321660383008e-06,7.1836959810752894e-06
2382,9.588488167840599e-06,4.158087667747168e-06,8.248046191874891e-06,7.579893155343598e-06
2383,6.638541833833895e-06,5.570194352912949e-06,8.395130161645486e-06,7.1838130876130895e-06
2384,7.156552310334519e-06,5.172672063054051e-06,8.440705856790171e-06,7.312439568340779e-06
2385,8.764494604191795e-06,4.270657609595219e-06,8.543008045510053e-06,7.793098236288642e-06
2386,8.784259866337783e-06,7.786937876517186e-06,8.551594556209035e-06,7.805376476608218e-06
2387,8.437993419647683e-06,5.138110391271766e-06,8.425773025697302e-06,8.25223091960652e-06
2388,9.681404676990092e-06,9.186058414343278e-06,8.423003319330746e-06,8.23198811049224e-06
2389,8.474290791329825e-06,6.028432981111109e-06,8.359052466969135e-06,8.07715828777873e-06
2390,7.430739003919169e-06,2.3024485490168444e-05,8.36267209997459e-06,8.372599191352494e-06
2391,7.767667427995345e-06,6.425461215258111e-06,8.386743328406334e-06,8.078918275714387e-06
2392,7.658550534365026e-06,3.958368233725196e-06,8.440802940984012e-06,8.040771615196718e-06
2393,7.682140510749175e-06,7.014871516730636e-06,8.508156631392518e-06,8.126643686409807e-06
2394,8.331088623284206e-06,1.4194201758073178e-05,8.512411572883141e-06,8.303644142870326e-06
2395,1.102551115966182e-05,6.708346991217695e-06,8.4250309244251e-06,8.298449014546348e-06
2396,8.804037562286895e-06,7.936729198263492e-06,8.465973780969054e-06,8.350646962207975e-06
2397,9.983211928354447e-06,1.6362284113711212e-05,8.57742859152495e-06,8.495703766675434e-06
2398,7.380017848643345e-06,5.529496374947484e-06,8.539219435867078e-06,8.59233706869418e-06
2399,8.825036448898674e-06,1.7082557606045156e-05,8.479266164471886e-06,8.425473550596509e-06
2400,8.387724847125355e-06,4.326844682509545e-06,8.457102938943231e-06,8.395445064525119e-06
2401,7.132000124935681e-06,4.228536618029466e-06,8.431124225333204e-06,8.226929087686584e-06
2402,6.951736414622347e-06,1.1274081989540719e-05,8.402684041923042e-06,8.182872700854204e-06
2403,9.151657157215393e-06,4.467974267754471e-06,8.465946729362863e-06,7.4267501629947225e-06
2404,8.378053783720436e-06,7.3786692701105495e-06,8.492469509656074e-06,7.339925866108388e-06
2405,1.0988233023251976e-05,1.073866802471457e-05,8.519705607614014e-06,7.481979176372989e-06
2406,9.406857252542977e-06,9.628374864405486e-06,8.522632744037159e-06,7.915712979593082e-06
2407,7.403971956389594e-06,4.028209459647769e-06,8.57037925096746e-06,7.599200930417284e-06
2408,7.662113247432798e-06,6.87514304445358e-06,8.44972106404182e-06,7.5994650753273175e-06
2409,9.942922574231893e-06,8.799092174740508e-06,8.405855578611307e-06,7.512603925715667e-06
2410,7.809265712744997e-06,6.68649016006384e-06,8.353704226869417e-06,7.062094321736368e-06
2411,7.285428081458021e-06,3.615349924075417e-06,8.332885573407919e-06,7.07684693770716e-06
2412,7.883912781431313e-06,4.3873982394870835e-06,8.238469484947726e-06,6.610847489355365e-06
2413,9.031936836739382e-06,4.973158993379911e-06,8.22486989806445e-06,6.670933490386233e-06
2414,7.763286206075766e-06,4.9270233103015925e-06,8.259545247427822e-06,6.900258697714889e-06
2415,9.012306189914751e-06,4.1214220436813775e-06,8.265086521229629e-06,6.612735480302945e-06
2416,8.430736935325614e-06,4.254853793099755e-06,8.205644193326912e-06,6.793171301251278e-06
2417,8.339452983313499e-06,7.509700990340206e-06,8.17415703523794e-06,6.784415295260259e-06
2418,7.755318921327772e-06,1.7858216597232968e-05,8.10508265676617e-06,6.573728592775297e-06
2419,9.524751296541783e-06,6.281400528678205e-06,8.103236248846061e-06,6.382465418573702e-06
2420,8.009056486520826e-06,6.71495061396854e-06,8.141719793477225e-06,7.29763267445378e-06
2421,7.707400426524044e-06,5.765200457972242e-06,8.270506106782706e-06,7.1836905757663765e-06
2422,8.679428134807191e-06,5.099544014228741e-06,8.180813965090136e-06,7.029157516808482e-06
2423,6.859551512105908e-06,5.898311774217291e-06,8.155447630593295e-06,7.011513185716467e-06
2424,6.464634237393815e-06,5.432571397250285e-06,8.208319141057373e-06,7.234485347726149e-06
2425,8.047735175043473e-06,5.828994708281243e-06,8.206424159127185e-06,7.334224600344896e-06
2426,7.998883859019972e-06,9.961666801245884e-06,8.149425086675264e-06,7.367858623911161e-06
2427,7.090268259667533e-06,4.086001554242102e-06,8.15731669006507e-06,7.549374952941434e-06
2428,7.665598959647468e-06,8.978869791462785e-06,8.16607451504549e-06,7.527699754427884e-06
2429,7.5908748314961685e-06,7.159769120335114e-06,8.102709231752669e-06,7.5847239015274675e-06
2430,9.26137356145773e-06,5.471500462590484e-06,8.041823001824215e-06,7.5104762472619765e-06
2431,9.360697054540247e-06,4.84679550936562e-06,8.072470611417278e-06,7.156817983923247e-06
2432,8.36606057216866e-06,2.6907390856649728e-05,7.978946182265644e-06,7.1299301846011074e-06
2433,1.0881771080069788e-05,4.0265905772685075e-06,8.038040761433267e-06,7.005416615720605e-06
2434,7.700619031917691e-06,4.935765700793127e-06,8.030797594902751e-06,6.9765529682626945e-06
2435,7.175107350323944e-06,6.245381882763468e-06,8.036648046699054e-06,6.9209629848046464e-06
2436,8.60721584305995e-06,9.18965397431748e-06,8.016665928031821e-06,6.9178320289211125e-06
2437,7.836538233176625e-06,6.8808795549557545e-06,8.061080234256223e-06,6.972503255019547e-06
2438,7.606960025441367e-06,5.814009582536528e-06,8.075911928568125e-06,7.0559856943873455e-06
2439,7.960576290820931e-06,9.464931536058429e-06,8.129192491873659e-06,6.951502857191373e-06
2440,9.231251814425276e-06,3.579542080842657e-06,8.2234029996875e-06,6.949427475410631e-06
2441,6.846604853005071e-06,5.680457470589317e-06,8.288865296223472e-06,6.905371832908715e-06
2442,6.81729723510216e-06,5.6535096337029245e-06,8.328249938212038e-06,6.919219535848243e-06
2443,8.521509161154326e-06,9.016760013764725e-06,8.334548347233472e-06,6.868787193161553e-06
2444,7.186640567750954e-06,5.609205545624718e-06,8.299447885009513e-06,6.818130397368805e-06
2445,9.486420965711456e-06,3.6021113919559865e-06,8.230990648735315e-06,5.925691176889814e-06
2446,7.5263212632611004e-06,5.043609271524474e-06,8.082634484000866e-06,6.155115394722089e-06
2447,8.825689429714758e-06,3.709794427777524e-06,8.210754867711028e-06,6.451540819034563e-06
2448,6.3599985454250905e-06,5.8200378771289254e-06,8.21223964667297e-06,6.390436128640432e-06
2449,7.57499189300385e-06,6.79935204971116e-06,8.181119383354802e-06,6.201474722547574e-06
2450,8.418527532841027e-06,7.91605569247622e-06,8.222189343925694e-06,6.275020909743035e-06
2451,9.330897941658299e-06,7.349595871346537e-06,8.17889331980647e-06,6.299798845793703e-06
2452,9.44553095501356e-06,4.034117009723559e-06,8.18081645589296e-06,6.078683105442906e-06
2453,9.302156373046778e-06,7.877478728914867e-06,8.10310875498948e-06,6.2602955003967504e-06
2454,8.575490881210297e-06,7.505961693823338e-06,8.238774629393849e-06,6.58114279358415e-06
2455,9.418833786993572e-06,4.210691895423224e-06,8.249230898299072e-06,6.517740550043527e-06
2456,8.483185498941262e-06,3.580375614546938e-06,8.18718399451528e-06,6.754121521953494e-06
2457,6.6546296653137284e-06,4.5964103446749506e-06,8.196499800881914e-06,6.730202108883532e-06
2458,7.172866961708577e-06,9.762196023075375e-06,8.134636606135044e-06,6.7886190881836235e-06
2459,1.0903628624671708e-05,1.2346401308604982e-05,8.090038574058173e-06,6.759683849668364e-06
2460,7.212226824372515e-06,4.717764622910181e-06,8.025185133657133e-06,6.862569135773812e-06
2461,7.829209260105725e-06,4.465618821996032e-06,8.114916574009437e-06,6.929464351196658e-06
2462,8.863287247448978e-06,8.719534234842285e-06,8.152961393918506e-06,6.947580448832014e-06
2463,6.524559422460798e-06,6.433457983803237e-06,8.093723562786989e-06,6.82402588390687e-06
2464,8.008654692983125e-06,3.9370380272885085e-06,8.026977183787191e-06,6.809449379579747e-06
2465,7.288559291838384e-06,8.119851954688784e-06,7.970104157033752e-06,7.236766649657511e-06
2466,1.0238251713114247e-05,1.3701639800274278e-05,7.891298048384165e-06,7.26375226622622e-06
2467,7.078703957732715e-06,4.0684535451873675e-06,7.835821034313994e-06,7.123841342763626e-06
2468,6.97033656655953e-06,1.4926284311513882e-05,7.735760565709723e-06,7.130117815904669e-06
2469,7.419535726916769e-06,5.011220218875679e-06,7.729806306936856e-06,7.188909393516952e-06
2470,7.939841097039688e-06,5.062535874458262e-06,7.792797930030952e-06,7.1507424512674345e-06
2471,6.411370461339377e-06,4.320228308642981e-06,7.840334511921456e-06,6.925234458685737e-06
2472,7.2043534196887374e-06,6.281926580413711e-06,7.66873228070229e-06,6.614615983198747e-06
2473,8.603284554232637e-06,7.492418262700085e-06,7.669586425011706e-06,6.685561287667952e-06
2474,8.526112390730607e-06,7.252254490595078e-06,7.703113982441006e-06,6.720291871533846e-06
2475,6.937581754553118e-06,4.827191569347633e-06,7.616327791927485e-06,6.715298965355033e-06
2476,7.662238466663337e-06,6.985183263168437e-06,7.690236762816008e-06,6.635186220592005e-06
2477,8.023705286177574e-06,1.4717048761667684e-05,7.642777202151289e-06,6.877178972354158e-06
2478,7.332003656807097e-06,8.552119143132586e-06,7.71442559436966e-06,7.21942576492438e-06
2479,7.188565529456052e-06,4.00818860725849e-06,7.65321056181468e-06,6.829302674304927e-06
2480,6.917322071886803e-06,4.367603723949287e-06,7.661376687974553e-06,6.853482947190059e-06
2481,8.334329029619565e-06,5.050165054854006e-06,7.6257688534598045e-06,6.4318898890633134e-06
2482,8.229420242666189e-06,3.6422367884370034e-06,7.645572994644883e-06,6.61440681797103e-06
2483,8.361281508971134e-06,4.124496208532946e-06,7.608211661459386e-06,6.670311493508052e-06
2484,6.6135728441925796e-06,4.58093942143023e-06,7.6440994567545e-06,6.8257470382377514e-06
2485,7.233580432107879e-06,6.491397234640317e-06,7.705055002710045e-06,6.732032918080222e-06
2486,8.667398195838258e-06,5.333883418643381e-06,7.648458459758938e-06,6.5971294818155e-06
2487,6.693632484610943e-06,8.59471158037195e-06,7.5928878838264305e-06,6.5284680546028535e-06
2488,8.372283694673873e-06,4.43063936472754e-06,7.618510597603745e-06,6.558374632732011e-06
2489,6.822165676365128e-06,9.98685682134237e-06,7.636451209125677e-06,6.467980644083582e-06
2490,9.079769097297685e-06,1.6676021768944338e-05,7.601811157332527e-06,6.013832785538398e-06
2491,8.707875899239703e-06,3.948562534787925e-06,7.648297316094006e-06,5.827044039324391e-06
2492,7.282857111729552e-06,4.6729603673156814e-06,7.641812665113118e-06,5.868139064841671e-06
2493,6.080140703690834e-06,4.3864578583452384e-06,7.683762999820627e-06,5.887688047369011e-06
2494,7.914639256543725e-06,9.574143441568594e-06,7.714152166105728e-06,5.862901260115906e-06
2495,7.005807767402277e-06,6.4601527628838085e-06,7.682919755865845e-06,5.934658244950698e-06
2496,7.308565343717217e-06,8.206116926885443e-06,7.644203273755718e-06,6.050126856280258e-06
2497,8.728242068577351e-06,3.939073576475494e-06,7.717827534037902e-06,6.3614856691856395e-06
2498,7.1883709804549455e-06,4.119832356082043e-06,7.762470946585785e-06,6.243173183611362e-06
2499,7.136847992417946e-06,5.5357188102789225e-06,7.760165781170752e-06,6.379793285304913e-06
2500,7.578149598985975e-06,5.574856022576568e-06,7.78951487235544e-06,6.170086381098372e-06
2501,8.11075375471167e-06,4.725333546957699e-06,7.698743683957017e-06,6.269785016411333e-06
2502,7.1577039913487775e-06,3.3633522980380803e-06,7.702235636032938e-06,6.041459783227764e-06
2503,8.494157625844106e-06,3.882400487782434e-06,7.629117847439679e-06,5.716110724097233e-06
2504,7.026449254933848e-06,5.035564245190472e-06,7.590541917872745e-06,5.721735537736095e-06
2505,7.966080439574499e-06,4.856328287132783e-06,7.580467397686637e-06,5.969760968946502e-06
2506,9.094058186747134e-06,4.430495373526355e-06,7.618253596107631e-06,5.964674866118002e-06
2507,7.448609986669099e-06,5.436161409306805e-06,7.597015777678785e-06,5.820675625000148e-06
2508,7.393369456217948e-06,7.011211491771973e-06,7.637362871052271e-06,5.7933003699872635e-06
2509,8.454179351247149e-06,1.2364909744064788e-05,7.71100242867154e-06,5.600421010240097e-06
2510,8.349665745804992e-06,3.5335850952833424e-06,7.625058011075856e-06,5.5877205075375956e-06
2511,8.60976906046239e-06,8.74938596098218e-06,7.60280748602074e-06,5.639270026222219e-06
2512,7.427359764228135e-06,3.3520389752084157e-06,7.661769167437645e-06,5.806956724336485e-06
2513,6.103003984713319e-06,6.923105247551575e-06,7.66122447829629e-06,5.73926882170781e-06
2514,6.90946447826314e-06,4.278725991753163e-06,7.6085289360182485e-06,5.710811752578593e-06
2515,7.251824382466212e-06,8.542295290681068e-06,7.637773516883802e-06,6.350198137442931e-06
2516,7.74347766006637e-06,4.089182875759434e-06,7.569041914191782e-06,6.3461377274506955e-06
2517,7.0309941070768725e-06,1.0873596147575882e-05,7.600761940112634e-06,6.6377783809002725e-06
2518,7.024795664215668e-06,4.259305287632742e-06,7.670278587587138e-06,6.691444162788685e-06
2519,7.3836937958225865e-06,5.974162413622253e-06,7.5572571291559145e-06,6.890992068292691e-06
2520,8.01448510173941e-06,5.77577138756169e-06,7.546086561786878e-06,7.512650560602197e-06
2521,9.149554284198934e-06,3.384132933206274e-06,7.538217323680228e-06,7.4688416567369135e-06
2522,6.579631628685294e-06,3.6215610089129768e-06,7.4740060471716186e-06,7.20250993508671e-06
2523,6.6321078540770236e-06,5.408570323197637e-06,7.430477148187089e-06,7.2079696426953895e-06
2524,8.61089002784057e-06,9.727886263135588e-06,7.4080290584081236e-06,6.981695022477652e-06
2525,7.5645323704520704e-06,3.882658456859645e-06,7.371703422055969e-06,7.039166249887785e-06
2526,6.793365197760674e-06,4.013906818727264e-06,7.427370176244749e-06,6.9158213831542516e-06
2527,7.888818512987604e-06,1.9348011919646522e-05,7.393807536128508e-06,7.029614179919007e-06
2528,6.775867558543622e-06,3.780890237976564e-06,7.468893831860948e-06,6.840733058197657e-06
2529,7.819449902955158e-06,1.232658058142988e-05,7.43791999039887e-06,6.827611576591152e-06
2530,9.703996626437099e-06,6.197972834343091e-06,7.397272625328494e-06,6.573949537414592e-06
2531,6.268521725966517e-06,9.419193011126481e-06,7.419656312332436e-06,6.563205869679223e-06
2532,7.1693458024431795e-06,2.097762371704448e-05,7.39801776685959e-06,6.542580504537909e-06
2533,7.19663850355169e-06,5.91598889513989e-06,7.3367445240566866e-06,6.594069648781442e-06
2534,6.848897438531922e-06,5.706616702809697e-06,7.311798101889306e-06,6.709327473072335e-06
2535,7.261443271191739e-06,3.6700777855003254e-06,7.3208867365287415e-06,6.704863775667036e-06
2536,8.048566815988226e-06,3.092520455538761e-06,7.414048537005633e-06,6.637324587063631e-06
2537,6.519218855424293e-06,4.788819660461741e-06,7.345121312917198e-06,6.489129811234308e-06
2538,7.4946728394328e-06,3.839483579213265e-06,7.3108290062211585e-06,6.469389262929327e-06
2539,6.070398475357151e-06,7.123545910872053e-06,7.416876697849753e-06,6.677945038245526e-06
2540,9.128981775777195e-06,3.82026724764728e-06,7.427649619502417e-06,6.033925966403331e-06
2541,6.969131623514436e-06,3.7611458355968353e-06,7.421488813229695e-06,6.247104137219139e-06
2542,6.014809980317497e-06,4.532045168161858e-06,7.4084178723650345e-06,5.998520557841403e-06
2543,7.58438783931423e-06,3.990713594248518e-06,7.323419618761465e-06,5.8794579217646975e-06
2544,6.842730159001399e-06,5.458528285089415e-06,7.327583212544494e-06,5.657251355660265e-06
2545,6.482654031666849e-06,7.06299999365001e-06,7.293719763401896e-06,5.1731038391153554e-06
2546,8.525893730014407e-06,6.2655785404786e-06,7.2898471342341506e-06,5.14514286587655e-06
2547,6.806847494671173e-06,3.5099685737804973e-06,7.29668960533066e-06,5.150090942697716e-06
2548,8.961152865999287e-06,3.720090608112514e-06,7.28667763020591e-06,5.188458094562521e-06
2549,6.887709425629711e-06,6.023016867402475e-06,7.223448758142896e-06,5.353419350649347e-06
2550,6.707224703051098e-06,3.389144749235129e-06,7.219709601283992e-06,5.313342954832478e-06
2551,9.444557488475564e-06,9.227801201632247e-06,7.172470226739986e-06,5.543258531179162e-06
2552,8.158141554304166e-06,3.2475351235916604e-06,7.199819676275689e-06,5.542683055318776e-06
2553,6.621847401725568e-06,9.110344508371782e-06,7.134131654877113e-06,5.508418631870882e-06
2554,7.492676381338646e-06,6.111991096986458e-06,7.195070756602541e-06,5.6035158962913555e-06
2555,7.579040286347865e-06,3.2214069324254523e-06,7.272346791877581e-06,5.565717765057343e-06
2556,6.372611570542277e-06,3.864028858515667e-06,7.316426446535237e-06,5.889303443473183e-06
2557,6.322759573878203e-06,8.873935803421773e-06,7.407709139806686e-06,5.811566159900395e-06
2558,7.099822774358068e-06,5.216964564169757e-06,7.427034079874933e-06,5.740971885461478e-06
2559,7.019959215944659e-06,5.830318623338826e-06,7.338891671234809e-06,5.688910714161468e-06
2560,7.011143893072989e-06,4.629256582120434e-06,7.387715524762623e-06,5.688538514732501e-06
2561,6.467845014412887e-06,7.216551857709419e-06,7.311575201391761e-06,5.9877410447370505e-06
2562,6.425739933951667e-06,3.786909765040036e-06,7.310151537159175e-06,5.903951683285415e-06
2563,6.313688475832654e-06,9.587372987880372e-06,7.303828938974121e-06,5.932565606781283e-06
2564,6.754134713749712e-06,7.109159014362376e-06,7.2474641311095596e-06,5.720413880771958e-06
2565,7.486781240812787e-06,2.9636566614499315e-06,7.233559960352269e-06,5.740291018082645e-06
2566,8.492609166650153e-06,6.138577446108684e-06,7.258945826106355e-06,5.6142510580684766e-06
2567,7.946710862193463e-06,3.5870918873115445e-06,7.237668280504294e-06,5.5261514298763365e-06
2568,8.686379205755656e-06,1.2080355554644484e-05,7.247881247409774e-06,6.289531867878395e-06
2569,9.12479749078759e-06,3.515096195769729e-06,7.318716585319229e-06,6.717009438216336e-06
2570,6.965777533373006e-06,5.298143132677069e-06,7.324467877656893e-06,6.717991040568449e-06
2571,6.322333514011309e-06,4.964049257978331e-06,7.384102612235841e-06,6.6825645506469304e-06
2572,8.027443832866589e-06,3.5006635880563407e-06,7.402500653552124e-06,6.711061355963466e-06
2573,7.057644781727706e-06,1.1200153858226259e-05,7.40544525732629e-06,6.6946467053639935e-06
2574,6.852117819815046e-06,3.928282831111574e-06,7.418512240555073e-06,6.631985016792895e-06
2575,6.54915974842475e-06,4.104492836631834e-06,7.3897329739540715e-06,7.0945525974821054e-06
2576,8.03543729186155e-06,3.924008051399142e-06,7.383862773228126e-06,6.837080575860454e-06
2577,7.810537285371943e-06,3.7444635563588237e-06,7.376084207175558e-06,6.903463677372199e-06
2578,7.2564940455777106e-06,5.959345508017577e-06,7.336609141000534e-06,6.988614416695781e-06
2579,6.960737741287125e-06,3.909500392182963e-06,7.279551603884708e-06,7.041738962652743e-06
2580,7.834364458984864e-06,2.230591788247693e-05,7.24174550612386e-06,7.127641646002301e-06
2581,8.143495018278675e-06,1.4550968116964214e-05,7.217315439427492e-06,7.091417999981785e-06
2582,6.46654188231979e-06,8.898475862224586e-06,7.216994501302705e-06,7.389542216333211e-06
2583,8.590691138831769e-06,4.3313023161317685e-06,7.212888242874114e-06,7.402165510939084e-06
2584,7.479910248851714e-06,6.54273875625222e-06,7.208748351533561e-06,7.348841996645205e-06
2585,7.084758987427146e-06,4.218890317133628e-06,7.16257310899285e-06,7.40917694674863e-06
2586,6.794519595132442e-06,5.650009643431986e-06,7.183899355368341e-06,7.2037352194456614e-06
2587,5.706258268926629e-06,1.5351099282270298e-05,7.158673159210593e-06,7.23041660603485e-06
2588,6.166933457684031e-06,3.150572447339073e-06,7.131513298898224e-06,7.489518951479112e-06
2589,6.55967056243551e-06,8.768736552156043e-06,7.0795750981536315e-06,7.70917454137816e-06
2590,6.499904586437171e-06,5.092425144539448e-06,7.0666129043173795e-06,8.02975551050622e-06
2591,7.0661707387545096e-06,7.466691095032729e-06,7.052426710167008e-06,8.476245250494685e-06
2592,7.001558418172257e-06,5.734658971050521e-06,7.021405999532564e-06,8.508652133241412e-06
2593,8.075627538346453e-06,1.1174764404131566e-05,6.9925879570089625e-06,7.803552614859654e-06
2594,9.116774037667912e-06,1.096820160455536e-05,6.92477137971663e-06,7.505514172589756e-06
2595,6.863121072658234e-06,5.613725497823907e-06,6.89254746858852e-06,7.400681616491057e-06
2596,6.218836230497497e-06,3.6309614006313493e-06,6.768501196388065e-06,7.4004920363222495e-06
2597,6.873062769348811e-06,5.009037340641953e-06,6.827823500498197e-06,7.445583436856397e-06
2598,7.590800941114948e-06,6.064110675652046e-06,6.8350477310660705e-06,7.416457416911727e-06
2599,6.221462915871396e-06,4.5953174958413e-06,6.8464863830336575e-06,7.368318800217822e-06
2600,5.8701632406155115e-06,1.0582051472738386e-05,6.871610456113962e-06,6.920836615245208e-06
2601,6.736982273246718e-06,9.415397798875346e-06,6.877418650401523e-06,6.956775756407296e-06
2602,7.486482439465665e-06,1.1758987784560305e-05,6.895718742574293e-06,6.8863204520312145e-06
2603,6.9018391918184025e-06,1.7121589007729198e-05,6.9127921185200745e-06,6.961886616045378e-06
2604,6.185219975426056e-06,4.719672460851143e-06,6.8852674100425135e-06,6.82766635727603e-06
2605,7.113913395894795e-06,4.678429922932991e-06,6.844104897269668e-06,7.14385971587035e-06
2606,6.448080585970375e-06,7.10000706021674e-06,6.915161198210424e-06,6.884026029001689e-06
2607,5.6609441041170305e-06,6.277661959757097e-06,6.885397304682151e-06,6.571713938319591e-06
2608,5.489534333820403e-06,4.326562811911572e-06,6.866831231107224e-06,6.502794415064273e-06
2609,8.962967851605047e-06,7.670023769605905e-06,6.8777847512440834e-06,6.662077696455526e-06
2610,7.265364751623969e-06,3.490739818516886e-06,6.8631923780129815e-06,6.600336028350285e-06
2611,7.080485894322111e-06,4.44654422608437e-06,6.874502940182639e-06,6.650801176147071e-06
2612,6.334360095934244e-06,4.164044657954946e-06,6.909465194500323e-06,6.637685729947407e-06
2613,6.312138314873058e-06,4.0490509763912995e-06,6.969333970280584e-06,6.357765123902937e-06
2614,7.017172866754764e-06,7.00735394275398e-06,6.949959203403624e-06,6.252051232513623e-06
2615,6.926738985081708e-06,6.9815792448935095e-06,6.904850935946645e-06,6.771079985264806e-06
2616,6.378053026815501e-06,4.111184625799069e-06,6.8936879870509265e-06,6.20505482547742e-06
2617,5.972495598851108e-06,1.3639492935908493e-05,6.8993384487637525e-06,6.18561642986606e-06
2618,9.852035061865334e-06,4.678922232415062e-06,6.88850907740238e-06,6.93338537676027e-06
2619,8.372676699461105e-06,3.1603993375028948e-06,6.93708950147993e-06,6.89052405723487e-06
2620,6.398969233285041e-06,3.8907374164409705e-06,6.930723519831693e-06,6.818707479396836e-06
2621,6.492674233918984e-06,7.613043435412692e-06,7.074608112755714e-06,6.796602957183497e-06
2622,6.508253438571248e-06,3.465495638010907e-06,7.013543097632967e-06,6.811510970874225e-06
2623,7.873564995356396e-06,7.325739370571682e-06,6.997579495045e-06,6.904446050612024e-06
2624,7.095519273813503e-06,4.2674313408497254e-06,6.947469619000103e-06,6.898064222332323e-06
2625,7.366882635122036e-06,3.5840363216266268e-06,7.008826254382761e-06,6.881106226501289e-06
2626,6.252613101322721e-06,6.772550514142495e-06,7.0402156843960655e-06,6.9523455891612696e-06
2627,6.358775753041199e-06,2.4734706603339873e-05,7.045557274876854e-06,6.895013073881274e-06
2628,6.622765469425455e-06,2.9709600130445325e-06,7.058901335262311e-06,6.999686314156861e-06
2629,6.326481518246712e-06,4.23371257056715e-06,7.098165211108507e-06,6.955919870597427e-06
2630,6.843179111860486e-06,2.3372653595288283e-05,7.084555772416933e-06,6.5934188107348744e-06
2631,7.662591187909129e-06,6.028474072081735e-06,6.957492323737015e-06,6.79582984848821e-06
2632,5.501794562911124e-06,4.482247513806214e-06,6.95261208277063e-06,6.864265276453807e-06
2633,9.086649156920935e-06,3.7739497565780767e-06,6.926000426816851e-06,6.98682591682882e-06
2634,7.436342473536368e-06,8.042724111874122e-06,6.920444795569994e-06,6.809434972819873e-06
2635,6.866274686924751e-06,5.814116811961867e-06,6.9256182410956374e-06,6.79893728265597e-06
2636,5.827738993199698e-06,4.286998519091867e-06,6.931353476567083e-06,6.857154490353423e-06
2637,7.868275980500685e-06,3.7400947621790694e-06,6.9637335599812404e-06,6.80313499942713e-06
2638,7.096874065205662e-06,5.8300350428908135e-06,6.919079404441517e-06,6.871636990399567e-06
2639,7.150712628774474e-06,5.574041060754098e-06,6.913008420067653e-06,6.719932973646792e-06
2640,7.260340494718144e-06,9.598410251783207e-06,6.9266997264195305e-06,5.862640568011557e-06
2641,7.359649922970372e-06,3.0170235368132125e-06,6.907749253473918e-06,6.049643408550765e-06
2642,5.632259631561788e-06,4.576966439344688e-06,6.8805543904293e-06,6.0714555871527405e-06
2643,6.675448844867383e-06,9.739198176248465e-06,6.923557938353043e-06,5.251957180735189e-06
2644,8.250670675301485e-06,4.871285036642803e-06,6.91568016227393e-06,5.437298854667461e-06
2645,5.73367783444054e-06,6.954753425816307e-06,6.937961178765464e-06,5.390323972824262e-06
2646,6.353783452747545e-06,3.178269835188985e-06,6.843126460161229e-06,5.355867786784074e-06
2647,6.637589576712344e-06,3.2030533839133568e-06,6.851196127738352e-06,5.184002045643865e-06
2648,8.01694588214256e-06,8.781169563008006e-06,6.836967858988728e-06,5.100227082220954e-06
2649,7.905021359167423e-06,2.916944067692384e-06,6.823290113445385e-06,5.095168937623384e-06
2650,6.25052874662894e-06,5.296586095937528e-06,6.729802906476026e-06,5.245620981077082e-06
2651,6.100838491976093e-06,2.979950095323147e-06,6.730281070566788e-06,5.134948299746611e-06
2652,6.70105841183815e-06,3.302396462459001e-06,6.665748096565948e-06,5.051732498031923e-06
2653,6.14900364578514e-06,7.646031026524724e-06,6.658934197104019e-06,5.0054430252203015e-06
2654,5.6466099421312614e-06,4.779017035616562e-06,6.634371508658255e-06,5.075214815224171e-06
2655,7.918267809954058e-06,2.885193434849498e-06,6.651128500501119e-06,5.214683086887817e-06
2656,7.465646785931313e-06,1.0662015920388513e-05,6.679001293499215e-06,5.128604914716561e-06
2657,6.058819975199489e-06,3.3078754677262623e-06,6.573375938670423e-06,5.118386236063088e-06
2658,6.71578119181504e-06,2.912545105573372e-06,6.596087047485827e-06,4.976699494000059e-06
2659,7.638084162964433e-06,3.746080583368894e-06,6.615510913252365e-06,4.9748383553378515e-06
2660,6.510567968184154e-06,3.7197427263890858e-06,6.628538968895252e-06,5.007700324131291e-06
2661,5.48579535461613e-06,4.16054490415263e-06,6.597815742053272e-06,5.151534604738117e-06
2662,5.5310958062667244e-06,7.501395848521497e-06,6.606995800474478e-06,5.650457003866904e-06
2663,7.108828167474713e-06,3.063218009629054e-06,6.620832641904903e-06,5.6345869048527675e-06
2664,5.5373882787534965e-06,3.493646017886931e-06,6.599607555633864e-06,5.7845373241434574e-06
2665,7.0899930081698885e-06,8.441173431492643e-06,6.60535007041795e-06,5.769972255802713e-06
2666,6.745582711826298e-06,4.761318286909955e-06,6.621421971997026e-06,5.77724024260533e-06
2667,6.051184427633416e-06,8.06367323093582e-06,6.673743734791061e-06,6.085390412044945e-06
2668,7.3722686698197825e-06,7.587243871967076e-06,6.592856201192869e-06,6.102844894849114e-06
2669,5.6100368045816945e-06,4.615818070305977e-06,6.54766491134069e-06,5.868762867248734e-06
2670,6.3014555548256285e-06,3.412584874240565e-06,6.628170304934934e-06,6.018249182307045e-06
2671,6.839380096910948e-06,3.131741368633811e-06,6.599074525527411e-06,6.093321822118014e-06
2672,6.963290967784512e-06,4.024602603749372e-06,6.514695168839858e-06,6.0850828383991035e-06
2673,7.248865211093087e-06,1.237702657817863e-05,6.508683849218263e-06,6.387831308529714e-06
2674,8.134522819697546e-06,1.5390004045912063e-05,6.576184515061969e-06,6.34955327077478e-06
2675,6.596449782389553e-06,4.899833620584104e-06,6.644802283173906e-06,6.8412530727073336e-06
2676,5.570211335200131e-06,6.728710577590391e-06,6.7308484632829075e-06,6.835583973952454e-06
2677,6.844621281440292e-06,2.9382697539404033e-06,6.758164732269102e-06,7.16462812451937e-06
2678,6.5508011852620665e-06,7.827730696590152e-06,6.780416599576711e-06,6.968526790296893e-06
2679,6.954654011982105e-06,1.2482771271606907e-05,6.746908365878174e-06,6.9152318210399245e-06
2680,5.896079469999273e-06,3.3215555049537215e-06,6.7293591073394056e-06,6.705579289337039e-06
2681,6.335864539626831e-06,4.809965230379021e-06,6.625559834800596e-06,6.533197855969775e-06
2682,8.071454815055607e-06,7.0450333441840485e-06,6.638507869421221e-06,6.46754009394499e-06
2683,5.988386706626948e-06,4.7893611008476e-06,6.693044763920222e-06,6.463494358467869e-06
2684,5.528600245775629e-06,3.5401059903961142e-06,6.685591742279939e-06,6.4910997210972704e-06
2685,6.360284977644268e-06,1.128845447965432e-05,6.639557342027223e-06,6.475506481001504e-06
2686,7.173312000708797e-06,3.2035939602792496e-06,6.56918836357363e-06,6.1365561454294934e-06
2687,7.24654000906513e-06,1.9793890896835364e-05,6.475859550199756e-06,5.675768563014572e-06
2688,9.25998267019976e-06,2.9214905407570767e-06,6.4368519161588574e-06,5.960424003205845e-06
2689,6.220295003408359e-06,1.1719749782059807e-05,6.467695944593289e-06,5.876584348516191e-06
2690,7.646289690860107e-06,3.5386400759307436e-06,6.490625975250927e-06,6.107324877302746e-06
2691,5.907876869362857e-06,3.428944055485772e-06,6.5039656639580954e-06,5.977746249482153e-06
2692,5.612452964164226e-06,2.822359938363661e-06,6.460818957243141e-06,5.637390512492859e-06
2693,4.777286856349545e-06,3.2777080377854873e-06,6.491472893887679e-06,5.625476338173031e-06
2694,5.933737670097293e-06,2.9743740196863653e-06,6.542893185016713e-06,5.687137883069228e-06
2695,7.664877917300651e-06,3.3114414873125497e-06,6.444406612798857e-06,5.636207742645639e-06
2696,6.653054555903913e-06,3.821875434368849e-06,6.476614151041657e-06,6.2212343342253015e-06
2697,5.812430961466614e-06,3.634771601355169e-06,6.554216320243237e-06,6.335159431182547e-06
2698,5.489640749753259e-06,3.903268188878428e-06,6.550874074350253e-06,6.109469705552329e-06
2699,5.801302485350687e-06,3.870314485538984e-06,6.5834101752342475e-06,6.231109583677608e-06
2700,5.621258931367063e-06,1.201621962536592e-05,6.54399022585292e-06,5.6505035619920815e-06
2701,6.341312046060921e-06,4.632719210349023e-06,6.409647088771129e-06,5.667172388348263e-06
2702,7.417872047881247e-06,8.706782973604276e-06,6.4460791246852345e-06,5.4715529913664795e-06
2703,6.88429340294129e-06,4.588265001075342e-06,6.401454426466242e-06,5.457106482208474e-06
2704,5.875986344108241e-06,3.97387784687453e-06,6.407991185228134e-06,5.454484468646114e-06
2705,6.662427886112709e-06,3.0237011469580464e-06,6.449814511910922e-06,6.147000019336701e-06
2706,7.621371817852681e-06,6.351503852783935e-06,6.522430725858108e-06,6.341265576702425e-06
2707,5.609290509609208e-06,5.771779833594337e-06,6.603095887152854e-06,6.374535136637858e-06
2708,6.793575162696975e-06,1.9415025890339165e-05,6.5042724606529304e-06,6.358840685425091e-06
2709,7.468654475815129e-06,6.38823341432726e-06,6.497928374382254e-06,6.356259349922765e-06
2710,6.276728830319674e-06,5.646211338898865e-06,6.50562531534686e-06,6.787271659777614e-06
2711,7.986714522808648e-06,6.24459091341123e-06,6.550281412880092e-06,6.754035830454086e-06
2712,6.261041274531939e-06,5.27874035469722e-06,6.587639832327519e-06,6.894521884896676e-06
2713,5.901404243155007e-06,3.3382111996616002e-06,6.64942512331537e-06,6.658587639321921e-06
2714,7.131095901260981e-06,6.829264857515227e-06,6.6894016739550156e-06,6.776793812969117e-06
2715,6.530672235385282e-06,3.177477346980595e-06,6.655755351675907e-06,6.587405132086132e-06
2716,6.071295838410151e-06,3.363393716426799e-06,6.6119207092722514e-06,6.5766838164563515e-06
2717,6.658036131233934e-06,2.0135248705628326e-05,6.609693719251987e-06,6.544428697088733e-06
2718,6.592692205029178e-06,8.134346971928608e-06,6.631886154920923e-06,6.806300721291336e-06
2719,7.95036670246595e-06,3.8061130180722103e-06,6.590363041161455e-06,6.678142739474424e-06
2720,5.194292254802551e-06,2.919080206993385e-06,6.722396084054102e-06,6.9038572040881264e-06
2721,6.494452399137016e-06,3.7573420468106633e-06,6.77875127827671e-06,6.296250771993073e-06
2722,6.0048544855817455e-06,1.4410079347726424e-05,6.761935621074775e-06,6.150981831524405e-06
2723,6.606043188084085e-06,3.0723724557901735e-06,6.726738166010668e-06,6.089950829118607e-06
2724,6.735262971536334e-06,7.382465846603736e-06,6.685563850745287e-06,5.98168566102686e-06
2725,7.165891206063356e-06,6.117863485997077e-06,6.673204911647999e-06,6.283878238537001e-06
2726,7.340725812052066e-06,7.587873551528901e-06,6.659952397644197e-06,6.301248928502902e-06
2727,6.57671399090355e-06,3.972065951529658e-06,6.773412241818733e-06,6.254359765443952e-06
2728,5.7884273428499e-06,4.320232110330835e-06,6.767627924839164e-06,6.244453391991557e-06
2729,5.820311593601622e-06,3.1674998626840535e-06,6.772480409563287e-06,6.595176454720786e-06
2730,7.217238777836125e-06,9.57050175202312e-06,6.776615996245205e-06,5.955239603645169e-06
2731,6.5832939738659965e-06,3.1475543073611334e-06,6.737436439167747e-06,5.746122197888326e-06
2732,8.910116581925347e-06,1.141464144893689e-05,6.714987625956484e-06,6.1280671405256725e-06
2733,8.202455018262198e-06,4.224865087962826e-06,6.771500485006578e-06,6.144863381268805e-06
2734,7.048263045766766e-06,2.75650990261056e-06,6.743514018752547e-06,6.421163186314516e-06
2735,5.396792453716949e-06,4.120436278753914e-06,6.746410272171488e-06,5.971526891516986e-06
2736,6.957356641174152e-06,3.537961711117532e-06,6.725703006547216e-06,6.092405806703027e-06
2737,5.952067797099719e-06,1.2833554792450742e-05,6.648453686688704e-06,5.991686933703022e-06
2738,5.5700913930599605e-06,3.7724784488091245e-06,6.652596876625063e-06,6.206614425900625e-06
2739,9.967592005624384e-06,5.657035781041486e-06,6.651744493016547e-06,6.048231477689114e-06
2740,6.386064310896068e-06,2.929818010670715e-06,6.661448575646825e-06,6.006998526936513e-06
2741,6.1926079565132065e-06,1.2131470284657553e-05,6.69775250791847e-06,6.212631670132396e-06
2742,6.761425798281885e-06,4.136827428737888e-06,6.729947660622e-06,6.2045915568887715e-06
2743,5.613203278092745e-06,2.906411828007549e-06,6.691930288495012e-06,6.096615210844902e-06
2744,7.3891463721843645e-06,1.3354736584005878e-05,6.660255820699806e-06,6.2973055428301455e-06
2745,6.607113731054899e-06,3.3389862255717164e-06,6.5899333145150915e-06,6.208116222842364e-06
2746,5.794790742786265e-06,1.0664837172953412e-05,6.492054897353228e-06,6.1785296504240255e-06
2747,6.077260821055259e-06,3.16917197778821e-06,6.415746001403023e-06,6.210054426628632e-06
2748,6.088361547477285e-06,6.0943453354411755e-06,6.4410296228945506e-06,6.234517341363245e-06
2749,4.804029975073516e-06,4.864494021603605e-06,6.425070401120239e-06,6.307934378128266e-06
2750,7.269470954472328e-06,1.1491050790937153e-05,6.437194227348503e-06,5.987418943550439e-06
2751,7.319416221839169e-06,3.6282998462411343e-06,6.420084355280171e-06,5.997217725234806e-06
2752,6.81931605666048e-06,2.9412421827146318e-06,6.265261404223565e-06,6.032175949076191e-06
2753,6.696025649641039e-06,9.461060690227896e-06,6.2297149666240635e-06,6.046479801079841e-06
2754,6.625190411189882e-06,2.9664970315934624e-06,6.271823599167368e-06,5.6621586598339495e-06
2755,6.266804474661411e-06,6.871093100926373e-06,6.24739386186977e-06,5.61802853626432e-06
2756,5.791432278985869e-06,8.1648126069922e-06,6.309924305343075e-06,5.7232883060351015e-06
2757,7.152053927307457e-06,9.184908449242358e-06,6.234884512236426e-06,5.397623612225289e-06
2758,5.755494589215636e-06,3.48520077750436e-06,6.192721669928384e-06,5.449651196249761e-06
2759,5.1405406470116254e-06,3.5446293077256997e-06,6.208479736495874e-06,5.17101177283621e-06
2760,6.028882991005149e-06,4.732009147119243e-06,6.192296395299006e-06,5.22715252773196e-06
2761,6.5583760968163715e-06,5.373387630243087e-06,6.224716551898584e-06,5.155924438804504e-06
2762,6.255163452806301e-06,4.820668928005034e-06,6.397612306136579e-06,5.973961972267715e-06
2763,5.1423445913517045e-06,4.017447990918299e-06,6.372683108141548e-06,5.678935669493511e-06
2764,6.097018229209223e-06,6.530991377076134e-06,6.301193753966395e-06,5.636876762582686e-06
2765,5.497403370908513e-06,3.28741431076196e-06,6.410148360595889e-06,6.007172509271184e-06
2766,7.24532377009584e-06,2.523441753510269e-06,6.368622832976851e-06,6.130584585480392e-06
2767,6.150682365841931e-06,3.0335743394971357e-06,6.346028898810294e-06,6.198797083925456e-06
2768,7.176464364925374e-06,5.53790607227711e-06,6.33294853897597e-06,6.590833328664303e-06
2769,5.513151544518122e-06,5.213119238760555e-06,6.340907819160039e-06,6.5757681390095956e-06
2770,5.553042673353856e-06,4.63967582618352e-06,6.308284228362026e-06,6.4695594053773675e-06
2771,6.188742406973486e-06,3.6988515876146267e-06,6.3327004276895106e-06,6.472241833398584e-06
2772,5.67267729113357e-06,4.5726908501819705e-06,6.339718987914643e-06,6.5494606773427215e-06
2773,6.898865462466751e-06,4.3136431122547945e-06,6.355006105756426e-06,6.716638070793123e-06
2774,9.126423831023405e-06,2.5315432358183897e-05,6.410138974105292e-06,6.961193140887189e-06
2775,6.646241004596555e-06,4.115393221582053e-06,6.388532659143998e-06,6.871395310008664e-06
2776,5.532182367460336e-06,2.5768271734705194e-06,6.392169903726123e-06,6.82946113665821e-06
2777,9.543181222397835e-06,1.2198635849927087e-05,6.384680859668555e-06,6.852065979910547e-06
2778,5.657887459165067e-06,1.254636259545805e-05,6.496556181001426e-06,6.879263051814632e-06
2779,6.060342057025991e-06,4.6718094927200585e-06,6.51970844685113e-06,7.283712045682476e-06
2780,5.939795478803313e-06,1.667199921939755e-05,6.513552398084559e-06,7.37312703677162e-06
2781,5.9904142835875974e-06,7.788182865624548e-06,6.427042322805695e-06,7.477379608826594e-06
2782,6.336464157357113e-06,6.529690108436626e-06,6.439447250846165e-06,7.405441507216891e-06
2783,6.365899572402769e-06,3.5522614780347793e-06,6.501646180428602e-06,8.15187547377718e-06
2784,5.316004652639903e-06,5.475100406329147e-06,6.587935607927244e-06,8.158808718872023e-06
2785,6.411060937049721e-06,8.911443983379285e-06,6.601444633836056e-06,8.490781195723684e-06
2786,7.936697805538036e-06,1.148726438259473e-05,6.531041416908717e-06,8.462171838618814e-06
2787,5.71500557877395e-06,2.5757231560419314e-06,6.402568787032377e-06,7.593448910483858e-06
2788,5.2332757059048165e-06,2.969093657156918e-06,6.351217547934437e-06,7.580080370826181e-06
2789,5.909792127770036e-06,7.096112458384596e-06,6.420221315177818e-06,7.977292708528693e-06
2790,8.294286404230256e-06,3.967341108364053e-06,6.266345372690314e-06,7.60287136399711e-06
2791,7.824130416338448e-06,1.2634666600206401e-05,6.312293398999221e-06,7.218789077160182e-06
2792,5.996781146677676e-06,5.268949116725708e-06,6.2872491816152535e-06,7.357738298014739e-06
2793,5.013712482953754e-06,8.144220373651478e-06,6.2921046828705586e-06,7.191582316590939e-06
2794,5.823274745529893e-06,3.4146666985179765e-06,6.297922022955996e-06,6.999386506140582e-06
2795,7.108015912914804e-06,2.3300524990190752e-05,6.354923250465718e-06,6.8606215212639664e-06
2796,8.345978094439489e-06,3.8721827149856835e-06,6.345514625394975e-06,6.973948564336753e-06
2797,6.010402938853885e-06,1.287200277147349e-05,6.404306672508634e-06,6.969861445759307e-06
2798,5.138785039283296e-06,3.598409184633056e-06,6.387240465321357e-06,6.760272726023687e-06
2799,5.914608084114864e-06,3.597359154809965e-06,6.396642241816152e-06,6.946742008221917e-06
2800,5.362460027148093e-06,3.7811797301401385e-06,6.445764812572936e-06,6.983330356524675e-06
2801,7.257276548544824e-06,1.2507135616033337e-05,6.492506804311738e-06,7.057546441865271e-06
2802,5.696282660210272e-06,2.8381022366374965e-06,6.483942112794871e-06,6.91561576568347e-06
2803,6.806588116887724e-06,2.944305424534832e-06,6.381415171361167e-06,6.994788958763822e-06
2804,5.434236622426801e-06,8.145540014083964e-06,6.272978209381109e-06,6.635727426692029e-06
2805,6.0611830101859395e-06,1.2518099683802575e-05,6.275871080369042e-06,6.6651043594902146e-06
2806,6.1358477857235506e-06,2.9832876043656144e-06,6.37517772512284e-06,6.4554438642517195e-06
2807,7.76149484510016e-06,3.060565486521227e-06,6.397203227202731e-06,6.43466792498657e-06
2808,6.130683945634196e-06,6.385437554854434e-06,6.339530177340042e-06,5.607508202956524e-06
2809,6.785805830481372e-06,5.3729224418930245e-06,6.236525363460209e-06,5.581546696703299e-06
2810,5.9844057573678176e-06,3.671725989988772e-06,6.224526842237942e-06,5.292290261058951e-06
2811,8.171742217907903e-06,1.6148996437550522e-05,6.4280083059808625e-06,5.288036176716559e-06
2812,6.943069847693551e-06,3.4904318636108655e-06,6.4242841321376734e-06,5.61217753092933e-06
2813,6.401825499374859e-06,4.82449579067179e-06,6.438814479689526e-06,5.6917061690910475e-06
2814,5.695674839848329e-06,3.547845553839579e-06,6.405889945421625e-06,5.471059267074451e-06
2815,5.731112868387653e-06,5.946670935372822e-06,6.406284575496102e-06,5.493621820642147e-06
2816,5.113206366836999e-06,3.6581282984116116e-06,6.359123112472137e-06,5.777465963547001e-06
2817,6.069102921376017e-06,6.003372436680365e-06,6.339186052597748e-06,5.611773962664301e-06
2818,7.496378601798723e-06,2.902707992689102e-06,6.307922726692696e-06,5.234094962361269e-06
2819,6.373912297527164e-06,2.895268216889235e-06,6.301068487381497e-06,5.278053872825694e-06
2820,5.666189666347539e-06,2.621531939439592e-06,6.278574693149292e-06,5.2731225176103175e-06
2821,5.770857747443693e-06,3.223145058655064e-06,6.274368355298065e-06,5.150987027445808e-06
2822,5.710439908297202e-06,5.6405918803648095e-06,6.274636735583448e-06,5.243920197244733e-06
2823,1.0225821632856322e-05,3.4920570760732515e-06,6.287300762172284e-06,5.20588479557773e-06
2824,5.821503738035164e-06,1.170089301012922e-05,6.205421043220364e-06,4.770538240700262e-06
2825,5.725718715944418e-06,5.769395684183109e-06,6.1386876493795866e-06,4.7429347927391065e-06
2826,6.4341631918472965e-06,6.990963065618416e-06,6.1428291453113244e-06,4.6937028659158385e-06
2827,5.706148412072151e-06,3.4021660758298823e-06,6.184088098598293e-06,4.730961772293085e-06
2828,5.6275515412885905e-06,1.0040408997156191e-05,6.201565544850178e-06,4.832985867687968e-06
2829,4.935810125567109e-06,4.003239992016461e-06,6.297460352773971e-06,4.874627621757099e-06
2830,5.279599862559634e-06,3.0761246762267548e-06,6.263429784990471e-06,4.756968137371587e-06
2831,5.964491802943586e-06,4.082260365976254e-06,6.195027434134518e-06,4.8058754768135264e-06
2832,7.199149989295013e-06,2.937281606136821e-06,6.204218723400521e-06,4.799969606392552e-06
2833,6.025525499353534e-06,3.3320503007416845e-06,6.189575608045237e-06,4.80927247517684e-06
2834,6.792515337615947e-06,7.696251686866163e-06,6.183401567492788e-06,5.188290764635895e-06
2835,6.301006422088701e-06,2.7208409483137073e-06,6.277890049750567e-06,5.125960378791206e-06
2836,6.124749244109909e-06,5.265332565613789e-06,6.159806539855911e-06,5.100928663887316e-06
2837,5.2747350016741416e-06,2.8003456645819825e-06,6.151523693915806e-06,4.757209738090751e-06
2838,6.505362897668318e-06,3.593697620090097e-06,6.142491530590632e-06,4.815714835785911e-06
2839,6.727148672022546e-06,4.479318213270744e-06,6.115220695796274e-06,4.6793424251518445e-06
2840,6.168049024684781e-06,8.497273320244858e-06,6.199297984757222e-06,4.691310151611105e-06
2841,7.510576564931802e-06,4.69917215013993e-06,6.176836232710534e-06,4.558050752166309e-06
2842,5.218338726788514e-06,3.061885327042546e-06,6.266588701024982e-06,4.5132596645999e-06
2843,5.786319830399912e-06,4.125391478737584e-06,6.2763529529951885e-06,4.569780682504642e-06
2844,6.60369452917722e-06,2.7476214563648684e-06,6.345787471481243e-06,4.718332393531456e-06
2845,5.30011178246544e-06,2.854103659046814e-06,6.362339219675858e-06,4.945171126018976e-06
2846,5.616506733632479e-06,1.2698602295131423e-05,6.322987236894227e-06,4.938425702130189e-06
2847,8.072651964741656e-06,4.082332234247587e-06,6.2924000678322035e-06,4.7817902493989095e-06
2848,7.273733885489895e-06,2.866264203476021e-06,6.316260063694143e-06,5.225570484617492e-06
2849,5.614432589532549e-06,3.1079198652150806e-06,6.391850445086473e-06,5.144685307095642e-06
2850,5.499914632815085e-06,7.2320231265621256e-06,6.3978833751510435e-06,5.206083567827591e-06
2851,5.752392321988332e-06,3.5816527997667435e-06,6.373940433533991e-06,5.177574664048735e-06
2852,7.808080636095837e-06,3.701359237311408e-06,6.30952054384074e-06,5.162604247379933e-06
2853,5.066007740121374e-06,6.708924011036288e-06,6.272373403650515e-06,5.10465857187228e-06
2854,7.1796218334283265e-06,2.883462802856229e-06,6.168877224990866e-06,5.035890486760765e-06
2855,5.523706161814819e-06,4.48915012384532e-06,6.157070559856948e-06,5.032613874573145e-06
2856,7.700354765094947e-06,7.796053141646553e-06,6.122544650578575e-06,4.986797016317725e-06
2857,7.6129436941603974e-06,8.608249918324874e-06,6.055323753349109e-06,4.996090958957212e-06
2858,5.041725929812754e-06,3.163414703521994e-06,6.040246165988114e-06,5.001125613489422e-06
2859,6.027836111065375e-06,3.780365368584171e-06,6.0125127805804384e-06,4.612380322578247e-06
2860,6.89750631863717e-06,1.3815346828778275e-05,5.886533585928395e-06,4.568285834102426e-06
2861,8.014508778918147e-06,3.2432031275675398e-06,5.792511114446423e-06,4.572834066857469e-06
2862,5.425558253288424e-06,4.335302182880696e-06,5.7648606948027446e-06,4.5677160731429475e-06
2863,5.906789357242006e-06,2.8809750256186817e-06,5.741790993427763e-06,4.397633948974545e-06
2864,5.116651429691249e-06,4.105057796550682e-06,5.708622184485853e-06,4.373566637877958e-06
2865,5.239370519929152e-06,7.04863143255352e-06,5.593225842979642e-06,4.344711069279584e-06
2866,4.9231720984405706e-06,2.979970022352063e-06,5.58751241731241e-06,4.1955529097322145e-06
