epoch,train_loss,val_loss,train_loss_smooth,val_loss_smooth
1,0.3465789720747206,0.21943215072154998,0.20557181932065224,0.1365940511107445
2,0.12632830543650522,0.07119154065847397,0.19339133508205414,0.12947212654948237
3,0.05381901479429669,0.04758776471018791,0.18117913280063205,0.12231639534831046
4,0.04752278279927042,0.04616953447461128,0.1689350769420465,0.11513855112791059
5,0.04710547876026895,0.04585100203752518,0.1566553855876128,0.10791634742617605
6,0.046660846173763273,0.045824269950389865,0.14433776540954907,0.10065604577660558
7,0.04623661741614342,0.04512956663966179,0.13197976449860468,0.09337257604598996
8,0.04574760011500782,0.044492591470479965,0.11958403831058079,0.08603437517881392
9,0.045240297350618575,0.04422415435314178,0.10714115972121559,0.07866142647862434
10,0.04467845496204164,0.04386885970830917,0.09465380223459668,0.07123922845721245
11,0.04411965724494722,0.04313403785228729,0.08211872841351561,0.06379076920449733
12,0.04347665437393718,0.04265753239393234,0.06953993860450056,0.056288204759359355
13,0.04283313661813736,0.04210246413946152,0.05691385314994389,0.048745909401774395
14,0.04206686610976855,0.04138403668999672,0.04424266878498926,0.04115041165351867
15,0.04127391503916846,0.040538870692253114,0.040335255483124,0.03943974727094173
16,0.040477575610081355,0.03998604521155357,0.03928607938157189,0.03863385326266288
17,0.03958668821387821,0.038877058178186416,0.038447433462738996,0.03784607644975186
18,0.03863846762312783,0.03792460948228836,0.03758666421936618,0.03702981347441674
19,0.037628949301110375,0.03734540745615959,0.036710216344065134,0.03617668462097645
20,0.036685817374123464,0.03597712904214859,0.035815415967504184,0.03531872556209565
21,0.03550700734059016,0.035108433216810224,0.03490656152036455,0.03444821690768003
22,0.034395034909248355,0.03387720018625259,0.0339866418093443,0.03355713124275207
23,0.03320212654769421,0.033220669403672215,0.033058128928144775,0.03264882978796958
24,0.032109226849344044,0.03186803959310055,0.03212458746764395,0.031743046434223654
25,0.03092683571080367,0.030874766781926154,0.031188977190852164,0.030826553881168364
26,0.029799362950854832,0.029544707015156747,0.030255389702485667,0.029907274219393726
27,0.028642972889873716,0.028424931094050407,0.029329057598941857,0.028992940084636206
28,0.0275896122554938,0.027440414503216742,0.028413943055437665,0.028093626017868516
29,0.026556634828448295,0.02647511415183544,0.02751226001497772,0.027199086138606072
30,0.02558624767594867,0.02544442765414715,0.026631067181792523,0.026334859305620194
31,0.024749649291237196,0.024496048614382746,0.0257747986300124,0.025497259558737276
32,0.023866608002119594,0.023680590167641638,0.024951008153624006,0.0246727794110775
33,0.023026238936516973,0.022729875110089778,0.0241547795507643,0.023896476189792154
34,0.022242304575112132,0.0219470127299428,0.023399437977208035,0.02315962858200073
35,0.021465632932053672,0.021161323338747026,0.02268588755478462,0.022457339961826802
36,0.020781120732426644,0.020489454008638858,0.022015846341020533,0.021779515400528908
37,0.02008639745414257,0.019745218567550182,0.02138675991545121,0.0211539406478405
38,0.019493449408974912,0.019120472595095635,0.020802733972171944,0.020565225820243355
39,0.018908563521173264,0.01852568332105875,0.020264339535766177,0.02002747167795896
40,0.018396051451563835,0.0180560190230608,0.01976900524066554,0.01953407484591007
41,0.017935499598582587,0.017622548229992388,0.01931547827919324,0.019078283190727234
42,0.01755686738424831,0.017271387353539468,0.01890126487016678,0.018663487358391285
43,0.017231753828624883,0.016984615810215473,0.01852485852357414,0.01828548461198807
44,0.01703418739140034,0.016733403764665127,0.018178729974230128,0.017953646552562715
45,0.01678010230263074,0.01656954851001501,0.017870467235975795,0.01764784959703684
46,0.01662346800168355,0.016687243022024633,0.01759204989555809,0.017374212004244327
47,0.01655627434866296,0.016319984681904317,0.017344499053723282,0.017131820265948772
48,0.01645109620359209,0.01627505537122488,0.017126318237516616,0.016918707472085952
49,0.01638206621011098,0.01622867077589035,0.016935306588808697,0.016730244174599646
50,0.016326187128822008,0.016156896091997622,0.01677162546515465,0.01657072514295578
51,0.016339502040710715,0.016100853458046915,0.016627535094817483,0.01643364240974188
52,0.016259615512357817,0.016090010292828083,0.016505725235078074,0.01631994630098343
53,0.016251438218686316,0.016045623123645783,0.016403063561353418,0.01622274755090475
54,0.0162012996027867,0.016105218343436718,0.016315639076299137,0.01614359426647425
55,0.016176089011132717,0.015994358994066715,0.01624274867259794,0.01607672978937626
56,0.01609643555763695,0.016200097128748894,0.016182350775102775,0.016017257523536686
57,0.016160039545761215,0.01603566627949476,0.01612708858665493,0.01596569115221501
58,0.0160658054260744,0.015888935290277004,0.016080025451216434,0.015919086264073852
59,0.01605353352924188,0.01588721927255392,0.01604079391641749,0.015866768340766436
60,0.016011112526886993,0.015833503492176534,0.015997178069088198,0.0158253432109952
61,0.01600582951472865,0.01577787157148123,0.015957548942168553,0.01578788831830025
62,0.015994369362791378,0.015757242776453496,0.015916780252257984,0.015745349599421025
63,0.015891190150545704,0.015693404264748096,0.015876503816412556,0.015711010177433496
64,0.015863317027688027,0.01568328060209751,0.0158345622729924,0.01566825334429741
65,0.01582950960844755,0.015626050271093844,0.015792702975372473,0.015625427313148976
66,0.01574988747222556,0.015643716119229795,0.01574747108966112,0.015579656764864922
67,0.015734607291718324,0.015599775426089764,0.015701623327202267,0.01553000467121601
68,0.01572180639124579,0.015497809164226056,0.01565542265259557,0.01548381068110466
69,0.01565263268020418,0.015444244481623173,0.015607897796399064,0.015424508991837501
70,0.015603523916668362,0.01540442630648613,0.015555094949404397,0.015371269184350967
71,0.015642679631710052,0.01537929493933916,0.015503128639691404,0.015319027237594127
72,0.015465878165430493,0.0152843564376235,0.015449377120700146,0.0152669655919075
73,0.015460368030601078,0.015338683053851127,0.015393387465841239,0.015208755245804787
74,0.015362848962346713,0.015165202803909778,0.015332930245498814,0.015149008554220201
75,0.015319276232686307,0.015298410542309284,0.015269817838403914,0.01509753474891186
76,0.015290963455206818,0.01503193262964487,0.01520661938322915,0.01503401866257191
77,0.015213133071859678,0.015019359514117241,0.015142916560007465,0.014968554508686067
78,0.015120641075902516,0.014901359416544437,0.015074496583475006,0.014899703583121301
79,0.015055105541315344,0.014863916002213954,0.015005171688314941,0.01482957804501057
80,0.015021072145965365,0.01483950924128294,0.014931867505361638,0.014757840044796468
81,0.014908314152724212,0.014717554897069931,0.014856157097303204,0.014684104515612126
82,0.014839968370894591,0.014704671092331409,0.014780865996496544,0.014612406846880914
83,0.01476664768324958,0.01458288662135601,0.014701682370983892,0.014533980260789394
84,0.01470974555446042,0.01458567813038826,0.014614660097244714,0.01444787356927991
85,0.014611371155414317,0.01437824483960867,0.014529366550097862,0.014361377497017384
86,0.014494399006168047,0.014284204281866551,0.014440525528540213,0.014265567561239003
87,0.014416559185418818,0.014470397643744946,0.01434734739338358,0.014181321613490581
88,0.014311228771176604,0.014105502106249333,0.014249909181644517,0.014076839511841535
89,0.01427074644714594,0.014046676754951477,0.014151185928367905,0.013991516520828008
90,0.01411901019513607,0.013904777131974697,0.014048006398893066,0.013886746894568204
91,0.014016765093223917,0.013890577666461467,0.01394251572680142,0.013781924593448638
92,0.013902002717885706,0.013806325420737266,0.013835326166202621,0.013675304966419935
93,0.013829046189785003,0.01365442093461752,0.013720445143762562,0.013574590710550543
94,0.013770355160037677,0.013651802763342857,0.013607474614762596,0.013475650443881748
95,0.013623933278852038,0.01344376165419817,0.013486719078405035,0.013349051824957131
96,0.013467122788230578,0.01322662765160203,0.013362337726975482,0.01321993750631809
97,0.013333539486759239,0.013121954631060362,0.013232251754692859,0.013087120705097911
98,0.013239342491659853,0.012943434659391642,0.013099085972665087,0.012952353493124246
99,0.013033395583430927,0.013059054110199213,0.012967725571451916,0.012818225632607937
100,0.012883320939209726,0.012686358001083135,0.01282638568054471,0.012670555695146322
101,0.012822882123291492,0.012898857854306698,0.012682537985054983,0.012526908092200757
102,0.012633644834988647,0.012400118857622147,0.012533213349059224,0.012373082430660725
103,0.01248337427361144,0.012280801888555288,0.01238283865985771,0.01221812667325139
104,0.012375366526345412,0.012198425326496364,0.012226076913335259,0.012055028706043957
105,0.012149046584963798,0.012321652844548225,0.01206628673867219,0.011884797409176823
106,0.012084050927725104,0.012244048230350017,0.011899109062262707,0.011715759692341088
107,0.011821079961955548,0.011539705619215966,0.011727084365776843,0.011534732346236703
108,0.011657113897510701,0.01135502865538001,0.011555209295327464,0.011363223944604395
109,0.01145759624739488,0.011265258099883794,0.011375463845291069,0.011181578962504862
110,0.011282226604719958,0.01100906454026699,0.011194135856587026,0.011004621301591393
111,0.01121038897583882,0.010931007768958808,0.011006385201339921,0.01081588231474161
112,0.010883061912738615,0.010778649207204581,0.010818944703746173,0.010612509730458259
113,0.010715036383933492,0.010514312032610178,0.010625955868719355,0.010416729448735715
114,0.010537630547251967,0.010201035216450691,0.01042689472573499,0.01020076943933964
115,0.010359642965098222,0.010030883196741343,0.010224043154592317,0.01000164284259081
116,0.010097721430162588,0.009813128486275673,0.010016588014240069,0.009792033475637438
117,0.009907248351309034,0.009550542999058963,0.00980476237440275,0.009575782450288537
118,0.009649604279547929,0.009428478013724088,0.009595669023651218,0.009345273475348952
119,0.009469737747891081,0.00912611911073327,0.00937668087883956,0.0091086571007967
120,0.00932705651761757,0.009156051613390446,0.009156849066209461,0.00889071858972311
121,0.008973486537320746,0.008685503099113702,0.008934488824423817,0.008669488873332739
122,0.008800339769158099,0.008698013108223678,0.008710209614452392,0.008443655066564679
123,0.008545576110482216,0.00822495998814702,0.008487758673396378,0.008220250922814011
124,0.008347383143587244,0.007974739503115415,0.008258355315195191,0.007998436218127607
125,0.008058600063539213,0.007791850958019495,0.008030281152658993,0.007762952820956706
126,0.007846353548682398,0.007499857619404793,0.007800255517164866,0.007530974676087498
127,0.0075623555564218094,0.007421953938901425,0.007567872471941841,0.007305677952989935
128,0.007296995764805211,0.007040567714720964,0.007332481037825345,0.007077063269168137
129,0.007079725530412462,0.006792149692773819,0.007102310048540432,0.006846637547388671
130,0.0069217128161754874,0.006558928471058607,0.006870441878504222,0.006632707643508909
131,0.006609347307433685,0.00632863886654377,0.006641156628852089,0.006402188170328734
132,0.00632528464620312,0.006091242842376232,0.0064106314412835565,0.006180801405757665
133,0.006098107852869563,0.005824285745620728,0.006176537333180506,0.005944532613083718
134,0.005850615998109182,0.005619412930682302,0.005951820944911902,0.0057212043114006515
135,0.005720953078319629,0.005423960946500301,0.005725739448641735,0.005493038010969757
136,0.005475305020809174,0.005385640151798725,0.005502449535040391,0.005276132086664438
137,0.005181207849333683,0.004891564277932048,0.005283782137744128,0.005061910824105143
138,0.004964395496580336,0.0047148584108799695,0.005068452739198174,0.004852194836735726
139,0.0047280544166763624,0.004568617139011621,0.0048589835312838345,0.0046453925719484685
140,0.004474857112185823,0.004315516101196408,0.004653204478013019,0.0044369206286966785
141,0.00434344669803977,0.004052485441789031,0.004453280507048801,0.004243175643868743
142,0.004110544100403786,0.0042022954020649195,0.004256048380438652,0.004058626379817725
143,0.003917473038244579,0.003665491184219718,0.004062816351776322,0.0038715090528130534
144,0.0037066080586777793,0.0035914499964565037,0.003879361153187023,0.00369074981790036
145,0.003474703815041317,0.00324933179654181,0.0037035459302572744,0.0035169263392686844
146,0.0033555768306056657,0.003102295557036996,0.0035324134766641594,0.0033491605807095767
147,0.003148302362403936,0.0029938555974513294,0.003368254001500706,0.0031879221204668285
148,0.0029633282704485788,0.002802311880514026,0.003206217019777331,0.0030338914304971695
149,0.0028806982111806673,0.002619207939133048,0.0030524691635949747,0.0028774667289108036
150,0.0026753650998903645,0.0025489512737840413,0.0029092759813699456,0.002740684248879552
151,0.002609623350823919,0.0023298009997233748,0.0027721228944965533,0.0026072608456015585
152,0.0024178792246513895,0.002210155357606709,0.002642327259791394,0.002480616383999586
153,0.002298896490699715,0.002196943094022572,0.002521884823300772,0.002368048902973533
154,0.002148922365158796,0.0021784180914983155,0.002407266384301086,0.002258218094334006
155,0.0020909120996172228,0.0018809952959418297,0.0023003481044537493,0.0021479470502585173
156,0.002022967342701223,0.0018096579937264324,0.002200900275539607,0.002051302299834788
157,0.00192990407295939,0.0017456558765843511,0.002107849147274262,0.001968021191470325
158,0.0018197965130416884,0.001630141781643033,0.0020234469508752227,0.0018872826125472786
159,0.0017466291190228527,0.001588451424613595,0.001942833430195848,0.0018123885864391924
160,0.0016700285352352594,0.0015731936972588302,0.0018706001093404159,0.0017410171885043383
161,0.0016316086162502567,0.0014750226121395826,0.0018070744725358155,0.0016769941056147218
162,0.0016013782937079669,0.00147200227715075,0.0017452034177258607,0.001619918112270534
163,0.0015355683247455293,0.0013792733289301395,0.0016927418473383618,0.0015717536944895984
164,0.0014831635490473775,0.001402505598962307,0.0016404441645058493,0.001525684001110494
165,0.0014637961999202768,0.0015013290755450726,0.001596235285088834,0.0014838283834978938
166,0.0014779857230476207,0.0013067152258008719,0.0015567089334233765,0.0014465823790058494
167,0.001437587104220357,0.0014455193001776934,0.0015236911073637507,0.0014060673860833049
168,0.0014312773153910207,0.0012493724236264825,0.0014912581854913797,0.0013892303571105002
169,0.0013803298520441685,0.0015094222873449326,0.0014623392546238997,0.0013638701200485229
170,0.0013646489050653245,0.0012308673234656454,0.0014369800680937867,0.0013405834080651403
171,0.0013402388136213024,0.001229944904334843,0.0014159266971672576,0.00132583583611995
172,0.0013424693410181337,0.0012095706490799784,0.0013980817119487459,0.00130816263332963
173,0.0013751873503335648,0.0012017348082736135,0.0013854037829053897,0.0012927122628316285
174,0.0013339218409318062,0.0011923081055283547,0.0013706422170520656,0.0012858922926709058
175,0.0013638258402028846,0.0013448408292606473,0.0013583234898021654,0.0012748116958886386
176,0.0013021812800111043,0.0011780586652457715,0.0013476468418621354,0.001267458574101329
177,0.0013126572392260034,0.0011637649172917008,0.0013399819715155493,0.00125618631914258
178,0.001310737699063288,0.0012657929817214608,0.0013323745186751086,0.0012451261453330516
179,0.0013234767136681412,0.0011655432684347033,0.0013245036766243476,0.0012371145874261855
180,0.0012800890528079536,0.001460069571621716,0.0013166073863084115,0.0012238122921437024
181,0.0012999940710142254,0.0011756520671769976,0.0013096869461962743,0.0012191246017813683
182,0.0012959244097065594,0.0011634880769997836,0.0013035068789083097,0.0012038676200434569
183,0.001293462239878459,0.0012614524830132723,0.0012995953574466209,0.0011997774898074571
184,0.0013005044885600607,0.001146621354855597,0.0012957486395103238,0.0011962431882508102
185,0.0013530803091513614,0.0011869344348087907,0.0012910121862776576,0.0011989800575189294
186,0.0012625694699171517,0.0013045233581215144,0.0012859882821225457,0.0011964555756188932
187,0.0012934101124604544,0.0011949873575940728,0.0012810111270596585,0.00119893194148317
188,0.0012686521262447866,0.0011954452842473985,0.0012752393265358277,0.001189605698734522
189,0.0012915417903827295,0.0011206992249935864,0.0012725672381412652,0.0011890775596722961
190,0.0012736098789092568,0.0012248247303068638,0.0012708186157254708,0.001189372398238629
191,0.0012812146717785962,0.00110642627812922,0.0012668448409065606,0.0011814761462621388
192,0.001240179846321957,0.0011129619181156159,0.0012610177029959032,0.0011771909021772442
193,0.0012582663125875924,0.0011321801645681263,0.0012582745708628663,0.0011625568471848966
194,0.0012258281698450447,0.00112799774389714,0.0012542100782713132,0.0011594775615260005
195,0.0012668608685231044,0.0011286140675656497,0.0012502768210963244,0.0011570081003010272
196,0.001244070865213871,0.0011415873654186726,0.0012457491878213153,0.001151759522780776
197,0.0012240580102014873,0.001277992380782962,0.001241430016969227,0.0011484927205368876
198,0.0012495897464557654,0.001138622760772705,0.0012348953998130227,0.0011440437236800792
199,0.0012094929643596212,0.0012542172521352768,0.0012304139988496899,0.0011328137470409275
200,0.001219530827107115,0.0011116847605444492,0.0012254610445971291,0.0011265286354348065
201,0.0012353790701470442,0.001164855188690126,0.001220760954781953,0.0011197397892363371
202,0.0012689416788311469,0.0011711358814500271,0.0012163520890081094,0.0011154402491636575
203,0.0012113933285905255,0.0010683866823092104,0.0012108813199318118,0.0011096377404406666
204,0.0011777982659017046,0.0010584121663123368,0.001204705151832766,0.0011069984478875993
205,0.0012115107494820323,0.0010942181968130172,0.0012002367819038528,0.001103374474402517
206,0.0011983817562253938,0.0010986699257045985,0.0011951922426310677,0.001100918902363628
207,0.0011975929803318447,0.0011017515463754536,0.0011909601433926988,0.0010975500204600396
208,0.0011802714080032374,0.0011302380450069905,0.0011864889816587997,0.0010987726251594724
209,0.001192525217257854,0.0010649512987583876,0.0011809458242211905,0.0010951010406017303
210,0.0011897148802462551,0.001075709513388574,0.0011769806014270418,0.0010874633368104698
211,0.0011505344458338288,0.001023773942142725,0.0011709191128611565,0.0010811777623370292
212,0.001169586256146431,0.0010378595674410463,0.0011664995016116234,0.0010710541708394887
213,0.001151149880865382,0.0010257241292856633,0.0011605984202482634,0.0010650654772296547
214,0.0011813201460366448,0.0010132107231765985,0.001154061433724645,0.0010579946666955946
215,0.0011368406520018148,0.001079762012232095,0.0011479796365731292,0.0010494049195200203
216,0.0011268104693024524,0.0010404439643025398,0.0011420679700043467,0.0010455192781984805
217,0.0011284705980991324,0.001022362580988556,0.0011374339354638424,0.001045907175820321
218,0.0011321528307679627,0.001070790863595903,0.0011311768679983087,0.001040431904233992
219,0.0011200256888858147,0.0010437756963074208,0.0011256510882431436,0.0010342436511069535
220,0.001155081825175633,0.001159179185051471,0.0011202105334132083,0.0010285982154309749
221,0.0011054919292736384,0.0010497977514751255,0.001114248863918086,0.0010224105539731682
222,0.0011249274403477708,0.001087049786001444,0.0011082897661667732,0.0010183321454562246
223,0.0010980525323086314,0.0009814833989366888,0.0011018128555061089,0.0010114336378872395
224,0.0010990026831212971,0.0010011274646967649,0.0010957856684819692,0.0010061244339682161
225,0.0010720037930231126,0.0009619674202986061,0.0010891889753647977,0.001001889269798994
226,0.0010719544070565865,0.000988084925338626,0.0010828503714874387,0.0009998423115350308
227,0.0011168967500432498,0.0009563922020606697,0.0010757392949631644,0.0009944591328501702
228,0.0010636016643709608,0.0009712456492707133,0.0010709791627505586,0.0009917069593444467
229,0.0010619474023890992,0.001068109606858343,0.001065486458171573,0.0009860941600985825
230,0.001055084062843687,0.0009573364071547985,0.0010600315741366812,0.0009804557117633521
231,0.0010602372623462644,0.0009439635975286364,0.0010543692078337902,0.0009721469959244132
232,0.0010615791095834638,0.0009606156544759869,0.0010485772827847136,0.0009704831211827694
233,0.00103122967062518,0.0009755465085618198,0.0010410801347965994,0.0009582062056288123
234,0.0010435477734750344,0.0009629910858348012,0.0010364806113557683,0.0009500868001952767
235,0.0010277921137296492,0.0009032468241639435,0.0010296362668301702,0.000940145482495427
236,0.0009998547702303362,0.0008910438441671431,0.0010230131135865424,0.0009357586542144416
237,0.001004668928217143,0.0009319804632104933,0.0010160584163567466,0.0009282767684198914
238,0.0009926847839314076,0.0009745501726865769,0.0010097788470098748,0.0009251717236824331
239,0.0010035432329297894,0.0008786312560550868,0.0010032268616707168,0.0009189462727867064
240,0.001017837346686671,0.0010109576745890082,0.0009945259955841013,0.0009136313188821076
241,0.000989492854827808,0.000900123983155936,0.0009877215632470326,0.0009063938815146684
242,0.0009920984972268342,0.0008814013726077973,0.000980654841136291,0.000908786919619888
243,0.0009905936731956898,0.0008630729676224291,0.0009740328618351163,0.0009016023990698159
244,0.0009752275626589027,0.001002178827766329,0.0009662457422482677,0.0008946846700273453
245,0.0009676531254727808,0.0008522562962025404,0.0009582667308678437,0.0008868352986872195
246,0.0009905038432528575,0.0008468126156367362,0.0009519515386601496,0.0008788308002986013
247,0.0009538188272078211,0.0008385168435052037,0.0009441369590271885,0.0008705198916606605
248,0.0009324737012179361,0.000871812691912055,0.0009395029776858994,0.0008676181022077798
249,0.0009251352523763974,0.0008140803198330105,0.0009324750973558467,0.0008638740953058004
250,0.0009150145593513217,0.0008843413018621505,0.000926353546922716,0.0008658467097207904
251,0.0009081547735776338,0.0008324486529454589,0.0009192988712521684,0.000856697543989867
252,0.0008993750978778634,0.0008235183544456959,0.0009109878907575168,0.000850333112385124
253,0.0008934908559442395,0.0007903097150847316,0.0009015996707680946,0.0008410127953626216
254,0.0008852793496205575,0.001127935559488833,0.0008940436313730768,0.0008359462685883045
255,0.000889534580314325,0.0007777233934029937,0.0008852002607529154,0.0008299792863428593
256,0.0008655592726750506,0.000771020371466875,0.0008758362891747512,0.0008236243478953838
257,0.0008621038250728614,0.000764381370972842,0.0008673251446310637,0.0008120232548564674
258,0.0008733498654328286,0.000775434048846364,0.0008585573164099414,0.0008047359674237669
259,0.0008481832826510072,0.0007552183698862791,0.000848311195975273,0.0008033509662374855
260,0.0009119425801974204,0.000830702087841928,0.0008398838545557941,0.0007964538402855396
261,0.0008241577619790203,0.000797443671617657,0.0008316832740428962,0.0007952466786839067
262,0.0008516301673888746,0.000981295823585242,0.0008235109395502755,0.0007897972120903431
263,0.0008163178921677172,0.0007458210294134915,0.0008156516356859356,0.0007871475146152077
264,0.0007957687205635011,0.0007195204659365118,0.0008075333852683092,0.000778638316784054
265,0.0007831318469511138,0.0007779497490264475,0.0007993498923722654,0.0007709636507555841
266,0.0008005918699523641,0.0007734608137980103,0.0007908000177445097,0.0007633174927905202
267,0.000771014231722802,0.0007322268164716661,0.0007816720944467104,0.0007421143172308802
268,0.0007564943837415841,0.0007041995064355433,0.0007733444950491603,0.000743751080520451
269,0.0007624489490667151,0.0007121515017934144,0.0007647866705794714,0.0007369488946162164
270,0.0007484574199447202,0.0006700741103850305,0.0007563113461714237,0.0007328770738095045
271,0.0007343508323861493,0.0008121875859797001,0.0007475634457388273,0.0007260433152318001
272,0.000743135291720844,0.0006660886947065592,0.000738799063856196,0.0007195525604300201
273,0.0007274591883954903,0.0008416336518712341,0.0007278650547274284,0.0007098538316786289
274,0.0007208268900608851,0.0006778436549939215,0.0007191759943703396,0.0006998354041948914
275,0.000718531962742822,0.0008180988649837673,0.0007087873171807991,0.0006844149617478252
276,0.0007051985131369696,0.0006197187071666122,0.0006998735587216086,0.0006760638383217156
277,0.0006947877754767736,0.0006316517037339509,0.0006928786815765004,0.0006685314713977277
278,0.0006797439902503457,0.0005991557659581303,0.0006842091553741031,0.0006605454897508025
279,0.0006570812671755751,0.0005978561704978347,0.0006754050516678641,0.0006526522709056734
280,0.0006813445953755743,0.0008186424756422639,0.0006671608866865023,0.0006483437507413327
281,0.000651613660932829,0.0006009657238610089,0.0006591784928770115,0.0006401030197739602
282,0.0006502207148716681,0.0006625858508050442,0.0006502036932441923,0.0006309230403974652
283,0.0006546523546179135,0.0006045900844037533,0.0006415000676798323,0.000623210652731359
284,0.0006290737355852293,0.0005929494998417795,0.0006330830933060497,0.0006097901645116507
285,0.0006385923519782309,0.0005882338690571487,0.0006244548634677711,0.0006018603938631713
286,0.0006069312530517992,0.0005469829845242202,0.0006158008435171924,0.000586422590445727
287,0.0005919132376503613,0.0005957847624085843,0.000607250395665566,0.0005771366461180149
288,0.0005934739306879541,0.0005370429437607527,0.0005979482534858914,0.000564569694828242
289,0.0006208967919357948,0.0005312112928368151,0.0005893014064265621,0.0005583982068113983
290,0.0005663936918911834,0.0005783002078533173,0.0005804716929146605,0.0005507071762345732
291,0.0005804892772963891,0.000576130342669785,0.0005716750670069206,0.0005440270592458546
292,0.0005649101071887546,0.0006245138123631477,0.0005634943320053733,0.0005380386209115386
293,0.0005569345385043157,0.0004981812322512269,0.0005548404709229039,0.0005218560354784131
294,0.000538078958246236,0.0004826520173810422,0.0005476765063125641,0.0005219725877977907
295,0.0005308667808357212,0.0004772644187323749,0.0005391481183831477,0.0005109612827189267
296,0.0005239264730415824,0.00047667538048699496,0.000531069083687746,0.0005105886690318584
297,0.00052742954576388,0.00046784442849457264,0.0005235379259412487,0.000502781903371215
298,0.000511108689631025,0.00045568856643512845,0.0005152335924044664,0.0004942423098720609
299,0.0005070656937702249,0.00044569504680112,0.0005077679557881008,0.0004869371194392443
300,0.00048597840825095775,0.0005039250827394426,0.0005002675315313455,0.00048113072440028197
301,0.0004890273366537359,0.0004654315067455173,0.0004921184444593059,0.00047411800166592005
302,0.00047404493767923365,0.0004393759393133223,0.0004823808656436288,0.0004668928431347012
303,0.0004598283425568499,0.00043215284124016763,0.0004751030607045525,0.00046337582254782323
304,0.0004525628921368884,0.0004481452121399343,0.00046697026304900644,0.00045343611850403253
305,0.0004649980683138387,0.0004140778398141265,0.0004588101108972397,0.00044158702665008607
306,0.0004725145456743323,0.0006038795318454504,0.0004516082990552402,0.00043599319136701525
307,0.000437011016636259,0.0003873032238334417,0.00044501112034389136,0.0004292291237972677
308,0.00045267648723286885,0.0005952747422270476,0.000437751152425901,0.00042241049073636524
309,0.0004407947919228011,0.00039778035832569,0.0004305663395879998,0.0004153890391811728
310,0.00043098401355867586,0.0003747440315783024,0.00042258259552634434,0.0004087499319575726
311,0.00042029033764265475,0.0003643532237038016,0.00041554248490008637,0.00040267542614601546
312,0.00040440263123148017,0.00045062488643452523,0.00040826643491939955,0.0003962009973824024
313,0.00038974675388696295,0.0003617248754017055,0.00040182950337055247,0.0003875274288468063
314,0.00037745732154386737,0.0003505823295563459,0.00039477747226030467,0.00038041074676439167
315,0.00038444856841427584,0.0004903746931813657,0.0003879679152198757,0.00037354557751677933
316,0.0003771693359077391,0.0003276377415750176,0.0003813922739380764,0.00036718128807842733
317,0.00036090630339458585,0.0003282865160144866,0.0003751445815355207,0.0003602949206251651
318,0.00037688924245432847,0.00035833535017445686,0.00036822518693645386,0.0003540348326321692
319,0.0003731494904625126,0.00031355032813735307,0.00036099397656249097,0.00034087592829018835
320,0.0003493675828859624,0.00030679859220981596,0.00035500716895848106,0.0003355744550470263
321,0.0003443061520940521,0.00030113909160718323,0.0003482550686639217,0.00032307025580666964
322,0.0003278359442224933,0.0003018667479045689,0.0003414413208607585,0.0003178609374910594
323,0.0003351059239745761,0.0003038259211461991,0.00033556583216413856,0.000313924356782809
324,0.0003251644442530556,0.00028383432771079243,0.0003295072612870071,0.00030992477047257137
325,0.0003250551195297804,0.00028708586934953926,0.0003238203338399116,0.00030186783182434745
326,0.0003127265588975408,0.00028751445468515156,0.00031818527547228665,0.00029665244631469257
327,0.0003038060116685099,0.00026774670812301337,0.00031293858949664146,0.0002919830623548478
328,0.0002954373105118672,0.0002730456052813679,0.00030835834687006555,0.0002832732942886651
329,0.0002963705820729956,0.00027598602580837907,0.0003031914472010815,0.00027912814226001504
330,0.0002920132033371677,0.00025757563998922705,0.00029857653348913627,0.0002745773199014366
331,0.00029173428632525933,0.00027490692329593005,0.00029296144078899596,0.00026984271816909316
332,0.00028734082653601137,0.0002547663927543908,0.00028714092383937297,0.00026629635794088246
333,0.00028387397986888473,0.00028266976121813056,0.00028293496622807453,0.0002622150550596416
334,0.00027045109684372114,0.0002675474004354328,0.0002785487446494194,0.00026134575237520035
335,0.0002840967961431791,0.0002763295138720423,0.00027464874603578616,0.0002571796125732362
336,0.00026882606571436755,0.0002643635659478605,0.0002702530335272765,0.00025277864050585777
337,0.0002622294450540923,0.0002492014202289283,0.00026579740290374803,0.0002491875981679186
338,0.00024887029469634095,0.00023134023766033352,0.0002616291541709668,0.0002456566900247708
339,0.0002462901721527386,0.00023384773056022822,0.0002575795135266768,0.00024167585386894648
340,0.00026994250274987684,0.0002726304915267974,0.000254393834368481,0.0002386317498516292
341,0.0002479968441831362,0.00022400894085876643,0.0002509169721626677,0.00023617221722379333
342,0.00024553346059595545,0.00021451595705002547,0.0002474589545965298,0.00023241132844705142
343,0.0002365119249508199,0.00023997030686587095,0.0002439361388756273,0.0002294135392177851
344,0.00022763656672193772,0.00022489132243208587,0.00024028003524419748,0.0002260078690946103
345,0.0002442186426035025,0.00020476602017879486,0.00023641781053609324,0.00022426176904700703
346,0.00023465061262767348,0.000279406524496153,0.0002332015299264135,0.00022071472909301524
347,0.00023033597888166293,0.0001977132528554648,0.00023015409290738818,0.00021831497913226487
348,0.0002252131112618372,0.00019380161946173759,0.00022725534326422755,0.00021439923518337312
349,0.00021377367866484242,0.00019405826926231385,0.00022423882799921558,0.00021101682761218404
350,0.0002208489012102493,0.00019881316577084363,0.00022162160644333603,0.0002078363603446633
351,0.00021148554279029163,0.0001879935507895425,0.0002196779097107032,0.00021054265061393383
352,0.0002241640327136136,0.000191644107690081,0.00021717309064309424,0.00020902273317333314
353,0.000208515755366534,0.00021155728958547116,0.00021367638104258935,0.00020460123277734967
354,0.0002099201429195495,0.00018196380638983101,0.00021132106979170607,0.0002025371626019478
355,0.00020394281031460397,0.0001826309092575684,0.00020890804124840847,0.00020044526814017448
356,0.00020033169553951465,0.00018976517021656035,0.00020640816414832245,0.00019715806494932626
357,0.0001907852088334039,0.0002111138915643096,0.00020407473148467646,0.00019488866252359007
358,0.00020346696462689176,0.00019399376236833632,0.00020169301649245128,0.000193867100449279
359,0.000194265171368089,0.00020755365141667426,0.00019909671510362793,0.00018891490749083455
360,0.00021162805506416287,0.00017843591514974834,0.00019691641021054242,0.00018758072669152167
361,0.00019341318408906875,0.00017980337666813285,0.00019540280092559344,0.00018621621397323904
362,0.00019679890615710368,0.00016968973854091017,0.0001935415222697581,0.00018442816713359209
363,0.00020027787638052057,0.000298997494392097,0.00019142360839501235,0.00018343982819933445
364,0.00018366969546251412,0.0001958497945452109,0.00018964023474448671,0.00018414353555999693
365,0.0001825247627372543,0.000162092981627211,0.0001876209242359942,0.00018847972177900372
366,0.00018911406291105475,0.00017240718647371978,0.00018632412018745932,0.00018603491513058542
367,0.00018520774701351507,0.00016221859550569206,0.00018447382966082338,0.00018468526771757752
368,0.00017401499744866872,0.00015779022709466517,0.00018319252612095118,0.000183605751930736
369,0.0001693007501307875,0.00016815626178868115,0.00018186655651467542,0.00018309018395375458
370,0.00018467576779787324,0.00017922696832101793,0.00018048797437610726,0.00018092126245610414
371,0.0001697430779070904,0.00015560170053504407,0.0001784118006652635,0.00017890590683091427
372,0.00017582835655452475,0.00016435873287264256,0.00017724098051096209,0.00017739038644358515
373,0.0001873728791381129,0.00015968880150467159,0.0001748292779834527,0.00017659235477913168
374,0.00016724171226895933,0.00014935709827113897,0.00017401650968757975,0.00017809123781044033
375,0.00016790105434160473,0.00017410469241440295,0.0001726195380699614,0.00017989260705653575
376,0.0001669012015271518,0.0002055862348061055,0.00017092718879640518,0.0001752936921780929
377,0.00017368127000130093,0.0003000487631652504,0.0001697687107151271,0.00017320166758727279
378,0.00017609565415316157,0.00015043712337501348,0.00016888279469761379,0.00017525067084934562
379,0.0001636628797536509,0.00014822262106463314,0.00016753679834978862,0.00017383596107829361
380,0.00017191022181779975,0.00015564301458653062,0.00016603903588321474,0.00017415695444215085
381,0.0001671824553826203,0.00017687597079202533,0.00016523671411883292,0.00017357393414713443
382,0.00015632065536919982,0.0001568908541230485,0.00016432241355586382,0.00017294003658462312
383,0.00015156262185579786,0.0001436098717385903,0.0001627228370686579,0.0001711648189695552
384,0.0001649946675105538,0.00016966564173344522,0.00016154174379383524,0.00017077275512274352
385,0.00015133549187642831,0.00015848512353841215,0.00016033117213389939,0.0001696858213515952
386,0.00017309397669224483,0.00021727545245084912,0.00015845570955942904,0.00016951879526022818
387,0.00016187461571664445,0.00021472396969329566,0.0001574293396616769,0.0001691559937782585
388,0.000157969144541615,0.0001840246224310249,0.00015624178740609855,0.00016798064890317618
389,0.0001547077434305619,0.00014354917977470904,0.00015507346097017746,0.00016488407424185424
390,0.0001603768622994216,0.000213318063179031,0.00015371638014783254,0.00015824481407180428
391,0.0001554641542154261,0.0001370394421974197,0.00015251293183019798,0.00015736319017596543
392,0.00014776368534916804,0.0001702434296021238,0.00015167326081751118,0.00015649194829165934
393,0.00015395695333912348,0.00014321471971925348,0.00015016204244845235,0.0001552694458281621
394,0.00014644323605656002,0.0001523088227258995,0.0001488721191081115,0.0001531742546474561
395,0.0001446863556177252,0.00013484652794431895,0.00014809628145303578,0.0001517511105863377
396,0.00014021574603652375,0.00014580010436475278,0.0001472219264160635,0.00015207806043326851
397,0.00014556406505612863,0.00013718538859393446,0.00014589939524109168,0.00015066608330234883
398,0.00014048631477635353,0.00015551314922049642,0.00014546476101321687,0.0001492338287178427
399,0.000141582464825155,0.0001402870612218976,0.0001436528806315942,0.00014530372293666005
400,0.00013821224795214625,0.00014472107053734362,0.00014246131299037695,0.00014312792532145978
401,0.00013769304062912448,0.00012817186827305705,0.00014169522674961226,0.00014047475643455982
402,0.00013975424944267918,0.0001340672589140013,0.00014035561007395803,0.0001396772222826257
403,0.0001460094462122975,0.00012839652597904205,0.00013893503795196823,0.00013648617409635334
404,0.00014267110443648157,0.0001264415739569813,0.0001378311705891974,0.0001356628203764558
405,0.00013412976259132847,0.00012508045299910008,0.000136679863568861,0.00013356235360261054
406,0.00013493437187409856,0.0001244961912743747,0.0001360541009576991,0.00013257989410776647
407,0.00013692471399230676,0.00012131225259508937,0.0001349615102549756,0.0001326697276439518
408,0.00012970374593149043,0.00015178361791186036,0.0001340214987557071,0.00013189652976579967
409,0.00013193138813625814,0.00013436621346045287,0.00013337753518846715,0.00013061877072323116
410,0.00014046963617955852,0.0001226787589257583,0.00013229510201943212,0.0001294405382825062
411,0.00012779696715167828,0.00011902280792128295,0.00013140850259612004,0.00012761897733435038
412,0.00013208542468621292,0.00016032902931328863,0.0001305126595841203,0.00012653173392172904
413,0.0001388169885224973,0.00011769540025852621,0.0001296655796843374,0.00012641638749046253
414,0.00012121732653920642,0.00012361082597635685,0.0001288456655974086,0.0001261933350353502
415,0.00012486255924967635,0.00013354185852222145,0.00012799721965824976,0.000125030969560612
416,0.00012786747014615686,0.0001164555991999805,0.00012679362507899187,0.00012423421364510435
417,0.00011898100984075831,0.00011773176025599241,0.000125427128894565,0.00012401826627319681
418,0.00013831288806007554,0.0001186532323481515,0.00012471121017458952,0.00012307424185564741
419,0.00011912846848847241,0.00015455466113053261,0.00012374670340990025,0.00012226713433628904
420,0.00012118606813601219,0.00011551658099051565,0.00012295390863437206,0.00012213971548480915
421,0.00012411665685552482,0.00011385612830054014,0.00012217508977175587,0.00012011107077123597
422,0.00011850323583025279,0.00010772957757581026,0.00012135329541698513,0.00012035848866216839
423,0.00011832132919355192,0.00010997412551660091,0.00012012812509589519,0.00011946288761682809
424,0.00011918638952516227,0.00011310597590636463,0.00011920502051297162,0.00011914112889207899
425,0.00011703525045757286,0.0001418374097556807,0.00011823421656574485,0.00011790411171969028
426,0.00011719518845590452,0.00012259555689524859,0.0001168170028653953,0.00011716773590305822
427,0.00011854310096370884,0.00010500812204554677,0.00011622635540972828,0.00011618106415262446
428,0.00011591958173085004,0.0001084776280913502,0.00011529515942384026,0.00011593767300946638
429,0.00010850869982580965,0.000121042889659293,0.00011423642334508865,0.00011499506711261349
430,0.00011623179459194135,0.00010147984256036579,0.00011369314343157589,0.00011393903228454293
431,0.00011082170275686723,0.00010431850329041481,0.00011220200959004516,0.00011285245240433141
432,0.00011710484460410144,0.00011812678130809217,0.00011150638156072495,0.00011051631413865835
433,0.00011023327436608573,0.0001010675000725314,0.00011049228398834305,0.00010946333822794258
434,0.00011138652926698948,0.00014055166073376313,0.00010956395430160532,0.00010967342683579772
435,0.00010984037815231002,0.00010028873279225082,0.00010868326050080618,0.0001095086058601737
436,0.00010471935257858907,0.00011097883980255574,0.00010787919423601126,0.00010873325152788311
437,0.00010781532600554379,0.00012940360000357031,0.00010740718077641858,0.00010878495057113467
438,0.00010338664601375866,9.928600484272465e-05,0.00010665651648531719,0.00010651404696982352
439,0.00010645114014753037,9.894403221551329e-05,0.00010565481449238077,0.00010504920952953397
440,0.00010158265960247566,0.0001274570799432695,0.00010471713301732153,0.00010425958983832969
441,0.00010139906817736724,9.289045177865774e-05,0.00010354893908920025,0.00010418753534322603
442,0.00010539901200293873,9.133088955422864e-05,0.00010295287565386387,0.00010271728518418967
443,0.00010103454202180729,9.148873534286394e-05,0.00010188334567323586,0.00010207413911120965
444,0.00010173776775546786,9.615120448870584e-05,0.0001010850062428896,0.00010214813869679347
445,9.583362882646422e-05,8.919218322262168e-05,0.0001000657343981503,0.00010107077942229807
446,0.00010090841468708176,0.00011910834349691868,9.90766373918935e-05,0.00010097992947557941
447,9.648589081027442e-05,0.00010360905318520963,9.805160859476826e-05,9.900929348077626e-05
448,9.821967257367861e-05,9.059026720933616e-05,9.695311514951754e-05,9.836339638568462e-05
449,0.00010738605303534617,0.00011439845198765397,9.646680734877011e-05,9.702524450840429e-05
450,9.826864318003774e-05,8.506481972290204e-05,9.543405440894681e-05,9.48743294691667e-05
451,9.215263863249371e-05,8.597462088800967e-05,9.454854462528602e-05,9.399732105666773e-05
452,9.510106408722802e-05,8.526762976543978e-05,9.364023641424462e-05,9.369757083477454e-05
453,8.671473352781807e-05,0.00010667626571375877,9.289445614882021e-05,9.211112216580662e-05
454,9.360711394240045e-05,8.428663568338379e-05,9.253722159644693e-05,9.178925473243e-05
455,8.949354507624069e-05,8.540119073586538e-05,9.153585908352399e-05,9.101908309385183e-05
456,9.08632169982108e-05,0.00010616849293000996,9.061096249950223e-05,9.02028900338337e-05
457,9.162304848561891e-05,9.119279944570735e-05,8.999578831458673e-05,8.969904126133771e-05
458,8.550584920966583e-05,9.879625140456483e-05,8.932548556864884e-05,8.897057692520322e-05
459,8.576080933885856e-05,9.128576086368411e-05,8.853206732375032e-05,8.821211495669561e-05
460,8.237804202104195e-05,8.41413054149598e-05,8.810579568445167e-05,8.721517336089167e-05
461,9.256165755990271e-05,7.752504287054762e-05,8.72196558429601e-05,8.640371006913483e-05
462,8.199650250996153e-05,7.56307240226306e-05,8.605580280741887e-05,8.451206668978558e-05
463,8.124890142223901e-05,7.736079453025014e-05,8.519315287380274e-05,8.415431452449412e-05
464,8.374343487149518e-05,9.145027666818351e-05,8.464282931333099e-05,8.407613850431515e-05
465,8.293815296686565e-05,8.779586321907118e-05,8.363460397425419e-05,8.396357451565565e-05
466,9.24682043680352e-05,8.484376594424248e-05,8.334070208172003e-05,8.240717337466777e-05
467,8.0364949179865e-05,7.207659858977422e-05,8.2515584020358e-05,8.258896595798433e-05
468,7.79121274212634e-05,7.108390884241089e-05,8.178413976177885e-05,8.247585375793278e-05
469,8.63584131325802e-05,8.355498517630622e-05,8.094366560302054e-05,8.126923063537107e-05
470,7.907606017801704e-05,7.098057481925934e-05,8.020337781377345e-05,8.022250293288382e-05
471,8.10729585646186e-05,0.00010014679428422823,7.970325205889014e-05,7.941029566572981e-05
472,8.582909982780822e-05,7.868551329011097e-05,7.938201692369249e-05,7.824303873348982e-05
473,7.606617653638952e-05,7.030368491541595e-05,7.89967665888576e-05,7.744971034117043e-05
474,7.828972714681488e-05,6.710736750392243e-05,7.807794918189757e-05,7.83161218976602e-05
475,7.670239483963492e-05,7.612101559061558e-05,7.746817571524944e-05,7.793345836689697e-05
476,7.839454962069997e-05,8.402022038353607e-05,7.694262506492022e-05,7.836988908238709e-05
477,6.989543061030821e-05,8.245353004895151e-05,7.634290921398335e-05,7.841315955156461e-05
478,7.936718621446441e-05,6.776623718906194e-05,7.583616827743956e-05,7.966397374402733e-05
479,7.297916240834942e-05,8.883145026629791e-05,7.479154010458539e-05,7.888381188386122e-05
480,7.120743861176178e-05,8.257338573457674e-05,7.423574271637738e-05,7.857993383076975e-05
481,6.985136302925335e-05,7.600291486596689e-05,7.361271249861199e-05,7.854096583905632e-05
482,7.311585375444136e-05,6.502460688352585e-05,7.260256632354059e-05,7.745975815341809e-05
483,7.30027053375832e-05,7.849106972571463e-05,7.214038092481334e-05,7.803773884079421e-05
484,7.772993095891757e-05,6.210433755768463e-05,7.147514279802432e-05,7.63702751195524e-05
485,7.274678365016976e-05,6.430809560697525e-05,7.056447516143735e-05,7.539828465669417e-05
486,6.959122238590175e-05,9.918533178279176e-05,6.990362617070787e-05,7.496258650789969e-05
487,6.675216584375853e-05,6.606413575354963e-05,6.923481878604636e-05,7.453832236933522e-05
488,6.811013516400837e-05,8.827156241750345e-05,6.903892428252018e-05,7.362201628275216e-05
489,6.875053859807344e-05,9.253203839762136e-05,6.834664454929427e-05,7.258930879179388e-05
490,7.026962955327083e-05,0.000119066218030639,6.83442366361204e-05,7.234809406800197e-05
491,6.635250004668099e-05,6.533971944008954e-05,6.743489020995587e-05,7.265296097612009e-05
492,6.647001447466512e-05,6.447964726248756e-05,6.692795445883852e-05,7.120357680832969e-05
493,6.233637197712798e-05,7.010970904957502e-05,6.637115399611906e-05,7.034959291340784e-05
494,6.110475875579545e-05,5.652479303535074e-05,6.583198030000654e-05,6.963684177026152e-05
495,6.7521425209836e-05,8.543009200366214e-05,6.52388764926905e-05,7.087934446753933e-05
496,6.444200539489329e-05,5.8460201253183185e-05,6.473458800852919e-05,7.129823020659387e-05
497,6.306240891313388e-05,5.438575171865523e-05,6.39268110176393e-05,7.085922920377924e-05
498,5.954495176815221e-05,5.941123119555414e-05,6.343692981172351e-05,7.025652715237812e-05
499,6.156954253027733e-05,5.6500764039810746e-05,6.302362070418894e-05,6.82486064033583e-05
500,7.180503225148034e-05,5.3213363426039e-05,6.267085985940259e-05,6.761748239514419e-05
501,6.108755629005221e-05,5.820253310957924e-05,6.200206905875044e-05,6.609324935125186e-05
502,6.983523278096173e-05,7.642316195415333e-05,6.127730813071443e-05,6.439077412942423e-05
503,5.663352556035129e-05,7.538790989201516e-05,6.0777928101985406e-05,6.149326942395419e-05
504,6.0305768630415615e-05,5.259684607153759e-05,6.028027970718944e-05,6.074476205976681e-05
505,5.728742704377509e-05,6.122378836153075e-05,5.9824534142777957e-05,6.0581764084054154e-05
506,5.637202062644064e-05,5.818413628730923e-05,5.95952956031801e-05,5.965966184157879e-05
507,5.82882585715399e-05,9.60871743154712e-05,5.919308576978639e-05,5.943052136572078e-05
508,6.039549323355055e-05,8.89632132020779e-05,5.914447306939918e-05,5.824182845535689e-05
509,5.753550618667052e-05,5.112931248731911e-05,5.860577894523481e-05,5.7668639259645724e-05
510,6.0499753502275174e-05,4.92405443219468e-05,5.820209336137244e-05,5.741692871088163e-05
511,5.9258494697537065e-05,4.898731305729598e-05,5.783223442041264e-05,5.741333425976337e-05
512,5.79331447241e-05,5.02860355481971e-05,5.7267534394244045e-05,5.693382177269086e-05
513,5.1390365147704466e-05,5.016573632019572e-05,5.635400614313161e-05,5.661173283006064e-05
514,5.063151539717283e-05,4.997015785193071e-05,5.585783574497327e-05,5.615774150937795e-05
515,5.7785128835045425e-05,4.662860039388761e-05,5.513579977042456e-05,5.4797351686283954e-05
516,5.391129017678193e-05,4.66270353354048e-05,5.481706894319764e-05,5.3435883671045306e-05
517,5.507637536437768e-05,6.040469786967151e-05,5.4424682220431155e-05,5.320000372012145e-05
518,5.66054084871818e-05,4.7057152987690645e-05,5.41997462882945e-05,5.248678788775578e-05
519,5.104951292095292e-05,5.0796281138900666e-05,5.415885417896789e-05,5.2000538783613593e-05
520,6.630610770015564e-05,5.57127692445647e-05,5.3860003017406504e-05,5.177924346644431e-05
521,5.097465229078403e-05,4.413047136040404e-05,5.335586460650019e-05,5.023863164242357e-05
522,5.297026931657456e-05,4.8092987999552864e-05,5.283280466327496e-05,4.99494296265766e-05
523,5.02984782441571e-05,5.932136991759762e-05,5.235891573409188e-05,5.1514674373902385e-05
524,4.7452041876062546e-05,4.4512951862998303e-05,5.194949257582064e-05,5.115958125097677e-05
525,4.8966825973669376e-05,4.516113986028358e-05,5.158405083380381e-05,5.0805750291328875e-05
526,4.8683296336093916e-05,4.6852750092512e-05,5.1327150639392336e-05,5.069545806618408e-05
527,5.1784333417243844e-05,4.241341637680307e-05,5.134485350346141e-05,5.049200839712285e-05
528,4.8665254879678184e-05,4.135120951104909e-05,5.109502644465667e-05,5.01377968932502e-05
529,5.049610056125352e-05,4.669984729844145e-05,5.076179372295479e-05,5.117456347797998e-05
530,5.166402874035864e-05,4.339339255238883e-05,5.0273557348474343e-05,5.080079951439984e-05
531,5.5349717893275535e-05,4.60279086837545e-05,4.997323472505539e-05,5.0814354664180435e-05
532,5.081697953250518e-05,9.055479138623923e-05,4.966304380084491e-05,5.063498581293971e-05
533,4.7792032960892864e-05,5.044791760155931e-05,4.879691929575832e-05,4.9980863358359785e-05
534,4.4459007606039654e-05,4.389926209114492e-05,4.8507565448785e-05,5.026842927909457e-05
535,4.8652530272698237e-05,8.837166300509126e-05,4.818310097034555e-05,5.0167492986656735e-05
536,4.902291574075611e-05,4.010998498415575e-05,4.775169446268895e-05,4.9519050220260396e-05
537,4.8797101173679244e-05,4.1440261556999756e-05,4.759902864170726e-05,4.921088804258034e-05
538,4.4967860287417555e-05,4.740843069157563e-05,4.7363915429579925e-05,4.892455266672187e-05
539,5.1074086998899776e-05,4.488391612539999e-05,4.7146868983206036e-05,4.9239315878367057e-05
540,5.153945236492695e-05,3.777331279707141e-05,4.688367967836611e-05,4.905472990940325e-05
541,4.55804721342348e-05,7.25461999536492e-05,4.652889895029755e-05,4.8861088248668246e-05
542,4.2870466002366606e-05,5.106059878016822e-05,4.6267320740702826e-05,4.846596982679331e-05
543,4.909734290170794e-05,4.73960317322053e-05,4.5775609651496375e-05,4.844827463966795e-05
544,4.329473981569107e-05,4.631205985788256e-05,4.54089657010627e-05,4.806010870379396e-05
545,4.465299507299076e-05,3.9359707880066705e-05,4.492448600665538e-05,4.579835892072879e-05
546,4.3740806116450885e-05,5.13196193787735e-05,4.464939789047802e-05,4.5237007457762964e-05
547,4.485865735558845e-05,4.556958068860695e-05,4.458141257718025e-05,4.494441809947603e-05
548,3.951331555274212e-05,4.31103007576894e-05,4.4427795228127956e-05,4.299274133518338e-05
549,4.363539635152039e-05,3.68088974209968e-05,4.403545458028222e-05,4.340607546037063e-05
550,4.308899567048583e-05,3.8002755463821816e-05,4.3685539360578524e-05,4.40155103453435e-05
551,4.325713517674659e-05,5.472183038364164e-05,4.35502734001299e-05,4.3513509631156925e-05
552,4.5204600796245764e-05,3.7798767152708024e-05,4.3222623386504384e-05,4.338669368880801e-05
553,3.979573667796406e-05,3.6510167992673816e-05,4.274811393940277e-05,4.340712838748004e-05
554,4.395664532138552e-05,3.6821886751567945e-05,4.249028732899913e-05,4.181737166072707e-05
555,3.93712515101975e-05,4.2951012874254955e-05,4.2475671008934224e-05,4.1153644342557524e-05
556,4.61836191324336e-05,3.632376028690487e-05,4.2086926515104204e-05,4.197694873728323e-05
557,3.8704987172321935e-05,3.401104680960998e-05,4.1840732833144204e-05,4.171162482525687e-05
558,4.091483005645892e-05,3.641413102741353e-05,4.1501791778298675e-05,4.1527778390445745e-05
559,4.275937477359548e-05,3.6584528133971615e-05,4.113281689884995e-05,4.1468057772726744e-05
560,4.481209654639113e-05,3.957974389777519e-05,4.108212874448832e-05,4.163467960024718e-05
561,3.9214399544612714e-05,5.044333811383694e-05,4.094796492443292e-05,4.1220418494776825e-05
562,4.004922068108701e-05,5.667613368132152e-05,4.064484800506358e-05,4.140932952577713e-05
563,4.158621127620184e-05,3.485841283691116e-05,4.0477718038891914e-05,4.1364699762198137e-05
564,4.288283665826182e-05,4.1713517566677184e-05,4.043069497193856e-05,4.0865241980645796e-05
565,3.967671618738677e-05,3.828418026387226e-05,4.016301334761213e-05,4.2953497992129996e-05
566,3.913480687414348e-05,3.280228178482503e-05,4.0338834034466544e-05,4.280458030698355e-05
567,4.25050580007438e-05,3.446741582592949e-05,4.029199321860991e-05,4.315658507694024e-05
568,3.937873055595749e-05,6.797864160034805e-05,4.021903197685282e-05,4.2877346955356185e-05
569,3.713989776669122e-05,3.967896205722354e-05,3.9880387398200884e-05,4.285494617361109e-05
570,3.617946870185228e-05,3.476354700978845e-05,3.96741544544865e-05,4.278608220920433e-05
571,3.451643413023299e-05,4.982660393579863e-05,3.952752738211226e-05,4.2789359731250443e-05
572,4.359145349654783e-05,4.97351263766177e-05,3.9228459823870154e-05,4.2575794036383735e-05
573,3.61592200513567e-05,3.275377312093042e-05,3.873406523311537e-05,4.2238790038391015e-05
574,3.605747336728705e-05,4.1531673196004705e-05,3.8695582399021894e-05,4.156836010224651e-05
575,3.8910746516194196e-05,3.6887011374346914e-05,3.85493180683827e-05,4.044524905912112e-05
576,4.208155850291304e-05,4.223538584483322e-05,3.845723759489678e-05,4.030188122414984e-05
577,3.8512560188084735e-05,9.000516743981279e-05,3.8104664092437217e-05,4.0155327960383146e-05
578,4.4191253849324615e-05,3.2787225864012724e-05,3.788504782795725e-05,3.978513304318767e-05
579,4.278562492496955e-05,4.562200600048527e-05,3.7568161936522104e-05,3.9655429209233265e-05
580,3.754722046627042e-05,3.597005983465351e-05,3.7252625795048914e-05,3.94338718149811e-05
581,3.7717504666135126e-05,3.576374074327759e-05,3.710875216072761e-05,3.783754489850252e-05
582,3.35491635794622e-05,3.2289447699440646e-05,3.719072808986917e-05,3.812728514312766e-05
583,3.724915324710309e-05,3.649606907856651e-05,3.7133248912383955e-05,3.836176129698287e-05
584,3.5282685817542695e-05,3.124538576230407e-05,3.727950320737566e-05,3.747932304395362e-05
585,3.245223177752147e-05,3.1154643947957085e-05,3.705098517222924e-05,3.7231892780982887e-05
586,3.825232869227572e-05,3.368258971022442e-05,3.700165513113865e-05,3.7880508330999875e-05
587,3.639261241510717e-05,2.859835760318674e-05,3.689204725281645e-05,3.733819354092703e-05
588,3.928419943905384e-05,3.1274216962629e-05,3.665268293213254e-05,3.7105697189690546e-05
589,3.406849909677274e-05,3.80496859725099e-05,3.630611380762679e-05,3.6986420635366803e-05
590,3.418630957538779e-05,2.9029307333985344e-05,3.618095016313924e-05,3.4693897902616295e-05
591,3.1212659588264715e-05,2.9559685935964807e-05,3.579201875238343e-05,3.4681355187785815e-05
592,3.4616654463914325e-05,2.8928480969625524e-05,3.539386125808556e-05,3.4010096057318154e-05
593,3.578188969792488e-05,2.8070468688383697e-05,3.519436056020722e-05,3.377906017703936e-05
594,3.9189295995230266e-05,4.692246817285195e-05,3.490462449618564e-05,3.352365459140856e-05
595,3.4742489264721775e-05,4.0625450856168756e-05,3.4909095784920896e-05,3.3575147218653e-05
596,3.8172791505025496e-05,2.776564761006739e-05,3.468390157730836e-05,3.359208944311832e-05
597,3.787850261788764e-05,4.3549369802349244e-05,3.476418113471785e-05,3.452709268021863e-05
598,3.4925969024091805e-05,4.896916187135503e-05,3.476915346270996e-05,3.4638817750965246e-05
599,3.331727640923216e-05,2.7973803444183432e-05,3.446730452059354e-05,3.429952340375167e-05
600,3.2926638499096344e-05,3.107460259343498e-05,3.4371752538006865e-05,3.417728504573462e-05
601,3.341733039026925e-05,3.92534719867399e-05,3.419139477967596e-05,3.4053578699240465e-05
602,3.5383469075895846e-05,3.2692099121049975e-05,3.406379944968245e-05,3.420737754204311e-05
603,3.4467968580429444e-05,3.247365799325053e-05,3.413877480116855e-05,3.4531480562873185e-05
604,3.283168756752275e-05,2.8840527738793754e-05,3.41971027640587e-05,3.448137206141837e-05
605,3.255970301931181e-05,3.0194162827683614e-05,3.4034427850888785e-05,3.451376495067962e-05
606,3.0474103065595653e-05,2.9378601102507673e-05,3.3748633745482134e-05,3.440775327908341e-05
607,3.3660945797843546e-05,3.357676338055171e-05,3.3540547455615726e-05,3.370109324459917e-05
608,3.161929805678988e-05,3.691962469019927e-05,3.348504541257474e-05,3.3283407145063384e-05
609,3.7289674752779924e-05,5.462046668981202e-05,3.3326245432544967e-05,3.320776601321995e-05
610,3.2576539977324296e-05,3.394777071662247e-05,3.296762521802318e-05,3.290876742685214e-05
611,3.070610513936521e-05,2.520023102988489e-05,3.2934800714914065e-05,3.23697834770428e-05
612,3.4003812850440026e-05,2.5542398652760312e-05,3.295433203901566e-05,3.222955316014122e-05
613,3.4775255480781196e-05,2.8181558300275355e-05,3.2870983089782786e-05,3.214543055801187e-05
614,3.087861584693504e-05,4.1894657042576e-05,3.2910811506493095e-05,3.3729136746842415e-05
615,3.6060693362540204e-05,3.713188285473734e-05,3.26798631291442e-05,3.340870624524541e-05
616,3.267085866051881e-05,2.8306973399594425e-05,3.2535983880694004e-05,3.313191368069965e-05
617,3.0549781634666336e-05,2.973830320115667e-05,3.251207292899683e-05,3.2950405465089714e-05
618,2.8637037062758787e-05,2.542017689847853e-05,3.254000698450707e-05,3.268614072585478e-05
619,3.398713874856993e-05,2.92559673107462e-05,3.2463231010559766e-05,3.4640613335068335e-05
620,3.3354938188697106e-05,3.0183298367774114e-05,3.2419053039646116e-05,3.427591738291085e-05
621,3.420279200428114e-05,2.5874619313981385e-05,3.237473973883122e-05,3.37853461242048e-05
622,2.89129972548431e-05,3.6074405143153855e-05,3.2034678901173816e-05,3.365308165375609e-05
623,3.410535644636386e-05,3.549456312612165e-05,3.202289887485676e-05,3.324125566286966e-05
624,3.380555951177181e-05,2.4468045521643943e-05,3.203517272009372e-05,3.325284618476871e-05
625,3.084291476827477e-05,2.8971537540201096e-05,3.1782477971298955e-05,3.3139891154132776e-05
626,3.4413040808026884e-05,7.884612670750358e-05,3.158148618119109e-05,3.309369813359808e-05
627,2.960975964217343e-05,2.4681336581124923e-05,3.1530607062692674e-05,3.2701370748691266e-05
628,3.0870987369174446e-05,2.5553843879606575e-05,3.109367863014793e-05,3.2123280008090665e-05
629,3.2233913775093645e-05,2.4302822348545307e-05,3.1016927893102146e-05,3.456488409428858e-05
630,3.3258054407067704e-05,2.358754434681032e-05,3.0998921889679175e-05,3.43056812445866e-05
631,2.855470371691303e-05,7.82404163328465e-05,3.0980079653009955e-05,3.422782104462386e-05
632,3.255649652500223e-05,2.4459364576614463e-05,3.0738720217211976e-05,3.394293683231808e-05
633,3.0511465536417544e-05,2.4655343222548253e-05,3.046677116160734e-05,3.393934194464236e-05
634,2.878815381134498e-05,5.131385492859408e-05,3.0399901875110422e-05,3.564091979642399e-05
635,3.228203931939788e-05,2.3652120944461785e-05,3.048226031589568e-05,3.534234537801239e-05
636,3.1012951270289096e-05,2.5489994077361188e-05,3.027272497686985e-05,3.5412585228914394e-05
637,2.768644413057094e-05,2.2718522886862045e-05,3.0117865257327345e-05,3.537539863318671e-05
638,2.9750460728084564e-05,2.7026732786907815e-05,3.0129076257516217e-05,3.5123538144398484e-05
639,2.960663788447467e-05,3.208647241990548e-05,2.989004348023122e-05,3.467163002933375e-05
640,2.5137482548921577e-05,2.267961433972232e-05,2.9886532814190207e-05,3.460129603918176e-05
641,3.075209023437411e-05,8.934707555454225e-05,2.9657349286652686e-05,3.447724886354991e-05
642,3.009963154909201e-05,2.3258231958607212e-05,2.9448297303072955e-05,3.463826296792832e-05
643,2.8165981146028367e-05,2.3473671899409964e-05,2.9197205015387027e-05,3.4556018025614326e-05
644,2.7953152853620445e-05,2.2133862003101968e-05,2.9052908385185423e-05,3.242644324491266e-05
645,2.655621179858119e-05,3.0093426175881177e-05,2.8981247381792252e-05,3.229825886373875e-05
646,3.2531059841858225e-05,6.841406560852192e-05,2.887380284034104e-05,3.3601947361603376e-05
647,3.097195827447447e-05,2.86100446828641e-05,2.8857915366178433e-05,3.2393531137495306e-05
648,2.8866972970718053e-05,3.7250559398671615e-05,2.8582737237027487e-05,3.229433588858229e-05
649,2.9934066523209265e-05,2.3538380628451704e-05,2.849159855444062e-05,3.239329294592609e-05
650,3.112318977299664e-05,2.267502532049548e-05,2.8450200733722237e-05,3.2310782410786497e-05
651,2.8437221375901977e-05,6.754842383088544e-05,2.8264813362976484e-05,3.210228584648576e-05
652,2.952199299114808e-05,2.2922986827325075e-05,2.8191032747983827e-05,3.1838428726769054e-05
653,2.5141399180736496e-05,2.2452664488810114e-05,2.8200955186427263e-05,3.202216064091772e-05
654,2.7007614185600284e-05,2.832817495800555e-05,2.8102322329262585e-05,3.0414211348397656e-05
655,2.6980747214919475e-05,2.153142078896053e-05,2.8117306418587554e-05,3.182612743694335e-05
656,2.4947287961872968e-05,2.5001046815305017e-05,2.8091667731900492e-05,3.168334657675587e-05
657,3.076497144017291e-05,2.1254755047266372e-05,2.806757318871355e-05,3.225210984819569e-05
658,2.7825352000137275e-05,5.724755566916428e-05,2.802534053836199e-05,3.1834854080807414e-05
659,2.839096695727979e-05,2.1103449325892145e-05,2.7861906739417464e-05,3.0768898487440306e-05
660,2.540258609062423e-05,2.117223972163629e-05,2.7596606421866456e-05,3.0485495174070815e-05
661,2.8734484205617465e-05,2.7963920510956088e-05,2.7527583588218677e-05,2.9793344411882566e-05
662,2.665149861261145e-05,2.0655759508372286e-05,2.7346176687408135e-05,2.9992228772607625e-05
663,2.511577645944069e-05,2.1814318679389543e-05,2.702517182074694e-05,2.986518958641681e-05
664,2.7762122509658284e-05,2.5490044426987877e-05,2.7037559113685145e-05,2.7971778609207826e-05
665,2.538554351000736e-05,2.7272912193438968e-05,2.682125843356415e-05,2.7831171525758686e-05
666,2.828626880525715e-05,4.914834324154072e-05,2.705914697904114e-05,2.7854236666462382e-05
667,3.0474233782216388e-05,5.8556134172249584e-05,2.705482849042811e-05,2.779895294515882e-05
668,2.7525013978851752e-05,1.990415039472282e-05,2.710668960159334e-05,2.7695986450999043e-05
669,2.7350789273946754e-05,3.635294378909748e-05,2.7032399942173568e-05,2.745414231030736e-05
670,2.5500395539792305e-05,1.9662031991174445e-05,2.6763090067187376e-05,2.7351942288805736e-05
671,2.8445214868245076e-05,4.176517577434424e-05,2.6574073606591098e-05,2.645436933962629e-05
672,2.4339450335699238e-05,2.1524961848626844e-05,2.6488196331289748e-05,2.6349280323483987e-05
673,2.7141402129523663e-05,1.9946790343965405e-05,2.6427339388950103e-05,2.630531354807317e-05
674,2.539889400294568e-05,2.8510489646578207e-05,2.6163734736150617e-05,2.6010323996888475e-05
675,2.30980681064668e-05,1.9499045665725136e-05,2.604921091850782e-05,2.5914546477724797e-05
676,2.874690369935706e-05,2.021314940066077e-05,2.5920941584222923e-05,2.58088362228591e-05
677,2.4114475988123255e-05,1.940780974109657e-05,2.5754977668677584e-05,2.560367122932803e-05
678,3.1088612817661164e-05,2.302929300640244e-05,2.5761995818417438e-05,2.5617422442883255e-05
679,2.689965197027454e-05,2.6946081925416364e-05,2.56149948790456e-05,2.5512634631013498e-05
680,2.8277274994050257e-05,1.8957258434966205e-05,2.5432255968189563e-05,2.3947931865404824e-05
681,2.3090046476378726e-05,1.895494329801295e-05,2.5272480554364542e-05,2.3931726372393313e-05
682,2.4032224565518036e-05,1.8699754509725608e-05,2.5096250846642457e-05,2.3270279004646002e-05
683,2.309994048523044e-05,3.480823193967808e-05,2.5019511343028472e-05,2.3510566948971247e-05
684,2.624403507474603e-05,1.847622392233461e-05,2.4896605475078105e-05,2.2578640175925105e-05
685,2.38811625321331e-05,2.007307033636607e-05,2.4846569597058182e-05,2.2494839351566046e-05
686,2.2144367885630345e-05,2.058918173133861e-05,2.46241609742962e-05,2.2581957375223287e-05
687,2.378840317154148e-05,1.8261321529280394e-05,2.4542282384209108e-05,2.2252117692551112e-05
688,2.1909043102318213e-05,1.917156230774708e-05,2.4719865307270087e-05,2.2726724161475433e-05
689,2.3613024621024833e-05,2.0360919588711113e-05,2.4502177772066924e-05,2.3716902207524985e-05
690,2.5560997253503754e-05,2.7616692532319574e-05,2.4598510013311173e-05,2.3632068333972714e-05
691,2.461124532096114e-05,4.652864794479683e-05,2.4401039058284373e-05,2.3580119218968324e-05
692,2.5905761010815495e-05,1.9438565032032785e-05,2.4223048795021092e-05,2.3341113168862647e-05
693,2.3530628633226217e-05,1.9499013069435024e-05,2.410093231867197e-05,2.3291173398320094e-05
694,2.2945046580894593e-05,1.9816759595414625e-05,2.423879732862891e-05,2.351057084306376e-05
695,2.3581907949442718e-05,2.5669230599305592e-05,2.413746242754213e-05,2.353069235250587e-05
696,2.537256816948583e-05,1.846700644819066e-05,2.416047248083891e-05,2.281599166599335e-05
697,2.3088553385201117e-05,1.942994123965036e-05,2.4191338725116413e-05,2.3235664072853978e-05
698,2.158118656047413e-05,2.2124740935396405e-05,2.4062891463432205e-05,2.3199232322804162e-05
699,2.3351929250768283e-05,2.0264497579773887e-05,2.4019925037525052e-05,2.3042180178163104e-05
700,2.753764118299134e-05,3.1364207388833164e-05,2.4036174624375742e-05,2.2983226263022512e-05
701,2.3304715319277924e-05,4.496760055189952e-05,2.3957774213825666e-05,2.2975316706288137e-05
702,2.6522782019229552e-05,1.7286962902289814e-05,2.415225812340699e-05,2.286119587079156e-05
703,2.615183894199112e-05,2.1730565131292678e-05,2.39829625832499e-05,2.257677854504436e-05
704,2.2449895388692513e-05,2.0970930672774558e-05,2.4044579711496928e-05,2.2870373143814505e-05
705,2.522436308532229e-05,1.7708764171402437e-05,2.395057564459016e-05,2.2804562089731917e-05
706,2.653667172530226e-05,2.4439879416604528e-05,2.3941675728807842e-05,2.307615379686467e-05
707,2.149885203834856e-05,1.9202792245778255e-05,2.3895223300011515e-05,2.2932133752328806e-05
708,2.367519181764995e-05,1.6940714776865206e-05,2.376564850322513e-05,2.28459347912576e-05
709,2.7015691181683602e-05,2.8968034093850293e-05,2.3608624443133715e-05,2.432531078229658e-05
710,2.06699809900278e-05,1.916227658512071e-05,2.3519366414661304e-05,2.4702741470537148e-05
711,2.107020723795156e-05,1.6662878115312195e-05,2.3403657329941373e-05,2.4614521235343995e-05
712,2.419464284280871e-05,1.6787473650765606e-05,2.3275942130001363e-05,2.5482775710406707e-05
713,1.994903283856628e-05,1.897382338938769e-05,2.3055542331470248e-05,2.5290556583786374e-05
714,2.8475122360557888e-05,1.7507898701296653e-05,2.31683231220005e-05,2.511732737766578e-05
715,2.1328608749576636e-05,2.0506259388639592e-05,2.294313245503063e-05,2.5068745948374265e-05
716,2.6151673527136964e-05,5.386851291405037e-05,2.2685193573367232e-05,2.4850240483647208e-05
717,2.3555659338146344e-05,1.77932886799681e-05,2.2582314674622864e-05,2.4729441327508534e-05
718,2.3308130738668197e-05,2.6288805747753942e-05,2.2382599175115394e-05,2.470047743117902e-05
719,2.1783735860986377e-05,1.621625848201802e-05,2.2084727639756032e-05,2.4387670267606153e-05
720,2.0342538029783302e-05,2.3514256572525482e-05,2.2240153074785155e-05,2.4317842935852244e-05
721,2.1446966667200385e-05,5.5451406224165113e-05,2.220985811008075e-05,2.4684215382148978e-05
722,2.085710267339083e-05,2.8865708445664494e-05,2.206179604828422e-05,2.4196276410657448e-05
723,1.8688459442475707e-05,1.9919235055567695e-05,2.19743086069583e-05,2.4024872094742025e-05
724,2.015904925226803e-05,4.1970859456341714e-05,2.2015830636842615e-05,2.3993849489488642e-05
725,2.202764621971356e-05,2.655872922332492e-05,2.197409662783482e-05,2.392823846166721e-05
726,2.612423508253414e-05,4.063687039888464e-05,2.1918540527339145e-05,2.3803051158029126e-05
727,2.0893015344982915e-05,1.60724271700019e-05,2.146710478910892e-05,2.441431537154131e-05
728,1.9703366900406156e-05,1.6267928513116202e-05,2.1498303828896805e-05,2.417947288049618e-05
729,1.9877922920083317e-05,1.795095176930772e-05,2.1236638220014162e-05,2.2679526131832977e-05
730,2.0231475597635534e-05,1.698466676316457e-05,2.1077325052303628e-05,2.294778048672015e-05
731,1.9089883341318152e-05,1.6619700327282773e-05,2.091789708178516e-05,2.249982203502441e-05
732,2.5384487914076694e-05,1.7457108951930423e-05,2.0820522590495075e-05,2.2476865022326822e-05
733,2.2917817700039855e-05,2.610002593428362e-05,2.0813693183784684e-05,2.2215133972349575e-05
734,2.3314139636770253e-05,1.676955980656203e-05,2.078625491267303e-05,2.1186155444593168e-05
735,1.8482794956879743e-05,1.4877168687235099e-05,2.0741637509329137e-05,2.1540498296963052e-05
736,2.210825798505943e-05,1.5887312983977608e-05,2.0716199457334973e-05,2.1349531957821453e-05
737,2.3151292617613865e-05,1.5147197955229785e-05,2.0731498992730245e-05,2.027696392760845e-05
738,1.8560130326174354e-05,1.5844140798435546e-05,2.056521414617439e-05,1.9863995620107743e-05
739,1.7189228904802198e-05,3.2789504039101303e-05,2.0318826612330872e-05,1.8843654508236792e-05
740,2.2108584744273685e-05,1.4635197112511378e-05,2.039900086884801e-05,1.9064310946851034e-05
741,1.961003330507083e-05,1.6369844197470228e-05,2.0430284309420844e-05,1.947782794595696e-05
742,1.9572830145383097e-05,2.4499647552147507e-05,2.041928318859492e-05,1.978701483894838e-05
743,1.9322431475706657e-05,1.5089844455360434e-05,2.0466431659426435e-05,2.0522556419018656e-05
744,1.934937357873423e-05,1.5642333164578303e-05,2.0421247487926545e-05,2.0417337771505116e-05
745,2.017180286202347e-05,1.6970980323094408e-05,2.0140321386053177e-05,2.02643623604672e-05
746,2.0761009889409048e-05,2.9726943030254915e-05,1.9950421708280276e-05,1.980578443326522e-05
747,1.9741667589793602e-05,3.772427975491155e-05,1.9882558665590802e-05,2.0656113899894992e-05
748,1.8052508142621567e-05,1.5145076577027795e-05,1.9916839693178193e-05,2.0626076799817386e-05
749,2.0541537637149707e-05,1.5156658701016568e-05,1.9725159724556662e-05,2.0588829847110903e-05
750,1.7870525055817174e-05,1.623452153580729e-05,1.966984474873041e-05,2.054814636503579e-05
751,1.996454673644621e-05,1.5128342602110933e-05,1.9745551298870445e-05,2.069527225830825e-05
752,2.2897371757911362e-05,2.1588838135357945e-05,1.9798527782323717e-05,1.991479733987944e-05
753,2.048545291472692e-05,2.6605853490764276e-05,1.965931779365443e-05,1.9907446557772345e-05
754,1.960289489943534e-05,2.568062409409322e-05,1.9512766468364535e-05,1.9804165430832653e-05
755,2.141018736842347e-05,3.5373206264921465e-05,1.9449142169065047e-05,1.9519997361931017e-05
756,1.7960279053820867e-05,1.3989234139444306e-05,1.942086037355087e-05,1.952508005924756e-05
757,1.8361335367242443e-05,1.363272367598256e-05,1.9373032504032986e-05,2.0109282214252747e-05
758,1.8170325755717286e-05,1.4635577754233964e-05,1.9306179129893682e-05,2.0057870128948712e-05
759,2.1617563569533458e-05,3.802779647230636e-05,1.9310642563343405e-05,2.0054447937582156e-05
760,1.9339820646564476e-05,1.412624118529493e-05,1.9337383670467207e-05,1.9430587631359234e-05
761,1.731625876952118e-05,1.4956139166315552e-05,1.954829241488672e-05,1.9500039178819863e-05
762,2.1768418221957593e-05,1.4130110903352034e-05,1.9473477908144964e-05,1.9524829286092428e-05
763,2.045279407967529e-05,1.9522288130247035e-05,1.9408231351472852e-05,1.94697642524261e-05
764,1.8513640991133998e-05,1.3277631078381091e-05,1.9281759092215606e-05,1.9390098570147527e-05
765,1.8628335027541552e-05,1.4451427559833974e-05,1.9216105986399473e-05,1.9044755888171492e-05
766,1.594625017282346e-05,1.3787816023977938e-05,1.917936930549331e-05,1.8600104701181405e-05
767,1.7982222662895868e-05,1.7395445829606616e-05,1.9269899291814205e-05,1.840103646245552e-05
768,1.86153865878522e-05,1.5216911888273899e-05,1.917340244544903e-05,1.7526074229681397e-05
769,1.8153676840787133e-05,3.0247387039707975e-05,1.9116757589330924e-05,1.7630826146341857e-05
770,1.8500468508540912e-05,1.568567819049349e-05,1.9134813267495096e-05,1.7590542398102113e-05
771,2.087259572565219e-05,2.9641388246091082e-05,1.919864215378766e-05,1.7521251428115646e-05
772,2.0410195267888613e-05,2.212777209933847e-05,1.9226708514745244e-05,1.6587309035821817e-05
773,2.3325226753109342e-05,1.6881365263543556e-05,1.923462450286024e-05,1.6731753466592635e-05
774,1.8671174968605757e-05,1.5776411382830703e-05,1.92334766052631e-05,1.6660539698204956e-05
775,1.6239361139014362e-05,1.4857895694149192e-05,1.907695886620786e-05,1.6615475412982052e-05
776,1.6802740255015024e-05,1.3136700545146596e-05,1.89141355223708e-05,1.637615709478269e-05
777,2.125604411250808e-05,1.2955271085957065e-05,1.8787038713667754e-05,1.6457669352530503e-05
778,1.9567035892072857e-05,1.5489573816012125e-05,1.8847568214470007e-05,1.6763228879426607e-05
779,2.1866144557457625e-05,2.0703918125946074e-05,1.9005098423965845e-05,1.74065607614466e-05
780,1.899776620929414e-05,1.3499150445568376e-05,1.9029119742885495e-05,1.7687337567622308e-05
781,1.6544157650868227e-05,1.6608032055955845e-05,1.896825312045015e-05,1.7602500345674345e-05
782,1.8812727321346757e-05,1.262562996998895e-05,1.913814601818255e-05,1.693928326421883e-05
783,1.9766047913031395e-05,1.290330350457225e-05,1.9081169211292746e-05,1.7061503580771383e-05
784,2.2319222593473063e-05,1.4679236664960627e-05,1.9022146355807006e-05,1.6498191765276717e-05
785,1.9537720349439447e-05,1.7737351954565382e-05,1.8849142572758458e-05,1.6369067374034783e-05
786,1.728756132959259e-05,1.3175794956623576e-05,1.869888264659999e-05,1.6200934223888906e-05
787,1.7855474745576633e-05,1.3003503772779368e-05,1.86293571136452e-05,1.6698108181299176e-05
788,1.6382210483748673e-05,1.3539330175262877e-05,1.8840612088064918e-05,1.7141571277170444e-05
789,1.533622077355782e-05,1.5315437522076537e-05,1.8775554244186623e-05,1.7140400786593094e-05
790,2.0141572547597914e-05,2.209041573223658e-05,1.8556082933597886e-05,1.7110999126452956e-05
791,1.9884505410219492e-05,2.9871113074477762e-05,1.8402523066389323e-05,1.7129544095951136e-05
792,1.858275563588702e-05,2.4414865983999333e-05,1.8338571477539112e-05,1.685262258251896e-05
793,1.7093721026968624e-05,1.3095981339574791e-05,1.8289387696050753e-05,1.7426407379389275e-05
794,2.240099928409715e-05,1.3666960003320127e-05,1.8247902035929858e-05,1.742204559559468e-05
795,1.7076048336295772e-05,1.8741186104307416e-05,1.8151089249861092e-05,1.7988815714488738e-05
796,1.9397024338508748e-05,1.5558592858724298e-05,1.7992836330975275e-05,1.822329168498982e-05
797,1.6085100691675002e-05,1.889966231829021e-05,1.7889348559159164e-05,1.812316409632331e-05
798,1.956872859914761e-05,1.2678036509896629e-05,1.7725504603408304e-05,1.7885505677259064e-05
799,1.69330366447361e-05,2.8205760318087415e-05,1.769229848505347e-05,1.785492651688401e-05
800,2.1520735499507284e-05,2.5944473090930842e-05,1.7564378239411678e-05,1.7776045387290654e-05
801,1.517629415805762e-05,1.3107438280712814e-05,1.7541160333672046e-05,1.770679111432401e-05
802,1.576926134778963e-05,1.2220229582453612e-05,1.7561744682542566e-05,1.78733585831651e-05
803,1.5728039211858738e-05,1.5953198053466623e-05,1.7390025458169272e-05,1.7777586957527097e-05
804,2.0267354836202383e-05,1.3780880290141794e-05,1.7202756534324077e-05,1.705886906929664e-05
805,1.776817167208517e-05,2.7843770367326216e-05,1.722859870626255e-05,1.687223383560195e-05
806,1.5507016147845813e-05,1.6498987461091018e-05,1.7172717112730933e-05,1.7267239343345865e-05
807,1.6392407669627573e-05,2.6794882942340336e-05,1.700928771380051e-05,1.7221680816874143e-05
808,1.580972494088605e-05,1.8765202767099254e-05,1.706650709497303e-05,1.689420120019349e-05
809,1.9732028298070267e-05,1.217604694829788e-05,1.6891178577659755e-05,1.6722704575659006e-05
810,1.54416214556679e-05,1.179589147795923e-05,1.6955229006351957e-05,1.6418900872668016e-05
811,1.6457408370721775e-05,1.2411315947247203e-05,1.669146389370629e-05,1.6609483212960184e-05
812,1.4657468604531864e-05,1.1031475532945478e-05,1.679819172705821e-05,1.6818664788297613e-05
813,1.5801762840257854e-05,1.1807973351096734e-05,1.6554976049277078e-05,1.624372456062702e-05
814,1.5850829495320795e-05,1.94796242431039e-05,1.6665902500487084e-05,1.6152770756161772e-05
815,1.58485919382656e-05,1.9696125091286375e-05,1.6701204525371494e-05,1.6569162871746814e-05
816,1.5202782314089644e-05,1.1903165868716314e-05,1.6865342207812413e-05,1.6352581819228364e-05
817,1.9228809934348748e-05,1.9748985141632148e-05,1.662178244676195e-05,1.6416821230086498e-05
818,1.569668118867816e-05,2.2971119033172727e-05,1.6618353203698964e-05,1.5784486092161385e-05
819,1.8315264310836533e-05,1.2527996841527055e-05,1.657468104692978e-05,1.571738363709301e-05
820,1.8506532865608784e-05,1.0554195687291213e-05,1.655584783665189e-05,1.5154928684933112e-05
821,1.5013811405676986e-05,1.1271177245362196e-05,1.6450793150013647e-05,1.537666928197723e-05
822,1.7686361408979993e-05,1.1304569743515459e-05,1.621681275751649e-05,1.533381109547918e-05
823,1.2974600783005977e-05,1.74425950172008e-05,1.6216707422993047e-05,1.529874532061513e-05
824,1.9601232478534156e-05,3.343529970152303e-05,1.620229427757699e-05,1.5848247314715993e-05
825,1.544034355497893e-05,1.1570967399165965e-05,1.6230589309513256e-05,1.6386728017823772e-05
826,1.7949455438307873e-05,1.0833593169081723e-05,1.62013243806238e-05,1.637721637671348e-05
827,1.6651811969899832e-05,2.263003247207962e-05,1.6094112245304538e-05,1.6138131632760634e-05
828,1.9831481272881824e-05,1.0538671740505378e-05,1.6054439756084726e-05,1.5755182827706453e-05
829,1.417836080994069e-05,1.5386865561595188e-05,1.5989775474736236e-05,1.5852237209037413e-05
830,1.7682440595510543e-05,1.2035391919198445e-05,1.577043782793529e-05,1.54831712556188e-05
831,1.441521222861613e-05,1.4821426084381528e-05,1.5754281134448117e-05,1.5056746423942968e-05
832,1.592157741268036e-05,1.2733509138342924e-05,1.5635659582524874e-05,1.5262431390874554e-05
833,1.3183357774929997e-05,2.43087176932022e-05,1.5607141611690166e-05,1.554384428745834e-05
834,1.3882518485641211e-05,1.1104592285846593e-05,1.5495544563600563e-05,1.5709642229194286e-05
835,1.543898809258179e-05,1.0919247106357943e-05,1.5331772779205088e-05,1.5955059124098625e-05
836,1.6097079735320423e-05,2.6148865799768828e-05,1.548458550225607e-05,1.5796690298884642e-05
837,1.5364844402938614e-05,2.4493493110639975e-05,1.5171015844276148e-05,1.501520967867691e-05
838,1.5070139618021332e-05,1.1570182323339395e-05,1.5200509473975721e-05,1.610848216514569e-05
839,1.3170526112339252e-05,1.3502505644282793e-05,1.5012248289228105e-05,1.6252230124518975e-05
840,1.4856779707770328e-05,1.0122404964931776e-05,1.4866965800077497e-05,1.588740211518598e-05
841,1.3586175280377372e-05,1.4329525401990396e-05,1.4801163126766265e-05,1.6986922322394094e-05
842,1.374536876432507e-05,1.0522336306166834e-05,1.4799451545372397e-05,1.6937330866494447e-05
843,1.5292763851498928e-05,1.2310498241276947e-05,1.4679922437062485e-05,1.6896022725995858e-05
844,1.5349725512755364e-05,1.7670121014816686e-05,1.467007718391768e-05,1.7313095695135415e-05
845,1.7793583594741198e-05,1.7589518101885915e-05,1.4635118367328281e-05,1.727606074491632e-05
846,1.222388520343682e-05,1.5416125788760836e-05,1.4667780176872232e-05,1.7606875996716548e-05
847,1.3592066799093219e-05,1.7439992116123904e-05,1.4702584570396639e-05,1.7576669226400552e-05
848,1.679491885928049e-05,1.348337438685121e-05,1.4653632756865893e-05,1.8414083095558453e-05
849,1.1761991029036127e-05,1.3898284196329769e-05,1.4587950014780896e-05,1.778014810042805e-05
850,1.6177684297468256e-05,3.890277956088539e-05,1.4704526440618791e-05,1.720797833186225e-05
851,1.324292581961749e-05,1.4427292153413874e-05,1.4661634216948487e-05,1.7188672646443592e-05
852,1.3019749741134648e-05,1.3509332238754724e-05,1.4733472985729651e-05,1.760630044955178e-05
853,1.8186414440101037e-05,3.802667692070827e-05,1.4769543064418635e-05,1.761940634896746e-05
854,1.4135571275093954e-05,1.414707916410407e-05,1.4776958457514409e-05,1.7705490138905588e-05
855,1.469421288776276e-05,1.1002688406733796e-05,1.482772158374751e-05,1.7823768523521723e-05
856,1.416908089999601e-05,2.524825031287037e-05,1.4777147409525544e-05,1.779014863568591e-05
857,1.5047606997945371e-05,1.1807635382865556e-05,1.4624330709597822e-05,1.755625859950669e-05
858,1.3999903013528739e-05,3.2579098988207985e-05,1.4502849912969397e-05,1.7219789689988828e-05
859,1.4752628323751398e-05,1.0349423027946615e-05,1.4584991011280284e-05,1.6982418821135072e-05
860,1.4215192754313143e-05,3.185459383530542e-05,1.4578803555761827e-05,1.689021493511973e-05
861,1.445501118319549e-05,1.0300490921508753e-05,1.4610479697552768e-05,1.6779256085283123e-05
862,1.827925504888602e-05,1.0189248896494974e-05,1.4681502944020192e-05,1.6600523606757633e-05
863,1.3997834026263767e-05,1.1087540187872946e-05,1.4523989118606551e-05,1.546689235547092e-05
864,1.4966495331868323e-05,2.3943200721987524e-05,1.4589196553748075e-05,1.526004887491581e-05
865,1.575853167499493e-05,1.045005245032371e-05,1.4553747278518536e-05,1.5336247691448078e-05
866,1.3771560107771721e-05,1.6481620150443632e-05,1.4400291614745382e-05,1.4703984940570077e-05
867,1.5014446920152598e-05,1.3479295921570155e-05,1.446001912691928e-05,1.4523128623841329e-05
868,1.4028409495949745e-05,1.147000104538165e-05,1.4350516963491424e-05,1.4557431843422819e-05
869,1.152930801456225e-05,1.1822870110336226e-05,1.4238525669497904e-05,1.393593873508507e-05
870,1.4756563679030578e-05,9.177795363939368e-06,1.423424518296896e-05,1.401820696191862e-05
871,1.4277412661208978e-05,9.481854067416862e-06,1.4148161999360635e-05,1.3067054532439215e-05
872,1.3437380411131825e-05,1.5134894965740386e-05,1.4185365067047922e-05,1.3385185953666222e-05
873,1.7586822404054044e-05,1.0709403140936046e-05,1.4223216908026697e-05,1.2467664273572153e-05
874,1.3537572190721727e-05,9.429972233192529e-06,1.4124071272736831e-05,1.2484427235176554e-05
875,1.2239838662127213e-05,1.056199827871751e-05,1.3894606565008873e-05,1.2747500740078976e-05
876,1.4873111698155602e-05,9.256205139536177e-06,1.3984570960423702e-05,1.2754117554140975e-05
877,1.2133517860396144e-05,1.541430265206145e-05,1.3931466738399145e-05,1.3285938207263824e-05
878,1.4350022845772198e-05,2.22201081487583e-05,1.3774209750812993e-05,1.3228046690346672e-05
879,1.5628759079441404e-05,9.625671245885315e-06,1.3710483997824164e-05,1.2922064252052222e-05
880,1.195665880206636e-05,1.186026889627101e-05,1.360682900218914e-05,1.274952250678325e-05
881,1.1369298550158015e-05,9.710922604426742e-06,1.3597365065329036e-05,1.3011786897550338e-05
882,1.4940594834721802e-05,1.3864341053704265e-05,1.3595127643525806e-05,1.2894056246295804e-05
883,1.1847823423320531e-05,8.80028825122281e-06,1.3636988807007178e-05,1.2910429751354969e-05
884,1.5682705015933606e-05,1.8302708558621815e-05,1.3596464764769835e-05,1.2903381344221996e-05
885,1.5161488778782466e-05,8.9165518329537e-06,1.3567029583161154e-05,1.3112889890908262e-05
886,1.1976370300948879e-05,1.0719564961618744e-05,1.3607206514360666e-05,1.3051638692559208e-05
887,1.254263735568707e-05,1.6766086519055533e-05,1.3561222119622269e-05,1.3087461669056212e-05
888,1.624694391163454e-05,1.125296053942293e-05,1.3617024842258413e-05,1.303911853246973e-05
889,1.363888978125437e-05,3.7238717050058766e-05,1.3534881127108948e-05,1.319562824210152e-05
890,1.1827106985341137e-05,9.002764527394901e-06,1.3566109981022436e-05,1.3388069557549898e-05
891,1.2178416283050966e-05,8.832059193082386e-06,1.3476601290312828e-05,1.2854777897882739e-05
892,1.2423072029277036e-05,9.165752289845842e-06,1.3307701850701251e-05,1.3434572859114268e-05
893,1.3791811074447146e-05,1.8026610814558807e-05,1.3448509382578776e-05,1.3315059588785516e-05
894,1.1473372469481546e-05,8.879603828972904e-06,1.3542282819172314e-05,1.3336396458180388e-05
895,1.5803092766064867e-05,9.587132990418467e-06,1.3445230452149794e-05,1.3211083214264365e-05
896,1.3264311605275402e-05,9.305643889092608e-06,1.3577913365992977e-05,1.3207380890526112e-05
897,1.2701500870914767e-05,2.0372608632897025e-05,1.3448148205417156e-05,1.2817041501693894e-05
898,1.85912456840419e-05,9.178123182209674e-06,1.3388110331612147e-05,1.2883414656243986e-05
899,1.2387962322261754e-05,1.0325546645617578e-05,1.3430816120833493e-05,1.3152076198457507e-05
900,1.3634906728030829e-05,9.353419864055468e-06,1.3439067428084349e-05,1.2909179082635092e-05
901,1.2819518819418995e-05,1.3168947880330961e-05,1.3263579650326088e-05,1.2829097451322013e-05
902,1.2914239208233388e-05,2.0225335538270885e-05,1.3313541176224438e-05,1.2032003017520764e-05
903,1.2112305578031939e-05,8.887816657079384e-06,1.331873815797735e-05,1.2455159979435847e-05
904,1.140627308915201e-05,2.412054527667351e-05,1.332412096122021e-05,1.2425874896143795e-05
905,1.547684709900447e-05,8.872437138052192e-06,1.3374427802126673e-05,1.2604861073486973e-05
906,1.3713634464996478e-05,1.024434433929855e-05,1.3336930400530239e-05,1.2245803293626521e-05
907,1.2514285659158809e-05,1.0731509955803631e-05,1.33211795101589e-05,1.2340505925385513e-05
908,1.5164896269400035e-05,8.707730157766492e-06,1.3183563085476638e-05,1.2364283208444249e-05
909,1.243857600153812e-05,8.54422383781639e-06,1.3103203105452446e-05,1.2439676794019759e-05
910,1.366054193365724e-05,1.0575880696706009e-05,1.3136531981500514e-05,1.2251136502163717e-05
911,1.3044015031482558e-05,1.743610351695679e-05,1.2925704528606731e-05,1.2842926257144427e-05
912,1.2748920036958427e-05,1.069365862349514e-05,1.2905358625074667e-05,1.2839375394833042e-05
913,1.1859749467678032e-05,9.250919756595977e-06,1.2911294275868893e-05,1.3077190873445944e-05
914,1.4887927928713099e-05,1.731135620502755e-05,1.2967061469276412e-05,1.2896543403621764e-05
915,1.1957031529163941e-05,1.9581688575271984e-05,1.2877333767796196e-05,1.274436706007691e-05
916,1.231298636412248e-05,8.099932110781082e-06,1.2833809770705157e-05,1.2708969946834259e-05
917,1.3680743051938609e-05,1.3640406723425259e-05,1.2811664836448879e-05,1.2127702123689234e-05
918,1.285437603453627e-05,9.050166318047559e-06,1.264805894105747e-05,1.216593572535203e-05
919,1.1079600210198098e-05,1.1247169622947694e-05,1.2564282314108118e-05,1.2213303802855082e-05
920,1.2362682149008227e-05,1.0181565066886833e-05,1.2555690586224147e-05,1.2113456263614353e-05
921,1.1255312104670641e-05,1.11904835284804e-05,1.2471592834157893e-05,1.224738400633214e-05
922,1.3534722772116462e-05,1.565910133649595e-05,1.2540122284473099e-05,1.2306593670655274e-05
923,1.332055936169733e-05,2.3972867056727408e-05,1.2523904004289458e-05,1.246678287934628e-05
924,1.18793147339602e-05,1.0236775087832939e-05,1.2425845647440938e-05,1.2291207444650353e-05
925,1.378329799788642e-05,1.529880682937801e-05,1.2435058569664962e-05,1.2194235887000105e-05
926,1.4213698654606964e-05,8.652761134726461e-06,1.2450131000999437e-05,1.2865609875734663e-05
927,1.0671046671227992e-05,1.6420926949649584e-05,1.2363171029735692e-05,1.2511661183089017e-05
928,1.1024205650755903e-05,8.002888826013077e-06,1.229697017632942e-05,1.206727054886869e-05
929,1.0852649732745098e-05,9.588849698047852e-06,1.2303102650589103e-05,1.2091735690046333e-05
930,1.13866997142193e-05,9.82827717962209e-06,1.2210147140204855e-05,1.1861192846845369e-05
931,1.1619218791262634e-05,1.142854627687484e-05,1.2107400415051315e-05,1.2140152992651567e-05
932,1.2299492462059586e-05,8.235321474785451e-06,1.2155055142728899e-05,1.2147568397631405e-05
933,1.3062452467743748e-05,1.2055923725711182e-05,1.2152446574489461e-05,1.2090123243979181e-05
934,1.4151812259418269e-05,1.0024465445894748e-05,1.2192129026597186e-05,1.2223946691665335e-05
935,1.3255084929066166e-05,1.4580610913981218e-05,1.2121689507249461e-05,1.1916599430696808e-05
936,1.0592556110269572e-05,1.3046717649558559e-05,1.2082665246836971e-05,1.1285530495661081e-05
937,1.2979243092559045e-05,8.269369682238902e-06,1.2028296276306114e-05,1.1231816477811665e-05
938,1.2236560251039918e-05,2.6035269474959932e-05,1.1923703910239666e-05,1.0970913554774599e-05
939,1.2713928647119448e-05,8.46263888888643e-06,1.1878969872931421e-05,1.092539207747905e-05
940,1.0302010194007179e-05,8.471922719763824e-06,1.1854587462059703e-05,1.0623698969720864e-05
941,1.2466298220614489e-05,8.71156064022216e-06,1.1894822365421638e-05,1.061551681632409e-05
942,1.135685529233241e-05,7.876835643401137e-06,1.1929916505121382e-05,1.058894313464407e-05
943,1.0285707905697766e-05,1.602416996320244e-05,1.1926952057506747e-05,1.0511138531728648e-05
944,1.2270968402137644e-05,1.1432554747443647e-05,1.1898427381068664e-05,1.0462712180742528e-05
945,1.2297467943022234e-05,8.745436225581216e-06,1.1873848187315164e-05,1.045932497436297e-05
946,1.224737340736384e-05,1.4536069720634259e-05,1.177091435840541e-05,1.0375722606113412e-05
947,1.17737347884233e-05,7.97541981228278e-06,1.1672473686444899e-05,1.08168271901377e-05
948,1.2344952851385136e-05,8.19614368083421e-06,1.1800679693947639e-05,1.0560829033784102e-05
949,1.0520090470688754e-05,8.89392464159755e-06,1.1837854227916171e-05,1.086613725638017e-05
950,1.1168488846225146e-05,8.77623375345138e-06,1.1759481332046563e-05,1.0866168264328734e-05
951,1.3095347721900907e-05,7.5147242023376745e-06,1.1803862419846056e-05,1.0250927440210945e-05
952,1.0061486399435024e-05,8.878599255695007e-06,1.1829138917690015e-05,1.0232275277667214e-05
953,1.2030078234804225e-05,7.798334991093725e-06,1.1952373081294357e-05,1.0433167652081467e-05
954,1.173000322523876e-05,8.924507656047353e-06,1.1942291174960298e-05,1.0730899163172581e-05
955,1.1312588523853467e-05,7.883162106736563e-06,1.187013525607957e-05,1.0707479869597591e-05
956,1.0906101880310517e-05,1.0217887502221856e-05,1.1956978775075795e-05,1.0371801660949132e-05
957,1.1685012618222067e-05,8.150641315296525e-06,1.1888744494434731e-05,1.072047514389851e-05
958,1.0489106744999945e-05,9.965864519472234e-06,1.1893210990092486e-05,1.0676019646780331e-05
959,1.169079546040545e-05,2.1052080046501943e-05,1.1914507083889069e-05,1.059747028411948e-05
960,1.6460235116634673e-05,8.180657005141256e-06,1.1914724923149656e-05,1.0592428065865533e-05
961,1.1521919459482888e-05,2.067942321446026e-05,1.182675832808147e-05,1.05574242224975e-05
962,1.1019920695818858e-05,8.270144880953013e-06,1.183756594966528e-05,1.0495430033915909e-05
963,1.3346087446027215e-05,1.065424887201516e-05,1.186179113065009e-05,1.0795762397174257e-05
964,1.3345841093218445e-05,7.99633482529316e-06,1.1828590591863355e-05,1.0794536312459968e-05
965,1.3382864284115688e-05,1.3494232080120128e-05,1.1861955979717702e-05,1.0828243568539619e-05
966,1.2214250562263058e-05,1.6154848417500034e-05,1.1839705152791188e-05,1.0872782702062978e-05
967,9.552957320314212e-06,7.291353304026416e-06,1.1829291648973594e-05,1.1017636863107328e-05
968,1.2456795880603345e-05,7.632214746990939e-06,1.1852815375742567e-05,1.1076052588759922e-05
969,1.0565111386111109e-05,2.0149391821178143e-05,1.1877301699900678e-05,1.1091626930283382e-05
970,1.2409130334466075e-05,7.634048797626747e-06,1.1865241505721418e-05,1.1156948299321812e-05
971,1.277977575227851e-05,1.2572335654112976e-05,1.1933751139804372e-05,1.157657056610333e-05
972,1.177918076993794e-05,7.849364355934086e-06,1.2003538271892465e-05,1.1050965474714759e-05
973,1.0145787974680489e-05,7.321047596633434e-06,1.188080604976373e-05,1.1041425454459388e-05
974,1.079028101028396e-05,7.344069927057717e-06,1.1868473015015803e-05,1.0688538249087289e-05
975,1.1774118370845423e-05,1.6284542834910098e-05,1.1896011899928758e-05,1.0756558168213818e-05
976,1.2265334252232504e-05,7.484072084480431e-06,1.1855683947214857e-05,1.091416957351612e-05
977,1.0895621095793709e-05,9.721280657686292e-06,1.173714226752054e-05,1.0886589156143602e-05
978,1.1473807561641378e-05,8.911813329177677e-06,1.1626681834766512e-05,1.075652017389075e-05
979,1.1469665629798934e-05,1.2545861682156102e-05,1.1576080230265183e-05,1.043393214349635e-05
980,1.1900681693077786e-05,9.343555248051417e-06,1.167235039894068e-05,1.2216758580325406e-05
981,1.1518259984263244e-05,1.0607246040308382e-05,1.1632686664638134e-05,1.3314320928475355e-05
982,1.1383507763740555e-05,9.783675541257253e-06,1.1695406457955769e-05,1.3562499286490492e-05
983,1.220184759707384e-05,2.0456421189010144e-05,1.1590072134115161e-05,1.3530274313961856e-05
984,1.3435473762607823e-05,7.911952761787689e-06,1.1523368389397444e-05,1.3331495499005545e-05
985,1.3391929563416246e-05,7.942156498756958e-06,1.1445792159065602e-05,1.3331885606748986e-05
986,1.1213593590784715e-05,1.1857243080157787e-05,1.143115934343465e-05,1.336024099655333e-05
987,1.1708392818642703e-05,9.970642859116196e-06,1.1422180203872911e-05,1.3643229089939269e-05
988,1.2337888628179725e-05,1.4594534004572779e-05,1.1435310987063629e-05,1.3351835148932879e-05
989,1.0382299100860514e-05,7.306824390980182e-06,1.1388240843290176e-05,1.3711801679164637e-05
990,1.0621353465264999e-05,1.0242507523798849e-05,1.14689623303194e-05,1.3802088687953072e-05
991,1.0949210449729839e-05,8.090147657640045e-06,1.1479488355770524e-05,1.386639846532489e-05
992,1.1959711537201656e-05,5.1862014224752784e-05,1.1397585741926578e-05,1.382826115659554e-05
993,1.1465202523039706e-05,3.507127345073968e-05,1.1396864447791207e-05,1.3754168344894422e-05
994,1.2133106219051923e-05,2.6353850771556608e-05,1.1306250556258924e-05,1.4511107142607214e-05
995,9.775772238450978e-06,6.828424484410789e-06,1.1396295948604045e-05,1.4962901418766706e-05
996,1.111218213433555e-05,7.602865280205151e-06,1.1296171140161784e-05,1.4425202451093353e-05
997,9.839775011641904e-06,7.859117049520137e-06,1.1142953414026933e-05,1.4391589465958531e-05
998,9.779967583906707e-06,8.029932341742097e-06,1.1020115757006958e-05,1.5321373845654308e-05
999,1.0565802521240484e-05,1.441877226170618e-05,1.1020950792226356e-05,1.5247822234960043e-05
1000,1.210238795061337e-05,8.999694309750338e-06,1.1024336339849267e-05,1.5237394975702047e-05
1001,1.1088580657896171e-05,1.6483235340274406e-05,1.098856461236816e-05,1.500324763110257e-05
1002,1.2913658271524278e-05,1.1978455877397209e-05,1.0991005328550173e-05,1.4992987139703475e-05
1003,1.1736958197919497e-05,1.051955776347313e-05,1.092983360209069e-05,1.5175653529149714e-05
1004,9.422100283700275e-06,1.159242896392243e-05,1.0912895352319338e-05,1.5987890142423568e-05
1005,1.1882649339693469e-05,7.491234955523396e-06,1.1016176400597841e-05,1.4556468061346096e-05
1006,9.252912695956183e-06,2.9530715983128176e-05,1.0981458626782924e-05,1.3469779924344042e-05
1007,1.3634642572368546e-05,2.107853244524449e-05,1.088126087161072e-05,1.2691258590348302e-05
1008,9.698727386017305e-06,7.01394699717639e-06,1.0953122478329331e-05,1.2728061212692412e-05
1009,9.605030609236564e-06,7.0716281334171075e-06,1.0890737922495138e-05,1.2730377211846646e-05
1010,1.0320988137916881e-05,3.1186765991151336e-05,1.0978982299639027e-05,1.2949416197079702e-05
1011,1.1234469471269727e-05,1.0018452812801115e-05,1.1021478826256092e-05,1.3014476426178593e-05
1012,1.1793031509215425e-05,9.709961377666331e-06,1.1070315366871202e-05,1.270197514604661e-05
1013,1.1443595441152057e-05,8.74085038958583e-06,1.097647766239081e-05,1.2607052060047867e-05
1014,1.0443317005410791e-05,7.05031210600282e-06,1.096033223823017e-05,1.239712138558389e-05
1015,9.092060303777948e-06,1.4809167259954847e-05,1.084343754349296e-05,1.2211970616772308e-05
1016,1.0525754205445992e-05,2.8396062989486383e-05,1.081524346797475e-05,1.2493164600164169e-05
1017,1.454173774416429e-05,1.6076462197816e-05,1.1040864109519235e-05,1.2382202198205053e-05
1018,1.0597258177666744e-05,7.90407002568827e-06,1.0978418293436537e-05,1.2794129891699411e-05
1019,9.628162339746875e-06,6.890817421663087e-06,1.1070768060138409e-05,1.2084407876682236e-05
1020,1.1572312406416232e-05,7.74849004301359e-06,1.0924587412066302e-05,1.1622513119800716e-05
1021,9.552568238480793e-06,7.660765259061009e-06,1.092902606675731e-05,1.1623632468399593e-05
1022,1.2045884440239105e-05,1.3335091680346522e-05,1.0925901640318139e-05,1.1870893367449753e-05
1023,1.084238074933334e-05,9.656438069214345e-06,1.0952988057963216e-05,1.1859628223464824e-05
1024,1.1786716036618195e-05,6.606240258406615e-06,1.0927373287833889e-05,1.1809279337467159e-05
1025,9.756445338603548e-06,6.626617159781745e-06,1.083767332820571e-05,1.1786410152126337e-05
1026,1.0684945053880155e-05,1.1234968478675e-05,1.080516617011098e-05,1.1697026638285024e-05
1027,9.991290903094017e-06,7.349686657107668e-06,1.0762959465662586e-05,1.1789743320696289e-05
1028,1.1032106309964243e-05,1.7549407348269598e-05,1.0874494772239512e-05,1.1467337726207915e-05
1029,1.5062616322312453e-05,8.818368914944586e-06,1.091546256801747e-05,1.0597181113553234e-05
1030,1.0321503937625998e-05,1.7789427292882465e-05,1.0733224713557219e-05,1.0513746552169323e-05
1031,1.1561656863503028e-05,1.1787665607698728e-05,1.0674933237007483e-05,1.0516210776404477e-05
1032,9.980126370565914e-06,9.531163523206487e-06,1.0681739799959664e-05,1.0734957596287131e-05
1033,9.809693753292473e-06,7.0419307121483145e-06,1.0809811650364687e-05,1.0733138474461158e-05
1034,9.526919948257273e-06,1.3253150609671138e-05,1.0799250138532242e-05,1.0959752286726145e-05
1035,1.0998148579043724e-05,3.0905137391528116e-05,1.0767356605679702e-05,1.0698605981451692e-05
1036,1.0594100218036652e-05,8.759730662859511e-06,1.0733572217658448e-05,1.067840804826119e-05
1037,9.550532518510914e-06,9.138231744145742e-06,1.0611298647967893e-05,1.0677326028962853e-05
1038,1.0630916488783744e-05,6.506262543553021e-06,1.0651134692792161e-05,1.0742130360449665e-05
1039,9.388149394201012e-06,9.368229166284437e-06,1.069847349240768e-05,1.0569242232304532e-05
1040,1.1880442968201048e-05,6.749027397745521e-06,1.0667357265305731e-05,1.0649590787215858e-05
1041,1.1549949099895053e-05,6.642147673119325e-06,1.0641349261439043e-05,1.1101003857766046e-05
1042,9.985791382657932e-06,1.3990598163218237e-05,1.052340721289511e-05,1.0994654033856933e-05
1043,9.139971263923347e-06,7.965675631567138e-06,1.0447514193300675e-05,1.056508250840125e-05
1044,9.798326413551372e-06,1.2359487918729428e-05,1.039493809132384e-05,1.0433019191259518e-05
1045,1.4774108666541805e-05,7.703011997364228e-06,1.0391539082855969e-05,1.0625426830665675e-05
1046,9.288530442669677e-06,1.3326110565685667e-05,1.047350033590596e-05,1.0643662681832212e-05
1047,1.1248546118925637e-05,6.806434048485244e-06,1.0453073844675803e-05,1.0418240567378237e-05
1048,9.99777104880195e-06,9.151489739451791e-06,1.0396364047887296e-05,9.424413756642026e-06
1049,8.729876794354317e-06,6.57918977594818e-06,1.0295271780584397e-05,9.3523618656036e-06
1050,1.0752346459210255e-05,8.24672544695204e-06,1.023645371323154e-05,9.281568159349263e-06
1051,1.1868415044268153e-05,6.912765275046695e-06,1.016009916420444e-05,9.426961380086143e-06
1052,9.213385225545305e-06,9.358400529890786e-06,1.016448403542098e-05,9.570991182408761e-06
1053,1.0381906213297043e-05,2.883473411202431e-05,1.0129027932513659e-05,9.574194860761053e-06
1054,1.2114065108714082e-05,6.159623317216756e-06,1.002925668354793e-05,9.737077055615373e-06
1055,8.424178447765168e-06,7.050139156490332e-06,1.0064497174203603e-05,9.551128724706359e-06
1056,1.0247254314082156e-05,8.486082679155516e-06,1.0290591440651852e-05,9.733425314334453e-06
1057,9.895151158869138e-06,1.4341354508360381e-05,1.0278507635343382e-05,9.603018253983463e-06
1058,1.1858725079542232e-05,7.49782699131174e-06,1.0100360468641156e-05,9.610553737729788e-06
1059,9.016257667503346e-06,7.617597748321714e-06,1.013505576144477e-05,9.418262487452013e-06
1060,9.580403659331043e-06,6.0594671231228855e-06,1.0018985130591316e-05,9.425152242329207e-06
1061,8.06679353546416e-06,6.958433386898832e-06,9.947348330549881e-06,9.342149153962967e-06
1062,8.080080834689498e-06,7.368389087787364e-06,9.960343261668135e-06,9.389089281467025e-06
1063,8.722052763106249e-06,1.014109306197497e-05,9.905668175431653e-06,9.59648801435833e-06
1064,9.497771174614576e-06,1.296897422434995e-05,9.906984599890874e-06,9.658690399373884e-06
1065,1.0994040395518014e-05,6.829119356552837e-06,9.997359755693147e-06,9.585864883410977e-06
1066,9.055667875751776e-06,1.0714202544477302e-05,1.0089268562902968e-05,9.931451141164868e-06
1067,1.0866803649049769e-05,9.341889890492894e-06,9.995028077577849e-06,9.933255029318387e-06
1068,1.4792327925129535e-05,1.2523090372269508e-05,1.0074467545887779e-05,9.96186543488875e-06
1069,9.496231280839614e-06,9.09931140995468e-06,1.0047988751345353e-05,9.947433041816113e-06
1070,1.0320429498986211e-05,7.891399091022322e-06,1.0004845567689497e-05,9.630460543849041e-06
1071,1.015591276276003e-05,8.518829308741261e-06,9.839739667909777e-06,9.574690685985844e-06
1072,8.346780347589326e-06,6.978677920415066e-06,9.805838306258214e-06,9.534450493811165e-06
1073,8.206851047766072e-06,7.076412530295784e-06,9.910769361926618e-06,9.589216919994216e-06
1074,9.054750072310627e-06,7.752692963549635e-06,9.96532998659758e-06,9.567006435827354e-06
1075,9.385469303298225e-06,1.3431693769234699e-05,1.0101110844415315e-05,9.553997929469916e-06
1076,1.1901325655748627e-05,8.467824900435516e-06,1.02909228719606e-05,9.41645054190303e-06
1077,1.1472764120602126e-05,7.537762630818179e-06,1.0237546629933706e-05,9.269676722760777e-06
1078,1.26796263935426e-05,3.747439055587165e-05,1.015294824521536e-05,9.816560587933056e-06
1079,9.758052975586099e-06,6.204720521054697e-06,1.0170010595094127e-05,9.64967900654301e-06
1080,1.041016515551342e-05,7.765399295749376e-06,1.0081360864246056e-05,9.528454468818382e-06
1081,9.585284450521511e-06,8.12527285233955e-06,9.911926295090882e-06,9.285302429634612e-06
1082,8.816571567472744e-06,6.417042059183587e-06,9.880836085762388e-06,9.314956703019561e-06
1083,7.731077585049206e-06,6.103580544731813e-06,9.897545753564272e-06,9.777348198986147e-06
1084,8.168723626214261e-06,6.6115929439547474e-06,9.978015259306024e-06,9.765529068681645e-06
1085,1.2203680051041172e-05,7.428627777699148e-06,1.0071857623713893e-05,9.753773865668337e-06
1086,9.4308091522382e-06,6.4031712827272716e-06,1.0060082168436362e-05,9.717138091946254e-06
1087,1.1474602280132887e-05,7.043176428851439e-06,1.012775381536307e-05,9.797902353602695e-06
1088,1.3467353451738341e-05,6.702408372802893e-06,1.0114606731763667e-05,9.524736450111959e-06
1089,8.163365123942236e-06,9.299628745793597e-06,9.991830698507126e-06,9.463177682482638e-06
1090,8.879080777559364e-06,2.0501215985859744e-05,1.0011156846182226e-05,9.49250610501622e-06
1091,9.482226622721e-06,6.542163009726209e-06,9.99857713043942e-06,8.314642639743397e-06
1092,8.650560377847998e-06,6.3112764473771675e-06,1.0040365324877914e-05,8.303504850482567e-06
1093,1.0556463696250122e-05,6.444289392675273e-06,9.995032034728663e-06,8.291093730076681e-06
1094,8.718976047627318e-06,9.84066824457841e-06,9.961563737912608e-06,8.202858677395852e-06
1095,1.0738171194033284e-05,1.9451186490186955e-05,1.000106239908847e-05,8.353453376184917e-06
1096,1.2167650406303841e-05,8.223351051128702e-06,1.0170363007192564e-05,8.366321041830816e-06
1097,1.0692839457786046e-05,6.6847978450823575e-06,1.0150918760215669e-05,8.369667488295819e-06
1098,7.912464665827833e-06,6.160518187243724e-06,1.0059979663937056e-05,8.473601667355979e-06
1099,1.0746541245478308e-05,9.771799504960654e-06,1.00352081151262e-05,8.577558144315845e-06
1100,9.0567922133131e-06,6.602546181966318e-06,9.906433307454184e-06,8.772260771365837e-06
1101,8.831924824335146e-06,6.928855709702475e-06,9.777712027547144e-06,8.819611285434804e-06
1102,1.1955917812479634e-05,8.270973194157704e-06,9.953402624321623e-06,8.692676830105483e-06
1103,1.2365133499972418e-05,8.027803924051113e-06,9.960661761740791e-06,8.390976391092409e-06
1104,1.0802757836548456e-05,5.926275789533974e-06,1.000278295646745e-05,8.368528768914986e-06
1105,9.27683290178215e-06,7.4551212856022176e-06,9.981819030589475e-06,8.424006790301066e-06
1106,8.748577030120132e-06,5.919396535318811e-06,9.934396942844613e-06,8.53757033328293e-06
1107,9.804038096869287e-06,1.0181909528910182e-05,9.941697271763889e-06,8.39468657723046e-06
1108,1.1963592787651579e-05,6.425272185879294e-06,9.911985213127789e-06,8.106765140109928e-06
1109,7.682617451791885e-06,6.695254105579807e-06,9.81720421413128e-06,8.15366060269298e-06
1110,9.93020264407581e-06,1.0026982254203176e-05,9.79012145698006e-06,9.053322569525337e-06
1111,8.811520431966832e-06,9.00208320672391e-06,9.848125211323756e-06,9.131319288280795e-06
1112,8.255232088332478e-06,1.1910742105101235e-05,9.753042156929345e-06,8.997947636817118e-06
1113,1.0249321454062333e-05,7.886171224527062e-06,9.756756891753562e-06,9.012734533462208e-06
1114,1.2555630043304215e-05,6.126267362560611e-06,9.976488948329159e-06,8.972847701807043e-06
1115,9.060559213038585e-06,1.2958705010532867e-05,9.875627839735697e-06,8.890939677803545e-06
1116,1.0535256490887453e-05,5.980972455290612e-06,9.697734847698788e-06,9.013645783852554e-06
1117,8.126462230898647e-06,7.698226982029155e-06,9.702121579377692e-06,9.150471673638097e-06
1118,9.370911502628587e-06,9.283377967221895e-06,9.659756680816321e-06,9.078487551596482e-06
1119,8.901484270609218e-06,6.268574343266664e-06,9.764102803658009e-06,9.09589154398418e-06
1120,9.995369728130754e-06,1.2253150562173687e-05,9.653441989495251e-06,9.046516257512848e-06
1121,9.798125431391075e-06,9.395737615705002e-06,9.529407587211205e-06,9.257010063447525e-06
1122,1.0015770529005546e-05,2.9176347015891225e-05,9.598154208732821e-06,9.668983601295623e-06
1123,9.362558524420213e-06,8.110436156130162e-06,9.569200650932746e-06,9.519117415766232e-06
1124,8.369464885618073e-06,6.437508218368748e-06,9.548988648425116e-06,9.466779053036588e-06
1125,9.149660583918578e-06,6.972218598093605e-06,9.550071544152969e-06,9.27830474465736e-06
1126,1.4325226238725009e-05,5.931684918323299e-06,9.475515174724732e-06,9.309849968849447e-06
1127,9.434390097643093e-06,6.223272594070295e-06,9.346752307303381e-06,9.698006542021175e-06
1128,7.917808699049702e-06,1.109545657527633e-05,9.369723472385281e-06,9.604216014122357e-06
1129,1.091242612852107e-05,9.346923034172506e-06,9.313615137216404e-06,9.606433982116868e-06
1130,8.217710437747882e-06,5.655518234561896e-06,9.405232263250383e-06,9.530020937381778e-06
1131,1.135723010116231e-05,6.354496345011285e-06,9.396380687798635e-06,9.47269907046575e-06
1132,7.0375177428003455e-06,8.947527367126896e-06,9.398725705492932e-06,9.485444990423273e-06
1133,8.862732730550408e-06,1.168761733424617e-05,9.347983714623194e-06,9.732179085403915e-06
1134,9.4012829898323e-06,1.6994592551782263e-05,9.443279720532397e-06,9.810002036829246e-06
1135,9.206363699073943e-06,6.280327615968418e-06,9.450730779887332e-06,8.907376414572354e-06
1136,8.30622036927606e-06,7.693624138482846e-06,9.439556695845872e-06,8.847426035936224e-06
1137,8.282304481528828e-06,7.1988843956205525e-06,9.628035870466396e-06,8.87016524502542e-06
1138,8.385412218356375e-06,8.674801829329227e-06,9.624451607790738e-06,8.921590122190537e-06
1139,9.336558357770425e-06,1.5830181691853795e-05,9.354642036608615e-06,9.46239145414438e-06
1140,9.634838340086087e-06,1.061394181306241e-05,9.38863410673447e-06,9.455401654849991e-06
1141,9.132548111665528e-06,6.03642165515339e-06,9.489786557201619e-06,9.240325988503172e-06
1142,1.041689038174809e-05,5.7879008636518846e-06,9.446565395571977e-06,9.129026999289637e-06
1143,9.149622116334891e-06,7.850331294321221e-06,9.51774895474955e-06,9.137063434900484e-06
1144,8.960109712966692e-06,6.587222342204768e-06,9.513390164445606e-06,9.155676376394698e-06
1145,8.726819956387367e-06,1.842150293668965e-05,9.532365529472977e-06,9.026196201011775e-06
1146,1.2180525579121118e-05,1.1341311401338316e-05,9.578458793152497e-06,8.78045165227377e-06
1147,1.0202047012878918e-05,6.610706459468929e-06,9.62725447882096e-06,8.526975282438798e-06
1148,9.083206423383672e-06,6.611676690226887e-06,9.635120204095274e-06,8.735128369153244e-06
1149,1.3081444251131163e-05,7.005988445598632e-06,9.692702225018163e-06,8.770832395384787e-06
1150,9.060054017027142e-06,8.25784052722156e-06,9.744761216522116e-06,8.86537427213625e-06
1151,7.579986959171947e-06,1.94517182171694e-05,9.715145973031112e-06,8.950289057247573e-06
1152,1.0284191850789487e-05,6.048527611710597e-06,9.699606702916853e-06,8.664032260276145e-06
1153,1.0446619960728438e-05,5.7185649166058284e-06,9.700819983158403e-06,8.505600404896542e-06
1154,9.831897087780008e-06,6.56444830383407e-06,9.69695643074778e-06,8.50466001429595e-06
1155,9.997299417187202e-06,5.8564291248330846e-06,9.71060587499879e-06,8.663247647928075e-06
1156,1.1248260343563742e-05,6.819819882366573e-06,9.850851590252002e-06,8.588046408840456e-06
1157,7.5119018684846295e-06,5.710522982553812e-06,9.893147322105102e-06,8.745797676237998e-06
1158,1.0015064322538415e-05,5.544003615796101e-06,9.895588865563495e-06,8.319294427201386e-06
1159,1.0621175131543875e-05,1.0657683305907995e-05,9.736211359551009e-06,8.096259823651052e-06
1160,9.403006830931796e-06,1.1484154783829582e-05,9.722873365333526e-06,8.073910802340834e-06
1161,9.745770892348245e-06,8.586224794271402e-06,9.700151127577151e-06,8.050013407046209e-06
1162,9.583779269127667e-06,9.56243131440715e-06,9.589963131818674e-06,8.272655019391096e-06
1163,7.645031131081244e-06,1.0797671457112301e-05,9.533022442135713e-06,8.185372154548532e-06
1164,8.948076604913998e-06,8.673761767568067e-06,9.571824213465636e-06,7.761827109061416e-06
1165,9.665170346124796e-06,6.6531454285723155e-06,9.50882052287246e-06,7.968535106192576e-06
1166,9.035959301399999e-06,6.012911890138639e-06,9.409782495923638e-06,8.227522487868556e-06
1167,1.075812648802336e-05,9.752591704454972e-06,9.394680859137831e-06,8.203476837661583e-06
1168,1.265576499766515e-05,5.97030031713075e-06,9.364712298500104e-06,8.419386892637704e-06
1169,1.0017503009294159e-05,1.0531004027143354e-05,9.283139560243903e-06,8.532194278086537e-06
1170,8.787858542847162e-06,7.758921710774303e-06,9.370031439134941e-06,8.529479981370971e-06
1171,8.196087928808993e-06,5.765446312580025e-06,9.28539871278594e-06,8.630165535578272e-06
1172,9.868597157441804e-06,6.051980926713441e-06,9.17170481132214e-06,8.543549662135773e-06
1173,8.515150479474363e-06,6.0142418078612534e-06,9.116784752647314e-06,8.315954607678576e-06
1174,1.0326744357169244e-05,1.257202875422081e-05,9.086745433483478e-06,8.194228350475894e-06
1175,7.63653677495313e-06,6.075768906157463e-06,9.041552429375264e-06,8.119976786110781e-06
1176,8.550031242420017e-06,8.863092079991475e-06,9.17637896438666e-06,7.90504065371351e-06
1177,8.70909958596005e-06,1.1216227539989631e-05,9.18555439158e-06,7.863041054952192e-06
1178,7.970669287007897e-06,1.2193249458505307e-05,9.156595145153311e-06,7.95299236633582e-06
1179,9.454356168134836e-06,5.963307048659772e-06,9.238160362656348e-06,7.978212449961575e-06
1180,9.248085401244074e-06,1.12541804992361e-05,9.116455847470206e-06,8.255947109137195e-06
1181,9.208941887158693e-06,9.640004518587376e-06,9.096552270501787e-06,8.302254840236856e-06
1182,9.684198840760574e-06,5.64266556466464e-06,9.014790478532734e-06,8.108450108557008e-06
1183,7.899246163813385e-06,8.061142470978667e-06,9.055077353898217e-06,8.042158627358731e-06
1184,7.778827594948881e-06,8.492286469845568e-06,9.127191862232093e-06,8.313937075581636e-06
1185,8.030005364061152e-06,5.794278422399657e-06,9.13479369871008e-06,8.507521723367974e-06
1186,8.994787913252367e-06,5.543068364204373e-06,9.130739774344776e-06,8.720847091899488e-06
1187,8.453954166422287e-06,7.706142205279321e-06,9.02393023554598e-06,8.561143854603871e-06
1188,1.1015694506366142e-05,5.424268147180556e-06,9.067761129052896e-06,8.566475811676355e-06
1189,9.177462284747485e-06,7.6237717985350175e-06,9.094204563168913e-06,8.575175487203523e-06
1190,8.941189185457511e-06,8.901928213163046e-06,9.126518411762339e-06,8.371195707150037e-06
1191,1.10750897389759e-05,6.643413980782498e-06,9.248663872292834e-06,8.193057481548751e-06
1192,7.715513608369898e-06,1.6695958183845505e-05,9.299395193940855e-06,8.297785645845581e-06
1193,1.2158175573454678e-05,7.127993594622239e-06,9.301227897392687e-06,8.56580678446335e-06
1194,7.973458210067797e-06,5.685885735147167e-06,9.33091872353139e-06,8.416042655153432e-06
1195,9.795030426984239e-06,6.10163468081737e-06,9.273976697012483e-06,8.627270122087793e-06
1196,9.998950637155859e-06,1.2559907518152613e-05,9.373130171297815e-06,8.558955101761966e-06
1197,1.0058643069391514e-05,1.0891597121371887e-05,9.401112240205596e-06,8.443057332624449e-06
1198,8.413802370341727e-06,1.1347376021149103e-05,9.488025642349385e-06,8.631182582757904e-06
1199,7.656505887199374e-06,8.5794478218304e-06,9.570079634674282e-06,8.73994603607571e-06
1200,8.73230911262605e-06,6.209067832969595e-06,9.583671182190304e-06,8.725942398450572e-06
1201,9.211117095320433e-06,9.080583968170686e-06,9.459235787289802e-06,8.809728297637777e-06
1202,9.516945800795738e-06,6.116733038652455e-06,9.43540955773238e-06,8.803542433452095e-06
1203,1.1024305800270263e-05,7.739793818473118e-06,9.397307158562604e-06,9.027638472616672e-06
1204,1.0722639209335385e-05,8.581511156080524e-06,9.296064207632706e-06,8.99765575741185e-06
1205,9.293902987539897e-06,1.7954708964680323e-05,9.384607410376908e-06,8.599194769340101e-06
1206,9.951212540626229e-06,5.8959012858394995e-06,9.21325638098804e-06,8.552099548251135e-06
1207,8.260648177787921e-06,1.0923352238023654e-05,9.196945667362241e-06,8.80964438911178e-06
1208,1.0378083020946684e-05,6.353266962833004e-06,9.119250823480089e-06,8.813915669452398e-06
1209,8.47837931764338e-06,5.5948422414076045e-06,9.039494002071377e-06,8.527250814222498e-06
1210,1.0202840417655857e-05,1.049740967573598e-05,8.949871469829102e-06,8.929251520748948e-06
1211,1.1046137721374787e-05,8.262154697149526e-06,8.908048783471007e-06,8.720699750847416e-06
1212,8.793742854322772e-06,7.356051264650887e-06,8.953936755036315e-06,8.608922954590526e-06
1213,7.9048096338536e-06,7.5189156268606895e-06,9.065267501136986e-06,8.594442673347659e-06
1214,8.581806545811964e-06,7.469125193892978e-06,9.04005832974993e-06,8.446153225668241e-06
1215,7.988629206213066e-06,1.450432919227751e-05,9.092787698642094e-06,8.414663733128691e-06
1216,8.544015965728451e-06,5.893846100661904e-06,8.991281453765826e-06,8.328704824089072e-06
1217,9.929093676974946e-06,6.734433482051827e-06,8.878633100701133e-06,8.276938558992696e-06
1218,7.874399838733047e-06,5.95061306739808e-06,8.887838912374314e-06,8.299303988314931e-06
1219,7.565690369422858e-06,1.2124506756663323e-05,8.870081732837005e-06,8.298016467961134e-06
1220,7.852659329930449e-06,6.208416689332807e-06,8.841840218398526e-06,8.226998935060693e-06
1221,8.005030101938044e-06,5.393286137405085e-06,8.782507145426484e-06,8.223995466323687e-06
1222,7.818079763334633e-06,2.094161478453316e-05,8.807428897246913e-06,8.298585186639684e-06
1223,7.36823521138932e-06,6.133581773610786e-06,8.723918104159466e-06,8.145117377353018e-06
1224,8.803705176332085e-06,5.785027915408136e-06,8.605108315209186e-06,8.040351681484026e-06
1225,1.1515577765142856e-05,5.847060801897896e-06,8.615018802811392e-06,7.98503424266528e-06
1226,8.580887810644021e-06,5.373347776185256e-06,8.612753817700044e-06,7.993459119825275e-06
1227,1.0835180023099787e-05,5.329495725163724e-06,8.78415841867132e-06,7.996060217919875e-06
1228,8.486649678363593e-06,5.590821092482656e-06,8.829262899113625e-06,7.651842436825974e-06
1229,7.9064303827181e-06,7.2873545286711306e-06,8.92801630628431e-06,7.812473635203786e-06
1230,9.524048279369405e-06,1.8513844697736203e-05,9.009846636884807e-06,7.869167536046007e-06
1231,9.507283052193492e-06,5.863713276994531e-06,8.980882202296118e-06,7.88518840818142e-06
1232,7.554610316825953e-06,9.147913915512618e-06,8.968638243782658e-06,7.653544698041516e-06
1233,8.89475619664558e-06,6.278180244407849e-06,8.998543286523072e-06,7.770124156741076e-06
1234,9.101423113154144e-06,7.459585249307565e-06,9.043495098699674e-06,7.778490428245278e-06
1235,8.115070590469664e-06,6.660714443569305e-06,9.043108972198552e-06,7.177729126487976e-06
1236,8.075892997617807e-06,5.643012300424743e-06,9.035590758099312e-06,7.45693802346068e-06
1237,9.041505044377926e-06,5.973115294182207e-06,8.987005045209017e-06,7.994422106639831e-06
1238,7.848185006069899e-06,7.729537555860588e-06,8.858161769482345e-06,7.978691222888301e-06
1239,1.2866921570093837e-05,7.534152646258008e-06,8.892111287786977e-06,7.979598997553694e-06
1240,9.116241217270727e-06,5.898884664929938e-06,8.791634087012629e-06,8.166630355481174e-06
1241,1.1012851144995591e-05,9.909626060107257e-06,8.774329897803708e-06,8.269225662297684e-06
1242,1.1974851941987355e-05,8.151781003107317e-06,8.801402192208724e-06,8.200004728496423e-06
1243,7.150288974015792e-06,6.3511348707834256e-06,8.773135787042623e-06,7.819312886203989e-06
1244,7.259591406586373e-06,6.3334140031656715e-06,8.700850312864836e-06,7.875622521532932e-06
1245,8.600285398440772e-06,9.122903156821848e-06,8.75501748361987e-06,7.736836182448314e-06
1246,9.12882540635312e-06,5.602442925010109e-06,8.85403030430704e-06,7.707432155439163e-06
1247,7.808426600806545e-06,5.922582240600605e-06,8.814793824179407e-06,7.6217708796320945e-06
1248,7.180279858908357e-06,1.3113804197928402e-05,8.890911616254015e-06,7.835445951786824e-06
1249,7.5890623540746875e-06,1.922212999488693e-05,8.965314956609895e-06,8.116641901142428e-06
1250,8.29449587197612e-06,5.453788708109641e-06,8.952124173123998e-06,8.124854922789382e-06
1251,9.429625768259737e-06,5.396042142820079e-06,8.94074654768499e-06,8.089512452716007e-06
1252,8.323250003741123e-06,1.0005279673350742e-05,8.767864530535815e-06,8.06905671925051e-06
1253,8.054044948140573e-06,8.155703762895427e-06,8.721598402149135e-06,8.066783501999452e-06
1254,8.583237742843469e-06,5.556831183639588e-06,8.627223883498423e-06,7.978913216356887e-06
1255,8.817388150216882e-06,8.996548640425317e-06,8.452517255540847e-06,7.901379868417281e-06
1256,7.700146197748836e-06,7.271454160218127e-06,8.50682986213845e-06,7.857211105147145e-06
1257,8.908789585701824e-06,5.678255438397173e-06,8.556537231884756e-06,8.142625121399761e-06
1258,1.1370076713824852e-05,5.5430795691790994e-06,8.635410445882978e-06,8.132507139089286e-06
1259,8.120511109963343e-06,5.318053354130825e-06,8.57910961636258e-06,8.170005085412414e-06
1260,1.0018015392334847e-05,1.2002591247437522e-05,8.643795224108748e-06,8.255876215116588e-06
1261,9.935976506514837e-06,1.2672911034314892e-05,8.721068618332438e-06,7.979817835439463e-06
1262,8.711735457230437e-06,6.178440835356014e-06,8.770809543259223e-06,7.668596853909549e-06
1263,7.563744370094759e-06,6.845975804026239e-06,8.76168040376797e-06,7.733605639805317e-06
1264,8.544871141364436e-06,7.022759309620596e-06,8.691987485144636e-06,7.752383701881626e-06
1265,7.959588007603694e-06,5.8420542336534705e-06,8.73994580457899e-06,7.57269062960404e-06
1266,8.65348817872776e-06,7.712868919043104e-06,8.779485834586213e-06,7.598689958831529e-06
1267,7.6071862430479894e-06,6.2134473046171475e-06,8.811504142027436e-06,7.605353696271777e-06
1268,8.508104138955887e-06,5.246915789030027e-06,8.816097136190767e-06,8.036447849008255e-06
1269,8.502275650243973e-06,1.3468764409481082e-05,8.861346442790817e-06,8.04741207684856e-06
1270,1.057211574839635e-05,8.869953599059954e-06,8.831311743375005e-06,8.079087529040407e-06
1271,7.721304668343186e-06,6.53989158308832e-06,8.693317789543978e-06,8.064583495433909e-06
1272,9.42556679446069e-06,8.069360483204946e-06,8.676047961610796e-06,8.132152355392463e-06
1273,9.112114714500623e-06,6.212344706000295e-06,8.593671134723182e-06,7.883007966302101e-06
1274,8.832585477244315e-06,1.1441605456639081e-05,8.505081048941873e-06,7.601819231786067e-06
1275,8.066267384694786e-06,7.079008355503902e-06,8.639858945833921e-06,7.752392795373453e-06
1276,7.687302802676438e-06,5.865493694727774e-06,8.788461972087842e-06,7.68742874788586e-06
1277,9.522207989599943e-06,5.51295286641107e-06,8.752141740155315e-06,7.768761410261505e-06
1278,9.042545698321192e-06,8.80568699358264e-06,8.761462797984778e-06,7.864547784993192e-06
1279,9.383695428874085e-06,5.7234246196458115e-06,8.66963426415168e-06,7.832320773741229e-06
1280,8.932213004300138e-06,1.9773902458837256e-05,8.693835023061384e-06,7.816973034641705e-06
1281,8.83137886275007e-06,7.545559856225736e-06,8.722486687111085e-06,7.846223351225489e-06
1282,8.157922100306476e-06,6.470141743193381e-06,8.682718576367027e-06,7.864967968635028e-06
1283,7.920227868049147e-06,5.180478729016613e-06,8.595307401386286e-06,7.755828114022733e-06
1284,7.688765411633842e-06,7.0072748530947135e-06,8.621752664031294e-06,7.867551549134079e-06
1285,7.958594720144497e-06,5.773981520178495e-06,8.563402251497286e-06,8.12819851198583e-06
1286,7.721224361982119e-06,5.643192671413999e-06,8.505740404466957e-06,8.158090076904046e-06
1287,1.20811828795316e-05,9.942779925040668e-06,8.516164182421765e-06,7.946497358352644e-06
1288,1.1278820026442797e-05,5.221874616836431e-06,8.529453889827386e-06,7.903910933964653e-06
1289,7.63686534305129e-06,9.056075869011693e-06,8.524209665524217e-06,7.890575304190862e-06
1290,8.19261445334026e-06,8.236713601945667e-06,8.609233493552892e-06,8.11927296599606e-06
1291,6.357774832900355e-06,6.907193637744058e-06,8.571319541847011e-06,7.995418077916839e-06
1292,8.212205215790567e-06,5.829753827129025e-06,8.485918486864345e-06,7.97181845555315e-06
1293,9.224395740198412e-06,5.978173703624634e-06,8.46762725151267e-06,7.69048260553973e-06
1294,7.508072881642471e-06,1.3937379844719543e-05,8.463675289830363e-06,7.642163678974612e-06
1295,8.38683637387779e-06,6.141457233752589e-06,8.4039575695998e-06,7.860567013995024e-06
1296,8.382436234468413e-06,9.332977460871916e-06,8.523932059001204e-06,7.905972199660028e-06
1297,7.966806481110527e-06,1.4585534554498736e-05,8.581166674331244e-06,7.832525410776725e-06
1298,7.670568538742373e-06,6.959633828955703e-06,8.658148093753778e-06,8.510942326392979e-06
1299,9.093179926114519e-06,6.151787492854055e-06,8.723343239722048e-06,8.520084365591175e-06
1300,8.398510069835336e-06,6.014347745804116e-06,8.589239717467636e-06,8.463093453610781e-06
1301,7.556197195097209e-06,5.532102950382977e-06,8.52911802050787e-06,8.631429861270591e-06
1302,1.1647803690316828e-05,1.1230394411541056e-05,8.52102991274377e-06,8.509899715863868e-06
1303,8.094696905674129e-06,5.7093147916020826e-06,8.577838883825787e-06,8.78641630988568e-06
1304,7.248669054307457e-06,5.133434060553555e-06,8.640441496067475e-06,8.955250325379894e-06
1305,8.47493212050823e-06,1.2740506208501757e-05,8.620548518633264e-06,8.940197242918658e-06
1306,8.732579820692383e-06,6.3375866920978295e-06,8.576990663196842e-06,8.909216846222989e-06
1307,6.664979094542408e-06,1.1930225118703675e-05,8.59438774673941e-06,8.62726026607561e-06
1308,1.0919590103084273e-05,6.315608370641712e-06,8.626120539702242e-06,8.635646384936991e-06
1309,9.11963079488487e-06,5.1711051310121545e-06,8.60985250401427e-06,8.46721675407025e-06
1310,9.883130205707857e-06,2.273440441058483e-05,8.609550629545186e-06,8.116163426893764e-06
1311,9.351103011188874e-06,5.871743651368888e-06,8.59932820458198e-06,8.322439774929081e-06
1312,8.72859482317128e-06,8.518007125530858e-06,8.552854098201754e-06,8.434078945720103e-06
1313,9.77577760244862e-06,9.430284808331636e-06,8.510392727556689e-06,8.515805016941158e-06
1314,7.434662648948789e-06,6.017822233843617e-06,8.595736000926183e-06,8.519573981902795e-06
1315,9.61283873039065e-06,1.5149628452491016e-05,8.468148178023207e-06,8.28393591727945e-06
1316,7.922840138942573e-06,1.1128044025099371e-05,8.471923806711049e-06,8.487827576027484e-06
1317,7.714880779935305e-06,5.453426765598124e-06,8.514685112054899e-06,8.515076003095599e-06
1318,8.135449354287831e-06,5.203663786232937e-06,8.58222140741418e-06,8.617099828552453e-06
1319,7.94299997020668e-06,6.888465341035044e-06,8.538958764701317e-06,8.651769195421366e-06
1320,9.18015619794864e-06,6.351110205287113e-06,8.59830756311971e-06,8.40810849877016e-06
1321,7.975735342269117e-06,5.122236689203419e-06,8.525892076229662e-06,8.707288073128438e-06
1322,7.959259619383374e-06,5.809201375086559e-06,8.54946979157426e-06,9.223511183881784e-06
1323,7.415007914662258e-06,1.2116542529838626e-05,8.617233711306148e-06,8.679252832735074e-06
1324,7.931327266608908e-06,8.942766762629616e-06,8.53803926321335e-06,8.868399989660246e-06
1325,7.33697580370871e-06,8.057499526330503e-06,8.487537597061924e-06,8.93104931783455e-06
1326,9.689779029334507e-06,5.626327074423898e-06,8.438565594608208e-06,8.954946426456446e-06
1327,8.45810811774249e-06,5.339442795957439e-06,8.574810450914405e-06,9.007537395882536e-06
1328,8.189087622870122e-06,1.0806606260302942e-05,8.535116042225532e-06,8.850982005606057e-06
1329,8.317701687903738e-06,5.814644737256458e-06,8.569090361763503e-06,9.253396831991266e-06
1330,1.016333950449027e-05,1.5291101844923106e-05,8.629567713271372e-06,9.26512153055228e-06
1331,7.651013752870818e-06,7.204320863820612e-06,8.59605779668426e-06,9.26588624897704e-06
1332,8.1486990550022e-06,5.838707702423562e-06,8.610535579524973e-06,9.192445103326463e-06
1333,9.10920293083311e-06,1.3795097729598637e-05,8.542168432621919e-06,9.437915697708377e-06
1334,9.709073678499812e-06,1.8076682899845763e-05,8.536549156471867e-06,9.443126572659823e-06
1335,1.1577228199005024e-05,9.1279456319171e-06,8.542660260839816e-06,9.419933432582184e-06
1336,7.371241808868945e-06,1.0600422574498226e-05,8.596648100218673e-06,9.301014679294895e-06
1337,7.466053169385608e-06,1.0084240329888416e-05,8.585018956889854e-06,9.167687457738795e-06
1338,8.55147754110577e-06,1.0027712523879017e-05,8.588712554531717e-06,9.0470380102488e-06
1339,1.0840784056603701e-05,7.332596469495911e-06,8.470654127773339e-06,9.198641775219587e-06
1340,8.620478513168766e-06,1.1235743695579003e-05,8.41204799679771e-06,9.243998397505496e-06
1341,8.772198127391878e-06,2.118841468472965e-05,8.509621846981949e-06,9.025401162944037e-06
1342,9.226814567632068e-06,5.746544229623396e-06,8.527870805543594e-06,9.145633550360799e-06
1343,7.297701439610036e-06,5.222781746851979e-06,8.444313181361293e-06,8.733737071452196e-06
1344,8.304944541224459e-06,5.052436699770624e-06,8.4863657513981e-06,8.948789433634373e-06
1345,7.470977525372291e-06,1.2487875064834952e-05,8.45972598421617e-06,9.3620412513701e-06
1346,7.835253438517814e-06,5.252508562989533e-06,8.422623050420144e-06,9.445835464794072e-06
1347,8.112037228582065e-06,5.2293728731456215e-06,8.344216369449796e-06,9.112903031564202e-06
1348,8.764703899133665e-06,9.143573697656393e-06,8.222928262774886e-06,8.957451819514972e-06
1349,7.640598683388412e-06,5.609586223727092e-06,8.227655637973738e-06,9.001487639397965e-06
1350,7.429315744755311e-06,5.041263339080615e-06,8.254163499158391e-06,8.948437546132482e-06
1351,6.7383183603750594e-06,9.41642119869357e-06,8.203956148200731e-06,9.139583904106986e-06
1352,6.992954843351779e-06,6.473358353105141e-06,8.126040116177237e-06,9.234722079781933e-06
1353,1.0628433877476103e-05,5.34167539626651e-06,8.105771873063834e-06,9.25317235851253e-06
1354,8.773925651944914e-06,8.820454422675538e-06,8.03733077882498e-06,8.811329669333645e-06
1355,8.074398899932728e-06,4.9936898722080515e-06,8.088342998194598e-06,9.47140753160056e-06
1356,8.70232800379098e-06,1.2580629918375053e-05,8.146378255979572e-06,9.5858310622134e-06
1357,7.482704875453945e-06,1.6170003145816736e-05,8.176610871467145e-06,9.661298821083618e-06
1358,8.181629585932469e-06,1.5889953065197915e-05,8.245618927483317e-06,1.0184933247728623e-05
1359,7.74890665424108e-06,9.753372069098987e-06,8.294317421273769e-06,1.0399162472094756e-05
1360,8.545025532132261e-06,5.241665330686374e-06,8.339822816115987e-06,1.0580532173844402e-05
1361,7.489426188840298e-06,1.170131807157304e-05,8.328165046016996e-06,1.0463159928258392e-05
1362,8.128749699001976e-06,8.757987998251338e-06,8.305573715188075e-06,1.045913487614598e-05
1363,7.2962937671642675e-06,1.4806371473241597e-05,8.4533293877434e-06,1.0643231045833088e-05
1364,8.892883256016324e-06,9.711050861369585e-06,8.588696737852945e-06,1.0477745467505884e-05
1365,8.113772435333683e-06,1.1697000663843937e-05,8.580303582311898e-06,1.1011663200770272e-05
1366,7.061170771420519e-06,1.014234745525755e-05,8.547158796318398e-06,1.1011491782483063e-05
1367,1.0502120051872528e-05,2.2248490786296316e-05,8.539730166558002e-06,1.088909133177367e-05
1368,8.748582884234364e-06,8.083370012172964e-06,8.512674837099136e-06,1.1140316799719585e-05
1369,9.06075992841377e-06,6.939130671526073e-06,8.541269331362856e-06,1.0840344953976455e-05
1370,9.196178925776621e-06,2.5578735730960033e-05,8.521544421031043e-06,1.0429748024398578e-05
1371,9.05271578327908e-06,1.060823917214293e-05,8.482982210221559e-06,1.0009407861070941e-05
1372,9.249672099637489e-06,9.76361541688675e-06,8.455600909049585e-06,1.005045026613516e-05
1373,8.47325964665894e-06,6.209267558006104e-06,8.39521265774642e-06,1.0184451648092365e-05
1374,7.075815412665381e-06,5.508959920916823e-06,8.372496094913608e-06,1.0112385821412319e-05
1375,1.1123207558638467e-05,9.643667581258342e-06,8.360162071363042e-06,1.0110439837444577e-05
1376,1.0122502113113619e-05,5.2792817405133975e-06,8.386564846942847e-06,9.821226960775677e-06
1377,6.783125954825664e-06,1.9821301684714853e-05,8.34728154299632e-06,9.688443519553402e-06
1378,9.799814227638611e-06,5.337389939086279e-06,8.307264751096633e-06,9.679718086408686e-06
1379,8.588209907934975e-06,5.760443154940731e-06,8.333181656336013e-06,9.92102926466032e-06
1380,7.398015663461087e-06,1.127432657085592e-05,8.222993305834178e-06,9.287831789333724e-06
1381,9.417190360383958e-06,5.081333774796804e-06,8.150401353729343e-06,9.17309063661378e-06
1382,6.989582117158635e-06,5.905079906369792e-06,8.082557908104111e-06,9.11750929808477e-06
1383,7.217574315695351e-06,5.381448982006987e-06,8.029494596121367e-06,8.507837688375729e-06
1384,7.064374124941726e-06,1.077943219570443e-05,7.937000817400984e-06,8.290183151257224e-06
1385,7.0353192495531405e-06,8.591699879616499e-06,7.85513428123118e-06,8.097162366175325e-06
1386,6.9215121180200694e-06,9.899672404571902e-06,7.8028335949461e-06,8.464868367445888e-06
1387,7.820399110237809e-06,8.709338399057742e-06,7.832624850642686e-06,8.520009471612866e-06
1388,7.956363156659387e-06,7.576049556519138e-06,7.719667594695542e-06,8.457217848263097e-06
1389,7.910800657353118e-06,6.391464830812766e-06,7.640745521267592e-06,8.503938904686947e-06
1390,7.11335263784147e-06,1.1478864835225976e-05,7.705168545685915e-06,8.27476218873926e-06
1391,7.70909340240501e-06,1.6175126911548433e-05,7.731103192782028e-06,8.273234223452164e-06
1392,7.747411289326717e-06,6.418553903131397e-06,7.693134176831032e-06,8.45562206923205e-06
1393,6.933784081613541e-06,5.214841194174369e-06,7.68656303338907e-06,8.195833776699147e-06
1394,7.364673787782926e-06,5.549597208300838e-06,7.549391724104578e-06,8.181399157547278e-06
1395,7.869596126208005e-06,1.033694548823405e-05,7.595041534093778e-06,8.159832957244362e-06
1396,6.740371315269537e-06,5.166875744180288e-06,7.59459149372156e-06,8.143854780792027e-06
1397,7.203008695392378e-06,4.938095789839281e-06,7.734182619282768e-06,7.907608044479276e-06
1398,7.165742489531921e-06,1.5401917589770165e-05,7.707007036191902e-06,7.775903998845024e-06
1399,7.820596805080034e-06,6.887487525091274e-06,7.714257023083822e-06,7.577326352475212e-06
1400,8.299276159959846e-06,8.073876997514163e-06,7.831021681178955e-06,7.606700321048267e-06
1401,8.149450277414871e-06,6.44730815110961e-06,7.882178520513764e-06,7.51805348772905e-06
1402,8.393701565283765e-06,1.4091883786022663e-05,7.885191792027196e-06,7.460406903555851e-06
1403,1.0448180405041462e-05,5.299190806908882e-06,7.881909531715791e-06,7.354436726745917e-06
1404,7.638984509160057e-06,1.032013929943787e-05,7.847956711662442e-06,6.9779762445250534e-06
1405,7.233737077412014e-06,4.779619257533341e-06,7.85466967621081e-06,6.987401036531083e-06
1406,5.98790762827169e-06,4.720468296000036e-06,7.955471149762162e-06,6.9873837444902175e-06
1407,8.1308273668886e-06,5.365924898796948e-06,7.925763760673969e-06,7.063748257132831e-06
1408,7.206323306389903e-06,4.981994570698589e-06,7.900077645293399e-06,6.860988779590116e-06
1409,1.0554152263971952e-05,4.873263787885662e-06,7.909288686884488e-06,6.8619260873674655e-06
1410,6.355929672281491e-06,5.2990987387602215e-06,7.921688715578057e-06,7.061827141660615e-06
1411,7.102761790318052e-06,4.9352312453265764e-06,7.937668032860124e-06,6.637951082302608e-06
1412,1.0739515562616159e-05,9.4436876133841e-06,7.937902816249535e-06,6.601791160574067e-06
1413,9.23528414002956e-06,5.359878723538714e-06,7.912779826842274e-06,7.224387739188388e-06
1414,7.986132445188964e-06,4.950300226482796e-06,7.891603577607182e-06,7.2600201765453675e-06
1415,7.031296130056338e-06,8.829610414977651e-06,7.938547994045723e-06,7.020726108385134e-06
1416,6.860272901071262e-06,6.763614856026834e-06,7.820411180889804e-06,7.66626769764116e-06
1417,7.915235403035897e-06,6.6541737032821405e-06,7.856574116522098e-06,7.459214007758419e-06
1418,9.453820920397346e-06,5.214408893152722e-06,7.843308109012368e-06,7.4633306190662545e-06
1419,6.621989060578118e-06,7.458710024366156e-06,7.921294628613394e-06,7.539978327986319e-06
1420,7.2274432416937396e-06,5.267958549666218e-06,7.947390741982317e-06,7.554994184465613e-06
1421,6.970647355046822e-06,5.190308438614011e-06,7.963342433342608e-06,7.626827603235142e-06
1422,7.513009412731562e-06,9.935622147168033e-06,7.840352475371523e-06,7.676346640801057e-06
1423,7.5652254215836165e-06,4.805016105819959e-06,7.87834555473334e-06,7.793315084563802e-06
1424,7.826466389815324e-06,5.983489481877768e-06,8.02285459414836e-06,7.815661749918945e-06
1425,7.671201424778297e-06,2.3638791462872176e-05,7.857228067425444e-06,7.653121658950114e-06
1426,7.6200440465375625e-06,7.3381190850341225e-06,7.799369647384285e-06,7.714766578283162e-06
1427,9.56731197624726e-06,8.109532082016813e-06,7.81249672307038e-06,7.740408492099959e-06
1428,7.494760076143494e-06,2.1437730538309552e-05,7.842865049072618e-06,7.677672775025712e-06
1429,8.543057899967406e-06,5.1437970523693365e-06,7.89630610755315e-06,7.62236021400895e-06
1430,6.902086889668781e-06,4.882534540229244e-06,7.887807154434591e-06,7.615582406288014e-06
1431,7.937570618297388e-06,6.636661019001622e-06,7.844713942783226e-06,7.645125021008427e-06
1432,8.783230201111615e-06,5.741321310779313e-06,7.858955782083083e-06,7.696845014652356e-06
1433,7.605115590397165e-06,6.777830039936817e-06,7.967050140885273e-06,7.777210145650315e-06
1434,7.47940331469484e-06,6.111239727033535e-06,8.015401713055324e-06,7.773560746500154e-06
1435,7.305756656326897e-06,8.223309832828817e-06,7.978758663213942e-06,7.572058729783749e-06
1436,1.071548777569357e-05,5.493897879205178e-06,7.932767393221084e-06,7.766619364338113e-06
1437,6.598852394543226e-06,5.38018533916329e-06,7.937610343045285e-06,7.737686951077195e-06
1438,7.788823639000636e-06,6.901001706864918e-06,7.97384883230229e-06,7.011704027172527e-06
1439,8.314309337341304e-06,5.591348071902757e-06,8.037116602847367e-06,7.167749917789478e-06
1440,7.790504280112348e-06,7.261217488121474e-06,7.933929401608315e-06,7.235650889560929e-06
1441,8.196299363084512e-06,5.380800830607768e-06,7.953332792870545e-06,6.639746479413587e-06
1442,7.702761575071944e-06,6.48472851025872e-06,7.959691683047114e-06,6.691953328845556e-06
1443,8.3764906291132e-06,5.952974261163035e-06,7.989001278070241e-06,6.6927236868650655e-06
1444,6.978035043074569e-06,8.751709865464363e-06,7.983265697354607e-06,6.717133198981173e-06
1445,9.929802211748514e-06,7.277086824615253e-06,7.91110762939853e-06,6.784410185355228e-06
1446,8.179436659298113e-06,5.099073459859937e-06,7.872478313583997e-06,6.834135798999342e-06
1447,6.596933166696949e-06,4.898071729257936e-06,7.857625297078306e-06,7.069807703373955e-06
1448,6.4154436717621545e-06,9.669031969679054e-06,7.912509198771052e-06,7.003440980042796e-06
1449,7.947540135420342e-06,5.260179150354815e-06,7.758358549593444e-06,6.973897814168595e-06
1450,8.577163656203387e-06,5.48921836525551e-06,7.80756529841003e-06,6.941371988068568e-06
1451,9.201738310164527e-06,1.123926635045791e-05,7.76033532658605e-06,6.910542841069402e-06
1452,6.987631945270955e-06,9.80705637630308e-06,7.726936759718229e-06,7.088810308050599e-06
1453,7.979844857699289e-06,6.540120284626027e-06,7.762462258122267e-06,7.129340820392827e-06
1454,8.702030154381646e-06,6.448968288168544e-06,7.83866036302546e-06,7.717765788402177e-06
1455,7.634826765246949e-06,4.901793490716955e-06,7.87842486788577e-06,7.672041252226336e-06
1456,7.794181100406503e-06,7.246898821904324e-06,7.862745817086155e-06,7.64382946108526e-06
1457,6.9792785022097325e-06,7.423245970130665e-06,7.83388140920983e-06,7.601103983688516e-06
1458,6.639382695033823e-06,8.02097038103966e-06,7.737239581951548e-06,7.67281579428527e-06
1459,7.108077902052577e-06,1.2003037336398847e-05,7.707472548605034e-06,7.742525200228556e-06
1460,8.677854198645541e-06,6.56414174954989e-06,7.719042998319816e-06,7.744731879211031e-06
1461,6.861721546253345e-06,4.7553187323501336e-06,7.73718233491915e-06,7.6130085777549536e-06
1462,7.829021114957868e-06,4.567039686662611e-06,7.858002116619092e-06,7.607269901927793e-06
1463,6.608074343401111e-06,6.130273031885736e-06,7.889068660935866e-06,8.043062490469309e-06
1464,7.4793451656458075e-06,1.0048034746432676e-05,7.847550034138193e-06,7.791874133545206e-06
1465,8.678641740213303e-06,8.274480296677212e-06,7.83644538690472e-06,7.731152780615957e-06
1466,1.0101251985664325e-05,2.0091425030841493e-05,7.763013992613803e-06,7.658605693723076e-06
1467,8.696874196579706e-06,5.341615105862729e-06,7.709837427117034e-06,7.593804084172007e-06
1468,7.984514359122841e-06,5.247679482636159e-06,7.680531948143553e-06,7.686274271691219e-06
1469,6.256424846166434e-06,7.683572930545778e-06,7.663832318252794e-06,7.604923933467946e-06
1470,7.513756530291478e-06,9.069882089534076e-06,7.655335095356957e-06,7.512773010603271e-06
1471,7.4352608256352445e-06,6.841808608442079e-06,7.690288287914073e-06,7.689603329708918e-06
1472,6.886194409566492e-06,4.9532387038198065e-06,7.694743020207775e-06,7.396037340367913e-06
1473,6.868927086745518e-06,6.375949433277128e-06,7.66515500023767e-06,7.645287622290199e-06
1474,1.0968034677918896e-05,5.116712254675804e-06,7.64701432862138e-06,7.648616792721442e-06
1475,9.353827264122729e-06,1.6384033078793435e-05,7.6271533147115e-06,7.796144734311383e-06
1476,8.163772640222709e-06,4.959557427355321e-06,7.664779138980926e-06,7.749223782229819e-06
1477,6.710015764434098e-06,8.289022553071845e-06,7.619613383091443e-06,7.542253033534507e-06
1478,6.144060000426382e-06,4.726443112303969e-06,7.611895778973121e-06,7.397195565499714e-06
1479,7.372616016962436e-06,4.828928049391834e-06,7.484311218852074e-06,6.906380486543639e-06
1480,6.90218979090989e-06,7.213548178697237e-06,7.46029353597098e-06,6.8794691695075e-06
1481,7.376690353137545e-06,5.2131403663224775e-06,7.445335444289312e-06,6.889377709376275e-06
1482,6.766847929813795e-06,5.119472898513778e-06,7.511032192228918e-06,6.768986329188918e-06
1483,7.513212508961766e-06,1.2441728358680848e-05,7.483351115054878e-06,6.709375974241991e-06
1484,7.2194462093951494e-06,4.663887602873729e-06,7.5270552606525595e-06,6.690384653848012e-06
1485,7.938153699392893e-06,1.2795398797607049e-05,7.5247181299750486e-06,6.685322628618449e-06
1486,6.408204755846074e-06,4.838547993131215e-06,7.572974801587407e-06,6.728856510017066e-06
1487,7.332495767210882e-06,8.255238226411166e-06,7.436973679877054e-06,6.81465791640221e-06
1488,7.548719950136729e-06,4.9572492298466386e-06,7.325385124163909e-06,6.473261472274315e-06
1489,6.350201268408758e-06,4.873766029049875e-06,7.392630910423274e-06,6.533284117904257e-06
1490,8.48570163725526e-06,4.648043595807394e-06,7.477789591616279e-06,6.411900173407047e-06
1491,6.9116379826381385e-06,7.821048056939616e-06,7.557759652384752e-06,6.425044486604746e-06
1492,8.096432124552343e-06,4.668832179959281e-06,7.50923678032349e-06,6.432453470915788e-06
1493,7.6105620670811425e-06,5.495392979355529e-06,7.65204602244517e-06,7.120923997717909e-06
1494,7.898843544656606e-06,4.673788425861858e-06,7.655540602071496e-06,7.286344159729197e-06
1495,6.821729600940469e-06,7.57962321586092e-06,7.669231320364311e-06,7.273426826213835e-06
1496,8.527864465577296e-06,6.36702559859259e-06,7.65925028305598e-06,7.056303878562175e-06
1497,6.827766142628712e-06,4.826688073080732e-06,7.642125363660553e-06,7.059003528047469e-06
1498,8.075343877054466e-06,7.464296468242537e-06,7.604908356612821e-06,6.794055612772354e-06
1499,7.568006635160095e-06,7.261747414304409e-06,7.614641940300418e-06,6.933171083437628e-06
1500,6.564113371294096e-06,7.849121975596064e-06,7.656522005021947e-06,6.821469574788352e-06
1501,9.844917296706828e-06,6.460123568103882e-06,7.611202491858017e-06,7.371436042376445e-06
1502,8.838982794259209e-06,5.2544239406415725e-06,7.654214763937894e-06,7.362841267240583e-06
1503,8.143311519638195e-06,5.055050942246453e-06,7.639885811941995e-06,7.470864395509124e-06
1504,6.159544215430893e-06,5.01415265716787e-06,7.667841269843244e-06,7.468884711488499e-06
1505,1.0472420843951922e-05,2.4425311348750256e-05,7.654586820596401e-06,7.469915682668217e-06
1506,7.464054843795667e-06,9.348644416604657e-06,7.597309473890668e-06,7.604755922147888e-06
1507,7.1091158871341674e-06,4.796539560629753e-06,7.61076200287789e-06,7.648413857168635e-06
1508,7.26368657625345e-06,7.013654667389347e-06,7.69496710967764e-06,7.670570798291011e-06
1509,6.7913232245094455e-06,4.731378840006073e-06,7.653241184662976e-06,7.637683465509328e-06
1510,7.007728523199653e-06,6.171700915729161e-06,7.731784088011611e-06,7.688714397590958e-06
1511,6.651544348036017e-06,8.31643475976307e-06,7.672581665004449e-06,7.581771223340183e-06
1512,8.379497385249124e-06,5.462700510179275e-06,7.62018468275427e-06,7.52196935864049e-06
1513,6.415732121038471e-06,1.8706410919548944e-05,7.631681997857717e-06,7.424490451376185e-06
1514,7.425508070405663e-06,4.6588966506533325e-06,7.479328140673007e-06,7.847490682615897e-06
1515,8.127477837357825e-06,7.348621802520938e-06,7.4808057644582336e-06,7.907741247618106e-06
1516,7.610524430169284e-06,7.771555956423982e-06,7.411903285497424e-06,8.0949604682246e-06
1517,7.76507089338136e-06,4.694606459452188e-06,7.509922952037111e-06,8.096211173324263e-06
1518,6.178628399437811e-06,8.866398966347333e-06,7.3441356354629115e-06,7.378998103740742e-06
1519,8.235156769337158e-06,5.765236801380525e-06,7.342455861160285e-06,7.465322332063806e-06
1520,8.926857270934205e-06,8.133546743920306e-06,7.314947229962046e-06,8.171609456985608e-06
1521,7.484716340210677e-06,5.544842279050499e-06,7.389608484987144e-06,8.10246899163758e-06
1522,8.791338726344597e-06,6.102461375121493e-06,7.386799833370283e-06,8.118579774236425e-06
1523,6.595283301875396e-06,4.790717111973208e-06,7.37493102751614e-06,8.271276210507495e-06
1524,6.258082078905621e-06,5.766700796812074e-06,7.434556173676456e-06,8.413405044484536e-06
1525,6.851546248880267e-06,5.4121492939884775e-06,7.356513819751044e-06,8.570754968968687e-06
1526,6.036070867089115e-06,1.703512934909668e-05,7.421545502357831e-06,8.01909369038185e-06
1527,8.875923388889835e-06,6.76068806569674e-06,7.387218417433259e-06,8.196413103723898e-06
1528,6.420749545617987e-06,9.735531457408796e-06,7.37894846396456e-06,8.084235806381912e-06
1529,8.61003587892305e-06,5.045420284659485e-06,7.319558892898688e-06,7.955917024446534e-06
1530,6.32773792959698e-06,6.494984609162202e-06,7.289063327779229e-06,8.109714384772814e-06
1531,7.42206048622999e-06,1.1506750124681276e-05,7.3935628270798275e-06,7.947696027986239e-06
1532,6.421400107178165e-06,2.2453717683674767e-05,7.311311019091388e-06,7.899558277131293e-06
1533,9.130217951880897e-06,5.285143033688655e-06,7.206149288403038e-06,7.937217055587099e-06
1534,6.7211069340879075e-06,5.134148404977168e-06,7.22837203801545e-06,8.12132611317793e-06
1535,6.711008376846116e-06,9.989111822505947e-06,7.155185047385103e-06,8.067222988393042e-06
1536,8.14217300204392e-06,1.1869655609189066e-05,7.257584861185428e-06,8.073188235721319e-06
1537,6.428438537113834e-06,9.39644862228306e-06,7.3288288450082e-06,8.045274352116395e-06
1538,8.041524186208133e-06,4.9148789548780765e-06,7.32795337021849e-06,8.258387870955631e-06
1539,6.567330947291339e-06,9.09188198420452e-06,7.3629437569454465e-06,8.283710380419507e-06
1540,7.920729000640373e-06,4.544189368971274e-06,7.31274314481804e-06,8.207402295738576e-06
1541,6.125785153522479e-06,4.563586408039555e-06,7.33156528213941e-06,8.127816155683831e-06
1542,7.002681765394906e-06,8.539540467609185e-06,7.254127366549155e-06,8.351732056326e-06
1543,8.791115881952767e-06,4.815940046682954e-06,7.247040582701124e-06,8.326117777687613e-06
1544,6.178861569626153e-06,4.5617930300068114e-06,7.21855818919721e-06,8.059465777478182e-06
1545,6.2978140037254585e-06,9.075016205315478e-06,7.321965934251138e-06,7.5689080869779e-06
1546,8.040285080520941e-06,1.0147568718821277e-05,7.224310696821906e-06,7.544951731324547e-06
1547,6.961663960585914e-06,4.749883255499299e-06,7.272677558406334e-06,7.526983553543687e-06
1548,9.155278646883541e-06,4.939848295180127e-06,7.253544324582132e-06,7.455333833786426e-06
1549,8.039181674474903e-06,5.068853706688969e-06,7.235874664669003e-06,7.285965778282843e-06
1550,6.829659379137512e-06,1.0739987264969387e-05,7.3353646665054835e-06,7.414150652766693e-06
1551,6.910830535263004e-06,1.766819208569359e-05,7.297794724217965e-06,7.483815681189298e-06
1552,7.6209080857046905e-06,4.85298594867345e-06,7.357047046187088e-06,7.297701622155728e-06
1553,6.89130297865227e-06,7.745877956040204e-06,7.317962858683637e-06,7.318794606180745e-06
1554,6.674087989166664e-06,1.0643317800713703e-05,7.344995509427261e-06,7.3397133619437225e-06
1555,6.150568333396223e-06,5.854627643202548e-06,7.3784831771465376e-06,7.3288626230350925e-06
1556,6.710000648632154e-06,4.84045011944545e-06,7.333908588326367e-06,7.373249293959816e-06
1557,9.00659373352634e-06,1.0189775421167724e-05,7.411275574567197e-06,7.598214772951906e-06
1558,6.688837016150097e-06,4.686234142354806e-06,7.519727559904115e-06,7.41228059923742e-06
1559,7.930278473698611e-06,4.684943960455712e-06,7.490068547485862e-06,7.71066555607831e-06
1560,6.232677531241077e-06,8.197868828574428e-06,7.491766123712295e-06,7.706632818371872e-06
1561,7.700431504215682e-06,7.635454221599502e-06,7.354152288219968e-06,7.682046953050303e-06
1562,8.915688583025865e-06,1.2601070484379306e-05,7.289707757324019e-06,7.825466866779606e-06
1563,7.102275629020166e-06,6.656504665443208e-06,7.2780494519975045e-06,7.685026300896425e-06
1564,8.048638996519407e-06,4.439030508365249e-06,7.29509006107239e-06,7.235595538804773e-06
1565,6.943624313054089e-06,5.071513969596708e-06,7.30140723620328e-06,7.285579160816269e-06
1566,6.801601422113082e-06,5.086555302113993e-06,7.307053937862899e-06,7.206121027411427e-06
1567,7.83987345837684e-06,8.268271994893438e-06,7.32669674196384e-06,6.993650629010518e-06
1568,7.676751161448515e-06,5.925606819801032e-06,7.418493504357886e-06,8.10760961867345e-06
1569,8.113036225646889e-06,1.0185930004809052e-05,7.485120160062151e-06,8.107831500092288e-06
1570,9.009113637148402e-06,4.42666186245333e-06,7.394834394856136e-06,8.127962453727376e-06
1571,7.29880977006461e-06,1.760719263984356e-05,7.387138814495604e-06,8.14971987019817e-06
1572,7.004103366246758e-06,4.649064812838333e-06,7.301071649150494e-06,8.390345590669313e-06
1573,5.714932759575378e-06,4.325201662140898e-06,7.356068307247672e-06,8.305445836231229e-06
1574,6.428068402076153e-06,8.654351549921557e-06,7.3784978613225064e-06,8.279524903991842e-06
1575,6.538201745974624e-06,7.2289731178898364e-06,7.38531771425591e-06,8.007064206685754e-06
1576,7.3368457621351504e-06,6.432423033402301e-06,7.453373396977742e-06,8.151221013031319e-06
1577,7.778837463976944e-06,6.102576498960844e-06,7.412426313991697e-06,8.17346044932492e-06
1578,7.03247052014275e-06,5.759424620919162e-06,7.42479837358082e-06,8.292769695981407e-06
1579,7.165158091690197e-06,5.331557840690948e-06,7.448679720295735e-06,8.349632070166991e-06
1580,8.445487393247377e-06,3.3703602384775876e-05,7.393999440116912e-06,8.240208001734574e-06
1581,8.37566704123876e-06,4.845997154916404e-06,7.329101823941327e-06,8.400924817760825e-06
1582,6.749449603375979e-06,1.0693049262044951e-05,7.318298382961076e-06,8.19264640849724e-06
1583,6.496447507136812e-06,5.2301695541245865e-06,7.225979605209432e-06,8.188718709061506e-06
1584,5.778599340070893e-06,1.0700586972234306e-05,7.200493066961321e-06,7.76300296529371e-06
1585,7.60759398367049e-06,6.075374967622338e-06,7.245307910973982e-06,7.800230096108863e-06
1586,8.261170356086545e-06,6.987430915614823e-06,7.503470737517799e-06,8.617742636488402e-06
1587,9.086184906360965e-06,5.789553051727126e-06,7.5808067370316076e-06,8.496747253593641e-06
1588,8.803667697065976e-06,1.0260424824082293e-05,7.576049233224089e-06,8.48424955875089e-06
1589,7.024961921868251e-06,4.995016415705322e-06,7.554227377315531e-06,8.431870938147769e-06
1590,7.252925802782152e-06,8.05424513600883e-06,7.551282250400013e-06,8.442585056400278e-06
1591,7.398635089985975e-06,6.5081146567536054e-06,7.6129386764377065e-06,8.392295638986982e-06
1592,6.472866453906237e-06,5.532670284082996e-06,7.631239593704069e-06,8.412657113876777e-06
1593,6.0543107570588795e-06,9.943527220457327e-06,7.553157231955588e-06,7.283780620855396e-06
1594,7.842950201140614e-06,4.978969773219433e-06,7.487207112656809e-06,7.381385627013516e-06
1595,6.701144193357322e-06,4.3284693765599515e-06,7.476305096598582e-06,7.217442771434436e-06
1596,6.66164631386184e-06,6.964299045648659e-06,7.5032741426184664e-06,7.183008612628328e-06
1597,8.124474466563293e-06,5.579743083217182e-06,7.60243176424006e-06,7.18360410173773e-06
1598,1.2169003423170782e-05,2.4763015171629378e-05,7.5690481328517005e-06,7.164919575006935e-06
1599,8.361468389921357e-06,5.629466977552511e-06,7.498526374769831e-06,7.089889718190535e-06
1600,6.419264150786653e-06,6.916530746821082e-06,7.3883638691161955e-06,7.0516944382688975e-06
1601,6.791299364421219e-06,5.122957518324256e-06,7.286639863317153e-06,6.8576897290768106e-06
1602,7.705209291088978e-06,6.370429455273552e-06,7.317847009087725e-06,7.263756917745924e-06
1603,8.573881171085103e-06,4.502189185586758e-06,7.29582499805272e-06,7.180476769644884e-06
1604,7.622681023349287e-06,5.840594712935854e-06,7.246074119050011e-06,7.233855819140444e-06
1605,6.493428349535356e-06,5.481690059241373e-06,7.341408610166886e-06,7.2739417511911595e-06
1606,6.726914058769277e-06,7.286122308869381e-06,7.419268507813588e-06,7.05232359796355e-06
1607,6.4768992019202815e-06,6.5944778725679495e-06,7.432413348962858e-06,7.126184152366478e-06
1608,7.170673657633921e-06,4.369315583971911e-06,7.4100289077250646e-06,7.297066733735847e-06
1609,8.257539880610743e-06,1.0715474199969322e-05,7.433726852286782e-06,7.229750720216543e-06
1610,6.773003198961507e-06,5.608261799352476e-06,7.383998737774771e-06,7.190077578707132e-06
1611,6.498126404039795e-06,5.111684495204827e-06,7.188578470494475e-06,6.370337303087581e-06
1612,6.332122265020088e-06,4.834671053686179e-06,7.205682690922307e-06,6.3350655978865675e-06
1613,6.260567552089924e-06,5.410307094280142e-06,7.196378749783131e-06,6.266427019363617e-06
1614,7.805140566132548e-06,1.5146696132433135e-05,7.268800454019381e-06,6.326675830860039e-06
1615,6.702375526907013e-06,5.97224143348285e-06,7.248908008093874e-06,6.896847644020454e-06
1616,6.1548631149182455e-06,7.842590894142632e-06,7.231702499524948e-06,7.255500495739399e-06
1617,8.856228731828094e-06,6.534818585350876e-06,7.242999622232875e-06,7.928984478712665e-06
1618,8.000808198226474e-06,4.403073389767087e-06,7.277377701919046e-06,7.890389260501252e-06
1619,8.17157122987232e-06,6.825483633292606e-06,7.3140934240655034e-06,7.76873982467805e-06
1620,6.1415331624124926e-06,8.600533910794183e-06,7.32355187857239e-06,7.753764144581509e-06
1621,7.254094927904791e-06,5.281398707666085e-06,7.322424575775383e-06,8.285967777555925e-06
1622,6.881271603763e-06,4.587914545481908e-06,7.285490789258297e-06,8.091524077826764e-06
1623,7.283496741163415e-06,4.269508281140588e-06,7.260706601421892e-06,8.141546362821829e-06
1624,8.789073900617142e-06,4.747674347527209e-06,7.272482103305973e-06,8.222279133406119e-06
1625,6.186665622307272e-06,5.200566283747321e-06,7.355619965488183e-06,8.259325596736745e-06
1626,8.601841970327466e-06,6.629177805734798e-06,7.491505828875234e-06,8.363920976989903e-06
1627,7.207898142951308e-06,2.0624724784283898e-05,7.438589757293813e-06,7.986834742041539e-06
1628,8.14374345686196e-06,1.3468510478560348e-05,7.406264897387399e-06,7.977616188145476e-06
1629,7.905109091047456e-06,2.2677694287267512e-05,7.426982631942439e-06,7.86492183797236e-06
1630,7.352880341689646e-06,4.516809603956062e-06,7.284526774472195e-06,7.844173234116167e-06
1631,7.6448071124307e-06,4.24488641328935e-06,7.2335318779854176e-06,7.864959539438131e-06
1632,6.713360564592424e-06,6.220085870154435e-06,7.16591759430432e-06,7.811124833096981e-06
1633,7.142491087708752e-06,1.7674406408332288e-05,7.2189747328391395e-06,7.759651870583183e-06
1634,7.334195217683575e-06,5.854381706740241e-06,7.1975094743619494e-06,7.727709946630056e-06
1635,6.153398503051398e-06,6.8588189242291266e-06,7.192679077504889e-06,8.234879240990266e-06
1636,6.792513951141801e-06,7.130003759812098e-06,7.178951184525633e-06,8.480378671447397e-06
1637,8.410568819575322e-06,5.760832636951818e-06,7.08692489517691e-06,8.489313151949319e-06
1638,9.657714136766218e-06,8.025191600609105e-06,7.109138792818865e-06,8.450076950612129e-06
1639,6.482238776597013e-06,5.719540258724009e-06,7.006331469367272e-06,8.46171845732897e-06
1640,5.894254029246642e-06,5.741777586081298e-06,6.946433790087921e-06,7.844093088351655e-06
1641,6.672806478794276e-06,5.025232139814761e-06,6.979784313969302e-06,7.576015953236491e-06
1642,5.294832295072006e-06,6.016103488946101e-06,6.946231076977308e-06,6.84941986182821e-06
1643,6.725935786057056e-06,4.922731022816151e-06,6.9567900709241975e-06,6.844344718047068e-06
1644,6.4812141378448965e-06,5.479615974763874e-06,6.893373444796049e-06,7.959225594822784e-06
1645,7.467961625782967e-06,7.313709847949212e-06,6.965768988165009e-06,7.877057655423414e-06
1646,6.717463465975016e-06,4.482850608837907e-06,6.93331563407911e-06,7.3720384752959955e-06
1647,6.760511682336478e-06,1.7267146904487164e-05,6.875903828687216e-06,7.423517945426284e-06
1648,6.940299416682036e-06,1.0406994042568841e-05,6.966334587276732e-06,7.3541353587643254e-06
1649,6.488416666899057e-06,4.971036360075232e-06,6.9622691504062255e-06,7.257489549010644e-06
1650,6.742013063356151e-06,4.219661250317586e-06,6.884260629158234e-06,7.203067414593533e-06
1651,6.031658884037622e-06,6.920215473655844e-06,6.746750419996613e-06,7.064460239053005e-06
1652,5.7104561609675225e-06,5.184090559851029e-06,6.715509285721863e-06,7.016990656120468e-06
1653,8.977506553896496e-06,6.766582100681262e-06,6.794137853163797e-06,6.990160650093457e-06
1654,7.066278166247584e-06,4.512792002060451e-06,6.79619599795842e-06,6.977215128426904e-06
1655,7.616855190361902e-06,4.389931009427528e-06,6.883905494113504e-06,6.923164635372812e-06
1656,6.059391459226996e-06,3.211690833268221e-05,6.997075069658522e-06,7.0045437438238865e-06
1657,8.523249148816427e-06,4.165887385170208e-06,6.991551514632495e-06,7.083333875198149e-06
1658,6.331157235561275e-06,5.0489269051468e-06,6.9405020593775495e-06,7.329024732462129e-06
1659,5.8989000828862316e-06,7.141368459997466e-06,6.931381156553269e-06,7.35598819956067e-06
1660,8.41416746778931e-06,5.1242542576801494e-06,6.980661661913879e-06,7.606287756789243e-06
1661,6.69087802937914e-06,4.71385851597006e-06,7.003381319777369e-06,7.382912939647212e-06
1662,6.460355788375536e-06,4.400279276524089e-06,7.057293933111295e-06,7.493669765244703e-06
1663,6.2199589077257165e-06,4.560012212095899e-06,7.076766267952432e-06,7.627039105500444e-06
1664,5.7012104197282395e-06,4.53280068541062e-06,7.056539463842961e-06,7.5519811234698865e-06
1665,7.859968215295037e-06,5.071027435405995e-06,7.106864791704641e-06,7.533052340659197e-06
1666,6.724260098659822e-06,4.701594098150963e-06,7.042302437872019e-06,7.581398370894021e-06
1667,7.487569698949099e-06,4.664841162593802e-06,7.0165131996570085e-06,7.564627306783223e-06
1668,9.555175174682518e-06,6.9572087340930015e-06,6.999795655186367e-06,7.5832166705367845e-06
1669,6.343125262194209e-06,7.449369259120431e-06,7.018245321119644e-06,6.4624762260791615e-06
1670,6.191725244409302e-06,1.3455981279548724e-05,6.93696943296042e-06,6.5668831794027945e-06
1671,6.489440895368009e-06,5.156937286301399e-06,6.981415536655631e-06,6.542065485336933e-06
1672,7.992524316351692e-06,2.352463583520148e-05,6.997116438004821e-06,6.440453011236968e-06
1673,7.508290863269293e-06,4.822623614018085e-06,6.908774246039683e-06,6.412506691049202e-06
1674,7.83623200024724e-06,7.73995700001251e-06,6.9283663592311e-06,6.466694779373939e-06
1675,7.228821434384574e-06,7.553894756711088e-06,7.031468300677563e-06,6.543873239934328e-06
1676,5.525988781300839e-06,5.043765922891908e-06,7.126068757012642e-06,6.544879641296576e-06
1677,6.968589357509498e-06,4.710870989583782e-06,7.152200922509008e-06,6.842085138487165e-06
1678,7.363447708080962e-06,7.975232856551884e-06,7.126633094837115e-06,6.811531817584183e-06
1679,6.421547210872329e-06,4.093515399290482e-06,7.104383859202952e-06,6.867606754894951e-06
1680,7.19891657859585e-06,4.854665103266598e-06,7.109009881080258e-06,7.3268422140245105e-06
1681,6.5206331075589535e-06,4.098397221241612e-06,7.0606449932205986e-06,7.270297031573138e-06
1682,6.491351944835818e-06,6.77606121826102e-06,7.050401996780744e-06,7.926486968426617e-06
1683,7.4423098279415475e-06,4.428484553500311e-06,7.044505204855037e-06,7.607549590829876e-06
1684,6.291422616616021e-06,4.601056607498322e-06,7.061532671205997e-06,7.62829665764002e-06
1685,6.205612668660858e-06,4.425596252985997e-06,7.02982476399888e-06,6.855278134025865e-06
1686,7.180680859164567e-06,6.0685607240884565e-06,6.954909807569087e-06,6.847930635558441e-06
1687,9.037904324537117e-06,6.329740790533833e-06,6.871235635440421e-06,6.77697259816341e-06
1688,8.584970316102651e-06,4.58517224615207e-06,6.820495374106232e-06,6.714799739711451e-06
1689,6.3545145571374125e-06,1.1962938115175348e-05,6.867013642962167e-06,7.20455663249595e-06
1690,7.220772523497645e-06,4.30719441283145e-06,6.851132088316565e-06,7.194194440671708e-06
1691,6.16802920780578e-06,6.10346753092017e-06,6.812446873947111e-06,7.2237590480654035e-06
1692,7.603220245881756e-06,1.6145727640832775e-05,6.829823897674538e-06,7.486007029365283e-06
1693,8.346052978191034e-06,5.543579172808677e-06,6.804022073103825e-06,7.624077450964251e-06
1694,6.087050351197831e-06,2.3854117680457422e-05,6.889175269356606e-06,7.70909450839099e-06
1695,6.0443054462666624e-06,5.482546839630231e-06,6.87025392039181e-06,7.968892549615704e-06
1696,6.915127554141994e-06,5.675613956555026e-06,6.9674826850031336e-06,8.047000111037052e-06
1697,7.199826636173788e-06,4.199172744847601e-06,7.089209461870875e-06,8.322466900062864e-06
1698,5.6354169525244895e-06,4.6389361523324626e-06,7.124108349712011e-06,8.402434170056949e-06
1699,5.744377697030561e-06,5.966006065136753e-06,7.111054660668339e-06,8.351425797809497e-06
1700,5.960314901029859e-06,5.999573295412119e-06,6.974667796142361e-06,8.267167794838315e-06
1701,6.688945502699224e-06,1.7287688242504372e-05,6.911070373745235e-06,8.470806638797512e-06
1702,6.5715504913694326e-06,4.45181619397772e-06,6.941059624781095e-06,8.158419109895476e-06
1703,6.396317348844604e-06,8.71434804139426e-06,7.028152309026662e-06,8.671044172297116e-06
1704,6.855972804057981e-06,1.0649714931787458e-05,7.035612051388146e-06,8.589923824183642e-06
1705,6.553870964328073e-06,8.3064256432408e-06,6.991294531487965e-06,8.104361829100524e-06
1706,8.649463013878428e-06,6.2238236569100995e-06,7.004940433075212e-06,8.146332923570298e-06
1707,6.018318220715931e-06,1.3271012248878832e-05,7.055384587147273e-06,7.368518683506408e-06
1708,9.873028943224602e-06,6.381173589034006e-06,7.116432421025821e-06,7.316879598147352e-06
1709,9.33459203830959e-06,1.1487726333143655e-05,7.085493117887786e-06,7.301632628877996e-06
1710,7.078084864689218e-06,6.424778002838139e-06,7.082405961773474e-06,7.299785838768003e-06
1711,6.854338633072783e-06,4.793351417902159e-06,7.104850826039586e-06,7.381271767008002e-06
1712,5.628232711387681e-06,4.223290716254269e-06,7.132679112530441e-06,7.4388709796039615e-06
1713,6.995034756174492e-06,9.676143345132004e-06,7.140407239421618e-06,7.384410522718098e-06
1714,7.104245833033929e-06,4.153249892624444e-06,7.173575408200525e-06,7.1515835286845685e-06
1715,9.398089629636767e-06,1.7122820972872434e-05,7.165211856772656e-06,7.805907105648658e-06
1716,6.354522766842921e-06,4.075458828083356e-06,7.248836909922019e-06,7.73296005136217e-06
1717,6.495282248377205e-06,4.006677763754851e-06,7.22600017179502e-06,7.511571736540645e-06
1718,8.687200517872245e-06,6.592856534552993e-06,7.2519401846673434e-06,7.3772083240328365e-06
1719,7.348154202999366e-06,4.408761678860174e-06,7.1179452731384e-06,7.309851629543117e-06
1720,7.570501293230336e-06,4.191569705653819e-06,7.120700433855138e-06,7.0001927393605e-06
1721,6.141644975691128e-06,5.294439724821132e-06,6.945182629028244e-06,6.919867777469335e-06
1722,7.122647733316019e-06,4.153002992097754e-06,6.808614755371106e-06,6.644923412386561e-06
1723,6.1965385591772955e-06,6.676084358332446e-06,6.80311793051563e-06,6.674376993760234e-06
1724,6.440084859301957e-06,7.405986380035756e-06,6.899166003859137e-06,6.814929382380797e-06
1725,6.15351807330929e-06,4.638061873265542e-06,6.9537605255593205e-06,6.893355152351433e-06
1726,7.518149722171882e-06,1.1467013391666115e-05,6.926615330909651e-06,6.73807622260938e-06
1727,6.36246170567271e-06,2.0809905618079937e-05,6.9158181276887065e-06,6.7446267508785235e-06
1728,8.486943677578691e-06,6.8906716842320745e-06,6.741925730562394e-06,6.235741138152662e-06
1729,6.285054350883001e-06,5.115007061249344e-06,6.706498949845103e-06,6.515690836386057e-06
1730,7.202371286136137e-06,4.9473403305455574e-06,6.810624812432151e-06,6.816658496609307e-06
1731,5.299590225654861e-06,4.539906294667162e-06,6.698015683044409e-06,6.7374442129221274e-06
1732,6.087197238634366e-06,5.529539994313381e-06,6.614740078617213e-06,6.750140009535242e-06
1733,5.4850838225522445e-06,4.373049541754881e-06,6.610228396352291e-06,7.799995194000075e-06
1734,5.9203951968811455e-06,4.614117206074297e-06,6.660617491353254e-06,7.75274052430177e-06
1735,6.940664243302308e-06,7.161117537179962e-06,6.663822239554268e-06,7.790636416757479e-06
1736,9.255540466660426e-06,8.30716113341623e-06,6.692421152507047e-06,7.735767855410812e-06
1737,6.993095753892299e-06,6.183934965520166e-06,6.718670935515549e-06,7.978220055883865e-06
1738,6.31640488993273e-06,5.794170101580676e-06,6.798024580509973e-06,8.021680523597752e-06
1739,6.834315752510317e-06,4.317013099353062e-06,6.749314351691285e-06,7.724376384430798e-06
1740,5.050779701478961e-06,4.400680654725875e-06,6.887005954397157e-06,7.063079513318369e-06
1741,5.468853248910616e-06,1.1074201283918228e-05,6.8864908588794715e-06,7.500751636689528e-06
1742,9.098428813053437e-06,1.1530869269336108e-05,6.9084219335814445e-06,7.526821774081326e-06
1743,5.871972283178669e-06,4.6124994423735184e-06,6.841208915931121e-06,7.500246744893956e-06
1744,5.266264092319438e-06,4.726156594188069e-06,6.9156853060525884e-06,7.655105924641248e-06
1745,7.457709236607317e-06,3.0437949317274614e-05,6.918843069150979e-06,7.770522589271422e-06
1746,7.401372350715166e-06,4.1130729823635195e-06,6.955578657087043e-06,7.774337065347935e-06
1747,7.202766438341415e-06,5.10040030349046e-06,6.9426038392218e-06,8.067719545215368e-06
1748,6.911511382996752e-06,5.304370324665797e-06,6.997196702650399e-06,8.261305463383906e-06
1749,7.096329434514499e-06,1.3467291391862091e-05,6.899978518291997e-06,8.102264143235516e-06
1750,8.137359198169886e-06,5.7245735661126675e-06,6.85797986467757e-06,8.170845267886761e-06
1751,6.300394001704667e-06,4.034409912492265e-06,6.84180444853458e-06,8.150911314078257e-06
1752,9.804751773319569e-06,4.277483840269269e-06,6.804307292461292e-06,8.23987088406284e-06
1753,8.47406628963654e-06,1.783247476851102e-05,6.872022267028417e-06,8.27078603033442e-06
1754,6.833331218432351e-06,5.766760496044298e-06,6.908154646589535e-06,8.003909372200723e-06
1755,5.522045844878044e-06,4.282964600861305e-06,6.859681354722446e-06,7.864977895951598e-06
1756,7.161499978691508e-06,8.411385788349435e-06,6.8685279917796514e-06,7.938251238738304e-06
1757,6.166141316094177e-06,8.414956610067748e-06,6.857202512077896e-06,7.924622320206254e-06
1758,6.403473520953816e-06,4.468411443667719e-06,6.842145903970555e-06,6.873093074318603e-06
1759,5.596024750250056e-06,1.1948679202760105e-05,6.827116395167347e-06,6.8867100719216975e-06
1760,8.30548582901732e-06,1.2000765491393394e-05,6.865802736784745e-06,7.429072734885267e-06
1761,6.825085857700389e-06,4.331128129706485e-06,7.048999899254543e-06,7.4091009453695735e-06
1762,5.943129413531602e-06,7.89846308180131e-06,6.997219716706443e-06,7.216836496809264e-06
1763,5.912019486357976e-06,5.295821256368072e-06,6.900513532026607e-06,7.171155967807863e-06
1764,5.896886850678129e-06,6.541002348967595e-06,6.8658061540999275e-06,7.253278817006504e-06
1765,6.7436540656571096e-06,5.173559311515419e-06,6.769669319490075e-06,7.3247664888185685e-06
1766,6.372162737938601e-06,4.402284830575809e-06,6.699776380183823e-06,6.781989950468414e-06
1767,7.886596516376207e-06,8.05758236310794e-06,6.679298462970313e-06,6.740557468583575e-06
1768,6.0931382096087975e-06,6.44433301204117e-06,6.70977611540972e-06,6.75724942884699e-06
1769,4.983127099775528e-06,4.3854336308868365e-06,6.650920442714576e-06,6.598311964262394e-06
1770,7.081294033923768e-06,4.149718170083361e-06,6.644714405289657e-06,6.499410053584142e-06
1771,7.025634630634967e-06,4.453497922440874e-06,6.64680456264048e-06,6.64104133284127e-06
1772,8.169924978776383e-06,1.865946687757969e-05,6.672723249640612e-06,6.331955437417491e-06
1773,1.1491440444741682e-05,4.8050755867734555e-06,6.604521345111101e-06,6.006245309981749e-06
1774,5.801824870811995e-06,8.660680177854375e-06,6.56894694503636e-06,6.04148723068647e-06
1775,5.719704581173977e-06,4.582560341077624e-06,6.547623420960411e-06,6.004135074181248e-06
1776,5.432709553537684e-06,6.087481142458273e-06,6.5410920852931055e-06,6.016875884597538e-06
1777,7.4013309080732544e-06,6.064675635570893e-06,6.630580119720737e-06,5.964474539359798e-06
1778,6.726742806980231e-06,4.263061309757177e-06,6.602803548351707e-06,5.9907795039180196e-06
1779,6.321383288094593e-06,4.7309484489233e-06,6.7182765636163015e-06,6.1086705180059644e-06
1780,6.283987155863239e-06,4.7002636074466866e-06,6.677297624305034e-06,6.0753152240067714e-06
1781,5.690108161312916e-06,4.437949173734523e-06,6.7300679415186305e-06,6.099201062897919e-06
1782,6.01099038047121e-06,5.94240884311148e-06,6.8192001251089905e-06,6.177142066371744e-06
1783,6.455727454724386e-06,8.009193425095874e-06,6.760093992003628e-06,6.207133167845312e-06
1784,6.243991925253391e-06,4.221531817165669e-06,6.746310238385276e-06,6.383291021484183e-06
1785,6.600438215779528e-06,3.858012305499869e-06,6.724323871619871e-06,5.946551662782441e-06
1786,5.935725855831858e-06,5.212176147324499e-06,6.566482654064506e-06,5.925067148928065e-06
1787,5.410041311632893e-06,6.964659169170773e-06,6.625441071486824e-06,5.8276683601434346e-06
1788,5.7487360946753245e-06,5.614341516775312e-06,6.634492827409606e-06,5.811161007659394e-06
1789,8.13408771136892e-06,5.230968718024087e-06,6.710016123462184e-06,5.7907932230591544e-06
1790,6.049239781431323e-06,5.831183425470954e-06,6.724182586145212e-06,5.721859795448836e-06
1791,9.258988119553477e-06,7.349560182774439e-06,6.688741901234608e-06,5.731517723324942e-06
1792,6.862123033594495e-06,7.223700013128109e-06,6.679647421414201e-06,5.716671439586209e-06
1793,7.412396139948719e-06,7.041478984319837e-06,6.7395787135966305e-06,5.763777754691547e-06
1794,7.211431689534543e-06,6.333958717732457e-06,6.779882806788212e-06,5.805436840455514e-06
1795,5.603640706289702e-06,4.8994957069226075e-06,6.838294975548504e-06,5.727625008512406e-06
1796,6.681040790176162e-06,8.857444263412618e-06,6.8244539902581085e-06,5.968043674874936e-06
1797,7.620265809641246e-06,7.74098291003611e-06,6.860270717798914e-06,6.127225359159639e-06
1798,7.545410005857573e-06,4.2679627404140776e-06,6.886679152214331e-06,6.155080891767285e-06
1799,7.275785306369976e-06,6.225710458238609e-06,6.856832402789023e-06,6.2002919396036315e-06
1800,5.945998479243523e-06,4.169876528976602e-06,6.866839808895344e-06,6.138157146051527e-06
1801,7.320791954852111e-06,5.578286527452292e-06,6.9023239923505266e-06,6.086473161849425e-06
1802,7.755492475148963e-06,4.341339945312939e-06,6.863830338503855e-06,6.061610841788933e-06
1803,5.840725684215108e-06,4.504509506659815e-06,6.8289645701750285e-06,5.9882665158511365e-06
1804,6.094021292584431e-06,4.359791355454945e-06,6.780269257635357e-06,5.882137999287805e-06
1805,7.78226946042398e-06,5.8779214850801505e-06,6.700809056605471e-06,5.874889068945775e-06
1806,6.697710491102447e-06,5.4794263178337134e-06,6.635915748766921e-06,5.8049613107868936e-06
1807,7.4712945994785215e-06,3.997113044533762e-06,6.721399721128464e-06,5.712345851134159e-06
1808,6.109702822464492e-06,1.4019660084159113e-05,6.728108726868716e-06,5.741488001513061e-06
1809,7.139410113773516e-06,8.201073924283265e-06,6.747522967675145e-06,5.547637127892811e-06
1810,7.260649076164959e-06,4.554400620691013e-06,6.679678548526782e-06,5.460963681252905e-06
1811,5.189557120199121e-06,6.342452343233162e-06,6.670031214768339e-06,5.718953993346075e-06
1812,5.660226464290948e-06,5.411289330368163e-06,6.746024501909332e-06,5.637017053959424e-06
1813,6.635840681054914e-06,4.322241911722813e-06,6.77917469393934e-06,5.643352221886743e-06
1814,7.171746365202125e-06,4.6094107165117745e-06,6.6907088523294065e-06,5.587558859042473e-06
1815,5.177595573210662e-06,3.997575277026044e-06,6.598278932344529e-06,5.736726069153519e-06
1816,8.041605306061682e-06,4.69634726869117e-06,6.762550560799556e-06,6.13402333110571e-06
1817,4.875618007847354e-06,7.042476754577365e-06,6.764886401914636e-06,6.116222129639936e-06
1818,5.790063443984966e-06,5.293285030347761e-06,6.721705977563235e-06,6.104021314968123e-06
1819,9.348530998573148e-06,4.018572226414107e-06,6.685582719668066e-06,6.194022166528157e-06
1820,5.771365849795984e-06,5.628049466395169e-06,6.635069346096618e-06,6.3507235259749e-06
1821,7.1663968103368665e-06,4.011172422906384e-06,6.603090705882803e-06,5.989990326997941e-06
1822,5.924155330932182e-06,5.574146744038444e-06,6.597869706840558e-06,5.89170654238842e-06
1823,7.304226661896488e-06,1.0717720542743336e-05,6.582549793751646e-06,5.883565498515963e-06
1824,9.175617484894853e-06,4.177286973572336e-06,6.635971784251323e-06,5.889683898567456e-06
1825,6.774753279993699e-06,4.328255727159558e-06,6.7099556810111e-06,5.8782946576684484e-06
1826,5.109145914603788e-06,4.183452456345549e-06,6.745130870836471e-06,6.091436760834767e-06
1827,5.444744475527033e-06,8.070520198089071e-06,6.722826198145212e-06,6.06849023643008e-06
1828,9.94751639559076e-06,1.4436941055464559e-05,6.775427314096306e-06,6.14375655859476e-06
1829,6.152417320461407e-06,3.914761318810633e-06,6.702684506490187e-06,6.161001823056724e-06
1830,6.702758851638969e-06,5.57290111828479e-06,6.72700466123691e-06,6.314176430896625e-06
1831,5.7946290437232365e-06,7.729447606834583e-06,6.743690902031733e-06,6.273768753453625e-06
1832,6.208460260192321e-06,7.914647030702326e-06,6.605430005442436e-06,6.264461643149844e-06
1833,5.3102368171191e-06,5.001330109735136e-06,6.648381665399938e-06,6.685201132131625e-06
1834,7.008885137717395e-06,5.743979309045244e-06,6.642937990929771e-06,6.708867174893386e-06
1835,6.877651248942129e-06,4.350874523879611e-06,6.640615587760598e-06,6.656745265718201e-06
1836,6.525106882691034e-06,6.495412344520446e-06,6.543554239821484e-06,6.4695918201323364e-06
1837,7.5098238832854094e-06,5.126558307892992e-06,6.4424512701508415e-06,6.625275979240541e-06
1838,7.515220426689161e-06,9.650794490880798e-06,6.3918137680149e-06,6.642421451033442e-06
1839,6.614129547920635e-06,4.0357476063945796e-06,6.4352431464511825e-06,6.629538433844572e-06
1840,6.492623471988029e-06,5.879233331143041e-06,6.4243646715517066e-06,6.483700973694794e-06
1841,6.223035115908715e-06,5.127478880240233e-06,6.278371907461e-06,6.088147267655585e-06
1842,5.4836218765154226e-06,1.087184195057489e-05,6.2841211214820045e-06,6.09931051803869e-06
1843,6.2072194638555325e-06,4.283093094272772e-06,6.220234642508634e-06,6.403850812057498e-06
1844,5.892008583840733e-06,3.7858944688196063e-06,6.345572414162841e-06,6.260745481267803e-06
1845,6.8451573487335636e-06,1.6146536690939683e-05,6.3379118243271195e-06,6.215760117629542e-06
1846,7.03030494858265e-06,4.602823491950403e-06,6.437989188270879e-06,6.495190456553245e-06
1847,5.866095251702872e-06,4.27109901465883e-06,6.4150295445061725e-06,6.436218041562824e-06
1848,4.877692963418667e-06,6.038884403096745e-06,6.430042581066827e-06,6.481634027295513e-06
1849,6.648043243128793e-06,8.069390951277455e-06,6.394513768989581e-06,6.4084755453222895e-06
1850,5.508815726595154e-06,4.756892521982081e-06,6.307482604744212e-06,6.697849070405937e-06
1851,6.19488037551087e-06,3.861377026623814e-06,6.286235585907385e-06,6.5356496346794305e-06
1852,5.172782603040105e-06,4.424583694344619e-06,6.2503234789296084e-06,6.6149490030511514e-06
1853,6.297697293323129e-06,4.548098404484335e-06,6.228716137613648e-06,6.56499342112511e-06
1854,6.296147670986506e-06,4.193842578388285e-06,6.213339138735642e-06,6.53058451935067e-06
1855,5.105596877304682e-06,1.3186408468754962e-05,6.251016102760332e-06,6.253705596827786e-06
1856,8.928073335078402e-06,4.151814337092219e-06,6.22655524788974e-06,6.847478049530765e-06
1857,6.016945514299247e-06,6.790012939745793e-06,6.249404851971324e-06,6.869385027675889e-06
1858,7.812170915713068e-06,1.1987088582827709e-05,6.217264218846848e-06,6.480475462740287e-06
1859,6.434894043599747e-06,4.269668934284709e-06,6.15552376404796e-06,6.665205993704148e-06
1860,7.252977162958511e-06,5.486274167196825e-06,6.24153534216829e-06,7.235472846514312e-06
1861,5.636886580759892e-06,4.6664502951898615e-06,6.389768609228164e-06,7.1592609267099755e-06
1862,5.334044777151171e-06,1.236089643498417e-05,6.326268191029765e-06,7.04554318654118e-06
1863,6.984044955768493e-06,5.595808597718133e-06,6.362787198203378e-06,7.025991453701862e-06
1864,5.716326873476242e-06,6.018231815687614e-06,6.3247619965396665e-06,7.030273556301836e-06
1865,5.952439939089042e-06,4.630343782991986e-06,6.3732362522690296e-06,7.290680519508896e-06
1866,5.838610143958552e-06,4.26725633587921e-06,6.3814158949753625e-06,7.452779005689081e-06
1867,6.4255459771326665e-06,3.949868887502816e-06,6.335048857100549e-06,7.483987048908602e-06
1868,5.595698092090768e-06,1.9127404411847236e-05,6.523725940961516e-06,7.109834199945908e-06
1869,6.463248685880292e-06,4.333568922447739e-06,6.364640791818805e-06,7.181250560824993e-06
1870,6.04164152062165e-06,6.423797567549627e-06,6.434816856138545e-06,7.318861347448548e-06
1871,5.486793578610458e-06,9.221086766046937e-06,6.390484557636633e-06,7.34550799970748e-06
1872,8.016384704711122e-06,1.852777033491293e-05,6.44072770925656e-06,7.3465007448248805e-06
1873,8.583524639915495e-06,4.1335864079883325e-06,6.37820956821492e-06,7.3109953580569726e-06
1874,5.060532788168833e-06,5.226447447057581e-06,6.431376917094491e-06,7.863313136112992e-06
1875,6.4217909059354696e-06,4.268099200999132e-06,6.468205012808742e-06,7.559854366263609e-06
1876,5.244250333918091e-06,3.968429591623135e-06,6.4248051735072905e-06,7.498963964462746e-06
1877,6.384638996274185e-06,1.0934757774521131e-05,6.421744265652605e-06,7.450411996978801e-06
1878,6.5021883609814625e-06,8.600560558988945e-06,6.456886384714583e-06,7.86231685524399e-06
1879,5.13697172411614e-06,4.974043658876326e-06,6.5881918069458665e-06,8.271363898893468e-06
1880,9.822523973828842e-06,3.832587244687602e-06,6.621341715375215e-06,8.415178264840504e-06
1881,4.9509446065106505e-06,5.937223359069321e-06,6.660548240708726e-06,7.876139628933741e-06
1882,7.771347122292758e-06,1.023028260533465e-05,6.692547424225067e-06,7.986390210135142e-06
1883,6.703863453165266e-06,1.2653254889301025e-05,6.703205465520215e-06,7.945829688833326e-06
1884,7.69097283409792e-06,4.2944875622197285e-06,6.668384323428553e-06,7.772873581416204e-06
1885,5.690023636917532e-06,4.5986394979991015e-06,6.605917472754502e-06,7.209417751437285e-06
1886,6.966070302749156e-06,1.8474394746590406e-05,6.5232553709696126e-06,7.1981606739427645e-06
1887,6.254747170007452e-06,4.7744271887495415e-06,6.608274820771639e-06,7.1491082639113286e-06
1888,5.89904897323221e-06,4.073548552696593e-06,6.63653533035055e-06,7.1999254148977325e-06
1889,5.6398041771091e-06,4.804432628588984e-06,6.683949378647311e-06,7.2291049797058795e-06
1890,6.830992915638489e-06,1.4927965239621698e-05,6.658239868071785e-06,6.950200930805294e-06
1891,9.121245699740636e-06,1.4493432427116204e-05,6.6763805387179465e-06,6.910403126312303e-06
1892,7.254293687866367e-06,7.5452280361787416e-06,6.70911954366602e-06,6.961095163933351e-06
1893,6.575861225428525e-06,5.6514385141781534e-06,6.555023152840375e-06,7.230008350961726e-06
1894,7.26322827378883e-06,7.089833452482708e-06,6.5683010702438575e-06,7.19585204969917e-06
1895,6.30809255300038e-06,5.409784535004292e-06,6.5282676111867955e-06,6.953168924883357e-06
1896,4.616265026318918e-06,4.897184080618899e-06,6.461848110888643e-06,6.602775600913446e-06
1897,6.454713437859836e-06,4.441374585439917e-06,6.395290734387041e-06,7.0483719897310945e-06
1898,6.5169720952932645e-06,3.852159470625338e-06,6.459740109251772e-06,7.038225450742175e-06
1899,7.186019033219458e-06,4.000137196271681e-06,6.46174708603616e-06,6.644881943429937e-06
1900,7.128303645408273e-06,5.5385279756592355e-06,6.49073021191321e-06,6.676252958277473e-06
1901,6.42960154133713e-06,4.697918711826787e-06,6.470493321103276e-06,6.671354538775631e-06
1902,5.741901231886004e-06,3.962156552006491e-06,6.479975417945146e-06,7.3509126606950295e-06
1903,6.95570512713554e-06,7.60561544666416e-06,6.52820440021363e-06,6.96839755946712e-06
1904,5.955446847817964e-06,6.24134459940251e-06,6.400132059934548e-06,6.539848729880761e-06
1905,5.970114203187728e-06,1.0555416920396966e-05,6.359934416953668e-06,6.3913447651430035e-06
1906,5.282892541597701e-06,5.0833158275054305e-06,6.335306346793206e-06,6.376543076112286e-06
1907,6.770510645866226e-06,4.1632044849393426e-06,6.307101957807188e-06,6.255090113336338e-06
1908,5.0433759457114824e-06,3.893421790053253e-06,6.2695063855143324e-06,6.211608965168125e-06
1909,6.027038421557841e-06,1.543439728266094e-05,6.306857978456214e-06,6.2465534861985366e-06
1910,7.301258008535822e-06,4.344976023276104e-06,6.32436657724611e-06,6.289685512092548e-06
1911,7.016244722358857e-06,8.64080706378445e-06,6.3133028871864855e-06,6.5805963735328985e-06
1912,6.979325316933682e-06,5.5587025599379555e-06,6.328695628649762e-06,7.899565802654252e-06
1913,5.393126702983863e-06,3.951088065150543e-06,6.405632140821481e-06,7.846392147985172e-06
1914,5.876856598155832e-06,2.1793385676573963e-05,6.377406044258451e-06,7.864358079677915e-06
1915,8.036717472350575e-06,5.365087708923966e-06,6.406114888967649e-06,7.992327354440932e-06
1916,5.919437192763629e-06,3.779711687457166e-06,6.36671330491178e-06,7.933553878683597e-06
1917,6.249352613344349e-06,3.832628917734837e-06,6.349751405852861e-06,7.836206398860667e-06
1918,5.960159471416975e-06,5.281396288410178e-06,6.353412039445378e-06,7.586025643831817e-06
1919,6.558118549138372e-06,4.05350938308402e-06,6.416068277030719e-06,7.599847967503592e-06
1920,5.368203245678968e-06,4.3227558307989964e-06,6.392879191076242e-06,7.738859040546231e-06
1921,5.550054849865976e-06,5.770797106379177e-06,6.405394017848368e-06,7.754480123549002e-06
1922,6.892428407607238e-06,5.519675232790177e-06,6.3918727338305995e-06,7.330595201710821e-06
1923,6.240379843802657e-06,1.1124931006634142e-05,6.362203719193835e-06,7.307607790789916e-06
1924,7.57083756980137e-06,3.69743729243055e-05,6.286610896475195e-06,7.31929222783947e-06
1925,9.051716449701214e-06,4.209186608932214e-06,6.266936087498228e-06,7.547376388174598e-06
1926,5.7239491272614236e-06,5.1470670041453555e-06,6.2674986405302975e-06,7.555534261700814e-06
1927,6.459622349615933e-06,7.161388421081938e-06,6.3509335734731104e-06,7.111612547669212e-06
1928,5.970665525738797e-06,6.136278552730801e-06,6.299277184593344e-06,7.114909834854188e-06
1929,5.531399371344984e-06,3.8076576038292842e-06,6.287894025182243e-06,7.204578680102715e-06
1930,6.061630043000655e-06,4.300898044675705e-06,6.248679596824837e-06,7.401689950347646e-06
1931,6.849298481231219e-06,5.428873919299804e-06,6.3201513466184335e-06,7.38422779722896e-06
1932,6.1907834970043045e-06,7.638481311005307e-06,6.302658554118858e-06,7.433878403389827e-06
1933,5.356246615014647e-06,4.283948865122511e-06,6.298765076947652e-06,7.692689153918763e-06
1934,5.689006321113589e-06,4.837274236706434e-06,6.317381080973267e-06,7.606667887739605e-06
1935,6.559532642616735e-06,3.77029075025348e-06,6.333716079401105e-06,7.531221466706484e-06
1936,5.126424154392832e-06,8.93291799002327e-06,6.34298445844858e-06,7.401653760098271e-06
1937,6.487455092509562e-06,1.1260806568316184e-05,6.298297353734799e-06,6.4284959047654416e-06
1938,5.407190528785577e-06,4.155034903305932e-06,6.214247959461419e-06,6.452355764122331e-06
1939,7.962729921726147e-06,1.0695342825783883e-05,6.245682619131305e-06,6.4268065336364105e-06
1940,6.745307750356409e-06,5.447519888548413e-06,6.227761507862953e-06,6.29221121853334e-06
1941,5.634858207486104e-06,6.021432818670292e-06,6.236801445083983e-06,6.20664007110463e-06
1942,5.268991904409227e-06,8.760410673858133e-06,6.241884738301451e-06,6.205092177697225e-06
1943,7.746953216256871e-06,4.844842460443033e-06,6.197320073847045e-06,6.255603056706604e-06
1944,6.120798736648996e-06,5.294774537105695e-06,6.110828416482643e-06,6.2829510436131386e-06
1945,5.2708663163988e-06,1.0793024594022426e-05,6.1642018442903965e-06,6.346633049179216e-06
1946,6.015454950506359e-06,3.6202654519001953e-06,6.162428582562521e-06,6.61906204331899e-06
1947,7.3008033683032005e-06,3.6335147069621598e-06,6.125037977290048e-06,6.652886727169971e-06
1948,6.472089319989512e-06,7.885738341428805e-06,6.186294730509367e-06,6.874403808251372e-06
1949,6.453659951956878e-06,1.2645426540984772e-05,6.2012329625455705e-06,6.6682443684840115e-06
1950,6.950481592866709e-06,4.805683092854452e-06,6.208268438442449e-06,6.871165063785156e-06
1951,6.509815619008602e-06,4.508336241997313e-06,6.2067206946772385e-06,7.010643921603332e-06
1952,6.011594567907095e-06,3.796505543505191e-06,6.105749631165559e-06,6.751706244176603e-06
1953,6.196663956264577e-06,3.996999867013074e-06,6.087896564491126e-06,6.8391515746043305e-06
1954,5.658481701781663e-06,3.7689602686441505e-06,6.094722895856345e-06,6.786714837653563e-06
1955,4.947513431640497e-06,5.563670019910205e-06,6.162155823989856e-06,6.902354648627806e-06
1956,4.687007047121167e-06,6.112573591963155e-06,6.1131536283735645e-06,6.85510457806231e-06
1957,7.5251191921981645e-06,9.230531450157287e-06,6.101306512917089e-06,6.9360486711957495e-06
1958,5.311915071817768e-06,1.1094673718616832e-05,6.205553193265384e-06,6.738374051928986e-06
1959,4.754241189301764e-06,5.6828913329809435e-06,6.2047968076310805e-06,6.912662778631784e-06
1960,8.090951473099672e-06,9.308217777288519e-06,6.17025402702388e-06,6.912117485626369e-06
1961,5.499879955297931e-06,3.7789319958392297e-06,6.12751507366435e-06,6.784855759906351e-06
1962,6.663341989931521e-06,1.6333823950844816e-05,6.15119509580432e-06,6.516329845908331e-06
1963,5.368496934655317e-06,7.642006348760333e-06,6.103380561014799e-06,6.469959354217281e-06
1964,5.438453333934174e-06,4.221900890115649e-06,6.084342640860997e-06,6.668613749570795e-06
1965,6.298981083495568e-06,7.633653149241582e-06,6.159529168406961e-06,7.509443426533836e-06
1966,5.805516491616597e-06,4.7105143949011105e-06,6.251015200076735e-06,7.5028758754342565e-06
1967,6.954815107746981e-06,1.1651405948214233e-05,6.242126624804061e-06,7.674029821282601e-06
1968,6.521898325849583e-06,3.6635906963056185e-06,6.35942352198779e-06,7.656188998589642e-06
1969,5.824620850237099e-06,7.318376865441678e-06,6.443733725670124e-06,8.63402984723507e-06
1970,7.877033325106215e-06,5.851159112353344e-06,6.433395015301358e-06,8.482339972033516e-06
1971,5.996545309648759e-06,7.97748361947015e-06,6.438144690845448e-06,8.561180835749837e-06
1972,6.4372338531231635e-06,3.6198823818267556e-06,6.484451932313582e-06,8.482817734693525e-06
1973,5.403615486001298e-06,4.704195198428352e-06,6.42520814868072e-06,8.42963973955193e-06
1974,7.0456605054561e-06,5.932278691034299e-06,6.453228401288573e-06,8.446409997122827e-06
1975,5.755118223128698e-06,3.6464208005781982e-06,6.378251413560874e-06,7.958608926128363e-06
1976,6.0338676151635204e-06,9.47469612583518e-06,6.373784920449705e-06,7.997615458589281e-06
1977,7.891257756556216e-06,2.4817247467581183e-05,6.357053150794754e-06,8.267567466100447e-06
1978,8.483814748008929e-06,3.832811089523603e-06,6.366394712070664e-06,8.385876953980188e-06
1979,5.436267319964827e-06,8.047808914852795e-06,6.391158158415542e-06,8.409300470520976e-06
1980,7.879935861233712e-06,5.117649452586193e-06,6.401033377551358e-06,8.38328791942331e-06
1981,6.794762139179511e-06,3.055859480809886e-05,6.430262537550233e-06,8.437870766283596e-06
1982,7.266651432979011e-06,5.4382845701184125e-06,6.436764143210085e-06,8.312126447344782e-06
1983,5.430656960419987e-06,1.3065695311524905e-05,6.360086762975294e-06,8.259059099873412e-06
1984,5.911922226005118e-06,3.723813806573162e-06,6.331404367382575e-06,8.324438478666706e-06
1985,6.609856882278109e-06,7.978767898748629e-06,6.322690524757492e-06,8.320697771705453e-06
1986,6.200386270494265e-06,4.1981884351116605e-06,6.387895970530938e-06,8.308628724626031e-06
1987,4.788917296739075e-06,4.1387971759832e-06,6.361289539240211e-06,8.592015028261811e-06
1988,5.256834606876105e-06,8.617169660283253e-06,6.338812488967152e-06,8.82760315980704e-06
1989,5.020159092560384e-06,1.0970701077894774e-05,6.323171510747569e-06,8.59048838574381e-06
1990,6.5325201153933044e-06,1.059139034623513e-05,6.26865554339828e-06,7.858339282756788e-06
1991,6.4246026502385376e-06,5.296102308420814e-06,6.171745878075146e-06,8.206471550874995e-06
1992,7.201695586142402e-06,1.1001092170772608e-05,6.239676034844404e-06,8.02300336144981e-06
1993,7.252627325821474e-06,5.028161867812742e-06,6.214895907881632e-06,8.083576404169436e-06
1994,5.987160991733415e-06,4.174768891971326e-06,6.155270823607377e-06,7.265712929802248e-06
1995,5.960098819236414e-06,4.524475425569108e-06,6.129482859776342e-06,7.510059081687358e-06
1996,5.27948541983076e-06,9.611968089302536e-06,6.126230066163569e-06,7.136545035609743e-06
1997,6.219387787496089e-06,3.5263647077954374e-06,6.10474014473665e-06,7.1532526955707e-06
1998,7.033751630337469e-06,4.402469021442812e-06,6.1088178045691965e-06,6.98307545062562e-06
1999,6.3804997231879194e-06,1.3016936281928793e-05,6.071869922703222e-06,7.021826561322086e-06
2000,5.19319196630224e-06,9.536124089208897e-06,6.162910250633205e-06,7.0090950084704676e-06
2001,5.642843159673955e-06,3.546826774254441e-06,6.18893849876056e-06,6.928279706698958e-06
2002,6.528358572823991e-06,6.513519892905606e-06,6.230513868528457e-06,6.89159609064518e-06
2003,6.061073114930574e-06,1.2536117792478762e-05,6.246909872586708e-06,6.6228384213900424e-06
2004,7.134521239196248e-06,3.4611041792231845e-06,6.313597589663307e-06,6.569943521390087e-06
2005,7.260432687164414e-06,6.631975520576816e-06,6.255940301950128e-06,6.305229813006007e-06
2006,5.3041350323231505e-06,1.01120079489192e-05,6.1839886548114e-06,6.453585302369901e-06
2007,6.62195233720316e-06,1.1546938367246184e-05,6.149493212210978e-06,6.454971311904955e-06
2008,5.349337120100649e-06,3.7278441595844924e-06,6.1088853312159895e-06,6.418359207236789e-06
2009,5.374674190332169e-06,4.141505305597093e-06,6.1154774410169914e-06,6.327743951624142e-06
2010,6.7117983780917715e-06,3.724336775121628e-06,6.086228795558983e-06,6.4235988411382994e-06
2011,5.276689223844894e-06,5.1669662025233264e-06,6.069322260757165e-06,6.424176660584633e-06
2012,7.06492549498863e-06,3.82050835469272e-06,6.053516810728374e-06,6.178456604902748e-06
2013,5.9075408100600015e-06,6.596787115995539e-06,6.062133345545186e-06,6.092227270346483e-06
2014,6.059543336757795e-06,1.0053610676550306e-05,6.104868497823192e-06,6.171105969769995e-06
2015,6.942420216849617e-06,3.872448614856694e-06,6.131443829124491e-06,6.058740117805427e-06
2016,8.091795577153485e-06,3.973729808421922e-06,6.150570092864252e-06,6.220121754085995e-06
2017,5.7602633933129255e-06,4.383249461170635e-06,6.171279988100449e-06,6.247080833418294e-06
2018,5.453836147353286e-06,8.737049101910088e-06,6.128727260895378e-06,6.155607104665251e-06
2019,5.1247749267228456e-06,4.209419130347669e-06,6.091750985291989e-06,5.994953546542093e-06
2020,4.944901794361714e-06,3.609172808864969e-06,6.0435204209473655e-06,5.8043358858412825e-06
2021,5.444288164855809e-06,7.346586698986357e-06,6.05038649553333e-06,5.8539013833069465e-06
2022,5.488171651045882e-06,5.922736945649376e-06,6.102921660426042e-06,5.869190453086047e-06
2023,6.611088260291985e-06,4.416914507601178e-06,6.048597172189653e-06,6.17259684113378e-06
2024,5.985363472468129e-06,6.873934889881639e-06,6.052052553362349e-06,6.1173279729700875e-06
2025,5.408605336722556e-06,7.380390725302277e-06,5.991695517493808e-06,6.316582077488419e-06
2026,6.711221966624079e-06,5.518794259842252e-06,5.985078368939868e-06,6.3481630579190085e-06
2027,7.1927418553564675e-06,3.704373593791388e-06,5.974458703531127e-06,6.156309444122598e-06
2028,6.539229708424601e-06,1.6570658699492926e-05,5.932822572928369e-06,6.168570208319579e-06
2029,7.652268620101191e-06,4.135081162530696e-06,5.8219916853583234e-06,6.161642763254349e-06
2030,6.196614507037642e-06,4.3451323017507095e-06,5.799977805205951e-06,6.179104146940516e-06
2031,4.37972814223839e-06,6.0956689958402425e-06,5.857539116611103e-06,6.05863739947381e-06
2032,5.416188228587594e-06,6.781496849725954e-06,5.916835957234273e-06,6.452050223379046e-06
2033,5.520988984749743e-06,4.966981596226105e-06,5.9342897651933735e-06,6.489688692090567e-06
2034,6.688053312649976e-06,4.523732050074614e-06,5.88954584325418e-06,6.333206795170555e-06
2035,5.353686172182077e-06,1.1309496476314963e-05,5.861737961802444e-06,6.429098505395814e-06
2036,5.3630737531623e-06,3.785244498430984e-06,5.84778450601233e-06,6.396483802382136e-06
2037,5.555999598275068e-06,8.80186096765101e-06,5.814060790827271e-06,6.364682905405062e-06
2038,5.742112096211511e-06,7.386311626760289e-06,5.9138498892126434e-06,6.294155468640384e-06
2039,5.794051701539299e-06,5.25727033164003e-06,5.880481230552606e-06,6.231376220239327e-06
2040,5.90151695178065e-06,4.178967719781212e-06,5.835940895930334e-06,6.430650375841652e-06
2041,5.321023387902339e-06,3.800543681791169e-06,5.7761888288546795e-06,5.945929651352345e-06
2042,5.209916389503633e-06,4.8197840533248385e-06,5.662203197506541e-06,6.168687334866264e-06
2043,6.892868932482088e-06,5.725380415242398e-06,5.629276345199388e-06,6.223713906729245e-06
2044,6.6071959423020925e-06,1.4044739727978595e-05,5.7351262320379545e-06,6.264438395373873e-06
2045,5.38124699333922e-06,4.550134526652983e-06,5.736862360532137e-06,6.244301129117957e-06
2046,4.325690116375982e-06,3.434539275986026e-06,5.772935446576513e-06,6.22112899327476e-06
2047,4.792974614752489e-06,8.320029701280874e-06,5.721926451668777e-06,6.190395803787395e-06
2048,6.262251865539131e-06,3.6015469322592253e-06,5.749922236848054e-06,5.956567038447245e-06
2049,5.142270592841669e-06,6.078912465454778e-06,5.772788818123647e-06,5.94177854436566e-06
2050,7.90333279635686e-06,5.6172048061853275e-06,5.762396488231995e-06,6.06691124048666e-06
2051,5.877005500123131e-06,3.949313049815828e-06,5.85615489896251e-06,5.968140848563051e-06
2052,6.079233489799663e-06,8.686227483849506e-06,5.860865222388788e-06,5.920028593391179e-06
2053,5.045428031533245e-06,4.452640587260248e-06,5.865471929428167e-06,5.971918812065268e-06
2054,4.802627836397733e-06,9.704023250378669e-06,5.896904831105428e-06,6.035069134668448e-06
2055,5.373443199358816e-06,5.7207965983252506e-06,5.919681921134017e-06,6.37828990838898e-06
2056,7.025975313202556e-06,7.113781211955939e-06,5.883227890768062e-06,6.332124786058559e-06
2057,5.459591440942151e-06,6.278065193328075e-06,5.8409844172274455e-06,5.99737611009914e-06
2058,6.4228161358591425e-06,4.3876782001461835e-06,5.879444820877526e-06,6.095451916553429e-06
2059,5.412828439956583e-06,3.75540231289051e-06,5.936743443615139e-06,6.240213500859682e-06
2060,6.053580801663985e-06,5.463777342811227e-06,5.960806085507404e-06,6.063776186783798e-06
2061,5.934738285052137e-06,3.4155321463913424e-06,5.921305759834972e-06,6.811558000845252e-06
2062,5.2961913509837665e-06,1.1930178370676003e-05,5.941100807932444e-06,6.7480540532415025e-06
2063,8.086072364474402e-06,4.917051828670083e-06,5.851879252259096e-06,6.658831932509201e-06
2064,5.911809787196236e-06,4.054463952343212e-06,5.931793700276306e-06,6.64125528128352e-06
2065,6.016684627765143e-06,5.4762231866334335e-06,6.000276832532513e-06,6.616035701154033e-06
2066,6.106845929833879e-06,5.379301746870624e-06,6.037029771121323e-06,6.608188339669141e-06
2067,5.7793436402183335e-06,1.3400303396338132e-05,6.058165932902032e-06,6.402471740875625e-06
2068,5.9815181733332185e-06,4.571252356981859e-06,6.049664561255163e-06,6.362468953011557e-06
2069,5.551109103786682e-06,5.676022828993154e-06,5.968182820490459e-06,6.423645220638717e-06
2070,6.342757084591237e-06,7.002029688010225e-06,5.952279056388459e-06,6.486731905897613e-06
2071,5.758155684816302e-06,7.053578883642331e-06,5.901310504486901e-06,6.458765302159007e-06
2072,5.3945406620591205e-06,3.909096849383787e-06,5.971409783281464e-06,6.449933865587809e-06
2073,5.274743723728331e-06,2.2296092283795587e-05,6.010673574281908e-06,7.067583621028461e-06
2074,5.6371467952784665e-06,4.49131377536105e-06,5.989351945431231e-06,7.104352556052618e-06
2075,5.672793904523133e-06,3.3866517878777813e-06,5.987872238579763e-06,6.767382532780175e-06
2076,7.874866700553361e-06,3.5098967691737926e-06,5.883552057881996e-06,6.752904745735579e-06
2077,7.79131179620486e-06,8.055737980612321e-06,5.8226752651131e-06,6.745626686097241e-06
2078,5.964251496253483e-06,4.2564565501379545e-06,5.788893895401594e-06,6.677668029078634e-06
2079,5.331031880915462e-06,4.561108280540793e-06,5.753762801638609e-06,6.661459178212682e-06
2080,5.160908908187088e-06,4.720726901723538e-06,5.741868068839216e-06,6.312604721097161e-06
2081,4.988931794084945e-06,8.643187902634963e-06,5.714769555965579e-06,6.271197343448877e-06
2082,5.061997338392151e-06,7.855232324800453e-06,5.8133556831307924e-06,6.20385773399903e-06
2083,5.148602338320213e-06,3.688513106681057e-06,5.826139512848587e-06,6.241867239805288e-06
2084,7.165310409820652e-06,3.534616398610524e-06,5.820439811415982e-06,6.21321290054766e-06
2085,7.035175576675101e-06,2.0905021228827538e-05,5.836609183501827e-06,6.2026508701819696e-06
2086,5.401697563785193e-06,4.334755521995248e-06,5.810867981724894e-06,5.521311828852049e-06
2087,5.259198679697066e-06,3.5059277888649377e-06,5.815766996642601e-06,5.7621570766059456e-06
2088,5.478067847030211e-06,4.555107152555138e-06,5.7837000615917435e-06,5.943451199345873e-06
2089,4.389889967973835e-06,3.872512461384759e-06,5.6653713117864555e-06,5.963900253118482e-06
2090,5.172150384977511e-06,3.777256761168246e-06,5.604105226282426e-06,5.947147661208874e-06
2091,5.228568585759301e-06,4.974080475221854e-06,5.584045113432189e-06,5.960165240321658e-06
2092,5.481975320233485e-06,4.67894196845009e-06,5.5793355844192165e-06,5.944050808830071e-06
2093,5.304055351492328e-06,3.5360679157747655e-06,5.619367397412134e-06,6.0414385730837245e-06
2094,8.015762282917017e-06,3.992532592747011e-06,5.6597911910608275e-06,5.868021928836243e-06
2095,6.662352827536072e-06,7.952267333166674e-06,5.675367912752133e-06,5.735490425286117e-06
2096,5.615663149001193e-06,6.337220402201637e-06,5.683401636290202e-06,5.774935098088464e-06
2097,5.798774964205222e-06,3.6450460902415216e-06,5.7651628757311194e-06,6.246182697213953e-06
2098,4.631213679304993e-06,5.26261625054758e-06,5.71692595765651e-06,5.5585220179636964e-06
2099,5.7596221682211356e-06,1.0512444969208446e-05,5.759632420752797e-06,5.532014610071201e-06
2100,4.871120528251696e-06,7.919004856375977e-06,5.77226459323962e-06,5.744869404225029e-06
2101,4.916647955421164e-06,4.021123113489011e-06,5.749628945361311e-06,5.761401023846702e-06
2102,6.259659658604101e-06,7.636923182872124e-06,5.758115320168143e-06,5.7481450319755825e-06
2103,5.462748674997582e-06,4.581896027957555e-06,5.7455619589139426e-06,6.1656750822294275e-06
2104,5.213293655591163e-06,4.15824749325111e-06,5.761112420623247e-06,6.0976839238719555e-06
2105,6.161704233010015e-06,7.155421008064877e-06,5.8165941069900205e-06,6.0877580544911335e-06
2106,5.99952663530227e-06,4.307771796447923e-06,5.829447390654725e-06,6.146311427073671e-06
2107,5.451415380674815e-06,4.5419447360472985e-06,5.723983130216462e-06,6.147505731496495e-06
2108,5.349445426771934e-06,4.674629926739726e-06,5.7376230219435645e-06,5.966605989669917e-06
2109,9.209341395843593e-06,1.5315806376747786e-05,5.718694259950199e-06,5.874312835658203e-06
2110,5.829252624809871e-06,3.713504247571109e-06,5.678130621789831e-06,5.9504939301405124e-06
2111,6.469359141192399e-06,3.6720703246828634e-06,5.722462084284214e-06,5.901322684439949e-06
2112,5.575002991867627e-06,8.827297642710619e-06,5.729733952891063e-06,5.6301257944142e-06
2113,4.912176650072474e-06,4.968397643096978e-06,5.738386970289058e-06,5.452364591110382e-06
2114,4.602049338144651e-06,3.5411126646067713e-06,5.734922518584225e-06,5.523452286070097e-06
2115,4.858316353622488e-06,1.4215508017514366e-05,5.70498535930205e-06,5.774644382108818e-06
2116,5.6173301284919335e-06,3.2743015162850496e-06,5.720975919191714e-06,5.793392187842983e-06
2117,6.869017479402828e-06,4.43079523392953e-06,5.841367773124756e-06,5.873331237671664e-06
2118,5.625387443109907e-06,4.999902230338193e-06,5.793388312587114e-06,5.77095271073631e-06
2119,5.3791557719604395e-06,4.022390203317627e-06,5.737346892985646e-06,5.895177401544059e-06
2120,7.00335012071365e-06,3.4297737875021995e-06,5.733570256678732e-06,6.471493663775618e-06
2121,5.142444099167026e-06,4.029891551908804e-06,5.735717789523027e-06,6.42058061566786e-06
2122,4.784684010196038e-06,5.549573452299228e-06,5.598604166152655e-06,6.022620890144026e-06
2123,5.739500241664548e-06,4.0333351080334975e-06,5.552751863433514e-06,6.008290613317514e-06
2124,5.941418883392342e-06,3.7325227185647235e-06,5.517217922008261e-06,6.000985219361611e-06
2125,5.087445963201592e-06,3.474974773780559e-06,5.515578759028965e-06,5.791014072383406e-06
2126,4.830036662800315e-06,5.798315487481886e-06,5.55323230776897e-06,5.766802503785585e-06
2127,5.511230676549733e-06,1.3916725583840161e-05,5.607693483074804e-06,5.7518375106155884e-06
2128,5.862512672239164e-06,5.05059117131168e-06,5.6269212050715896e-06,5.50634799656109e-06
2129,8.2230900039172e-06,6.156723738968139e-06,5.6463743761317645e-06,5.681230179834529e-06
2130,4.9622177195690004e-06,4.5959578346810304e-06,5.610670651892885e-06,5.825811503382284e-06
2131,4.598491145265547e-06,7.413389066641685e-06,5.589068291899618e-06,5.7679518879012915e-06
2132,5.3569994730019564e-06,1.894985129183624e-05,5.569306141276481e-06,6.129262079412002e-06
2133,5.403133747879312e-06,3.401803724045749e-06,5.5168527077815574e-06,6.3129670972557505e-06
2134,5.781500811584313e-06,5.366813238651957e-06,5.533567532660931e-06,6.29266264186299e-06
2135,4.682945056831361e-06,3.355247326908284e-06,5.577099502988859e-06,6.211506159888814e-06
2136,5.581010605561056e-06,3.489435475785285e-06,5.530122299589695e-06,6.192459397425411e-06
2137,5.534023917385235e-06,3.578018968255492e-06,5.4674101279993536e-06,6.21318179582886e-06
2138,5.853515368572618e-06,4.363108428151463e-06,5.527550549070133e-06,6.260261675561197e-06
2139,5.963578720790489e-06,3.1669878353568494e-06,5.540672125183242e-06,6.2868570737919075e-06
2140,5.33900940354215e-06,8.078270166151924e-06,5.5624221588206856e-06,5.86178231278609e-06
2141,6.103659404996304e-06,7.646356098121032e-06,5.527161835844811e-06,5.81193185862503e-06
2142,5.976424373430847e-06,8.04532832262339e-06,5.407095702078855e-06,5.808387329307151e-06
2143,5.085328443278235e-06,3.55341184331337e-06,5.400450822384706e-06,5.909187932411442e-06
2144,4.885102006382012e-06,1.30551449910854e-05,5.4846136364681635e-06,5.775761488621355e-06
2145,5.69201428334054e-06,8.022399233595934e-06,5.47892013728415e-06,5.1639486617204956e-06
2146,5.560314721151372e-06,3.522280167089775e-06,5.491054346303929e-06,5.202382904826662e-06
2147,5.872983268394213e-06,3.5206614029448246e-06,5.502781033929853e-06,5.160118563799187e-06
2148,4.565070156685478e-06,3.5571660464484013e-06,5.521738483164681e-06,5.302299158574896e-06
2149,4.373614593633748e-06,4.2505826786509716e-06,5.564911561102944e-06,5.319445808709133e-06
2150,6.590956489971076e-06,4.65197176708898e-06,5.525607540483989e-06,5.301928498738561e-06
2151,5.158076065628039e-06,6.4632004432496615e-06,5.579190137117016e-06,5.4920101218158374e-06
2152,6.054981517485835e-06,3.289856558694737e-06,5.56227510820059e-06,5.548970295058098e-06
2153,4.9810045978423055e-06,3.8043298172851793e-06,5.5613307399956595e-06,5.372997287122417e-06
2154,5.221436659768288e-06,6.0681105060211845e-06,5.535376248331483e-06,5.565151509290446e-06
2155,4.796095727215288e-06,7.115972912288271e-06,5.528974790973331e-06,5.377369698544499e-06
2156,6.702561497351982e-06,4.0777279718895445e-06,5.5781173661671345e-06,5.3787686967552874e-06
2157,5.21466199340163e-06,3.6545306193147554e-06,5.5720396303917775e-06,5.354482247275883e-06
2158,5.7064889733737804e-06,4.362659801699919e-06,5.520649479795894e-06,5.385212433247944e-06
2159,6.074668002232405e-06,4.31020471296506e-06,5.475498454688932e-06,5.3772635848872604e-06
2160,5.156881287702062e-06,6.909762196301017e-06,5.507144840723615e-06,5.452932725893334e-06
2161,6.660337554017638e-06,3.918101729141199e-06,5.511232641219976e-06,5.459514118047083e-06
2162,4.551423401911355e-06,3.1400862189912005e-06,5.5758353081020884e-06,5.6968614026118305e-06
2163,7.193080284398295e-06,9.115149005083367e-06,5.513295440808481e-06,5.648593507066836e-06
2164,5.540702997879837e-06,4.590992166413343e-06,5.502335630363732e-06,5.5386045565683166e-06
2165,5.315400198418906e-06,3.6789449677598896e-06,5.46999245966112e-06,5.555391127199983e-06
2166,5.454797113391881e-06,1.2450211652321741e-05,5.527500420834662e-06,5.563985903427237e-06
2167,5.816387939477055e-06,3.3507830539747376e-06,5.542186652625484e-06,5.475951452899608e-06
2168,6.313892823123347e-06,3.5883867985830873e-06,5.603896753220599e-06,5.339664032726432e-06
2169,4.733158611998078e-06,1.2447983754100279e-05,5.502659186458914e-06,5.382894238209701e-06
2170,4.40726051844346e-06,8.790653882897459e-06,5.494968067109262e-06,5.40016238373937e-06
2171,4.431539093477315e-06,3.323558958072681e-06,5.4610871300408505e-06,5.392964351631235e-06
2172,6.664142919261293e-06,5.412389928096673e-06,5.407298556565367e-06,5.5677948388620275e-06
2173,4.667265169094511e-06,3.721700850292109e-06,5.431346900129737e-06,5.578998124838108e-06
2174,5.988681265686561e-06,1.0184264792769682e-05,5.4298574526304345e-06,5.74796829787374e-06
2175,5.0274598076309e-06,3.4452743784640918e-06,5.4876461199253554e-06,5.796173932321836e-06
2176,4.884080804509317e-06,3.713476680786698e-06,5.408273855290543e-06,5.563908912881743e-06
2177,5.2464022499205184e-06,3.7095208244863896e-06,5.392691880438684e-06,5.557668707842822e-06
2178,6.4187036271808515e-06,4.019199222966563e-06,5.454311616429348e-06,5.56244101098855e-06
2179,5.588592454538836e-06,3.867249242830439e-06,5.433199572103654e-06,5.263171367914764e-06
2180,6.338848242093162e-06,3.70878740795888e-06,5.446169761206773e-06,5.268139371401048e-06
2181,4.171622328309847e-06,5.158483108971268e-06,5.364315039453989e-06,5.264751426511793e-06
2182,5.022384009660325e-06,4.086234257556498e-06,5.347451836213521e-06,4.9151516181154874e-06
2183,4.859465546663462e-06,4.182708998996531e-06,5.361262851470706e-06,4.793312236506609e-06
2184,4.729953665345319e-06,8.680966893734875e-06,5.391451192917885e-06,5.081271993185511e-06
2185,5.758089876811331e-06,7.1898443457030225e-06,5.385624351806149e-06,4.993089917843464e-06
2186,6.623101366535088e-06,8.142356055031996e-06,5.415657517490521e-06,4.974052410761943e-06
2187,5.996140084284384e-06,4.345227080193581e-06,5.407471762050084e-06,4.698577985618613e-06
2188,5.2087736685280105e-06,3.3085235190810636e-06,5.4068969325372655e-06,4.819669610515122e-06
2189,5.1511536265833355e-06,4.434987040440319e-06,5.43196515730718e-06,5.076919362181798e-06
2190,6.855893598185503e-06,3.7982525464030913e-06,5.4755191881769054e-06,5.157988639984979e-06
2191,4.926996005249546e-06,4.968470575477113e-06,5.416714419940642e-06,5.187289963214426e-06
2192,6.140642667055039e-06,3.4749831411318156e-06,5.3683815024366296e-06,5.167825252283365e-06
2193,4.267524779303736e-06,3.503688176351716e-06,5.3432646474700765e-06,5.637252135784365e-06
2194,4.311578530986379e-06,3.707988544192631e-06,5.4475925263735326e-06,5.785303944139741e-06
2195,4.752535899873086e-06,5.744669342675479e-06,5.477017753582916e-06,5.91688834465458e-06
2196,5.186247629656767e-06,1.0522552875045222e-05,5.469800163902823e-06,5.895118981788983e-06
2197,6.518471891467925e-06,3.207838044545497e-06,5.4960574525264556e-06,5.68625062405772e-06
2198,5.418094311203782e-06,3.2457631732540904e-06,5.456509893378503e-06,5.561506303274654e-06
2199,5.784037379675687e-06,3.297404164186446e-06,5.3721061765019044e-06,5.55776919827622e-06
2200,5.0130890698104246e-06,6.472565000876785e-06,5.394582099446175e-06,5.923950940996292e-06
2201,5.5107864237571545e-06,1.0144720472453627e-05,5.3742820642987186e-06,5.928292385942768e-06
2202,6.33525302166365e-06,5.736252769565908e-06,5.398731198086656e-06,5.917341181702795e-06
2203,4.9485844212742655e-06,4.751732303702738e-06,5.316015342294931e-06,6.021482440337423e-06
2204,4.380269516938521e-06,3.3806314695539185e-06,5.341603041536777e-06,5.950902100084932e-06
2205,5.710926867929326e-06,1.5444459495483898e-05,5.346834627339882e-06,6.004201762698358e-06
2206,6.7798193008962295e-06,8.85977831785567e-06,5.415035097535616e-06,6.0195959860720905e-06
2207,5.758014689894884e-06,7.3758442704274785e-06,5.507460701462857e-06,6.005280873068841e-06
2208,4.6790258046611495e-06,3.6384749273565833e-06,5.526137488110787e-06,5.997760861646384e-06
2209,5.386385880936157e-06,3.4592579504533204e-06,5.517736023446358e-06,5.708118969778297e-06
2210,4.769400898112508e-06,4.0712363261263815e-06,5.4495345081300495e-06,5.792151769492193e-06
2211,4.5130084446201284e-06,8.048928430071101e-06,5.4523376058467765e-06,5.838453516480513e-06
2212,6.558038157891133e-06,1.3499770648195409e-05,5.457063031371944e-06,5.847807065583766e-06
2213,4.701272789841621e-06,3.41705964274297e-06,5.433395667134592e-06,5.7259317909483804e-06
2214,5.762381971281785e-06,4.1612069344409976e-06,5.42277738132826e-06,5.457535011737491e-06
2215,4.787997203392378e-06,6.401784012268763e-06,5.359811581234275e-06,5.504589668635163e-06
2216,5.566688486295688e-06,3.203962069164845e-06,5.428706102844038e-06,5.4921507380640835e-06
2217,6.271432312132674e-06,4.807474706467474e-06,5.48154123788562e-06,5.799761341040721e-06
2218,5.972536534197085e-06,3.888543760695029e-06,5.563365339943023e-06,5.312346587743379e-06
2219,6.622218629167441e-06,3.3501107191113987e-06,5.5178593291505714e-06,5.090053236199311e-06
2220,5.219455566071297e-06,5.55666905711405e-06,5.4687394867162055e-06,4.918280115089147e-06
2221,4.976211013046041e-06,3.281505578343058e-06,5.445596156348781e-06,4.91162201651605e-06
2222,4.8134340085602565e-06,5.308658037392888e-06,5.4057200828841215e-06,4.957611264399021e-06
2223,5.488171754121948e-06,4.403306847962085e-06,5.410919417904048e-06,5.047838215250523e-06
2224,5.9021730178048734e-06,3.531242891767761e-06,5.471540833251413e-06,5.0049527300870985e-06
2225,4.4214049638766385e-06,3.4256831349921412e-06,5.417589805973776e-06,4.7208587850036565e-06
2226,5.24532927859885e-06,3.434800992181408e-06,5.46564833005808e-06,4.9050731457100475e-06
2227,4.761108019314027e-06,6.912619192007696e-06,5.434320289603219e-06,4.914370808182866e-06
2228,6.670947461518355e-06,4.440759039425757e-06,5.433181044089806e-06,5.144244744224124e-06
2229,5.701147892978043e-06,1.1070896543969866e-05,5.447420263761969e-06,5.141622302835458e-06
2230,7.756529419364395e-06,3.2590906630503014e-06,5.429105589802122e-06,5.1304004631674615e-06
2231,5.642169031084955e-06,3.3024445292539896e-06,5.415893514196392e-06,5.168595341456239e-06
2232,4.530018629035718e-06,3.0815162426733877e-06,5.360090314136161e-06,5.193004960165126e-06
2233,4.1004425454755415e-06,3.472022463029134e-06,5.341391267827729e-06,5.098775664737331e-06
2234,4.38948404431964e-06,4.608989147527609e-06,5.3416674614001964e-06,5.292024781010696e-06
2235,4.899384273610647e-06,6.326910097413929e-06,5.32649571402241e-06,5.245220117649297e-06
2236,6.028543828304262e-06,6.976791300985497e-06,5.2832155841921734e-06,5.247172141389456e-06
2237,5.209262475950204e-06,6.397422021109378e-06,5.2350119754111e-06,5.236836622134433e-06
2238,5.902735891949205e-06,8.022418660402763e-06,5.2367551581483e-06,5.341206786033582e-06
2239,4.979180959910284e-06,4.393648496261449e-06,5.208195874668795e-06,5.371869658119976e-06
2240,4.759516065557061e-06,1.214863241330022e-05,5.350401769141578e-06,5.222766050428618e-06
2241,5.922668978099763e-06,3.1384010344481796e-06,5.306026938706055e-06,5.488217236415949e-06
2242,5.8135654631365064e-06,4.526928714767564e-06,5.310305496742432e-06,5.16686589216988e-06
2243,5.64223464405384e-06,4.843415717914468e-06,5.178651464100566e-06,5.2116090049821655e-06
2244,5.227138627661689e-06,3.960351186833577e-06,5.142176933986775e-06,5.308989602417569e-06
2245,4.751979408360462e-06,3.2009366714191855e-06,5.144960644631485e-06,5.9349421459046435e-06
2246,4.9831158523577165e-06,8.11273348517716e-06,5.138914396290299e-06,5.932410669993261e-06
2247,4.434140324115611e-06,4.1385414533579025e-06,5.17783327658334e-06,5.871775671766956e-06
2248,4.406168508366035e-06,4.452107441466069e-06,5.171560877170123e-06,5.785039814873018e-06
2249,4.697082798278037e-06,3.2728549103921976e-06,5.234701332402538e-06,5.707285874450465e-06
2250,4.464984532306617e-06,6.0349372324708385e-06,5.190346701197591e-06,5.613447979339982e-06
2251,4.531347191611227e-06,4.201372794341296e-06,5.151821935922068e-06,5.41635724293883e-06
2252,8.316255381133588e-06,3.185028999723727e-06,5.191840428213051e-06,5.376632111801882e-06
2253,5.561576700630313e-06,1.1077038689109031e-05,5.188730985315082e-06,5.020919616436005e-06
2254,5.8081118438874705e-06,3.037112937818165e-06,5.1217994854192105e-06,5.014349019620568e-06
2255,4.465178603317731e-06,4.377668483357411e-06,5.205627576793227e-06,5.205020112771308e-06
2256,4.730305778240209e-06,5.7369594651390795e-06,5.180551250972106e-06,5.147456795020844e-06
2257,4.599611395153463e-06,1.8730329829850235e-05,5.151142535820934e-06,5.159221067879116e-06
2258,3.949286336945888e-06,3.4087355652445696e-06,5.266950451085803e-06,5.203097114281264e-06
2259,5.362456051645697e-06,3.0931141918699723e-06,5.255470029139057e-06,5.0463483334169725e-06
2260,4.742574288280189e-06,4.158513675065478e-06,5.25936765861843e-06,5.262080074680853e-06
2261,7.607055209114656e-06,5.032942790421657e-06,5.292006503946646e-06,5.215314746237709e-06
2262,4.100396695826526e-06,4.05147464334732e-06,5.341824990500754e-06,6.2280391444801364e-06
2263,4.939616760061148e-06,3.0951502503739902e-06,5.438312806998307e-06,6.108598654100206e-06
2264,5.979643267184858e-06,3.400520217837766e-06,5.452888793802735e-06,6.066502730027423e-06
2265,4.6817799931078395e-06,3.2558200291532557e-06,5.285428769699743e-06,6.128506951426971e-06
2266,4.249381480702949e-06,2.974136114062276e-06,5.260768201353332e-06,6.1541222512460084e-06
2267,7.909267747486915e-06,9.293706043536076e-06,5.23877963486383e-06,6.159300386570977e-06
2268,5.015326498525812e-06,3.404332774152863e-06,5.2975215960234184e-06,6.158689880612655e-06
2269,4.491920748882371e-06,4.254458008290385e-06,5.288990739144436e-06,6.083199866043288e-06
2270,7.64717728998221e-06,4.2978378314728615e-06,5.294046147294769e-06,5.544163545346238e-06
2271,4.696105303689061e-06,4.194013963569887e-06,5.338649960625237e-06,5.590176343685016e-06
2272,4.53158106109994e-06,9.531834984954913e-06,5.357783075972595e-06,5.726343036076287e-06
2273,5.2221396415714275e-06,3.282974230387481e-06,5.407798915035123e-06,5.825682253635024e-06
2274,5.942544962130746e-06,2.859096486645285e-05,5.318933221577834e-06,5.823937679087976e-06
2275,6.877179944745472e-06,3.0489249729725998e-06,5.399707877384368e-06,5.794311851786915e-06
2276,4.8957468617219194e-06,3.1489746925217333e-06,5.35738330897099e-06,5.787368737583165e-06
2277,4.129754778558789e-06,4.735134534712416e-06,5.3148519856121206e-06,5.840213488045265e-06
2278,4.94506249197002e-06,1.1717421184584964e-05,5.330410959262129e-06,5.844268006330822e-06
2279,5.258397681649916e-06,3.1665663209423658e-06,5.376209533642395e-06,6.18274261651095e-06
2280,5.933727632307435e-06,4.362405834399397e-06,5.2422361608478235e-06,6.220497584581606e-06
2281,4.517034356265665e-06,3.8497091009048744e-06,5.234373424819851e-06,6.217980375004117e-06
2282,4.725996598911782e-06,5.2544218124239704e-06,5.331595172133852e-06,6.204674052423797e-06
2283,5.064381670207593e-06,4.55905552371405e-06,5.2314723042299094e-06,6.159722462325589e-06
2284,5.840783935329657e-06,6.497281501651741e-06,5.210449469086598e-06,6.1442145728506145e-06
2285,5.99297026484338e-06,6.641994114033878e-06,5.2507401623895735e-06,5.902694182077539e-06
2286,5.385412872682435e-06,4.9893284267454875e-06,5.2447452253545654e-06,5.901619809810654e-06
2287,6.1197630909898884e-06,3.3108289608207996e-06,5.182800624202679e-06,5.201050312098232e-06
2288,3.881502549726671e-06,2.9215723952802362e-06,5.120963928695549e-06,5.2818555257545095e-06
2289,4.916360183213126e-06,4.7216389793902635e-06,5.173206299716387e-06,5.315001109556761e-06
2290,5.0707543343580454e-06,3.357182986292173e-06,5.225599715029401e-06,5.24155167513527e-06
2291,5.394345840209604e-06,1.1436001368565485e-05,5.257604024740836e-06,4.947340165381319e-06
2292,4.559933427622632e-06,1.0237580245302524e-05,5.223560718897919e-06,5.13033056158747e-06
2293,4.818758097826503e-06,3.3414025347155984e-06,5.216748660334109e-06,5.086130218114703e-06
2294,6.922464431732401e-06,3.921799943782389e-06,5.200035605897331e-06,5.077532064024125e-06
2295,5.144105592383615e-06,3.174048079017666e-06,5.197630032428909e-06,4.991722685736021e-06
2296,4.170534425106275e-06,3.8063167266955134e-06,5.164839768783874e-06,5.082363415203871e-06
2297,5.538848393674319e-06,3.4938252156280216e-06,5.1669764450909695e-06,5.1402411689196006e-06
2298,5.072266215696194e-06,3.2561149237153588e-06,5.235069704010836e-06,5.590001494056195e-06
2299,4.3939299333336145e-06,1.1076727423642296e-05,5.229377694053659e-06,5.523170081869466e-06
2300,5.331262557067223e-06,5.069055314379511e-06,5.236487466976946e-06,5.838363290240521e-06
2301,6.201806137242885e-06,3.977614287578035e-06,5.320939112001118e-06,5.8445558992389125e-06
2302,5.439590161384128e-06,2.898898674175143e-06,5.292582803445434e-06,5.821078953886172e-06
2303,5.7451702347558845e-06,4.362133440736216e-06,5.2554983926812474e-06,5.888704087192309e-06
2304,4.407315035576984e-06,7.741326226096134e-06,5.2209663608462296e-06,5.568125641002552e-06
2305,5.763426168212188e-06,3.2573972475802292e-06,5.2054262445785244e-06,5.273224199481774e-06
2306,4.099207995346256e-06,3.6347552486404312e-06,5.195857622857147e-06,5.263182804628741e-06
2307,4.665857262201219e-06,3.1091873552213655e-06,5.166886055566364e-06,5.438244767719878e-06
2308,4.244625079081743e-06,6.825073760410305e-06,5.183947890469022e-06,5.491719700148677e-06
2309,5.894200843007032e-06,7.944225344544976e-06,5.210386223653688e-06,5.529113898592186e-06
2310,7.695301737840055e-06,1.788600224244874e-05,5.2006990132011014e-06,5.5120460525358785e-06
2311,5.243112623753e-06,3.3185431220772443e-06,5.181732227033031e-06,5.81710775331885e-06
2312,6.29750741407204e-06,1.1190659170097207e-05,5.224732006334105e-06,5.695789231322123e-06
2313,5.9927936753309845e-06,3.076387620239984e-06,5.187475592214875e-06,5.761493461977806e-06
2314,4.207452469321045e-06,4.1347153455717486e-06,5.12891326284767e-06,5.747041292852373e-06
2315,4.1436440652533845e-06,5.0478113189456055e-06,5.106860621870308e-06,5.755723307811422e-06
2316,4.531045044334153e-06,3.4215402138215723e-06,5.077428734047216e-06,5.717287903462419e-06
2317,4.1714305209299915e-06,2.865044207283063e-06,5.059898367936613e-06,5.526610619563143e-06
2318,4.579542554792068e-06,3.0903676633897705e-06,5.07781173301838e-06,5.710835921854595e-06
2319,6.198175249462818e-06,8.298349021060858e-06,5.136426040290745e-06,5.97559040361375e-06
2320,5.57065146495006e-06,4.510921389737632e-06,5.1979856388344255e-06,6.090059338021091e-06
2321,4.831492754722906e-06,4.741171687783208e-06,5.195226984283685e-06,6.042483715282287e-06
2322,5.296668132359628e-06,3.067129064220353e-06,5.225460733648408e-06,6.225607947999379e-06
2323,4.598096561494458e-06,1.0882657443289645e-05,5.10699881041445e-06,5.6641541541466725e-06
2324,5.46892441586048e-06,8.043764373724117e-06,5.0857374317880975e-06,5.658280841817032e-06
2325,4.399852204086427e-06,6.711661080771592e-06,5.036657949050195e-06,5.8600701038812985e-06
2326,4.737747903062781e-06,3.616310059442185e-06,4.991965981490567e-06,5.865429189361749e-06
2327,4.888274136950106e-06,3.1159490481513785e-06,4.993665727771359e-06,5.961459167519934e-06
2328,5.009373039178576e-06,3.401248332011164e-06,5.03075990869143e-06,5.930345928209135e-06
2329,3.969055882811921e-06,2.974394128614222e-06,5.024157685066812e-06,5.9262909453536845e-06
2330,6.211260295256377e-06,7.863029804866527e-06,5.072322196408802e-06,6.0633690583927095e-06
2331,5.564565677155365e-06,1.025361729261931e-05,5.076762218130979e-06,6.109768592432375e-06
2332,6.204847225793249e-06,5.970910715404898e-06,5.0456073444972075e-06,5.89901442072005e-06
2333,4.175658715313249e-06,5.635683191940189e-06,5.010531775062392e-06,6.1186739076219965e-06
2334,6.6500445771250975e-06,1.2522331162472256e-05,5.0230299965632074e-06,6.1640503576199995e-06
2335,4.733753656991111e-06,3.849657396131079e-06,5.026682203101195e-06,6.179388912278228e-06
2336,4.711578158094198e-06,3.171710313836229e-06,5.025963100666155e-06,5.874048656187369e-06
2337,5.070520345624471e-06,1.623539072170388e-05,4.9681183462073225e-06,5.6965766554640135e-06
2338,4.875494486340257e-06,3.210364757251227e-06,5.049700627366999e-06,5.574352225448819e-06
2339,4.24994612634085e-06,6.53546479952638e-06,5.041650182869894e-06,5.672880373094813e-06
2340,5.070998588255154e-06,4.26998033617565e-06,5.013969465087738e-06,5.70938582823146e-06
2341,4.365989453718713e-06,3.320165642435313e-06,5.0713022739122e-06,5.7034693469177e-06
2342,5.375543304479732e-06,6.2919970332586676e-06,5.127794519325511e-06,5.7040448449697566e-06
2343,4.690543097846482e-06,4.250356014381396e-06,5.0992967769060565e-06,5.5340384638839155e-06
2344,5.419303408618564e-06,3.0294947282527575e-06,5.109993538442521e-06,5.963827341838622e-06
2345,4.693762229079665e-06,1.0002408562286291e-05,5.041019705458894e-06,5.891443126893136e-06
2346,5.143948292243294e-06,5.87558293773327e-06,5.082738438149034e-06,5.957045339164324e-06
2347,5.387973295809287e-06,3.450592930676066e-06,5.072545142178973e-06,5.8321974574937484e-06
2348,4.580119000618449e-06,3.2491510410181946e-06,5.104721320236017e-06,5.842813963317895e-06
2349,4.022805554389682e-06,3.6069643556402298e-06,5.100519386683623e-06,5.8665371641836835e-06
2350,6.439409233078348e-06,3.656050330391736e-06,5.036974140178548e-06,5.357029347578647e-06
2351,4.536486790635132e-06,6.0795137505920134e-06,5.018090661158365e-06,5.4959620061708855e-06
2352,4.196256192396201e-06,4.028585426567588e-06,5.056589368440554e-06,5.659181093142252e-06
2353,6.442693259790152e-06,3.253336299167131e-06,5.039024743968588e-06,5.617393095599256e-06
2354,5.381362018144703e-06,2.988781579915667e-06,5.0093629789343045e-06,5.701421005869635e-06
2355,5.498816734770015e-06,3.6128702777205034e-06,5.0620089514066215e-06,5.599915041966599e-06
2356,5.831984715566957e-06,2.0998339241486974e-05,5.077540016423478e-06,5.561232285981534e-06
2357,4.480501401202572e-06,4.1613053417677296e-06,5.065006350701474e-06,5.64329818080296e-06
2358,5.218627032566777e-06,7.275738498719875e-06,5.043864732397196e-06,5.429141631611857e-06
2359,6.3952121778735694e-06,9.401134120707865e-06,5.0405963283386276e-06,5.331250006929623e-06
2360,5.538158108417216e-06,4.1150700417347255e-06,5.020437931226399e-06,5.320803962240462e-06
2361,4.606529819284333e-06,3.7647903354809387e-06,5.025022685650685e-06,5.385047082745588e-06
2362,3.481889182997596e-06,3.4976953065779527e-06,5.061800910334569e-06,5.374040100286948e-06
2363,4.403407510835677e-06,6.683681222057203e-06,5.0598456380410235e-06,5.387395627985825e-06
2364,5.212413808395569e-06,1.061594197381055e-05,5.0661135168613546e-06,5.31374747697555e-06
2365,4.631882976456028e-06,3.225280397600727e-06,5.174087005434559e-06,5.3822709745873e-06
2366,3.6244453278615966e-06,5.420863399194786e-06,5.091742252099925e-06,5.38940717742662e-06
2367,6.691692616287684e-06,3.7543479356827447e-06,5.086350429620427e-06,5.387787997096893e-06
2368,5.078819723267872e-06,3.2832871147547847e-06,5.045354442902156e-06,5.363909903826424e-06
2369,5.105961765568484e-06,5.081142098788405e-06,4.9738371012709755e-06,4.652648109549773e-06
2370,4.165221771472715e-06,4.648494832508732e-06,5.033419540834278e-06,4.612992415422923e-06
2371,5.062238190779074e-06,3.4282923206774285e-06,4.995938605214987e-06,4.476151886410662e-06
2372,4.884013368003555e-06,3.189441813447047e-06,4.968694371887573e-06,4.369307043452864e-06
2373,4.6947378612256014e-06,4.855229053646326e-06,4.971923410751818e-06,4.347673538359232e-06
2374,4.942261171486785e-06,3.331789794174256e-06,4.975872169840538e-06,4.351662610133645e-06
2375,6.390527425739694e-06,3.989938522863667e-06,5.023740060763279e-06,4.456208017654718e-06
2376,4.693183761143397e-06,4.238309975335141e-06,5.034735681611993e-06,4.318895475080354e-06
2377,6.895593406726322e-06,5.741672866861336e-06,5.0291622536961885e-06,4.067303035481017e-06
2378,4.384074426424276e-06,3.431741370150121e-06,5.024538546705219e-06,4.3008965334593085e-06
2379,5.246566456157275e-06,2.948302071672515e-06,5.101454454618054e-06,4.385279421330778e-06
2380,4.473917066813253e-06,3.0159179459587905e-06,5.057742857793023e-06,4.374614395055687e-06
2381,4.044051174787455e-06,3.216794384570676e-06,5.023419977563511e-06,4.482436292892089e-06
2382,5.970062390285117e-06,3.1699129885964794e-06,5.030738602080317e-06,4.41164766671136e-06
2383,4.28160364208452e-06,3.854725273413351e-06,5.054335708296598e-06,4.431464495428372e-06
2384,5.714106344688237e-06,6.730013046762906e-06,5.07771855726686e-06,4.42850967447157e-06
2385,5.618884080023337e-06,3.5742324143939187e-06,5.126020511953458e-06,4.513110359403072e-06
2386,4.7052487965023226e-06,3.86451712984126e-06,5.161892424075632e-06,4.752113034919603e-06
2387,4.678586456066114e-06,6.111330494604772e-06,5.135844292979326e-06,4.798899238812737e-06
2388,4.6782980320535395e-06,3.250867657698109e-06,5.0268199623032065e-06,4.756930990697583e-06
2389,5.07307811050042e-06,4.32613098382717e-06,5.044816805457232e-06,4.811939699720824e-06
2390,4.5162903016817935e-06,9.065117847057991e-06,4.97461055949518e-06,4.872010443796171e-06
2391,5.547343025682494e-06,7.530435595981544e-06,5.007879937652939e-06,5.008101144630928e-06
2392,5.598902695661915e-06,3.4877222788054498e-06,5.021624308897622e-06,5.2120817261311466e-06
2393,4.220747717530079e-06,5.978834560664836e-06,5.027967899251153e-06,5.215401852183278e-06
2394,5.288927378488653e-06,3.3114264442701823e-06,5.04882571943502e-06,5.266720671352233e-06
2395,4.7551494268797495e-06,5.1439155504340306e-06,5.0028177525342065e-06,5.429302466291121e-06
2396,5.6468094150356286e-06,3.3544217967573786e-06,5.06074535810007e-06,5.438588830656956e-06
2397,6.091562235168466e-06,5.304458936734591e-06,5.014393767790656e-06,6.074565320523108e-06
2398,5.591535664279946e-06,1.0830295941559598e-05,5.005226328507383e-06,6.067244052610478e-06
2399,4.291057894079131e-06,4.501444891502615e-06,4.99925939093373e-06,6.3816235637204964e-06
2400,3.6649191588367102e-06,2.9407323199848178e-06,5.041820120479518e-06,6.428832929304918e-06
2401,5.143104839994016e-06,5.613527700916166e-06,5.1055510953422835e-06,6.613941180694383e-06
2402,5.1404372576750275e-06,7.2434414687450045e-06,5.125601430720256e-06,6.5498593387019365e-06
2403,5.21580888036826e-06,6.834008891019039e-06,5.1260666514079075e-06,6.5168496606929705e-06
2404,5.590175737274371e-06,8.04781660917797e-06,5.06940324127451e-06,6.355951708974318e-06
2405,4.63250682565154e-06,3.098921097262064e-06,5.047410246839313e-06,6.362808340782068e-06
2406,4.565496679384119e-06,4.499764863794553e-06,5.0572134689193465e-06,6.311682296291111e-06
2407,4.81986321776478e-06,7.234457862068666e-06,5.0082026783760135e-06,6.31459542673838e-06
2408,5.729793781231112e-06,4.08688438255922e-06,5.004635605433174e-06,6.232147732953309e-06
2409,4.555316586952864e-06,2.2629425293416715e-05,5.010566433783324e-06,6.354773487328203e-06
2410,5.389698097941517e-06,3.391200716578169e-06,4.9457489369362725e-06,6.2796186746709295e-06
2411,4.55607535716101e-06,1.1724004907591735e-05,4.91243828130084e-06,5.96025802078657e-06
2412,5.742604694710785e-06,7.291564634215319e-06,4.960813855601979e-06,5.9546525662881335e-06
2413,6.271572403622688e-06,7.878573942434741e-06,4.989267592180922e-06,5.99872309176135e-06
2414,5.574336494949724e-06,2.7240849340159912e-06,4.968003171840489e-06,5.901136792090257e-06
2415,4.527920818873099e-06,8.239875896833836e-06,4.9614351223176015e-06,5.7440903376118515e-06
2416,4.130757772347554e-06,3.507986803015228e-06,4.918785831351771e-06,5.7850364148180244e-06
2417,5.049077834782009e-06,3.6591380739992018e-06,4.912430365442965e-06,5.6160874439228794e-06
2418,4.465828269530903e-06,4.700683448390919e-06,4.963803200654284e-06,5.697464238619434e-06
2419,4.063657614905323e-06,3.3842547054518945e-06,4.956415624150799e-06,5.628599187184592e-06
2420,4.665972603308748e-06,3.0827232058072693e-06,4.924786026579872e-06,5.474131871960707e-06
2421,5.795080123789376e-06,6.420065656129736e-06,4.9450357957741504e-06,5.510937069630018e-06
2422,4.471124813992194e-06,3.425588620302733e-06,4.976224517122319e-06,4.888609056797576e-06
2423,4.758769273394137e-06,2.8462795944506068e-06,4.947830116745737e-06,5.210077849915251e-06
2424,5.500447251607613e-06,4.361308529041708e-06,4.978661374944849e-06,4.9414079039706856e-06
2425,4.376262573310264e-06,4.042495456815231e-06,4.948575302013422e-06,4.813259828370065e-06
2426,4.611494331483199e-06,3.1738702091388406e-06,4.942431971701605e-06,4.9218291889701505e-06
2427,4.976236019602867e-06,3.317280106784892e-06,4.91601574303786e-06,5.05880157725187e-06
2428,4.14957660622248e-06,7.85766082117334e-06,4.92927459144994e-06,4.842162629938684e-06
2429,5.431289089554209e-06,3.8240923367993675e-06,4.97072044888935e-06,4.809932787247816e-06
2430,5.916827705934541e-06,5.133340964675881e-06,4.93351899112895e-06,4.806997909690835e-06
2431,4.380807266796991e-06,2.778138577923528e-06,4.924291747758819e-06,4.852633338305168e-06
2432,4.029123278491574e-06,3.3727749814715935e-06,4.98383513572157e-06,5.040059383463813e-06
2433,6.236038011088062e-06,5.007014324291958e-06,4.985333911038956e-06,5.267443145930883e-06
2434,5.335034620657097e-06,7.071224972605705e-06,5.011236049479825e-06,5.150441928344662e-06
2435,4.679838088526998e-06,1.142792054452002e-05,5.021262423118364e-06,5.213118722531363e-06
2436,5.326856812138835e-06,5.0072562589775775e-06,5.000130815945643e-06,5.242543405256584e-06
2437,4.990452871425077e-06,4.087862744199811e-06,4.932033306087962e-06,5.196557653835043e-06
2438,6.117989145827273e-06,1.0592807957436889e-05,4.948697207025058e-06,5.486187539645471e-06
2439,4.913930778356088e-06,6.1483946410589855e-06,4.971815453043544e-06,5.5540796485729515e-06
2440,4.859392029175069e-06,2.8239022140041923e-06,5.044878755163356e-06,5.5332428604742765e-06
2441,5.166904208332805e-06,2.702240735743544e-06,5.048116449951421e-06,5.33642667651293e-06
2442,4.119041390772003e-06,3.585766135074664e-06,5.033618375354208e-06,5.300459481441068e-06
2443,4.2351471852776335e-06,5.841569163749227e-06,4.9630331402820765e-06,5.258625496935566e-06
2444,5.552242313974097e-06,8.069905834418024e-06,4.9661682613279686e-06,5.296864376941813e-06
2445,4.703441986243382e-06,8.767317267484031e-06,4.985538682032914e-06,5.292501133590122e-06
2446,6.442633584811119e-06,3.495035216474207e-06,4.903490188876782e-06,5.312908643827541e-06
2447,4.72178415495566e-06,4.9925084749702365e-06,4.879899668048894e-06,5.3832704237720466e-06
2448,4.230479094076145e-06,3.5818966625811297e-06,4.871973890577566e-06,5.044950084629818e-06
2449,3.7980095051655856e-06,3.2116647435032064e-06,4.809564348902819e-06,5.009365910154884e-06
2450,4.7928600967376645e-06,1.1283242602075915e-05,4.780276069969761e-06,5.08765791055339e-06
2451,5.189450481945338e-06,4.871172932325863e-06,4.689172758723241e-06,4.834701218715054e-06
2452,6.802818572598173e-06,2.7963604043179655e-06,4.687069982274909e-06,4.704991732432973e-06
2453,4.230518975924093e-06,2.937256222139695e-06,4.680377957750656e-06,4.798056112485938e-06
2454,5.068837224623874e-06,2.924912460002815e-06,4.645140596080133e-06,4.865812323987484e-06
2455,4.152196829131248e-06,4.087491352038341e-06,4.67313761647448e-06,4.845553534687497e-06
2456,4.459185292944312e-06,3.734110578079708e-06,4.7666861701145545e-06,4.721637061811635e-06
2457,4.513383796115199e-06,3.263693897679332e-06,4.728031671806499e-06,4.564419191956404e-06
2458,4.184825682184762e-06,5.5172020802274345e-06,4.813359868300419e-06,4.8769830504170386e-06
2459,4.74527159995988e-06,8.830269471218345e-06,4.750255776040527e-06,4.853326990632923e-06
2460,4.4816936517438285e-06,2.9699120659643087e-06,4.751501137272699e-06,4.776768564261147e-06
2461,3.7666182702701515e-06,4.117651897104224e-06,4.7387181152468345e-06,4.741248056234327e-06
2462,4.2582458980986205e-06,6.045162754162448e-06,4.753034459099581e-06,4.8121665520739045e-06
2463,3.84040636466428e-06,4.268890661478508e-06,4.731600924929404e-06,4.627811397585902e-06
2464,4.861361367147765e-06,2.9056574840069515e-06,4.7303397310113524e-06,4.552349637015141e-06
2465,4.692091416068757e-06,5.1505117153283205e-06,4.623174784238574e-06,4.581318346754416e-06
2466,4.285970166569718e-06,4.396146023282199e-06,4.613219537936352e-06,4.6930556560255364e-06
2467,4.818966900630686e-06,3.0792964025749827e-06,4.583387236380076e-06,4.695212151636953e-06
2468,6.5738610262794986e-06,2.7436573418526677e-06,4.623795687378635e-06,4.669348718744005e-06
2469,4.5858798562726914e-06,4.1394590880372565e-06,4.614266019719556e-06,4.638626674568515e-06
2470,6.836646898591425e-06,1.6581413728999905e-05,4.602515456099354e-06,4.653648580642768e-06
2471,4.865031278313836e-06,2.9036337218713016e-06,4.593777157687227e-06,4.625634056355922e-06
2472,4.752918185759983e-06,3.0785478156758473e-06,4.578215012447295e-06,4.437142330425561e-06
2473,3.910903543429514e-06,2.693883961910615e-06,4.598139256732894e-06,4.435942453710596e-06
2474,4.155918101484227e-06,4.984627139492659e-06,4.6555757040348706e-06,4.377412165558781e-06
2475,4.257021742483226e-06,6.674363739875844e-06,4.6650494565660154e-06,4.293709579724236e-06
2476,5.157920633994056e-06,2.984628918056842e-06,4.7155323526870535e-06,4.478103980727611e-06
2477,4.123694903278697e-06,3.5205781477998242e-06,4.692627827373347e-06,4.72876289204578e-06
2478,3.981637818368552e-06,5.730688953917706e-06,4.657672471936773e-06,4.695567947783275e-06
2479,4.323029685716998e-06,2.97882485028822e-06,4.711326566171515e-06,4.742360848831596e-06
2480,5.162408104095246e-06,3.4409055297146552e-06,4.728135910146293e-06,4.910704604480998e-06
2481,4.220943601467298e-06,2.9660594736924394e-06,4.661229754068093e-06,4.921449416724499e-06
2482,4.2196197056101585e-06,3.6392415495356544e-06,4.645908984801078e-06,5.083073641435476e-06
2483,3.966368221881567e-06,4.816838973056292e-06,4.5765705995816255e-06,4.71573373361025e-06
2484,4.356217968961573e-06,4.117976322959293e-06,4.542676291809282e-06,4.707425759261242e-06
2485,4.979799758883827e-06,2.939915148090222e-06,4.543275934116132e-06,4.7035019055329036e-06
2486,5.202529452819565e-06,2.654394693308859e-06,4.563840712398815e-06,4.705535541506833e-06
2487,4.495089711377255e-06,3.952598108298844e-06,4.6191115943454665e-06,4.6240327272244035e-06
2488,5.102478767690223e-06,8.878750686562852e-06,4.606937895631645e-06,4.569345064737718e-06
2489,4.288748234305078e-06,9.172130266961177e-06,4.589875355446162e-06,4.573547448308091e-06
2490,3.81820753015442e-06,4.320638108765706e-06,4.597671529215102e-06,4.551870565410354e-06
2491,5.627322522438287e-06,5.5659685494902075e-06,4.66091009087298e-06,4.467745349757024e-06
2492,5.239200500000152e-06,7.287890293810051e-06,4.6635186878524515e-06,4.648338737388258e-06
2493,4.901207124324477e-06,3.012277647940209e-06,4.645764811640321e-06,4.689979393879185e-06
2494,4.2028606245973305e-06,8.180064705811674e-06,4.650023872171814e-06,4.679618380760075e-06
2495,5.103187268105103e-06,7.397916033369256e-06,4.6520626043477225e-06,4.6413998574280404e-06
2496,4.017673584005227e-06,2.69593436314608e-06,4.681390372408916e-06,4.6401191186305355e-06
2497,4.767909243431253e-06,2.9804514724673934e-06,4.715509521985142e-06,4.754060866980579e-06
2498,4.425023000496569e-06,2.7447248612588736e-06,4.6928840749589845e-06,4.819579125614835e-06
2499,5.537690150150512e-06,2.9470567824319007e-06,4.725733861960179e-06,4.949398545068105e-06
2500,3.952679274637679e-06,5.307172177708707e-06,4.6882646817418075e-06,5.197569077790831e-06
2501,4.731357129356992e-06,3.0896885073161683e-06,4.674276354267526e-06,5.1033470150287024e-06
2502,4.318599247502182e-06,2.978656075356412e-06,4.663975105177088e-06,4.873757296445547e-06
2503,5.562601859815509e-06,3.627558562584454e-06,4.68302762833951e-06,4.8239236028166486e-06
2504,4.388244610203805e-06,7.493659541069064e-06,4.635446914734429e-06,4.717130631252075e-06
2505,4.71856119879198e-06,4.481921941987821e-06,4.631900962441351e-06,4.538452841734397e-06
2506,4.327420114754608e-06,2.707034145714715e-06,4.671273227257996e-06,4.603400211999543e-06
2507,4.270588010007891e-06,2.6837784662347984e-06,4.782981142751749e-06,4.505467973649502e-06
2508,4.699562423411408e-06,4.784820503118681e-06,4.746834590514481e-06,4.435665929486277e-06
2509,5.209196708367219e-06,6.966520031710388e-06,4.731983537749329e-06,4.469841470563551e-06
2510,4.414163583229917e-06,4.577871613946627e-06,4.70469597419449e-06,4.461280980831361e-06
2511,6.023774127849416e-06,5.8998801796406045e-06,4.792378273951828e-06,4.4926870879862695e-06
2512,3.5583602059179813e-06,1.0156861426366959e-05,4.76150016206197e-06,4.594683491814067e-06
2513,4.752770580833183e-06,6.5231991175096484e-06,4.784455807607123e-06,4.499145621230128e-06
2514,4.031217007044082e-06,3.432387302382267e-06,4.7826568096247184e-06,4.576441014069133e-06
2515,4.294520609214993e-06,3.0747957680432593e-06,4.793119079153662e-06,4.578583361944766e-06
2516,4.437804682311252e-06,2.896144260375877e-06,4.812120190682536e-06,4.692193845039582e-06
2517,5.1505516926732124e-06,2.820945555868093e-06,4.8238476038629126e-06,4.5506378581194435e-06
2518,5.885513744740617e-06,4.63596190456883e-06,4.77037137206935e-06,4.693896004755516e-06
2519,6.9955585119411505e-06,5.7317587470606665e-06,4.761932716630529e-06,5.00394988921471e-06
2520,4.1995234621733995e-06,5.6528649292886255e-06,4.79173687555077e-06,5.19403039907047e-06
2521,3.646397264876416e-06,3.5503228900779503e-06,4.8126110452964594e-06,5.507800942359609e-06
2522,4.085720154560275e-06,2.766439229162643e-06,4.7849064734489535e-06,5.7785323075222545e-06
2523,6.617080494430007e-06,3.529877540131565e-06,4.814742189975934e-06,5.96304857172072e-06
2524,4.765737352904075e-06,5.496966878126841e-06,4.744550318213847e-06,5.830834697553655e-06
2525,4.526570413266503e-06,2.9187254131102234e-06,4.76390939812619e-06,5.5301557098573525e-06
2526,4.686382179796864e-06,5.022073328291298e-06,4.7579910307629496e-06,5.542353344935691e-06
2527,4.580155985725772e-06,3.0322147722472436e-06,4.811321231904408e-06,5.5177760681544894e-06
2528,6.037629648037384e-06,6.46782063995488e-06,4.828320391991131e-06,5.752434131863993e-06
2529,4.681429939713174e-06,3.954759868065594e-06,4.847880359516745e-06,5.744556643549004e-06
2530,3.381655403952916e-06,8.063375607889611e-06,4.826003022854922e-06,5.861252573595266e-06
2531,4.116453728784109e-06,1.045838125719456e-05,4.830416077291173e-06,5.922393653236213e-06
2532,5.015691983013918e-06,7.435791212628829e-06,4.706407140697087e-06,5.96950649342034e-06
2533,5.221416667053644e-06,1.2629084085347132e-05,4.714818464607459e-06,6.211474635347258e-06
2534,4.516582412179559e-06,1.3734804160776549e-05,4.7317498848820426e-06,6.240774673642593e-06
2535,5.160056496404448e-06,9.190778218908235e-06,4.724401599519802e-06,6.236876345064958e-06
2536,4.268977333797213e-06,2.594533325463999e-06,4.643320905092372e-06,6.202904264137033e-06
2537,4.042337203726574e-06,2.639886733959429e-06,4.633619851625148e-06,6.19892546965275e-06
2538,4.604811396752161e-06,6.8281399944680746e-06,4.61813690199051e-06,6.281919488174026e-06
2539,5.3644720355805474e-06,2.817955382852233e-06,4.61036931491334e-06,6.193290470400825e-06
2540,4.719499611383071e-06,8.941247360780835e-06,4.59719651468428e-06,6.3779447234992405e-06
2541,4.926803870451598e-06,2.6992070525011514e-06,4.523175063311808e-06,6.303129097796045e-06
2542,4.60361827612764e-06,5.738343807024649e-06,4.5193771579458075e-06,6.653659010044066e-06
2543,5.995840105646898e-06,6.164488895592512e-06,4.591423170253014e-06,6.468115392635808e-06
2544,3.895335097089022e-06,6.9095797516638415e-06,4.618553776304503e-06,6.157345084284316e-06
2545,4.409806559932703e-06,1.170206847746158e-05,4.5919282194720125e-06,6.34760096181708e-06
2546,4.0696827717409984e-06,4.282823847461259e-06,4.61928075211391e-06,6.028785242597224e-06
2547,3.902013020504253e-06,2.668981014721794e-06,4.60699652756173e-06,5.5853700956504344e-06
2548,4.590063133744277e-06,2.680575516933459e-06,4.558664179441822e-06,5.329795584475508e-06
2549,4.523211016223487e-06,5.39749701601977e-06,4.566439263726352e-06,5.366600184424898e-06
2550,4.139496672400532e-06,4.993575876142131e-06,4.560112740889761e-06,5.762455483272789e-06
2551,4.492192502867612e-06,2.8063478839612798e-06,4.602318510337177e-06,5.644131724329782e-06
2552,4.250835979999263e-06,7.648571099707623e-06,4.546046408076008e-06,5.700894914480158e-06
2553,4.18709336372558e-06,4.597429997375002e-06,4.527993862292432e-06,5.450526458298554e-06
2554,4.586482305563145e-06,1.2718007674266119e-05,4.4791142356391195e-06,5.524778180915746e-06
2555,5.182805711633086e-06,3.424785172683187e-06,4.445048388778458e-06,5.599579069894388e-06
2556,4.794718880071337e-06,2.689123548407224e-06,4.445721539317067e-06,5.457355659382301e-06
2557,4.350053062201671e-06,1.2192188150947914e-05,4.4420332311347e-06,5.312175834842491e-06
2558,5.905229983101081e-06,4.658691104850732e-06,4.448027796408698e-06,5.095926692592912e-06
2559,4.209476798375059e-06,2.6494254871067823e-06,4.464495344513529e-06,5.070709763822379e-06
2560,3.951747793406765e-06,2.801415439535049e-06,4.556313670541891e-06,5.0821481410821445e-06
2561,4.463354440910431e-06,3.514648324198788e-06,4.545476556025581e-06,5.0926487256219845e-06
2562,3.884174132811798e-06,1.2536269205156714e-05,4.541117403358738e-06,5.140662334451917e-06
2563,5.6599556329375545e-06,3.870046020892914e-06,4.564480332232455e-06,5.042620244421414e-06
2564,3.95766947905132e-06,4.237035136611667e-06,4.614331070903668e-06,5.1358911936404195e-06
2565,4.26818596679368e-06,2.682035956240725e-06,4.623587001555683e-06,4.9695354915456854e-06
2566,3.704813204118788e-06,4.5555001179309326e-06,4.647056737849197e-06,4.9679624469717976e-06
2567,3.7519721046111146e-06,7.608366031490732e-06,4.706254738125103e-06,4.5642397755727885e-06
2568,6.0126688691121265e-06,2.608903632790316e-06,4.683186402225044e-06,4.636346440383932e-06
2569,3.8031273925298592e-06,3.280084138168604e-06,4.6498060992032855e-06,4.769238926746767e-06
2570,4.559670691782634e-06,6.2958399212220685e-06,4.634911456337754e-06,4.390989863532013e-06
2571,4.481371474361772e-06,3.652400628197938e-06,4.5613050914855386e-06,4.327936462141224e-06
2572,6.197471171213288e-06,2.9549404462159145e-06,4.5879482303462285e-06,4.354573128148331e-06
2573,4.319135270836543e-06,2.943090130429482e-06,4.5989015141357314e-06,4.341979748642187e-06
2574,4.4142321995524176e-06,6.5978372367681e-06,4.64487169751414e-06,4.328367736161454e-06
2575,4.723569894243459e-06,2.5425236253795447e-06,4.6368292026070576e-06,4.096637255861424e-06
2576,5.738460969647955e-06,5.138121614436386e-06,4.695367359868719e-06,4.049357515032171e-06
2577,4.482234246299615e-06,3.489678547339281e-06,4.697336556283618e-06,4.0606132308312236e-06
2578,4.7738367710634415e-06,4.558103883027797e-06,4.6889263016156385e-06,4.0614829988044225e-06
2579,6.066432312460771e-06,2.624940889290883e-06,4.744370462635238e-06,3.99469828371366e-06
2580,4.6060973141316535e-06,5.227451792961802e-06,4.769781193307507e-06,3.837365578147e-06
2581,3.960211304527345e-06,6.0114357074780855e-06,4.737450964835767e-06,3.880774803837995e-06
2582,3.977686990563395e-06,2.735961570579093e-06,4.746781377768153e-06,3.911986870298279e-06
2583,4.0650708617957005e-06,3.0823560700810047e-06,4.7258430123697005e-06,3.891755734730395e-06
2584,4.875555269892276e-06,3.3153421372844605e-06,4.704689783658169e-06,3.863445390379639e-06
2585,4.22557988814434e-06,2.4865809518814785e-06,4.612286304422418e-06,3.850473817146849e-06
2586,5.612609025370653e-06,3.1743480121804167e-06,4.599487668656365e-06,4.051889799302444e-06
2587,3.683111760134731e-06,6.7430071976559705e-06,4.593872259071455e-06,4.146173851768254e-06
2588,7.123409564479112e-06,2.688052500161575e-06,4.582461785028297e-06,4.175964164460311e-06
2589,4.006899389423779e-06,4.518428031587973e-06,4.49558972909977e-06,4.1047759135835805e-06
2590,4.0579296000942125e-06,2.703780155570712e-06,4.52717559598265e-06,4.081214071266005e-06
2591,5.090917229608749e-06,2.8858822406618857e-06,4.562019657340795e-06,4.099663942542975e-06
2592,4.387240371417849e-06,3.6750483923242427e-06,4.529391801133898e-06,4.104883840773255e-06
2593,5.2044131573186155e-06,3.6941342750651528e-06,4.55851334992177e-06,4.058988942779252e-06
2594,4.0363877158395355e-06,4.0603857996757146e-06,4.5513515499401876e-06,4.006495727298898e-06
2595,4.036211556821298e-06,5.790061532024993e-06,4.567230323068038e-06,4.018502112012357e-06
2596,3.9525407565735e-06,2.9446420194290114e-06,4.609691015098684e-06,4.566733538376867e-06
2597,3.887384190319507e-06,2.6306511153961767e-06,4.698915319062912e-06,4.661667162508821e-06
2598,3.999169376685232e-06,7.978489684319356e-06,4.726759830898824e-06,5.041109480225714e-06
2599,4.273846959929667e-06,8.954938548413339e-06,4.7408891710801975e-06,5.04620126048394e-06
2600,4.438308043164499e-06,3.287281442680978e-06,4.757375048251965e-06,4.909858014434577e-06
2601,3.566659571434785e-06,3.3584153425181286e-06,4.664549739269811e-06,4.922161914146273e-06
2602,5.271880918371608e-06,2.900632489399868e-06,4.7207014221082015e-06,4.9540906322363294e-06
2603,5.6449383050170985e-06,5.019350664952071e-06,4.706558795462318e-06,5.044740785524481e-06
2604,5.250735907288294e-06,2.755438345047878e-06,4.650143743795828e-06,5.053733787281089e-06
2605,5.334136033828448e-06,4.08007934311172e-06,4.640911298156425e-06,5.020427925046532e-06
2606,3.7811663049877904e-06,4.699105320469244e-06,4.621944993757804e-06,5.1312527935806424e-06
2607,4.374656318759662e-06,3.0361211884155635e-06,4.619385414419714e-06,5.093835783554823e-06
2608,5.1265881625618524e-06,1.678814172919374e-05,4.620035311644541e-06,4.993956787075148e-06
2609,7.1061628689979745e-06,5.688682740583318e-06,4.659473594417956e-06,4.973741465437342e-06
2610,4.921692684042177e-06,1.1972638894803822e-05,4.68806823363492e-06,5.07140565678128e-06
2611,5.965842529904977e-06,3.301642518636072e-06,4.703471291880608e-06,4.854911183429067e-06
2612,4.095258689428899e-06,3.3344260464218678e-06,4.700439677475919e-06,4.708743835362839e-06
2613,4.802776839925274e-06,2.995649992953986e-06,4.672854558238112e-06,4.682331428921316e-06
2614,5.410691460383532e-06,5.316645983839408e-06,4.667262232032953e-06,4.7548702190397306e-06
2615,3.7043639339471056e-06,4.970033987774514e-06,4.6290384260323155e-06,5.010127775676665e-06
2616,3.6805409379465143e-06,3.1107072845770745e-06,4.5795098310716435e-06,4.955747476560646e-06
2617,4.156429230432776e-06,2.84240183646034e-06,4.531024181192657e-06,5.374396986371722e-06
2618,4.730255547353105e-06,6.464755988417892e-06,4.507452845387484e-06,5.339872802505852e-06
2619,3.972398232387301e-06,3.12496054903022e-06,4.535423758352408e-06,5.347003811766627e-06
2620,4.052458987441949e-06,3.2930866200331364e-06,4.492612736309335e-06,5.334635535109556e-06
2621,4.938497825908901e-06,2.439258978483849e-06,4.474503880515435e-06,4.7720420632686e-06
2622,4.602250170743598e-06,5.072255898994626e-06,4.417773816142774e-06,4.82842669080128e-06
2623,4.3842458328274204e-06,2.566127850514022e-06,4.357304751101766e-06,4.448647014578455e-06
2624,4.19805659981244e-06,5.300754846757627e-06,4.3368806329656065e-06,4.419296548439889e-06
2625,3.748680062219339e-06,2.6269712816429093e-06,4.339153529144823e-06,4.688591485682991e-06
2626,3.426851416305807e-06,5.171885095478501e-06,4.3453460444854705e-06,4.8958652125293156e-06
2627,4.316285768355657e-06,9.282071405323222e-06,4.292458773549394e-06,4.958751682352159e-06
2628,4.406723431000299e-06,3.6598431870515925e-06,4.290512966144888e-06,4.860098950666725e-06
2629,4.0385946603136185e-06,1.3221676090324763e-05,4.300087543075885e-06,4.973879081808264e-06
2630,4.744852638699134e-06,3.2169747464649846e-06,4.298033054449964e-06,4.999584878532915e-06
2631,4.480439129110891e-06,4.877380551988608e-06,4.284873109544505e-06,4.860430355984136e-06
2632,3.304380767682839e-06,2.7269142719887897e-06,4.317599697505002e-06,4.94747865050158e-06
2633,4.6738667677143695e-06,2.7233049331698566e-06,4.35432025751652e-06,4.977573852738714e-06
2634,5.687911259681439e-06,7.098298428900307e-06,4.33826371801034e-06,5.004513458334258e-06
2635,3.409966058016936e-06,2.47814698923321e-06,4.305048152309609e-06,4.915617649021442e-06
2636,5.455239576500996e-06,2.567880865171901e-06,4.295732081017275e-06,4.924954234229517e-06
2637,4.152081093909349e-06,1.0066799477499444e-05,4.28537268138219e-06,4.830047525683766e-06
2638,4.9575897234414396e-06,8.177493164112093e-06,4.278273498979009e-06,4.84220280595764e-06
2639,4.088509686981625e-06,6.8888077294104734e-06,4.289316535343662e-06,4.8872958821448256e-06
2640,3.655718748834463e-06,2.5037156956386753e-06,4.284521563143547e-06,4.921425939755863e-06
2641,3.91990536122143e-06,5.9552105631155426e-06,4.277945356200993e-06,4.9881333474331766e-06
2642,4.105067014784759e-06,3.485046754576615e-06,4.2581490308293724e-06,4.572233136423166e-06
2643,4.401256924716613e-06,2.985892924698419e-06,4.250985300071382e-06,4.5402843850752106e-06
2644,4.790562931399715e-06,5.301167911966331e-06,4.2770853191339285e-06,4.695085996354465e-06
2645,4.970472987729914e-06,4.045466675961507e-06,4.38663442311938e-06,4.754822466566112e-06
2646,4.537084338254418e-06,3.112749118372449e-06,4.392224394662965e-06,5.030579478989239e-06
2647,3.7718610282253293e-06,2.8498606661742087e-06,4.363261924987051e-06,4.87440346441872e-06
2648,4.151344050519078e-06,2.7995424807158995e-06,4.4130062113658315e-06,4.872713807708351e-06
2649,3.939071608935289e-06,2.928087133113877e-06,4.39505706583279e-06,5.96534376636555e-06
2650,3.5712005021398203e-06,2.930853288489743e-06,4.41314620143708e-06,5.677088790980633e-06
2651,3.7029273254221253e-06,6.29921200015815e-06,4.385567467276511e-06,5.57524009491317e-06
2652,4.196411463352787e-06,1.0135322845599149e-05,4.374153469305181e-06,5.410128014773363e-06
2653,4.242318257436434e-06,5.3275283789844256e-06,4.425055734645866e-06,6.076774337998359e-06
2654,3.5436865260231165e-06,2.824170815074467e-06,4.414421376956549e-06,6.145302658842411e-06
2655,4.565759369749382e-06,2.4182559627661247e-06,4.427743716223631e-06,6.146789607009851e-06
2656,5.132939605674538e-06,8.747420833969954e-06,4.396640846031612e-06,6.297828694005148e-06
2657,6.043108367319089e-06,4.2203260272799526e-06,4.383511547621311e-06,6.250425155667472e-06
2658,4.81361605630405e-06,9.617230243748054e-06,4.378932901040066e-06,6.1960836286743875e-06
2659,4.963849517783577e-06,3.193898064637324e-06,4.45942020209663e-06,6.333173023449491e-06
2660,4.653573217486458e-06,2.4359055714739952e-06,4.46134775937834e-06,6.479249339463423e-06
2661,5.006510938174971e-06,2.9883629831601866e-05,4.448522141734024e-06,6.490066344849766e-06
2662,4.60430948401659e-06,2.8604250928765395e-06,4.431470194089747e-06,6.521964475905407e-06
2663,4.268121369427213e-06,5.6312757624255025e-06,4.454219492486623e-06,6.505277954420308e-06
2664,3.803159737698378e-06,2.761005725915311e-06,4.469719905510929e-06,6.361094173189486e-06
2665,4.928275382351583e-06,1.916987377626356e-05,4.510098669874828e-06,6.058044939709363e-06
2666,3.6540464189885015e-06,7.668418584216852e-06,4.493818978365501e-06,5.949628254529671e-06
2667,4.438125496461807e-06,3.522220458762604e-06,4.518921747583388e-06,6.002810320205754e-06
2668,3.6236851699161182e-06,6.7618700995808466e-06,4.51014735627824e-06,6.010282281204128e-06
2669,4.462330471142195e-06,4.116079453524435e-06,4.49621226553063e-06,5.7606750568083954e-06
2670,4.856006823198792e-06,2.686928501134389e-06,4.431962535828562e-06,5.731065786312684e-06
2671,6.549266864668526e-06,6.53998398775002e-06,4.392605873049937e-06,5.445082037840622e-06
2672,3.820049960268079e-06,6.501768566522514e-06,4.344795928459967e-06,5.473812004856883e-06
2673,3.8307036094112035e-06,3.0699676153744802e-06,4.381844964933003e-06,5.53850459145906e-06
2674,3.5127729178283414e-06,3.7255404095049016e-06,4.334583444475962e-06,4.5552940635388955e-06
2675,4.139932962061721e-06,2.5136902513622773e-06,4.4288456501918615e-06,4.574366125234519e-06
2676,4.090437651029788e-06,2.694617469387595e-06,4.466096295123457e-06,4.47111485627829e-06
2677,5.2058805724502436e-06,2.5590920085960533e-06,4.468112137399455e-06,4.4553376770636525e-06
2678,3.835325969703263e-06,2.6171112494921545e-06,4.417161359954964e-06,4.054569479922066e-06
2679,4.1712557564702975e-06,4.153722456976538e-06,4.441967589637999e-06,4.048700098792324e-06
2680,4.346399587120686e-06,2.6050549877254525e-06,4.414542389420401e-06,4.042625023430447e-06
2681,4.784562336984284e-06,2.5072402240766676e-06,4.429249078707977e-06,3.959980379659101e-06
2682,4.436865124767387e-06,3.4800942648871568e-06,4.443799806297951e-06,4.393870602143578e-06
2683,3.829699486838459e-06,2.467636531946482e-06,4.44794010794188e-06,4.5062031429552e-06
2684,3.7686009030342877e-06,3.9121472400438505e-06,4.336070788465602e-06,4.4114925382018554e-06
2685,5.579799129312354e-06,4.053220236528432e-06,4.367557504135928e-06,4.325798836362083e-06
2686,3.824972926748969e-06,5.303366633597762e-06,4.409307585208605e-06,4.2998874589102345e-06
2687,6.960864626914069e-06,3.3372266352671433e-06,4.417994894235259e-06,4.329184722155332e-06
2688,5.199387492717101e-06,3.049994038519799e-06,4.426989287397494e-06,4.476328110467875e-06
2689,3.853555794598327e-06,2.366576245549368e-06,4.437292171355187e-06,4.584266124584246e-06
2690,3.6545059462393208e-06,9.150668847723865e-06,4.376068547228189e-06,4.584160235390299e-06
2691,4.274202161064346e-06,7.52168405597331e-06,4.411023166600596e-06,4.772266284635407e-06
2692,3.752495491021869e-06,3.370343574715662e-06,4.412303794601434e-06,4.7180352659779596e-06
2693,3.991352402105501e-06,4.6957540052972034e-06,4.364018198369497e-06,4.7108012702665295e-06
2694,4.826098660891552e-06,1.4963335015636403e-05,4.420764271506211e-06,5.028823247266701e-06
2695,4.959514364297017e-06,5.495242021424929e-06,4.462530036107638e-06,5.006677481287625e-06
2696,3.7525338777615818e-06,4.172218868916389e-06,4.439256078007425e-06,5.135203267855104e-06
2697,4.607217852026224e-06,4.3594260205281895e-06,4.481232200689395e-06,5.117052467176109e-06
2698,4.87445563622815e-06,2.4221831790782743e-06,4.4161265285058324e-06,5.098203883244424e-06
2699,3.7299556434946783e-06,4.457971990632359e-06,4.412741657061917e-06,4.984556899216841e-06
2700,4.364792791117604e-06,6.192274959175848e-06,4.328543254167825e-06,5.367835489596473e-06
2701,4.348009749972132e-06,5.393067822296871e-06,4.27592819358122e-06,5.337993622015347e-06
2702,3.6752899692752786e-06,2.5564447787473908e-06,4.284018552486183e-06,5.636880814199687e-06
2703,4.709191454013409e-06,7.319762480619829e-06,4.333711873227407e-06,5.457530466446772e-06
2704,4.203271456491267e-06,2.7979469905403676e-06,4.322923376376922e-06,5.313934257355869e-06
2705,3.1392596813222756e-06,2.4242050949396798e-06,4.349468273721868e-06,5.28943463759788e-06
2706,6.203214165402136e-06,1.0457789649080951e-05,4.327688616407008e-06,5.208006475731965e-06
2707,5.481009239803017e-06,2.926450115410262e-06,4.282417921159423e-06,4.704521518215189e-06
2708,3.247850534333136e-06,5.680781196133467e-06,4.238291418247779e-06,4.590271176130046e-06
2709,4.8180039700835345e-06,3.458377223068965e-06,4.2463114214923635e-06,4.526533460739302e-06
2710,3.952157324723279e-06,3.5820056382362964e-06,4.204471085601351e-06,4.456142960771103e-06
2711,3.7403511406511015e-06,2.462192032908206e-06,4.157995871739533e-06,4.750586635782384e-06
2712,4.8559045545617766e-06,1.2919191394757945e-05,4.177926804085372e-06,4.694449696762603e-06
2713,3.8840109780519725e-06,2.3039473489916417e-06,4.185269036335943e-06,4.565815035675769e-06
2714,4.055814767222425e-06,9.838756050157826e-06,4.190611437964739e-06,4.452066339217709e-06
2715,4.8968389647699146e-06,4.666910153900972e-06,4.2770500236454406e-06,4.445190435581027e-06
2716,4.0044897398022136e-06,3.931778828700772e-06,4.258836741104865e-06,4.2463892103114635e-06
2717,4.41611792464553e-06,2.757853080765926e-06,4.2069236355423025e-06,4.239563542432733e-06
2718,3.4468609692339668e-06,2.660049958649324e-06,4.240724497988898e-06,4.5313217895454726e-06
2719,3.6943312797019544e-06,2.3762110777170164e-06,4.2022437353201294e-06,4.242611586960266e-06
2720,3.856351791505908e-06,2.638983469296363e-06,4.132525755408601e-06,4.22167890064884e-06
2721,3.953033958876201e-06,2.5787759841477966e-06,4.21374377197531e-06,4.33898155533825e-06
2722,3.5612094547509007e-06,2.5996635213232367e-06,4.2148493167082445e-06,4.337060705802287e-06
2723,3.712575289682718e-06,9.783275054360274e-06,4.2024927140826345e-06,4.40556071116589e-06
2724,4.228228952140651e-06,3.054548515137867e-06,4.306867253318261e-06,4.489891175398952e-06
2725,4.548348597381846e-06,2.9764084320049734e-06,4.3098105123337715e-06,4.084830886858982e-06
2726,4.481569790692043e-06,2.5493504108453634e-06,4.300428723682772e-06,4.104188767814777e-06
2727,5.836254611292841e-06,2.3845471878303214e-06,4.275223669598441e-06,3.990893185255118e-06
2728,4.253859390498999e-06,2.3497318488807652e-06,4.249315708976711e-06,4.138256525766337e-06
2729,2.9054438174272135e-06,2.6273052935721355e-06,4.245922323853948e-06,4.102076486378793e-06
2730,3.984281242487163e-06,9.718161272758153e-06,4.243314027897011e-06,4.180098084907513e-06
2731,5.241195098682915e-06,3.2400345844507685e-06,4.2617195061918915e-06,4.228610076097539e-06
2732,3.738059742014836e-06,2.4031329576246207e-06,4.284059603459254e-06,4.255779958839412e-06
2733,5.2783009485008535e-06,8.613347563368735e-06,4.283332667505925e-06,4.263078457370285e-06
2734,4.845642588406918e-06,3.4103559846698773e-06,4.278023138592997e-06,4.302986644688645e-06
2735,3.643242259083005e-06,5.2945057723263746e-06,4.295543191478322e-06,4.7857097473752225e-06
2736,6.349714621541756e-06,4.5704536387347616e-06,4.385144833718691e-06,4.64464554170263e-06
2737,4.929486029949557e-06,2.7926841812586644e-06,4.3653931573418144e-06,4.680030452800566e-06
2738,3.649466261776979e-06,2.7878943728865122e-06,4.363273893250153e-06,4.866782571843941e-06
2739,3.42568841511416e-06,7.006366486166371e-06,4.337960152932081e-06,4.856551973352907e-06
2740,4.249139949226649e-06,8.350993666681462e-06,4.260072194908086e-06,5.175303824216826e-06
2741,3.919655111733139e-06,3.027277844012133e-06,4.23174380707173e-06,5.251724650952383e-06
2742,4.350910525722106e-06,4.708393043983961e-06,4.26494613922033e-06,5.36710677879455e-06
2743,3.906997926605982e-06,3.872849738399964e-06,4.308884804858181e-06,5.1020773149502925e-06
2744,4.252833711385998e-06,3.055458146263845e-06,4.299646667237136e-06,5.390466564858798e-06
2745,3.838178392672691e-06,2.8214459325681672e-06,4.31706237854491e-06,5.410292796295835e-06
2746,3.820295736052988e-06,3.5764806671068073e-06,4.300451022310073e-06,5.157831289398018e-06
2747,3.999210776884057e-06,1.4667741088487674e-05,4.240580337621698e-06,5.357899808586808e-06
2748,5.952616345691947e-06,6.256669912545476e-06,4.261410514664021e-06,5.2439130853599626e-06
2749,3.734437042718734e-06,3.939171292586252e-06,4.162989166494904e-06,5.279509831234463e-06
2750,4.495366995090283e-06,7.64521140808938e-06,4.121490751539467e-06,5.32071997586172e-06
2751,3.8487262827402445e-06,2.293585448569502e-06,4.138688540580107e-06,5.299869142618262e-06
2752,3.889055660692975e-06,1.0353343459428288e-05,4.193054037528377e-06,5.114971277362201e-06
2753,3.5456496945900855e-06,4.260252517269691e-06,4.154743804590706e-06,4.9232441800995724e-06
2754,3.735502121142215e-06,5.51185848962632e-06,4.151382940977378e-06,4.89198017057788e-06
2755,5.082747883433411e-06,3.0924246766517173e-06,4.112207771908692e-06,4.801410482468781e-06
2756,5.010241658156803e-06,1.0449765832163393e-05,4.133201155592461e-06,4.881355058023473e-06
2757,4.173452524709217e-06,2.89878874355054e-06,4.149109341900233e-06,4.901020383840659e-06
2758,4.863017042629913e-06,2.3018098909233233e-06,4.160896368416111e-06,4.893492762130336e-06
2759,3.3488754711975665e-06,8.412068964389619e-06,4.1521802846343945e-06,4.8422777603263965e-06
2760,4.163996685141077e-06,2.4448376916552663e-06,4.150483429758526e-06,4.707586053700652e-06
2761,3.889180917313853e-06,5.4603722855972594e-06,4.089770036241842e-06,4.738194943638519e-06
2762,3.892025656063601e-06,3.822937796940095e-06,4.102053473474774e-06,4.743197414791212e-06
2763,4.079410987792977e-06,2.2666235418000724e-06,4.066052983863402e-06,4.576082053972641e-06
2764,4.784825838820931e-06,2.3839198547648267e-06,4.0719167365548655e-06,4.623331788388896e-06
2765,3.2913841257848415e-06,3.5578162351157515e-06,4.130868653838762e-06,4.335811020428081e-06
2766,3.835633521399965e-06,2.2456776059698315e-06,4.122560877203796e-06,4.327738642314216e-06
2767,3.371531299004952e-06,2.444150841256487e-06,4.156245928071359e-06,4.3213122378801924e-06
2768,4.4318325187002e-06,5.871464127267245e-06,4.153778936648046e-06,4.3075231802504275e-06
2769,4.650538369080297e-06,3.547091291693505e-06,4.150102847264256e-06,4.066995224638957e-06
2770,4.1328540555696235e-06,2.633255389810074e-06,4.137528121211493e-06,4.08894899264851e-06
2771,3.602393641510086e-06,2.2961056220083265e-06,4.068869377452857e-06,4.2780415107699804e-06
2772,3.956789404987325e-06,1.1300448422844056e-05,4.0668361994398256e-06,4.043634194385958e-06
2773,4.434781507774864e-06,7.021892160992138e-06,4.046831392315653e-06,4.049100575866759e-06
2774,4.0415229735420625e-06,4.0642330714035775e-06,4.0455016675676026e-06,4.134279367644921e-06
2775,3.5953547548059657e-06,3.4673273876251185e-06,4.076409900992278e-06,4.075235914933728e-06
2776,3.995320100026826e-06,3.474828808975872e-06,4.0422247027992044e-06,4.130451832315884e-06
2777,5.362853592790392e-06,3.1653242604079424e-06,4.0241366004617405e-06,4.6478576172376045e-06
2778,3.3379552787159303e-06,4.058443064423045e-06,4.116560360540057e-06,4.594048986837151e-06
2779,4.57762839283128e-06,5.351198378775734e-06,4.133999861258215e-06,4.855374805265455e-06
2780,5.021073097850603e-06,2.747698235907592e-06,4.16456664138928e-06,5.032452016166644e-06
2781,4.9183394235620245e-06,4.436566941876663e-06,4.1629021605836495e-06,5.018771921459118e-06
2782,3.859084373390134e-06,3.447632943789358e-06,4.177550495145019e-06,5.064259956998284e-06
2783,3.1465484486640584e-06,7.029122843960067e-06,4.196257359328432e-06,5.049196282925548e-06
2784,3.2980460208717787e-06,2.5518860547890655e-06,4.2413634695044e-06,5.589389658780419e-06
2785,3.66387650703675e-06,2.5814972286752893e-06,4.263102583748453e-06,5.25932467826351e-06
2786,3.855937798612609e-06,7.589842080051312e-06,4.24726161556666e-06,5.093292040692176e-06
2787,4.664731491680464e-06,2.3468514791602504e-06,4.244628826998249e-06,5.039556867268401e-06
2788,3.224781032966146e-06,3.6470214763539843e-06,4.2895439082814045e-06,4.999147630223887e-06
2789,4.332623280384319e-06,1.5319064477807842e-05,4.326418668956144e-06,5.042752631925395e-06
2790,5.601978127742768e-06,2.2126004751044094e-06,4.241668560674346e-06,5.124002683442086e-06
2791,4.271621039353906e-06,8.778823066677432e-06,4.277562117972087e-06,5.176099653181155e-06
2792,4.135700802281563e-06,6.871081113786204e-06,4.2532240148527e-06,5.217345422715881e-06
2793,4.390220498559453e-06,5.529461759579135e-06,4.184001326595738e-06,5.261578682257096e-06
2794,5.016746733114511e-06,4.684292180172633e-06,4.164938835088429e-06,5.532825199770742e-06
2795,4.600525660154947e-06,2.2566635379916987e-06,4.1848297733950964e-06,5.5243930612050465e-06
2796,4.730046395909287e-06,1.5800940018380062e-05,4.194819591207812e-06,5.554891726205824e-06
2797,4.50026726108869e-06,3.0488239099213386e-06,4.201268703561963e-06,5.649629088657092e-06
2798,4.038757303230037e-06,2.8710762217087903e-06,4.201479243682924e-06,5.6354036136326605e-06
2799,3.975703259331769e-06,2.7208537358092143e-06,4.260610345772875e-06,5.43027675776102e-06
2800,4.718231786884846e-06,2.4570964615122647e-06,4.22009962512675e-06,5.528256071556824e-06
2801,4.9171891168953155e-06,4.5649538515135645e-06,4.291282021020176e-06,5.480344086936383e-06
2802,3.244100885745461e-06,5.1965755483252e-06,4.307968017181135e-06,5.012111394353268e-06
2803,4.235294211159473e-06,5.360867307899753e-06,4.21581477550919e-06,5.047715046202938e-06
2804,3.969175814846596e-06,6.382342617143877e-06,4.209389504103456e-06,4.854899323072459e-06
2805,3.2905058914265183e-06,3.8535297244379765e-06,4.2021594173598304e-06,4.706479736159963e-06
2806,4.441777135879319e-06,1.1217729879717808e-05,4.188340606399126e-06,4.577603760299099e-06
2807,4.356357831056812e-06,3.2368294796469853e-06,4.124317989893219e-06,4.491825984041499e-06
2808,3.3962938939819447e-06,7.79158946897951e-06,4.090993882063131e-06,4.785636853375764e-06
2809,3.4592738297255387e-06,4.920320116070797e-06,4.074646597877695e-06,4.295110625935194e-06
2810,3.6691400100608007e-06,2.2258603530644903e-06,4.036008036806986e-06,4.2714440833151465e-06
2811,5.33421535086139e-06,2.4616706832603086e-06,4.060475959664068e-06,4.251095535983041e-06
2812,3.6519634755273323e-06,4.796334324055352e-06,4.075385067173759e-06,4.262407519308909e-06
2813,5.0043409303018255e-06,2.449221860842954e-06,4.0361913420686805e-06,4.385458490105521e-06
2814,4.749773184408292e-06,3.613247163229971e-06,4.018663121718822e-06,4.453038691826805e-06
2815,3.2981470859441388e-06,3.1026917713461445e-06,4.042597595131763e-06,4.513168720404792e-06
2816,4.110989254210532e-06,3.958429988415446e-06,4.046587448182335e-06,4.4274900124946725e-06
2817,3.9549486336909465e-06,3.1605914409738034e-06,4.024436873644138e-06,4.290651904193509e-06
2818,4.044750224541834e-06,2.3075623630575136e-06,4.030726035206398e-06,4.244754279170592e-06
2819,3.4161813204668257e-06,2.5398477737326176e-06,4.078695556139186e-06,3.882017809701211e-06
2820,3.7674229644027138e-06,9.601935271348339e-06,4.05530679296741e-06,3.957170620378747e-06
2821,4.321364291273413e-06,3.537784332365845e-06,4.083972083875172e-06,3.9493149130066744e-06
2822,3.534303234320962e-06,2.4571603444201174e-06,4.097385606777001e-06,3.992005943109689e-06
2823,4.650455374657112e-06,2.36236253840616e-06,4.253428972293074e-06,4.022585777602217e-06
2824,4.34843094707402e-06,3.0036533189559123e-06,4.173274854211842e-06,4.165408134031168e-06
2825,3.7383886592579073e-06,5.533370731427567e-06,4.175491791971176e-06,4.100720116002776e-06
2826,4.478983608148862e-06,6.254458894545678e-06,4.113306254597168e-06,4.130660158989485e-06
2827,3.842462721068942e-06,6.699826262774877e-06,4.0807698620685395e-06,4.123869858085527e-06
2828,4.335040537423791e-06,3.2188996101467636e-06,4.090760493090785e-06,4.200247617336571e-06
2829,3.415411451391669e-06,2.961389909614809e-06,4.066520646241163e-06,4.403806493428419e-06
2830,3.447734930483016e-06,2.70608909886505e-06,4.097828293844132e-06,4.382614184578414e-06
2831,5.641015159199014e-06,2.1493181429832476e-06,4.0637558122600435e-06,4.4012126196321335e-06
2832,3.771638751762415e-06,5.115649746585404e-06,4.101805331871825e-06,4.485067068526406e-06
2833,4.1129261666760105e-06,7.595196784677682e-06,4.106251354621943e-06,4.4084934856073245e-06
2834,3.7946119022712486e-06,5.9875958686461675e-06,4.084028940249279e-06,4.383782986406004e-06
2835,7.5702241479626135e-06,2.9903562153776876e-06,4.0918558300189835e-06,4.381716686111759e-06
2836,3.330362398830605e-06,6.032229593984084e-06,4.063737665577112e-06,4.416637611211627e-06
2837,3.707386919510706e-06,3.1791338733455633e-06,4.147275072520845e-06,4.627296657417901e-06
2838,3.4497024959515937e-06,3.1977229355106827e-06,4.207529683683081e-06,4.525315580031021e-06
2839,3.936363371192581e-06,3.4434896406310144e-06,4.167931466973743e-06,4.375126753438964e-06
2840,3.547912861500259e-06,5.012135752622271e-06,4.167358240596919e-06,4.212222960632062e-06
2841,3.5049930829700315e-06,9.047401890711626e-06,4.123726123220372e-06,4.2345986545115025e-06
2842,4.737639823765171e-06,2.630783719723695e-06,4.122343616169625e-06,4.239616118138656e-06
2843,3.1929381849396225e-06,2.7725232394004707e-06,4.148512522988313e-06,4.256696932861815e-06
2844,4.367419310761357e-06,4.636208996089408e-06,4.09512972148352e-06,4.262517924507848e-06
2845,3.878573533155658e-06,7.687595698371296e-06,4.0558498564375135e-06,4.246939231234137e-06
2846,3.765803931956826e-06,2.920021852332866e-06,4.069715824253863e-06,4.0494381100870675e-06
2847,3.7299754785635743e-06,2.4055028370639774e-06,4.0627147028014095e-06,3.902509114050189e-06
2848,3.94750126361032e-06,3.235385665902868e-06,3.89935141772892e-06,4.0613228411530145e-06
2849,6.43686612066732e-06,8.270129474112764e-06,3.898348498842097e-06,3.926791158664855e-06
2850,5.244753938313807e-06,2.9838437967555366e-06,3.910600152974237e-06,3.902121502324008e-06
2851,3.4890281904154107e-06,2.4997382297442527e-06,3.898702310673091e-06,3.868385184250655e-06
2852,3.828132061648325e-06,2.6272314426023513e-06,3.8888079579515355e-06,3.853797047122498e-06
2853,3.2442376030101313e-06,3.778291957132751e-06,3.909303705667198e-06,3.7505414569750424e-06
2854,3.3808487751230132e-06,3.0868265002936822e-06,3.909514169047018e-06,3.6196806766383817e-06
2855,4.101957600950198e-06,3.1331094669440063e-06,3.857236413023202e-06,3.6101966481510318e-06
2856,4.306445121579196e-06,2.2948429341340672e-06,3.908014178442601e-06,3.830784430829227e-06
2857,2.789642125612267e-06,4.726182414742652e-06,3.890746566281046e-06,3.783134485274787e-06
2858,4.4595753620847565e-06,2.6576687560009306e-06,3.8891501936127e-06,3.590020072078915e-06
2859,3.619583865959915e-06,2.314370967724244e-06,3.8950299678011415e-06,3.8034597131627383e-06
2860,3.4861420211503477e-06,6.9606993929483e-06,3.9628632980667244e-06,3.871115953006665e-06
2861,3.305289426660036e-06,2.6689375317801024e-06,3.947500268016787e-06,3.856927220476791e-06
2862,4.0136782728142055e-06,2.56239246482437e-06,3.8200131243380996e-06,3.83550660480978e-06
2863,3.152256438422935e-06,2.3543149836768864e-06,3.740015328831861e-06,3.8141305643875967e-06
2864,3.68900455315371e-06,3.078786212427076e-06,3.771221986567576e-06,3.8131550134494322e-06
2865,4.060306554391799e-06,2.4307459989358906e-06,3.7527962744206884e-06,3.912131873767066e-06
2866,3.510254667465536e-06,5.775882382295094e-06,3.7754482938503817e-06,3.848987714627583e-06
2867,3.4306959231697773e-06,2.3936830075399483e-06,3.820807024243954e-06,3.849337804240349e-06
2868,4.462382320424594e-06,8.287217806355329e-06,3.7961267593952164e-06,3.822654162831896e-06
2869,3.935729006722492e-06,3.4449603572284106e-06,3.8037996809281237e-06,3.89587523877708e-06
2870,3.838664216446988e-06,2.859735368474503e-06,3.820089106132703e-06,3.843340073763102e-06
2871,3.912798286667869e-06,8.256012879428454e-06,3.7982687621580327e-06,3.8709841604941175e-06
2872,5.42580873520314e-06,4.096908833162161e-06,3.7953893991268867e-06,3.885110421651916e-06
2873,3.5634255123618964e-06,2.880667352656019e-06,3.8119231679249627e-06,3.69698464000976e-06
2874,3.249687528700128e-06,7.734614082437474e-06,3.823765007463306e-06,3.7290323647539486e-06
2875,3.244809050657851e-06,2.4494427862009617e-06,3.861464465110961e-06,3.7953466644466974e-06
2876,4.269194633808285e-06,2.475349456290132e-06,3.892487567312249e-06,3.7971873412971035e-06
2877,3.367489257976154e-06,5.101652950543212e-06,3.902893738217649e-06,3.792226368568663e-06
2878,3.810538088752461e-06,2.19968797864567e-06,3.93150343329075e-06,4.022910385356226e-06
2879,4.514817034962309e-06,3.0955787406128364e-06,3.973527844522728e-06,3.9785876067981e-06
2880,3.4849509797317702e-06,2.466018431732664e-06,3.955617964402337e-06,4.054688993164746e-06
2881,4.498268159901878e-06,4.125369832763681e-06,3.912377817212271e-06,3.883476745431836e-06
2882,3.196877755726746e-06,3.412803289393196e-06,3.960597121042358e-06,3.901995518572221e-06
2883,3.914066762717994e-06,3.348770924276323e-06,3.956783585787586e-06,3.949489211481705e-06
2884,3.5475997901812663e-06,2.6675274966692086e-06,3.947697260031823e-06,3.710377227434947e-06
2885,3.8994862411022446e-06,2.2575548518943834e-06,3.922670239131144e-06,3.72853318349371e-06
2886,3.6013354151186324e-06,3.4701306503848173e-06,3.920777056343165e-06,3.72342226200999e-06
2887,4.9561647140055555e-06,4.220249957143097e-06,3.943371010821768e-06,3.520710056727694e-06
2888,3.92783399345515e-06,2.4003319049370474e-06,3.962088967667417e-06,3.5714115478185704e-06
2889,3.949158825788699e-06,2.9547618942160626e-06,3.9176652011418705e-06,3.5906592125684256e-06
2890,4.775548931219317e-06,8.197846418624977e-06,3.931638581212206e-06,3.7977933487127307e-06
2891,4.5608649482649825e-06,4.6678129183419515e-06,3.945532630789077e-06,3.7995426664565463e-06
2892,2.982948920159995e-06,4.2962176667060705e-06,3.903519421924608e-06,3.877124781502062e-06
2893,3.381378640672968e-06,4.006911613032571e-06,3.886942713597818e-06,3.930754061002517e-06
2894,5.141211602474667e-06,3.907929685738054e-06,3.8440834510058475e-06,3.870139771606774e-06
2895,3.743325835077687e-06,4.047077691211598e-06,3.835314133185522e-06,4.00352410360938e-06
2896,3.685640142773789e-06,2.2782132782595e-06,3.870240969930213e-06,4.471181502958644e-06
2897,4.80013321268618e-06,4.550807734631234e-06,3.890122120376165e-06,4.463696572565823e-06
2898,3.516095942662408e-06,2.752894315563026e-06,3.869691412849837e-06,4.545826979665435e-06
2899,3.8145363906652264e-06,2.666808950380073e-06,3.875586442720507e-06,4.4878940705530114e-06
2900,3.712757971799066e-06,3.7169800634728743e-06,3.84100517807787e-06,4.419458404663601e-06
2901,3.1586004706696256e-06,2.956541075036512e-06,3.854624895878563e-06,4.440570026781643e-06
2902,3.716823759734527e-06,1.0280006354150828e-05,3.8158787983168925e-06,4.704099796072114e-06
2903,4.157889328174254e-06,2.2434209222410574e-06,3.8057905985220315e-06,4.499153325741644e-06
2904,3.4644868133505547e-06,5.035131616750732e-06,3.7541096993259594e-06,4.525630210991949e-06
2905,3.0705332715620493e-06,3.806750419244054e-06,3.782177884649072e-06,4.517994836351136e-06
2906,3.4267865951025873e-06,2.610012597870082e-06,3.797304349811586e-06,4.481581381696743e-06
2907,2.9776448102186097e-06,6.747411589458352e-06,3.7648502111147133e-06,4.563791158943787e-06
2908,4.787237681335278e-06,1.504020590800792e-05,3.786938645377328e-06,4.5086437239660875e-06
2909,4.044628551330081e-06,2.4804042368486988e-06,3.789339716281069e-06,4.5082706408720694e-06
2910,3.3887185529440303e-06,4.310815029384685e-06,3.7305762903391347e-06,4.5752219575661e-06
2911,3.748711161885391e-06,2.0218079225742257e-06,3.7398364467258543e-06,4.605096628438332e-06
2912,4.091633097939646e-06,2.509358309907839e-06,3.7554446215936977e-06,4.685158966458403e-06
2913,4.268326938472455e-06,2.9281224578880937e-06,3.7847257596594222e-06,4.6778120704402685e-06
2914,2.980506386746937e-06,9.543006126477848e-06,3.79076244571479e-06,4.704345549544087e-06
2915,4.523343936347778e-06,3.0741846603632437e-06,3.7768969995441797e-06,4.378313437337057e-06
2916,3.268842468363194e-06,5.329735049599549e-06,3.7878994751129845e-06,4.742465907838778e-06
2917,3.6846535532377956e-06,4.105333300685743e-06,3.874400903724665e-06,4.62958389070991e-06
2918,3.759540269735832e-06,3.0965752466727283e-06,3.9082154797344835e-06,4.566773846454453e-06
2919,4.3298581350528465e-06,5.963174116914161e-06,3.887305415486885e-06,4.574030996445799e-06
2920,4.295536691643065e-06,2.6683918167691446e-06,3.873525612592251e-06,4.461256021022564e-06
2921,3.745666915367312e-06,2.268886200909037e-06,3.831138588935169e-06,3.96686744352337e-06
2922,3.331047564137811e-06,6.224590651981998e-06,3.7957743251253203e-06,3.982157247446593e-06
2923,3.7475998523303943e-06,3.4997610873688243e-06,3.857408426362478e-06,3.911434757901588e-06
2924,4.204740762361326e-06,4.6683674008818345e-06,3.872100650429881e-06,3.9773268472345075e-06
2925,4.444786423442161e-06,3.5333076630195136e-06,3.855575865863001e-06,3.9572840703840475e-06
2926,3.309517622053843e-06,3.619878052631975e-06,3.819279293343748e-06,4.4785004078221385e-06
2927,3.3701876054692547e-06,2.129203548975056e-06,3.844393781805087e-06,4.253597968454413e-06
2928,4.432951217394374e-06,1.1347232684784103e-05,3.8045536127861442e-06,4.3199880279644275e-06
2929,5.627022528642556e-06,2.2130811885290314e-06,3.835283904421279e-06,4.269637109791803e-06
2930,3.915897671807519e-06,2.2364993128576316e-06,3.827718808517804e-06,4.1841129344902584e-06
2931,2.9040349889126246e-06,2.791441347653745e-06,3.855889664575645e-06,4.1775684103413365e-06
2932,2.633149737852768e-06,3.928037203877466e-06,3.8311054782348545e-06,4.289801887171052e-06
2933,3.727562089908234e-06,2.680491470528068e-06,3.880025603029935e-06,4.315092969955004e-06
2934,3.1605219560838627e-06,2.8626493349293014e-06,3.884021842633148e-06,4.423729219888629e-06
2935,4.929571083872967e-06,2.54275279075955e-06,3.894375354583543e-06,4.4103126683694425e-06
2936,4.1160167635704665e-06,3.669110155897215e-06,3.9343895991906816e-06,4.3687581253834646e-06
2937,3.6785134837676498e-06,2.008288888646348e-06,3.909782853204685e-06,4.28773867442942e-06
2938,3.360912625491134e-06,1.5958530893840362e-05,3.869099042741355e-06,4.241280063251907e-06
2939,3.608368598280423e-06,3.920445142284734e-06,3.86563408948051e-06,4.186581607245899e-06
2940,3.527339710874205e-06,4.733936148113571e-06,3.847626415376403e-06,4.230058731809551e-06
2941,4.037099759241553e-06,4.070962095283903e-06,3.8230800829195595e-06,3.922498788051597e-06
2942,3.495526155650926e-06,1.967228918147157e-06,3.735485126182742e-06,3.972146620617422e-06
2943,4.463811671181854e-06,2.932962142949691e-06,3.8106695776150457e-06,4.03412683208444e-06
2944,3.710253476533075e-06,8.769011037657037e-06,3.822853077043774e-06,4.0161874474506474e-06
2945,5.518539811520087e-06,3.30066888636793e-06,3.86915811062257e-06,3.9518968837001016e-06
2946,3.845572905447625e-06,4.984792449249653e-06,3.842831896084439e-06,3.95248220902431e-06
2947,3.5898853628977022e-06,5.889176864002366e-06,3.8381585729439395e-06,3.94235620569816e-06
2948,4.7479559675088645e-06,2.4608975127193845e-06,3.84235267792974e-06,4.232735405275889e-06
2949,3.5895721127114183e-06,2.642881127030705e-06,3.8060356773106233e-06,4.43236465089285e-06
2950,3.427691161858901e-06,2.371842383581679e-06,3.7938300765947343e-06,4.437015068106121e-06
2951,3.2228937905327056e-06,2.25241665248177e-06,3.8870031676399075e-06,3.906468995046452e-06
2952,2.919995752866574e-06,3.216131663066335e-06,3.884897344990654e-06,3.8301319504171265e-06
2953,3.8192929059732705e-06,3.6582340908353216e-06,3.92920158467152e-06,3.893194337615569e-06
2954,3.4371486102221145e-06,3.454277002674644e-06,3.886937940418041e-06,3.846657775102358e-06
2955,5.795508957615109e-06,3.786004599533044e-06,3.890949848027958e-06,4.487753170724317e-06
2956,3.208622474630829e-06,2.342956731808954e-06,3.884064696345983e-06,4.461693145458412e-06
2957,3.7907755773226704e-06,2.320773110113805e-06,3.898407822816808e-06,4.201004000424292e-06
2958,3.069406726454973e-06,2.695124603633303e-06,3.798355496292061e-06,4.157397154813225e-06
2959,3.0436888775713872e-06,2.60949925177556e-06,3.787006676793681e-06,4.0465269490596256e-06
2960,5.034423708517958e-06,9.802232780202757e-06,3.781213760945927e-06,3.965518923178024e-06
2961,3.2080917480925565e-06,8.659841296321246e-06,3.7638298061210666e-06,3.972565975891485e-06
2962,3.373373465870423e-06,2.1245493189780974e-06,3.7668482677367547e-06,3.979189572964969e-06
2963,5.690239901620468e-06,2.6948790673486657e-06,3.764348430488301e-06,4.0178002554966955e-06
2964,3.5557230320490714e-06,2.0120190265515702e-06,3.7794836788432605e-06,4.459718739053643e-06
2965,4.634945702895897e-06,6.310495828074636e-06,3.854083603528125e-06,4.51229234731727e-06
2966,2.980508652904569e-06,2.907548032453633e-06,3.8019172396060537e-06,4.5227135573441045e-06
2967,3.595823845898849e-06,1.799461380869616e-05,3.8094404846661844e-06,4.485220499009301e-06
2968,4.291682879132471e-06,2.281461511302041e-06,3.7570331704753494e-06,4.780035502881219e-06
2969,4.068831638303689e-06,2.251782411804015e-06,3.819181032051548e-06,4.844228697220387e-06
2970,3.0172316484014217e-06,2.210497746091278e-06,3.777460655197097e-06,4.868760596036736e-06
2971,3.5618524179881205e-06,2.213037305409671e-06,3.8116775873984604e-06,4.875869556599354e-06
2972,3.4450624667038533e-06,3.863976216962328e-06,3.836199697323334e-06,4.886128974794701e-06
2973,4.313357096887355e-06,2.6370738305558915e-06,3.766958171531264e-06,4.609989927303104e-06
2974,3.665033653103617e-06,2.8084710538678338e-06,3.7935143892557084e-06,4.357641550632252e-06
2975,3.3651952306475625e-06,3.33710944687482e-06,3.7832890141746455e-06,4.368506170976616e-06
2976,3.6012749994066933e-06,1.3300378741405439e-05,3.726339333873815e-06,4.354163538482681e-06
2977,4.784993869988183e-06,4.530471869657049e-06,3.7753888939934974e-06,4.3667837104294455e-06
2978,2.515133807921504e-06,3.918764341506176e-06,3.753274376170642e-06,4.2311440767662135e-06
2979,3.625229736725386e-06,2.5169505443045638e-06,3.778317244935655e-06,4.24109891646367e-06
2980,4.485326102844233e-06,1.1156379696330986e-05,3.755578101289656e-06,3.6235806273907656e-06
2981,4.762319014035812e-06,3.94778659028816e-06,3.7408351466183375e-06,3.626694183185464e-06
2982,2.7477661559613705e-06,2.93407058052253e-06,3.737033592561703e-06,3.8794108621004855e-06
2983,3.924830031489061e-06,2.8728486176987644e-06,3.794634583563392e-06,3.923825034144102e-06
2984,3.6567416256932323e-06,2.865984706659219e-06,3.8013724079165613e-06,3.9210396087582935e-06
2985,3.3033855637161954e-06,2.8987565929128323e-06,3.810940136655618e-06,3.8544688559341015e-06
2986,3.871997191203667e-06,2.351131879549939e-06,3.763110176694479e-06,3.833078082243446e-06
2987,3.117739088843842e-06,2.3961648275871993e-06,3.7657831499119413e-06,4.147555588133401e-06
2988,4.266497894099707e-06,2.3363132550002773e-06,3.805929530042501e-06,4.18137695378391e-06
2989,4.781962035041134e-06,2.3275233252206817e-06,3.8144525727653264e-06,3.7354762553150065e-06
2990,4.082082757324517e-06,2.9195049864938484e-06,3.7359021459956742e-06,3.6698873227578588e-06
2991,3.6065803720298895e-06,3.156419024890056e-06,3.7809772074170823e-06,3.6206631215463857e-06
2992,3.0273452547488786e-06,2.55665658187354e-06,3.7895586418825485e-06,3.6111774952587436e-06
2993,3.923109012349515e-06,2.3593004061694955e-06,3.730500811879109e-06,3.249402329674922e-06
2994,3.973792786887821e-06,8.569699384679551e-06,3.6742328593997324e-06,3.3077553860493935e-06
2995,4.457256423443647e-06,3.320852047181688e-06,3.715456945327687e-06,3.288542276641238e-06
2996,3.730298026817359e-06,2.1434016707644333e-06,3.693321711418523e-06,3.2652636135026115e-06
2997,3.6842556851802834e-06,2.199707396357553e-06,3.6968427848478314e-06,3.2362946498324163e-06
2998,3.1176080978588694e-06,2.102304488289519e-06,3.7126044401399365e-06,3.3735305551090275e-06
2999,3.731857983540168e-06,1.0670408701116684e-05,3.7390743080929194e-06,3.408399358158931e-06
3000,4.368854733911576e-06,4.18264358813758e-06,3.7947246661941694e-06,3.4245095204823884e-06
3001,3.81435106747732e-06,2.152861279682838e-06,3.7739743906462945e-06,3.5058952511462847e-06
3002,2.821233200746873e-06,2.8907485557283507e-06,3.748461026609423e-06,3.649657377536642e-06
3003,3.6420103434567057e-06,2.6881593112193513e-06,3.742482846690918e-06,3.6536485611577518e-06
3004,3.83976559836204e-06,2.2798098871135153e-06,3.720095143479638e-06,3.6613021944503997e-06
3005,3.008880352758246e-06,2.1120005567354382e-06,3.7381781658647626e-06,3.684716084899264e-06
3006,3.3556202020513915e-06,5.4066129996499515e-06,3.7069107823602588e-06,3.6986367962526857e-06
3007,3.7783683041602166e-06,2.4537428453186294e-06,3.6871519689965583e-06,3.4407996179652406e-06
3008,3.371449183759978e-06,2.290882039233111e-06,3.6571609072173792e-06,3.55375303333858e-06
3009,3.744768461425944e-06,2.1417606149043424e-06,3.650580228067056e-06,3.555943779429071e-06
3010,3.6974269460188224e-06,6.329654224828118e-06,3.63916396874831e-06,3.5883692184143e-06
3011,4.53374389002824e-06,3.2228519557975234e-06,3.647238377905322e-06,3.8076553355494977e-06
3012,4.508998041375081e-06,2.798918885673629e-06,3.6369725188301856e-06,3.6140219199296555e-06
3013,3.7477410054028346e-06,4.3709565215976905e-06,3.618155984481241e-06,3.550796041236027e-06
3014,4.1441279341193475e-06,5.921576484979596e-06,3.6543261387931943e-06,3.5905093885958203e-06
3015,3.93262825936189e-06,3.019284577021608e-06,3.701550076422994e-06,3.67982446368842e-06
3016,3.0468877917479e-06,3.3477598572062562e-06,3.7022532416408975e-06,3.923127694361029e-06
3017,3.4794208143769843e-06,3.1420038430951534e-06,3.6827786172175875e-06,4.117794533158303e-06
3018,3.1414244247369222e-06,2.707318190005026e-06,3.699034016244696e-06,4.44757235236466e-06
3019,3.4798224527953104e-06,2.123769927493413e-06,3.7332152432201032e-06,4.3429459274193506e-06
3020,3.7074798789641744e-06,6.144687431515195e-06,3.79284643252807e-06,4.506397034128896e-06
3021,3.5657810480592564e-06,2.198170323026716e-06,3.7800323294908997e-06,4.527450227396912e-06
3022,3.398849202211649e-06,3.0103433709882666e-06,3.7528594733683144e-06,4.5295898644326385e-06
3023,3.319468326784166e-06,7.584457416669466e-06,3.7186614460046656e-06,4.830498805131356e-06
3024,3.4752115066617587e-06,5.829573310620617e-06,3.686799677961971e-06,5.043473216392158e-06
3025,3.8984413751879605e-06,2.6019966207968537e-06,3.6368215836369524e-06,5.03331666241138e-06
3026,4.718604925276142e-06,3.14569496367767e-06,3.6323977889373463e-06,5.072622810803295e-06
3027,4.001831641491865e-06,5.123625433043344e-06,3.6881492666604266e-06,4.93175238425465e-06
3028,3.659589473904311e-06,8.770740078034577e-06,3.6774083339777367e-06,4.903764161826984e-06
3029,3.352899987779286e-06,7.1464808570453895e-06,3.695737257738883e-06,4.862436256189539e-06
3030,3.4152653284359583e-06,1.035644603689434e-05,3.7194418136399087e-06,4.852475700499782e-06
3031,4.210150876436577e-06,2.7909523760172304e-06,3.756666225126537e-06,4.859902570933628e-06
3032,5.269148036859406e-06,6.540020513057243e-06,3.78035471549083e-06,4.8906713718679395e-06
3033,3.051096607830712e-06,2.8172118709335336e-06,3.7949369088083688e-06,4.76060347264138e-06
3034,3.0654470583613148e-06,2.1952515407974717e-06,3.815187055362104e-06,4.788396257754359e-06
3035,2.8424762619276104e-06,1.3852377742296085e-05,3.842114475749743e-06,4.7837021209488765e-06
3036,3.7371996889608756e-06,8.547212237317581e-06,3.872217131154482e-06,4.596043422316146e-06
3037,3.2595456832495983e-06,2.5450050361541797e-06,3.896090059364117e-06,4.4785800879253675e-06
3038,3.6371461379126736e-06,5.353610231395578e-06,3.903033792832704e-06,4.490219821127542e-06
3039,5.537914877196373e-06,2.3998158212634734e-06,3.877170984297763e-06,4.480111620614482e-06
3040,3.6641049422946202e-06,2.3195790163299535e-06,3.879979107114194e-06,4.3908862013267955e-06
3041,3.5051108857765536e-06,2.3145622162701328e-06,3.896476916634127e-06,4.1557761962394585e-06
3042,4.072034711902638e-06,2.892989950851188e-06,3.925242305599061e-06,3.98563655999169e-06
