epoch,train_loss,val_loss,train_loss_smooth,val_loss_smooth
1,0.16188165952761968,0.07742854803800583,0.10765726277894444,0.06165513336062431
2,0.0591475968559583,0.04587741672992706,0.10304123222827911,0.060272335243225096
3,0.049027674065695866,0.045125066190958026,0.09840576376186476,0.05887993020415306
4,0.048735334508948853,0.04514832124114036,0.09375104765163528,0.05746474172472954
5,0.04853564009070396,0.044864227026700974,0.08907434137662253,0.056018271136283875
6,0.048467615213659075,0.04476783022284508,0.08437328049739204,0.05455255125761032
7,0.04824450123641226,0.044702035635709764,0.07963976139293777,0.05306778007149696
8,0.048027324130137765,0.04435070618987083,0.07487072954310313,0.051542704260349265
9,0.04782950970861647,0.04447382226586342,0.07006110461552939,0.04997552886009216
10,0.047655711074670155,0.04391646146774292,0.06520572838915718,0.04837158817052841
11,0.047415747576289705,0.04399852856993675,0.060301143981350794,0.04672161700129509
12,0.04704268410801887,0.04414309099316597,0.055343056223789856,0.04501914813518524
13,0.04684065704544385,0.0434397029876709,0.05033762199282646,0.0432703039675951
14,0.04648089576098654,0.042858595103025435,0.04528127442002297,0.04149254920184612
15,0.04599494786726104,0.04261842206120491,0.04428929019868374,0.04093257200717926
16,0.04551375677188237,0.04204883605241776,0.043668198956714734,0.04039042786061764
17,0.04496400265230073,0.041266783326864245,0.043032331143485175,0.039828347358107564
18,0.0443551375468572,0.04078555107116699,0.04238696402841143,0.03925048394203186
19,0.04354368191626337,0.04030926838517189,0.041732372424999865,0.03868762893974781
20,0.04265586328175333,0.039301652759313584,0.04108112922906875,0.038114926451444625
21,0.04164103633827633,0.03824916303157806,0.04043505030075708,0.03755572527348995
22,0.04049725386831495,0.03733003079891205,0.039791435774829645,0.03700976279377937
23,0.039267049332459766,0.036179268807172774,0.03915590367515882,0.03647807499170303
24,0.03792946558859613,0.034866826385259626,0.03852901607188914,0.03592794395685196
25,0.03674580375353495,0.0337074438482523,0.037914081385731706,0.03537747483253479
26,0.03547297020753225,0.03298467889428139,0.03730665734509627,0.03485760674476624
27,0.03434799132247766,0.0318779868632555,0.03671104839278591,0.034349373006820685
28,0.0335003930164708,0.031571462526917456,0.036135055782066446,0.03386837957799435
29,0.03283863917820983,0.031096308678388595,0.03557635031905439,0.03339865880310536
30,0.032401462213860616,0.03041764162480831,0.03503822428286075,0.032956880754232414
31,0.03210282512836986,0.03069645516574383,0.03452585133214791,0.03252961950004101
32,0.03196342133813434,0.03038447342813015,0.03404435539477401,0.03212433294057846
33,0.03187535092234611,0.03037067674100399,0.033596962989038893,0.03176058939993382
34,0.031739146560430524,0.030824760273098946,0.033189364042547014,0.03143723619878293
35,0.0317674085828993,0.030624266415834427,0.03282649836473995,0.031143437671661375
36,0.03174355749454763,0.030245252698659898,0.03251276032626629,0.0309007021933794
37,0.03166931695408291,0.03038136288523674,0.03224997219476435,0.03070932458639145
38,0.03165505602955818,0.03044300079345703,0.03203216525448693,0.030561377286911013
39,0.03159067195322778,0.03015275165438652,0.0318653989566697,0.030433934822678567
40,0.031595132599274316,0.030593586340546607,0.03174164778192838,0.030358386769890788
41,0.03154612019658089,0.030305816680192946,0.03165217591722806,0.030290774700045583
42,0.031510851747459837,0.03022233210504055,0.03158659690188037,0.030244958811998367
43,0.0315458137790362,0.030104019716382026,0.03153687546220091,0.030216191425919532
44,0.031506283481915795,0.03017710439860821,0.03149617090457015,0.03018187431693077
45,0.03147105313837528,0.03020806424319744,0.03145993259019322,0.03015061067342758
46,0.0314510626759794,0.03016533300280571,0.03142527244918876,0.030130710396170615
47,0.0314256119231383,0.02998506762087345,0.0313904108170006,0.030105488380789757
48,0.03142359837061829,0.030110881850123405,0.03135537243982157,0.030064007359743124
49,0.031359762301047645,0.030082386210560797,0.031319575362404185,0.030038654267787936
50,0.031300630246599515,0.03000876136124134,0.03128395548131731,0.030008108773827553
51,0.03130381276210149,0.029798617288470268,0.031245931549866997,0.02995409287810326
52,0.03125421195394463,0.029989285543560982,0.031209101480576734,0.029917003658413887
53,0.03126359639896287,0.029881160780787466,0.031169246160984047,0.02985666542053222
54,0.031199163794517516,0.029950911477208138,0.031129082272450138,0.029817155331373215
55,0.031158426221874026,0.029698456972837448,0.031083686739537455,0.02978074967265129
56,0.03108521118760109,0.02983852744102478,0.03103394160966079,0.029732155963778494
57,0.031057463478710915,0.02960288234055042,0.03098458127809895,0.02967788544893265
58,0.031008847397234706,0.02987316980957985,0.030933651425441105,0.02961268038153649
59,0.030867605755726498,0.03019420988857746,0.03087733552157879,0.029558682939410212
60,0.03089144915342331,0.029587240889668465,0.030818831572598883,0.02950467537939549
61,0.030848630559113292,0.029611425399780275,0.030758628217048112,0.029435646820068363
62,0.03077881992691093,0.029617725536227227,0.03069586648709244,0.029373586055636412
63,0.030704457743300332,0.029092603400349616,0.030626348040170136,0.029300076776742942
64,0.030669920220971106,0.02922552116215229,0.03055263659093115,0.029216950035095213
65,0.03059874960945712,0.029085130393505097,0.030473812566863163,0.029165583470463753
66,0.030542022983233132,0.02931806445121765,0.03039613149431017,0.029081719508767128
67,0.030375963424642882,0.029312190636992454,0.030310622391435837,0.02900428044497967
68,0.030302185532119538,0.02888917699456215,0.030221321143706643,0.028916273379325865
69,0.030272275192870034,0.028820341527462004,0.030125756039553215,0.02885147871673107
70,0.030197806821929084,0.028577937558293343,0.03002609673076206,0.028743006893992423
71,0.030043165079421466,0.028815396949648856,0.0299192358593146,0.028613251900672914
72,0.02996301319864061,0.028634878620505334,0.02980920471118556,0.028471538263559342
73,0.02991851448184914,0.02838516786694527,0.029685605930288628,0.02835752946138382
74,0.02979071905215581,0.028530867099761964,0.02955789022710588,0.028216998782753945
75,0.02956266907354196,0.028171029388904572,0.02942383642395337,0.028063293844461438
76,0.029461026531126765,0.02772044874727726,0.0292784418563048,0.027920939201116563
77,0.029283611352245012,0.02870512142777443,0.029125224221746127,0.027768625867366788
78,0.0293215695851379,0.02778456173837185,0.028963083885444538,0.02762832943499088
79,0.029061436222659217,0.02801493488252163,0.02879691270556715,0.027453582203388217
80,0.02892589502864414,0.027498280331492424,0.02862148361901442,0.02725540565252304
81,0.02869608358376556,0.028218660876154898,0.028430894239412415,0.027049956429004665
82,0.0285659807589319,0.026891086772084235,0.028225767122043506,0.026830282697081567
83,0.028337325611048274,0.026629294976592065,0.028007109183404183,0.02662214696407318
84,0.02811682705250051,0.02665136896073818,0.027781574087010496,0.026381552115082745
85,0.027801479631000096,0.026737020835280418,0.02754350262549188,0.026122956743836405
86,0.027655737979544532,0.026098158434033392,0.027286940772003596,0.02585180166959763
87,0.027427474848098224,0.025775102078914643,0.0270208674258656,0.02556256342232228
88,0.027069593552086088,0.025533737316727638,0.02674275038076772,0.025271680158376702
89,0.026839479357004165,0.025417687818408013,0.0264589200841056,0.024990253019332893
90,0.02654524120191733,0.0255777195841074,0.02616297084093094,0.024675161004066474
91,0.026387743486298455,0.02494938366115093,0.025845014039675394,0.024343305379152306
92,0.025990236260824733,0.024357776865363123,0.025516452347901133,0.023993343022465714
93,0.02553745104206933,0.02375294640660286,0.025181022516224116,0.02364703626334668
94,0.02514409725864728,0.02332849822938442,0.02483897828062375,0.023264058208465586
95,0.02473135835594601,0.023374544233083727,0.02448777271641625,0.022908784517645844
96,0.024404787669579188,0.022800525724887846,0.02412586550994052,0.022540906898677358
97,0.024011226660675473,0.022169994339346886,0.023762866721881763,0.022167993502318864
98,0.023504468144641983,0.021606291010975838,0.02339904592964384,0.02179078591316939
99,0.0231388853987058,0.02129991091787815,0.023029668867256905,0.021424412898719318
100,0.022609742946094937,0.020898947790265084,0.02265746557927794,0.02106055012941361
101,0.022365269114573795,0.02068477027118206,0.022285939338306585,0.02068713349103928
102,0.02188488027287854,0.020827821046113967,0.021913511049913036,0.02030985731780529
103,0.021372649553749297,0.019488171115517615,0.021545118123955195,0.019919799515604974
104,0.02084739392830266,0.019265875965356827,0.02117675939583116,0.01955016952306032
105,0.020540149236718815,0.018840611353516577,0.020820112816989415,0.019206771928071978
106,0.020144977693756422,0.018644209504127502,0.02047706096768379,0.018878822968900203
107,0.01978584165374438,0.018009244501590728,0.020142083048323788,0.01856557734757662
108,0.019289645449154905,0.017432354502379895,0.019822691373527046,0.018263554987311362
109,0.019041857351031567,0.017328534051775934,0.019511961135268215,0.01796275790035725
110,0.018705959825052156,0.01730683110654354,0.019216015100810266,0.017674496735632424
111,0.01842131141987112,0.016938833072781562,0.018935999830895,0.017407275873422622
112,0.018122392648624048,0.016678532846271993,0.01866789942499664,0.01715755496323109
113,0.017781437527802254,0.016198321357369424,0.01841856628143125,0.016916243763267995
114,0.017528772147165403,0.015985783487558365,0.01817743128306336,0.01669426254928112
115,0.01733541805297136,0.015826274529099463,0.017954137043323784,0.01648071763664484
116,0.017178775283197563,0.015708633847534657,0.017752518118917947,0.01629401312470436
117,0.017074071789781254,0.01577283699065447,0.017574042993452815,0.016125175462663174
118,0.016961154809428586,0.01555422242730856,0.01740434312704537,0.015959653583168986
119,0.016769649274647237,0.015497357696294784,0.0172489383654462,0.015813168646395207
120,0.016746566486027507,0.015823985226452352,0.017106235196358628,0.0156806060731411
121,0.01663653171310822,0.015280598551034927,0.0169798008778029,0.015574751776456834
122,0.016612575799226762,0.014963465221226215,0.016863481996125647,0.015506779135763645
123,0.01650408639676041,0.014925769455730915,0.01676136916163895,0.015409477174282073
124,0.01643637525124682,0.015056888163089753,0.016669320242769188,0.015329400308430195
125,0.01637641435696019,0.014866167791187762,0.01658512863533364,0.015281732608377934
126,0.016336894155376487,0.015135239921510219,0.016514383023480572,0.015246827375888825
127,0.016302524279389115,0.015489198230206967,0.01645586186961995,0.015190562658011914
128,0.016332176443603304,0.014820558317005635,0.016403421860602167,0.015169924770295619
129,0.016385515791674455,0.015044934414327145,0.016357992658350202,0.015136759813129903
130,0.01629765257653263,0.014702564366161823,0.016314159924785295,0.015085589593648911
131,0.016259858653777177,0.014982086084783077,0.016275149385134382,0.015040798451006412
132,0.016218262426555156,0.014695180170238019,0.016241474288867578,0.015006319984793662
133,0.016128787485261756,0.014785997085273266,0.016205878502296076,0.014958528310060502
134,0.016133885309100152,0.015629218034446238,0.016175764128896923,0.01492067328542471
135,0.016153138962884745,0.01487428206950426,0.01614430952883429,0.014913052575290202
136,0.01612008844812711,0.014936911426484584,0.01611663985384835,0.014890527833998203
137,0.016017602462735443,0.015486840344965457,0.016090235757496622,0.014869696989655495
138,0.01601279723147551,0.015325690545141697,0.0160659054208133,0.014850861983001232
139,0.016065743300649856,0.014579165540635586,0.016041701622721224,0.014821501821279524
140,0.016024417827526727,0.015310327336192132,0.016016687345587546,0.014790817552804947
141,0.016043045226898457,0.014879509918391704,0.0159866310544312,0.014780792149901393
142,0.015978253450658585,0.014493581503629685,0.015957457406073808,0.014763726767897608
143,0.01598589131815566,0.014434443861246109,0.015927867529375684,0.01475266326069832
144,0.01592777186797725,0.014635396040976047,0.015899439612113767,0.014713272869586947
145,0.01585667182173994,0.014629193358123302,0.015873340376963217,0.01468963304460049
146,0.01588367237812943,0.014334222935140133,0.01584462487358186,0.014668112772703175
147,0.015826210797660882,0.01477294746786356,0.015814298956178956,0.014606876894831658
148,0.015812344522111946,0.01436265092343092,0.01578034094331993,0.014580426301062108
149,0.015776272842453587,0.014536117054522037,0.01574915740084317,0.014549961563944818
150,0.015768155939877033,0.0143952926248312,0.01571908391871386,0.01449456468075514
151,0.01573179920307464,0.01440123587846756,0.01568555114294092,0.014429301398992539
152,0.015677167351047197,0.014722091518342495,0.015650084720138048,0.014427361376583576
153,0.01558076916469468,0.014569923244416715,0.015613669866902961,0.01436849920153618
154,0.01565617458273967,0.014618299864232541,0.015573335295998386,0.01433521776497364
155,0.015557905659079552,0.014425976686179637,0.015539607090668546,0.01429283131659031
156,0.015549160722229215,0.01399732630699873,0.015499673061652317,0.014258810020983222
157,0.015565781547791428,0.014104184545576572,0.0154579313269092,0.014210724692046643
158,0.015410899900727802,0.014247990287840366,0.015419107411387897,0.014185937651991843
159,0.01537573737402757,0.014098321087658405,0.015375937960959143,0.014147486032545568
160,0.015304188641409078,0.014213017225265502,0.015333933713618252,0.014091800701618196
161,0.01534049988620811,0.014175292998552323,0.015291736841450137,0.014045934778451919
162,0.015265765409502719,0.014101918265223503,0.015245334577312072,0.014013165742158891
163,0.01517447783715195,0.013694108501076697,0.015201412520557643,0.013959558793902397
164,0.015179082730578051,0.01453066498041153,0.01515133494163553,0.013908334760367869
165,0.015114046496649583,0.013838772960007191,0.015103207559635245,0.01383561774343252
166,0.015034680954284138,0.01404747400432825,0.015052364673962197,0.013776133640110492
167,0.015135048317412535,0.013433920294046402,0.01499942440895571,0.013742251263558866
168,0.014987540592749914,0.01358391147106886,0.01494190367965235,0.013672102695703505
169,0.01488422849939929,0.013433262817561626,0.014883656248367497,0.01361443454325199
170,0.014886073933707344,0.01400951735675335,0.014824769864893622,0.013560931630432607
171,0.01480443611741066,0.013372932448983193,0.014770028446531958,0.013491935200989246
172,0.014776104614138603,0.01338081419467926,0.014708858867651888,0.013424130190908908
173,0.014757422717909018,0.013216002844274044,0.01464731798229946,0.013349345435202123
174,0.014616216239002016,0.013716891147196294,0.014580332000305254,0.01326965250372887
175,0.01467010452101628,0.013055118918418884,0.01451525274026725,0.013205070172250272
176,0.014479859730021822,0.013120635040104389,0.014448749723947708,0.013139787001907826
177,0.014473982801040014,0.012904166094958782,0.01437734361183312,0.013039972023665905
178,0.014309697022868528,0.013082820661365986,0.014300333206603925,0.012971736772358418
179,0.014332667957577441,0.013771240450441837,0.014230012068400778,0.012888574212789536
180,0.014119887426495552,0.012672262489795685,0.014153522786249716,0.012841433334350588
181,0.014092974940107928,0.01255562249571085,0.014072146677556966,0.01279469563961029
182,0.014093621960944599,0.012766611725091935,0.013990209322091605,0.012736501207947731
183,0.014042364441686207,0.012523079551756381,0.01390146508688728,0.012659965287148953
184,0.01384649790202578,0.012403195835649966,0.013819875387433504,0.012576691542565821
185,0.013765666507598426,0.012343398332595824,0.01373167712845736,0.012486878404021262
186,0.013665850336352984,0.012182969711720943,0.013637596652656795,0.012414545652270317
187,0.013638783908552594,0.01248735997825861,0.013543440006838903,0.012298704062402249
188,0.013511902429163456,0.012062029242515563,0.013438239834209281,0.012222283859550953
189,0.01339392992771334,0.012035290524363518,0.013339204826205969,0.012122843250632285
190,0.013188786365919643,0.012132891677320004,0.013238380078557464,0.012020762579143045
191,0.013276652499205536,0.011968410015106202,0.013133023658146458,0.011905870893597601
192,0.013222816263635953,0.012255398333072662,0.013028416899591683,0.011760153479874134
193,0.012953137875431113,0.012415469102561473,0.01291907769963145,0.011669262231886387
194,0.012835794612765312,0.011978402025997639,0.012804227554053065,0.011561089481413366
195,0.0126674680535992,0.012096119336783886,0.012685283442255522,0.011434497648477556
196,0.012764693631066217,0.011291088834404946,0.01256064934324887,0.01131637624204159
197,0.012571148139735063,0.011135485731065273,0.012439532895882925,0.011284912316501142
198,0.012405410822894838,0.011407684050500393,0.012316876142803164,0.011179693655669691
199,0.012262300093554787,0.010820851400494576,0.012191890210658309,0.011069060514867307
200,0.012040100205275748,0.011144613847136497,0.01205763442094127,0.010925765642523767
201,0.012003984529938963,0.010634619817137718,0.011924191796200141,0.010817642495036127
202,0.011953364109827412,0.010352149307727813,0.011788757405512863,0.010701916942745448
203,0.011675786512593428,0.010210528522729873,0.011649325205551252,0.010555674672126772
204,0.011717498993708027,0.010128305107355118,0.011511993323100937,0.010513330987095835
205,0.011386407427489758,0.010399981290102006,0.011366128820843167,0.010345134807378056
206,0.01122172130064832,0.009851303733885288,0.011214404845982791,0.010163952276110649
207,0.011120019166005982,0.009601815901696682,0.011062967741158275,0.01003817505463958
208,0.010926511966519885,0.00957004439085722,0.010915530363221964,0.009853586366027595
209,0.010818586717877124,0.011616597697138787,0.01075273462020689,0.009719855570793152
210,0.010699247680604458,0.009712931811809539,0.010589749351309408,0.009567310582846402
211,0.01054120203273164,0.009417141191661357,0.010422284170322949,0.009395869989693165
212,0.010282389165626632,0.008904988169670105,0.010249828352116878,0.00923233413770795
213,0.010175836810635195,0.009358950555324555,0.010080199941909979,0.009053795593976975
214,0.010008070160531336,0.009142151717096567,0.00990872613390287,0.008890733783692121
215,0.00970298136687941,0.008476834911853075,0.0097327019525071,0.008735203721374273
216,0.009843355437947645,0.010909817889332771,0.009555241973035868,0.008584647245705129
217,0.009576203707191679,0.008050493840128183,0.009364964539888833,0.008437353477627038
218,0.009160038503921695,0.00788590582087636,0.009183623028049868,0.008264771010726691
219,0.0090498669921524,0.008833971489220858,0.008993615063197081,0.008091989250481128
220,0.008981533605191442,0.00748140212148428,0.00880378460023138,0.007917831423133613
221,0.008694800055689282,0.0079478189535439,0.008610051054176357,0.007791430298238994
222,0.008496516417298053,0.007321861032396555,0.008415845080961784,0.007529954750835898
223,0.008218781298233403,0.007121669221669435,0.008218916227668524,0.007333959443867208
224,0.007950904638402992,0.006732455100864172,0.008015926815238265,0.007151332537084819
225,0.00779938995010323,0.0066811502538621425,0.007819501538781658,0.006972789227217438
226,0.0077171393297612665,0.006558074560016394,0.007614405715258586,0.006765511395782234
227,0.007552759574933184,0.006463897749781609,0.007414555726572871,0.00655824058018625
228,0.007239287025812599,0.006446616631001234,0.007219878578806916,0.006369880735874178
229,0.006960563165032201,0.006445960905402899,0.007011352114958897,0.0061048266831785465
230,0.006852869631515609,0.006085419617593288,0.0068112315723051625,0.00593335912562907
231,0.006471522179328733,0.0055317597277462485,0.00661328004333708,0.0057561080522835276
232,0.0063742575918634735,0.005247870218008757,0.0064133375335898675,0.005552113826200368
233,0.006083173315144247,0.006410016268491745,0.006206405683275727,0.005393586127087476
234,0.0059634373875127895,0.005079709012061357,0.00601450248501367,0.005193318841606379
235,0.005776026348272959,0.004813049137592316,0.005817805348295305,0.005025121680274607
236,0.005466466721975141,0.004851468522101641,0.005626909120339487,0.0048498405251652
237,0.005371757254211439,0.0044414054229855535,0.005447460520433057,0.0046844935297966
238,0.005048441222558419,0.004177004769444465,0.005263806996784278,0.004522900339588524
239,0.005011820443388488,0.003960381327196956,0.0050771581497043375,0.004355040209554136
240,0.004836052672730552,0.00376783880405128,0.004893362375245326,0.004187407393008471
241,0.004630193841747112,0.004283466571941972,0.004717854447580046,0.00404655368514359
242,0.0045731901408483586,0.003763804901391268,0.004548811056547695,0.0038907458888366823
243,0.004211250279719631,0.003454628987237811,0.004382854959534274,0.0037506393723189834
244,0.004051304248472055,0.0037341158371418715,0.0042281867940806685,0.0036396356258541354
245,0.003808237347337935,0.0035182096436619757,0.004073746588971052,0.003522152138687671
246,0.003897220099137889,0.0029411368165165185,0.003936377062255311,0.0033442331124097116
247,0.003579087999338905,0.003116931999102235,0.0037946761794802218,0.0032181695822626356
248,0.003446375599337949,0.0027396403439342975,0.003653823558779227,0.003097678378596902
249,0.0034646896407422093,0.0025987802166491745,0.00352636329734491,0.002990782658942044
250,0.003208051858883765,0.002641320498660207,0.0033974814032100968,0.002886792987957597
251,0.003050918152762784,0.0023615713091567157,0.003284097637049853,0.0027891226792708034
252,0.002957865213457909,0.002273077336139977,0.0031692091262588897,0.0027042328165844077
253,0.0028515888341806,0.00292527393437922,0.003062497428142362,0.002636605376563966
254,0.0027344783892234168,0.0025507659977301953,0.0029620360787543988,0.002531158269010485
255,0.002703967206180096,0.0025827567046508193,0.002858846196221809,0.002479068673029542
256,0.0026048180429885785,0.002756666066125035,0.002775674867671397,0.002406142378039658
257,0.0025132524641230704,0.0023107830388471484,0.00269369201204843,0.0023219433527439833
258,0.002648935147250692,0.0019620406115427613,0.002624216151630713,0.002250253137759864
259,0.002420915318135586,0.001928120758384466,0.002545261427159939,0.002198700472339987
260,0.002254710830748081,0.0018007690459489823,0.002481188225001097,0.002151271727867424
261,0.002279960186117225,0.002179075530730188,0.0024246707664802676,0.002109825750440359
262,0.002149709900841117,0.0018416636483743786,0.002363541325699124,0.0020830596640706066
263,0.002213847068552342,0.0017352470522746443,0.002314874969391773,0.002048395633045584
264,0.0021396076736143895,0.0018381347600370645,0.0022670843981723817,0.0020173819790594285
265,0.00216826021981736,0.0020771528035402297,0.002224742563017127,0.0020030163410119715
266,0.0021186601070480216,0.0016472888831049204,0.002185949496811049,0.0019664186530746522
267,0.0019934430775336094,0.0024615650018677115,0.0021532485281013777,0.001927389051485807
268,0.002131967065959341,0.0016314716124907135,0.0021231523955965205,0.0018898002001456918
269,0.0020017328578978777,0.0016291402047500015,0.0020947569326911536,0.0018556457129307092
270,0.002071340836895009,0.0017259542690590023,0.0020712059490486153,0.001833836941514164
271,0.0019233519873685307,0.0016523201810196041,0.002042025017583122,0.0018412510677240789
272,0.0019772579453678596,0.0019312133872881531,0.0020214652618186337,0.0018315744779072703
273,0.002033439136317207,0.0017034909082576633,0.0020054091146008836,0.0018236044314689933
274,0.0019364536212136349,0.0019296280574053527,0.0019880923449165284,0.0018011754722334445
275,0.001991392951199992,0.00177471972303465,0.0019821629149114916,0.0017933066044934095
276,0.0018561538722780015,0.0015862299595028162,0.0019689081898476516,0.0017908885071985425
277,0.0018993193345765273,0.0019139363849535584,0.0019585196147672832,0.0017837167910300198
278,0.0018817621790286568,0.002010331735946238,0.0019469985629845827,0.0017694702188484374
279,0.0019169541714816457,0.0015750259580090643,0.0019362570902539628,0.001766725566238165
280,0.0019515638935586645,0.0016430354211479426,0.0019301765290192434,0.001736453128233552
281,0.001894931470354398,0.0019028038857504725,0.0019178589220676158,0.0017385124241933226
282,0.0019244778730596105,0.0017655637534335256,0.0019141691781787411,0.0017394829884171486
283,0.0019194118606133594,0.0021473937667906284,0.0019078322337422937,0.0017388184620067476
284,0.0019069214240233932,0.0016862060129642486,0.0019090473038765295,0.0017407008493319153
285,0.0018533071503043174,0.0016015178849920631,0.0019096830614428557,0.0017253959234803913
286,0.0018470409440083635,0.0016183515498414637,0.0019015266291072803,0.0017226068889722224
287,0.0020014741507151886,0.0016449419548735023,0.001896684124434574,0.0017110322313383217
288,0.001882478941956328,0.0016747946199029684,0.0018927896010999881,0.0017068286980502303
289,0.001879893296605183,0.0016588418558239936,0.0018901583075730342,0.0017076443900354203
290,0.0018802339252498414,0.0017209884990006686,0.0018865308498342834,0.0016932677459903058
291,0.0018501232887825204,0.0015786725678481161,0.001887287014246815,0.0016781813033856451
292,0.0018414290466656287,0.0017047540517523886,0.0018832455472710232,0.0016775162316858766
293,0.0018240268921686544,0.0016829540114849807,0.0018837271416559816,0.0016917722472921013
294,0.0019094892606760065,0.0016534043103456498,0.0018853076225560572,0.0017132792871445417
295,0.0019129172259838216,0.0017093411087989807,0.001882275750198298,0.001706537312734872
296,0.0019537287407244246,0.0016993798641487957,0.0018783270518605909,0.0016894368706271052
297,0.0019931518845260144,0.0015485902410000564,0.0018772391111176049,0.001684365631826222
298,0.0018295283279278212,0.001633765045553446,0.0018759823716452554,0.0016944544427096844
299,0.0018153910043959816,0.0016402616165578365,0.0018791122388405106,0.0017039696898311378
300,0.0018940298678353428,0.0016696313908323645,0.001876634089752204,0.0017032736839726567
301,0.0017903715341041485,0.001606622259132564,0.0018781153976917269,0.0017001722440123557
302,0.0018086328911077645,0.0015545202838256956,0.0018745872805515926,0.0016968212652951479
303,0.0019006662893419465,0.0016331706708297134,0.0018713996614846918,0.0016898462461307647
304,0.001815917497086856,0.0015583991655148566,0.00186837023416948,0.0016942588721401994
305,0.001963603753182623,0.001999435811303556,0.001871385345597648,0.0016935499313287439
306,0.0019344434928562906,0.0024404798820614813,0.0018696139077035091,0.0017061824469827118
307,0.0018486810641156304,0.0015970143931917846,0.0018651869318034088,0.0017023053211160004
308,0.001820694402170678,0.0017198827140964567,0.001861282607085175,0.0016966847684234383
309,0.0018797229054487413,0.0015594250429421662,0.0018556846732480658,0.0017121666874736548
310,0.0018218886634955803,0.0018537381570786237,0.0018522288434724842,0.0017173499369993808
311,0.0019252876238897443,0.0018562327278777958,0.0018515988480610152,0.0017143500504083935
312,0.0019395204235075248,0.001627541808411479,0.001852954316159917,0.0017256644311361017
313,0.0019195116404443979,0.0015972586208954454,0.0018509137736633418,0.0017237644967623056
314,0.0017916903681018286,0.001575067387893796,0.0018537754887301059,0.0017297577190212908
315,0.0018005434485773245,0.0015466130198910832,0.0018538760119635195,0.001765653396677226
316,0.0017743876059022215,0.0016889882180839777,0.0018571487787697048,0.0017653857969678942
317,0.001916806832369831,0.0016870305314660072,0.0018549484741770558,0.0017683520977385347
318,0.0017797409448151787,0.001998766902834177,0.0018466151176020503,0.001751619200408459
319,0.001798814863173498,0.0015564761636778712,0.0018403865912515257,0.001718596333637834
320,0.0018153091080279813,0.0015688272914849222,0.0018405921819102434,0.0017188489810563623
321,0.001813780394796696,0.0020864278404042124,0.0018382952725514773,0.0017223242757841946
322,0.0019067561401364705,0.0016781714791432023,0.0018341583751400727,0.0017236414582468573
323,0.0018137784426410994,0.0015587678807787598,0.0018343474220743196,0.0017381011865101757
324,0.0018492777068685325,0.001923121134750545,0.0018285715700903289,0.0017333216452039778
325,0.0018430163054209616,0.001622133031487465,0.0018243815123051824,0.001731109443958849
326,0.0018619144107732508,0.0017564528156071902,0.0018252841065275588,0.0017465540061704816
327,0.0018111459719431068,0.0024519122252240778,0.0018261040984187276,0.0017527172901667656
328,0.0019824854594965775,0.0016264806780964137,0.0018259309601504356,0.001760437532979995
329,0.0017609098822706276,0.001632556684780866,0.001826645497982908,0.0017535651224665346
330,0.0017552698388074836,0.0015811133780516684,0.0018206458858783462,0.001774263516161591
331,0.0017787303340931733,0.0016149082127958536,0.0018220335886037602,0.001757023588009179
332,0.0018538208305835724,0.0016033305786550046,0.0018212242779994594,0.0017544683755375448
333,0.0017632716682015194,0.0018067650822922588,0.0018231462966392027,0.001764749280922115
334,0.0017763004701636317,0.0015923546045087278,0.0018232070064534331,0.0017444573954679074
335,0.0018266148368517557,0.002215231363661587,0.0018194795539033496,0.0017401152550242844
336,0.001780891324289971,0.0017367441952228545,0.0018172436784176782,0.0017822453947737816
337,0.0018347689788788557,0.0015722367772832513,0.0018199410982585205,0.0017664918923750523
338,0.0019420764960038166,0.0019833726761862634,0.001815312598267984,0.0017637642350047831
339,0.0018121901653810508,0.0017291494878008962,0.0018106978605139173,0.0017600173366256063
340,0.0017962149918700258,0.0017396190902218222,0.0018084761827304547,0.001728430603910238
341,0.001792251051714023,0.0015171779552474618,0.0018005238876108907,0.0017225199344567958
342,0.001766816529755791,0.0022044903738424183,0.0018004526520924021,0.0017162362484261396
343,0.001814433512950523,0.0015677686990238726,0.0017993754097726197,0.0017182957355864345
344,0.0017785820980659789,0.0014925958518870175,0.0018008345087731465,0.0017131960324011741
345,0.0018633595740215646,0.0018258499260991811,0.0017943310626627254,0.0017119563112966718
346,0.001815298140152461,0.0015791307040490211,0.0017923450953585816,0.0017016088380478322
347,0.0018135698263843855,0.0015696179680526256,0.001791735486572401,0.0017006292346864937
348,0.001757881555499302,0.0026120213745161893,0.0017894137526344915,0.0016703684467822312
349,0.0019167132028895947,0.001529283574782312,0.0017893054118690388,0.001671756058745086
350,0.001727303805657559,0.0015539415972307324,0.0017844537852849394,0.0016731322525069116
351,0.0017465459669215812,0.0016627803561277688,0.001775951086502108,0.0016521196401678025
352,0.0017556040273565385,0.0016622439073398709,0.0017725100638655324,0.0016443030319176616
353,0.001783678081507484,0.001478713941760361,0.0017716798406611713,0.0016401781655848028
354,0.001759128994308412,0.0014754645340144634,0.0017705039881894156,0.0016383274092338978
355,0.0017283387808129191,0.0016326005570590496,0.0017679951673270097,0.0016252569883130489
356,0.0018152078091063432,0.0014874156331643462,0.0017680195372758638,0.0016258853571489455
357,0.0016912346778230536,0.0015723375510424376,0.001766533901852866,0.0016265991521067916
358,0.0017136224855979283,0.0015480782510712743,0.0017593310205472842,0.001614749383274466
359,0.0017610602505091163,0.0015678645204752683,0.001754507544471158,0.0016126946348696946
360,0.0017685714884040256,0.0014587116660550238,0.001754910629697972,0.001621127085760236
361,0.0017781828051536448,0.0017714344942942261,0.0017553019588399266,0.0015819858239963652
362,0.0017134783142763708,0.0016066416213288903,0.0017486851684749129,0.0015809045505709948
363,0.0017295090264330308,0.001458057367708534,0.0017484183894884257,0.0015760885989293458
364,0.001726164599466655,0.0015337342815473676,0.0017472218956384397,0.001569725127797574
365,0.001775459411760999,0.0016364974319003523,0.0017435321504974534,0.0015617650604806842
366,0.0017628547399201327,0.0014709090464748442,0.0017438160786508688,0.001564914602134377
367,0.0017040960081956453,0.001877729850821197,0.001745568837846319,0.0015748260016553107
368,0.0018150427616718742,0.001583477919921279,0.001743664133548737,0.001571376640442759
369,0.001741441212491029,0.0015104407258331775,0.0017396231336726086,0.0015726026474498212
370,0.0016832875413820148,0.001529605705291033,0.001739306407649484,0.0015756978410296143
371,0.0016947112382493085,0.0015277619939297437,0.0017404959322781198,0.0015711017942056057
372,0.0018236469570547342,0.0017804292403161527,0.0017429940761687856,0.0015735800692811604
373,0.0017676647840481666,0.0016334898304194213,0.0017383494877566891,0.0015720347250811756
374,0.0017512934437642494,0.0015022517391480505,0.0017339518409946724,0.0015611371996812522
375,0.0017206343309953808,0.0014335428061895072,0.0017314325771294534,0.0015602804624475536
376,0.0017166336206719279,0.0015036935778334737,0.0017299404920078812,0.001569371245242655
377,0.0016633603988318807,0.0014632422244176269,0.0017319021394165855,0.0015770057221874594
378,0.0017907762853428722,0.0015574524831026794,0.0017305532336131565,0.001567988975998014
379,0.001802947974194669,0.001723249522037804,0.0017284250898390182,0.001571251446381211
380,0.0016807211733733615,0.0015463665267452598,0.001728965703180681,0.001554946166090667
381,0.0017141828122031358,0.001518065808340907,0.0017239280899262264,0.0015476118331775068
382,0.0016833165272449454,0.001649717390537262,0.0017206515210887628,0.0015450254810974002
383,0.0017433606013138262,0.0014331770804710687,0.001719357213729786,0.0015687675187364219
384,0.0018235138477757573,0.0016298213973641395,0.001720722811441455,0.0015652617484331133
385,0.0016524567781016231,0.001420078061055392,0.0017168724416444703,0.0015546273872256281
386,0.001668241636103226,0.001498996359296143,0.001713662084937096,0.0015456164234317839
387,0.0016504967176458902,0.001585223190486431,0.0017105645644788943,0.0015437009341083467
388,0.0016922068983937304,0.0016853269375860691,0.0017095505855253177,0.0015518759360536934
389,0.001775205784684254,0.0017245962051674723,0.0017050005408728293,0.0015473566460423172
390,0.0017417367666752801,0.0014110787771642209,0.0017090108720171787,0.0015509107659570872
391,0.0017096511455666687,0.001552470806054771,0.0017029027511262231,0.0015446244486607612
392,0.0017176113417372108,0.0014700978435575962,0.0016958401269072459,0.0015389365681447089
393,0.0016891024303105143,0.0014001195970922708,0.0016931789027009572,0.001534893982950598
394,0.0016595269915544325,0.0014457819238305092,0.0016900815520332095,0.0015367525346577167
395,0.001650929857407593,0.0021231566462665795,0.0016894811394003533,0.0015282281743362546
396,0.0017288511810410355,0.0014401177363470197,0.0016844128706182044,0.0015414396586827936
397,0.001727387712130116,0.0015145702101290225,0.0016801856739446523,0.0015392305622808635
398,0.0016874058663638102,0.0014082157355733216,0.0016818235926744014,0.0015437533631920814
399,0.0016738554323092103,0.0014543645060621203,0.0016808544159142508,0.001541547871287912
400,0.0016952848571559621,0.0016379178548231721,0.0016802782878693608,0.0015385314646176994
401,0.0016028825043597156,0.00139071132754907,0.0016785400997433397,0.001529998013470322
402,0.0017636186774406168,0.00155209522228688,0.0016740752285553352,0.0015210742191411554
403,0.001638073263068994,0.0014002945506945252,0.0016725137822536959,0.0015189094929024577
404,0.00162638236872024,0.001581052509136498,0.0016671722066278261,0.001515623571909964
405,0.001614190568216145,0.001445301896892488,0.0016657135345352196,0.0015130560092628
406,0.0016367490455094311,0.0015645296010188758,0.00166324799808984,0.0015146304473280907
407,0.0016683062114235428,0.001436608382500708,0.0016618205682995418,0.0015197048285976052
408,0.0016166538817601072,0.001763464189134538,0.001658746236210896,0.0014941541044041513
409,0.0017178339309369525,0.001574593987315893,0.0016552837297113402,0.0014918309696018695
410,0.0016934047463453479,0.0015331480838358402,0.001649720603144831,0.0014934728337451819
411,0.001644012217099468,0.00144385906169191,0.0016491075113415716,0.0015037912617437543
412,0.0016360935165236393,0.0015098130237311124,0.0016454093684959742,0.0015059769382700324
413,0.0016487521952432062,0.0014719906589016319,0.0016404516935038071,0.001494403759483248
414,0.0016635840049841338,0.001501501346938312,0.0016393889750664433,0.0015052537282928828
415,0.0017027006091343032,0.0013569606211967767,0.0016312864658112327,0.001502294749580324
416,0.0015761117549199198,0.0014703227812424302,0.0016306286771471303,0.0015009630743414166
417,0.001681144539422045,0.0014059087773784994,0.0016269956664906608,0.0014980470676906408
418,0.0016274640191760328,0.001439480548724532,0.0016306519750712647,0.0015062254217453302
419,0.001623841246796979,0.0015726414555683732,0.0016270006993475057,0.0014979140285402539
420,0.001574071555191444,0.001484388541430235,0.0016228840992372068,0.0014933237888850274
421,0.001642288518552151,0.0013820393662899732,0.0016215137004334892,0.001479341802466661
422,0.0015883095479673809,0.001555616813711822,0.0016179608467241954,0.0014742433799430732
423,0.0016720785712823272,0.0016661764355376362,0.0016158482166110642,0.0014653696356341245
424,0.001581401861169272,0.0015090064192190766,0.0016143333903099926,0.0014657022667117418
425,0.0015713429823517799,0.0013485883851535618,0.0016094725248196886,0.0014576463114470246
426,0.001576314543425623,0.0016619605477899313,0.0016035759474150838,0.0014519287131726745
427,0.0015610559460603529,0.0014781207544729113,0.0015997140868153007,0.0014474157173186544
428,0.00162162854646643,0.0013670026697218418,0.0015948227518031166,0.0014467358434572819
429,0.001535557102308505,0.0015081523428671063,0.0015923765403218566,0.0014492402199655773
430,0.0017055982827312416,0.0016497607482597232,0.001586594830184347,0.001444133582431823
431,0.0015454671524154644,0.0013567447708919644,0.0015819805974140767,0.0014510148369707167
432,0.0015653912086660664,0.0013218523911200464,0.0015809127040414348,0.001457655065972358
433,0.001582393911667168,0.0014139145286753774,0.0015796243614827593,0.0014539362081326546
434,0.001629012588204609,0.0014471334242261947,0.0015751904318109153,0.00145934886476025
435,0.001640588993517061,0.0013113044761121273,0.0015713944852766065,0.001465679951105267
436,0.0016061415595726835,0.0014521748386323453,0.0015673800503835083,0.0014738230218179526
437,0.0015145718792660369,0.001308414142113179,0.0015658270028730235,0.001474816022347659
438,0.0015013377601280809,0.0013290507020428776,0.0015630325880522532,0.0014795661164447669
439,0.0015670374899895655,0.0013886764505878092,0.001561679507843736,0.0014818321101367478
440,0.001580417233829697,0.0013399637746624648,0.0015615423969407049,0.0014760910211130977
441,0.0015149564678884214,0.0015329321939498185,0.0015583985146652493,0.0014879124397411943
442,0.0015366017859843042,0.0012782428390346468,0.0015562050317000187,0.0014781017988920214
443,0.0015121081999192635,0.0016115119121968746,0.0015461527769453825,0.0014633952404372397
444,0.001597143912480937,0.001738647180609405,0.0015474099763772553,0.001461643970385194
445,0.0015418629912245605,0.001391417095437646,0.00154575304842761,0.0014602922083809975
446,0.0015314402767560547,0.0015173557819798589,0.0015439225340727716,0.0014582565233111384
447,0.0014934108846096528,0.0017138939723372458,0.0015380048175601079,0.001452918934170157
448,0.0015717176989548736,0.001869753203354776,0.0015320899504599056,0.001464210295584053
449,0.0015425756734071506,0.0015338314324617386,0.0015279798888756585,0.0014556746540591121
450,0.0015014826118325193,0.0014673407375812532,0.0015273985867543765,0.0014547481930814684
451,0.0015424875382127033,0.0017186103900894522,0.0015261658348608759,0.0014530340552330017
452,0.0015576281734845704,0.001334593528881669,0.0015224154153476571,0.001465274867415428
453,0.001543031489580042,0.0016625381354242563,0.0015200186761872218,0.0014616705726832153
454,0.0014807200281777317,0.0012628863216377795,0.0015169179631862788,0.0014579005650244654
455,0.0014542919138653412,0.0012820967868901788,0.0015143351469447627,0.0014677700402215125
456,0.00157689713821229,0.001312963019590825,0.001510284990429257,0.001453080639895052
457,0.00152396800992493,0.0012880583410151303,0.0015067651177083866,0.0014574883443303408
458,0.0015366310527962115,0.0013630224019289016,0.001507416495396238,0.0014496318042278291
459,0.0014810696753880216,0.0013136936957016587,0.0015056131245413172,0.0014421249385923147
460,0.0014927173160120017,0.0015935885114595294,0.001502751723402697,0.0014283128332346678
461,0.0015033900199664964,0.001238783800508827,0.001497777530359518,0.001402424291241914
462,0.0015000393262339963,0.0012852526176720858,0.0014944222600871903,0.0013888440178707242
463,0.0014705189627905687,0.001286197255831212,0.0014904929681939798,0.001377501003909856
464,0.0014732770021590922,0.0016946967551484703,0.0014861686292363125,0.0013572284549474719
465,0.0015204987548188202,0.0012498564063571393,0.0014788744592366535,0.0013512361611239616
466,0.00143743864286484,0.0014386820024810732,0.001476264066450919,0.0013412854191847147
467,0.001472031379946404,0.0015249797189608215,0.001473514571863537,0.0013379030523821712
468,0.001410854287031624,0.0012442769040353597,0.001473143733158294,0.0013327386801131069
469,0.0015091470944591694,0.0018488397914916278,0.001465794748719782,0.0013290821164846421
470,0.0015581474334208502,0.0011950035928748547,0.0014602855831022483,0.001324577156826854
471,0.0014863560053830346,0.0013296841410920025,0.0014531832891671612,0.0013158609632402658
472,0.0014218758561441469,0.0013685913383960724,0.001449530591655316,0.001318986548949033
473,0.0014473628728753991,0.0012225396535359323,0.0014442438363977195,0.001301539471000433
474,0.0014586939165989559,0.0011943245981819927,0.0014389782952093006,0.0012991943363100291
475,0.0014032503145022526,0.00118376538855955,0.001434421777999443,0.0012985690825618801
476,0.0014343790642710197,0.0012117966660298407,0.001430495175455387,0.0012921494285576044
477,0.0013752739234930938,0.0011847861832939089,0.0014286951555818738,0.001269450249429792
478,0.0014777716699366768,0.0014137695869430899,0.001421069791307673,0.0012771830279380083
479,0.0014119826634931896,0.0011783271515741944,0.0014188572530996885,0.0012672589737921954
480,0.0014450209462342576,0.0011529874801635741,0.0014134538784054006,0.001255109884869307
481,0.0013931725272494887,0.0012215489288792015,0.0014119339357078489,0.0012548944128677247
482,0.0013862388694865836,0.0011754343495704233,0.001405958471348923,0.0012271155457012353
483,0.0013590737044190367,0.0011451175622642041,0.0013960889929129432,0.0012258749618194995
484,0.0013897522375918925,0.001391833338420838,0.0013900964378741466,0.0012173689651302994
485,0.0013605484345720874,0.001157411562744528,0.0013867191408812585,0.0012065652318298816
486,0.0013717514902560246,0.0011801554332487286,0.0013819471264309767,0.0012014980706386267
487,0.0013861263959875536,0.0012696212739683687,0.0013771679582384726,0.0011982011281885206
488,0.0013723538991891676,0.0011257059057243168,0.0013721997145459885,0.0011944618707522751
489,0.0014282765053212642,0.0011272172769531607,0.0013682922701972228,0.0011912218612618744
490,0.0013298646479638087,0.001443175869062543,0.0013647019531784787,0.0011880870992317793
491,0.0013821251876652242,0.0011905806488357485,0.0013571110938468743,0.0011758149144239722
492,0.0013369470125892096,0.0012212524958886207,0.001351685202959925,0.0011729975204914807
493,0.0013728557195928361,0.0012388901039958001,0.0013451273374104251,0.001171498676482588
494,0.001359760485486024,0.0011543681123293936,0.0013406588324397389,0.0011657421473413709
495,0.0013114104725213515,0.0011639889958314597,0.0013354808786728727,0.001161766862962395
496,0.0013365421294131213,0.0011170342238619924,0.001334162363042641,0.0011619762809015812
497,0.0013374434313219454,0.0010984980058856308,0.0013322997548565682,0.001152253786660731
498,0.0013280625116183526,0.001095860623754561,0.0013278869979342239,0.001148719440586865
499,0.0013392147117863512,0.0011119010369293391,0.0013217793192662711,0.001144608354382217
500,0.0012790442221901482,0.001090283952653408,0.0013159825256870436,0.0011354742219671608
501,0.001336692955551876,0.0011307964287698268,0.0013132407351241757,0.0011513866451568903
502,0.0012855159980244934,0.0011064171325415374,0.001307643758665977,0.0011505917927250268
503,0.0012880001866465642,0.0011069649667479098,0.0013032704945498456,0.0011345850760117176
504,0.0012763353913194603,0.001107892303261906,0.0012969688608466337,0.0011324019679799676
505,0.001281074307496763,0.0011155163799412549,0.001293065164450349,0.0011413819297216832
506,0.001281459902982331,0.0010776357003487646,0.001290859730826277,0.0011346281135454774
507,0.001256790025314937,0.0010760522400960326,0.0012853461752490452,0.001130488355550915
508,0.0013261108136632376,0.0011503530107438563,0.0012814251561907844,0.001124213314987719
509,0.0013431870329400732,0.0011487709823995828,0.001276532051127611,0.0011359808251261711
510,0.0012502295115134783,0.0010690529108978808,0.0012731814765940526,0.0011370758395642044
511,0.0012190595235572093,0.001077378278132528,0.0012681971513510994,0.0011340945002622901
512,0.001241206556506869,0.001041267963591963,0.0012614212120883167,0.0011371873144991696
513,0.0013038091351174647,0.0015235164854675532,0.0012605749471630487,0.0011447845826856793
514,0.0012883520938663019,0.001107345966156572,0.0012600682174373006,0.0011422648498788477
515,0.0012205330450605187,0.0010430079512298107,0.0012568600835485594,0.001140133997518569
516,0.0012245843450849254,0.0011360029480420052,0.0012527450847853393,0.0011366832307539878
517,0.0012393546026820937,0.0014457515394315124,0.0012495984710546007,0.00113159992871806
518,0.001317719878991031,0.0010700446995906532,0.0012461771575630542,0.0011278080618940293
519,0.0012219215960552294,0.001050874162465334,0.0012422270526178186,0.0011248730913735923
520,0.001213384996064835,0.0010071129817515612,0.0012370062780463038,0.0011216458087787032
521,0.0012142145028337836,0.0014112219773232937,0.0012287791592689855,0.0011174969871528447
522,0.0012536790679829816,0.0011258733668364585,0.0012194077102363936,0.0011112794319167734
523,0.0012034543805445235,0.0010213271412067115,0.00121560757022558,0.0011103929067030553
524,0.0011698162302167879,0.001189221392851323,0.001211526800609297,0.0011050508243963125
525,0.0012578875990584492,0.0012802156573161483,0.001206952667205284,0.0011004571277648213
526,0.0013240247124081685,0.0010678031085990369,0.0012011910426016484,0.0010802012592554095
527,0.0012053126508059602,0.0010531458235345781,0.0011953552470439011,0.0010824784882366657
528,0.0011851252175660598,0.0010206957976333798,0.0011920261912979186,0.0010778976808302103
529,0.0011976700480509964,0.0009808097523637115,0.001188808756828722,0.0010727549812756475
530,0.0011955414702081019,0.0010207197093404828,0.0011839825260245966,0.001051920527499169
531,0.0011827072793514364,0.0010042614373378456,0.0011745277918668257,0.0010475450360216201
532,0.0011262706610270672,0.0009953701752237975,0.0011686090018496746,0.001047411004267633
533,0.0011204328442302842,0.001046632470097393,0.0011632406781220603,0.0010443653617054223
534,0.0011089008071252869,0.000993332101497799,0.0011617364109079871,0.0010558701787143946
535,0.0011552260112431315,0.0010468897805549205,0.0011573756608594622,0.0010483478819020091
536,0.001117040283150143,0.0009438262204639614,0.0011531921234602728,0.0010447508758865296
537,0.0011268532214065393,0.0009264255478046835,0.0011497932580506634,0.0010335626191459598
538,0.0011597685200265713,0.0010171197727322579,0.0011415897660681771,0.0010192413192242386
539,0.0011424572049226198,0.0011642766906879841,0.001136652154661715,0.001016921549383551
540,0.0011373066514109571,0.0009284877660684287,0.00113081684605115,0.0010104931340552867
541,0.0011441484833550123,0.001007435459177941,0.0011265525332910735,0.0010075558629818262
542,0.0011186988325789572,0.0009248901950195432,0.0011224001615773888,0.0010034225401468577
543,0.0010813515250467593,0.0009606574126519263,0.0011241409645053662,0.001002083102427423
544,0.0010739518456264502,0.0010475233686156572,0.0011191903138378014,0.001000016577169299
545,0.0010791769028744764,0.0009309719176962972,0.0011159617958642128,0.000997164326440543
546,0.0011766078224819568,0.0016988424025475978,0.0011134090361754514,0.0009954363379627467
547,0.0011446603167698615,0.0009378159465268254,0.0011128572803145895,0.0009989364875480531
548,0.00109886594556479,0.0009314019908197224,0.001110378357814625,0.000991637964360416
549,0.0010848445949765543,0.0009095149743370711,0.0011064503955706538,0.0009940921555273235
550,0.0010528002994962865,0.0009221831592731177,0.0011025906952046272,0.0009928072438575328
551,0.001200584427246617,0.001009808862581849,0.0010987282124813647,0.000993062524870038
552,0.0010594299355418317,0.0008924354403279721,0.0010939391501610064,0.0009811614238657057
553,0.001078517398564145,0.0009472640207968653,0.0010889611540724421,0.0009909115179441868
554,0.0010938607552088797,0.0008774766814894974,0.0010851892987524883,0.0009886862525716423
555,0.0012390615434075395,0.0009872337663546205,0.0010805407329514208,0.0009870527764782309
556,0.0010589410126623181,0.0009525983058847487,0.0010790327621675612,0.0009827344114892184
557,0.0010455577116873528,0.0009240639070048928,0.0010805080771497967,0.00097670659115538
558,0.0010566138520112468,0.0010034327581524849,0.0010785881037875594,0.0009747903587296605
559,0.0010951069106037417,0.0010808358411304652,0.0010720551889338013,0.0009464813389815389
560,0.0010932529487440155,0.0008644267008639872,0.001069808271387592,0.0009503523683175444
561,0.0010188412270508707,0.00100518099963665,0.0010681790016332847,0.0009521043745800852
562,0.0010303607122558686,0.0008943027560599148,0.0010647976362508616,0.0009526220832020043
563,0.001063206451945007,0.0010235017980448902,0.0010634439338774728,0.0009500400240533053
564,0.0010227306469136643,0.0008667491655796766,0.0010554579491364874,0.0009438494092784822
565,0.0010128567491968473,0.0011722401180304586,0.0010533597531676706,0.0009410119333304464
566,0.0010498521003561715,0.0009518038248643279,0.0010521907276370458,0.0009376652741804717
567,0.00100248468755227,0.000884053292684257,0.0010491673377135563,0.0009372575737535951
568,0.001043652255450272,0.0008526982879266142,0.0010395974688128464,0.0009308143226429819
569,0.001110834720182336,0.0008968278602696955,0.0010397264396978748,0.0009336428930982947
570,0.001031177568818546,0.0008830661070533096,0.0010387005736533965,0.0009292744652368127
571,0.0010132849511379997,0.0009911169088445604,0.001035498992353678,0.0009316088311374187
572,0.0010884873781146275,0.0010345916799269616,0.0010317044345558516,0.0009303149547427892
573,0.0010581342017071114,0.0009752021473832429,0.0010300086655964452,0.0009317143028602002
574,0.0010003104604159791,0.00092245768988505,0.0010318856430860854,0.0009263447164557872
575,0.001018957740161568,0.0008576316805556417,0.0010296936968548426,0.0009371534334495663
576,0.0010009348087219728,0.0008550434932112693,0.0010266416333719259,0.0009299430648796261
577,0.0010069750363214149,0.0008214985416270793,0.0010259576404674183,0.0009370454696007073
578,0.001049291760298527,0.0008635975420475007,0.0010252735749663163,0.000927157689537853
579,0.0010182760071216358,0.0008672841708175838,0.0010223245557552823,0.0009261484220623971
580,0.0009998148208897975,0.0008261524885892868,0.00102218139485663,0.0009301463392563165
581,0.001062165284788029,0.0010233125672675669,0.0010214096767155246,0.000928245333954692
582,0.001019911060575396,0.0008148532104678452,0.0010163773529438507,0.0009276178183034064
583,0.0009765743195182747,0.0010617919056676328,0.0010145427561054628,0.00093448799001053
584,0.0010002429656580918,0.0010484889312647283,0.0010158056217866639,0.0009320282318629327
585,0.0010508587247588569,0.0008994104037992656,0.001011707765246845,0.0009234229115769269
586,0.0010657656642918784,0.0008709413395263254,0.0010079568219474619,0.0009190799607895316
587,0.0009755620564748015,0.0011645206809043885,0.00100598536502156,0.0009230585291981699
588,0.0009869048648720813,0.0008432425837963819,0.0010043217113758955,0.0009249046696349979
589,0.001005630824300978,0.001044309283606708,0.001003914003777835,0.0009243733670562507
590,0.0009957551116692937,0.0009250456164591014,0.0010024425307909649,0.0009265178577974439
591,0.0009761266200803221,0.0009265721379779279,0.0009982217421548234,0.0009314403497613967
592,0.0009989056650859614,0.0009840012225322426,0.0009965642398740682,0.0009329432038590313
593,0.0010243593019226358,0.0008051731553860009,0.000996345736572726,0.0009335464674979448
594,0.0009850266258904917,0.0008811399689875543,0.0009960774131377954,0.0009275765585713088
595,0.0009853126478588416,0.0010548203997313977,0.0009949390968152633,0.0009315783466212451
596,0.0010448565931680301,0.0009296229551546275,0.0009944148776276657,0.0009266091304831206
597,0.000986040964619153,0.0008194586727768183,0.0009937240097723488,0.0009196614099666478
598,0.0009643606192225383,0.0008666283776983619,0.0009909991340659972,0.0009204079046845436
599,0.0009510240372684267,0.001021921900101006,0.000986741089556987,0.0009176768457517028
600,0.0009773663990199565,0.000903785191476345,0.000988264749571681,0.0009038566336035729
601,0.0009907421187704637,0.0008417609287425876,0.000988602372445166,0.0009017861382104458
602,0.0009701882116496563,0.0008751108101569116,0.000986648716694779,0.0008936819706112146
603,0.0009437720443949932,0.00098665984114632,0.0009867096288181426,0.0008926446014083922
604,0.0009768384501027563,0.0009048555232584476,0.0009858445559266127,0.0008935745640657843
605,0.0009943522383562393,0.0008412340795621276,0.000984251259231112,0.000885750738531351
606,0.0010554571989147613,0.0008740648441016674,0.0009805853959949068,0.000887905976548791
607,0.0009914531525120967,0.0009148979117162525,0.0009799962325745988,0.0008884574040770531
608,0.0009634688398283389,0.0009375615022145212,0.0009789632139934436,0.0008808886488899589
609,0.0009829712692751653,0.0008747959183529019,0.0009759990865261192,0.0008782732979394496
610,0.0009827368321000702,0.0009180727717466652,0.0009742213296600516,0.0008781209479086102
611,0.0009593145515666239,0.0008026648662053049,0.0009743526417451603,0.0008752037043683232
612,0.0010136535568421499,0.0008190153772011399,0.0009749744476129614,0.000867427048366517
613,0.0009953454367092086,0.0007914801989682018,0.0009734284267243413,0.0008639739402569831
614,0.0009567894305412968,0.000841705093625933,0.0009735554478855598,0.0008807822137139739
615,0.0009972779147533906,0.0008991113863885403,0.0009745445827229155,0.0008796603032387793
616,0.0009544997977920704,0.0009498212044127285,0.0009760103147373431,0.0008729759716428816
617,0.0009590732476984461,0.0007884055841714144,0.0009750161034055054,0.0008724468243308366
618,0.0009327127210174998,0.0008590541058219969,0.0009727969236568445,0.0008710639615543186
619,0.0009702975403827925,0.0008949256571941078,0.0009694862206104315,0.0008721379844471812
620,0.0009594871833299597,0.0008656015200540424,0.000970033020655521,0.0008681609521619973
621,0.0009707534064849218,0.0008642391813918948,0.0009697105557192117,0.0008645267855376004
622,0.0009415970429674619,0.0008156499220058322,0.0009687654460728582,0.0008664712458848952
623,0.000967643421350254,0.0007936972891911864,0.0009682933935015979,0.0008660701223649083
624,0.0009665691839634544,0.0008275055000558496,0.0009687817932882657,0.0008652208351530135
625,0.0009387158768044577,0.0008174574887380004,0.0009657954427827563,0.0008698069136589764
626,0.0009939176478009257,0.0012619677651673556,0.0009636424152697955,0.0008705894804559647
627,0.0009949165825835532,0.0008470630482770502,0.0009631442001399895,0.0008691612715832889
628,0.0009804153447556827,0.0008195515512488782,0.0009607298948905535,0.0008717419986613095
629,0.0009519831668068137,0.0008916268404573202,0.0009609317708450059,0.0008669823784381151
630,0.0009388727446397146,0.0008066625101491809,0.0009613455266277825,0.0008666470334865154
631,0.0009726896227544381,0.0009009154164232314,0.0009616956592951386,0.0008682244482450188
632,0.0010051231536393364,0.0008154721045866609,0.0009614547992125157,0.0008680155233480037
633,0.0009554072164206041,0.0008467073366045951,0.0009612222123270234,0.0008657699919305742
634,0.0009593435281163289,0.0009234074270352722,0.0009608041200683349,0.0008629990451037885
635,0.0009709355178185636,0.0009080446837469936,0.0009605966413393618,0.0008613708322867753
636,0.0009715245462333163,0.0007814326859079302,0.0009598472023693226,0.0008602660297416151
637,0.0009389947942044173,0.0009336673398502171,0.0009593292303486832,0.0008668439313769341
638,0.0009415197488851845,0.0008110443688929081,0.0009591478198766709,0.0008685044310986996
639,0.0009443340522961484,0.0008059998718090355,0.0009574717049797377,0.0008525527788326144
640,0.0009369202835174898,0.0009636295633390546,0.0009557227229078612,0.0008502128703519702
641,0.0009595466966533827,0.0008308306988328696,0.000954499535717898,0.0008507325913757086
642,0.0009694171422678563,0.0007800219603814185,0.0009533918891257296,0.0008464081960730253
643,0.0009414660377014014,0.0008984894747845829,0.0009531451761049944,0.0008533162202686071
644,0.0009642760383172167,0.0008897025347687304,0.0009514705603062692,0.0008529576485976577
645,0.0009536725111926595,0.0008094632346183062,0.0009523092638752939,0.000857367402408272
646,0.0009603011000177098,0.0007949655107222498,0.0009524577328469605,0.0008610696071758865
647,0.0009364100747431318,0.0007749446015805007,0.0009515320457673319,0.0008550698513165115
648,0.0009489074470992717,0.000766077225562185,0.0009499517008610482,0.0008519462032243609
649,0.0009536198834474716,0.0009919530409388244,0.0009514903667434637,0.0008516574278473855
650,0.000934180615004152,0.0008589699817821383,0.0009517451736299941,0.0008553574958816173
651,0.0009520147753775948,0.0008631764585152269,0.0009541161090290794,0.0008616075051948429
652,0.0009511920307866401,0.0007885653362609446,0.0009555929225610775,0.0008658207125961781
653,0.0009498356650066045,0.0008325445768423378,0.0009582100017875845,0.000881827567331493
654,0.0009242920020026052,0.0007835169578902423,0.0009585292304400353,0.0008807591455988587
655,0.0009327049191213317,0.0009793631150387227,0.0009573459441307931,0.0008854733365587892
656,0.0009308242277863125,0.0008919511246494949,0.0009577868998516351,0.0008799123190343382
657,0.0010260907428649565,0.0009257159498520195,0.0009561041569595951,0.0008858936250209809
658,0.0009591189407122632,0.0009392624557949602,0.0009562231772941433,0.0008856374237686396
659,0.0009362013511256211,0.0007734135305508971,0.00095579487877484,0.0008982243009842931
660,0.0009314268951614698,0.0008299534814432264,0.0009569212706397394,0.0009002854388207197
661,0.0010099911932936973,0.0007742133014835417,0.000957652516068063,0.0009109870888292789
662,0.0009453649663676818,0.0010261690407060086,0.0009580242748217036,0.0009030488000251354
663,0.0010007931338623167,0.0009672946017235518,0.0009587394713579366,0.0009016500403173268
664,0.0009812543905961017,0.0009113300568424165,0.0009574175020369392,0.0008993001133203505
665,0.001002347264180167,0.0013638009317219258,0.0009559944124788874,0.0009040525832213461
666,0.000967527412964652,0.0008041201555170119,0.0009590100714005528,0.0009039378764107823
667,0.0009398349845368001,0.000897876734379679,0.0009580045086176445,0.0009035869380459189
668,0.0009524899307224486,0.0007594640366733075,0.0009591516091436561,0.0009006956603378057
669,0.0009222074660162131,0.0010392351844348013,0.0009607135958193489,0.0008966557180508972
670,0.00095664801955637,0.0008030582033097744,0.0009580094112238536,0.0008952373998239635
671,0.0009495936370351248,0.001109637441113591,0.0009585365942834566,0.0008923644548282028
672,0.0009645698713656101,0.000826473047491163,0.0009590227148185172,0.0008956220074556767
673,0.0009671885828073654,0.0010336184757761657,0.0009592899080055454,0.0008929667920805514
674,0.0009629138522884912,0.0007934958208352328,0.000956519532814208,0.0008925248513929546
675,0.0009520605284099778,0.0008240009890869259,0.0009561783633091384,0.0008857458480633796
676,0.0009189655423526549,0.0008044282835908234,0.0009531389691246053,0.000880004663579166
677,0.0009156147918353478,0.0009073770837858319,0.0009514426144926497,0.0008770751460455359
678,0.0010252271380482448,0.0008296769065782428,0.0009478437539655714,0.0008544812185689807
679,0.0008991529324298931,0.0007747434987686575,0.0009490659813034452,0.000852422787155956
680,0.000961382432271623,0.000907081172335893,0.0009485250296433353,0.0008471488012000919
681,0.0009698738946786358,0.0007909525674767793,0.0009489640389827804,0.0008630126893520355
682,0.0009584861279775699,0.0008902579941786826,0.0009493250015450436,0.0008529544363729657
683,0.0009722985172023376,0.0008674388309009374,0.0009472872461554492,0.0008524281904101373
684,0.0009483543645021403,0.0008548523462377489,0.0009469047579552151,0.0008410425896756352
685,0.000938106724837174,0.0007635730970650911,0.0009442853030903886,0.0008464774629101158
686,0.000940731813510259,0.0007631647842936218,0.0009424730468903565,0.0008433029759675267
687,0.0009368357287409405,0.0008566939574666321,0.0009433511263121747,0.0008470945472829045
688,0.0009248082792489893,0.000823764989618212,0.0009457174408197816,0.0008454818993806839
689,0.0009388455247972161,0.0008380921185016633,0.0009461067238770839,0.0008433241580612959
690,0.000912375751003209,0.000798952744808048,0.0009498395574123908,0.0008414835692383349
691,0.000998083096411493,0.0007526593701913953,0.0009462425589509722,0.000838382079731673
692,0.0009263111930340528,0.0007660270854830741,0.0009483339933626766,0.0008381014720536769
693,0.0009634651642085778,0.0011560612404718994,0.0009482814183717384,0.0008318130691535771
694,0.0009312315300727884,0.0007877788599580526,0.000948849777985985,0.0008377495827153325
695,0.0009057041348165108,0.0007899020542390645,0.0009497844585269275,0.0008321226015686989
696,0.0009400314320292738,0.0008249974227510393,0.0009473015101471295,0.000829392004571855
697,0.0008990834997449484,0.0009623448783531785,0.0009460034702076679,0.0008250599193386734
698,0.0009218821778065628,0.0009542563022114336,0.0009456871938167345,0.0008247818325646222
699,0.0009848658378339475,0.0008882851037196815,0.0009464934845868911,0.0008285314691253006
700,0.0010112183911001518,0.0007836847915314138,0.000944879835916476,0.0008257590047083794
701,0.0009286976187852108,0.0007504847506061196,0.0009446625793145762,0.0008275409299880265
702,0.0010089356302180224,0.0008613623632118106,0.0009431277383998449,0.0008325486408546566
703,0.0009353021765127778,0.0007521396689116954,0.0009420746134956264,0.0008305750228464604
704,0.0009514387927225066,0.0007677283068187535,0.0009386240605006201,0.0008362272543832659
705,0.0009600680574981703,0.0007498710998333991,0.0009383207449844728,0.000837861703429371
706,0.0009840828850347962,0.0009393654065206647,0.0009359760425001797,0.0008326245361939072
707,0.000981853141501132,0.000749583465512842,0.0009366294132597331,0.0008315517869777976
708,0.0009102248077073858,0.000799173905979842,0.0009379302244167775,0.000835469524655491
709,0.0009159033660156032,0.0007465502154082059,0.0009402472116570506,0.000837429631035775
710,0.0009301998150638408,0.0007566209277138114,0.0009415611276092628,0.0008309312852099538
711,0.0009608890827641719,0.0008569056983105839,0.0009423246913486058,0.0008296839374117553
712,0.0008964945119805634,0.0007873823470436037,0.0009390254047285352,0.0008326720971614122
713,0.0009193768642014928,0.0008683131216093898,0.0009382534522847791,0.0008313312876969577
714,0.0009004745019289354,0.0009632848901674152,0.000939251427924157,0.0008410066803917289
715,0.0008860476283977429,0.0007496122946031392,0.000935277813158205,0.0008378124362789095
716,0.0009118192715363371,0.000893965158611536,0.0009350890599217058,0.0008390326109714807
717,0.0009187283051303692,0.0008068883116357029,0.0009338996757365141,0.0008382940945215523
718,0.0009048476021012498,0.001025132059585303,0.0009325646614267801,0.000838848268147558
719,0.0009475657990616229,0.0007609601295553148,0.0009290864099049939,0.0008382932309061289
720,0.0009382244137426217,0.0008878454961813987,0.0009281066051399747,0.0008380568226799369
721,0.000997956113036101,0.0008740000822581351,0.0009297800973704498,0.0008369561133906245
722,0.0009319313985502554,0.0007998862327076495,0.0009292308829854137,0.0008373647735454141
723,0.0009409712712901333,0.0009230726072564721,0.0009292250020558841,0.000839013141952455
724,0.0009023836723321842,0.0009629890974611044,0.0009267779396355358,0.0008413079547695816
725,0.0009919195800062476,0.0007501645549200475,0.0009275310137593706,0.00084922268781811
726,0.0009536470097696616,0.0009923695679754018,0.0009287478073422487,0.0008444567350670694
727,0.0009095952610692216,0.0007815062603913248,0.0009302646230932117,0.0008582019811496139
728,0.0009305833456003003,0.0007826440362259746,0.0009340191823352749,0.00086981503367424
729,0.0009217041880927152,0.0007492653955705464,0.0009331562704432549,0.0008672632122412322
730,0.0009266926997548176,0.0007637254404835403,0.0009332508633508245,0.0008665969008579849
731,0.0008971265969901449,0.0009254894754849374,0.0009320404117901087,0.0008555362777784467
732,0.0009573580223756531,0.000743673259858042,0.0009292942590726954,0.0008554718425497411
733,0.0009520621134692596,0.0007716561737470328,0.0009283875608997835,0.0008764351000078021
734,0.000902173006389704,0.0007567667192779482,0.0009263541373657062,0.0008739734968170521
735,0.0009300527918255991,0.0007978301378898323,0.0009279569588730941,0.0008879324415698646
736,0.0008997125222554637,0.0009142760187387467,0.0009257810851895355,0.0008813906392082571
737,0.0009153213650764276,0.0009852506732568145,0.0009269626823383281,0.0008793363336473702
738,0.0009497967037734472,0.0007491643028333784,0.0009249106513595001,0.0008824702532030641
739,0.0009383948957030144,0.0013069160422310233,0.0009235731084934539,0.0008767440136522054
740,0.0009799116094493204,0.0010399386077187954,0.0009246872572176571,0.0008772463484667242
741,0.000890246474235836,0.0008301696227863431,0.0009254341932582773,0.0008860525124706327
742,0.000921093127819606,0.0007902305270545185,0.0009252485679566033,0.0008861344632692635
743,0.000874586313083354,0.0007486164825968444,0.0009239988810072343,0.0008869065925478935
744,0.0008789119811262935,0.0007593492488376796,0.0009248475346921219,0.0008807634059339762
745,0.0009155569594198217,0.0014119269326329231,0.0009240874846672848,0.0008865237720310688
746,0.0009471205246841742,0.000812460002489388,0.0009227923532740938,0.000887202372495085
747,0.0009720019362349478,0.0011488598515279592,0.0009233585016801953,0.0008928200027905404
748,0.0008865744292011692,0.0007595275482162833,0.0009216547373992702,0.0008917627339251339
749,0.0009319236010519995,0.0009116314584389329,0.0009227688123368556,0.0008874184731394052
750,0.0009406188055355516,0.0008285125438123941,0.0009219485393777076,0.0008812210934236645
751,0.0009202084381185058,0.0008492135792039334,0.0009200446474055449,0.0008813120925799011
752,0.0009374489791743044,0.000794064630754292,0.0009193839208429888,0.0008601127156987787
753,0.0009492567466158006,0.0010027981363236905,0.0009189443784041538,0.0008507878887467086
754,0.000917063555550865,0.0007513141655363143,0.0009215454132710068,0.0008501454884186387
755,0.0008954505260205931,0.0007830286724492908,0.0009219730402653416,0.0008484075373969972
756,0.0009183429391123355,0.0007719098101370037,0.0009251396608538926,0.0008524248089641333
757,0.0009383567717547218,0.0008876824122853578,0.0009262024483384773,0.0008541487563401462
758,0.0009196838286394875,0.0007886211853474379,0.0009272605724943181,0.000829981202632189
759,0.0009163267165422439,0.0008972074766643345,0.0009264538020619915,0.0008294335262849929
760,0.0008874586848024693,0.0007713984162546695,0.0009231161175502671,0.0008200842751190068
761,0.0009275643956950969,0.0008056694990955293,0.0009239359909409865,0.0008203820712864401
762,0.0008948145410977304,0.0008303161803632974,0.000922925565014076,0.0008202226940542462
763,0.0009021994044693807,0.0007514392817392946,0.000921534498113518,0.0008242953454144301
764,0.0009218767316391071,0.0007769316202029586,0.0009214371561797128,0.0008337101017124953
765,0.0009689230484784477,0.0008068179339170456,0.0009217685553193505,0.0008334125341847541
766,0.0009552723459071583,0.000814109614584595,0.0009231488656718283,0.0008245703689754012
767,0.0009317838026779808,0.0007467817515134812,0.00092159063902994,0.0008242108748294412
768,0.0009537518277971281,0.0008490482717752457,0.0009219736262638536,0.0008273053776472806
769,0.0009054816682409081,0.0008024479332379997,0.000920135016221967,0.0008297201015055179
770,0.0009420100633158451,0.0008077380899339915,0.0009184293066306662,0.0008252046633511782
771,0.000926951263876011,0.0007987680938094854,0.000918631137860939,0.0008248301681131123
772,0.0008885598234418366,0.0009151285723783076,0.0009180313457165742,0.0008202444268390535
773,0.0009070712639691515,0.0007669724524021149,0.000919632910580064,0.0008214807449840009
774,0.0009066629528792368,0.0009076470276340842,0.000921191795454878,0.0008201793123967944
775,0.000905842133021603,0.000930328827816993,0.0009197888010129746,0.0008163098255172369
776,0.0009177748897733788,0.001084582486655563,0.0009194650356709543,0.000817046962212771
777,0.000945733957665248,0.0007866254425607621,0.0009187312133144586,0.0008184023630805313
778,0.0009837645054277446,0.0007817440060898661,0.0009160411813658557,0.0008194107647985218
779,0.0008781078895036545,0.0007423268118873238,0.0009163360613346512,0.0008172374481335282
780,0.0009050252068684332,0.0008603912428952754,0.000915858099847618,0.0008208610272035003
781,0.0008723776880651713,0.0008322779065929354,0.000915429770377361,0.0008181969186291098
782,0.000895714031972198,0.000774796458426863,0.0009163672049322889,0.0008154587064869702
783,0.0009247296093963087,0.0007792588043957949,0.0009144837711937725,0.0008125832969322801
784,0.0009013319129331244,0.000782563944812864,0.0009128200178034603,0.0008128603331744671
785,0.0009274978063897126,0.0008023063698783517,0.0009130420737382438,0.0008090756446123122
786,0.0009665365175654491,0.0007731336844153703,0.0009134459526743739,0.0008150089049711823
787,0.0008597396800501479,0.0007335790083743632,0.0009132800927126988,0.0008100627257488668
788,0.0008941052709188726,0.0007698676991276443,0.000912749242487674,0.0008075532007031143
789,0.0009035311727267172,0.0008108166418969631,0.0009118245088340094,0.0008010510921478272
790,0.0009016722497633762,0.0008320279768668116,0.000912018819924237,0.0008012223319150509
791,0.0009626443451270461,0.0007597766979597509,0.0009094348311579476,0.0008012113667093217
792,0.0009198347655021482,0.0008373712282627821,0.0009110469982234969,0.0008061648666858672
793,0.000943043591040704,0.0007824455574154854,0.0009102976853234901,0.000802454365324229
794,0.0009289175321141051,0.0007339926296845078,0.0009135079898250601,0.0008088693089783192
795,0.0008949242198529343,0.0007358528510667384,0.0009140695343570163,0.0008098243876360357
796,0.0008853574291182061,0.000805693999864161,0.0009132481767330318,0.0008116159959696234
797,0.0008941112218114237,0.0008205113583244384,0.0009132262402990212,0.0008106582676060497
798,0.000917168237372405,0.0009153039613738656,0.0009124115347396583,0.0008083157738670709
799,0.000902516453837355,0.0007839925470761955,0.0009110003490466625,0.0008155161496251823
800,0.0008925708773959842,0.0008675907016731799,0.00091486355701151,0.0008158144758082927
801,0.000894656548431764,0.0009220297727733851,0.0009161745328714864,0.0008180689522065223
802,0.0009505917349209389,0.000790906436741352,0.0009166544353641155,0.0008191383520141245
803,0.0009191647862705092,0.000781469875946641,0.0009163633255132782,0.0008371711590327322
804,0.0009184120661423853,0.0008661643113009632,0.0009187132677632486,0.0008362007738091052
805,0.000886292384368264,0.0007676287088543177,0.0009198289176604399,0.0008337093489244581
806,0.0009526353006044196,0.0009926514979451894,0.0009169269585412821,0.0008375925574451685
807,0.0009097526452711059,0.0007986734248697758,0.0009152134096508638,0.0008380475506186486
808,0.0009041956687966983,0.000824049012735486,0.0009139535973935077,0.0008388237480074168
809,0.0009007835020828579,0.0007586207357235253,0.0009137437079877902,0.0008407528539188207
810,0.0009071301674056384,0.0007437440264038742,0.0009168610360680354,0.0008384129445999861
811,0.0009312568752405544,0.0009531430783681572,0.0009165508286303115,0.0008380168457515539
812,0.0009563198791713351,0.000741037162952125,0.0009159372396767138,0.0008458741587586702
813,0.0009268796674182845,0.0008262296090833843,0.0009169925646442505,0.000843203050736338
814,0.0009155287350424462,0.0008375516370870173,0.000916908605251875,0.0008401535969227554
815,0.0008943945034924481,0.001282848152332008,0.0009146254080761638,0.0008386768344789744
816,0.0010213929013763038,0.0007355170673690736,0.000914101916955163,0.000838258465472609
817,0.0009477260129319297,0.0007750856061466038,0.0009129679098673578,0.0008330574396997691
818,0.0008704946130617625,0.0008795257704332471,0.0009152427582121972,0.0008346230102702976
819,0.0008860788098536431,0.0007453674590215087,0.0009113788542492936,0.0008294101916253567
820,0.0008634289134190315,0.0007552577857859433,0.0009115328086074442,0.0008296586027368903
821,0.0008801101939752698,0.0008539216476492583,0.000911751430714503,0.0008282111173495651
822,0.0009720444238175535,0.0007620136253535748,0.0009120754036379774,0.0008338897038251161
823,0.0009094130514293082,0.000905401490163058,0.0009106243575974887,0.0008345115777105092
824,0.000887176729997413,0.0009804253722541035,0.0009095933003506314,0.0008260360390879214
825,0.0009189540015844007,0.0008008130011148751,0.0009065562927112399,0.0008315057445317507
826,0.0008925575636223787,0.0008457934274338185,0.0009056064139585944,0.0008330651617608964
827,0.000893511805528154,0.0007539873756468296,0.0009049687971723164,0.0008292040321044625
828,0.0009060775082454913,0.0007710106507875025,0.0009059594086733545,0.0008128881243057548
829,0.000890061888947255,0.0007361386669799685,0.0009001602072993089,0.0008167035145685078
830,0.000943163592989246,0.0008067679731175304,0.0008990647202875053,0.0008256033685989678
831,0.0008560377015318308,0.0008623310318216682,0.000903041306924489,0.0008371732558123768
832,0.00091360150422487,0.0008048837026581169,0.0009047870679241088,0.0008392798765562475
833,0.0009096612214731674,0.0007878618780523539,0.0009048874040341212,0.0008403270769864322
834,0.0009088828251697123,0.0009005853976123035,0.0009044778370919329,0.000835811451356858
835,0.0008708540163934231,0.0007592908735387028,0.0009003673872962181,0.0008363368791528047
836,0.0009054804440691239,0.0007412546128034591,0.0008988424206773439,0.0008293322645127775
837,0.0008803946881865462,0.0008777797990478575,0.0009007390729255146,0.0008263941822573544
838,0.0009031326986021466,0.0008652150398120284,0.0009001774168987241,0.0008274197423830629
839,0.0008995883153854972,0.0007410233956761658,0.0008994685753507334,0.0008249455583281815
840,0.0009191597910183999,0.0008749504573643208,0.0008999534620955173,0.0008255567393265665
841,0.0008764128670251618,0.000830901823937893,0.0008981421468494874,0.0008318080802448095
842,0.0009203388376368417,0.0009975819569081068,0.0008968371752778897,0.0008316951668821276
843,0.0009699092789863547,0.0011687729507684707,0.0008941908724631908,0.0008286343195475638
844,0.0009297228348441422,0.0007980329776182771,0.0008942729850118567,0.0008264482551254333
845,0.0008659373161693414,0.0007814377965405583,0.0008938491297394246,0.0008326026883907616
846,0.000869871020420558,0.0007410310069099069,0.0008946952955512745,0.000830247189477086
847,0.0008692831789246864,0.0007751493202522397,0.0008930518108652905,0.0008236608137376606
848,0.0008712888859574579,0.0007302861241623759,0.0008932926430496285,0.000825308005232364
849,0.0009345930362016791,0.0009069733158685267,0.000892493182526798,0.0008252383934333922
850,0.0009049126009146373,0.0008264520042575896,0.000892776761403204,0.0008280901476740839
851,0.0008748365249226077,0.0007839388260617852,0.0008922466943894204,0.0008228728570044042
852,0.0009056339741477535,0.0007692669006064535,0.0008903675198529123,0.0008242226636037231
853,0.0008607946270947449,0.0009272941737435758,0.0008928552538855002,0.0008375652548857034
854,0.0008574375996573104,0.0007333158329129219,0.0008944090592545561,0.0008335792149417104
855,0.000877006022621774,0.0007302467897534371,0.0008978112033645932,0.0008272266792133452
856,0.0008580905152484775,0.0008076794212684036,0.0008958291702360536,0.0008180335513316096
857,0.0009030051224140658,0.000958744534291327,0.0008959509953675378,0.0008209136213175953
858,0.0009308153667694165,0.0007289744052104652,0.00089611835616589,0.0008199355396442117
859,0.0008677957080201142,0.000735926004126668,0.0008970635887726934,0.0008197722881101072
860,0.0008768748210018708,0.0008004706609062851,0.0008959573415289116,0.0008204060205258429
861,0.0008854939309983617,0.0007395143178291619,0.000896300311999706,0.0008212241482920946
862,0.000887484160096695,0.0009490736550651491,0.0008940646632496889,0.0008189334329217672
863,0.0008898810232575569,0.0007347827730700374,0.0008928263599389336,0.0008151996050961315
864,0.0008526089519727975,0.0007747685606591403,0.0008930273428326473,0.0008159518354572356
865,0.0009813531418330968,0.0012085152394138276,0.0008921093996484867,0.0008154136306606233
866,0.0009152580012515601,0.0007312508253380656,0.0008929604288966705,0.0008123646317981184
867,0.0010053924403877722,0.0008387685636989772,0.0008936164268965108,0.0008186585359275342
868,0.0009203584507728617,0.0009389447537250816,0.0008937272374880396,0.0008209506131708623
869,0.0009327684631312473,0.000870034727267921,0.0008939980952741785,0.0008179482888430358
870,0.0008701213361281488,0.0007569857547059655,0.0008925005278601827,0.0008108633353374899
871,0.0008935018355906424,0.0007369497185572982,0.0008894055019779543,0.000813264598324895
872,0.0008416269978301393,0.0007909926306456327,0.0008902967274318344,0.0008156658383086325
873,0.0008798631477273173,0.000750739318318665,0.0008965436566543453,0.0008129372137598693
874,0.0008787018174512518,0.0008497054316103458,0.0008972546397527265,0.0008128092913888394
875,0.0008739550181457566,0.0007331063086166978,0.0008954693193262855,0.0008182012632489204
876,0.0008798610972654489,0.0008027445850893856,0.0008972198297916394,0.0008189931819215417
877,0.0008826853945437405,0.0007558117806911468,0.0008971228999784216,0.0008168195729143917
878,0.0008820703582993398,0.0008510692021809519,0.0008925525452812307,0.0007975341151468455
879,0.0008738375496533182,0.0008906634361483157,0.0008906284267729562,0.0007981410288251937
880,0.0008797762874099943,0.0007875487208366394,0.0008854282373381365,0.0007984468431212007
881,0.0008648619599019488,0.000732621313072741,0.0008846253707668643,0.0007924291373230517
882,0.0008655659370641742,0.0007816206966526807,0.0008825395314876613,0.0007926135199144483
883,0.0008534397197137069,0.0007890059798955917,0.0008825573249952868,0.0007922200955450535
884,0.0008900763443671167,0.0007959570037201047,0.0008813134140516114,0.0007949647336266936
885,0.0010330480515646438,0.0007322550471872091,0.0008835759638989758,0.0007932744366116822
886,0.0009032685084578891,0.0007363162585534155,0.0008833819957320681,0.0007963930249214172
887,0.0008428511494356725,0.001083872951567173,0.0008837021291385302,0.0007917101972736417
888,0.0009336437848914001,0.0007545807398855686,0.0008834200952693614,0.0007920748110860586
889,0.0008501857066423529,0.000720428335480392,0.00088679720649444,0.0007908048301003872
890,0.0008670942744033204,0.0007263787952251732,0.0008860855132005076,0.0007964254742488263
891,0.0008671550385447012,0.0007464236672967673,0.000885690430057649,0.0007937878710217773
892,0.0008753877045172784,0.0008464139210991561,0.0008853537777154189,0.0007983620611950754
893,0.0009002867864910514,0.000788502108771354,0.0008849905472067702,0.000797729102615267
894,0.0008806224811511735,0.0008746442920528352,0.0008862051128642633,0.0008016457123681901
895,0.0008705661738187902,0.000747150145471096,0.000887028863438819,0.0008009876288473605
896,0.000862404061998758,0.0008055656705982983,0.0008882753894405645,0.0008010050989687443
897,0.0008981907440142499,0.00074873520527035,0.0008898959434073831,0.0007993224376812577
898,0.0008750139435546266,0.0008287040260620415,0.0008828606071364547,0.000799154550023377
899,0.0008867051526128004,0.0007326347404159606,0.0008824130442614355,0.0008007614003494384
900,0.000866904171416536,0.0007422216539271176,0.0008825427232517136,0.0007884182509966197
901,0.0009642888778924114,0.0007709950604476034,0.0008796085562867422,0.0007890238806605341
902,0.0008648930621954302,0.0008963278844021261,0.0008819940535869035,0.000796928732469678
903,0.0008721932797278795,0.000785129121504724,0.0008825075648518072,0.0007984938738867642
904,0.0008654212410975662,0.0010050181904807686,0.0008829074640396155,0.0007995065419934692
905,0.0008706955246937771,0.0007717247563414275,0.0008822159144665218,0.0007982514345087113
906,0.0008952261013392773,0.0008305365568958223,0.000881370865382875,0.0007989887030795217
907,0.0008861597014280657,0.0007651686086319387,0.0008818886781783981,0.000792448885925114
908,0.0008846028697573476,0.0007894427329301835,0.0008827152444463636,0.0008014412716031074
909,0.0009305901935375813,0.0007538904715329408,0.0008837565649662993,0.0008031683151610195
910,0.0008571646447914342,0.0007280578557401896,0.0008824744524227248,0.0008022622248157858
911,0.0008920794365824097,0.0007764875167049468,0.0008832605404779315,0.0007979234523139893
912,0.000846093124192622,0.0007752942177467048,0.0008819061536186684,0.0008037529607303439
913,0.0008602896107671161,0.0007697214814834296,0.0008813730242765612,0.0008095671246759592
914,0.0009098231391463842,0.0009180496307089925,0.0008764855686471695,0.0008088233277201652
915,0.0008799320560259124,0.0007655073306523264,0.0008777753535140719,0.0008016514136455951
916,0.0008771525182399071,0.000771740369964391,0.0008778504339046776,0.0008072665718384086
917,0.000858098965189937,0.0008150362339802087,0.0008772180231520906,0.0007969567006453871
918,0.0008791605593998813,0.0008069338230416178,0.0008791520825302643,0.0007967761155217884
919,0.000893567801039252,0.0007111488631926477,0.0008795211967106701,0.0007918395807966589
920,0.0008912303305179294,0.0009719597874209285,0.0008812640619490087,0.0007897101017646491
921,0.0008884370749971519,0.0008487417595461011,0.0008807206689405978,0.0007893828410655259
922,0.000866137930424884,0.000726082946639508,0.0008793998613410319,0.0007878496797755361
923,0.0008946661449347933,0.0007202347135171294,0.0008794071919776291,0.0007925314201042057
924,0.0008528454811312259,0.000878372450824827,0.0008779007233912124,0.0007930705920793118
925,0.0008535759378638533,0.0008875757525674999,0.0008778976458564605,0.0007907070831395688
926,0.0008421024871576164,0.0007524001365527511,0.0008778332118229525,0.0007907267286442222
927,0.0008971376838679942,0.0007170300325378776,0.0008756065842255743,0.0007850061487406492
928,0.000874070289493021,0.0009255080763250589,0.0008753242095389093,0.0007840113454498351
929,0.0008496109722828907,0.0007472714106552303,0.000877080391215471,0.0007820004204288125
930,0.0009190470091481176,0.0007672101282514632,0.0008769383938801991,0.000779376522731036
931,0.0009044539558494257,0.0007071231887675822,0.0008776041222503411,0.0007757580327801406
932,0.0009297313323865334,0.0007119316328316927,0.000877915000436931,0.0007771214523352681
933,0.0008710180445470744,0.0007812612154521048,0.0008773202392608963,0.0007713251403532921
934,0.0008975700035484301,0.0007155614392831922,0.0008749464825080296,0.000766997872944921
935,0.0008573479107063678,0.0008451013639569283,0.0008739353765655931,0.0007681187679991125
936,0.000854417721921992,0.0007899668160825968,0.0008728937475864465,0.000770240449067205
937,0.000846016185823828,0.0007162064942531288,0.0008732440918192475,0.0007643004959449171
938,0.0008586787599294136,0.000770212619099766,0.0008755987611418178,0.0007586036854423582
939,0.0008541574492119253,0.0007750351331196725,0.0008772298234437283,0.0007590685522183776
940,0.0008728726888592872,0.0007406372483819723,0.0008759142114599754,0.0007644346088171005
941,0.000921057060153948,0.0007214672444388271,0.0008750968647836191,0.0007697453515604139
942,0.0008545490318081445,0.0007494387915357948,0.0008758596129922404,0.0007681971849873663
943,0.0008958037686534226,0.0007164715742692351,0.0008737496416394909,0.0007692615787498653
944,0.0009013397557040056,0.0007452343520708382,0.0008707396864787572,0.0007699461387470365
945,0.0008763613011170592,0.0008270519878715277,0.0008681080469654668,0.0007702292491681874
946,0.0008290931561754809,0.0007405600743368268,0.0008684454938086371,0.0007799647795036435
947,0.0008408602818639742,0.0007541053229942918,0.0008678709029633965,0.0007818335507065056
948,0.0008686254204561313,0.000773276740219444,0.0008683130632154643,0.0007762659658677875
949,0.0008616040869512491,0.0007298736227676272,0.000869077834316219,0.0007734238997101783
950,0.0009124426709281074,0.0007451554900035262,0.0008706188102614962,0.0007815430150367318
951,0.000882879044705381,0.0007640218059532344,0.000869866192785816,0.0007836213191971183
952,0.0008642473842741715,0.0008511814475059509,0.000870889620601924,0.0007871411030180753
953,0.0008536366225841144,0.0010582766449078918,0.0008728031803232929,0.000790014305151999
954,0.0008686796774984234,0.0007085672463290393,0.0008695005476267803,0.0007942923442460597
955,0.0008662977253293825,0.0007938199723139405,0.0008693797124704968,0.0008060707909055054
956,0.0008292050768310825,0.0007242371886968613,0.0008678946848182629,0.0008062419611029328
957,0.0008639403445542687,0.0007190093933604658,0.0008659689977402902,0.0008127535262145103
958,0.0008794542156263358,0.0010246494738385082,0.0008664335245473517,0.0008083447200246154
959,0.0008832052324174179,0.0007622807193547487,0.0008661237198238572,0.0008096158824861049
960,0.0008684019170080622,0.0007059117429889739,0.0008657122414766086,0.0008083832214586435
961,0.0008735369994408554,0.0007189151621423661,0.0008649759699797464,0.0008090728924609719
962,0.0008845405844557616,0.0009191843774169683,0.00086574306375761,0.0008208035207353531
963,0.0008398633230374092,0.0008221702231094242,0.0008635050134526358,0.0008199392762966453
964,0.000879743144614622,0.0008630297286435962,0.0008628749161544772,0.0008182823124341666
965,0.0009207116818935093,0.0008124673017300666,0.0008624318176466558,0.0008193836219608783
966,0.0008384912427411311,0.0008284182217903435,0.000862361151021388,0.0008065152181312443
967,0.0008515281529010584,0.0010438999580219387,0.0008607213637377653,0.0008096313518472018
968,0.0008586780773475766,0.000720750829204917,0.0008604960235870546,0.0008139797835610808
969,0.00085319757875469,0.000908023479860276,0.000862255209342887,0.0008139393415302039
970,0.0008879744712935967,0.0007168318331241607,0.0008652821194639224,0.0008147670256905259
971,0.0008213480380881164,0.0007723391358740628,0.0008632669028360398,0.0008027767442166806
972,0.0008305733231827616,0.0007232887973077595,0.0008640647174738762,0.0008023206217214467
973,0.0008502186330345769,0.0007905185152776539,0.0008652845782279554,0.0008126906869933009
974,0.000880781431397837,0.0010231393296271562,0.0008652106495108457,0.0008177159684710205
975,0.0008564914133037544,0.0007235493790358305,0.0008643830469085112,0.0008114878847263753
976,0.0008671266122514175,0.0007225977093912661,0.0008636785848273172,0.0008096658021211622
977,0.0008531699215786325,0.0008787141856737435,0.0008624107176179274,0.0008035778428427874
978,0.0008518699569524163,0.0007365665491670371,0.0008606503056776193,0.0007999589460901915
979,0.0008276849954078595,0.0007864705892279744,0.0008623809492422475,0.000795041755773127
980,0.0008606642215616173,0.0009025307651609183,0.0008618958670697693,0.0007849201144650579
981,0.0008731847207268907,0.0007232261379249394,0.0008605325697559035,0.000787046857457608
982,0.0009396130975801497,0.0007397014973685146,0.0008605774202953196,0.0007822431191802024
983,0.0008290737999292711,0.0007248924369923771,0.0008583401238442295,0.0007909971641376616
984,0.0009031505983633299,0.0007508776569738984,0.0008593166356906294,0.0007878727830946447
985,0.0008988984358600444,0.0009651633747853338,0.0008615213952337703,0.0007972394842654469
986,0.0008716887815131082,0.0008445471990853548,0.000861328256332005,0.0007941535647027195
987,0.0008638505193973995,0.0007634822838008404,0.0008590468278051248,0.0007820943937636912
988,0.000822251771007561,0.0007766181579791009,0.0008583713159948173,0.000783395499456674
989,0.0008480464643798769,0.0007108307466842234,0.0008574240469063322,0.0007880102758295836
990,0.0008767013833858073,0.000721994882915169,0.0008568909959143235,0.0007817341106943788
991,0.0008817573318568369,0.0007054884638637304,0.000854989214024196,0.0007805852413177492
992,0.0008394010985891024,0.0007908589253202081,0.0008555023495366591,0.0007794381691142918
993,0.0008245956445009344,0.0007739194040186703,0.0008550819718434166,0.0007736296937800945
994,0.0008543188422400919,0.0007879300229251385,0.0008553051998373122,0.0007826487397775055
995,0.000832042060016344,0.0009356829570606351,0.0008516455633048383,0.0007817331560887398
996,0.0008457608342481157,0.0006942296097986401,0.0008511035890421934,0.0007824572519399227
997,0.0008856923117612799,0.0009574563265778124,0.0008492519659507605,0.0007845674556680024
998,0.0008453901604904483,0.0007133705262094736,0.0008483901054908833,0.0007758830061182379
999,0.0008237457182258367,0.0007216600561514496,0.0008499060759217375,0.0007756833578459918
1000,0.0008396036180460619,0.0007560770213603974,0.0008504144981089566,0.0007858836790546773
1001,0.0008434448850392881,0.0008379671187140048,0.0008504747683389319,0.0007855640925467013
1002,0.0008398436467784146,0.0007218100572936237,0.0008508170375393497,0.0007848336257971823
1003,0.0008043254096992314,0.0007078448147512973,0.0008482300498626298,0.000785694557800889
1004,0.0008405133832194325,0.0007577937841415405,0.0008491539911573959,0.0007886562511324881
1005,0.0008501547792305549,0.0007573188818059862,0.0008498398988818129,0.0007851893013343215
1006,0.0008787654205742809,0.0009487022878602147,0.0008504066434067984,0.0007846685951575637
1007,0.0008481221842683024,0.0007168119051493704,0.0008509473222825263,0.0007865708176977934
1008,0.00081552444336315,0.0007429948332719504,0.0008521273077362113,0.000779058698192239
1009,0.0008568600210775104,0.0008036327501758933,0.0008513021970219496,0.0007849324888549745
1010,0.0008773519243631098,0.000748052136041224,0.000850311026427274,0.0007808667859993875
1011,0.0009095880422844654,0.0008395559922792017,0.0008517528260540633,0.0007864118203520775
1012,0.0008765610740778761,0.0010184903140179813,0.0008529099721875456,0.0007868250654079021
1013,0.0008237585267569456,0.0007686284952796996,0.0008540516935754568,0.0007842330898158253
1014,0.0008566031943903201,0.0006925690779462457,0.0008542346105445177,0.0007797600756399333
1015,0.0008120266914678117,0.0007435181830078363,0.0008546262748901629,0.0007833622702397409
1016,0.0009048558642259902,0.0007795307971537113,0.0008556719261687248,0.0007969140695407988
1017,0.0008565487916995254,0.0007041851803660392,0.0008545384366168744,0.0007947293476201595
1018,0.0008387642576255732,0.000760901749599725,0.0008534724143540694,0.0007922112033702435
1019,0.0008678358141332865,0.0008354855864308775,0.0008519797765649855,0.0007827111408114435
1020,0.0008615416963584721,0.0007478799694217741,0.0008523888962653776,0.0007835193706676365
1021,0.0008251330663915724,0.0008410743763670325,0.0008541950969128973,0.0007821646239608527
1022,0.000860913046894388,0.0008558137551881373,0.0008550942187818388,0.0007776460014283658
1023,0.0008814351511601772,0.0008519963850267231,0.0008529957809382014,0.0007823123649694026
1024,0.0008526743715628982,0.0007319911825470626,0.0008518398352691697,0.0007835670578293503
1025,0.0008681466527438412,0.0006912776315584778,0.0008497374161094839,0.0007722369765862823
1026,0.0008480178092658106,0.0007261417643167078,0.0008499752991729311,0.0007894389706663787
1027,0.0008496352554195457,0.0008118649222888053,0.0008507645192556084,0.0007939976629801095
1028,0.0008304666916632817,0.0010466397972777486,0.0008513969724532216,0.0007957564892247319
1029,0.0008121761444231702,0.0007031757361255586,0.0008480851872772392,0.0007991663770750165
1030,0.0008235042226604289,0.0006943652755580842,0.0008461677080175529,0.0008036919384263457
1031,0.0008414494758471847,0.0007112007238902152,0.0008485725663033211,0.0008142009974457325
1032,0.0008583501767781045,0.0007370176515541971,0.0008492051684866762,0.0008094689179211857
1033,0.0008606794595511423,0.0007091261656023562,0.0008498835566298417,0.0008089831597171724
1034,0.0008793380678010483,0.0006906671868637204,0.0008492096483707428,0.0008058119231835008
1035,0.0008248909782721765,0.0008647112245671451,0.00084901475665263,0.0007992359332740307
1036,0.0008806894005586704,0.0008709233137778938,0.0008459003782003291,0.0008026994376443326
1037,0.0008240005950857367,0.0007352382829412818,0.0008462023268867699,0.0008013332365080716
1038,0.0008297056033431242,0.0011986783472821116,0.0008449110937873936,0.0008042470038868486
1039,0.000876333696457247,0.0008065363857895136,0.0008440715294952192,0.0008169631388969719
1040,0.0008278380214081457,0.0007874888391233981,0.0008436844722471302,0.0008217792845331131
1041,0.000822061234826429,0.0008647779934108258,0.0008430961514719657,0.0008085125101730226
1042,0.0008086118102073669,0.0008173242141492665,0.0008432931729385421,0.0008111733305267988
1043,0.0008988857147697773,0.0010236282250843942,0.0008431247129311992,0.0008146733344532548
1044,0.0008836508687171671,0.0007171835983172059,0.0008436339335826536,0.000819663477409631
1045,0.0008785013999376032,0.0007357360143214464,0.0008420565463240361,0.0008181776729412375
1046,0.0008082853599141041,0.000761793463025242,0.0008396926930950334,0.0008255045115947722
1047,0.0008560407539415691,0.0006914140074513852,0.0008395158429785322,0.0008411591467447577
1048,0.0008035756898526516,0.0009385839942842722,0.0008413404003872227,0.0008344675989821554
1049,0.0008602230887239178,0.000697836154140532,0.0008388351728622285,0.0008272272141650319
1050,0.0008358658252594372,0.0007641218160279095,0.0008386375651280915,0.0008252965434454382
1051,0.0008270287019614544,0.0010440451395697893,0.0008391036895155495,0.0008044702170416711
1052,0.0008399588242173195,0.0009322685631923378,0.0008355220511503934,0.0007994639014825225
1053,0.0008157586722841693,0.0007149704382754862,0.0008353938397020103,0.0008008386853151023
1054,0.00081710168108758,0.0007696962449699641,0.0008356979892899595,0.0007938470863737165
1055,0.0008192927224768533,0.0007818653737194836,0.000834244055580348,0.00078971892548725
1056,0.0008541799921335445,0.0008359542977996171,0.0008318079998095834,0.0007817439776845276
1057,0.0008189154953126692,0.0006998725398443639,0.000828347696969286,0.0007821817117743195
1058,0.0008015831288260718,0.0008922971319407225,0.0008276029039898683,0.0007849698510020971
1059,0.000874916814888517,0.0010820330656133592,0.0008283671455095628,0.0007842767343856393
1060,0.0008705049134894378,0.0006974225305020809,0.0008266753117295192,0.0007897763546556234
1061,0.0008180587124338167,0.0006899136933498085,0.0008276506482468299,0.0007817323107272386
1062,0.000819060401732309,0.0006869715149514377,0.0008257619649378791,0.0007819701733067631
1063,0.0008413587130295734,0.0006780201871879398,0.0008255344759983324,0.0007858233345672487
1064,0.0007867927373283439,0.0006813784968107938,0.0008250310946048963,0.0007714892338961363
1065,0.0008246327351985706,0.0008218584349378944,0.0008240897284820677,0.0007647464994341135
1066,0.000829664974525157,0.0006899880198761821,0.0008257080780549183,0.0007636918907985091
1067,0.0007722634674670795,0.0007141201919876039,0.0008242632473611997,0.0007628823732025922
1068,0.0008379843205006586,0.0008242545300163329,0.0008239002324640749,0.0007622193672694266
1069,0.0007971432977097316,0.0007281269505620003,0.0008225163693539797,0.0007579275653697552
1070,0.0008598815754521638,0.0008054394950158894,0.0008228874307229286,0.0007573462679050863
1071,0.0008273913979064673,0.0007444655476137996,0.0008241343358324632,0.0007499980580992999
1072,0.0008137449094404777,0.0008289045142009854,0.0008224972976164683,0.0007384898538701236
1073,0.0008279591027854217,0.0007374828960746527,0.0008202046250303585,0.0007436048089526593
1074,0.0008130060060001496,0.0007037827186286449,0.0008205031362931348,0.0007441367533989251
1075,0.0008301786017707653,0.0008604508475400507,0.0008194332737786073,0.0007473378684371711
1076,0.0008144441671255562,0.0006856926227919758,0.0008169615969268809,0.0007510701193474234
1077,0.0008164246711466047,0.0007637002016417682,0.0008170672034637793,0.0007507252361625435
1078,0.0008562174116054342,0.0006886052223853767,0.0008168476747038463,0.0007463542020879686
1079,0.0007809809137446185,0.0007494583050720394,0.0008151067216104517,0.0007519508615136147
1080,0.0008102173500487374,0.0007652902253903449,0.0008170288845224098,0.0007591494197025896
1081,0.000819583414381163,0.0007286592503078282,0.0008144853543645391,0.0007634562267921866
1082,0.0008281920295363913,0.0006853401032276452,0.0008167184559007487,0.0007651397801004352
1083,0.0008327557565644384,0.0007085918867960572,0.0008142233076453623,0.0007606892328709364
1084,0.0008339908594886462,0.0007943279598839581,0.0008139408214121229,0.0007579670612700283
1085,0.0008131880988366902,0.0008252964075654745,0.0008145075508600309,0.0007529328775592149
1086,0.0008255214940032197,0.0007032123045064509,0.0008149673386528677,0.0007528151912614702
1087,0.0007923138388691263,0.0007669993909075856,0.000816326857223693,0.0007518826040439308
1088,0.0007795667917364173,0.0007713264599442482,0.0008154084518241386,0.0007498477431945503
1089,0.0007894329007508026,0.0006727564171887934,0.0008158410014688141,0.0007493051866069435
1090,0.0008191445162002411,0.0007125825830735267,0.0008145295458328392,0.0007494813483208415
1091,0.0007861411471902911,0.0008299045055173337,0.0008123556360498899,0.0007502936512231826
1092,0.0008203175402660337,0.0008940841467119753,0.0008147134281487928,0.0007540811439976095
1093,0.0007743960665538907,0.0009319247072562576,0.0008140044705942273,0.0007509779602289199
1094,0.0008529708361149662,0.0007702157832682133,0.0008143877701730363,0.0007544719237834214
1095,0.0007975028690675066,0.0006941758142784238,0.000813262896069015,0.0007539294480346143
1096,0.000820329242075483,0.0006764112575910985,0.0008120130193057573,0.0007600734257139266
1097,0.0008279131456381745,0.0007030499214306474,0.0008122700908221304,0.0007567362218163908
1098,0.0008394537976063374,0.0007345407386310399,0.000811643394946845,0.0007536681260913611
1099,0.000846993970270786,0.0006804680381901563,0.0008102810984839582,0.0007521039070561529
1100,0.0008072184667819076,0.0008095793263055384,0.0008108801240308417,0.0007485045977868141
1101,0.0008252579082424442,0.000672128708101809,0.0008126297348282403,0.0007535931047983468
1102,0.0007836382802472346,0.0007681042444892227,0.0008120274467911158,0.0007552214960567654
1103,0.0008018696670316987,0.0007089127949438989,0.0008122104739873775,0.0007541891816072167
1104,0.0008399257162171933,0.0008441456244327128,0.0008120020428620694,0.0007541804484091702
1105,0.000792493411184599,0.000687710631173104,0.0008117378575054722,0.0007470928098075094
1106,0.0008291659038513899,0.0008160083391703665,0.000811411728632326,0.0007364549525082113
1107,0.0008000701769358582,0.0006717782095074653,0.0008078348832204938,0.0007331884975545109
1108,0.0008015088374829954,0.000862191328778863,0.0008069304844468005,0.0007356405626051129
1109,0.0008404176473979734,0.000710897862445563,0.0008060808252646691,0.0007393408094532787
1110,0.0007975207019545552,0.0007485940144397318,0.0008047083968193168,0.0007447861366905273
1111,0.0007914640824310482,0.0006641068286262452,0.0008018808341947282,0.0007433067569509148
1112,0.0008072894775412149,0.0006770166591741145,0.0007987597686549029,0.0007488050966523588
1113,0.0008233070616713829,0.0008985391352325678,0.0007992042489142881,0.0007429102065972984
1114,0.0007743756998226874,0.0007134661986492575,0.000799587932192824,0.0007427598927170038
1115,0.0008237201961067815,0.0006867747218348086,0.0007998321283349975,0.0007490323644131422
1116,0.0007809303690575891,0.0008296861755661667,0.0008015291796014127,0.0007522664786316454
1117,0.000813712906351106,0.0007168931816704571,0.0007995919215699864,0.0007550974207930267
1118,0.0007662428447252346,0.0006659782747738064,0.0007994370858133252,0.0007547987749800087
1119,0.0007635497008191629,0.0006885544094257057,0.0007990266972376653,0.0007509315916337072
1120,0.0007748928997251723,0.0007554774405434727,0.0007971867069498531,0.0007508497726172209
1121,0.0007990877625222007,0.0007689174287952483,0.0007957644714404725,0.000745543950330466
1122,0.0007936024345043633,0.0008391831023618579,0.000794062057391016,0.0007439995991997422
1123,0.0007687647319916222,0.0006975562451407313,0.0007943273982033134,0.0007419947064481676
1124,0.0007689673317751536,0.000817926530726254,0.0007962322115535951,0.000741875230241567
1125,0.000818330473266542,0.0006622070749290287,0.0007953733704415047,0.0007421253961510956
1126,0.0008348499902058392,0.000668370861094445,0.0007938643945329307,0.0007374536979943516
1127,0.0007897431838015715,0.0009249160368926823,0.0007939027262437675,0.0007369790396653116
1128,0.0008442959486920801,0.0007897656504064799,0.0007914766873646941,0.0007492042082361877
1129,0.0007914942654315382,0.000914919178467244,0.0007913744632982545,0.0007444216841831803
1130,0.00078862251726807,0.0006802444858476519,0.0007910734295793291,0.0007433024172671138
1131,0.0008189061894598934,0.0007193287555128336,0.0007931043347188581,0.0007500945081934333
1132,0.0007540704197405527,0.0006697327340953052,0.0007939735212828964,0.0007498941056430338
1133,0.000765952949748478,0.0007295457716099918,0.0007958042301910204,0.0007465308743529022
1134,0.0007978572961615606,0.0006722890841774642,0.0007947661477451522,0.0007442931680008769
1135,0.0008041542222619885,0.0006984716956503689,0.0007959072455763815,0.00073929702937603
1136,0.0008390844161880927,0.0006611199234612287,0.0007984121381512117,0.0007446993554010987
1137,0.0007858184497389529,0.0006832708069123328,0.0007997862260426497,0.0007476361306384206
1138,0.0007855826639570296,0.0007817466813139618,0.0007980414854517827,0.000748708459082991
1139,0.0007753339925936113,0.0007015997404232621,0.000797301950616141,0.0007591377629898489
1140,0.0007630692241299483,0.0009924039361067117,0.0007984324170690443,0.0007484322295524181
1141,0.000778374767396599,0.0007101230742409825,0.0007967129903742008,0.0007447057496756317
1142,0.0008061870633779715,0.0006889115087687969,0.0007966031549239738,0.0007372270059771836
1143,0.0008170154732134607,0.0008357805479317904,0.0007966610738904112,0.0007405476822517814
1144,0.0007852793649201178,0.0006835443456657231,0.0007953702644755444,0.0007393439838662743
1145,0.0008206606224282748,0.0006713966582901776,0.0007956943452099545,0.0007467068047262729
1146,0.0007731357013754961,0.0007129747699946165,0.000797596268138538,0.0007546820976771414
1147,0.0008221298802850975,0.0007142796367406845,0.000797195301210094,0.0007558935553766787
1148,0.0008313870463623769,0.0008326143957674504,0.0007960086268683276,0.0007582884793169796
1149,0.0008033195290611023,0.0008913459116593003,0.0007928884376202607,0.0007601662858389317
1150,0.0007747119584948653,0.0006890152860432863,0.0007926994082155742,0.0007608566224575045
1151,0.0008163616193147997,0.0009291034587658942,0.0007924860324658869,0.0007576589082367718
1152,0.000818004845124152,0.0006572777009569108,0.000792720914611386,0.0007599915584549309
1153,0.0008013102813209924,0.0006966036534868181,0.0007924775688908995,0.0007469317475333811
1154,0.0007887483791758616,0.0007279505860060453,0.0007919144686518444,0.0007482805978506805
1155,0.0007900704914290044,0.0007632613927125931,0.0007904157500041441,0.0007547576364129783
1156,0.000786635954088221,0.0006892362958751619,0.0007906863924374597,0.0007515605320222677
1157,0.0007621724381008082,0.0008538032555952668,0.0007901912917900415,0.0007615090879611672
1158,0.0008135010229630603,0.000928928095381707,0.0007878000663438192,0.0007625006792135538
1159,0.0007878331229504612,0.0007025755266658962,0.0007886016776992216,0.0007696844138205053
1160,0.0007744873637178292,0.0007583447941578924,0.0007882068389095366,0.0007673197116702796
1161,0.0007610796849864224,0.0007080650865100324,0.0007855733756596843,0.0007822512813843788
1162,0.0007810927146217889,0.0007005292223766446,0.0007840505793535462,0.0007790404237806798
1163,0.0007802482702148457,0.0007018038257956505,0.0007831046734160433,0.0007793288316577673
1164,0.000781206046231091,0.0007599159958772361,0.0007805270008277148,0.0007707384198904038
1165,0.0007569855811177857,0.0006659086630679667,0.0007790257773620801,0.0007749491265043616
1166,0.0007642972614202234,0.0007438443321734667,0.0007772063589189201,0.0007737066294066608
1167,0.000768719097185466,0.0008508374728262425,0.0007761700200279138,0.000772785312961787
1168,0.0008237815340463486,0.0007558529381640255,0.0007748395128589535,0.0007729872399009764
1169,0.000772901848734667,0.000932258244138211,0.0007738089809452907,0.0007784478848800063
1170,0.0007608799862727109,0.0006961864395998419,0.0007735386458225548,0.0007699850889854134
1171,0.0007931759852605561,0.0008925681351684034,0.0007720501632533139,0.0007665769561193885
1172,0.0008122589105429748,0.0006551620829850436,0.0007707056153099984,0.0007648169170133771
1173,0.0007655504651160704,0.0012059036386199296,0.0007702223093248903,0.0007606417516246439
1174,0.0007652496214076462,0.0008110744715668261,0.0007718786979301109,0.0007634015805087985
1175,0.0007510643100572957,0.0006962254829704762,0.0007711076846967141,0.0007610150530934335
1176,0.0007519198046065867,0.0007143431645818054,0.0007693998499204302,0.0007591196375899018
1177,0.000780474258483284,0.0007625453663058579,0.0007683371645605399,0.0007570081452839078
1178,0.0007558248202419943,0.0006655412260442972,0.0007689350965432823,0.00075594976330176
1179,0.0007628399069007072,0.0007049176748842001,0.0007685775856849634,0.0007550631664693355
1180,0.0007568078122049984,0.0007683095661923289,0.0007694489203445198,0.0007502794060856104
1181,0.0007608726562466472,0.0008257524203509093,0.0007673064631202981,0.0007507078154943886
1182,0.0007554140600324091,0.0006422333582304418,0.0007669013439005033,0.0007439319278113544
1183,0.0007762889587320387,0.0008437247737310827,0.000766069886388464,0.0007434666773304344
1184,0.0007542194243675719,0.0006585745490156114,0.000765121767240473,0.0007343602850101889
1185,0.0007624047140901288,0.0006539656594395638,0.0007625561129974409,0.000736957691423595
1186,0.0008024894001169337,0.0007770608086138963,0.0007631631626695809,0.0007154006910510361
1187,0.0007618173837868704,0.0006408660369925201,0.0007638341210420347,0.0007091610211879015
1188,0.0007375524008077466,0.0006544184382073581,0.0007644591693093793,0.0007128285482525824
1189,0.0007546389122338344,0.0007071286882273852,0.0007649027404737556,0.0007146526996977627
1190,0.000771933880686346,0.0006394491135142743,0.0007657860947255462,0.0007102850193157792
1191,0.0007553594899622517,0.0007216794113628567,0.0007669081673646967,0.0007108983980491757
1192,0.0007905024636743797,0.0007312434632331132,0.0007669774398311146,0.000708250368013978
1193,0.0007702201034408062,0.0007665631733834743,0.0007668774918911772,0.0007046430218964815
1194,0.0007627738682397952,0.0007628610520623624,0.0007687275530615201,0.0006973082723096012
1195,0.0007400935484717289,0.0006845551775768399,0.000769358491162873,0.0006971445728093385
1196,0.0007694730065607776,0.0006649083271622658,0.0007689227369510465,0.0006886570327915251
1197,0.0007481175544671715,0.0007200972433201968,0.0007687940473875239,0.0006968122830614447
1198,0.0007807267069195708,0.0006669786293059587,0.0007683123346004221,0.0006992708744481205
1199,0.0007820235807189925,0.0006550827249884605,0.0007669476794906788,0.0006992337651550769
1200,0.0007666905167409116,0.0007879136595875025,0.0007676847759168594,0.0006991145346313714
1201,0.0007630090837159919,0.0007599469507113099,0.0007668368567583255,0.0007011015529744327
1202,0.0008025581147780435,0.0006533533567562699,0.0007667093394453535,0.0006999894785694777
1203,0.0007838766362207631,0.0006808756943792104,0.0007655264134544673,0.0007025350013747812
1204,0.0007645717185611527,0.0006387169240042567,0.0007656360422649112,0.000701011486724019
1205,0.0007543091137065655,0.0006781259132549167,0.0007633091809538504,0.000697321891784668
1206,0.0008071241855052197,0.000642383680678904,0.0007622345044536311,0.0006921435402706265
1207,0.000771187512566232,0.0006381408707238734,0.0007627923575850825,0.0006873788116499781
1208,0.0007653951034363773,0.0006315362732857466,0.0007619060239340698,0.0006898624225519597
1209,0.0007510021852795035,0.0008624558057636023,0.0007607373003899639,0.0006898966332897544
1210,0.0007503618944125871,0.0007154304441064596,0.0007594165220028825,0.0006873139681294561
1211,0.0007683730223733518,0.0007761330762878061,0.0007585392993150487,0.0006898354015313088
1212,0.0007802447944413871,0.0006378852738998831,0.0007559030167344546,0.0006900185392238199
1213,0.0007163544218443955,0.0007040938967838883,0.0007536494698271983,0.0006844757322221995
1214,0.0007514509794095324,0.0006793268281035125,0.0007541350549242149,0.0006792207083664834
1215,0.0007423607309141921,0.0007030871836468577,0.0007509756055557066,0.0006870772894471884
1216,0.0007581002102233469,0.0006835915450938046,0.0007514042400289328,0.0006855049434117972
1217,0.0007323309308978626,0.0006390035897493362,0.000751398245462527,0.0006873998435214161
1218,0.0007433531909353203,0.0006371043855324388,0.0007513469200374352,0.0006863155558705329
1219,0.0007767201965260837,0.0006437428365461529,0.0007484535491870097,0.0006934896923601627
1220,0.0007179352071964079,0.0007466454501263797,0.0007469954041298479,0.0006946070319972931
1221,0.0007402549179581305,0.0006657635956071317,0.0007460611306441328,0.0006976139316335319
1222,0.0007150980947901391,0.0006555306143127381,0.0007458016458433122,0.000689169977325946
1223,0.0007587961397237248,0.0007300144643522799,0.0007453259353163757,0.000685908371116966
1224,0.000716116516204137,0.0006596611673012376,0.000743095234496933,0.0006805685942992568
1225,0.0007103518440595103,0.0006493434845469892,0.0007409540265177687,0.0006818274761550127
1226,0.0007751487111414059,0.0006285713543184102,0.0007404975566159314,0.0006784968360792846
1227,0.0007235718805653354,0.0008497678837738931,0.0007394925051860305,0.0006760565045755356
1228,0.0007945924980514165,0.0006415670434944332,0.0007404811651109614,0.0006729406101163477
1229,0.0007644218544010073,0.0006860894267447293,0.0007410008614132594,0.0006782815827522427
1230,0.0007530259780792727,0.0006510187219828367,0.0007410527582435558,0.0006805874673184007
1231,0.0007347899142445789,0.0008217370929196477,0.0007407657300587743,0.000683434246154502
1232,0.0007347338861371908,0.0006660743616521359,0.0007389981290118563,0.0006847524880897254
1233,0.0007420382662934975,0.0007067087641917169,0.0007394692218138112,0.000682939683413133
1234,0.0007445150652589897,0.0006513569480739534,0.0007383775294034018,0.0006821914310101419
1235,0.0007384691312391725,0.0006338902888819575,0.0007396394248275707,0.0006849329617340117
1236,0.000712605501887285,0.0006426386558450758,0.0007398281565608664,0.0006866064483765511
1237,0.0007267145949622823,0.0006693573202937841,0.000741149247235929,0.0007011707460973411
1238,0.0007049426742984602,0.0006208278948906809,0.0007422644585526238,0.0007004030958283694
1239,0.000726324693662011,0.0006183185405097902,0.0007394194902438257,0.0007038728824350982
1240,0.000767077229037467,0.0006251898221671581,0.000741897730788009,0.0007014806185383349
1241,0.000771092617780798,0.0008171158609911799,0.0007401570030436333,0.0007070111620705574
1242,0.0007336283516552714,0.0006966507039032877,0.0007399824063034935,0.0007043129495345056
1243,0.0007361774863157835,0.000708273856434971,0.0007376493813521746,0.0007049575719982386
1244,0.0007325301703531295,0.0006766988849267364,0.0007366175687250991,0.0006971916518174111
1245,0.0007297125272452831,0.000701325333211571,0.0007350318293190665,0.0006952139426022768
1246,0.0007129626076978942,0.0006470572855323553,0.0007349707636464801,0.0006932233217172325
1247,0.0007466454803943634,0.0007240688824094832,0.0007349661860356314,0.0006935814021155239
1248,0.0007635144330561161,0.0007718516304157674,0.0007346270129084588,0.0006963643597438932
1249,0.000749143783080702,0.0010237686103209854,0.0007372169383801521,0.0007031656008213759
1250,0.0007382321269768807,0.0006301522278226912,0.0007365012059557356,0.000702571533806622
1251,0.0007040245034214523,0.000715316019486636,0.0007375795154004462,0.0007067683223169297
1252,0.00078552789416992,0.00078996128635481,0.0007372802719784279,0.0007076114301104099
1253,0.0007510743044420249,0.0007798306317999959,0.0007349715860870978,0.0007077430152799934
1254,0.0007600569358975109,0.0006186341133434326,0.0007319215193183885,0.0007023093131836504
1255,0.0006947003542963001,0.0006671342835761607,0.0007308657675205418,0.0007031808738131076
1256,0.0007089945985676928,0.0006275890883989632,0.000730119662799148,0.000706081271218136
1257,0.0006950904009863734,0.0006166316312737763,0.0007296108120638462,0.0007032818607054652
1258,0.0007405116244788386,0.0006569432420656086,0.0007302531290488937,0.0006994832233060152
1259,0.0007444006249877728,0.0006603089580312371,0.0007294823305733086,0.000698154260031879
1260,0.0007299898030598544,0.0007034642295911908,0.0007287364936278511,0.0007091027216054501
1261,0.000777353638679617,0.0008126696827821433,0.0007273154602593016,0.0007050570118241014
1262,0.0007088212843518704,0.0006545056449249386,0.0007261119979071533,0.0006989659790880979
1263,0.0007319004104162256,0.0007257476076483727,0.0007258431071674242,0.0007010967457666993
1264,0.000718843608111557,0.0006393962353467941,0.0007247476857207301,0.0007000383480452002
1265,0.000709360081754211,0.0006284794514067471,0.0007233764155198716,0.0006930236602202058
1266,0.0006948409485630691,0.000681273308582604,0.0007218441152065579,0.0006862086654640735
1267,0.0007072345567091057,0.0007184397196397186,0.0007185558509702484,0.0006867579247336836
1268,0.0007175248682809373,0.0007807837915606797,0.0007184621912841169,0.000689035355905071
1269,0.0007198089019705852,0.0006067136221099645,0.0007184903464900952,0.0006882658040151
1270,0.0007457704518714713,0.0006063593982253224,0.0007185191180143092,0.0006898662781342864
1271,0.000693692645808268,0.0006138332036789507,0.0007178167821787712,0.0006884626779239627
1272,0.0007279995567579236,0.0009977804217487574,0.0007152597865840006,0.0006861369306687266
1273,0.0007279885988423808,0.0006707088858820498,0.0007145363112471791,0.0006862561868038028
1274,0.000719057224276993,0.0008714927919209004,0.0007121532120871254,0.0006781508557964116
1275,0.0007315098584836556,0.0006834213947877288,0.0007123298857283468,0.0006758504750672726
1276,0.0006766389672540956,0.0006888560764491558,0.0007117887739583643,0.0006718200045172123
1277,0.0007512461391484572,0.0006145940907299519,0.0007110807399032639,0.0006778166909236459
1278,0.0007127667966091799,0.0006094557628966868,0.000710657856020973,0.0006807520472910253
1279,0.0006778503299897744,0.0006323655950836837,0.0007111701700189669,0.0006804751459974795
1280,0.0006923588621430099,0.0007240700628608466,0.0007109389594523237,0.0006831583633553236
1281,0.0007096984787171499,0.0006083502911496907,0.0007110223395310135,0.0006778908751439302
1282,0.0006958096890917254,0.0006566434842534363,0.0007105913626107696,0.0006830799395218491
1283,0.000722953228590389,0.0006218532368075102,0.0007082977482764464,0.000683030328899622
1284,0.0006804757351185092,0.0006021652766503393,0.0007086311707661176,0.0006844555208925158
1285,0.0007119029196393159,0.000706445632968098,0.0007080352037291353,0.0006730323958676308
1286,0.0007177761596782754,0.000610036407597363,0.0007071045640105796,0.0006760643150191753
1287,0.0007132381253824052,0.0005969961266964674,0.00070596658708269,0.0006653169766999782
1288,0.0007183726161666628,0.0006249858438968658,0.0007040463705314324,0.0006636549521237611
1289,0.0007011427567340434,0.0007893133955076337,0.0007051088307751344,0.0006596071739215402
1290,0.0006987879846969413,0.0007018633605912328,0.0007024786467017193,0.0006625652511138468
1291,0.0007076487985129158,0.0006743507762439548,0.0007016815341672757,0.0006629347200505435
1292,0.0007014542925430255,0.0007855201535858214,0.0007012195735419584,0.0006614248291123659
1293,0.0007196093702481853,0.0006490965862758457,0.0007006667360741026,0.0006612692610826344
1294,0.000709034478964491,0.0007364402315579355,0.0007002220294981576,0.000661860913503915
1295,0.0006884300935133878,0.0006051191326696425,0.0007013002100167798,0.0006645746742375196
1296,0.000702028208050049,0.000649463003501296,0.0007008914800852332,0.0006632832586765288
1297,0.0007131003808333642,0.0007122022961266338,0.0007005085149831658,0.000664449921902269
1298,0.0007047226058784872,0.000746506864670664,0.0006984534762023639,0.0006597419932018965
1299,0.00069060780107975,0.0006028093339409679,0.0006965262513504261,0.0006666890002321452
1300,0.000683504444702218,0.0006418707803823053,0.000696026981751331,0.0006722934330347926
1301,0.000703200473346644,0.0005876616213936358,0.0006934482783286109,0.000679753073817119
1302,0.0006854915373130805,0.0006885460205376149,0.0006922433660003461,0.0006756808194797486
1303,0.0006928389832480914,0.000618692486314103,0.0006909487340288859,0.0006729764880146832
1304,0.0006663013143568404,0.0005946183216292411,0.0006906191463426996,0.0006706600441131742
1305,0.000678537925446613,0.0007201808621175587,0.0006891728174200075,0.0006654007751028986
1306,0.0006985808143185245,0.0006231416016817092,0.0006871552647505369,0.0006629956169053912
1307,0.0007227642020572805,0.0007244875025935471,0.0006848174574784933,0.0006577993439044802
1308,0.0007127349803017246,0.000589567847782746,0.0006851827489212154,0.000673514413740486
1309,0.0006709016075668236,0.0006313318572938443,0.0006852064524001132,0.0006754009740427138
1310,0.0006605269501192702,0.0005887474154587835,0.0006846063235308975,0.000669998625293374
1311,0.0006695955383798314,0.0007837115833535791,0.0006844142227744062,0.0006636846687179059
1312,0.0007007563854050306,0.0007371069467626512,0.000683817738103163,0.0006648407027125359
1313,0.000653905030598657,0.0008114768634550273,0.0006828781991834857,0.0006631040912587195
1314,0.0006710199485274238,0.0006875070370733738,0.0006803844804306413,0.0006638166535180061
1315,0.000666422185410435,0.0006342550739645958,0.0006793944775023395,0.000669019893510267
1316,0.0006994091063582649,0.0006164396787062287,0.0006789414689203517,0.0006719679101370275
1317,0.0006652960694757187,0.0006540384283289314,0.0006806171509592484,0.0006775308966170997
1318,0.0006691705535114225,0.0005889676313381642,0.0006791582770904319,0.0006770801587495953
1319,0.0006505892971634037,0.0006065334065351635,0.0006778443257660708,0.0006762696955818683
1320,0.0006975623795814398,0.0009979958785697818,0.0006766776868685458,0.0006702745790127666
1321,0.0007026207950224893,0.0006966270110569894,0.000675848640824875,0.0006760648765601219
1322,0.000698097159102973,0.0005771435773931444,0.0006764993673423305,0.0006765162331052125
1323,0.0006999200869662066,0.0005886579502839595,0.0006766709994447107,0.0006763810007367284
1324,0.0006756956842986659,0.0006317101838067174,0.0006773937415823134,0.0006713784601073712
1325,0.0006600159717102845,0.000598455494036898,0.0006792327665697991,0.0006830417057964952
1326,0.0006408575045255323,0.0006054756778758019,0.0006808053281856701,0.0006756768216844648
1327,0.0006607414641055382,0.0008186270203441381,0.0006803455509271266,0.0006764576407615095
1328,0.0006815137686983992,0.0006923929019831121,0.0006800333050364215,0.0006786551947239786
1329,0.0007081933653292556,0.0007336929836310447,0.0006775594069182665,0.0006778027763590217
1330,0.0006420660787262023,0.0007089124154299498,0.000676444096576112,0.0006751610343810172
1331,0.0006657320312094978,0.0006028800224885344,0.0006752599520065512,0.0006748184072319418
1332,0.0006935982296191569,0.0005746095883660019,0.000675814885333077,0.0006764765208587051
1333,0.0006920088292099536,0.0007343252864666283,0.0006737286565954694,0.0006635664208792151
1334,0.0006871697705032097,0.0006426157709211112,0.0006720821084325305,0.0006603554127737882
1335,0.0006648177526787752,0.0005853666062466801,0.0006706058985993473,0.0006598409668076785
1336,0.0006876640918198973,0.0006586480676196516,0.0006695443075693523,0.0006616380167193713
1337,0.0007467320100921724,0.001028688088990748,0.0006685066531386433,0.000660652969311923
1338,0.0006932190709954335,0.0006273547606542707,0.000668658975462636,0.0006660911390092225
1339,0.0006595255170638363,0.0007070275139994919,0.0006678804658534418,0.0006654225900303574
1340,0.0006586160381428069,0.0006891939230263233,0.0006675264691442457,0.0006620614055078478
1341,0.0006375616534043931,0.0005951292195823044,0.0006676544102659036,0.0006622340525966138
1342,0.0006374133109218544,0.0005879948788788169,0.0006666102942208655,0.0006567290414590389
1343,0.0006395669392724004,0.0005804019526112824,0.0006668552350071776,0.0006510096643585713
1344,0.0006644626303265492,0.0006479862472042442,0.0006647830944404834,0.0006497509201522918
1345,0.0006454066611412499,0.0006752433790825307,0.0006640883121691231,0.0006495257800910621
1346,0.0006614570909490188,0.0006163518084213137,0.0006617614618088637,0.0006433513604104519
1347,0.0006611919132733925,0.0005642824282404036,0.0006594611095005855,0.0006400800885166973
1348,0.0006733803112163311,0.000633584198076278,0.0006594379241630023,0.0006476017163600774
1349,0.0006497543235309422,0.0006070839986205101,0.0006563533339390739,0.0006449277225881816
1350,0.0006638240298101058,0.000734409736469388,0.0006519128104257916,0.0006277324276510627
1351,0.0006213947642956757,0.0005887619534041732,0.0006510087897690634,0.0006258947041817011
1352,0.0006518915463756356,0.0007345974072813987,0.0006491239250430631,0.0006245851023122668
1353,0.0006847122967398415,0.0006967090792022645,0.0006481420481111855,0.0006256418731994929
1354,0.0006820904642033081,0.0005960677051916718,0.0006477907495780123,0.0006245982420630754
1355,0.0006481895983840028,0.0005659279879182578,0.0006471262274620434,0.0006353810990694911
1356,0.0006139285170421419,0.0005714114173315466,0.0006489233163288898,0.0006350582957733423
1357,0.000676228672835148,0.0005689810868352652,0.0006487315858610802,0.0006339841621927917
1358,0.0006338375702034682,0.0005799647944513709,0.0006474362008946224,0.000638431014958769
1359,0.0006296609627962526,0.0005608339735772461,0.0006483422718166064,0.0006359751322306692
1360,0.0006642381192391945,0.0007734073023311793,0.0006467934812056938,0.0006349728979635984
1361,0.00061054933622169,0.0005917982233222574,0.0006451837789112083,0.0006324986521620303
1362,0.0006357189222601139,0.0005988057155627757,0.0006442010045155057,0.0006458190428558737
1363,0.0006706185545772314,0.0005814116739202291,0.0006441761042301855,0.0006414323010016233
1364,0.0006124038989138272,0.000674287467263639,0.00064394920396929,0.0006409550205804408
1365,0.000634069114845867,0.00071561319520697,0.000642518605540196,0.0006341533405240625
1366,0.0006287791900750664,0.0005690384411718697,0.0006406197791246491,0.0006326872342731804
1367,0.0006208002580226295,0.0008575663040392101,0.0006387425193356143,0.0006326523498166352
1368,0.0006844941609435611,0.000572331870207563,0.0006372620252374973,0.0006339967841748149
1369,0.0006596693686313099,0.0006211329076904803,0.000637112291653951,0.0006330932076554746
1370,0.0006130220369798028,0.0007864146982319653,0.0006347072732324402,0.0006336213158909231
1371,0.0006841088639986184,0.0005549547402188182,0.0006341409612369413,0.0006327191880904137
1372,0.0006224721480005732,0.0005392265715636313,0.0006331025667669666,0.0006372209411580115
1373,0.0006331377538541953,0.0005717280530370772,0.000632156583157161,0.0006283642089460046
1374,0.0006251849636383769,0.0009400937659665942,0.0006316846595740774,0.000632507171202451
1375,0.000663201522677102,0.0006247411901131272,0.0006325305845976497,0.0006322613033466041
1376,0.0006157222577732885,0.0005768299428746105,0.0006309311036123997,0.0006313741927500814
1377,0.0006161265856482916,0.0005645554058719426,0.0006304928948792319,0.0006262423770967872
1378,0.0006372416363511649,0.0006600564229302108,0.0006292001759478202,0.0006210432713385671
1379,0.0006351589694774399,0.000595195593778044,0.0006277275528707025,0.0006199331272393465
1380,0.000611177245931079,0.000599538846872747,0.0006267640391623395,0.0006065765356644988
1381,0.0006101851774534832,0.0005488220043480396,0.0006246696605502319,0.0006081011771690101
1382,0.0006161032122973766,0.0005821837927214802,0.0006219903049266175,0.0006041263254825026
1383,0.0006196797703159973,0.0005574115994386375,0.0006206812313033477,0.0005942064978647977
1384,0.0006037011010468834,0.0006733778002671897,0.0006163799960528397,0.0005977901169564575
1385,0.0006405885289940569,0.0005519889970310032,0.0006152055221351071,0.0005978412228636443
1386,0.0005987512466445979,0.0006953722797334195,0.0006136973016843614,0.0005960088702384383
1387,0.0006568670478494217,0.0005926590191666037,0.0006133027194999158,0.000581308295344934
1388,0.0006306315299459837,0.0005592339090071619,0.0006105246141863365,0.0005795158719178289
1389,0.0006014486805846294,0.0005459920759312808,0.000611293452196858,0.0005803166420664639
1390,0.0006017511415605743,0.000585635551251471,0.0006094528411670279,0.0005836336112581193
1391,0.000591963613147123,0.0005412848386913538,0.0006077167284467982,0.000583848919905722
1392,0.0005967124153135551,0.0005236515146680176,0.000606076849417554,0.0005807593704201281
1393,0.0006321346956408686,0.0006104479078203439,0.0006078267886613806,0.0005879850282333791
1394,0.0005926854780409485,0.0005217616155277938,0.000607858506975592,0.0005869799804408103
1395,0.0005802951963980579,0.0005384190077893435,0.0006065054537702558,0.0005908402608241886
1396,0.0005765779827359236,0.0006445452175103128,0.0006054674656544295,0.0005888961332850158
1397,0.0005931103000572572,0.0005405042192433029,0.0006044861342499239,0.0005824585050810128
1398,0.0005954322425855531,0.0005259192374069243,0.0006024999728685038,0.0005816624890081584
1399,0.0006153204090272387,0.0005725793936289847,0.0006016132499712208,0.0005768974736332893
1400,0.000593748889837621,0.0005799306044355035,0.0005987597743877106,0.0005764794989023356
1401,0.0006349432080363234,0.0005968491965904831,0.0005986375076566926,0.0005840896143112332
1402,0.0005701113099025356,0.0006474796356633305,0.0005973577163803081,0.000582875454146415
1403,0.0005938388183454259,0.0006654391391202807,0.0005963221177613983,0.0005801186484750362
1404,0.0005941619937463353,0.0005179568566381931,0.0005956986444898777,0.0005785946067422629
1405,0.000654925727026744,0.0007801802922040224,0.0005948359556444404,0.0005803677462041379
1406,0.0006109781353087682,0.0005236958095338196,0.0005940267818979919,0.0005762569051235915
1407,0.0005822768821639733,0.0006786908023059368,0.0005930501502472908,0.0005773130733985454
1408,0.0005937300674203369,0.0005088084109593182,0.0005917590884388322,0.0005766127485781908
1409,0.0005791678159342457,0.0005124370951671153,0.0005917794112219577,0.0005723321164958178
1410,0.0005909344944585529,0.0005320885952096433,0.0005907130224992417,0.0005724292610306292
1411,0.0005765831742125252,0.0005762468953616917,0.0005895927446842607,0.0005715192321222276
1412,0.0005855301582616651,0.0005822096508927644,0.0005879304420099489,0.0005750226665753871
1413,0.0006275748616705339,0.0007494867942295969,0.0005873058376833797,0.0005743934472091496
1414,0.0005694538986750154,0.0005156380718108266,0.0005850010034472992,0.0005715851754415779
1415,0.0005758611760878315,0.0005167154094669968,0.0005856908551417292,0.0005679464926477521
1416,0.0005763767813591079,0.0005031837953720241,0.0005842374319210648,0.0005657980920281261
1417,0.0005751451941776193,0.0005679800012148916,0.0005820650912200412,0.0005648832216393203
1418,0.000611905351979658,0.0005076768808066845,0.000578591648587543,0.0005643232801463455
1419,0.0005682696867734194,0.0005481658224016428,0.0005780269029679604,0.0005639523608610035
1420,0.000548018651186592,0.0005209108872804791,0.0005772668491712667,0.0005608345567714423
1421,0.0005770860523140679,0.0005375294154509901,0.0005758015951167585,0.0005684877436608076
1422,0.0005664505819893545,0.0005429328326135873,0.0005740988983384644,0.0005681613624095916
1423,0.0005674252972110278,0.0005031685146968812,0.0005729630205857877,0.000567927256738767
1424,0.0005737628421694454,0.000660165254957974,0.0005715190885252215,0.0005649362984113396
1425,0.0005781337816733867,0.0005642001202795654,0.0005696647797271401,0.0005694537344388664
1426,0.0005773223521343122,0.000526642402401194,0.0005668545645713392,0.000560379612725228
1427,0.0005873576022632833,0.0005565125658176839,0.0005650550270375485,0.0005591552970930934
1428,0.0005575032378288192,0.0006117291236296296,0.000564422834558516,0.0005579427752643823
1429,0.0005398534762207418,0.0004950850969180464,0.0005634126805752103,0.0005592825658153742
1430,0.0005680896612142937,0.0007661817548796535,0.0005621091013101655,0.0005590552779380231
1431,0.0005968594948192024,0.0005144228274002672,0.0005589042552488132,0.0005588881967123597
1432,0.0005632755372466312,0.0006007457000669091,0.0005583099503742738,0.000559296226548031
1433,0.0005570987160576301,0.0007001380831934511,0.0005594840192080786,0.0005584141448140144
1434,0.0005366003964768929,0.000504277563886717,0.0005575196069613511,0.0005592128686606884
1435,0.0005625375506416378,0.0005262359534390271,0.0005590641849803635,0.0005687003321945667
1436,0.00054048487269837,0.0005014729371760041,0.0005594752116879035,0.0005697095904964953
1437,0.0005391724383096314,0.0006951455515809358,0.0005575345852231193,0.0005647382783237843
1438,0.0005573194827755085,0.0005226337513886392,0.0005549227953345204,0.0005610491587780417
1439,0.0005244654603302479,0.00048503018100745974,0.0005549870166487783,0.0005598849994130433
1440,0.0005600563641120162,0.000486402363749221,0.0005522537604517613,0.0005569554563146085
1441,0.0005511229317764648,0.0005366785591468215,0.0005509827833131162,0.0005523217542562635
1442,0.0005425557125514994,0.0005622978042811156,0.000550053113587718,0.0005535238564480097
1443,0.0005317842004458524,0.0005034998501650989,0.0005484646615132483,0.0005424723426811397
1444,0.000553412064909935,0.0005583665682934224,0.0005459918862829606,0.0005460823213681579
1445,0.0005773703720317119,0.0004988588439300656,0.0005443729585709258,0.0005414336849469692
1446,0.0005279757461458858,0.0005574975116178394,0.0005434191593227701,0.0005336216440889984
1447,0.000605065032464659,0.0007801194209605455,0.0005450825061338643,0.0005343417160212992
1448,0.0005777009648995267,0.0005283999722450972,0.0005438343451306637,0.000532743782363832
1449,0.0005252471805498417,0.0005358824506402016,0.0005444216131284419,0.000531089409859851
1450,0.0005128390344584154,0.00047197213163599375,0.0005437235100970914,0.0005261044431012124
1451,0.0005789278849907633,0.0004975384182762354,0.00054216648439825,0.0005301426054444163
1452,0.0005190261973378559,0.0004832739883568138,0.0005418030227146422,0.0005297941917087883
1453,0.0005257288093626913,0.0004958865721710026,0.0005397305057565165,0.0005346325682010502
1454,0.0005166117330857863,0.0005251376517117024,0.0005384135039574984,0.0005310549762565643
1455,0.0005283783593525489,0.0004898939107079059,0.0005370073361270544,0.0005282617044635118
1456,0.0005350401140620105,0.000604672294575721,0.0005359985008421872,0.0005272651404608042
1457,0.0005228023444457601,0.0004845297895371914,0.0005344840188148534,0.0005233798462431879
1458,0.0005332537348537395,0.0005048370617441833,0.000531103486303861,0.0005226900348905473
1459,0.0005781840667542484,0.00052227936219424,0.0005302648877207604,0.0005255671388935298
1460,0.0005313335255616241,0.0004862876120023429,0.0005270050780666578,0.0005143746341113001
1461,0.0005551665726428231,0.0004601136245764792,0.0005244193443123045,0.0005134780328255147
1462,0.0005217198625258688,0.0005705213826149702,0.0005227296995438843,0.0005102660089265556
1463,0.0005183938403044724,0.0006235878099687397,0.0005219361589264332,0.000513705173926428
1464,0.0005153789182400538,0.00047631983761675656,0.0005189115197578859,0.0005117834331933409
1465,0.0005082434401588722,0.0006073617760557681,0.0005181868514382384,0.00051345320106484
1466,0.0005181978868010143,0.00044723876053467395,0.0005166187489638105,0.0005123011615127325
1467,0.0005074015167903983,0.0004924660094548016,0.0005156914639002126,0.0005124144502915443
1468,0.0005065633183241718,0.0004785857500974089,0.0005144959249145662,0.0005153402236290276
1469,0.0005155500142265939,0.0004612342128530145,0.0005140026948725183,0.0005091503469273448
1470,0.0004928570592568981,0.00048161356011405587,0.0005120447336644348,0.0005119340327568351
1471,0.0005070107815683716,0.0006294251116923988,0.0005109468684686969,0.0005105762014631182
1472,0.0005235697911120951,0.000500306801404804,0.0005079490319773968,0.0005078367666341365
1473,0.0005130576210406919,0.0005059849401004612,0.0005062847513912452,0.0005064937157556414
1474,0.00048300606133933695,0.00045558185316622255,0.0005042263891340958,0.0005077712730504572
1475,0.0004930005190221386,0.0005579512566328048,0.0005022786911292415,0.0005031587311066687
1476,0.0005033119057770818,0.0004494948999490589,0.0005005631222312028,0.0004956576357595622
1477,0.0005009094893466681,0.0005250181851442903,0.0004997204280277301,0.0004986871147993952
1478,0.0004865262475019942,0.0004670855833683163,0.0004978955480709878,0.0004925321054644882
1479,0.000493429606495839,0.0005279698711819947,0.0004971610185146952,0.0004974850940518081
1480,0.0004984898847113881,0.0005630382441449911,0.0004958088144841086,0.0004949568000156432
1481,0.0005227093630108154,0.0004499253770336509,0.0004952647410410766,0.000494175315182656
1482,0.00047385331424367095,0.0005541219352744519,0.0004933399028325868,0.0004951779362745583
1483,0.0005058071049602909,0.00047089127940125764,0.0004926695968257263,0.0004930516013875604
1484,0.0005032381544717484,0.0004537934914696962,0.0004914992595117332,0.00048485566661693154
1485,0.0004897265109078337,0.00045271134003996847,0.0004880313090773093,0.00048161580604501076
1486,0.000503707516214086,0.0004920525569468737,0.0004858665915050854,0.0004786366074811667
1487,0.0004730274124045132,0.000455207834020257,0.0004847142977226112,0.00047816013386473065
1488,0.0004755046178535041,0.00043606042629107833,0.00048337109036640166,0.0004727060244884342
1489,0.0004943115631532338,0.0005520568136125803,0.00048135758645108184,0.0004754215091932565
1490,0.00046262144124031894,0.00045348654268309477,0.0004812982127380868,0.0004742883791215718
1491,0.0004998346478936987,0.0005710634752176702,0.0004822451362903748,0.0004717725470662117
1492,0.00047359641602573297,0.00042925865855067966,0.0004803255790275419,0.0004694027062505484
1493,0.0004929614822483725,0.0004590486292727292,0.0004784956795654985,0.0004672142581082881
1494,0.0004674290590143452,0.00048629974015057087,0.000476839129241287,0.000466877881065011
1495,0.00047609940908538797,0.0004284551879391074,0.00047630468245802665,0.00046343759796582164
1496,0.00047775234871854386,0.00042452674242667856,0.0004745731492268129,0.00046174167473800483
1497,0.00043687103025149556,0.0004193102871067822,0.0004736582235898824,0.0004629226905293763
1498,0.0004589396817350967,0.0004315049760043621,0.0004719587701321063,0.0004646032671909779
1499,0.0004541987167774803,0.0004436700127553195,0.00046948733615895943,0.00046372475195676085
1500,0.00045942033511689966,0.00042159852222539484,0.00046863191118722583,0.00046192074692808096
1501,0.00045297430789408585,0.0005173820175696165,0.0004667851953896592,0.00047243953631259504
1502,0.0004994251465217935,0.0004966899333521724,0.0004646554609398462,0.00046754577583633364
1503,0.0005101993363091929,0.0004041897819843143,0.0004641862809606311,0.00046928113745525475
1504,0.000445440674925016,0.00046872385079041126,0.00046175844017933644,0.000469538790313527
1505,0.0004527423981603028,0.0005083270405884832,0.00046077940997719355,0.0004709170718211681
1506,0.0004812956049055275,0.00044151595095172526,0.000458489157525926,0.00046884292480535813
1507,0.0004604921446621625,0.00046811485779471693,0.00045792717419616466,0.0004716322475578636
1508,0.0004625187741799487,0.0004284931987058371,0.0004568478134279657,0.000472428219486028
1509,0.0004803650135484835,0.0004833188862539828,0.00045582796136020787,0.0004714263526257128
1510,0.0004472401744634327,0.00049472575658001,0.00045527944135634844,0.00047032742318697275
1511,0.0004419216668854157,0.00047008967609144745,0.00045450303500466457,0.0004693424747791141
1512,0.0004516417881111718,0.00041010770830325784,0.0004549049102416676,0.00046955270371399813
1513,0.00042933672291433646,0.0006990301609039307,0.0004531354724610639,0.000467959182150662
1514,0.0004410682019079104,0.00042971280170604585,0.00045134949101807763,0.000462664190120995
1515,0.0004508919417599423,0.0004968705831561237,0.00044798648878155895,0.00046263305046595634
1516,0.00043913862836133274,0.000577504796674475,0.0004438754239093719,0.000462496462604031
1517,0.0004491206609721606,0.0004637156962417066,0.0004433093861004131,0.00046849391092546283
1518,0.0004357051709666848,0.00040719495387747884,0.0004421904877526685,0.0004629045595414936
1519,0.00045337947577031123,0.0005560328089632094,0.00044002425430290817,0.0004634369360748678
1520,0.0004491153898804138,0.0004483544861432165,0.0004380472892895341,0.00046032267878763373
1521,0.00045225604702459857,0.00039948007091879847,0.00043598786969151757,0.00045948416353203353
1522,0.00042315803015501133,0.00039183705113828184,0.0004332290763449337,0.0004551659037359059
1523,0.000439529522943,0.00040688126580789685,0.0004318380884929663,0.00045482707750052215
1524,0.0004642455977025545,0.00044892573612742126,0.00043135852636252015,0.0004520157851278782
1525,0.00041518439060180554,0.0003817604831419885,0.0004293700575725072,0.00045051209679804747
1526,0.0004083247718194293,0.00038500721682794393,0.00042852982318856655,0.0004370653083082288
1527,0.0004153500906088286,0.0004959114419762045,0.0004267036361956141,0.000434324155934155
1528,0.0004074227145045168,0.00040077508543618024,0.0004262935643575879,0.00042900551431812345
1529,0.00043128972970104466,0.0006186600588262082,0.00042439592438491263,0.0004200967230834066
1530,0.00042476993946669,0.0003685932559892535,0.00042319106036900646,0.0004241119077429174
1531,0.00042713976866151724,0.00045482536428608,0.0004217194131963576,0.00042638175701722493
1532,0.00041106801932781105,0.00039025842561386527,0.00042047890805277144,0.000423575271340087
1533,0.00041103328422953687,0.0004075303173158318,0.0004185335406839538,0.0004198196807876229
1534,0.00041139517988388735,0.0003753623913507909,0.0004155552183213231,0.00041778000383637845
1535,0.00041246547816424734,0.0004862551006954163,0.0004166023193069527,0.0004182346846908331
1536,0.0004299326136242598,0.00039980736677534877,0.00041416073591939905,0.0004170128575526178
1537,0.00040193006836084855,0.00037251550005748866,0.00041146719235694043,0.0004132299496326596
1538,0.00040833086331581905,0.00036286044865846634,0.00040979690472983443,0.00041500078039243823
1539,0.0003954135270841006,0.0003611839923541993,0.00040957981199931564,0.0004176576550118626
1540,0.00044064014580928615,0.0003639045427553356,0.000409253494176341,0.0004127783482428641
1541,0.0003916976290444533,0.00035478501580655576,0.0004081475161261753,0.0004215336909051985
1542,0.0004189990605745051,0.0005640953127294779,0.00040736983789312135,0.0004108126900624484
1543,0.000398913991650463,0.00046394118573516607,0.0004053808564384882,0.0004110302691813558
1544,0.0004223668471806579,0.0004858706670347601,0.0004030328064057459,0.00041085296482779087
1545,0.00040048120565997023,0.0003544647223316133,0.0004017543815425598,0.0004113759658765048
1546,0.0003777979879588303,0.0003484881471376866,0.0004007098528595331,0.0004153684517368675
1547,0.00044933555479575364,0.0004032040724996477,0.00040083010149214213,0.00041416869582608346
1548,0.0003784899382541577,0.0003763355873525143,0.00039929587125597115,0.0004109789620153606
1549,0.000396907008641089,0.0003543530381284654,0.0003966017093522371,0.0004107710940297693
1550,0.0003734271999241577,0.00042603125213645397,0.000395488448007705,0.0004124573179520666
1551,0.00040289745355645817,0.0004514290823135525,0.0003950747265338174,0.0004154108572751284
1552,0.0004071921450344639,0.00037392877275124194,0.0003935075635827769,0.00041508071878924965
1553,0.0003797732632503741,0.0006196586519945413,0.0003903911886697946,0.0004136267003137619
1554,0.00041184777387469595,0.0003506350377574563,0.0003892434754654662,0.0004125324619933963
1555,0.0003750454031008606,0.00037403273396193984,0.00038698546330625616,0.0004046743239741773
1556,0.00036843851784295917,0.00045039275544695557,0.00038613038010921135,0.0004034229995217174
1557,0.0003791073977481574,0.00040333345183171334,0.00038754318401139863,0.00039806013647466896
1558,0.0003849200671538711,0.000507342463824898,0.00038609613002433136,0.00039979890463873744
1559,0.0004144013956991128,0.0003453684935811907,0.00038518631112140916,0.00039896018016152086
1560,0.00037410972225997185,0.00040651175542734565,0.0003816391865101954,0.00039595442619174716
1561,0.0003625785660309096,0.00039461066713556645,0.0003807825559155188,0.0003982850810978562
1562,0.00037409853474754427,0.00041467109811492263,0.0003783217880823132,0.00039860014184378085
1563,0.00039798782646862995,0.00043669893173500893,0.00037725463075459844,0.00039809244107455016
1564,0.0003562344533080856,0.00035293053020723163,0.0003752254640192001,0.0003928450733423233
1565,0.0003627307729847315,0.00032755408086813985,0.00037301215727347884,0.0003960066366940736
1566,0.0003630047989362437,0.00032742905779741704,0.00037344543103697816,0.00039462108644656833
1567,0.0003625487565942523,0.00036764186224900184,0.0003725031162948451,0.0003954984271898866
1568,0.0003775369117243422,0.0004326580744236708,0.00037233467601343164,0.00040079852412454786
1569,0.00045768694473533993,0.0003517990908585489,0.00037168385495897383,0.0003993038297165185
1570,0.0003643048559832904,0.0003979339264333248,0.00037048558698863623,0.00039669545823708177
1571,0.00035505251538577596,0.0003275200352072716,0.0003706900647970744,0.00039352844716049735
1572,0.00036065743951540856,0.00032806022325530647,0.0003680147063711451,0.00039273432916961615
1573,0.0003570741733872435,0.00043460196000523867,0.00036647824440668857,0.0003914462530519813
1574,0.00033538781281095,0.0003622295567765832,0.00036529512972467476,0.00038791988929733637
1575,0.0003467482667312854,0.0004133387329056859,0.0003637787609619813,0.00038386958478949966
1576,0.00035216828517150136,0.0003202448890078813,0.00036116601156277787,0.00037859899313189097
1577,0.000351859476391433,0.00045296785654500124,0.00035997054681906267,0.00038013225945178426
1578,0.0003906051073378573,0.0005850198958069086,0.0003583830331426321,0.0003862076386576519
1579,0.0003882899053213704,0.0003725685563404113,0.00035723579732390744,0.00038521046123933056
1580,0.0003708343960655232,0.0005065351573284716,0.00035618143974182505,0.00038368675748351965
1581,0.0003521679914815144,0.0004130253952462226,0.0003557036755140871,0.00038086015810258697
1582,0.0003491506984897165,0.00033812416484579443,0.00035104097993009627,0.0003827206678222866
1583,0.0003900320123648271,0.00042816718691028653,0.00035037257387302825,0.0003845248320605607
1584,0.0003475174350508799,0.0003255155438091606,0.00034936097066125114,0.00038359474781900655
1585,0.00033569817314855755,0.0003743098524864763,0.0003479798713957684,0.00038440532498061657
1586,0.00033300069898056485,0.00030645157326944175,0.00034821879246996516,0.00037990261982195076
1587,0.0003361893156802075,0.00031341348541900514,0.00034804610637689223,0.00038531366335228085
1588,0.00033266909148854516,0.00030493414029479025,0.00034689322500230956,0.0003814899567514658
1589,0.00032634783471520575,0.00039126218820456415,0.0003464343654767921,0.0003874970485456288
1590,0.00032304293107396614,0.00047943856101483105,0.00034506932691567475,0.0003863293338567018
1591,0.00033432390346812706,0.0003024996223393828,0.0003420091145076893,0.0003793743741465732
1592,0.0003361898170421935,0.00032954926835373046,0.000338984909392376,0.0003766718407394364
1593,0.00036559280603089267,0.00036199308990035204,0.00033739765059047697,0.00036955483376514164
1594,0.00034111955513556796,0.0003983118338510394,0.0003356187484873873,0.00036679741286206987
1595,0.00034759470455658935,0.0004430380323901773,0.00033437619324411374,0.0003741099671227857
1596,0.000329762435091349,0.00030426792916841803,0.000331709066248085,0.00037072065914981064
1597,0.0003261299578783413,0.00034832465229555964,0.00033094389612993436,0.00037159901938866815
1598,0.00036304720024216093,0.00032203433103859423,0.00033098070961423215,0.0003683523042825981
1599,0.00033107066048412685,0.0004975056450348348,0.00033045833278447386,0.0003725514870835467
1600,0.0003179262323667192,0.00031774606788530945,0.00032990518691690846,0.0003710960911819711
1601,0.0003406967970335649,0.000470422183861956,0.00032933449579351066,0.0003743771610548719
1602,0.00031773351236350004,0.0004237749893218279,0.0003290068099171751,0.0003699470625258982
1603,0.0003140997971382199,0.0004111459030536935,0.0003293707518010504,0.0003684407506138086
1604,0.00031268477743853713,0.00030500522116199135,0.00032874584623819424,0.0003685650587547571
1605,0.00033115292601804765,0.000328609982971102,0.0003275676921579159,0.00036698689365293835
1606,0.00030769543890427385,0.0003440898726694286,0.0003257324454193521,0.00036511625840794296
1607,0.0003180868174078771,0.0005209380213636905,0.0003261361483613857,0.0003625543153146282
1608,0.0003233538374641082,0.0003434344875859097,0.000324904615770922,0.00035902339972089975
1609,0.0003283881820971146,0.00034747454978059975,0.00032376717778905814,0.0003597077970625834
1610,0.000336618510256004,0.0002931419748347253,0.00032277949263289984,0.0003596224341308699
1611,0.0003199412782366077,0.0004114311432931572,0.00032047493248764006,0.00035756490023341043
1612,0.00032236066899107147,0.00027702858787961306,0.0003189940395144125,0.0003506136701209472
1613,0.0003184018134035998,0.00038696088711731135,0.0003184051785178276,0.00035115438874345274
1614,0.0003181556878068174,0.0002805097249802202,0.0003165144177878068,0.0003429997680010275
1615,0.00033214147817084774,0.0004417807632125914,0.00031616942201378854,0.00033911604166496557
1616,0.00031870126439672376,0.00030560732586309313,0.0003163084558004306,0.0003334265349665657
1617,0.00030673596503523487,0.00029009514080826195,0.0003158783222936715,0.0003329444258240983
1618,0.00031971163756679745,0.00031522720877546817,0.00031466520518944074,0.00034196222091559324
1619,0.0003512121286864082,0.0003342632565181702,0.0003149499808645082,0.00033893125262111424
1620,0.00031680638979499537,0.0003547651425469667,0.0003134721641014847,0.00032853060476481917
1621,0.0003013264855447536,0.0003213778627105057,0.0003131877790800192,0.000326041587186046
1622,0.0003014378289743844,0.0003461905790027231,0.00031140640761392814,0.0003227611943846569
1623,0.00030543319661066766,0.00027059598360210655,0.0003095837923801608,0.000322629767539911
1624,0.000294048336153436,0.00032372489222325384,0.00030859516941062696,0.00031963222776539626
1625,0.00030320470745209604,0.00033126403344795107,0.00030793627375581617,0.00032076697105076166
1626,0.00029342777878304735,0.0002665566653013229,0.0003064568438282651,0.0003158026080811396
1627,0.00030910861801304335,0.00032668183092027903,0.000304907162528899,0.00031565900526475156
1628,0.00031757564180427125,0.0002689082355936989,0.0003036407774857556,0.00031076533545274285
1629,0.00030193143976955776,0.00029295249260030687,0.0003022193488095784,0.000310391877614893
1630,0.0003008249984122813,0.0005540548602584749,0.00030145467676532763,0.0003100367162842303
1631,0.00031481483078096064,0.0002683156653074548,0.00030019955485283085,0.00031195048724766823
1632,0.0002811413983322887,0.0002609218249563128,0.0002974037978047919,0.00031037570405751465
1633,0.00031624421192747023,0.00028120904811657966,0.0002963666479879369,0.00031164942905306814
1634,0.00028385389544483686,0.0002654647297458723,0.0002961171636461384,0.00030996097223833196
1635,0.0002910531294118199,0.0002898563037160784,0.00029554179352966865,0.0003131791061256081
1636,0.00029522570399826185,0.0003364926489302889,0.00029375039692192036,0.00031389745755586775
1637,0.0003058882776208015,0.0003053971700137481,0.00029358747370748057,0.0003106724060373381
1638,0.0002814160652148227,0.00026285181287676095,0.00029306038212445056,0.00030989476551767444
1639,0.000279413655322666,0.00027691965457051995,0.00029180478913347346,0.0003099024586612359
1640,0.00030048185209226275,0.00031943901791237295,0.00029039475160081763,0.00030647983439266685
1641,0.00028316554749229303,0.00029627087991684675,0.00028839785975611046,0.0003071577009512112
1642,0.0002876191639289674,0.00028121610754169526,0.0002878235903128775,0.00030651861915830523
1643,0.0002883335897543778,0.00036307148286141456,0.00028658790060888156,0.0002943324437132105
1644,0.0002813182024854339,0.00029489367676433176,0.00028455538478576475,0.00029373948758002367
1645,0.0002908776443736214,0.000386608267435804,0.0002844104735672267,0.0002933115876279771
1646,0.00029508937699978963,0.0002791664423421025,0.0002830199947606565,0.0002944130592048168
1647,0.00028705357606264036,0.0004266439261846244,0.0002825147206093081,0.0002948791211238131
1648,0.0002606482814169592,0.0002885547693585977,0.0002811288044555113,0.0003005673265317455
1649,0.00028997525579244315,0.00024309860426001252,0.00028004022373610897,0.000296534643159248
1650,0.00029002741787634376,0.0003118230204563588,0.0002776719982451242,0.0002941046383697539
1651,0.00026203795400862065,0.00026674899389036,0.0002774883234640584,0.00029443013770505784
1652,0.00027385767969665016,0.00024111622420605272,0.0002770028878624241,0.00029822693984024227
1653,0.0002676533456865905,0.0002858548995573074,0.00027525906937662513,0.0002952857773285359
1654,0.0002875747036887333,0.0002769754477776587,0.00027441264586005774,0.00029463879556860774
1655,0.0002699327558123817,0.0002494004741311073,0.0002733496487244136,0.00029943766419310123
1656,0.0002640019352030423,0.0002534917619777843,0.00027312441343803784,0.0002956204890972003
1657,0.0002775186178688374,0.00025022432615514847,0.00027275230767877977,0.00029447460849769415
1658,0.00028148224176321595,0.00030874583753757177,0.0002707278500285207,0.0002895475218072534
1659,0.00027122204166112675,0.0002771162777207792,0.00026880574495945545,0.00028992280694656075
1660,0.0002564052255668988,0.0004320614389143884,0.0002681723209227332,0.0002822913786396384
1661,0.0002680111860132052,0.0002356755646178499,0.00026725067830799773,0.00028348360310774296
1662,0.00024668264034618105,0.0002446470502763987,0.00026524687198818567,0.0002830033840611577
1663,0.0002768241956881765,0.00027098929625935853,0.0002642150435027563,0.0002802643092582003
1664,0.00026727776528180885,0.0003718397079501301,0.00026383758701073624,0.00027907290093135095
1665,0.0002568863899472894,0.00024590995511971416,0.0002631791926506493,0.00027850813928525896
1666,0.00026200495957810847,0.0002800963359186426,0.00026289894842904885,0.000279092211718671
1667,0.00026104423553786345,0.00040118782315403225,0.0002615776434359658,0.00027748301550745965
1668,0.00028270270759498496,0.00026764210546389224,0.00026013374972519356,0.0002763193184742704
1669,0.0002720155585039821,0.0002662466617766768,0.0002596421684966319,0.0002767366360174492
1670,0.00024026620311714294,0.00026343110017478465,0.00025801085952358943,0.00027661567798350004
1671,0.0002470367502731582,0.00028854857082478703,0.00025797635907721185,0.0002738572102272883
1672,0.00027121797514458496,0.0002358582185115665,0.0002572750124588816,0.0002766702577238903
1673,0.0002376072160485718,0.00031836038106121124,0.00025694699311991115,0.00026819483535364273
1674,0.0002398800977971405,0.00023109312809538096,0.0002555490903426996,0.0002695387625833973
1675,0.0002642317057406116,0.0002433461503824219,0.0002550727391305069,0.0002694589123595506
1676,0.00025260154170812007,0.00023696378571912645,0.00025374592404243436,0.000270466190809384
1677,0.0002573978206944755,0.00022699718305375428,0.0002521361386998453,0.0002661211383296177
1678,0.00026064724014658065,0.00030045671039260926,0.0002516058021716567,0.000264830504427664
1679,0.00025454207886165626,0.00023674554249737413,0.00024998038024641575,0.00026348150325939063
1680,0.0002338354130430768,0.0002203080483013764,0.00024920827672661596,0.0002588271803222597
1681,0.0002517124044889998,0.00026392470055725426,0.00024763262449608496,0.00025845340806990866
1682,0.00023673589354277486,0.00024720037530642005,0.0002458019109882621,0.0002572076311102137
1683,0.0002806197306037777,0.00023978414363227786,0.000245681283563479,0.0002565159055637196
1684,0.0002536883762028689,0.00034744246513582764,0.0002455552297366214,0.00025440129761118447
1685,0.0002482047420926392,0.00022017587965819985,0.0002446050463017956,0.00025443490140605727
1686,0.00023306361658291685,0.00026927374536171554,0.0002444405948465121,0.0002530723829055205
1687,0.00023477386004136253,0.00024265079468023033,0.00024393914977360203,0.0002522618300048635
1688,0.00024365381848636186,0.00029617125750519335,0.00024256966759308443,0.000252845894289203
1689,0.00022703313171708336,0.00026321339595597237,0.00024194543286705283,0.00025387974394252525
1690,0.00024362797674257308,0.0002136441075708717,0.0002409792151800098,0.00025395649754209444
1691,0.00022136941144708543,0.00024637130671180786,0.0002402142926022255,0.0002519266057643108
1692,0.00024174164754286822,0.000284829749725759,0.00023862765220110304,0.00025077215466881174
1693,0.0002433114018317105,0.0002582977991551161,0.00023901229301635693,0.00025029589157784355
1694,0.00022624772080841163,0.00023510223778430372,0.00023886688560208614,0.00024925487329019235
1695,0.00023725051749756354,0.00024613796151243153,0.0002399295112771344,0.0002502350223599933
1696,0.00024388540460171902,0.0002356833720114082,0.00023856008263472984,0.00024964931873837484
1697,0.00024746338927393986,0.00023669831338338554,0.00023768893971896934,0.00024519168535480277
1698,0.0002334959296664844,0.0002842974185477942,0.00023629159782043033,0.0002446501799509861
1699,0.0002273439709743899,0.00021082930557895453,0.00023561930909507078,0.00024185998569009826
1700,0.00022999465122767207,0.0002579477574909106,0.00023682756509127404,0.00024213613331085072
1701,0.0002369956735573295,0.0002628100270521827,0.00023676532400681427,0.00024019737079506744
1702,0.00023324237851839926,0.0002289160230429843,0.0002360094283584557,0.00023782160031842066
1703,0.00024152417570197333,0.0002497094159480184,0.00023482933358302235,0.00023799999676411975
1704,0.00021487606883359453,0.00020788426510989666,0.00023457604337082655,0.00023683204139815647
1705,0.00024345143342442395,0.0002084014710271731,0.00023366321912358722,0.0002429392018471845
1706,0.0002480772191322305,0.00023789924336597323,0.00023236080690015423,0.00024095177833223722
1707,0.00026330153541898147,0.00027170410205144433,0.00023180878577663358,0.00023981708922656255
1708,0.0002463840145436633,0.00022514155309181661,0.00023114225534890366,0.0002380263593397104
1709,0.000231909803308857,0.00023600163054652513,0.00023001224956113018,0.0002385583302821033
1710,0.0002132711946291642,0.00020663824456278233,0.0002294532115571201,0.0002395569951855578
1711,0.00021625639844892754,0.00019951888883952052,0.00022872527729745747,0.0002360906698275358
1712,0.000264980259946444,0.0002495544851990417,0.00022846919662551955,0.00023659905607346446
1713,0.000242097791374868,0.0002477021946106106,0.00022787893482406315,0.00023510752910515294
1714,0.00020813574050811845,0.00020381913403980434,0.00022679810220142826,0.00023259149873629218
1715,0.00021412560735673954,0.0002181040187133476,0.00022710998643370758,0.00023127706553786995
1716,0.00021503715614219093,0.00021717242256272585,0.0002260109932420568,0.0002298227034742013
1717,0.00021892104136188412,0.0004375087609514594,0.00022596705154800373,0.00022992409575963398
1718,0.0002107510962458845,0.0002086122112814337,0.0002251152680035577,0.00022916388699086384
1719,0.00021244719272039625,0.00020673501014243812,0.00022347772239008918,0.00022895389472832905
1720,0.00022058725680431559,0.0002013697143411264,0.00022161684451340178,0.00022542519306298348
1721,0.00021563525990738223,0.00024898264557123186,0.00021979040968257723,0.0002242651924607344
1722,0.00023348743917368767,0.0002616649359697476,0.00021884754751420887,0.00022856210247846319
1723,0.0002152975731749191,0.00019763928459724412,0.00021840392731181863,0.0002298980375053361
1724,0.00022094195417594165,0.00022353896172717214,0.0002182690575434309,0.00022927909393329177
1725,0.00021523810619126179,0.00022065958328312262,0.00021577097305303648,0.00022711784129496665
1726,0.0002099748579914578,0.00019990926783066242,0.00021399272916217645,0.00022635802270378914
1727,0.00024103948432538245,0.00019605519308242946,0.00021337234081131298,0.0002263281961437315
1728,0.0002140493459107044,0.00021335036435630173,0.00021470002205654356,0.0002254088156390935
1729,0.0002137775264822671,0.0002104190722457133,0.00021355637017404663,0.0002310105754761026
1730,0.00022215684481327318,0.00018939625180792064,0.0002125534850405529,0.00022139595008920882
1731,0.00020713857879551748,0.0002326494368026033,0.00021334914722893802,0.00022092779795639223
1732,0.00021677958850179694,0.00018348656041780487,0.00021247516170583874,0.0002212971694534645
1733,0.00020072314377304995,0.0001961415380355902,0.0002111352343435606,0.00022570223663933575
1734,0.00020833824909964783,0.0003434243809897453,0.0002101443540822301,0.00022268305141478776
1735,0.00020218068956940745,0.00024003662023460492,0.0002084733524152802,0.0002214211291866377
1736,0.00021288465423923399,0.0001840452995384112,0.0002084918904752057,0.00022109240303980185
1737,0.0002025281476865833,0.0001955231692409143,0.0002075002082507126,0.0002192304476047866
1738,0.00019764169410336764,0.00022870672983117403,0.0002065790162072517,0.0002240723917260766
1739,0.00019262603173653286,0.00020307347003836184,0.00020576614764803607,0.0002243137599900365
1740,0.00024731763848750336,0.0001951195060973987,0.00020541627246808882,0.00022347776300739495
1741,0.00018644585907976661,0.00035721641848795115,0.0002048153367359191,0.00022226007061544804
1742,0.0001938489130245418,0.00019714312627911568,0.00020441343843186687,0.00022809658943442624
1743,0.00023064265095551188,0.00019690840796101838,0.00020408940233238455,0.00022763720194343476
1744,0.00019059755464291407,0.0002159692975692451,0.00020354293540068388,0.00022773656857898457
1745,0.000187089072747363,0.00031149639398790895,0.00020265071062345268,0.00022725790304830293
1746,0.00019086325337411836,0.0001735030149575323,0.00020197238575848234,0.00022833284497028212
1747,0.0001917123974999413,0.00023011688026599585,0.0002014041072701932,0.0002215362066403031
1748,0.00021576102467305545,0.00018942113092634827,0.00020061492868957836,0.0002186800024937838
1749,0.00019614989856361515,0.0001769900758517906,0.0001994492931071566,0.00021948525434127076
1750,0.00019220830510473914,0.0003417081863153726,0.0001986152214709566,0.00021884807122405617
1751,0.000189653144011067,0.00020594347442965956,0.00019818088492352728,0.00021695022525964307
1752,0.0002322926048267012,0.00017515526851639152,0.00019836690266383813,0.00021789808407193052
1753,0.00019902595260646195,0.00018290805455762894,0.00019591781327940735,0.00021705131948692726
1754,0.00020373006888096119,0.0003563320427201688,0.00019679159468246834,0.0002096700110007078
1755,0.000214055942326215,0.00017791156453313305,0.00019676978412058412,0.0002089728851336986
1756,0.00019347690550299983,0.00023513360269134865,0.0001950563772723803,0.00020953202019445598
1757,0.00019447396907101695,0.00017151992215076463,0.00019439096537341054,0.000208307131647598
1758,0.00018376502214879212,0.00022301508608506992,0.00019454450232313117,0.00020238300139317292
1759,0.00019413128689241906,0.00017350842274026945,0.00019380075328129655,0.00020325959358597178
1760,0.00018245122505403642,0.00016863151657162234,0.00019345742440394438,0.00020132705107098447
1761,0.00018374376467868893,0.00020417659572558478,0.00019234078605788655,0.00020056845935760069
1762,0.00018167635678158453,0.00017959359131054952,0.00019158509135272148,0.00020058318598894405
1763,0.00018678328041763355,0.0001812605807208456,0.00019115993132581935,0.00019567122494336219
1764,0.0001972764752443052,0.0002267699403455481,0.00019058147072921404,0.00019412164713721725
1765,0.00018609040387673303,0.0001739503914723173,0.0001886020410146254,0.00019344675178872424
1766,0.00020829039415629167,0.00017268370633246376,0.0001872790167366879,0.00019266394590958957
1767,0.00019330364897743695,0.0001797149796038866,0.0001863887370977965,0.00018593829628080132
1768,0.00018780747975041676,0.00021088678447995336,0.0001856040126592335,0.00018528711020480846
1769,0.00017396225716866966,0.00018534708389779552,0.00018499300468247386,0.0001826795494765975
1770,0.0001909274964903792,0.00016339313762728125,0.00018413957417813236,0.00018289782517822464
1771,0.00017226952732825237,0.00019541781977750361,0.00018351510165440335,0.00018044881790410733
1772,0.00018312917556613683,0.0001818033173913136,0.0001826252681293732,0.00018035035133361822
1773,0.00018784506602161048,0.00017045633809175341,0.0001822705782380783,0.00018678425740217795
1774,0.00017725753093448778,0.00017735824163537473,0.000182644174381211,0.00019308124256785966
1775,0.000181579304432186,0.0002189091601758264,0.00018282343541763517,0.00019362730233697225
1776,0.00017519162909593433,0.00016720402927603573,0.00018296652098781326,0.0001927933639963158
1777,0.0001828068619619848,0.00015828288480406626,0.00018214931838317876,0.00019158218438969927
1778,0.00016595034565802458,0.0001633379075792618,0.0001821384235763819,0.00019111966292839497
1779,0.00018147307790867572,0.000188190802000463,0.00018103246276344486,0.0002050865208846517
1780,0.00019443783136214026,0.00016163191263331102,0.0001805775704392646,0.0002108489450183697
1781,0.00017820170608400884,0.00016994458448607474,0.0001804322352917451,0.00020938015067949894
1782,0.0001731382064624793,0.000176976814691443,0.00017998776726761004,0.00020811943814624104
1783,0.00016815320905556695,0.0001617899042321369,0.0001795800651035582,0.00020821472414536403
1784,0.00017188544876666533,0.00017104675847804174,0.0001800442422086942,0.00020814656486036257
1785,0.00017358397777166425,0.00032947916828561573,0.00017888981320364917,0.00020724680621642623
1786,0.00019308366825700635,0.00036160122486762704,0.00017807467326508937,0.00020720354480436074
1787,0.00018615788269218885,0.00019324508553836495,0.0001775452458034528,0.00020720077911391856
1788,0.000190360419672086,0.00016041212220443412,0.00017669104578995351,0.0002052297128248029
1789,0.0001768464101284432,0.00019649045018013567,0.00017621887679043638,0.0002044054163852707
1790,0.00018581803370681073,0.00016238735493971036,0.00017537356998525663,0.00020408682957058773
1791,0.00018064137383286532,0.0005218551552388818,0.00017549967674422074,0.00020485461212228987
1792,0.000181931340872931,0.00032377558294683696,0.00017477438253699797,0.00020334153049625457
1793,0.00018417410106242945,0.0001741669260081835,0.00017372502742606834,0.00020299170159269125
1794,0.00016285055656529342,0.000153829270566348,0.00017303239064769715,0.00020315374713391067
1795,0.000180734942389083,0.00016577528760535642,0.0001725923946211373,0.0002029108255286701
1796,0.0001838739549566526,0.0001937138376524672,0.00017210020646646928,0.00020247122147120538
1797,0.0001542684504400111,0.00015930935129290446,0.00017172331214921238,0.00020637469786452132
1798,0.00016746656755761553,0.00016937480279011652,0.00017122130897995603,0.000207480246888008
1799,0.0001640218443935737,0.00017728909937432037,0.00016970886711820235,0.00019953655577264725
1800,0.00016022430409470367,0.00016963250294793397,0.00016952120573712615,0.00020084410418057816
1801,0.0001633874041080061,0.00014659661828773097,0.0001684215456700056,0.00020253567877225582
1802,0.00016167419183249067,0.000150318214436993,0.0001684410211112764,0.00020448246221058073
1803,0.00016910301463212817,0.0001825324713718146,0.0001682429000735283,0.00020427506623091178
1804,0.0001633407227281067,0.00015036376134958118,0.00016787851704155198,0.00018914076645160094
1805,0.0001682039535888988,0.000152886190044228,0.00016716286327896846,0.00018211357074324043
1806,0.0001608857866247288,0.00017399572301656006,0.0001663080334210665,0.00018112029514741153
1807,0.0001621383057984834,0.00017090377456042917,0.00016637503518076202,0.00018212859836639838
1808,0.0001558485051888662,0.00015079980279551818,0.00016605978993336774,0.00018312114477157592
1809,0.00016246309083524263,0.0002686336683109403,0.00016593946285170711,0.00018247303236275912
1810,0.0001610338985402551,0.0003571178938727826,0.00016630840974846958,0.00018289791056886316
1811,0.00015527262171316478,0.00016300894698360934,0.00016548512975698233,0.00018324610035633669
1812,0.000181466348165284,0.00022593379573663698,0.00016520868322436906,0.00018216715978924185
1813,0.00016286891799407183,0.000202701486996375,0.00016572480665894948,0.00018110079364851118
1814,0.00017733329616021365,0.00024516003613825885,0.0001652846846684244,0.00018197981195989998
1815,0.00018086500776310762,0.00015720245544798673,0.0001657666801830702,0.00018551401400472968
1816,0.00017153179803345767,0.00014349766075611115,0.00016550060791649027,0.00018461196648422628
1817,0.00016403999680834305,0.00014809569023782387,0.00016504928261080445,0.0001875521427486092
1818,0.00016280335461487993,0.00014933503611246123,0.00016461267563346255,0.00018945368801942097
1819,0.00016452560055768117,0.00017903685104101897,0.00016393662537383434,0.00018831338955787943
1820,0.00017285381120422648,0.0001905889477347955,0.00016395879600054794,0.00018697702087229115
1821,0.00018086577791513668,0.00017751102743204683,0.00016380009006825274,0.00018906854107044637
1822,0.00016349212285907317,0.00016993130644550548,0.0001637647785718501,0.00018610898823244495
1823,0.00014688456777043433,0.00017807954747695476,0.0001632038821847851,0.00017853981927037237
1824,0.0001571106810782415,0.00015031558519694953,0.0001631885833967115,0.00017779291240731254
1825,0.00017312738995921487,0.000142973349429667,0.00016192737468971043,0.00018102421530056745
1826,0.0001523843543448796,0.00016857207607245072,0.0001610521400399092,0.00017869595576194117
1827,0.00017372407969863465,0.00023867326555773616,0.0001598075460875407,0.00017440586744924078
1828,0.00016245120796763027,0.00015998128335922957,0.00015830622742133628,0.0001747989117226098
1829,0.00015205759008596133,0.00022386816795915364,0.0001570598397882552,0.00017702207825495865
1830,0.00015728877915535122,0.00020042482181452216,0.00015631164028826687,0.0001767565260000993
1831,0.00014398453013402307,0.00014548826147802173,0.0001561400522930651,0.00017611587655846965
1832,0.000162692571466323,0.00013749455742072313,0.00015608310639185624,0.00017441645881044682
1833,0.00015188085688148728,0.00020308780774939806,0.00015563582880422476,0.00017307603940716946
1834,0.00016158030342517627,0.00019464484736090527,0.0001542670959697312,0.00017366914878948593
1835,0.0001470114888636292,0.00016788866982096805,0.00015349186888197436,0.00017249066755757665
1836,0.00015489015201132538,0.00014433627540711314,0.0001539183464392813,0.00017319403776782565
1837,0.0001499361304902575,0.0003067163680680096,0.00015376710341208512,0.00017255243312101808
1838,0.0001409880517490415,0.00014449499853071756,0.00015289934193198052,0.00017665702117374167
1839,0.0001462184473510004,0.00013790782832074911,0.00015242859283979567,0.0001758515455527231
1840,0.0001433320411079977,0.00016702856228221208,0.00015101032791555753,0.00017286501599010078
1841,0.00014037210720642987,0.00019907682406483218,0.00015051250133482324,0.00017197022413602096
1842,0.00014533500930863537,0.0001414568838663399,0.0001505742218423014,0.0001709045024588704
1843,0.00015851365473483587,0.00013331880007172003,0.00015009453540745503,0.00017341129141859712
1844,0.0001631019530274595,0.00013655140734044835,0.00015145766412606466,0.00017381484021898358
1845,0.00016167187151343873,0.00015707846265286207,0.0001509900865520144,0.00018068627463653682
1846,0.00014664745705279833,0.00019233876198995859,0.00015035528861788208,0.00017984376543899998
1847,0.00014411144566515253,0.00014046927564777433,0.0001497739920819489,0.0001774888139741961
1848,0.00015754650670310688,0.0001956638027331792,0.00014959507576422766,0.00017769535646657459
1849,0.00015332960539833745,0.00013427546902676114,0.00014876497859044724,0.00017834503753692843
1850,0.00015143335295660006,0.0002455880507477559,0.0001484384616882178,0.00017499894182546996
1851,0.0001406156270402587,0.00014843518554698675,0.00014919817203513553,0.00017995496402727442
1852,0.00013826745659268152,0.00016401002649217843,0.0001493029782865455,0.00018064863628242168
1853,0.0001500055434492727,0.00013761148700723426,0.00014947356021536204,0.00018403355593327436
1854,0.0001536006027729147,0.00019722512603038923,0.0001494692938460503,0.0001823772251198534
1855,0.00014529661828419194,0.0002630945458076894,0.00014902993110073215,0.0001834461870545056
1856,0.00017806274809926335,0.00015557698148768395,0.00014817769148374078,0.00018341715530841612
1857,0.00015100313211506648,0.0003092804178595543,0.0001471501210309927,0.00018634646010468712
1858,0.00013601090852817933,0.00018202507781097665,0.00014646819006043692,0.00019274791182833726
1859,0.0001470478900268467,0.00013577106074080803,0.00014639101006194116,0.00019052949625765906
1860,0.00014253858092059897,0.00017305223213043064,0.00014588335635554457,0.00019035989370895547
1861,0.00013413772266681514,0.00016057830216595904,0.0001450339656879401,0.00018836794039234515
1862,0.00014177320793452156,0.00022306397528154776,0.00014437955446774137,0.00018781551535357717
1863,0.00015998081042198464,0.00026839555357582867,0.00014424270954008935,0.00018300527335377405
1864,0.0001488386036362499,0.00015524963469943032,0.0001440048031017391,0.0001819916361593641
1865,0.00014759658932841073,0.00025165155355352906,0.0001439540723118827,0.00018101617927895856
1866,0.00014026544797363587,0.00015766855372930877,0.00014307736001080936,0.00018061431001406162
1867,0.00013435094067568168,0.0001681809322326444,0.00014240731087435658,0.00017853546513943002
1868,0.00013720766431005258,0.00013259300641948357,0.00014425881585856487,0.0001751488989335485
1869,0.00013741269170875763,0.000209784027247224,0.00014249517268811665,0.0001765584427281283
1870,0.0001446235972495439,0.0003171147557441145,0.00014204693233154509,0.0001696410996664781
1871,0.00014471795709040535,0.00013687837272300385,0.0001416292105891949,0.00017041304192389362
1872,0.00013142010300523706,0.00013622921193018556,0.00014156200411186243,0.00017048833921435292
1873,0.00013631174001299467,0.00014586496981792152,0.00014089537358377127,0.00016897612413740716
1874,0.00013696932489336985,0.00012046484305756167,0.00014108328944680075,0.00016828338082996194
1875,0.00014801222976529971,0.00012533200075267814,0.00014073583427881307,0.0001649338431947399
1876,0.0001346679660815021,0.0001230942556867376,0.00013965970423370085,0.00016169960627448744
1877,0.0001369991868462724,0.0001396236044820398,0.0001389505791186821,0.00016167568211094475
1878,0.000128087735922438,0.00012756475538481027,0.00013851426588565421,0.0001564862716186326
1879,0.00013684937436159492,0.00014525400416459888,0.00013846041656345024,0.00015542298419168218
1880,0.00019158424288939893,0.00017843039066065103,0.00013789865878061392,0.00015360661054146475
1881,0.00013397166883805767,0.00019081557635217906,0.00013766965118767175,0.000153173420910025
1882,0.0001397971232007775,0.0001363468413183,0.00013801686844542725,0.000150197186722653
1883,0.0001255678649694245,0.00020132363424636425,0.0001380597862770729,0.00014536919741076418
1884,0.00014536772809353553,0.0001376534930022899,0.00013742466174686952,0.0001448887218721211
1885,0.00012587281771832043,0.00013524685520678757,0.00013759404991805143,0.0001453429576533381
1886,0.00013883561924255144,0.00014325971947982909,0.00013698803669152162,0.00014456783979549073
1887,0.0001330868287348292,0.00013932553440099583,0.00013692917182731132,0.0001450564823288005
1888,0.00013307755929417909,0.0001875396305695176,0.00013619976564207013,0.0001480426346184686
1889,0.0001311104757607811,0.00015465153061086312,0.0001372681632508627,0.00015061653793090954
1890,0.00013668875850271435,0.00012191629124572501,0.00013747459274664935,0.00015079521756852047
1891,0.00013891921491853687,0.0001310863680555485,0.0001370688281280713,0.0001521427213563584
1892,0.00012030699610477314,0.0001227715909772087,0.0001366145572327595,0.00015276595522882417
1893,0.00013148247448649877,0.00012176326563348994,0.00013393736905612362,0.00015016049636760727
1894,0.0001460931231526451,0.00013537817256292328,0.00013382257703471823,0.00015209642440313476
1895,0.00014569654304068534,0.00019641502294689416,0.00013354749726584282,0.00015346131440601313
1896,0.0001288398438353195,0.00012486648425692694,0.00013413340851548127,0.00015012431744835345
1897,0.0001356548072847848,0.0001475851064606104,0.00013368607678179007,0.00015042867391020995
1898,0.0001211614093497499,0.00012648702337173746,0.00013420637638191695,0.00015155539597035386
1899,0.00013549770328811266,0.00013268090639030562,0.00013399804175714966,0.0001518001536896918
1900,0.00012977707513426947,0.0001999858079943806,0.00013382241428609837,0.00015216341410414317
1901,0.00016137790630131753,0.00018744183849776164,0.00013478377822902988,0.00014935684591182508
1902,0.0001421599242409381,0.00014409059542231262,0.00013463457072890986,0.00014824536208179781
1903,0.00011794362045798658,0.00016125235008075832,0.00013512723674777793,0.00014835839236620817
1904,0.00012549260197879954,0.00016083485097624363,0.00013517431174340242,0.0001487081924453378
1905,0.00012465453847350242,0.00011329391913022846,0.00013521371638570498,0.0001487469747895375
1906,0.00013110186830292352,0.00023921377724036574,0.00013564464943160098,0.0001484994017169811
1907,0.00013292012897889234,0.00017046909139025956,0.00013438848192195616,0.00014790115944342686
1908,0.0001402156462103853,0.0001178987103048712,0.0001333147835005851,0.00014442400279222057
1909,0.00013418443475125564,0.00014526240454870276,0.0001331576986607009,0.00014740399775328114
1910,0.0001388803077214915,0.0001634149067103863,0.0001339683282059721,0.00014711949640768582
1911,0.00013362725362336885,0.00014937866246327757,0.0001344458939973265,0.0001471390778082423
1912,0.00012869614195854713,0.00014840704476227985,0.0001342514053336345,0.00014863551481394095
1913,0.00015711165786746684,0.00011737542576156556,0.00013385366974657197,0.0001461899623624049
1914,0.000127380288257781,0.00012686443486018106,0.0001326008379381771,0.00014383811373263597
1915,0.00014900540897441614,0.00012474204835598356,0.00013158934649416348,0.00014308757454855367
1916,0.00014009608980914993,0.00013983137003378943,0.00013254952930017477,0.00014341336493962445
1917,0.00012129211216233671,0.00012374114958220163,0.00013257260900378847,0.00014299030599067918
1918,0.00014225580063389822,0.00011557393881957977,0.0001325741246517282,0.00014367147515295073
1919,0.00011468893541152486,0.00012042211572406814,0.00013249091456075094,0.00014062533017713576
1920,0.00011885408250640871,0.0001094861066667363,0.00013253005049450117,0.00013982983860769309
1921,0.0001249127228382147,0.00019936635828344152,0.00013168693259811134,0.00014017678378149865
1922,0.00015592054591656454,0.00014047257282072677,0.00013099586111040682,0.00013921238972106948
1923,0.00013310055413361018,0.0001269765583856497,0.00013040070707664,0.00013893769510323184
1924,0.00013063548669581197,0.00017009183153277263,0.00013019798035125455,0.0001380371670355089
1925,0.00011983368545770645,0.00013884699670597912,0.0001300097813060145,0.00013644207000616004
1926,0.00013005711109144612,0.0001286456227535382,0.00012856518018913146,0.00013700049262261018
1927,0.0001168726381405981,0.00012532711582025513,0.0001284716799092065,0.0001383559514535591
1928,0.0001419481906082688,0.00016939710985752754,0.00012726099893140295,0.00013889911384903824
1929,0.00012606959456914208,0.00015025837725261227,0.0001267598706155291,0.00013807048316230065
1930,0.00012469242967199534,0.00013032314818701708,0.00012676446120280565,0.00013842479867162179
1931,0.00012902161602849246,0.00016306015284499155,0.00012592412910501782,0.00013813483465346507
1932,0.00013389852732264746,0.0001505818021541927,0.00012590305622951645,0.00013784439837909304
1933,0.00011913769880063935,0.00012657233965001068,0.00012586172067870696,0.00013999058280023742
1934,0.00011690764755864317,0.00012115255303797312,0.00012650829963127357,0.00013664708030992185
1935,0.00012400145687732018,0.00015654754126444458,0.00012561845488833365,0.00013570081563084386
1936,0.00012855908548873332,0.00012686546077020466,0.0001248430112509393,0.00013657798524945974
1937,0.00012399116582754587,0.00010852961902855895,0.0001245424939374465,0.0001341254293511156
1938,0.00012099662994539055,0.00013133599117281846,0.0001250027631975374,0.0001379153171728831
1939,0.00012504278125965762,0.00016075090563390403,0.00012638628855703347,0.0001384057720832061
1940,0.00011873838452932735,0.0001383211082429625,0.00012692809189352879,0.00013829853513161648
1941,0.00012756788191230347,0.00011911560286534951,0.00012576116340383628,0.00013565995353274042
1942,0.0001214068768442505,0.00013259903731523083,0.00012558042422654886,0.00013376172344433141
1943,0.00012124749818920262,0.00010832483836566098,0.0001251658522074447,0.00013295864538522434
1944,0.00011416211352399033,0.0001131612088647671,0.00012469637773562377,0.00013214511764235795
1945,0.00011782069373617156,0.00016314071719534696,0.00012407026701160553,0.00013055372826638632
1946,0.00014107719665238012,0.00011577879602555186,0.0001250375801396634,0.00013313133523333817
1947,0.00013367442734306677,0.00011681595584377647,0.00012488581018179606,0.00013255540559766813
1948,0.00011371446319875152,0.0001489057988510467,0.00012463518817255843,0.0001305115876835771
1949,0.00012312255385849211,0.00010877793407416902,0.0001248934836317656,0.0001299842051404994
1950,0.00013134041695997843,0.0002335941922501661,0.00012543123967188877,0.0001301880723389331
1951,0.00016464524507884764,0.00014090699551161379,0.00012586224226882528,0.00012909602893050758
1952,0.00013041772155298126,0.00012264619203051553,0.00012561628541734536,0.00012916161888861096
1953,0.00011277497836595608,0.00010343256988562644,0.0001252643283058812,0.00013056217531557193
1954,0.00012155111513695576,0.00010280262504238635,0.0001249217393914781,0.00013213447752059436
1955,0.0001143281291943923,0.00011024619670934044,0.00012486982849303684,0.00013426345176412722
1956,0.00011728475423296914,0.00014272195927333086,0.00012466941473054854,0.00013446861794218419
1957,0.00011824575922219083,0.00011079706775490194,0.00012489166662853676,0.00013504620313178745
1958,0.00014332052700208604,0.00019101251382380724,0.0001247301043777649,0.00013276849177782426
1959,0.00011311339861195948,0.00010675431214622222,0.0001245640849969479,0.00013421984655433337
1960,0.00011773590664638,0.00010545209341216832,0.00012375651582875033,0.00013346393348183483
1961,0.00013501647196891201,0.00011368089719326235,0.00012391135028964426,0.00013529580959584564
1962,0.00013743506683062555,0.00011362629898940212,0.0001245918052264541,0.00013545155225438065
1963,0.00013177169486880302,0.00010403490596218034,0.00012416904145825863,0.00013133304064976984
1964,0.00011889385997265991,0.0001623906545864884,0.00012205697051120094,0.00012979901119833812
1965,0.00010993945674272255,0.0001733350189169869,0.00012178372357674463,0.0001288488488004077
1966,0.0001190031590522267,0.0001584231579909101,0.00012295132566101128,0.00013034619920072144
1967,0.00012010910438321945,0.00018582339340355246,0.00012283649517210306,0.0001305198297777679
1968,0.00011623715412699513,0.00011345399281708523,0.00012288427589487078,0.00013021275978535414
1969,0.00011971841097369582,0.00012760083860484882,0.00012294446734659788,0.00012866750110988507
1970,0.0001137816374668748,0.00010619793334626593,0.00012362180545331082,0.00012845684101339433
1971,0.00013692671213195556,0.00015206266543827952,0.0001230483964085579,0.00012978416731348262
1972,0.00011348519813812649,9.791812903131358e-05,0.00012356094351400517,0.00013111976889777
1973,0.00011758532472110042,0.00019470270170131697,0.00012296517675147495,0.00013209754879935648
1974,0.00014013392727873806,0.00011267150053754448,0.00012193728395375525,0.0001327424989896827
1975,0.0001207713227550913,0.00013063140213489532,0.00012061992341316202,0.000132224046101328
1976,0.00011184347140240586,0.00010255625922582112,0.00011968835720456101,0.00013317731207353065
1977,0.00012358654819157286,9.889213208225556e-05,0.00011926001676798074,0.000130882825498702
1978,0.00014196503047262215,0.00014086632989346982,0.00011977239050643726,0.00013066298165358603
1979,0.00011868035291425055,0.00010714338946854696,0.0001195566036311599,0.0001324881496373564
1980,0.00011552264726358569,0.00010256944689899683,0.00011919071293474796,0.00012918682531453668
1981,0.00011878954052614669,0.00010409049238660373,0.00011897764187888241,0.0001304997505270876
1982,0.00013517921189001451,0.00010553056534263306,0.00011868917402785479,0.00013080099283833987
1983,0.00012898530088326272,0.00022419567132601515,0.00011874285590602087,0.00013310125013813378
1984,0.00012592707624814163,0.00014014435175340622,0.00011795211098700142,0.00013122395094251261
1985,0.00010284173758312439,0.00012989659095183015,0.00011807063660817221,0.00013195838246028873
1986,0.00010931915202591982,0.00012980465195141732,0.00011845661862882681,0.00013177890925435352
1987,0.0001045010533157943,0.00010066497678053566,0.00011722510210109046,0.00013402040213113652
1988,0.00010848253965377808,0.00012786655526724643,0.00011640755163453933,0.00013335929012391718
1989,0.0001081853490581529,0.00010502849021577276,0.00011624467125576402,0.00013421966930036435
1990,0.00012274880020413548,0.0001678389227890875,0.0001156748442891209,0.00013400296082836577
1991,0.0001136084871702931,0.00020405235758516938,0.00011506794538840444,0.00013376053252723067
1992,0.00011096183697292064,0.00010329028533305973,0.00011484555531319024,0.00013361653375905006
1993,0.00011091037773035674,0.00014627712313085794,0.00011477218426492376,0.00013960053513292222
1994,0.00011250671469800485,0.00013513189638615587,0.00011537832517965904,0.00014044297988875768
1995,0.00011512368442102646,0.00016370436584111302,0.0001141731071369981,0.00014046873201150448
1996,0.00011715808915646954,0.00010513018554775044,0.00011335463519984235,0.00013633283821400254
1997,0.00011644833866739646,0.00011627891697571613,0.00011301834823615436,0.0001358650411479175
1998,0.00012723487523746572,0.00019021587155293673,0.00011305417867196312,0.0001362658537400421
1999,0.00010934601408532924,0.00016870882245711982,0.0001129495339545732,0.00013501370498561304
2000,0.00010033256109131293,0.00011410360195441172,0.00011309580122534601,0.00013593179683666674
2001,0.0001077714619330234,0.00012406573863700033,0.00011314680279853445,0.00013553576991544105
2002,0.00010934087402549469,9.347442028229125e-05,0.00011315521413667336,0.00013613184893038123
2003,0.0001267925579547106,0.00013480562236509286,0.00011246350671863183,0.00013439807588583788
2004,0.00011312060103389538,0.00010354342026403174,0.00011348902925189273,0.00013057311551528984
2005,0.00011368837105692364,0.00025216948124580086,0.00011328821918254511,0.00013022033651941456
2006,0.00013394306339452872,0.0001251516112824902,0.0001145586712919693,0.00012801736352266747
2007,0.00010504876082349154,0.00010617436841130257,0.00011482744717052102,0.00012765888379653918
2008,0.0001085235024543686,0.00012079832638846711,0.00011460412800790639,0.00012535032065352425
2009,0.00011751990215594156,0.0001284494251012802,0.00011435271596419626,0.0001248147898877505
2010,0.00010373749847834309,0.00013991690575494432,0.00011386402609447639,0.0001295227305032313
2011,0.00010670303409117171,9.850093309069052e-05,0.00011338754001901383,0.0001258115155331325
2012,0.00010815773508511484,0.00012361727305687964,0.0001137625950983622,0.000124715458083665
2013,0.00010975757898348901,0.00011796588223660365,0.00011366334800582587,0.00012483974689967
2014,0.00010839563251162568,0.00011993046558927744,0.0001136715397161121,0.00012396537952008658
2015,0.0001054561147530977,0.00012449459667550399,0.00011343669413019798,0.0001262779607786797
2016,0.00013924655050181578,0.00010842834832146764,0.00011285553774279025,0.0001256169158674311
2017,0.00010594158523922993,9.4470810436178e-05,0.00011264333839709354,0.00012572173893568106
2018,0.0001426716804659615,9.120279821217992e-05,0.00011250971430563367,0.00011954383636475541
2019,0.00011922611166179801,0.00012616990323294886,0.0001111886988277547,0.00011944749583490193
2020,0.00010954070535566037,0.00010599028726574034,0.00011129970987482616,0.00011899949563085102
2021,0.00011087278806371615,9.174191640340723e-05,0.0001113750816859667,0.00011802916598971936
2022,0.00010423109192439976,0.00023397743236273528,0.00011102623448694229,0.00011774106333032252
2023,0.00011532272335090157,9.743549730046652e-05,0.00011100194194910325,0.0001167339260922745
2024,0.00011872239106903888,0.00014130738622043283,0.00011111378672067078,0.00011637719763093632
2025,9.785138377790443e-05,0.0001172108223545365,0.00011116957917757746,0.00011520330967032354
2026,0.0001079762546901798,0.00010220655414741486,0.0001111358757732281,0.0001141864332254045
2027,0.00010346973437764165,0.00015128895174711942,0.0001107943676625534,0.00011313637202838437
2028,0.00011226364826951693,0.00011827949958387763,0.00011104521809805496,0.00012055316464975478
2029,0.00010781561739147744,0.00010616399697028101,0.00011031411872439396,0.00012264352460624652
2030,0.00011034776877042734,9.772191697265953e-05,0.00011042490296208095,0.00012260592344100587
2031,0.0001009176764475544,0.00012274309803615325,0.00010863717013594903,0.00012272352483123542
2032,0.00010782403700027822,9.497436331002973e-05,0.00010879010998889703,0.00012352157290442846
2033,0.00011040779773288199,9.6540085360175e-05,0.00010823475559332616,0.00012568127279519105
2034,0.00010879872218033091,0.00012124685861635953,0.00010793588499784366,0.00012699879789724946
2035,0.00010313018503236688,0.00011473847480374389,0.00010769334924601328,0.000121522472682409
2036,0.00010949915338035983,8.958272155723535e-05,0.00010710053006898508,0.00012292925778310747
2037,0.00010955254650778241,9.42700740415603e-05,0.0001066073885103429,0.00012151132732396947
2038,0.00010891499387475454,9.254397111362777e-05,0.00010656007529339857,0.00012027238950249738
2039,9.985792974475771e-05,9.367893566377462e-05,0.00010594567440501931,0.00012118551299790852
2040,0.00011172737564063734,0.0003099144122097641,0.00010619456523434362,0.00012080395211814903
2041,0.00012096906616029122,0.0001606873472337611,0.000105722273062242,0.00011984165162721185
2042,0.00010871119118140389,9.353078130516223e-05,0.00010568786824911108,0.00011998280356929172
2043,9.797835981266366e-05,9.414283296791836e-05,0.0001052541502990708,0.00011953643931483385
2044,0.00012304960798549777,0.00014612110506277533,0.00010593122062920074,0.00011941948090970982
2045,9.5656845466389e-05,0.00015998278453480453,0.00010606188515796221,0.00011971591984911355
2046,0.00010340102317665394,0.00012468004395486788,0.0001054905016415028,0.00012048895969346633
2047,9.816769812864044e-05,9.706930199172347e-05,0.0001052390146787123,0.00012065983261854855
2048,0.00010050224392519643,0.00013260512481792829,0.00010518625715631059,0.00012066634809889366
2049,0.00010639385210298416,0.00010585912474198267,0.0001055584126113293,0.00012054159898834769
2050,9.666855335429621e-05,8.623737681773491e-05,0.00010522375965180495,0.0001228872115869308
2051,9.261623248069857e-05,0.00012503464153269307,0.00010489587456492396,0.0001239042636792874
2052,0.00010969200511074935,0.00014174992975313216,0.00010462873415284168,0.000124060259127873
2053,0.00010045634396697601,9.422198731044773e-05,0.0001043444937282604,0.00011528700918133838
2054,0.00010695549706320485,0.00010969279552227817,0.00010342099246724197,0.00011279629313212354
2055,9.950482001942065e-05,8.656281061121262e-05,0.00010358225990655934,0.00011323033097141888
2056,0.0001178444347008028,0.00011981913790805265,0.00010375265642069279,0.00011400524225027766
2057,0.00011109065021931504,0.00010238533679512329,0.00010280730573512199,0.00011307514182699379
2058,9.612320982139661e-05,0.0001158660814689938,0.0001030494946714801,0.00011007215923455077
2059,0.00010251154811056848,0.00012551868174341508,0.00010301405095120166,0.00010849915523722301
2060,0.00010181124697232412,0.00011490136181237176,0.00010299766020099112,0.00010824161879136228
2061,0.00011880303975582744,8.646399379358627e-05,0.00010269087416300962,0.00010889988066628575
2062,0.00010118622251967382,0.00015291038900613785,0.00010213751977620025,0.00010802612156257964
2063,0.00010071786670272962,0.00011797027342254296,0.00010237357688602059,0.00010839699762291274
2064,9.317941944270084e-05,9.75788218784146e-05,0.00010252048755905383,0.00010730508679989726
2065,0.0001046213650261052,9.058316354639828e-05,0.00010267312574497838,0.00010517140602460131
2066,9.788153463483064e-05,9.841944600339048e-05,0.00010278640037674147,0.00010478464857151266
2067,0.00011274287716433819,0.0001043817272875458,0.00010344199554981767,0.00010489390360598919
2068,0.00010223827266599982,0.00011351561493938789,0.0001035783932557226,0.0001104197628592374
2069,9.941584084622768e-05,0.00012286859448067843,0.00010334838466951625,0.00011002067625813652
2070,0.00010171156887534177,8.490821972372941e-05,0.000102692833620434,0.00011020755209901836
2071,0.00010251493016969309,8.535494402167387e-05,0.00010219405509673783,0.00010883881260815542
2072,9.775792937337731e-05,9.06308908452047e-05,0.00010234421093482525,0.00010824884500761982
2073,9.283259297565867e-05,0.00014906167169101536,0.00010201751749070049,0.0001075603301549563
2074,9.255999243274953e-05,8.401514714933001e-05,0.00010074389540629149,0.00010753097151464317
2075,0.00010256998109980486,9.550927832606248e-05,0.00010054295407284776,0.00010745510983106215
2076,9.628899930652956e-05,9.773687095730565e-05,0.00010099351892907483,0.00010670168190845289
2077,0.00011350795975886285,8.840791037073359e-05,0.0001011529472106809,0.00010791574515169485
2078,0.00010328820976105312,8.455305098323151e-05,0.000100958139907905,0.00010771217660512774
2079,0.00012334537639011007,0.00011242417138419115,0.00010083900806817432,0.0001076091418566648
2080,0.00010291476266704396,0.00022470929194241763,0.00010043140298544636,0.00010863396573695354
2081,0.00011209422004564355,0.00010984197288053111,0.00010021566307016959,0.0001074901021347614
2082,9.47018739922593e-05,0.00010705723281716927,0.00010044796722359024,0.00010939136143133511
2083,8.36537467289923e-05,8.16475941974204e-05,0.0001000259000251794,0.00010930573948717211
2084,0.00010626544406275369,0.00011076949173002503,9.964653463620281e-05,0.00011103159599879291
2085,9.364391086920578e-05,9.768849049578421e-05,0.00010001488109248587,0.00011135837408946826
2086,8.696248764560247e-05,8.573002778575756e-05,0.00010013877095706347,0.00011471166419796645
2087,9.616268918357996e-05,0.00015101384691661222,0.00010067913294123074,0.00011553410114720462
2088,0.00011198198810840647,9.91345753573114e-05,0.00010015971804386939,0.00011545431650010868
2089,9.716512648285263e-05,0.0001279304029594641,0.00010039160288482286,0.0001151624574646121
2090,9.975118245670778e-05,8.549394988222048e-05,9.984719507823077e-05,0.00012206459915905726
2091,9.490323864156381e-05,9.584357729181648e-05,9.977420702473158e-05,0.00012228917000757064
2092,0.00010255275009613899,0.00013000232429476454,9.881295892474656e-05,0.00012114548278332222
2093,9.684477478408048e-05,8.491902488458436e-05,9.909378706037791e-05,0.000117322061615414
2094,0.00010522344468174399,0.0001704000768950209,9.839730688189673e-05,0.00011627857428975403
2095,9.115988891507085e-05,8.276767111965455e-05,9.830975174360596e-05,0.00011822040885454045
2096,9.303079544527766e-05,0.000128501356812194,9.968348815778476e-05,0.00012264521617325955
2097,0.00010696659078045437,9.880034311208874e-05,9.914082927409455e-05,0.00012147177883307449
2098,9.592983959009871e-05,0.00023289392440347,9.986027195959143e-05,0.00012089825751027091
2099,0.00010606904203693072,0.00010457607088028453,9.99639047432639e-05,0.00012079843676183372
2100,8.958460866577096e-05,9.351466214866378e-05,0.00010069845657692186,0.00012085898712975904
2101,0.00010208612033036641,9.044039506989066e-05,0.00010026629651612083,0.00012204765504866371
2102,9.98977645940613e-05,0.00026096145273186267,0.00010008166871395788,0.00012337241600325798
2103,0.00010146350842357303,9.016732219606638e-05,0.00010005570722666256,0.0001243780844291905
2104,9.93141738904847e-05,8.383199077798054e-05,0.00010034996186505951,0.0001238330310239689
2105,0.0001099354660578279,0.00012912376274471171,0.00010006693222061987,0.00012169670924486125
2106,9.468221558361418e-05,8.375478973903228e-05,9.987458077796165e-05,0.000124011747748591
2107,9.25129955349904e-05,0.0001556030969368294,9.954671632310944e-05,0.0001207862781942822
2108,0.0001179971570834621,0.000192267777165398,9.949728175383318e-05,0.00012222425721702168
2109,9.269897197049835e-05,8.143355822539888e-05,9.955511656751492e-05,0.00012043575167772361
2110,0.00011162997800662803,8.335045742569492e-05,9.882871838991479e-05,0.00012265695059322752
2111,8.955330723741402e-05,8.323450907482766e-05,9.930997418026285e-05,0.00011660151214455256
2112,0.000114526485025029,0.00015252760611474513,9.876096727449395e-05,0.00011651493982644752
2113,0.00010117798658838081,0.00012885127332992852,9.969849866627354e-05,0.00011584989601979033
2114,9.254943142877892e-05,0.0001610494268243201,9.919052095663374e-05,0.00011822175164998044
2115,9.910214527432496e-05,0.00011063566053053364,9.913559322562328e-05,0.00011167193461151327
2116,0.000102259604601487,8.221724216127769e-05,9.862612523688263e-05,0.00011126631264633032
2117,9.547700898514853e-05,7.659427981707268e-05,9.860611534968484e-05,0.0001129895535093965
2118,9.20359887176245e-05,0.00014279498747782782,9.798864201907743e-05,0.00011104761933966074
2119,9.702683331043873e-05,8.976333803730086e-05,9.84154155629868e-05,0.00011100854306132534
2120,8.992402468316464e-05,0.00011871714668814093,9.84646517586144e-05,0.00010787272005691194
2121,9.447666578732121e-05,8.378871832974255e-05,9.768353308997273e-05,0.00010334569188999013
2122,8.88066363404505e-05,0.00015433031599968673,9.736817616600697e-05,0.00010419906845199877
2123,0.00010796123434880024,8.150796318659559e-05,9.635473447754823e-05,0.00010487652713782156
2124,9.234386939270836e-05,0.00010241176292765885,9.639396284118346e-05,0.00010460184943513016
2125,0.00011302289346026049,7.68885669822339e-05,9.533879618166893e-05,0.00010284929217305035
2126,8.938667758937098e-05,0.00014973678582464345,9.567789859623492e-05,0.00010197748133796268
2127,9.852457131880025e-05,9.721602677018382e-05,9.592424915010472e-05,9.962377052870581e-05
2128,8.87268087050567e-05,8.002677306649275e-05,9.574425382403813e-05,0.00010254660073551352
2129,9.881392671054022e-05,0.0001269130123546347,9.536542428152947e-05,0.00010257272837043277
2130,9.449863279264213e-05,8.057540850131773e-05,9.493702033457035e-05,0.00010254039962601384
2131,0.00010535155418134915,8.27778827806469e-05,9.529828126477594e-05,0.00010074767698824873
2132,9.37439004256804e-05,7.720752182649449e-05,9.547892076015058e-05,0.00010219990999030417
2133,9.846919036741989e-05,7.909207299235277e-05,9.65813827015356e-05,0.00010038986197614579
2134,8.481504887135493e-05,0.00010276797227561474,9.648304192556273e-05,0.00010001654773950578
2135,8.629393579515939e-05,0.00010028692457126454,9.62777700132897e-05,0.00010093735130503775
2136,9.053401632829466e-05,7.63675665075425e-05,9.580597332937436e-05,0.00010103761332575232
2137,8.814731853716593e-05,0.00010871367456275039,9.601356731857068e-05,9.99161217303481e-05
2138,0.00010965554695253053,0.00010705600245273672,9.577398110284573e-05,0.00010042116871336476
2139,9.870819527552359e-05,0.00010220665659289807,9.734639852087839e-05,9.81425866659265e-05
2140,9.460226212266004e-05,0.0001837064157007262,9.709103759766245e-05,9.739349538576788e-05
2141,9.278886603877052e-05,8.28704330342589e-05,9.68544536968693e-05,9.713535838527604e-05
2142,8.476691031117096e-05,7.57860612065997e-05,9.645764322615124e-05,9.54258458688855e-05
2143,0.0001010675119727643,9.797692153370008e-05,9.585624727252353e-05,9.570171222439968e-05
2144,0.00010154282069480461,0.00012606916308868676,9.498212411158923e-05,9.615511111915112e-05
2145,0.00011748557321779016,7.346594633418135e-05,9.465731890813913e-05,9.765694054658525e-05
2146,9.201814638799988e-05,7.445586241374258e-05,9.458092318479126e-05,9.812582458835096e-05
2147,8.367483853362501e-05,0.00017735040513798593,9.459764220292627e-05,9.712774302461186e-05
2148,9.61663172509159e-05,8.401451370446011e-05,9.501469357411324e-05,9.609020413481632e-05
2149,9.753371912261678e-05,7.437447304255329e-05,9.497350391821884e-05,9.732291396940129e-05
2150,0.00010703323806713646,8.951474155765027e-05,9.510073383797945e-05,9.591934237978423e-05
2151,0.0001286971130401879,9.277223463868722e-05,9.459431098431298e-05,9.516311673796738e-05
2152,9.214054823840141e-05,7.848874476621858e-05,9.450835691176406e-05,9.440620553796182e-05
2153,8.281221118522808e-05,7.357334805419669e-05,9.424376010526128e-05,9.083831086463763e-05
2154,8.889366494258865e-05,8.41751994448714e-05,9.373260370242254e-05,9.071562043973247e-05
2155,7.94637339519492e-05,8.747206738917157e-05,9.425691488593455e-05,9.188101635663772e-05
2156,8.349847515799209e-05,9.411285514943302e-05,9.344665280109943e-05,9.499682220048272e-05
2157,8.562377033942741e-05,0.00011475325751234777,9.319090840969391e-05,9.381480213487521e-05
2158,9.655929728372334e-05,9.081417403649538e-05,9.191065163306324e-05,9.405041419086047e-05
2159,8.523302432473025e-05,7.781593318213709e-05,9.163775667063117e-05,9.448739794606808e-05
2160,9.672022007483368e-05,7.4348452326376e-05,9.203254879846807e-05,9.106758109119254e-05
2161,8.950427493093432e-05,0.00010718531237216666,9.144750803857783e-05,9.281970884476322e-05
2162,9.132806653118071e-05,7.362438482232392e-05,9.100980711939176e-05,9.729609697533306e-05
2163,9.6994975610869e-05,8.815036140731536e-05,9.038679210967126e-05,9.671135510725435e-05
2164,9.655934346180099e-05,8.328387659275904e-05,8.925340581821122e-05,9.808002381760161e-05
2165,8.798734196009011e-05,9.450904886762146e-05,8.878733050951269e-05,9.831738682987635e-05
2166,8.000995596780234e-05,7.980317241162993e-05,8.888209874243736e-05,0.00010017935989017134
2167,9.787468989897106e-05,0.00010492095912923105,8.898766544589307e-05,0.00010007488266855945
2168,8.081095985188666e-05,0.00017587206762982534,8.926818283281238e-05,9.958318673598116e-05
2169,9.514921090966608e-05,9.651866144849919e-05,8.944449575986558e-05,9.892239803448321e-05
2170,8.547915380202338e-05,7.935624773381278e-05,8.962435441725473e-05,9.724598295288161e-05
2171,8.519577232719813e-05,8.53804562939331e-05,8.919243695628311e-05,9.766039244132116e-05
2172,9.354464172954774e-05,9.185498376609757e-05,8.917865772705731e-05,9.901381567469799e-05
2173,8.154029825365999e-05,0.00012781770754372702,8.901198123736929e-05,0.00010277267007040792
2174,8.659119614296489e-05,0.00018628417630679904,8.894074900696675e-05,0.00010229341713129542
2175,9.145786282412397e-05,7.489619485568256e-05,8.892741665476932e-05,0.00010252173352055253
2176,0.00010036245575368715,0.00012698895239736884,8.846693158266133e-05,0.00010260082948952913
2177,8.048866552093791e-05,8.442282007308676e-05,8.774359062663278e-05,0.00010250959767727183
2178,8.518141700834449e-05,0.00012012267456157133,8.761433981320198e-05,0.0001039751999283908
2179,9.15328325289819e-05,8.156326890457422e-05,8.841739447476964e-05,0.00010459857491368894
2180,8.647666862493174e-05,7.517966907471418e-05,8.804410072560938e-05,0.0001039484233391704
2181,8.790629833432225e-05,7.759313761198428e-05,8.79573568100265e-05,0.00010013151997991372
2182,9.012023677415628e-05,7.284288047230802e-05,8.73317829436726e-05,9.976563242671545e-05
2183,8.576136075943294e-05,0.00010117441124748438,8.788206298421653e-05,0.00010151025585073512
2184,8.48885435940853e-05,0.00011165151401655749,8.835108100384886e-05,0.00010430848241958302
2185,9.255330783263263e-05,0.00016831981221912429,8.829696471738215e-05,0.00010570384520979132
2186,8.772346917087109e-05,9.520398889435455e-05,8.829616477402547e-05,0.0001056942850438645
2187,9.099475772624525e-05,7.933229455375112e-05,8.83575211912911e-05,0.00010352052804955745
2188,8.548284880816936e-05,9.012776063173078e-05,8.838997367937635e-05,0.00010428027347370516
2189,7.847581956108722e-05,8.100308128632606e-05,8.791707326567524e-05,0.00010319642052927519
2190,8.47560716243202e-05,0.00013114910514559598,8.87075608673816e-05,0.00010456686957331836
2191,0.00010008632250699319,9.538754704408348e-05,8.882670308489145e-05,0.0001037119005603017
2192,8.854234616996514e-05,8.866716976626776e-05,8.902697655656892e-05,0.00010329463003145064
2193,7.864236196231407e-05,8.04494836484082e-05,8.940791710823153e-05,0.00010412843910453374
2194,7.950986425081889e-05,8.737147261854261e-05,8.960887325487824e-05,0.00010396268007461912
2195,9.923615481562188e-05,0.00012297183333430438,8.920181516441516e-05,0.00010565910162986257
2196,9.692122281800645e-05,0.00015533612051513046,8.904877064859545e-05,0.00010468125600309577
2197,9.21917345678796e-05,0.00012673905352130532,8.896278756664186e-05,0.00010453406145970802
2198,8.152029966974321e-05,0.00012757870339555666,8.855776479112035e-05,0.00010123439332237467
2199,8.812510657460533e-05,0.000131940251449123,8.853244869937446e-05,0.00010435338645474986
2200,9.226917502625535e-05,9.388983045937493e-05,8.857649522413136e-05,0.00010600263607921078
2201,8.853994541115956e-05,9.989262878661975e-05,8.812310571310161e-05,0.00010562858934572432
2202,0.00010025085556359652,0.00011868404617416672,8.908603314484934e-05,0.00010555654419295023
2203,8.815997244609105e-05,9.874844923615455e-05,8.905933503701816e-05,0.00010477901511185337
2204,9.653966932091861e-05,7.113150568329729e-05,8.869025540027198e-05,0.00010474160624726209
2205,9.6000182416497e-05,9.602489590179175e-05,8.872908850413902e-05,0.00010497355917177629
2206,9.293020200048987e-05,7.344916186411865e-05,8.892466105591868e-05,0.00010477769327699206
2207,7.994378451257944e-05,0.00011525341935339384,8.875596276322742e-05,0.00010454993558814749
2208,8.193524786394037e-05,7.672827057831456e-05,8.797832503817821e-05,0.00010437724924413487
2209,8.27389665452453e-05,0.00010797165043186397,8.785967618815548e-05,0.00010082496556569823
2210,8.242773844459508e-05,8.582810878579039e-05,8.795551799088974e-05,0.0001008341433655005
2211,8.709056687722396e-05,0.00017317881720373406,8.830372164407484e-05,9.949543105321936e-05
2212,9.209592084516771e-05,0.00012056353516527451,8.802159036115173e-05,9.85171342821559e-05
2213,7.414811103242553e-05,8.077659229456913e-05,8.760964619545524e-05,9.811293210077564e-05
2214,0.0001025490053547805,7.920195246697404e-05,8.719183006032835e-05,9.683423299866262e-05
2215,8.40886189285407e-05,0.00011171087811817415,8.674436947298494e-05,9.511104322446045e-05
2216,9.085933158833844e-05,9.445232542930171e-05,8.667514383786408e-05,9.391980262298602e-05
2217,8.951317376664115e-05,9.446599287912249e-05,8.589910491815923e-05,9.403368314087857e-05
2218,8.353167575680548e-05,7.555283627880272e-05,8.559830164271664e-05,9.416529636655469e-05
2219,7.529240693353737e-05,8.16775303974282e-05,8.479601530966142e-05,9.453323690977413e-05
2220,7.979521168939148e-05,0.00011865467473398894,8.538655904380398e-05,9.436972130497453e-05
2221,9.395500156743866e-05,6.652902855421417e-05,8.5273441488971e-05,9.465227726032027e-05
2222,9.458777963623611e-05,0.00012696849851636215,8.491402795544774e-05,9.960751715698283e-05
2223,9.022539099937098e-05,9.411089558852836e-05,8.515619440424618e-05,9.931298821757083e-05
2224,8.107182450152727e-05,0.0001074828321725363,8.526680883595772e-05,9.530592442315538e-05
2225,8.197057088384301e-05,8.378477592486888e-05,8.45180957749512e-05,9.317472492111848e-05
2226,7.809454203298729e-05,6.792515123379416e-05,8.467479723460404e-05,9.332812598731834e-05
2227,8.906434088001131e-05,7.560430181911215e-05,8.375244734375479e-05,9.896345210436266e-05
2228,8.642933156806976e-05,6.896743419929408e-05,8.390006179203435e-05,0.00010375905455148313
2229,7.713869632829704e-05,7.397851863061078e-05,8.369355018205371e-05,0.0001054066974000307
2230,8.848010053043254e-05,9.931522654369474e-05,8.382330350545494e-05,0.0001052677023137221
2231,7.287304367410899e-05,8.264767544460483e-05,8.375772805981493e-05,0.00010484195878962054
2232,9.470737786614336e-05,0.0001111655292334035,8.40147974367331e-05,0.00010445167107100133
2233,7.910730899311602e-05,8.379216946195811e-05,8.487878246653255e-05,0.00010492117231769952
2234,7.375362820716368e-05,0.0002318526478484273,8.450284641811676e-05,0.00010529719696205575
2235,8.84818996645562e-05,7.846488530049101e-05,8.395830719867568e-05,0.00010333794889447745
2236,8.985592767001233e-05,7.300222234334796e-05,8.361136455690332e-05,0.00010400174428650643
2237,7.337809432000439e-05,6.728354761435184e-05,8.356644824347717e-05,0.00010269930411013775
2238,7.806564752374672e-05,8.461161894956603e-05,8.418887918718004e-05,0.00010195228541269897
2239,7.949025808354943e-05,0.0002200851053930819,8.398451989277317e-05,0.00010323699310829396
2240,8.777898013552961e-05,0.00023160093929618596,8.396957835421845e-05,0.0001028709306876408
2241,8.56965413388227e-05,0.00013564339664299041,8.35915213816204e-05,0.00010348876825009938
2242,9.275700685167168e-05,9.099111572140828e-05,8.332217142871943e-05,0.00010392937117721887
2243,8.189228961580536e-05,6.490924817626365e-05,8.292587087069276e-05,0.00010484304344863632
2244,8.17191413564918e-05,7.19203374319477e-05,8.293525435664277e-05,0.00010505271608417389
2245,0.00010139483743437773,0.00013039220590144396,8.243551203567121e-05,0.00010352777961816176
2246,8.455660035704366e-05,7.592964466311969e-05,8.264639859294726e-05,0.00010912168514623773
2247,8.097429915020863e-05,7.798729682690465e-05,8.383183391415514e-05,0.00010275684204825669
2248,8.155182495506274e-05,0.00011070578038925305,8.380360067692691e-05,0.00010221521213243252
2249,7.994891666587339e-05,7.492182776331901e-05,8.324581109013202e-05,0.00010240453160658948
2250,9.753134447641464e-05,6.510930848889985e-05,8.347703335845534e-05,0.00010465404564165513
2251,7.298555967281572e-05,0.00010004284362366889,8.389071258586935e-05,0.000104094859136967
2252,8.869080241614332e-05,6.645274130278267e-05,8.459812181406757e-05,0.00010193166892859154
2253,7.697790725311886e-05,8.441337326075882e-05,8.42375082500641e-05,9.540250987629406e-05
2254,7.040494750577233e-05,8.499359180859756e-05,8.421918068068203e-05,9.506725635728801e-05
2255,7.857258657976571e-05,0.00012215703332913108,8.349196204023126e-05,9.399340823292733e-05
2256,7.310763082285928e-05,8.788949133304414e-05,8.32885383343738e-05,9.48626743396744e-05
2257,8.221381984185427e-05,7.304211758309975e-05,8.318196946703312e-05,9.769010411400813e-05
2258,8.437947292501728e-05,0.00022363980766385794,8.237128825082134e-05,9.53678475547349e-05
2259,0.00010338951123736075,7.273157039890066e-05,8.233874399189115e-05,9.490776923776138e-05
2260,8.777606873384988e-05,6.4924137404887e-05,8.213514267053042e-05,9.515671049302911e-05
2261,7.59111880001405e-05,7.773520919727162e-05,8.234747155996351e-05,9.53885297960369e-05
2262,7.915865102808716e-05,0.0001235213984909933,8.239458650738623e-05,9.500087552878541e-05
2263,8.840762820909731e-05,7.063195633236319e-05,8.180529431556352e-05,9.539700560853816e-05
2264,9.717548878850519e-05,0.00016600535018369557,8.214597674474741e-05,9.643061581009534e-05
2265,7.876364103544297e-05,6.837196298874914e-05,8.181759170127204e-05,0.00010350136701308656
2266,8.523835210427125e-05,0.00012726205866783857,8.215687282305831e-05,0.00010266332100436556
2267,7.457654084040162e-05,6.414491261239164e-05,8.257422171979366e-05,0.00010180618049926124
2268,7.680669696936901e-05,8.664090084494092e-05,8.267669188887037e-05,0.000102753822656814
2269,7.905491967297469e-05,0.00014260608179029078,8.29955676340938e-05,0.0001036176741152303
2270,8.112780702908317e-05,7.233579191961325e-05,8.366746349913432e-05,0.00010593738047464284
2271,8.374299388378858e-05,6.442768673878163e-05,8.373630626237073e-05,9.966319546219893e-05
2272,7.58842661161907e-05,8.421082820859737e-05,8.293873699892883e-05,9.980987178278155e-05
2273,8.686004719088993e-05,0.00011650126296444796,8.239122582890562e-05,0.00010076249114936218
2274,8.112679035144134e-05,6.523047108203172e-05,8.265412481107182e-05,0.00010551964282058182
2275,8.279903968084707e-05,7.501256048271899e-05,8.296742490460425e-05,0.00010435341817210429
2276,8.150262040241311e-05,0.00012588309866259806,8.268989074115073e-05,0.0001039757752820151
2277,8.048117632925925e-05,0.00024322152137756347,8.192943261464179e-05,0.00010045151550148149
2278,8.54599352977756e-05,6.346222304273396e-05,8.194967978472253e-05,0.00010039473739743699
2279,8.083866992415601e-05,6.356507918098942e-05,8.152021122158557e-05,9.800448284368031e-05
2280,8.113434080668311e-05,0.00014584808726795018,8.17376968829194e-05,9.853869313374162e-05
2281,8.107952445344483e-05,0.00010948577779345215,8.142099248749825e-05,9.846925243909936e-05
2282,9.901121646786729e-05,0.00013103477656841277,8.154442593545859e-05,9.728771520603913e-05
2283,8.610054200592761e-05,6.678518235275988e-05,8.210919926188783e-05,9.812146031181326e-05
2284,8.34502796513132e-05,7.639847841346636e-05,8.203881646622903e-05,9.853291863691992e-05
2285,7.408828948326926e-05,8.873962156940252e-05,8.202802327060554e-05,9.771328874048777e-05
2286,8.248366255429573e-05,0.00019666400097776205,8.188859795595312e-05,9.565141941420734e-05
2287,8.699115336639807e-05,9.436578227905556e-05,8.167277329420256e-05,9.662922323914245e-05
2288,8.146927412275949e-05,6.11908840801334e-05,8.134159398937803e-05,9.667675881355535e-05
2289,7.816403562578165e-05,7.789885567035525e-05,8.113747595796466e-05,9.404106797592249e-05
2290,7.92698202874615e-05,6.695251038763673e-05,8.081481273208434e-05,8.953408900706563e-05
2291,7.450163802584736e-05,6.750569482392166e-05,8.082579893202314e-05,9.076122979458887e-05
2292,8.001368237374764e-05,7.750016986392439e-05,8.094764805347142e-05,9.070532625482884e-05
2293,6.888908708384001e-05,8.490488347888459e-05,8.047667041084627e-05,8.814694521424827e-05
2294,8.214075587198345e-05,0.00011306765096378512,8.036687597567734e-05,8.62118113291217e-05
2295,9.524714018981386e-05,9.31794195639668e-05,7.960347627910477e-05,8.465664383547846e-05
2296,8.198342399231882e-05,7.47141448664479e-05,7.959035174119184e-05,8.44305456324946e-05
2297,7.561443622560343e-05,6.372008079779335e-05,7.93457640024523e-05,8.541510253562591e-05
2298,8.337441432457934e-05,6.495452980743721e-05,7.927231511566789e-05,8.46176309074508e-05
2299,7.57311738076775e-05,8.967556670540943e-05,7.905073007633394e-05,7.93197951716138e-05
2300,7.451955706023404e-05,7.62009498430416e-05,7.941152991520036e-05,7.905149592261295e-05
2301,7.639966961707816e-05,5.999082772177644e-05,7.910809623491435e-05,7.929973338614217e-05
2302,7.241459568225157e-05,0.00013054704715614206,7.899033114792676e-05,7.902859008172527e-05
2303,8.57345902962455e-05,9.414074273081496e-05,7.861699617610108e-05,7.89165972790215e-05
2304,8.388489796036286e-05,6.216749068698845e-05,7.82608122435502e-05,7.862150075670796e-05
2305,6.93598997410542e-05,8.188856125343591e-05,7.781929876137939e-05,8.258004165545571e-05
2306,7.833466357422165e-05,6.110743066528812e-05,7.801551922683655e-05,8.169907194387633e-05
2307,7.992622405355279e-05,9.21555892273318e-05,7.860972809204314e-05,7.989932840573601e-05
2308,8.577242855810456e-05,6.113272727816366e-05,7.76914567233891e-05,7.978769706969617e-05
2309,7.733558618282486e-05,0.00010101240099174902,7.718201746530312e-05,7.961323617200833e-05
2310,7.22520673136589e-05,6.880283086502459e-05,7.733618634908149e-05,8.07772339467192e-05
2311,7.694403657094679e-05,6.42181075818371e-05,7.771629474462112e-05,8.07785931887338e-05
2312,9.601114933805851e-05,8.765830105403438e-05,7.74674111569766e-05,8.256626138754654e-05
2313,7.388343211560924e-05,6.739682066836394e-05,7.763043669854393e-05,8.244783432164696e-05
2314,7.521990845109233e-05,7.112027305993252e-05,7.779000112269487e-05,8.328826433280484e-05
2315,6.993644599181911e-05,6.415269032004289e-05,7.774789059638149e-05,8.18508611584548e-05
2316,6.559703971207556e-05,6.012828176608309e-05,7.728052553138697e-05,8.151521036052146e-05
2317,6.897584531947763e-05,0.00017646369233261793,7.650143948816954e-05,8.156773438095117e-05
2318,7.379459872026928e-05,6.288064068940002e-05,7.678174209140706e-05,8.195497475680896e-05
2319,9.699597750214808e-05,6.807406251027715e-05,7.655288464447949e-05,8.483116574352608e-05
2320,7.22903559734631e-05,9.038863616297022e-05,7.66741058139208e-05,8.357853044290097e-05
2321,6.924744254016938e-05,7.035262242425234e-05,7.605617459080854e-05,8.360737631446681e-05
2322,7.946865832006248e-05,9.28200251655653e-05,7.562620596306968e-05,8.239403765765019e-05
2323,9.28771242130703e-05,6.498851085780188e-05,7.570073301354165e-05,8.217855266993866e-05
2324,6.950908411656403e-05,0.00013436727167572826,7.535893022270303e-05,8.216785100521519e-05
2325,7.859519559941771e-05,7.324027319555171e-05,7.486756396311748e-05,8.292154864175243e-05
2326,8.038878022085151e-05,8.100157800072338e-05,7.470601653201608e-05,8.32040391047485e-05
2327,7.136183252441697e-05,9.461196779739112e-05,7.443984327126398e-05,8.292906314600258e-05
2328,7.40504636713821e-05,8.574947278248147e-05,7.441322102741754e-05,8.532511152443475e-05
2329,6.440774687992719e-05,6.348059119773097e-05,7.452555464955774e-05,8.563608244876376e-05
2330,7.636746482199265e-05,9.156957064988092e-05,7.549077816527442e-05,8.105631278594956e-05
2331,7.261322740103221e-05,0.00013301220533321612,7.578861385506267e-05,8.093168536724988e-05
2332,8.295675328958572e-05,6.083970671170391e-05,7.469757259338318e-05,8.078334599849766e-05
2333,7.032414798029802e-05,6.185387406731025e-05,7.469134866098303e-05,7.976262899464927e-05
2334,6.658637048935311e-05,7.067893457133323e-05,7.517725868739136e-05,7.936428187531418e-05
2335,7.41152435754581e-05,6.341570617223623e-05,7.488770310139646e-05,8.0851494387025e-05
2336,6.839896679998168e-05,6.39505659637507e-05,7.532479015159576e-05,8.105138593527954e-05
2337,8.372699284841979e-05,0.00010650074196746573,7.563185150405238e-05,7.795088284183293e-05
2338,6.98447463380742e-05,7.445908224326558e-05,7.559329685981437e-05,8.084144472959451e-05
2339,6.856557693228953e-05,6.424587409128434e-05,7.53327290763587e-05,8.012731885537503e-05
2340,6.92708898956577e-05,0.00012405389978084713,7.527485370163858e-05,7.865935210138558e-05
2341,6.840538026558029e-05,6.790255487430841e-05,7.551256788267184e-05,7.863154286751524e-05
2342,9.310643321239492e-05,6.196945076226257e-05,7.550348828372079e-05,7.94400359329302e-05
2343,8.124049096497603e-05,5.976495522190817e-05,7.558906185085005e-05,7.817482093232684e-05
2344,6.971994596016076e-05,6.436557829147205e-05,7.548744133447246e-05,7.803295723279006e-05
2345,7.213475766345962e-05,6.487071106676013e-05,7.488188656635531e-05,7.828056676662528e-05
2346,8.139519320037733e-05,6.03939444408752e-05,7.489343633319045e-05,7.916034064837731e-05
2347,7.222976867018992e-05,0.00013000033795833587,7.569188739095503e-05,7.862377850688063e-05
2348,0.00010380430046805285,6.998579956416507e-05,7.552145452743085e-05,7.931203230691607e-05
2349,7.718561792797927e-05,5.685469433956314e-05,7.630757465053142e-05,7.899005804792977e-05
2350,7.76313294934678e-05,0.00014550432038959115,7.61964940113507e-05,7.770558941119817e-05
2351,7.387458563445963e-05,6.314843114523682e-05,7.632394359388855e-05,7.748926503118126e-05
2352,6.991494815641393e-05,5.791279894765467e-05,7.674474850678557e-05,7.772118218708783e-05
2353,7.999331819721394e-05,8.505424193572253e-05,7.680772510001489e-05,7.575964540010317e-05
2354,6.418075690615094e-05,8.369291783310472e-05,7.704746662477396e-05,7.644770366605371e-05
2355,7.850680400022409e-05,5.993919563479722e-05,7.6978313747289e-05,7.624878397036807e-05
2356,7.00727144915921e-05,0.00012946561284479685,7.641927515667502e-05,7.64130476862192e-05
2357,6.78178840866571e-05,6.702994505758397e-05,7.660095785104205e-05,7.66473710653372e-05
2358,7.061289215117642e-05,8.384822111111134e-05,7.654474754009346e-05,7.71025908034062e-05
2359,8.654764693346806e-05,5.726488103391603e-05,7.640524720352712e-05,7.694775426934939e-05
2360,6.985442198735352e-05,8.06220511731226e-05,7.61998924352358e-05,7.459528541949112e-05
2361,8.805196987749594e-05,5.5901209489093165e-05,7.495786961808335e-05,7.432702567311935e-05
2362,8.094997686890161e-05,7.43890260491753e-05,7.445928614470176e-05,7.497694920748472e-05
2363,7.303098590152028e-05,6.905097274284344e-05,7.409538605069327e-05,7.134052181500011e-05
2364,7.908569975471537e-05,7.00438029889483e-05,7.383072971392217e-05,7.155856870522257e-05
2365,7.084530472639016e-05,7.501548010623083e-05,7.424128331864876e-05,7.388952815381345e-05
2366,7.439891838455676e-05,8.510401152307167e-05,7.438750188351456e-05,7.319914297841023e-05
2367,9.137761127527079e-05,5.6996458370122126e-05,7.463118996982101e-05,7.20892275829101e-05
2368,6.726452619962704e-05,6.387154811818619e-05,7.409721106361959e-05,7.25732918624999e-05
2369,7.42620133193365e-05,7.022366276942194e-05,7.424581179738095e-05,6.998701716365759e-05
2370,7.072949988974465e-05,7.625120451848488e-05,7.428125323850608e-05,7.082783924124668e-05
2371,7.790768478621936e-05,5.652303108945489e-05,7.463344696960928e-05,6.992871158581692e-05
2372,6.709589946290685e-05,7.118861671187915e-05,7.405111574335023e-05,7.034300248196814e-05
2373,7.275373003924162e-05,6.327930590487085e-05,7.415115180709916e-05,7.221293527109082e-05
2374,6.472103109343961e-05,7.31027826986974e-05,7.334578731291306e-05,7.242568850633688e-05
2375,6.853382714325562e-05,5.459363557747565e-05,7.304524542737958e-05,7.200342756113969e-05
2376,6.725817721518171e-05,6.859960340079851e-05,7.266067727792283e-05,7.281219054420945e-05
2377,8.017878827457833e-05,0.00011618678516242653,7.19962960936957e-05,7.338557514594868e-05
2378,8.364878231885894e-05,6.779461255064234e-05,7.256186743680801e-05,7.567589143291117e-05
2379,7.027295906381268e-05,5.594503294560127e-05,7.322307882714085e-05,7.50978671363555e-05
2380,6.515733134518894e-05,7.204080262454226e-05,7.240700131256342e-05,7.511563549342099e-05
2381,7.378773283562622e-05,6.480874537373893e-05,7.235827220008813e-05,7.480579387047328e-05
2382,6.870392011478544e-05,8.805049699731171e-05,7.219747019310792e-05,7.449640512058977e-05
2383,7.941773542875631e-05,6.13700297253672e-05,7.231717048109405e-05,7.41802682314301e-05
2384,7.198936627699165e-05,6.76221534376964e-05,7.25510949766936e-05,7.555164712539409e-05
2385,7.235532358107675e-05,0.00012737037090118975,7.262006404085291e-05,7.60394295153674e-05
2386,6.79178575228434e-05,6.122004037024453e-05,7.290791077798025e-05,8.032164666801692e-05
2387,7.343642973056476e-05,6.383250241924543e-05,7.316244538039123e-05,7.955346402595753e-05
2388,6.341678216510142e-05,8.927004731958733e-05,7.355717094259389e-05,8.135253323125653e-05
2389,6.247617014903679e-05,8.437841803242919e-05,7.359768298241156e-05,8.234490664908663e-05
2390,8.498458830419824e-05,0.00013227338728029282,7.294520095812106e-05,8.135841605544556e-05
2391,9.092920314287766e-05,7.065340410917997e-05,7.233928322610964e-05,8.214378062693868e-05
2392,7.097567341083453e-05,5.7440667296759786e-05,7.227655818957525e-05,8.20192959276028e-05
2393,6.604629838774498e-05,5.61255075444933e-05,7.23789896350354e-05,8.15631960052997e-05
2394,7.024196314483157e-05,6.248894402233418e-05,7.251761241609022e-05,8.170359647483566e-05
2395,7.372200708939797e-05,6.83477822894929e-05,7.269391779166956e-05,8.205810901126824e-05
2396,8.375579717620794e-05,9.08075034385547e-05,7.21785545093654e-05,8.186538651352749e-05
2397,6.882012606688982e-05,8.33831764612114e-05,7.192150570368135e-05,8.176132514490746e-05
2398,7.994989846742506e-05,0.00017033473472110927,7.190420922545147e-05,8.472077879705468e-05
2399,7.10843961537143e-05,5.3898216647212395e-05,7.176750847946905e-05,8.494194932864048e-05
2400,7.840196619832164e-05,9.957036570995114e-05,7.137540660041854e-05,8.451680965081323e-05
2401,6.827097821062327e-05,9.340893884655089e-05,7.13462437596819e-05,8.318485487543513e-05
2402,6.386673766731594e-05,9.15245203213999e-05,7.170573285451006e-05,8.234467531146947e-05
2403,6.850083901857337e-05,8.742872683797032e-05,7.157169174881549e-05,7.965871068881825e-05
2404,6.870483315045325e-05,5.283291546220426e-05,7.191772031623664e-05,8.422863951418548e-05
2405,6.771811748169259e-05,6.063830456696451e-05,7.218748078513374e-05,8.40270189801231e-05
2406,7.725330236199726e-05,6.831875711213798e-05,7.216136747156272e-05,8.426898842153604e-05
2407,7.31115545042687e-05,9.691331040812657e-05,7.186400168445997e-05,8.434885997558013e-05
2408,6.653365337115246e-05,5.6551967281848194e-05,7.167780550274378e-05,8.421630644297693e-05
2409,6.556314613489021e-05,6.502061922219581e-05,7.108744932791322e-05,8.485568188189065e-05
2410,7.192291162532961e-05,0.00020135671220486984,7.09180106596452e-05,8.373874825774693e-05
2411,6.45003388732827e-05,6.674930365988984e-05,7.157150466421932e-05,7.910432723874692e-05
2412,6.363388275430124e-05,5.3204010473564264e-05,7.129366931492566e-05,7.908267461461947e-05
2413,6.268771114668602e-05,5.597117793513462e-05,7.090013302060673e-05,7.728614798397759e-05
2414,7.146339751974058e-05,6.337392893328798e-05,7.0805053494405e-05,8.048532163375058e-05
2415,8.163356066183446e-05,6.512427171401214e-05,7.135145622240896e-05,7.987620919302573e-05
2416,9.957991732840633e-05,0.00018490162474336103,7.163626998662948e-05,7.9094755180995e-05
2417,7.771968513326202e-05,5.240015394520015e-05,7.123669894062914e-05,7.955349668336566e-05
2418,6.539346554846916e-05,6.2174743579817e-05,7.153037878451869e-05,8.1755176288425e-05
2419,6.280781846726313e-05,6.448573287343607e-05,7.133110986259354e-05,8.161759608192369e-05
2420,6.906710254649321e-05,6.503394397441297e-05,7.100335322902539e-05,8.13636624836363e-05
2421,6.899689280544408e-05,0.00010679188941139728,7.087165756804299e-05,8.201127521460875e-05
2422,6.458415936018961e-05,5.54598358576186e-05,7.069011197211997e-05,8.187749031931162e-05
2423,9.628724858177723e-05,5.447420924610924e-05,7.049164872571257e-05,7.589590947318358e-05
2424,6.413851242137348e-05,5.3356901044026015e-05,7.039810179234742e-05,7.526494379853831e-05
2425,6.856355884034808e-05,5.4657199943903836e-05,7.063297547024882e-05,7.619008127076086e-05
2426,6.589399005558031e-05,0.00017338828009087594,7.080136343591018e-05,7.855712342716289e-05
2427,7.752680586741513e-05,7.629670930327848e-05,7.072679980968434e-05,8.107733183423989e-05
2428,7.56211831240863e-05,6.789237653720192e-05,7.093625672569032e-05,8.172499953943771e-05
2429,5.8715557000444584e-05,6.430145302147139e-05,6.96763537633362e-05,7.709748631750697e-05
2430,7.506011357893132e-05,0.00011568029469344765,6.924670031714615e-05,7.936142106482292e-05
2431,7.227157931386804e-05,6.487925194960553e-05,6.937572590379407e-05,7.893527554697357e-05
2432,6.491763866506517e-05,9.056497045094147e-05,7.021367131124458e-05,7.886631630244665e-05
2433,6.324126184659286e-05,7.274228555615991e-05,7.017869796901424e-05,7.916834154748359e-05
2434,6.1024506236814584e-05,6.167599683976733e-05,6.974418793817879e-05,7.739271001191811e-05
2435,6.696133046514459e-05,5.1817191051668486e-05,7.001202749929184e-05,7.789248925109862e-05
2436,6.216166553915375e-05,5.097516179375816e-05,6.874703942966233e-05,7.817311975813937e-05
2437,6.950572470183639e-05,7.633244727912825e-05,6.883898729704217e-05,7.863443334645126e-05
2438,6.689741028822028e-05,0.00011514723184518515,6.865531575555603e-05,7.869305528292899e-05
2439,6.959930686409481e-05,0.00012637913911021315,6.903025536448696e-05,7.612155920651277e-05
2440,8.686998356198374e-05,8.13159643439576e-05,6.847582514682371e-05,7.594964474556038e-05
2441,6.808234326955345e-05,6.921379419509321e-05,6.811027494453206e-05,7.536337273777465e-05
2442,6.697834897851054e-05,0.00010899852262809873,6.876400128757169e-05,7.583985678211324e-05
2443,6.861910521466699e-05,5.152110563358292e-05,6.865029630361176e-05,7.360532966267785e-05
2444,8.375645365352587e-05,6.2761751760263e-05,6.81035895188365e-05,7.315175586845727e-05
2445,6.81927689907348e-05,7.258457510033622e-05,6.780104939276094e-05,7.181834314833396e-05
2446,5.813414203455775e-05,6.240110102226026e-05,6.898651844207457e-05,7.117036727431697e-05
2447,7.128014838801594e-05,6.795431683713104e-05,6.912217123285195e-05,7.198896779736971e-05
2448,6.466254684103964e-05,6.148997192212847e-05,6.889948414140639e-05,7.22003202419728e-05
2449,6.643720910586934e-05,6.488974075182341e-05,6.983436116295503e-05,7.220629817747977e-05
2450,6.397177030319451e-05,5.612274835584685e-05,6.974510751250717e-05,7.375136743648909e-05
2451,7.526748027885333e-05,0.00010910087818047031,7.02010224683262e-05,7.148609370342455e-05
2452,6.366605042583413e-05,7.199884777946863e-05,6.995849283606125e-05,6.881726216524839e-05
2453,6.648242806679466e-05,5.323557634255849e-05,6.909001381977253e-05,6.763576256635133e-05
2454,7.505871557643533e-05,7.62135541299358e-05,6.878357677358306e-05,6.785558399569709e-05
2455,7.221748897993368e-05,5.98171167075634e-05,6.880771125239942e-05,6.654828292666934e-05
2456,5.86039096944862e-05,5.3539907094091176e-05,6.878827535741342e-05,6.686617349623702e-05
2457,5.7354135513176317e-05,5.7229652447858826e-05,6.766456026913754e-05,6.644452384789474e-05
2458,9.287798807943343e-05,5.6542888705735096e-05,6.759821474325792e-05,6.644012076721992e-05
2459,6.441582600624921e-05,8.214100991608575e-05,6.854247626389324e-05,6.610405897081364e-05
2460,6.139415317900582e-05,5.710100216674619e-05,6.807520248856033e-05,6.540775886096526e-05
2461,8.553359107786997e-05,5.112461018143222e-05,6.816622057457507e-05,6.683474546880461e-05
2462,6.727438344063961e-05,0.00011495917875436135,6.778943692916072e-05,6.638787004631012e-05
2463,7.829528418369591e-05,5.851538851857185e-05,6.794106856492969e-05,6.694108879892155e-05
2464,6.353606605747093e-05,5.965835065580905e-05,6.741770547555967e-05,6.485276701278054e-05
2465,6.515800815476623e-05,5.177847437153105e-05,6.771148366775984e-05,6.436261003254912e-05
2466,6.04214171148164e-05,7.470932992873713e-05,6.813072004394294e-05,6.606085691018962e-05
2467,6.758171094891926e-05,7.631599590240512e-05,6.757483377004973e-05,6.610599017585627e-05
2468,6.813320784001715e-05,5.9468369872774926e-05,6.711900905065704e-05,6.583565321343485e-05
2469,5.566357644662882e-05,5.222051055170596e-05,6.804829360626172e-05,6.6580811390304e-05
2470,6.65341308437443e-05,7.247449808346573e-05,6.838807958120015e-05,6.648765315185301e-05
2471,8.174068005044117e-05,5.399955611210317e-05,6.72871498420136e-05,6.619023465900683e-05
2472,5.959830400469299e-05,5.054681409092155e-05,6.737322212462054e-05,6.631157175288538e-05
2473,6.693799899140787e-05,9.716463711811229e-05,6.747567007486293e-05,6.819190637907013e-05
2474,5.7017617970511006e-05,5.371785518946126e-05,6.656514497978302e-05,6.814833702810574e-05
2475,6.776256119741851e-05,6.995321717113257e-05,6.648592357135688e-05,6.788643747859169e-05
2476,6.218340304460274e-05,5.689283352694474e-05,6.581495793005969e-05,6.860559086489958e-05
2477,7.101050523083864e-05,5.974492327368353e-05,6.606316922213107e-05,6.906355438986793e-05
2478,7.696333747137234e-05,9.569174828357063e-05,6.654823252627265e-05,6.97815512161469e-05
2479,6.11615587291049e-05,7.734188577160239e-05,6.69979063228109e-05,7.0134956666152e-05
2480,6.0821870995116315e-05,5.3058692647027786e-05,6.679518517242591e-05,6.997586355428214e-05
2481,8.183602358460323e-05,7.216886151582003e-05,6.639288090227639e-05,6.949236365326217e-05
2482,6.584878488663687e-05,5.490069648658391e-05,6.642142772098952e-05,6.982871602231174e-05
2483,6.535474459976993e-05,4.910742638458032e-05,6.62826543337562e-05,6.900116263714153e-05
2484,6.656763307142279e-05,8.517443726304918e-05,6.559189934956119e-05,6.894823622133117e-05
2485,6.395535193506576e-05,0.0001041093678213656,6.564573032794417e-05,6.900955666496884e-05
2486,6.277046370087191e-05,5.003537640732247e-05,6.539050488629276e-05,6.795889639470261e-05
2487,6.52938482299861e-05,0.00010841169001650997,6.525533453968819e-05,6.850596287986264e-05
2488,6.152114315126609e-05,7.649422317626886e-05,6.511328316507086e-05,6.838609178375919e-05
2489,6.974134835925523e-05,7.110743878001813e-05,6.537317330399268e-05,6.829532062693033e-05
2490,7.728459075830566e-05,6.972839502850548e-05,6.564593112917566e-05,6.838443029555491e-05
2491,7.166326202827299e-05,8.354446617886424e-05,6.489774600324584e-05,6.650395440519788e-05
2492,6.251368218929403e-05,7.233866810565814e-05,6.506343569651815e-05,6.725793561781758e-05
2493,5.807560108627917e-05,4.7380872347275725e-05,6.522375987551641e-05,6.707627486321145e-05
2494,5.6377246914457324e-05,6.0629319777945055e-05,6.415317671328214e-05,6.73141295759706e-05
2495,6.306479616291148e-05,5.1785663454211315e-05,6.403693504495702e-05,6.929693113197573e-05
2496,6.447180544556532e-05,5.267639571684413e-05,6.4238828359521e-05,6.923782945959828e-05
2497,6.0944078464267986e-05,5.207982518186327e-05,6.405568223530685e-05,6.770291879947763e-05
2498,6.05573629501224e-05,7.089813036145642e-05,6.379198227724475e-05,6.587563101493288e-05
2499,5.363835930539709e-05,6.739451731846202e-05,6.44923855686405e-05,7.141929044155404e-05
2500,6.421127683198493e-05,6.695643976854626e-05,6.487505074215328e-05,6.990243188920431e-05
2501,6.868065651764887e-05,5.462355460622348e-05,6.492734890909763e-05,7.061198480660096e-05
2502,7.782945086041258e-05,6.197266498929821e-05,6.521881193297707e-05,7.020956519991159e-05
2503,5.825870932312682e-05,4.867985102464445e-05,6.440003925818018e-05,6.972683912608774e-05
2504,6.530380106091292e-05,9.61914160870947e-05,6.397989834206075e-05,6.995176962809638e-05
2505,6.482997547007269e-05,4.851717378187459e-05,6.380635680009922e-05,7.026632694760338e-05
2506,5.5071444528746524e-05,7.811522933479864e-05,6.463790058656337e-05,7.133006628137082e-05
2507,6.294274317850876e-05,0.00010447073538671247,6.528818347853506e-05,7.103910845180508e-05
2508,7.040207746386942e-05,4.762988457514439e-05,6.566781520604208e-05,7.430240302346648e-05
2509,6.198897996606926e-05,4.6801670760032724e-05,6.550500592727784e-05,7.418502061627806e-05
2510,5.7362852983513016e-05,5.842717320774682e-05,6.579500747320707e-05,7.581490410666447e-05
2511,8.028054598576597e-05,0.0001886268620728515,6.586524769890173e-05,7.584518432558979e-05
2512,7.48604775678056e-05,7.049022620776668e-05,6.627997031933369e-05,7.551261819899082e-05
2513,6.282859732487446e-05,9.42330461111851e-05,6.639100055617747e-05,7.491848764184395e-05
2514,7.702792395624176e-05,6.104694861278404e-05,6.639687700048347e-05,7.482950574194546e-05
2515,5.681527388838327e-05,5.766024318290875e-05,6.555964993603994e-05,7.459347312978933e-05
2516,6.115973912528715e-05,8.916772872908041e-05,6.585283416886039e-05,7.535995430371257e-05
2517,5.817514364025556e-05,8.020260109333322e-05,6.604759992656505e-05,7.341245323477777e-05
2518,7.886419574788305e-05,7.397435569146182e-05,6.573051735273717e-05,7.354964289115742e-05
2519,7.263431921374933e-05,5.3355374038801525e-05,6.570498180582136e-05,7.320104696264026e-05
2520,7.255558935058717e-05,0.00013336802774574608,6.529774391642099e-05,7.127479260961991e-05
2521,6.040157347645921e-05,4.974183553713374e-05,6.470401070772721e-05,7.132078318682034e-05
2522,6.819411711249915e-05,9.282691244152374e-05,6.444224201938293e-05,7.12681009521475e-05
2523,6.231336859248889e-05,7.16551358345896e-05,6.427341964736116e-05,7.112077354977373e-05
2524,6.400642481619596e-05,5.908036415348761e-05,6.388940298444747e-05,6.625765672943089e-05
2525,6.69870327530791e-05,5.210317583987489e-05,6.323603286905886e-05,6.623018583632073e-05
2526,6.88275676252993e-05,5.2399007108761e-05,6.29995768097514e-05,6.547457259730436e-05
2527,5.689877424932395e-05,5.6071849685395135e-05,6.246635221436414e-05,6.613045604317449e-05
2528,6.558831514363797e-05,6.784188037272542e-05,6.313820374974362e-05,6.608714323083403e-05
2529,7.01729450035297e-05,4.750388936372474e-05,6.337296057253197e-05,6.737751920882147e-05
2530,5.6902911124375855e-05,5.194691519136541e-05,6.337295604429933e-05,6.599248384009116e-05
2531,5.4433055855851207e-05,6.940033112186939e-05,6.284687223281557e-05,6.667131465801504e-05
2532,5.276179594349944e-05,5.6314376561203975e-05,6.241012654985146e-05,6.659060131933075e-05
2533,5.555874724652515e-05,4.877964900515508e-05,6.170796902184116e-05,6.307679647870828e-05
2534,5.5444762757461935e-05,4.5484614893211984e-05,6.23475817559261e-05,6.57860308274394e-05
2535,5.314229368296866e-05,5.4743988148402426e-05,6.224912296262724e-05,6.410126255068462e-05
2536,7.068012941292384e-05,6.704894156428054e-05,6.211421127890288e-05,6.315308359335177e-05
2537,5.852622468309063e-05,6.980345388001297e-05,6.318518596073974e-05,6.262290971353651e-05
2538,5.6917195842187435e-05,7.53427151357755e-05,6.311640845863925e-05,6.26449014263926e-05
2539,6.369730907156029e-05,7.744403475953732e-05,6.244535544764303e-05,6.389353123086039e-05
2540,7.361156227287008e-05,5.65774228743976e-05,6.228437547947073e-05,6.354164448275696e-05
2541,6.702865969499624e-05,0.000121427128178766,6.221017871252521e-05,6.292075696692336e-05
2542,5.817503043443948e-05,4.557671687507536e-05,6.23491255107284e-05,6.307265003270004e-05
2543,6.571210046078906e-05,9.094512613955886e-05,6.241351697923771e-05,6.309805919590871e-05
2544,6.171567713964679e-05,5.133754057169426e-05,6.269673319798636e-05,6.387240816548001e-05
2545,5.500165115032966e-05,4.552290673018433e-05,6.290815315377485e-05,6.426150062470697e-05
2546,7.639189182858293e-05,0.00011747269425541163,6.288763841019115e-05,6.434274743660354e-05
2547,6.573264728002767e-05,5.070770552265458e-05,6.316444114846591e-05,7.012833336775658e-05
2548,5.894057649937976e-05,4.795066190126818e-05,6.336647939105104e-05,7.053367353510112e-05
2549,9.078079186211754e-05,4.582601715810597e-05,6.299656397766538e-05,7.012554533721414e-05
2550,6.526759520056658e-05,5.2652968661277556e-05,6.333151277245229e-05,6.940588884172032e-05
2551,5.20512423503937e-05,8.361475222045555e-05,6.306857537258314e-05,6.913902880914976e-05
2552,5.287427504501668e-05,4.727468098280951e-05,6.312798317133759e-05,6.866333787038457e-05
2553,6.373339596999965e-05,5.2319692476885395e-05,6.233759807526237e-05,6.925705206522253e-05
2554,7.364661495860977e-05,5.130121600814164e-05,6.179830367424681e-05,6.841422239958775e-05
2555,5.851269783710854e-05,5.2582144271582364e-05,6.192707095372802e-05,6.947132218629121e-05
2556,6.151346132456739e-05,8.875905536115169e-05,6.175189667847008e-05,6.79064214025857e-05
2557,5.804729483821171e-05,6.604168804187793e-05,6.197773125895765e-05,6.771933697746136e-05
2558,5.5045878656932876e-05,5.0810819302569144e-05,6.200090784210867e-05,6.80079194105929e-05
2559,6.236483121433089e-05,0.0001901242631720379,6.153354116055804e-05,6.512826616235544e-05
2560,5.819324974759689e-05,6.487749233201612e-05,6.139838193840762e-05,6.516622822673526e-05
2561,6.143224407828206e-05,5.684573661710601e-05,6.192007717844616e-05,6.511157330824062e-05
2562,6.689994455276368e-05,5.181204149266705e-05,6.0622257968902374e-05,6.513656288734636e-05
2563,5.034376084545834e-05,6.86712143215118e-05,6.0965608388263104e-05,6.637985196139199e-05
2564,6.518250404042192e-05,6.555176129040774e-05,6.125795311527326e-05,6.546210281958338e-05
2565,5.385193487098958e-05,7.142027774534654e-05,6.191001800373973e-05,6.932137612893711e-05
2566,5.3546299669607026e-05,0.00010035638653789647,6.165725012607354e-05,6.984807304979767e-05
2567,6.13942124214696e-05,7.200421154266224e-05,6.18954913664816e-05,7.293543981795664e-05
2568,6.133274357934068e-05,5.182260654692072e-05,6.2013982745379e-05,7.435676070454064e-05
2569,6.736154165183608e-05,4.666042994358577e-05,6.197329310752038e-05,7.267903834290336e-05
2570,5.5581065729105225e-05,5.2737467558472415e-05,6.195642177190167e-05,7.211301999341231e-05
2571,6.47077247898172e-05,4.548136304947548e-05,6.206117546179384e-05,7.297092515509576e-05
2572,6.235366672626696e-05,5.165675713215023e-05,6.183888749607529e-05,6.727481368579902e-05
2573,7.198295750034351e-05,4.658428893890232e-05,6.20733655840417e-05,6.8973393223132e-05
2574,5.833531162352301e-05,4.645075663574971e-05,6.21355506830797e-05,6.86166802799562e-05
2575,7.385135568458483e-05,8.373519551241771e-05,6.148283763969731e-05,7.063867317338007e-05
2576,5.935986052564759e-05,6.0671023675240576e-05,6.193283320365785e-05,7.069913831655865e-05
2577,6.917589725667818e-05,0.000143756513716653,6.156312222204482e-05,7.089405266742686e-05
2578,5.741419902834524e-05,6.548711549839936e-05,6.189261118027692e-05,6.979290549061261e-05
2579,7.960264596881137e-05,0.00012848538521211594,6.208322474784735e-05,6.848932463908569e-05
2580,6.147498230954321e-05,8.811516643618233e-05,6.173606545004684e-05,6.825419205706567e-05
2581,6.04962203781017e-05,4.681599632021971e-05,6.138442124291842e-05,6.802510383713525e-05
2582,5.762551144774382e-05,5.189122930460144e-05,6.0983500910353745e-05,6.798524139157962e-05
2583,5.766472090423728e-05,7.225844834465533e-05,6.11560271128029e-05,6.776078413822689e-05
2584,5.680763207136705e-05,4.772147643961944e-05,6.13031190797402e-05,6.924510574899614e-05
2585,6.405520194675773e-05,0.00010734198076534085,6.111904768816506e-05,7.028944089543074e-05
2586,6.298687155423168e-05,4.792791303771082e-05,6.102786766585066e-05,7.2791315196082e-05
2587,5.058211846820389e-05,0.00010236186382826417,6.132927513390314e-05,7.383109476359097e-05
2588,6.15936499444716e-05,7.018284290097654e-05,6.0611621475739706e-05,7.291391105100047e-05
2589,5.593972950009629e-05,7.042462006211281e-05,6.040608083033779e-05,7.309169050713535e-05
2590,6.20891588267922e-05,4.38915983249899e-05,6.073226776045178e-05,6.93372859415831e-05
2591,5.831163885886781e-05,6.776686524972319e-05,6.120733151264074e-05,6.949656771903392e-05
2592,5.271522997645661e-05,6.612589699216187e-05,6.0401512571843334e-05,6.69164107501274e-05
2593,5.2541638401130005e-05,4.6095401048660276e-05,6.0576996501509304e-05,6.627619842765854e-05
2594,5.7338533337719534e-05,4.5663868804695084e-05,6.0542115328523015e-05,6.74606018641498e-05
2595,5.989422079033425e-05,4.712603622465394e-05,6.0478376543162284e-05,6.930770920298527e-05
2596,6.83850239632496e-05,8.25894033187069e-05,6.086869045684579e-05,7.009428718301932e-05
2597,5.775188193688842e-05,7.776513579301537e-05,6.099406490878512e-05,7.001394918479491e-05
2598,6.970345694248357e-05,0.00010913114645518363,6.094615561758272e-05,6.813801472017075e-05
2599,6.587049832483495e-05,7.244524582347367e-05,6.088708710481619e-05,6.826866445771884e-05
2600,5.591001423049925e-05,6.080560269765556e-05,6.133005142975082e-05,6.624341702845414e-05
2601,5.422134439059947e-05,6.511551007861272e-05,6.160021894126355e-05,6.547580778424162e-05
2602,7.733057050952792e-05,4.9896399577846754e-05,6.172561161640463e-05,6.439041946141516e-05
2603,6.929079283306944e-05,6.946915993466974e-05,6.120394427594471e-05,6.462332351657096e-05
2604,5.945717244887621e-05,6.398146098945289e-05,6.100906428732238e-05,6.363594797730913e-05
2605,6.586208055119237e-05,7.21098583744606e-05,6.124223626134661e-05,6.440062685578597e-05
2606,5.962419105344452e-05,7.642608223250136e-05,6.141094445063372e-05,6.513609574176373e-05
2607,5.6032041813725505e-05,9.806891277548857e-05,6.152194270624832e-05,6.769211182254367e-05
2608,6.742256874632504e-05,9.192289784550667e-05,6.124240306477685e-05,6.814060503966176e-05
2609,5.9941993369850225e-05,4.5713026484008875e-05,6.139391736036892e-05,6.740373731008732e-05
2610,6.28574696666975e-05,6.044361914973706e-05,6.17119717893527e-05,6.615419719018975e-05
2611,6.151015873506872e-05,5.11941564764129e-05,6.108940753684793e-05,6.347024114511442e-05
2612,6.165622659156927e-05,5.173067809664644e-05,6.049977460061201e-05,6.251685216848273e-05
2613,6.834783773228991e-05,5.0992611795663835e-05,6.038228745455854e-05,6.186327031755354e-05
2614,5.907454637862328e-05,4.328991199145094e-05,6.05936830067852e-05,6.169922434200998e-05
2615,4.904747531529412e-05,4.971419970388524e-05,5.9739482079748996e-05,6.162489287671633e-05
2616,5.343963914330945e-05,4.3082476768177e-05,5.9113003077800386e-05,6.239814541186207e-05
2617,5.854452932706206e-05,8.524286895408295e-05,5.8965422522548276e-05,6.170030061039143e-05
2618,5.675934313330799e-05,6.448212319810409e-05,5.876577717556049e-05,6.318636695796158e-05
2619,6.011348972808466e-05,0.00010956427082419396,5.890954975459155e-05,6.254878085746896e-05
2620,5.290572975354735e-05,5.833836665260605e-05,5.94518582892811e-05,6.0692812301567747e-05
2621,7.217288135305151e-05,6.416771007934585e-05,5.8735665446147315e-05,5.900723244121763e-05
2622,6.570324266148317e-05,4.6526632795576004e-05,5.8481564164523865e-05,5.929935996246058e-05
2623,5.413935062986437e-05,4.203224532830063e-05,5.785718046600879e-05,5.875877846265211e-05
2624,5.112967491893667e-05,4.861052140768152e-05,5.776336246409402e-05,5.839225945237558e-05
2625,5.297283557916267e-05,4.446605642442591e-05,5.760956572776195e-05,5.862441780918743e-05
2626,5.950623319626579e-05,6.101436069002375e-05,5.6919171697680015e-05,5.830927056085783e-05
2627,5.597554733362308e-05,4.8038112945505416e-05,5.67607419633229e-05,5.861004767066333e-05
2628,5.3628817784354193e-05,8.880047331331297e-05,5.693718136689213e-05,5.8234394851024264e-05
2629,5.5767658567573464e-05,4.653534095268696e-05,5.6918289709655164e-05,5.830174475267995e-05
2630,6.087094687649773e-05,0.00010926151706371457,5.682250054734243e-05,5.728286972153001e-05
2631,6.321850552922115e-05,6.0486429720185694e-05,5.760678790005235e-05,5.755386408709455e-05
2632,6.958975518096445e-05,5.166969887795858e-05,5.808378159870498e-05,5.5422276342869736e-05
2633,4.9517747667980276e-05,4.978340133675374e-05,5.783178392157425e-05,5.562457124178763e-05
2634,5.3589461329263735e-05,5.301621451508254e-05,5.728099530258786e-05,5.563867026648949e-05
2635,4.7247877203820585e-05,4.692908165452536e-05,5.6675998383757864e-05,5.5711223001708275e-05
2636,5.9164708687199485e-05,4.2031181219499555e-05,5.696723805675801e-05,5.630643388140015e-05
2637,5.7811308183267506e-05,5.753463701694272e-05,5.706362277754427e-05,5.8131228512502265e-05
2638,5.1087986980241514e-05,4.3113930587423965e-05,5.723144189299394e-05,5.861301648837979e-05
2639,5.5113803019695395e-05,5.08093397365883e-05,5.691412216595684e-05,5.7829341848264436e-05
2640,5.345846040452468e-05,4.032287921290845e-05,5.675329733736968e-05,5.823400882654822e-05
2641,5.296734771238536e-05,4.476622430956922e-05,5.642300899166406e-05,5.704133227991405e-05
2642,5.614980026924362e-05,5.97709931753343e-05,5.661067424548996e-05,5.687951705767772e-05
2643,7.636652695105618e-05,7.125698233721778e-05,5.680481524064413e-05,5.416626699152401e-05
2644,7.203833219440033e-05,5.627457721857354e-05,5.653951225556537e-05,5.367613577691372e-05
2645,4.660578782527915e-05,6.339573912555351e-05,5.5929470368816216e-05,5.4632322167162774e-05
2646,5.840316587839172e-05,6.452018569689245e-05,5.7372234796639534e-05,5.892594463366549e-05
2647,5.057831969073353e-05,4.834045117604546e-05,5.772350442259469e-05,5.899572872149292e-05
2648,6.142034245486785e-05,5.6912517320597546e-05,5.791152264994e-05,5.89455828157952e-05
2649,5.353929293859336e-05,9.423038718523458e-05,5.7978365536352305e-05,6.005809236667119e-05
2650,5.716831346540453e-05,5.6510755821364e-05,5.7940720514226195e-05,6.038945515174418e-05
2651,5.1573240020338236e-05,4.142249468713999e-05,5.842507811224399e-05,6.040203202574048e-05
2652,5.195492661894403e-05,5.815478740260005e-05,5.837279397949008e-05,6.021202379779425e-05
2653,4.537160914171384e-05,5.8983559647458605e-05,5.8309621997371625e-05,6.087063034356107e-05
2654,6.045928991322095e-05,4.248996039677877e-05,5.8006730188369845e-05,6.0717204998945826e-05
2655,6.572447175535166e-05,4.143026540987194e-05,5.759466967396696e-05,6.0150357257225564e-05
2656,5.658593090225218e-05,4.8233149354928175e-05,5.66049483834326e-05,5.898704268911389e-05
2657,5.4338708012235456e-05,7.557435863418504e-05,5.586830686661415e-05,5.9282034882926394e-05
2658,8.55868583635634e-05,0.00015712396299932151,5.628232816816307e-05,6.007075817033183e-05
2659,6.237120197814268e-05,5.4760816710768266e-05,5.613467474080002e-05,5.971834997471889e-05
2660,5.194833288745334e-05,4.56754340120824e-05,5.656434996506302e-05,5.9455954461009244e-05
2661,6.083578084750722e-05,6.984391999139916e-05,5.6209459296143094e-05,5.895071503182408e-05
2662,5.6870182630114464e-05,6.581870664376766e-05,5.62409348077684e-05,5.757449634256773e-05
2663,6.319692693068646e-05,4.342835243733134e-05,5.6028277198007955e-05,5.7587827963288875e-05
2664,5.380669970084758e-05,4.605913403793238e-05,5.6734993802900944e-05,5.778987677767874e-05
2665,5.187916085156354e-05,5.678804285707883e-05,5.684271285168103e-05,5.7107844387064685e-05
2666,4.539505248734107e-05,4.093059069418814e-05,5.743510013368602e-05,5.6357310048770155e-05
2667,4.584828740917146e-05,4.559979963232763e-05,5.7123244113689815e-05,5.699707273743115e-05
2668,5.162349468769713e-05,4.2174118134425954e-05,5.696533571107365e-05,5.92383804731071e-05
2669,5.362229427393888e-05,6.364938206388616e-05,5.689025447386989e-05,5.921544228040148e-05
2670,5.695632036400234e-05,8.311382131068967e-05,5.67719084918887e-05,5.9972093932447034e-05
2671,5.471183019431515e-05,5.570998080656864e-05,5.546488006334079e-05,5.82625628245296e-05
2672,6.132020029730888e-05,4.17805633333046e-05,5.5025340828514245e-05,5.8370505258790215e-05
2673,5.254807573186958e-05,4.428153159096837e-05,5.4867750814365644e-05,5.820476446824614e-05
2674,5.4326180729226e-05,5.982491995382588e-05,5.453415113831094e-05,5.987731869681738e-05
2675,5.185187322139326e-05,5.6844046339392664e-05,5.465140400176299e-05,5.9053735068300735e-05
2676,6.924115514266305e-05,4.647371504688635e-05,5.441221795465228e-05,5.96623078075936e-05
2677,5.464790283844599e-05,4.1103977637249045e-05,5.445801824421829e-05,5.946037360990886e-05
2678,6.018129119183868e-05,4.02202011900954e-05,5.494447464880068e-05,5.896573400532362e-05
2679,5.26628894133157e-05,5.848402761330362e-05,5.548042090409176e-05,5.9099040477303785e-05
2680,6.177676168994771e-05,9.746295880177059e-05,5.556730893990283e-05,5.9607666786178016e-05
2681,5.470889997215838e-05,4.765969453728758e-05,5.563687907771155e-05,6.150607384333852e-05
2682,5.138005846270567e-05,9.449064993532374e-05,5.6559759059907965e-05,6.0916584770893686e-05
2683,5.2911147649865596e-05,0.00011438568530138583,5.6054455903358755e-05,5.936636053374969e-05
2684,5.1382721107478977e-05,5.745937756728381e-05,5.5890691259022186e-05,6.000696836272255e-05
2685,4.8008582533738164e-05,4.153191424848046e-05,5.5235789989173e-05,5.9995362922199994e-05
2686,5.2495788946139834e-05,0.00011165777570568025,5.5922448277447576e-05,6.0660006853868254e-05
2687,5.98015042164156e-05,4.522911593085155e-05,5.585386671656226e-05,6.332511965301819e-05
2688,5.7217275752918795e-05,5.864267091965303e-05,5.592431099244601e-05,6.26529089640826e-05
2689,5.4951706939997775e-05,4.101077909581363e-05,5.5260609512010385e-05,6.30031945562223e-05
2690,6.404057096612329e-05,4.442205274244771e-05,5.4932985701210184e-05,6.304255793220364e-05
2691,5.879370886961826e-05,4.426325249369256e-05,5.462836856345854e-05,6.352394070709124e-05
2692,4.802048830444821e-05,5.8315457354183307e-05,5.5008748592808834e-05,6.291581696423235e-05
2693,5.336274813291513e-05,8.963429456343875e-05,5.465701885081621e-05,6.144073792092968e-05
2694,7.669429382884927e-05,4.891215525276493e-05,5.443598597323418e-05,6.373278965766076e-05
2695,4.4323741450271984e-05,4.435821538208984e-05,5.4904968326445674e-05,6.16002029099036e-05
2696,5.061771408590074e-05,7.172517653089016e-05,5.449564226210998e-05,5.880376946879551e-05
2697,4.4947668551079306e-05,4.1490427320241e-05,5.4590551401553165e-05,6.120453175390139e-05
2698,6.971453293873411e-05,6.089762988267466e-05,5.4821969848126175e-05,6.162994270271156e-05
2699,5.261164170709283e-05,0.00012645273993257432,5.4792977585586625e-05,5.907402136072051e-05
2700,5.361298011848703e-05,4.0038779116002845e-05,5.430747091110486e-05,5.9010690139257346e-05
2701,5.2648618131772514e-05,5.5230854850378816e-05,5.408062664177528e-05,5.8610209013568236e-05
2702,4.6457307568440835e-05,4.2088062036782504e-05,5.448838009550754e-05,6.061131951282733e-05
2703,5.2565862748047546e-05,5.225477056228556e-05,5.440260287658829e-05,6.0337163603981025e-05
2704,6.21723901470735e-05,4.3280934041831644e-05,5.4062972097179023e-05,6.0612656231387524e-05
2705,5.298351814013182e-05,6.0585982719203454e-05,5.397050409939968e-05,5.9900585975265136e-05
2706,4.9183078032607834e-05,0.00010496098795556463,5.4145411678796844e-05,5.834476274321788e-05
2707,6.310461729299277e-05,4.117598124139476e-05,5.365573965407546e-05,6.0832422526436856e-05
2708,4.267799604147311e-05,4.4474849273683505e-05,5.3957587631238217e-05,6.093492501531727e-05
2709,5.37554495935587e-05,0.0001174784346949309,5.363224888569675e-05,6.008942431362811e-05
2710,5.379404369806353e-05,5.216718796873465e-05,5.3973796360272295e-05,6.00753634585999e-05
2711,5.17709823826509e-05,4.7759742155903954e-05,5.3038472859124235e-05,5.98721137677785e-05
2712,4.766383735437153e-05,4.3645835394272584e-05,5.278784867777075e-05,5.650180066877511e-05
2713,5.154616901967933e-05,4.863064277742524e-05,5.265092162266632e-05,5.716707808605861e-05
2714,6.51455432833043e-05,9.103854157729075e-05,5.2606637181856456e-05,5.7157301399274735e-05
2715,6.189614049314211e-05,3.7568155021290296e-05,5.29032189505718e-05,5.728479199751748e-05
2716,5.030293938438667e-05,5.115056817885488e-05,5.3153301880552644e-05,6.016383256355767e-05
2717,4.570878835996458e-05,4.051370095112361e-05,5.300369151906731e-05,6.1002951103728276e-05
2718,5.773543761784418e-05,5.0738713762257246e-05,5.2940664301988565e-05,6.212024635169656e-05
2719,6.445249321081469e-05,0.00011110364983323961,5.3675348636655444e-05,5.987998022756074e-05
2720,5.18699408793408e-05,4.6920777604100297e-05,5.311686611676122e-05,6.0179296875139714e-05
2721,4.2484245447364326e-05,5.0587658988661134e-05,5.361503755622025e-05,6.008798026887235e-05
2722,5.348635541546779e-05,4.1138905944535507e-05,5.363368283207011e-05,5.722108079353348e-05
2723,4.633144541003276e-05,5.581638761213981e-05,5.407035020923811e-05,6.000848741387017e-05
2724,4.634603717325566e-05,4.219491245748941e-05,5.393965463348043e-05,5.9551857979386125e-05
2725,5.0189803740876314e-05,5.6670714548090474e-05,5.392650402370943e-05,6.0961457449593594e-05
2726,5.154150711152599e-05,5.498643768078182e-05,5.3842534776777024e-05,6.0602337418822585e-05
2727,5.387185178632434e-05,4.527532699285075e-05,5.317878617918015e-05,5.899884740647395e-05
2728,5.8817935997568483e-05,0.00012423078471329063,5.269136922854361e-05,6.112078122678213e-05
2729,5.84321311099403e-05,6.425889754609671e-05,5.263081265535826e-05,6.104973575274926e-05
2730,5.140783771316314e-05,8.851836391841062e-05,5.3093792378139266e-05,6.162380767345896e-05
2731,6.755018639927988e-05,4.8954334852169266e-05,5.2766221394995215e-05,6.622960886743385e-05
2732,4.9142554295637335e-05,4.865889743086882e-05,5.259561963612212e-05,6.348940995230805e-05
2733,5.513228202794885e-05,4.2191934116999615e-05,5.24766711307974e-05,6.393695665174163e-05
2734,5.4221581489804924e-05,4.580594781145919e-05,5.280700208871469e-05,6.43770677241264e-05
2735,6.471072812726358e-05,0.00012185235347715206,5.27089983958932e-05,6.469194017990957e-05
2736,4.8503592988708985e-05,3.6344006293802525e-05,5.2812501683527236e-05,6.399938819231466e-05
2737,4.7335072110096614e-05,7.888582214945927e-05,5.3069882299071954e-05,6.759706389566417e-05
2738,4.944693784636911e-05,3.965264200815e-05,5.307190892975389e-05,7.229800417844671e-05
2739,4.8551828343382415e-05,5.095129126857501e-05,5.457046191069013e-05,7.15874313202221e-05
2740,4.971071672722853e-05,9.061650052899495e-05,5.470291306345543e-05,7.129065814078786e-05
2741,4.8789025054753035e-05,4.9374431328033097e-05,5.440197730737661e-05,6.829465121554677e-05
2742,5.728328142948966e-05,5.486549896886572e-05,5.413233240574805e-05,6.743850395432674e-05
2743,4.954616303924316e-05,0.00016588374361163006,5.442589632196663e-05,6.58077196305385e-05
2744,6.018744923898743e-05,4.259867695509456e-05,5.340062218569479e-05,6.540488112077583e-05
2745,4.8896228246222663e-05,5.8109445089939984e-05,5.4194694692463e-05,6.567714099946898e-05
2746,5.0742519395296564e-05,6.159043579827993e-05,5.424471447638806e-05,6.616319092572667e-05
2747,5.1036263094930394e-05,4.901071733911522e-05,5.4145847966234824e-05,6.588045734388287e-05
2748,4.891902760088366e-05,3.850258792226668e-05,5.3801330748764384e-05,6.660014858061914e-05
2749,5.278055256187347e-05,0.00013213680504122748,5.407610092887707e-05,6.732435981684831e-05
2750,5.02404695079248e-05,0.00017419422161765396,5.3946319229564524e-05,6.683866207895336e-05
2751,8.900533163493188e-05,3.722211622516625e-05,5.441353692699017e-05,6.674712885287591e-05
2752,5.718313060545673e-05,3.785599750699475e-05,5.462003707297199e-05,6.616237321868539e-05
2753,5.129454209559804e-05,4.933061158226337e-05,5.440754041838873e-05,6.39717490383191e-05
2754,5.169100856922645e-05,4.285521601559594e-05,5.488087183459558e-05,6.36145189986564e-05
2755,5.8746935618627403e-05,4.7748755823704416e-05,5.461162115647716e-05,6.291823784413283e-05
2756,4.191833299248376e-05,3.8883372108102774e-05,5.440512354220524e-05,5.818798588879874e-05
2757,6.89943669648427e-05,5.546539439819753e-05,5.3730448084146104e-05,5.861268143344206e-05
2758,5.638277662607531e-05,5.434318227344192e-05,5.3777938610356725e-05,5.775656668120065e-05
2759,5.1749918735974155e-05,3.873760826536454e-05,5.403500152816479e-05,5.6907435762695976e-05
2760,5.609779769050268e-05,0.00013984463439555838,5.406843091412965e-05,5.662669490266126e-05
2761,5.5372847491526045e-05,5.444928719953168e-05,5.450265454112216e-05,6.203918032115327e-05
2762,4.4090529627283104e-05,6.674337870208546e-05,5.454048168111411e-05,5.836147338268347e-05
2763,6.112738028201016e-05,3.736431135621387e-05,5.418485050209307e-05,5.337170056009199e-05
2764,5.371433199292773e-05,3.633240041381214e-05,5.28094880387976e-05,5.4709931262186724e-05
2765,4.439830036264741e-05,3.585089601983782e-05,5.236929724714072e-05,5.48753911658423e-05
2766,6.062231045992424e-05,4.0443680336466056e-05,5.221656560493608e-05,5.46138384466758e-05
2767,5.055201447652911e-05,3.745847010577563e-05,5.1919271254963765e-05,5.454580867371987e-05
2768,4.438372268244469e-05,4.7627444728277625e-05,5.126522231795308e-05,5.452835683827288e-05
2769,4.3320562787509214e-05,5.321606557117775e-05,5.154535621533999e-05,5.5052135584992365e-05
2770,5.008349140148817e-05,3.670657628390472e-05,5.090651300334787e-05,5.434911941119936e-05
2771,5.716909234049833e-05,4.0362162835663184e-05,5.057740408067023e-05,5.3814780493848964e-05
2772,5.187199774405195e-05,4.199219583824743e-05,5.0511376558764216e-05,5.391549167688937e-05
2773,5.9774618275696415e-05,0.0001738147233845666,5.05716863366413e-05,5.032132237392944e-05
2774,5.372623106167238e-05,4.019413157948293e-05,5.038565299506041e-05,4.963027290650644e-05
2775,4.134969003239854e-05,4.9449901052867065e-05,5.142479363550794e-05,4.861185034969822e-05
2776,5.4621270052545394e-05,7.06778837775346e-05,5.12441789789591e-05,5.062161925889087e-05
2777,4.6178360814034626e-05,4.19924950983841e-05,5.103749633029413e-05,5.098558368335944e-05
2778,4.747625104048186e-05,4.2791793603100814e-05,5.1144566722278904e-05,5.2099525730591274e-05
2779,4.42586498199186e-05,4.115447169169783e-05,5.0937178829594305e-05,5.302775051677599e-05
2780,4.239571219336035e-05,4.731245993752964e-05,5.09117720357608e-05,5.5594228979316536e-05
2781,4.8921680427156386e-05,5.197784077608958e-05,5.1136873743639126e-05,5.520568485080731e-05
2782,5.302328666503955e-05,3.788999005337246e-05,5.124100386585471e-05,5.564391487860121e-05
2783,4.8155053559134506e-05,4.098470933968201e-05,5.1574096563207515e-05,5.567816548864357e-05
2784,5.009923068832399e-05,4.1255387841374614e-05,5.0968349794695525e-05,5.701899080013391e-05
2785,5.760554213742984e-05,4.9990401821560225e-05,5.1288212145542894e-05,5.675604003190529e-05
2786,5.072201395200359e-05,3.71730505139567e-05,5.060983534317024e-05,5.1602247901610106e-05
2787,7.006904563847153e-05,4.128281478188001e-05,5.016929653049576e-05,5.2114146397798326e-05
2788,5.661201386828907e-05,8.760853408602998e-05,5.090773349753969e-05,5.2373373447335327e-05
2789,4.85472657763037e-05,4.543151102552656e-05,5.071626730447557e-05,5.50204608036438e-05
2790,4.70750601622664e-05,6.369944720063358e-05,5.096095134099919e-05,5.5787034876993864e-05
2791,5.543761314280952e-05,6.364929999108426e-05,5.0953784729709786e-05,5.625234289327638e-05
2792,4.9916844630691534e-05,0.00010162043166928924,5.094715339348314e-05,5.6008562972419906e-05
2793,5.001126537940258e-05,3.7913841515546666e-05,5.0990703680145076e-05,5.5787361797411e-05
2794,4.5923815842898976e-05,6.417181626602541e-05,5.141887629336755e-05,5.5732374760555116e-05
2795,5.8410808835307967e-05,3.756284153496381e-05,5.1091966881681906e-05,5.577602681587451e-05
2796,4.202542312769866e-05,7.388279562292154e-05,5.0967519174931414e-05,5.5651287364889865e-05
2797,5.986855651523607e-05,3.541842663253192e-05,5.082271628246721e-05,5.574038717022632e-05
2798,4.2815198216380344e-05,4.496992012718692e-05,5.027796735925626e-05,5.8001311548287056e-05
2799,4.2712760744810415e-05,5.299159398418851e-05,5.015121167477143e-05,5.797937916941009e-05
2800,5.98106142084968e-05,5.593057729129214e-05,4.927551011512859e-05,5.8423440271872094e-05
2801,4.9834615225942495e-05,0.00013685506768524648,4.8791033048473776e-05,5.722589532379061e-05
2802,5.2295461727125155e-05,6.115684693213552e-05,4.875058758043452e-05,5.8125815688981674e-05
2803,4.72970857582469e-05,5.442449401016347e-05,4.9093198302014375e-05,5.740452429454308e-05
2804,4.409286641425246e-05,3.5059973670286125e-05,4.900831327007231e-05,5.6260525618563404e-05
2805,4.3484469359908774e-05,4.178243056230713e-05,4.965235508942796e-05,5.3678411024156954e-05
2806,5.962599575771795e-05,5.060316485469229e-05,4.95472027404402e-05,5.359630349557847e-05
2807,4.4850551372898435e-05,3.8981291436357426e-05,4.972254616716075e-05,5.298816235444974e-05
2808,4.504386089037224e-05,3.7866223065066153e-05,4.935264937343568e-05,5.373600316233933e-05
2809,4.647915837671866e-05,4.348288297478575e-05,4.963064087173229e-05,5.263284135435241e-05
2810,4.398681905715623e-05,0.00010651351127307862,4.914874054407441e-05,5.283936760097275e-05
2811,4.7553121839882805e-05,3.662474104203284e-05,4.960505978087894e-05,5.247527625760994e-05
2812,4.817650664740035e-05,5.238434234343004e-05,4.957990006369073e-05,5.203206472215243e-05
2813,4.4500087201918684e-05,5.766991038399283e-05,4.955901277846553e-05,5.162200677150396e-05
2814,4.7536129075322405e-05,6.792952015530318e-05,4.9272310838568953e-05,4.795933714776766e-05
2815,5.5640328201762814e-05,4.566716233966872e-05,4.968158174791218e-05,4.7782018443103874e-05
2816,5.331548734425774e-05,3.504933309159242e-05,4.956051845284592e-05,4.793651096406393e-05
2817,6.601789011458297e-05,3.706756680912804e-05,4.95658857013849e-05,5.130030589352828e-05
2818,4.738245665470862e-05,3.586115330108441e-05,5.0222188719716444e-05,5.104025802575052e-05
2819,5.030740151091272e-05,4.896828773780726e-05,4.9960123083049737e-05,5.057044930290431e-05
2820,4.916338899218115e-05,5.6258861732203514e-05,5.001402853813488e-05,5.0764452764997264e-05
2821,4.897521058511403e-05,4.630375042324886e-05,4.98495650671733e-05,5.076699661731255e-05
2822,4.78210483237894e-05,4.058158279804047e-05,5.003717290981311e-05,5.0712240938446486e-05
2823,5.422317913649345e-05,3.586763654311653e-05,5.007348324450303e-05,4.919298655295279e-05
2824,4.2083767815105e-05,4.191130559775047e-05,5.0014651059367076e-05,4.958264978195075e-05
2825,5.928843207786687e-05,4.567912852508016e-05,4.997980302270864e-05,4.9260394700104366e-05
2826,4.2667066728528075e-05,4.5288327091839166e-05,4.9728624623902666e-05,4.831437327666209e-05
2827,6.25272344607058e-05,5.672387931554113e-05,4.9434473112018585e-05,4.7418969112914055e-05
2828,4.427050338159056e-05,5.8286807034164666e-05,4.920809686623723e-05,4.7439809897332444e-05
2829,4.422704762772709e-05,0.00011915484690689482,4.9615465291814584e-05,4.741479406366124e-05
2830,5.9892044818196966e-05,3.5281233867863196e-05,4.87077364235625e-05,5.0425047418684694e-05
2831,5.3074354841050484e-05,3.8857946783537045e-05,4.8658833740693e-05,5.037168218696024e-05
2832,4.61981877500269e-05,4.3831377988681195e-05,4.844811870651837e-05,5.144316749938298e-05
2833,4.093227411633254e-05,3.792981937294826e-05,4.87592614142664e-05,5.09584478684701e-05
2834,5.116935444271399e-05,4.2113991003134285e-05,4.86116841697367e-05,5.0667774339672184e-05
2835,4.489457742440411e-05,6.853215163573622e-05,4.8568218858498666e-05,5.173359544423875e-05
2836,4.608231721148412e-05,4.636632176698186e-05,4.8447142573746116e-05,5.728023282717914e-05
2837,4.730530573093953e-05,4.432796529727057e-05,4.8766233989671376e-05,5.8173936739331116e-05
2838,3.822062723176916e-05,3.4019374797935594e-05,4.855135753233399e-05,5.794035894214177e-05
2839,4.018234127822022e-05,4.554441606160253e-05,4.860961743106599e-05,5.972673682845199e-05
2840,4.998092205722868e-05,4.6188181950128635e-05,4.7961648636394064e-05,5.8772412742837344e-05
2841,6.349969798369178e-05,3.44239372498123e-05,4.813253988298431e-05,5.878599406860304e-05
2842,4.332466840828096e-05,0.00011232390068471431,4.818507685623545e-05,5.5757012247340764e-05
2843,4.6159889582971424e-05,3.4527022507973014e-05,4.747636738401423e-05,5.604558109189385e-05
2844,4.5039525656546984e-05,7.57554205483757e-05,4.721362913033873e-05,5.648821201757529e-05
2845,5.694195668588186e-05,4.4140870959381575e-05,4.7346244310675596e-05,5.781093944096939e-05
2846,4.528577947187134e-05,3.903691220330075e-05,4.75332935010859e-05,5.8142311737174174e-05
2847,4.673441554283878e-05,6.722711041220463e-05,4.770744179194378e-05,5.975971590087284e-05
2848,5.119627201768e-05,0.00017453357111662626,4.7965549351000744e-05,5.84744274354307e-05
2849,5.0061053213236545e-05,6.425390340154991e-05,4.786314464614002e-05,5.796470693894663e-05
2850,5.391652064443204e-05,3.9839683595346286e-05,4.76656908890517e-05,5.958984316093848e-05
2851,4.412356419682813e-05,8.994777424959467e-05,4.821006391624299e-05,5.958355737966485e-05
2852,4.6328014593907735e-05,3.286577717517502e-05,4.844864177284763e-05,5.998542815796099e-05
2853,4.8542784546346715e-05,5.8626340178307145e-05,4.843657081655692e-05,5.9667404615902344e-05
2854,4.554047195900542e-05,4.3430301375337876e-05,4.75367385318451e-05,5.982855593611021e-05
2855,4.217430801266649e-05,4.2495454981690275e-05,4.7528193199024016e-05,6.200671287078877e-05
2856,4.6505898499162864e-05,4.99237199255731e-05,4.7651253620602386e-05,6.708547784073744e-05
2857,4.951356725844865e-05,7.689956357353366e-05,4.797992584547804e-05,6.734258251090067e-05
2858,4.5608503876590274e-05,4.621412677806802e-05,4.740200651997131e-05,6.79344046569895e-05
2859,5.552306171416098e-05,8.254909509560093e-05,4.7323269429681305e-05,6.88507061393466e-05
2860,5.134726640082792e-05,3.639993999968283e-05,4.7380615817382924e-05,6.748830983415248e-05
2861,4.352219958996607e-05,3.3623309354879895e-05,4.773492369147586e-05,6.259685832192191e-05
2862,4.2368961803731505e-05,8.495637084706686e-05,4.738757711958088e-05,6.152447173953988e-05
2863,5.182995291155142e-05,3.386223026609514e-05,4.720781259626771e-05,6.17309246386867e-05
2864,4.614678769333599e-05,5.5591185519006106e-05,4.7629930693397506e-05,6.049087101710028e-05
2865,4.9679148149961195e-05,3.8237593398662286e-05,4.7490399969198435e-05,6.0673169570509334e-05
2866,4.100389086589631e-05,3.84527202550089e-05,4.72185017030117e-05,5.972190780157689e-05
2867,4.311103508775381e-05,0.0001667778240516782,4.708008094069859e-05,5.9550299352849825e-05
2868,4.92364001224309e-05,0.00016149614675668998,4.705285277466626e-05,6.0577906973776396e-05
2869,5.325633127843806e-05,8.21830373024568e-05,4.712757700488308e-05,6.02840013190871e-05
2870,4.249397354821364e-05,5.8936424611601975e-05,4.6783706180576705e-05,5.847307522199116e-05
2871,4.3317352214621176e-05,6.194444926222786e-05,4.6603538322799275e-05,5.804825837549287e-05
2872,4.816807523537945e-05,3.316720278235152e-05,4.617849534794611e-05,5.6801080741570324e-05
2873,6.00539688700034e-05,5.224728331086226e-05,4.603134764911374e-05,5.7313418321427884e-05
2874,4.137738891586196e-05,3.744423884199932e-05,4.6020591988377017e-05,5.7312568509951236e-05
2875,4.9422407561602694e-05,4.500100607401691e-05,4.6303477325353824e-05,5.551384816062636e-05
2876,5.467651662507301e-05,5.8946433709934355e-05,4.592908401439975e-05,5.552452217089012e-05
2877,4.2839746488930865e-05,3.74232410104014e-05,4.581890160221115e-05,5.479333797993604e-05
2878,4.174532789167844e-05,3.484479595499579e-05,4.5361357256155724e-05,5.507312633271795e-05
2879,4.207995290117752e-05,3.914009015716147e-05,4.5309420223768234e-05,5.484905852645169e-05
2880,4.1493603861858396e-05,6.818564550485462e-05,4.529124341449158e-05,5.018250643042847e-05
2881,4.8374004254583266e-05,4.2576078558340667e-05,4.52449853342033e-05,4.5857272067223674e-05
2882,4.091679665078927e-05,3.162641114613507e-05,4.480065851085885e-05,4.5272698791814035e-05
2883,4.110430743215451e-05,3.559370561561082e-05,4.508909944537058e-05,4.446236969088204e-05
2884,4.489698734283189e-05,5.136965424753725e-05,4.4962284830156335e-05,4.389497985248455e-05
2885,4.766857393001879e-05,4.920837949612178e-05,4.476587498639776e-05,4.4382457499159504e-05
2886,4.3253308071547914e-05,3.360206406796351e-05,4.439007128086007e-05,4.355999008403159e-05
2887,4.944109522815173e-05,3.9988362113945184e-05,4.443051688698082e-05,4.4006094249198213e-05
2888,4.247012013769967e-05,3.412908052268904e-05,4.404132203110041e-05,4.3522108721663245e-05
2889,4.339222738862089e-05,3.731158074515406e-05,4.3446963517554754e-05,4.358703918405808e-05
2890,3.8240539498575445e-05,4.5232302218209954e-05,4.329832039535784e-05,4.3752611006493675e-05
2891,3.97054650562091e-05,3.285102509835269e-05,4.3350824967314517e-05,4.3685546171036545e-05
2892,4.2656614855837285e-05,5.0114021651097576e-05,4.4158522555840646e-05,4.6297107613645494e-05
2893,4.807994811522399e-05,5.3365287676570006e-05,4.4592729560988834e-05,4.548458074277733e-05
2894,4.2148160694826705e-05,6.756870541721583e-05,4.435747727523753e-05,4.513920467870776e-05
2895,4.9704996911006874e-05,3.867819708830211e-05,4.433892462556186e-05,4.543155607243535e-05
2896,4.0146986834265086e-05,4.775970330229029e-05,4.4428980451953575e-05,4.928418357740158e-05
2897,4.3257829141415034e-05,4.5354143949225545e-05,4.4361215168141325e-05,4.866391018149445e-05
2898,5.0658876231561106e-05,3.168559793266468e-05,4.4268094672184416e-05,4.819020158611239e-05
2899,4.2388529068880924e-05,4.8596842971164735e-05,4.458148523465045e-05,4.9654406908666724e-05
2900,3.969253616459254e-05,3.290136788564269e-05,4.433745888422386e-05,4.965434230980464e-05
2901,3.981755378643154e-05,6.056969526980538e-05,4.421074072233751e-05,4.9526186668663294e-05
2902,3.9123668434007816e-05,4.156253657129128e-05,4.4178756576002344e-05,5.016124450485223e-05
2903,4.3057942190595594e-05,3.3168175068567504e-05,4.4841547465168536e-05,5.1890930510126064e-05
2904,6.227239261433068e-05,0.0001044291262223851,4.4994101769649806e-05,5.507415035681333e-05
2905,5.234877899056301e-05,4.78724737331504e-05,4.496597513587201e-05,5.4557063203537835e-05
2906,4.249269711080059e-05,3.394167695660144e-05,4.493548929684846e-05,5.415332672710065e-05
2907,4.045298040889773e-05,3.893519598932471e-05,4.5398054916747935e-05,5.300775016075932e-05
2908,4.335570309194736e-05,0.00013190939323976637,4.498224459012918e-05,5.3060600199387414e-05
2909,4.32028552475256e-05,3.586281934985891e-05,4.545522562305753e-05,5.772571224079002e-05
2910,4.534056153109608e-05,3.7365664611570536e-05,4.598276032904524e-05,5.76959960104432e-05
2911,5.10880721331988e-05,7.020719713182188e-05,4.599655260163772e-05,5.785783669853118e-05
2912,4.334043646748695e-05,3.998674714239314e-05,4.5771455467911426e-05,5.7646709386608574e-05
2913,3.93021660905409e-05,3.0925189494155345e-05,4.57475412827787e-05,5.827211537398399e-05
2914,4.259262373024184e-05,5.318802664987743e-05,4.676658633365554e-05,5.706446924305056e-05
2915,5.481031172773025e-05,8.84744523500558e-05,4.6818785868365206e-05,5.686613282887266e-05
2916,4.3519322668241025e-05,0.00011243152126553468,4.6661166404050566e-05,5.7117906236089774e-05
2917,4.195344901139227e-05,3.718684281921014e-05,4.573410015857209e-05,5.5293830609298315e-05
2918,4.731780213963551e-05,4.327187576564029e-05,4.5499230539361526e-05,5.6043385254452016e-05
2919,5.371230119231364e-05,3.8929291258682495e-05,4.5863241539013364e-05,5.670136904227548e-05
2920,3.930973874553779e-05,3.999944805400446e-05,4.610459336189604e-05,5.651433983002791e-05
2921,5.197151265747379e-05,0.00016438750433735548,4.592696091923344e-05,5.440156901604497e-05
2922,5.6446196791107974e-05,4.461123819055501e-05,4.5962987629981295e-05,5.665787572506817e-05
2923,5.1003683046373124e-05,3.5731615134864114e-05,4.6103880688962e-05,5.655418173701038e-05
2924,3.6761100725723534e-05,4.331866017309949e-05,4.5618725894989126e-05,5.511060104763601e-05
2925,3.909468153627434e-05,4.853651757002808e-05,4.551863388947418e-05,5.5191762212780306e-05
2926,6.529368005835245e-05,3.037854199646972e-05,4.580610262314116e-05,5.560588692314923e-05
2927,4.042865680174954e-05,3.660412621684372e-05,4.591419926049032e-05,5.5621450149919844e-05
2928,3.911745558272944e-05,3.946251024899539e-05,4.535818812405018e-05,5.543654091889039e-05
2929,3.909573647736882e-05,5.8827235552598725e-05,4.527931391979413e-05,5.3511930868262426e-05
2930,4.6477038510298976e-05,6.661133986199275e-05,4.545390036364552e-05,5.509746448369697e-05
2931,5.159297210209641e-05,5.039127165218815e-05,4.550890186769215e-05,5.6348409829661245e-05
2932,4.648677598096482e-05,3.4259465683135206e-05,4.550696181346818e-05,5.600828026945237e-05
2933,3.891489202538247e-05,7.909012289019302e-05,4.5441558909563664e-05,5.560091037768871e-05
2934,4.4103523016221716e-05,9.227048707543872e-05,4.5055660590070256e-05,5.032209125929513e-05
2935,4.8862888005613867e-05,3.477331491012592e-05,4.457602910260902e-05,5.050859027251136e-05
2936,3.895920228387695e-05,3.411767989746295e-05,4.446753466343377e-05,5.282100801123306e-05
2937,4.083813632961311e-05,4.201577627100051e-05,4.4767181089426034e-05,5.254059688013513e-05
2938,4.648888443221545e-05,4.127830725337844e-05,4.49094332607476e-05,5.179832626890856e-05
2939,4.5295039663970885e-05,5.3577107319142666e-05,4.4456457265348744e-05,5.5584070770419197e-05
2940,4.091003331672659e-05,8.385172157431952e-05,4.4680720010041523e-05,5.5626638492685744e-05
2941,4.154746756183967e-05,6.431626999983564e-05,4.4816487344117683e-05,5.580363222397864e-05
2942,4.631811010767706e-05,7.68251832050737e-05,4.481281194457552e-05,5.490995592845138e-05
2943,4.86928397408014e-05,7.454550941474736e-05,4.4710950281619775e-05,5.38012440840248e-05
2944,5.366379983671423e-05,3.042605225346051e-05,4.4246065240683206e-05,5.799773150938563e-05
2945,3.767466614792486e-05,2.9815200759912843e-05,4.4390858051580546e-05,6.024753874808084e-05
2946,4.2324054670138544e-05,3.2417026377515865e-05,4.494896975633715e-05,6.136607125226873e-05
2947,4.445540960457745e-05,4.927371352096088e-05,4.469450133344962e-05,5.896504543488845e-05
2948,4.82913220669919e-05,9.354205860290677e-05,4.4444227646615924e-05,5.8911741568590516e-05
2949,4.42522613755298e-05,3.630838189565111e-05,4.454589001268485e-05,5.995268471597229e-05
2950,4.265098581931347e-05,2.9979752289364113e-05,4.462471197847562e-05,6.263183314877098e-05
2951,5.396928017338117e-05,0.00012502215453423558,4.427643575618277e-05,6.229076075833292e-05
2952,4.603522541906892e-05,3.766831927350722e-05,4.415544180260946e-05,6.173372622579337e-05
2953,4.2511638934633486e-05,4.388735353131779e-05,4.452147535161608e-05,6.0554373887134716e-05
2954,3.900385148881469e-05,3.64853281644173e-05,4.488444617519337e-05,5.923612141341436e-05
2955,4.393049693640528e-05,3.8893543751328254e-05,4.510859721550434e-05,5.835352051944937e-05
2956,3.997084607868197e-05,0.00015530345728620887,4.4684913944769916e-05,5.709449002461042e-05
2957,5.010659625339839e-05,9.05046466505155e-05,4.42107248697236e-05,5.7051872916053974e-05
2958,5.28676846442977e-05,0.00010705343549489044,4.419100124780219e-05,5.714951634581665e-05
2959,3.774181244403331e-05,3.2244841640931554e-05,4.4044331590218174e-05,5.7043164287460964e-05
2960,4.2606045834771876e-05,3.344071825267747e-05,4.3957267872368316e-05,5.6250177611946125e-05
2961,4.1500761435599996e-05,6.014125858200714e-05,4.3773713980206414e-05,5.4783198126824565e-05
2962,4.28086854743823e-05,0.0001089944870909676,4.3595061069613124e-05,5.483334333111997e-05
2963,3.778197887489417e-05,3.275149749242701e-05,4.3405191706713406e-05,5.5018372426275163e-05
2964,4.227019082463812e-05,3.965124400565401e-05,4.272862397127837e-05,5.1322901598177844e-05
2965,5.006087204189195e-05,5.436791310785338e-05,4.2677491180883304e-05,5.1156439515762025e-05
2966,5.0621738151272035e-05,3.1359958156826906e-05,4.23373033903772e-05,5.0579836973338385e-05
2967,5.1921886115451346e-05,5.4760160855948926e-05,4.2785151796609466e-05,5.043625665421132e-05
2968,3.8100757972440785e-05,4.306974704377353e-05,4.26458097945821e-05,5.123822197783738e-05
2969,4.1809072960556175e-05,2.936062453954946e-05,4.321425327054586e-05,4.892980914446525e-05
2970,3.718157559988969e-05,3.2256286503979935e-05,4.316502853924046e-05,5.030793354962953e-05
2971,3.865731323053802e-05,2.9758224918623455e-05,4.270010126638226e-05,4.7345187386963525e-05
2972,4.2278816658330876e-05,2.9449046633089892e-05,4.2781014303909615e-05,4.79637788317632e-05
2973,4.37024747629443e-05,5.686757147486787e-05,4.281984456853631e-05,4.8421020121895716e-05
2974,3.978593861069789e-05,3.756201200303622e-05,4.3052145791201235e-05,4.725838867016137e-05
2975,3.790425174682039e-05,3.460547966824379e-05,4.283474584388185e-05,4.40381637221435e-05
2976,3.705508678750549e-05,3.2635383831802756e-05,4.28079757910584e-05,4.4019121449673546e-05
2977,4.4756905659192446e-05,3.350676721311174e-05,4.2827814582334306e-05,4.379910655261483e-05
2978,3.400694417198085e-05,2.9472289970726706e-05,4.231437042924679e-05,4.3563562683993945e-05
2979,5.02000616446215e-05,3.2895820186240596e-05,4.211713757993291e-05,4.375970538822002e-05
2980,4.0446946885721346e-05,5.894267684197985e-05,4.196589001706646e-05,4.3518661987036455e-05
2981,5.4181932977775835e-05,9.759313645190559e-05,4.2524212014137035e-05,4.306192232761531e-05
2982,4.887597797076321e-05,0.0001249577567796223,4.244105334380745e-05,4.353499172430019e-05
2983,4.1244502822842655e-05,3.298478142824024e-05,4.287561685325475e-05,4.349039825319778e-05
2984,3.9764638382217125e-05,4.7709627760923465e-05,4.265318133402616e-05,4.395007967832498e-05
2985,4.357680245043917e-05,4.4871750505990347e-05,4.3081278976428116e-05,4.4266715136473056e-05
2986,4.730829200222312e-05,3.1075472288648595e-05,4.2846536923186965e-05,4.389771113637834e-05
2987,3.7373686791397634e-05,2.8488863390521145e-05,4.314920999944055e-05,4.362208440143149e-05
2988,3.7112727554308046e-05,3.2275440680678e-05,4.312008162345996e-05,4.4568684883415704e-05
2989,4.276616060653598e-05,3.415087157918606e-05,4.390065009809203e-05,4.4765294733224435e-05
2990,3.722476821470385e-05,4.847931639233138e-05,4.371558566829966e-05,4.4805509014986453e-05
2991,4.5690916918425096e-05,3.626352576247882e-05,4.435670584821815e-05,4.5865215218509554e-05
2992,4.814069704379007e-05,4.873407582635991e-05,4.4276622238006286e-05,4.626656874606852e-05
2993,5.205880789920533e-05,3.165125555824489e-05,4.417966711706766e-05,4.553310617047828e-05
2994,3.9730106202316365e-05,4.11873594566714e-05,4.406596121860073e-05,4.3307318733423014e-05
2995,4.8045663336072016e-05,3.114144972641952e-05,4.427177797624609e-05,4.0611041276133615e-05
2996,3.309642524982337e-05,4.125026054680347e-05,4.40581776685172e-05,4.198249135806691e-05
2997,5.298125771837982e-05,3.7364933086792006e-05,4.4037714585202695e-05,4.1289484006119896e-05
2998,3.7833923431915334e-05,4.764247147249989e-05,4.3930308352476766e-05,4.063879734603688e-05
2999,4.7352765517037675e-05,3.0671343629364856e-05,4.340835203394009e-05,4.1647109360201284e-05
3000,3.717604234730566e-05,5.827049171784893e-05,4.3776505409914545e-05,4.1811957122990866e-05
3001,5.656929865330716e-05,3.7550630077021195e-05,4.41433415238862e-05,4.282036753720604e-05
3002,4.0130294914383235e-05,3.4512124257162215e-05,4.384420964229826e-05,4.265344812883996e-05
3003,5.003494866994313e-05,5.596494505880401e-05,4.393787736561434e-05,4.20799926534528e-05
3004,4.8197971389324975e-05,4.292965837521479e-05,4.395816795602312e-05,4.285273104324006e-05
3005,3.802306886225577e-05,4.0606112452223894e-05,4.3801627645573016e-05,4.289820858975873e-05
3006,5.1339285516102484e-05,4.194845052552409e-05,4.333108878135035e-05,4.6607408416457476e-05
3007,5.402139691189708e-05,5.755082034738734e-05,4.355414522756797e-05,4.871753237093799e-05
3008,3.590449512962045e-05,6.727103347657248e-05,4.3543944554888494e-05,4.90602815465536e-05
3009,3.925306129935456e-05,3.0384443962248043e-05,4.357042323212632e-05,4.914681709778961e-05
3010,4.0891646632290856e-05,2.8604584003915078e-05,4.306194529102262e-05,4.9265940077020795e-05
3011,3.4259384038806376e-05,5.6283272642758674e-05,4.352655718507272e-05,4.909262454602868e-05
3012,4.6577521190758694e-05,3.261005746026058e-05,4.325317871423775e-05,4.9985534173902136e-05
3013,4.62836304035995e-05,5.7485701036057434e-05,4.322232177995223e-05,4.90566238295287e-05
3014,3.5287863566837684e-05,2.9977886370033958e-05,4.273650143020657e-05,4.909692209912465e-05
3015,3.956646129760581e-05,3.41429295076523e-05,4.292499681323534e-05,5.0235607335343965e-05
3016,4.619818167864449e-05,5.5581985507160425e-05,4.241981317350615e-05,4.918362544849516e-05
3017,4.422718928253744e-05,4.9871014489326626e-05,4.209292743439113e-05,4.891965073766187e-05
3018,4.029533629363868e-05,0.00012438125122571364,4.2083172741048553e-05,4.9515931389760235e-05
3019,4.53065173577569e-05,9.394045831868425e-05,4.1748319254192114e-05,5.2395650447579115e-05
3020,4.779064651908508e-05,3.971017911680974e-05,4.1321498075396654e-05,5.1372528425417846e-05
3021,3.3758392180768876e-05,4.3413649327703754e-05,4.1538360242783616e-05,4.9829330400098116e-05
3022,4.026930919078748e-05,4.034300756757148e-05,4.146593609604882e-05,5.04876100749243e-05
3023,4.944922078316772e-05,4.3309583197697066e-05,4.128063151987995e-05,5.1014966590446426e-05
3024,4.051830374616354e-05,5.299408432620112e-05,4.137665025595603e-05,5.2928397955838596e-05
3025,3.640461899016777e-05,3.5047733108513056e-05,4.132334560805856e-05,5.297935034614056e-05
3026,4.442378990966568e-05,3.8558086816919965e-05,4.098264464620218e-05,5.281964654859621e-05
3027,4.484267949010246e-05,6.297925516264513e-05,4.1172548856088235e-05,5.5754928610986095e-05
3028,3.7405357676713414e-05,2.9665397887583824e-05,4.149052122294154e-05,5.795468158903533e-05
3029,4.00258279114496e-05,3.6330290604382754e-05,4.095641494964691e-05,5.7676956854993495e-05
3030,3.7779201528691276e-05,5.551312875468284e-05,4.0847878274669514e-05,5.683482215972619e-05
3031,4.296794834469135e-05,0.00011394142697099597,4.087264207660661e-05,5.3021667155553586e-05
3032,4.335086744201059e-05,3.1972769793355834e-05,4.0526087400212425e-05,5.133287421776914e-05
3033,4.1326049314294426e-05,2.869108284357935e-05,4.003478370577796e-05,5.0989954153192236e-05
3034,3.744245763098459e-05,4.684143583290279e-05,4.02056502089383e-05,5.056879879557528e-05
3035,3.625903222806907e-05,4.1788496891967954e-05,4.016227562048395e-05,5.030403106356971e-05
3036,3.665985244070827e-05,0.00010411905677756294,3.9957453457787375e-05,5.171385531721171e-05
3037,4.524490499332185e-05,3.388386721780989e-05,4.016667685306553e-05,5.091285831003915e-05
3038,3.7766106357190034e-05,5.3493106097448614e-05,4.046573978202003e-05,5.183972786180674e-05
3039,4.003546881398911e-05,0.00010335993792978115,4.087269504056571e-05,5.150880734145175e-05
3040,4.7515770468938474e-05,8.913675395888276e-05,4.099483422048959e-05,5.0121177791152145e-05
3041,3.284552484627865e-05,4.863886715611443e-05,4.0958093794567196e-05,5.092796126846223e-05
3042,4.1513772408102845e-05,2.8817647107644005e-05,4.148926834103703e-05,5.075727576622739e-05
3043,4.091443134206606e-05,2.9052376121398992e-05,4.14142075059418e-05,5.11781875626184e-05
3044,3.664265044790227e-05,5.1720634874072855e-05,4.118608790805511e-05,4.8086387501098205e-05
3045,3.5508054158223485e-05,3.11371775023872e-05,4.1323137776635116e-05,4.977916973293759e-05
3046,3.803005475977746e-05,3.2884765387279914e-05,4.096946573651318e-05,5.031473689596169e-05
3047,3.918494447942875e-05,3.372381426743232e-05,4.1221638464129585e-05,4.9639271505293444e-05
3048,4.4328666715753366e-05,7.855518953874707e-05,4.138369124993915e-05,4.927806578343735e-05
3049,4.574888862811753e-05,3.2969159146887253e-05,4.1583666223353555e-05,4.712642551457975e-05
3050,4.3881192214030305e-05,5.8219471902702935e-05,4.127925038547902e-05,4.698331414256245e-05
3051,5.45976713733075e-05,3.0285073808045127e-05,4.164318760174664e-05,4.624174282071181e-05
3052,4.789615898819951e-05,2.828851640515495e-05,4.159821568027838e-05,4.343085600994528e-05
3053,3.6486847028653654e-05,4.9834984820336105e-05,4.1294509066695666e-05,4.1833341892925094e-05
3054,5.330519157319537e-05,3.2063153048511596e-05,4.235509683251925e-05,4.141859115334228e-05
3055,3.5902680651310626e-05,6.60359236644581e-05,4.234217219200219e-05,4.1398543250397784e-05
3056,3.7264958397524124e-05,3.664642543299124e-05,4.2245548180815404e-05,4.1861526618595246e-05
3057,4.677711415651073e-05,7.429232558934018e-05,4.221143588737403e-05,4.095417674980127e-05
3058,3.248424831124592e-05,4.2080261919181795e-05,4.2435750059181976e-05,4.2334863758878785e-05
3059,4.37467758213946e-05,2.9954801066196522e-05,4.248302850157617e-05,4.215981517918409e-05
3060,4.031035187330821e-05,3.275835384556558e-05,4.2417528812883474e-05,4.271291758341249e-05
3061,4.165922677606836e-05,5.032805005612318e-05,4.2123033951469955e-05,4.1001044283621017e-05
3062,3.7634509046458536e-05,3.030608291737735e-05,4.180305866450201e-05,4.0775544458301735e-05
3063,4.6864536763880296e-05,3.4953823051182556e-05,4.1720435962068014e-05,4.021348245150876e-05
3064,3.8911170777282677e-05,3.308776766061783e-05,4.133881170774759e-05,4.014281980344094e-05
3065,3.992310512937062e-05,4.9198901033378204e-05,4.096902842607556e-05,4.3294748870539476e-05
3066,5.9360218991868246e-05,3.827009866654407e-05,4.100895251128046e-05,4.2440876740147354e-05
3067,4.119065639517632e-05,2.8316449534031562e-05,4.0822733711037364e-05,4.319544654281344e-05
3068,3.8498831062396577e-05,4.0626960326335394e-05,4.096731818087088e-05,4.166597667790483e-05
3069,3.578984311186812e-05,2.903688815422356e-05,4.153325964030551e-05,4.201636237849016e-05
3070,4.111590845342208e-05,6.565435272932518e-05,4.122287731750273e-05,4.023709593748209e-05
3071,3.9212015819632344e-05,2.850855089491233e-05,4.167004041389898e-05,4.04564200231107e-05
3072,3.7547452262111216e-05,4.755137437314261e-05,4.125547788814098e-05,4.081425697659143e-05
3073,3.696629518041542e-05,3.575835704396013e-05,4.176997577031014e-05,4.067519679665566e-05
3074,3.774950645391881e-05,2.733166351390537e-05,4.1409701972022756e-05,3.9957852425868624e-05
3075,4.181562465318065e-05,4.4167921732878315e-05,4.12125191486363e-05,3.987121950776783e-05
3076,4.505706501529656e-05,2.8518507606349884e-05,4.06263325049723e-05,3.958078136784026e-05
3077,3.865157694639897e-05,0.00010708674308261834,4.0946496907013675e-05,3.9504473726265145e-05
3078,3.748494915877624e-05,2.848818156053312e-05,4.102609401306836e-05,3.9301995758432905e-05
3079,4.864972156711802e-05,5.092739811516367e-05,4.031729883184501e-05,3.9337933826027443e-05
3080,3.9517292397148494e-05,2.779917704174295e-05,4.020390179713205e-05,3.971717131207697e-05
3081,5.141349488338973e-05,4.540606794762425e-05,4.0411100577006836e-05,3.921418839599938e-05
3082,3.9017556086441295e-05,2.981066456413828e-05,4.060245226606235e-05,3.915558225126006e-05
3083,4.366332572115223e-05,4.756336405989714e-05,4.042366892147887e-05,3.79087674402399e-05
3084,3.338271267744454e-05,3.890072490321472e-05,4.050757008549731e-05,4.049647049687338e-05
3085,5.317279892753706e-05,2.9281849347171374e-05,4.110955831889037e-05,4.008318702108228e-05
3086,3.265238181888385e-05,3.2394440786447376e-05,4.1430827340971314e-05,4.0404331040917905e-05
3087,3.270493846179711e-05,2.814025996485725e-05,4.1323521315644025e-05,4.036668745684438e-05
3088,3.220987067228028e-05,2.7692869552993214e-05,4.10451409098136e-05,3.9676253672223544e-05
3089,4.691528082831711e-05,3.118007662124e-05,4.074369744776049e-05,3.962263488501777e-05
3090,4.191303278073772e-05,4.413695183757227e-05,4.0480278389521924e-05,3.676291940791999e-05
3091,4.1640339461284584e-05,3.916855035640765e-05,4.0609446209499664e-05,3.854227238043678e-05
3092,3.835573052735223e-05,3.779738668526988e-05,4.081846508407681e-05,3.843132588954177e-05
3093,4.3678800559266364e-05,2.805238742439542e-05,4.0621440503067185e-05,3.8353419952909473e-05
3094,4.0573635338255875e-05,2.7571734535740687e-05,3.983068819232156e-05,3.7638820594293065e-05
3095,3.6646324838835024e-05,3.448398245382123e-05,3.9707144502123515e-05,3.756328145391307e-05
3096,4.1309544920093485e-05,9.320112731074915e-05,3.945404661386016e-05,3.7507930336869315e-05
3097,5.259715809693767e-05,3.7219287478365004e-05,3.965421162008878e-05,3.7111825354804755e-05
3098,4.499802073243902e-05,4.378695753985085e-05,3.888227719710105e-05,3.7557212002866434e-05
3099,3.506685582073664e-05,2.6390573912067338e-05,3.9115083738902796e-05,3.773363710351987e-05
3100,3.485611450741999e-05,2.6907077117357403e-05,3.918266396924284e-05,3.780014715302969e-05
3101,3.7520978463968885e-05,2.7178037926205433e-05,3.936938820180431e-05,3.778449759847718e-05
3102,3.2066100490434714e-05,3.559385615517385e-05,3.8858220115071155e-05,3.8163035271281854e-05
3103,4.071414465821969e-05,7.297200587345287e-05,3.854042253644567e-05,3.833113006112399e-05
3104,5.38751934315466e-05,4.815373584278859e-05,3.819168423716392e-05,3.927118062711089e-05
3105,3.459167787190785e-05,2.5851528625935316e-05,3.837355863522841e-05,3.879760047566379e-05
3106,3.16446871147491e-05,2.754108398221433e-05,3.8363893579420004e-05,4.0038791949336884e-05
3107,3.592896383149006e-05,2.7922186054638585e-05,3.8354243383218993e-05,4.049271806579782e-05
3108,3.7335878514568324e-05,4.617958613380324e-05,3.829426164302276e-05,4.0517834834463425e-05
3109,3.8386837833160016e-05,2.899810035160044e-05,3.818710875493706e-05,3.869239812920568e-05
3110,3.3874438352844055e-05,4.04165155487135e-05,3.7569446500371357e-05,3.860458575509255e-05
3111,3.8472545363927365e-05,3.6805068302783186e-05,3.71221493239217e-05,3.813166045438264e-05
3112,3.4394444220298386e-05,2.9803011202602647e-05,3.7019838337598945e-05,3.808531404793029e-05
3113,3.687797648631709e-05,2.7301630689180455e-05,3.6852345083510357e-05,3.8119599509809626e-05
3114,3.413607865998832e-05,4.0643518441356716e-05,3.6633839494606954e-05,3.8636179272725714e-05
3115,3.3968093315100605e-05,4.833932158362586e-05,3.697484945409493e-05,3.8334321127331347e-05
3116,3.2921881979240827e-05,6.266981450608e-05,3.686434796885201e-05,3.667984695493942e-05
3117,4.290259047896446e-05,2.595788289909251e-05,3.612878418757141e-05,3.5899316474387884e-05
3118,4.343717416405626e-05,5.9082174266222866e-05,3.670901911375242e-05,3.9553879028244405e-05
3119,4.033238043323056e-05,3.891988744726404e-05,3.7561243124299733e-05,3.981619270489319e-05
3120,3.5146781333929134e-05,3.511190167046152e-05,3.7492734290167894e-05,4.186687262990745e-05
3121,3.863072271795115e-05,4.756520967930555e-05,3.730180000841049e-05,4.164401621819707e-05
3122,3.7155601732795026e-05,3.502397812553682e-05,3.721623228565377e-05,4.268844618054573e-05
3123,3.381559132119744e-05,3.1963825022103266e-05,3.73532314380605e-05,4.3042957017314624e-05
3124,3.2509081162667526e-05,2.5231913750758393e-05,3.753403576847632e-05,4.285504217259586e-05
3125,3.066878315520525e-05,2.7764213664340788e-05,3.7830870355052564e-05,4.386747713433579e-05
3126,3.2058338741383824e-05,4.009253199910745e-05,3.787899553749918e-05,4.401118419773411e-05
3127,4.059134947763394e-05,2.804740252031479e-05,3.7916053986150986e-05,4.3928198568755755e-05
3128,3.7951607527146635e-05,3.1610151563654656e-05,3.7971728301555335e-05,4.628408558492082e-05
3129,3.54860988995319e-05,2.8640473829000257e-05,3.812273648476953e-05,4.485949708614498e-05
3130,4.909755102643329e-05,0.00011721559247234836,3.759819787018286e-05,4.5163096016040063e-05
3131,5.2950287378431916e-05,3.4098925898433666e-05,3.78212469366392e-05,4.420645118225365e-05
3132,3.421624297819411e-05,7.91891841799952e-05,3.786023536247538e-05,4.381039593718014e-05
3133,3.256252147063302e-05,4.0608175841043706e-05,3.792289902161833e-05,4.3629083115956736e-05
3134,3.624764476424187e-05,5.5108849410316906e-05,3.809748298711687e-05,4.337779604829847e-05
3135,3.729941716301255e-05,4.927928646793589e-05,3.84052689250287e-05,4.702079581911675e-05
3136,4.299265362432278e-05,3.210719718481414e-05,3.867585478049781e-05,4.7212114138528694e-05
3137,4.181530888470459e-05,5.5113885246100835e-05,3.864683987097427e-05,4.722646550799254e-05
3138,3.8081106047482336e-05,3.089430727413855e-05,3.9098999242964466e-05,4.733855781960301e-05
3139,3.506253987628346e-05,3.856887771689799e-05,3.903075252649918e-05,4.675964570487849e-05
3140,3.535995120020946e-05,0.00010723649698775262,3.872710677727204e-05,4.6732827831874596e-05
3141,3.6697086559595643e-05,2.705510203668382e-05,3.844143893592345e-05,4.899377394467592e-05
3142,2.9789125114297753e-05,3.3547856146469714e-05,3.823904570017476e-05,4.902181634970475e-05
3143,4.9013400825464894e-05,3.516605342156254e-05,3.767285148884791e-05,4.6243629863602116e-05
3144,4.1307091079134905e-05,2.901850632042624e-05,3.736913914358916e-05,4.598330909502693e-05
3145,3.6713372812502914e-05,3.057908113987651e-05,3.73088907162633e-05,4.38185092585627e-05
3146,4.299532185541466e-05,4.128303298784885e-05,3.751717950508464e-05,4.321137871593238e-05
3147,4.4850250180590795e-05,0.00012609897239599377,3.7917475786525754e-05,4.262522692151834e-05
3148,4.0580237707925136e-05,3.6746783007401976e-05,3.7969551710476575e-05,4.18624908750644e-05
3149,3.178370842457904e-05,2.559069798735436e-05,3.782454748159378e-05,4.161988920532167e-05
3150,4.1972767454960073e-05,3.056652145460248e-05,3.766981588479312e-05,4.166813609481323e-05
3151,3.0352170829751735e-05,2.5619729130994527e-05,3.802110654861382e-05,4.154045723553281e-05
3152,3.3000205746955344e-05,2.7376955695217476e-05,3.80818160410854e-05,4.155231527984142e-05
3153,3.080991149343188e-05,8.813380438368767e-05,3.8061656606118456e-05,4.15709434018936e-05
3154,3.0426268005814765e-05,2.9341533954720946e-05,3.809942076639144e-05,4.1456374272820544e-05
3155,3.4942695743262046e-05,4.776093031978235e-05,3.823972421653001e-05,4.160482604638673e-05
3156,4.535747874696325e-05,2.759090668405406e-05,3.779090985578175e-05,4.126995390688535e-05
3157,3.2710032295047614e-05,2.5069188268389553e-05,3.7566885311712726e-05,4.140285432513337e-05
3158,3.776974119116656e-05,2.542991227528546e-05,3.746314308664297e-05,4.2166538327001034e-05
3159,4.625505180026974e-05,4.045505454996601e-05,3.736983612309107e-05,4.1563132251030766e-05
3160,3.860131526178318e-05,3.0210885306587442e-05,3.686811161104642e-05,3.761622169695329e-05
3161,3.936754790225273e-05,2.6042155441245994e-05,3.661724580451847e-05,3.88273293938255e-05
3162,3.794701896468824e-05,5.632005748338997e-05,3.677427151382694e-05,3.8781914682476794e-05
3163,4.6863372642999616e-05,2.7702335792127997e-05,3.635546769688113e-05,4.037663261115086e-05
3164,3.658027718807312e-05,3.8865328824613244e-05,3.6612423332796126e-05,4.045064342499246e-05
3165,3.4855965326035704e-05,0.00010770220003905706,3.698843487525463e-05,4.566338207514492e-05
3166,3.764119056642004e-05,2.4190873809857293e-05,3.7580755472623014e-05,4.327850959962235e-05
3167,3.3296711367761925e-05,3.725915048562456e-05,3.757161768428179e-05,4.478707358357497e-05
3168,3.779304180675859e-05,2.6794249934027902e-05,3.786282692243629e-05,4.739200379117393e-05
3169,3.5706477477409255e-05,3.234101677662693e-05,3.754454233260023e-05,4.958933428861202e-05
3170,3.4119817185758924e-05,4.967118118656799e-05,3.7849164718742636e-05,4.9773146997904415e-05
3171,4.0662647766617335e-05,2.619788108859211e-05,3.8058511499063266e-05,5.098505933128763e-05
3172,3.2307137379474524e-05,2.7426208544056862e-05,3.7453562156588304e-05,5.071722073771526e-05
3173,3.43085925447263e-05,6.702447542920708e-05,3.711683320935764e-05,5.066322603670416e-05
3174,3.570935115729096e-05,2.445533020363655e-05,3.709771236301296e-05,5.315236513852143e-05
3175,3.150267203131484e-05,7.043446967145429e-05,3.7436819465720973e-05,5.449089977191762e-05
3176,3.677606172762656e-05,2.7469999477034435e-05,3.7333355481354784e-05,5.530211238365155e-05
3177,4.240049430841787e-05,0.00015769542194902898,3.731660875216929e-05,5.5344821655307903e-05
3178,4.561792642764178e-05,2.8511992495623418e-05,3.7557945026168864e-05,5.230092063138728e-05
3179,3.019782329728413e-05,6.70556335535366e-05,3.7364105555429384e-05,5.236377893888857e-05
3180,4.2222926697124626e-05,0.00011288418550975621,3.752777487809201e-05,5.3699559281812975e-05
3181,3.740036400106166e-05,8.252416912000626e-05,3.7724952067300255e-05,5.370891135244165e-05
3182,4.032559194860773e-05,2.9664506000699476e-05,3.766524002098271e-05,5.735519276640843e-05
3183,4.300341069918229e-05,5.572772060986608e-05,3.7836971477534256e-05,5.662565972597804e-05
3184,3.113131823839568e-05,3.375908971065655e-05,3.7401434973031026e-05,5.6660196141456256e-05
3185,3.018309158101652e-05,2.8861017781309784e-05,3.765232714116185e-05,5.655394436034839e-05
3186,3.8889526743635844e-05,8.827063298667781e-05,3.7795726860349524e-05,5.495346053212414e-05
3187,4.642469653238853e-05,8.978342331829481e-05,3.816167437972682e-05,5.551534524129237e-05
3188,4.427677303384472e-05,4.798265108547639e-05,3.832160014119128e-05,5.373867966409307e-05
3189,3.616160895843576e-05,3.993306061602197e-05,3.866721975484526e-05,5.3947604025597684e-05
3190,4.088937217602506e-05,3.1604674441041424e-05,3.861056360684516e-05,4.88052179774968e-05
3191,3.2795203797933126e-05,2.5762331497389822e-05,3.8341420835058666e-05,5.072254303377122e-05
3192,3.738844443432754e-05,7.065365905873478e-05,3.8708923920704465e-05,4.9144487877492795e-05
3193,4.272247153696501e-05,2.702805169974454e-05,3.855870179055879e-05,4.5792346791131434e-05
3194,3.4213676319470526e-05,0.00012349805212579667,3.862441045639571e-05,4.370252375083511e-05
3195,3.841310359954757e-05,3.143285517580807e-05,3.856481455861487e-05,4.357266141596485e-05
3196,2.9774235154036434e-05,2.7061291475547478e-05,3.818282892397191e-05,4.237903211178492e-05
3197,3.8579441582745255e-05,2.4769914016360417e-05,3.894568798617305e-05,4.470243716641563e-05
3198,3.789358552441829e-05,2.7012379723601045e-05,3.921072419212174e-05,4.475536306417781e-05
3199,4.4858039141723164e-05,3.850244793284219e-05,3.90179840403208e-05,4.297162299772027e-05
3200,3.550081606792648e-05,2.6017830241471528e-05,3.8516099329151785e-05,4.050232729205163e-05
3201,4.5416552068976065e-05,3.2693108514649794e-05,3.814552660672538e-05,3.991769701679005e-05
3202,4.0984090608415294e-05,2.913577074650675e-05,3.8149049174616165e-05,4.0051734009466604e-05
3203,3.888935713297946e-05,7.644511890248396e-05,3.7937623433309554e-05,4.0491554756590636e-05
3204,3.9385400438429015e-05,2.760425464657601e-05,3.799738581179149e-05,4.066215841885423e-05
3205,3.846737344348286e-05,2.9080658350721933e-05,3.784564407348322e-05,3.966277914732927e-05
3206,3.9043080646984484e-05,3.0278593112598173e-05,3.7851966673365995e-05,3.9613749175623524e-05
3207,3.883569450408686e-05,2.6417947628942785e-05,3.7725519138297795e-05,3.5646321215608613e-05
3208,3.34537698331082e-05,2.588698800536804e-05,3.767480048296016e-05,3.5612880755797956e-05
3209,5.020279479342409e-05,9.184421607642434e-05,3.787458082887396e-05,3.609959310269914e-05
3210,3.6808996729733834e-05,3.018416522536427e-05,3.805377912552406e-05,3.645075095701031e-05
3211,3.407102294861236e-05,4.3677131325239314e-05,3.800989269932163e-05,3.644617701647803e-05
3212,3.3877578753163105e-05,2.80510306765791e-05,3.736915461324518e-05,3.588139036146458e-05
3213,3.50124549731845e-05,3.336689420393668e-05,3.7488844117292006e-05,3.580938629456796e-05
3214,3.6249673155705546e-05,4.328398543293588e-05,3.7339629568224263e-05,3.563829920603894e-05
3215,3.5603728643359825e-05,4.2600193119142204e-05,3.77625363594335e-05,3.841557950363494e-05
3216,3.4289263259981655e-05,3.0027423053979874e-05,3.783800322433106e-05,3.7168380079674535e-05
3217,3.359490097662072e-05,4.5669177270610815e-05,3.7787946572482014e-05,3.747356226667761e-05
3218,4.288053653403444e-05,2.5802302407100796e-05,3.7638793079046684e-05,3.7363504350651054e-05
3219,3.105248794276526e-05,2.4312353125424125e-05,3.7718487561829127e-05,3.7213732238160444e-05
3220,3.714513721610678e-05,3.0596843680541495e-05,3.761244876416944e-05,3.715642463212134e-05
3221,3.4768743801881404e-05,3.922910014807712e-05,3.766985188267427e-05,3.7058926107420125e-05
3222,4.30593989989979e-05,3.354886037413962e-05,3.675129186352327e-05,3.49826021687477e-05
3223,3.67964248693574e-05,2.6898031210293992e-05,3.672822792545453e-05,3.482542820711388e-05
3224,2.883958698981183e-05,2.438278155750595e-05,3.679789793047046e-05,3.441552352596773e-05
3225,3.8493053669097004e-05,2.4217728569055908e-05,3.6834178634873956e-05,3.4864372546144294e-05
3226,4.1686188342282546e-05,2.841593130142428e-05,3.69850905507014e-05,3.449795536434976e-05
3227,5.155676038864638e-05,9.856777818640694e-05,3.690891260428341e-05,3.507692913844948e-05
3228,4.077602875541844e-05,4.52651333034737e-05,3.7255128632386916e-05,3.523992185509995e-05
3229,3.813398414220299e-05,3.52338093216531e-05,3.775340438547169e-05,3.8911482699040786e-05
3230,3.473853610759963e-05,2.632921045005787e-05,3.817480961499517e-05,3.8503671916259916e-05
3231,4.103544271654553e-05,2.653429030033294e-05,3.826645619273122e-05,3.8552170617913365e-05
3232,3.618472456259446e-05,2.4985257477965207e-05,3.933031576234499e-05,3.901088300190168e-05
3233,3.488884779572901e-05,2.344952488783747e-05,3.949481675768362e-05,3.908503574784846e-05
3234,2.7238794314649163e-05,3.9936117609613575e-05,3.940324222049741e-05,3.92915183416335e-05
3235,3.623239827801525e-05,2.625481618451886e-05,3.902422810181937e-05,3.9060808261274366e-05
3236,3.581277307401049e-05,3.3429514296585694e-05,3.89466160894598e-05,3.9805882031214426e-05
3237,3.4784596363250684e-05,3.927225618099328e-05,3.928874045498864e-05,4.05911797482986e-05
3238,3.878525286887048e-05,2.420646465907339e-05,3.919516430364133e-05,4.1010693303542216e-05
3239,3.4345224495256034e-05,5.7758329785428944e-05,3.892245954557439e-05,4.122032946906984e-05
3240,4.425912934594736e-05,4.667501103540417e-05,3.821424325683943e-05,3.8955102511681614e-05
3241,4.674615708710108e-05,0.00012181644415250048,3.856095142845233e-05,3.834443235245999e-05
3242,4.4130031714707404e-05,3.547390770108905e-05,3.8357602028554543e-05,3.9211608780897236e-05
3243,4.517170097743575e-05,2.701476994843688e-05,3.8289161829339316e-05,3.9810756364022385e-05
3244,5.764897718310951e-05,3.578016272513196e-05,3.817955688532997e-05,3.9711686136433856e-05
3245,4.125766209957267e-05,3.24506623292109e-05,3.80221684297592e-05,3.9862821472343056e-05
3246,3.247938037222613e-05,4.439116499270312e-05,3.8449293113970064e-05,4.119659438729286e-05
3247,3.35840460320469e-05,2.7781108365161344e-05,3.909289873352261e-05,4.063571210426744e-05
3248,3.485612456036809e-05,4.552487545879558e-05,3.907211974979468e-05,4.100273770745844e-05
3249,3.739269612803279e-05,4.401522448461037e-05,3.905088882658875e-05,4.1513935569673775e-05
3250,3.6153649885414375e-05,3.470556745014619e-05,3.926994565271242e-05,4.095955264929216e-05
3251,3.486856939060898e-05,3.365683543961495e-05,3.920956521364536e-05,4.114771454769652e-05
3252,3.3851353170272586e-05,4.193710425170138e-05,3.914475000460192e-05,3.984440377680585e-05
3253,4.9443733045740774e-05,2.9998379322933032e-05,3.864175344982261e-05,3.9016001764684916e-05
3254,3.30502491447583e-05,5.6913220032583925e-05,3.8056950262398456e-05,3.5428729522391213e-05
3255,3.3027531127219036e-05,4.130790002818685e-05,3.754356798599475e-05,3.523422278231009e-05
3256,3.8295319116312184e-05,2.4057534610619768e-05,3.7135412725587636e-05,3.7026809228700584e-05
3257,3.2250013173324984e-05,2.8763640875695275e-05,3.6468427179109615e-05,3.854715228953865e-05
3258,4.5566964901000677e-05,5.679384776158258e-05,3.621008744311338e-05,4.1580837650690223e-05
3259,4.3328934803462796e-05,2.5914060533978044e-05,3.671207481416382e-05,4.289252488524652e-05
3260,3.5712923684817116e-05,3.543045626429375e-05,3.6950096880253925e-05,4.3590208209934646e-05
3261,3.528199999386238e-05,4.62094608519692e-05,3.7150592452962884e-05,4.278186279698275e-05
3262,4.026101701634212e-05,2.5412683171452955e-05,3.692676724426241e-05,4.2179261421551924e-05
3263,3.727574189219417e-05,2.8910512119182384e-05,3.723202026125768e-05,4.215813314367552e-05
3264,3.272484426916991e-05,2.5175560513162054e-05,3.781062154755798e-05,4.1747022498748265e-05
3265,3.168421547646479e-05,2.5964960732380858e-05,3.765228849256851e-05,4.102776609943248e-05
3266,3.212607740149704e-05,3.2134638095158154e-05,3.691606340241076e-05,4.0803928303648715e-05
3267,3.129547480461447e-05,3.0611239199060945e-05,3.6934647430866286e-05,3.945596082194242e-05
3268,3.496781946725807e-05,7.182943110819906e-05,3.6880041891870655e-05,4.1812108288286255e-05
3269,4.0974338521159046e-05,7.378873924608342e-05,3.6740696124131006e-05,4.36422263039276e-05
3270,3.4799168699666754e-05,0.00010829279635800048,3.724064424895914e-05,5.005283128120937e-05
3271,4.502906464848719e-05,7.718334585661068e-05,3.714645535187123e-05,4.882184033631347e-05
3272,3.9534597684299417e-05,4.52231914823642e-05,3.67720589268073e-05,4.951876149279997e-05
3273,3.9868513878092116e-05,2.5316240134998223e-05,3.6777209838166724e-05,4.911181099596434e-05
3274,3.179706591052107e-05,2.8950190098839813e-05,3.651639228499132e-05,4.845531423925422e-05
3275,4.3784975310296026e-05,3.417736050323583e-05,3.611276296804944e-05,4.904450193280354e-05
3276,4.933360154811655e-05,2.337906931643374e-05,3.5915993326246585e-05,4.9282277404563506e-05
3277,2.989302679553576e-05,2.3955694268806836e-05,3.579520949295127e-05,4.9293938311166135e-05
3278,3.103810579179683e-05,2.440243442833889e-05,3.612883093867116e-05,5.2177518070675435e-05
3279,3.351484985614661e-05,2.3214032989926636e-05,3.6738724867528726e-05,5.215398186410312e-05
3280,3.1662392652328386e-05,0.00010021158668678254,3.688632033396668e-05,5.3289318687166084e-05
3281,3.481167492282111e-05,6.981048500165343e-05,3.6885834619493434e-05,5.1321593715692866e-05
3282,4.474871629402817e-05,0.00018902876530773937,3.649693549992258e-05,4.957244093238842e-05
3283,4.321224247380289e-05,2.601907413918525e-05,3.6566943919105044e-05,4.6392579629900865e-05
3284,3.396902417686458e-05,4.333708944614045e-05,3.607096960897454e-05,4.423364216927439e-05
3285,3.584169646880279e-05,2.52566938434029e-05,3.589862300351444e-05,4.339545065449784e-05
3286,2.876156116447722e-05,2.9797041934216393e-05,3.584626058937931e-05,4.343467727740063e-05
3287,3.0170284092794947e-05,4.014237551018596e-05,3.5744441371288214e-05,4.3226098192099026e-05
3288,3.235650084712284e-05,3.485489891318139e-05,3.565049821029081e-05,4.2929540264594836e-05
3289,2.9705248436787064e-05,2.5467083178227766e-05,3.5302284879758694e-05,4.3428148484963466e-05
3290,4.002475161946172e-05,9.805445472011343e-05,3.5352070081636264e-05,4.350348857260542e-05
3291,4.737342562293634e-05,3.154623293085024e-05,3.535526035201555e-05,4.374295598390745e-05
3292,3.498536146556338e-05,5.8994659775635226e-05,3.539785315822681e-05,4.391376435378334e-05
3293,3.4955676605426966e-05,2.2636306821368633e-05,3.5701862105472374e-05,4.139111247641267e-05
3294,3.125186053188776e-05,3.00599196634721e-05,3.5845395250847405e-05,3.963690422679064e-05
3295,3.6549379179228304e-05,2.8796263795811682e-05,3.547767167797751e-05,3.449957144184737e-05
3296,3.262970689522465e-05,2.3209909340948797e-05,3.522751662983662e-05,3.4824749162362426e-05
3297,3.5225932547796724e-05,2.4268403612950352e-05,3.509939531828017e-05,3.402649285708321e-05
3298,3.855945352471382e-05,2.629690570756793e-05,3.4958919650590456e-05,3.434809041063999e-05
3299,2.9251585458243627e-05,2.3735712966299614e-05,3.506162503488465e-05,3.407259001251077e-05
3300,4.1436396285361196e-05,2.6763412315631284e-05,3.5211968671420534e-05,3.340367901109858e-05
3301,4.062826828481371e-05,3.584427482564934e-05,3.568657293136413e-05,3.298351011035266e-05
3302,3.1137656842474824e-05,2.5839196459855885e-05,3.598042406908159e-05,3.394741713273106e-05
3303,3.111786255127905e-05,3.0389119710889645e-05,3.587034297476445e-05,3.3642293843149676e-05
3304,3.457967001142808e-05,2.7484242236823777e-05,3.542459383493729e-05,3.52854977347306e-05
3305,3.9262616333467625e-05,3.7145289752515964e-05,3.537759925578333e-05,3.388099636795232e-05
3306,3.840000355719692e-05,2.595527876110282e-05,3.526088236588597e-05,3.869867702160263e-05
3307,3.555562697228096e-05,6.059544568415731e-05,3.528305847091057e-05,3.893341813964071e-05
3308,3.6958366270280545e-05,3.4148517152061686e-05,3.5407690349933945e-05,3.8751025708916145e-05
3309,3.076599138795346e-05,2.3380681814160198e-05,3.591667261918903e-05,3.9077485482266644e-05
3310,3.2329804776559793e-05,3.329663268232252e-05,3.58425220820613e-05,3.9213831714005215e-05
3311,3.132919577183202e-05,2.2909531980985776e-05,3.589963200502097e-05,4.099917812563946e-05
3312,3.392887500619205e-05,2.3419600474881007e-05,3.672112229703797e-05,4.143275671231096e-05
3313,4.422160734571258e-05,2.4350676394533366e-05,3.6192036926675234e-05,4.129525804310107e-05
3314,3.7051526879723595e-05,4.9564758737687955e-05,3.572968580523997e-05,4.1227371315471836e-05
3315,3.727272426153326e-05,9.042637248057872e-05,3.6267774653485195e-05,4.1766065955744135e-05
3316,3.622969712725737e-05,7.262633022037335e-05,3.6494214516682805e-05,4.406467122025788e-05
3317,3.38104969867143e-05,2.3882125606178307e-05,3.66303553269568e-05,4.386373953893781e-05
3318,3.203775435799293e-05,0.00014307832316262648,3.629968439894987e-05,4.371716141176875e-05
3319,3.180626315750285e-05,3.592844761442393e-05,3.61336013100097e-05,4.407802470959722e-05
3320,3.9665176154812797e-05,2.423645302769728e-05,3.607154161549665e-05,4.3697760064969756e-05
3321,4.53542636266017e-05,3.137140367471147e-05,3.58585628879761e-05,4.338889681966975e-05
3322,3.337216911960342e-05,2.767705940641463e-05,3.6061238643176495e-05,4.3413039791630575e-05
3323,3.998720159870572e-05,7.093056599842384e-05,3.599974318850501e-05,4.342823655169923e-05
3324,4.9788842758668276e-05,3.4575177633087154e-05,3.5935091809207935e-05,4.5318454099469814e-05
3325,2.820926202629279e-05,2.3325945585384032e-05,3.57976574917201e-05,4.884657005022746e-05
3326,2.9069490248932398e-05,3.41471066349186e-05,3.544729818636875e-05,4.9261442918214015e-05
3327,4.458987804860549e-05,3.9306562466663305e-05,3.5278103632946215e-05,4.86118944361806e-05
3328,3.677885913121928e-05,8.785425132373347e-05,3.496973218287975e-05,4.814406711375341e-05
3329,3.798319026827812e-05,2.2460950203821996e-05,3.49630204630052e-05,4.651571292779409e-05
3330,3.099584313329413e-05,3.3480836573289705e-05,3.541350895078116e-05,4.665289504046086e-05
3331,3.42479263336928e-05,3.497686120681465e-05,3.5294760978124235e-05,4.1884080696036104e-05
3332,3.400413460945452e-05,5.1088829568470825e-05,3.5207080419139755e-05,4.1472233235253944e-05
3333,3.163389808226687e-05,2.6426936019561255e-05,3.523683450968949e-05,4.286279718216974e-05
3334,3.5832885267963216e-05,2.398425611318089e-05,3.475905423555458e-05,4.3086990201845765e-05
3335,3.079241840977274e-05,3.367655168403871e-05,3.494677831113222e-05,4.3018596395268105e-05
3336,2.9712911289405183e-05,7.016497067525052e-05,3.4674716754670956e-05,4.32394693052629e-05
3337,3.049301706899617e-05,0.00011162249924382195,3.453183935998823e-05,4.291804031236097e-05
3338,3.546262471192879e-05,3.472249809419736e-05,3.475174188974455e-05,4.325665052165277e-05
3339,3.282166304416023e-05,3.3326046686852354e-05,3.528297918019234e-05,4.449893852579407e-05
3340,2.9563438009871687e-05,7.873068941989914e-05,3.498860727688427e-05,4.424190560821444e-05
3341,3.6061904130393586e-05,3.1917475571390244e-05,3.47102967959169e-05,4.2515837898827154e-05
3342,4.507270918111317e-05,2.7311678422847763e-05,3.4572073871256883e-05,4.2660099716158583e-05
3343,2.9069055041569907e-05,2.3857964552007617e-05,3.4820758680062786e-05,4.244093866145704e-05
3344,2.9614249182890892e-05,2.5632261094870047e-05,3.503857632830558e-05,4.204646471916931e-05
3345,4.040902841855617e-05,5.900055170059204e-05,3.5171854476114586e-05,4.200391197664431e-05
3346,3.340975677322907e-05,3.697622916661203e-05,3.52544494311183e-05,4.1875114552385645e-05
3347,3.806527100904431e-05,2.5967214241973124e-05,3.521431173026536e-05,4.1997006778547075e-05
3348,3.3185662687174045e-05,7.645238874829375e-05,3.524328607389988e-05,4.194231791043421e-05
3349,4.621690789160008e-05,2.6539452810538933e-05,3.520041840108914e-05,4.0187859661818944e-05
3350,3.370682527020108e-05,3.1791200817679056e-05,3.5187587117009876e-05,3.752517475368222e-05
3351,4.235042251012702e-05,6.520430673845112e-05,3.5052857074495274e-05,3.707777346862713e-05
3352,3.7230580465903684e-05,3.288073952717241e-05,3.494736522770836e-05,3.798001533577917e-05
3353,2.9821097107035003e-05,4.470255858905148e-05,3.506682408179686e-05,3.592465457477374e-05
3354,3.452761715177783e-05,2.606749563710764e-05,3.500889860758131e-05,3.579733801743714e-05
3355,3.721296335344151e-05,2.80018102057511e-05,3.481201390912045e-05,3.5648173782101375e-05
3356,3.9693367539762725e-05,2.511501264962135e-05,3.518053316066572e-05,3.7697317493439195e-05
3357,3.733608830467953e-05,5.002501100534573e-05,3.543045244530529e-05,3.846066492114915e-05
3358,3.369877195735979e-05,2.3207000413094648e-05,3.516958538328052e-05,3.734888885956025e-05
3359,3.482944274663977e-05,2.7031561767216772e-05,3.5110720821103314e-05,3.7719187278707986e-05
3360,3.1516777000635756e-05,3.230932998121716e-05,3.489870741428199e-05,3.793876465206268e-05
3361,2.864121946913656e-05,2.6303514459868893e-05,3.478411229936884e-05,3.59011421474861e-05
3362,3.0172234967014648e-05,4.505537654040381e-05,3.42874427582299e-05,3.6113020774791946e-05
3363,3.209437364906383e-05,2.3537465967820026e-05,3.465890446815239e-05,3.578387220622971e-05
3364,3.0184366874487347e-05,5.5882093365653416e-05,3.404782266079565e-05,3.4618001958006056e-05
3365,3.254990936208439e-05,2.734667039476335e-05,3.370962017037932e-05,3.44539289799286e-05
3366,3.461376727500465e-05,2.8734561637975276e-05,3.409351348188162e-05,3.435276149539277e-05
3367,4.0150591719591626e-05,2.3582572539453394e-05,3.388933254658089e-05,3.4192396036814895e-05
3368,3.828203633020166e-05,7.50865573354531e-05,3.418368041004416e-05,3.4879930867464276e-05
3369,3.586223129888013e-05,4.471594678761903e-05,3.380164508271263e-05,3.4837646239611776e-05
3370,3.388735186793686e-05,3.1206150160869584e-05,3.3367692232422995e-05,3.5458189445489554e-05
3371,3.1938142718798996e-05,4.6233689645305275e-05,3.3491624820776954e-05,3.677891201368767e-05
3372,3.276493583851132e-05,3.145664857584052e-05,3.351394012521875e-05,3.734916741523194e-05
3373,3.032078481434534e-05,2.5511826133879368e-05,3.3473908328677576e-05,3.98152923109592e-05
3374,3.380016936312636e-05,3.183641849318519e-05,3.404924453708291e-05,3.962563095992664e-05
3375,4.299336801826333e-05,2.3562486603623256e-05,3.392252507409365e-05,3.893092184007401e-05
3376,2.7073377326208476e-05,3.605755053285975e-05,3.433860511738911e-05,4.095492946071318e-05
3377,2.8775518205495446e-05,2.8778915075236e-05,3.4434560367662926e-05,3.9879550489422406e-05
3378,3.941842989459272e-05,4.2173371475655586e-05,3.435673901048075e-05,3.970856060186634e-05
3379,2.9423093769259545e-05,2.2058359172660856e-05,3.417069684591196e-05,3.9621964308025784e-05
3380,4.457165994002329e-05,4.519018097198568e-05,3.3671900846174034e-05,3.9660028165963014e-05
3381,3.0142484356474596e-05,2.4057896953308956e-05,3.342973253182005e-05,3.870159832440549e-05
3382,2.648726704743846e-05,6.553859115228989e-05,3.3312819819063095e-05,3.8394855776277836e-05
3383,3.6797086666208796e-05,5.622506461804733e-05,3.35134473116745e-05,3.8331114685570356e-05
3384,3.538732535768455e-05,4.1287946805823596e-05,3.379665595631296e-05,4.0223136123677256e-05
3385,3.051598208710655e-05,9.39624523743987e-05,3.428625463550108e-05,4.103428543749033e-05
3386,4.302462467926994e-05,2.1561980684055016e-05,3.489378802785521e-05,4.117959287250415e-05
3387,2.700424839228314e-05,2.7687648544088006e-05,3.476021621140213e-05,4.080195046553854e-05
3388,4.249637473145008e-05,7.413765648379922e-05,3.457260376259608e-05,4.1089824325172235e-05
3389,3.2583248131332866e-05,2.899761908338405e-05,3.5300836448085556e-05,4.065354473714251e-05
3390,3.060437543253e-05,2.307192320586182e-05,3.5582944465729975e-05,4.2601028532953934e-05
3391,2.9962713160784915e-05,2.6569654291961342e-05,3.553326169478371e-05,4.182758801034652e-05
3392,2.7680691726143574e-05,2.4534168987884185e-05,3.545014792244829e-05,4.192496072500944e-05
3393,3.2227828471352246e-05,5.112581129651517e-05,3.504434980697826e-05,4.1858204774325715e-05
3394,3.293941347995618e-05,3.704738308442756e-05,3.5377578115731004e-05,4.205933779594489e-05
3395,3.890303918322186e-05,2.961262289318256e-05,3.582061768861927e-05,4.087156855966896e-05
3396,3.901835883476047e-05,9.353422559797764e-05,3.562530659336415e-05,3.987193352368195e-05
3397,4.500490281821436e-05,5.17353814211674e-05,3.533756805781094e-05,3.9106249297037726e-05
3398,4.550911962319838e-05,2.9144512009224854e-05,3.523919847567514e-05,3.675655758706853e-05
3399,3.0460873951799133e-05,2.2395358319045044e-05,3.480894233442894e-05,3.7181690422585235e-05
3400,3.830305679811216e-05,3.0759333094465545e-05,3.514030634040762e-05,3.703877946245485e-05
3401,4.527919446344539e-05,2.515056083211675e-05,3.5075853672201944e-05,3.6376464151544495e-05
3402,3.582821864660622e-05,7.746600997052155e-05,3.5498462958720565e-05,3.625212573388125e-05
3403,3.817636062093597e-05,2.283735841047019e-05,3.54537145669585e-05,3.6187215265817945e-05
3404,2.734524946087428e-05,2.4492677039233967e-05,3.574974336612892e-05,3.692028131918051e-05
3405,3.442670705327247e-05,4.352128220489249e-05,3.598640393740627e-05,3.718086335866247e-05
3406,3.84731920752933e-05,2.9086222493788227e-05,3.580210588843329e-05,3.670969353115652e-05
3407,3.756325636964498e-05,3.584436024539173e-05,3.640967991264511e-05,3.822233876271639e-05
3408,3.191430928483088e-05,3.1234188718372024e-05,3.6237419096060975e-05,3.820274433528539e-05
3409,2.819386196885413e-05,2.214584113971796e-05,3.614501586691606e-05,3.596138721040916e-05
3410,2.805674253371156e-05,3.522015962516889e-05,3.550363938540815e-05,3.518141071835999e-05
3411,3.2268221148115117e-05,3.219030157197267e-05,3.490009493592273e-05,3.5470681483275265e-05
3412,3.528834854175026e-05,2.411487454082817e-05,3.5087861608513375e-05,3.548933644487989e-05
3413,4.088505802630809e-05,5.7579773711040615e-05,3.4717706076561524e-05,3.5680731860338714e-05
3414,4.3148480294298176e-05,2.588915864180308e-05,3.4117198902175816e-05,3.71757617831463e-05
3415,2.948566563847837e-05,2.144916150427889e-05,3.397831341798236e-05,3.601217578107026e-05
3416,3.7363433140045445e-05,4.489630562602542e-05,3.383633246040618e-05,3.601573444902897e-05
3417,3.3597206008077286e-05,3.104871997493319e-05,3.402246129375675e-05,3.67970388615504e-05
3418,2.762037724702774e-05,3.934656560886651e-05,3.415840720117557e-05,3.62798216927331e-05
3419,4.812876408525173e-05,7.486351387342438e-05,3.379469530579323e-05,3.722109064692632e-05
3420,3.45965187686185e-05,2.9122762207407504e-05,3.361009021431932e-05,3.6639630267745816e-05
3421,3.670827810613749e-05,3.750029747607186e-05,3.3969815958213674e-05,3.7265377608127895e-05
3422,2.8970490780516733e-05,3.223596911993809e-05,3.426200499104905e-05,3.775064593937714e-05
3423,3.0420508386062767e-05,3.637628113210667e-05,3.426202482902833e-05,3.819198695709929e-05
3424,3.515504076656523e-05,2.2861732359160668e-05,3.416681182150367e-05,3.788771172694396e-05
3425,2.9049168499315984e-05,3.5544218480936255e-05,3.451335989650235e-05,3.814559596939944e-05
3426,3.0266515103802604e-05,6.252630890230649e-05,3.4688136471797605e-05,3.689699993410614e-05
3427,3.235608154176993e-05,4.837635991862044e-05,3.403480197343419e-05,3.7342949435696935e-05
3428,3.4626836681531536e-05,2.292632510943804e-05,3.466062991364096e-05,3.729943749785889e-05
3429,3.1998470294638534e-05,4.4025287352269515e-05,3.433887666429251e-05,3.636639080650639e-05
3430,3.7825354738743044e-05,3.059085298446007e-05,3.430804134881732e-05,3.612016142724314e-05
3431,2.938039469073475e-05,5.261794634861872e-05,3.440905871999955e-05,3.557346882153069e-05
3432,3.2948129082797094e-05,2.1307850765879266e-05,3.371374193124615e-05,3.351968765928176e-05
3433,4.090745288218993e-05,4.6877872227923946e-05,3.349626423078008e-05,3.3281925144547134e-05
3434,3.549858778973834e-05,3.427754942094907e-05,3.337808612810073e-05,3.269137069728459e-05
3435,2.8057238483193536e-05,4.6253685068222696e-05,3.344683390904619e-05,3.3822310641699005e-05
3436,2.9887895959998586e-05,2.4583420818089507e-05,3.3403200362792836e-05,3.3942749573907346e-05
3437,4.395205041671741e-05,3.056198060221504e-05,3.3533385754870124e-05,3.443081984732998e-05
3438,4.5254472408689455e-05,2.636487282870803e-05,3.3700421509355596e-05,3.4026167243428066e-05
3439,2.681511783521273e-05,3.703789618157316e-05,3.3897230594609736e-05,3.264967686118326e-05
3440,4.5131364143647566e-05,2.03613630583277e-05,3.395426202744905e-05,3.16692622131086e-05
3441,2.9319601906334153e-05,2.1570138342212887e-05,3.371200169810133e-05,3.2295244916167576e-05
3442,3.282632312119757e-05,2.489298549335217e-05,3.366389185822401e-05,3.1707145758264236e-05
3443,3.0145811526583404e-05,2.5679250466055237e-05,3.356161090705427e-05,3.160068180441158e-05
3444,3.074584436641695e-05,2.3518984817201273e-05,3.3491358832543474e-05,3.036861933214823e-05
3445,2.9159576256966424e-05,2.3178699339041488e-05,3.3589354686733305e-05,3.137370349286357e-05
3446,3.3753825539153896e-05,2.2736436294508165e-05,3.358415223475378e-05,3.0632357792637776e-05
3447,3.06891853041533e-05,6.050946773029864e-05,3.335145339555715e-05,3.0639236273418645e-05
3448,2.9329669729728872e-05,3.938725443731528e-05,3.354074405853882e-05,3.0354649281071027e-05
3449,3.840967556849743e-05,3.506348919472657e-05,3.3700390638275876e-05,3.0578203844197555e-05
3450,3.322506236145273e-05,2.5427903383388185e-05,3.3609488331987656e-05,3.062175968807423e-05
3451,3.518674223515619e-05,2.811404934618622e-05,3.3106067788079e-05,3.0893440709041896e-05
3452,3.378186736275287e-05,2.386599371675402e-05,3.3585603928723794e-05,3.1050623334886036e-05
3453,2.8570328447838418e-05,3.857589268591255e-05,3.2870790260656375e-05,3.196419160085497e-05
3454,3.079572429770552e-05,2.932280840468593e-05,3.30129200257943e-05,3.217990291595924e-05
3455,3.526833095949971e-05,2.7929254138143733e-05,3.292236555442085e-05,3.237653072428656e-05
3456,2.762409282796499e-05,2.181638454203494e-05,3.267030290500972e-05,3.2706068803963715e-05
3457,3.5398025437542754e-05,4.6434954783762804e-05,3.2995148630046366e-05,3.266906629869482e-05
3458,4.077739158270156e-05,2.8344229722279124e-05,3.3169668799301795e-05,3.2954312690708324e-05
3459,2.9681116809822722e-05,3.444951144047081e-05,3.2899557975906654e-05,3.3036700323282276e-05
3460,3.278950505773537e-05,3.913901025953237e-05,3.387107602053827e-05,3.3797152068291324e-05
3461,3.387906045342485e-05,3.0172284896252675e-05,3.443715369511564e-05,3.308816563367146e-05
3462,4.1679492759511856e-05,3.1650876699131914e-05,3.388048741706168e-05,3.300978309853236e-05
3463,3.266895881097298e-05,3.315689835289959e-05,3.408631606232827e-05,3.522141186258523e-05
3464,3.880352135133257e-05,4.0967461827676744e-05,3.381247299184906e-05,3.507740333880065e-05
3465,2.726102244196227e-05,4.320056970755104e-05,3.358143460411358e-05,3.526590028923238e-05
3466,3.287284603478232e-05,2.696292121981969e-05,3.4050954802094364e-05,3.57661634348915e-05
3467,3.056246133686121e-05,2.9808680701535194e-05,3.447670232473885e-05,3.543356477021007e-05
3468,2.3844245291305318e-05,3.391770245798398e-05,3.4333728163700375e-05,3.554194882599404e-05
3469,3.886698749233296e-05,2.2593922185478732e-05,3.4274416827004943e-05,3.550822444231016e-05
3470,3.3522580488352104e-05,3.0309859139379113e-05,3.406362091571079e-05,3.448010615975363e-05
3471,2.7001054954275283e-05,2.4796127108857034e-05,3.4181241742771814e-05,3.463192935305414e-05
3472,5.497713641994374e-05,7.952076135552489e-05,3.400731011052913e-05,3.4358980045362835e-05
3473,4.3481611594163245e-05,2.1662593571818433e-05,3.386250516107086e-05,3.422470334771787e-05
3474,2.4493018617148565e-05,3.31039258162491e-05,3.3676660368655586e-05,3.473779217601986e-05
3475,3.837077849311754e-05,8.071862248471007e-05,3.3553094351939065e-05,3.468008211493725e-05
3476,2.8340665473175856e-05,2.4513836251571774e-05,3.370747059113153e-05,3.484762746229535e-05
3477,2.8005907669365925e-05,2.857841747754719e-05,3.362138029390028e-05,3.412587377970341e-05
3478,4.030833339735788e-05,5.1082471327390524e-05,3.385075461596393e-05,3.322877236205387e-05
3479,4.143941236381781e-05,2.100784178765025e-05,3.399486765839457e-05,3.363240170292557e-05
3480,3.169397693353757e-05,3.063885553274304e-05,3.4329183352868623e-05,3.372662709152792e-05
3481,2.61413094105794e-05,2.097327494993806e-05,3.457091041103316e-05,3.366595078550745e-05
3482,3.012812765518902e-05,2.073199771984946e-05,3.455739247567382e-05,3.3638517753570335e-05
3483,4.371791225922708e-05,3.213980955479201e-05,3.481357824445391e-05,3.331319905701093e-05
3484,2.533282600375565e-05,2.762577874818817e-05,3.4823653818845434e-05,3.331841791514307e-05
3485,2.9169381321278503e-05,3.578209281840827e-05,3.412764402148443e-05,3.1028844139655123e-05
3486,2.923294064304274e-05,4.299950560380239e-05,3.3614155509470346e-05,3.13331289566122e-05
3487,3.859034234159885e-05,3.02081251720665e-05,3.3831916097713274e-05,3.187350817897823e-05
3488,3.652836479078461e-05,3.734553203685209e-05,3.339535335043264e-05,3.0042151955422022e-05
3489,3.6651263920551475e-05,2.2923619762877934e-05,3.3568292741579676e-05,3.050574652734213e-05
3490,3.299538049355356e-05,2.0773034266312606e-05,3.357318179090119e-05,3.243300707254094e-05
3491,3.647567209554836e-05,3.7053654741612265e-05,3.329518472568857e-05,3.156266419100575e-05
3492,3.892035369871236e-05,3.216431541659403e-05,3.318018238448228e-05,3.151952548359986e-05
3493,2.9887421745418882e-05,3.240079480747227e-05,3.34429975954764e-05,3.168281340622344e-05
3494,3.852903910834963e-05,2.1908096387051045e-05,3.367399493937329e-05,3.186913596291561e-05
3495,3.9927224707854394e-05,2.2176891725393944e-05,3.3791765373057896e-05,3.357189447269775e-05
3496,2.7252944314063318e-05,2.4926598562160508e-05,3.371535899318083e-05,3.315619455242995e-05
3497,3.7576891485918575e-05,2.2281416968326084e-05,3.3727277187992724e-05,3.2860725006321445e-05
3498,3.0644398793810976e-05,2.9269713995745405e-05,3.3654314294431565e-05,3.236213377094827e-05
3499,2.993703332322184e-05,4.661340637539979e-05,3.366827535096996e-05,3.1486374605447055e-05
3500,2.745670981110177e-05,3.493471689580474e-05,3.322294087540488e-05,3.117068399878917e-05
3501,3.266415025185173e-05,3.610370054957457e-05,3.3160472038596505e-05,3.1290818411798685e-05
3502,2.8128133902403836e-05,7.675993110751733e-05,3.2896508014043015e-05,3.117549610760762e-05
3503,3.335840676704215e-05,2.9323899289011022e-05,3.293647553477462e-05,3.216496187524172e-05
3504,3.8564353833660585e-05,1.992937410250306e-05,3.2943528964016075e-05,3.149360838142456e-05
3505,3.826435720839072e-05,3.4721053598332216e-05,3.238480408827955e-05,3.109305327088805e-05
3506,3.1916243008001604e-05,2.563133886724245e-05,3.235776014496676e-05,3.1206811849551736e-05
3507,3.307238849730412e-05,6.330096046440303e-05,3.200787233411878e-05,3.123513238824671e-05
3508,4.1807752762300276e-05,2.174731154809706e-05,3.153504031086211e-05,3.7196034706721554e-05
3509,2.5630780874053018e-05,2.0239040095475504e-05,3.2220750552854344e-05,3.764338930632221e-05
3510,2.7345308982249762e-05,2.3317311934079045e-05,3.1815469750371345e-05,3.7690976628800854e-05
3511,2.9581967056502538e-05,2.110552646627184e-05,3.169089502690542e-05,3.7966360451537184e-05
3512,2.7456980452471828e-05,2.231586000561947e-05,3.1633168412210786e-05,3.7229823262896384e-05
3513,3.4966643870575356e-05,4.034889236208983e-05,3.163986051044453e-05,3.706651039829012e-05
3514,3.0052163306714244e-05,2.004056215810124e-05,3.164513242712322e-05,3.664741845568642e-05
3515,3.399456851184368e-05,4.550967845716514e-05,3.163569710240052e-05,3.5017990681808446e-05
3516,3.665200782658455e-05,2.02698173961835e-05,3.1401959433989965e-05,3.470297676394694e-05
3517,2.495223180529946e-05,2.2150437653181145e-05,3.1481905115166836e-05,3.740658413735219e-05
3518,2.9211323162599e-05,3.5244759274064564e-05,3.129476376375856e-05,3.6931439873296766e-05
3519,2.9781843837150113e-05,2.2616109854425305e-05,3.141826959229851e-05,3.686509343096987e-05
3520,2.810642412643776e-05,0.00017119944968726485,3.1336131174207875e-05,3.5839333402691414e-05
3521,4.439570036386916e-05,3.6110463552176955e-05,3.099316476242771e-05,3.6028996721142905e-05
3522,2.7444871423843628e-05,2.347110003029229e-05,3.140374533929086e-05,3.6039565337705426e-05
3523,2.7530030707162547e-05,3.615430956415366e-05,3.1632091275726755e-05,3.7555610784329474e-05
3524,2.849386795585613e-05,2.8199976659379898e-05,3.16708520554433e-05,3.7752888436079954e-05
3525,2.7624012266945403e-05,3.0851895280648024e-05,3.189003617961943e-05,3.795134877873351e-05
3526,3.279594816881905e-05,2.5626401984482073e-05,3.181529882907247e-05,3.9008228380407674e-05
3527,2.7892250784336487e-05,3.6024236760567876e-05,3.199349703176671e-05,3.910333643871127e-05
3528,2.7514965056778036e-05,2.1448551342473367e-05,3.189930957709698e-05,3.809633154160111e-05
3529,4.05629958630824e-05,8.751955843763426e-05,3.1761499129222806e-05,4.090800517151365e-05
3530,3.3585823423183884e-05,2.2842446996946818e-05,3.194539529682111e-05,4.0863323704979845e-05
3531,3.500388872150021e-05,2.3972677809069864e-05,3.19065077702463e-05,4.031997108977521e-05
3532,3.101892804503829e-05,3.765695975744165e-05,3.1765663406177837e-05,4.080338744242908e-05
3533,3.3233592467796474e-05,2.6488894509384408e-05,3.1798210767091296e-05,3.51397865350009e-05
3534,3.5895295295631515e-05,2.0503255509538576e-05,3.133521174620707e-05,3.61217689482146e-05
3535,3.305395739314715e-05,6.121844809968024e-05,3.1546258960184384e-05,3.59789005946368e-05
3536,3.055098654941604e-05,2.6037467760033904e-05,3.162664299638386e-05,3.5726870887447156e-05
3537,3.293658355687512e-05,2.7277368571958506e-05,3.175653267996192e-05,3.741444492479787e-05
3538,3.3098210106901306e-05,6.677088240394368e-05,3.182269278727795e-05,3.700216341821942e-05
3539,3.450711837407046e-05,2.2418263615691103e-05,3.167032030283331e-05,3.682668816472869e-05
3540,3.1639882145100273e-05,2.0334556029411033e-05,3.190053287406853e-05,3.640968777181115e-05
3541,3.320674662973033e-05,9.056165814399719e-05,3.200786155317069e-05,3.636685269593727e-05
3542,2.9549635995257026e-05,2.1033400989836083e-05,3.17251234612033e-05,3.3675719826715065e-05
3543,2.823913499822892e-05,2.166094389394857e-05,3.164105571413529e-05,3.459929145756177e-05
3544,2.6260734735438342e-05,3.4701518670772203e-05,3.193377833336449e-05,3.5035686459741554e-05
3545,2.8920108149274408e-05,2.9609427001560108e-05,3.181015583306564e-05,3.4680513021885424e-05
3546,3.2820724841763475e-05,6.0660023882519455e-05,3.1740280879199014e-05,3.453145683743061e-05
3547,3.2721051773276286e-05,1.9899391190847382e-05,3.1965053206739765e-05,3.562453165650369e-05
3548,2.9539631612149402e-05,2.9853566884412432e-05,3.217915026285077e-05,3.5237252409569925e-05
3549,3.1741110045307624e-05,7.038932759314775e-05,3.214513993112227e-05,3.5128464724402874e-05
3550,2.927801494984629e-05,2.0544857616187073e-05,3.190765329046472e-05,3.489710721187294e-05
3551,2.898663605770303e-05,2.1239520647213796e-05,3.1626396463818506e-05,3.3045427172328346e-05
3552,3.3647565065216946e-05,2.5599226937629282e-05,3.13683654982823e-05,3.3021717570954934e-05
3553,3.0198182034332098e-05,2.0377674445626326e-05,3.12746532664783e-05,3.316866591048893e-05
3554,3.349454356389793e-05,2.0241236707079225e-05,3.1614025264166734e-05,3.066340762889012e-05
3555,3.148412974648333e-05,4.593173776811454e-05,3.1509597193912167e-05,3.096206984482705e-05
3556,4.2321954202230295e-05,3.488255286356434e-05,3.202455743408387e-05,3.115393006009981e-05
3557,2.7928365537566908e-05,2.877762381103821e-05,3.2264904440105764e-05,3.2564933152752926e-05
3558,3.1486718621130826e-05,2.2762489898013883e-05,3.247509468128556e-05,3.282513493904843e-05
3559,4.151460348415033e-05,4.78301259863656e-05,3.246790505452534e-05,3.121198947774246e-05
3560,3.8406383795922416e-05,5.153646692633629e-05,3.2565563282615684e-05,3.147105548123363e-05
3561,2.970072825620365e-05,2.3317775630857797e-05,3.2477668458886904e-05,3.2052230721456e-05
3562,2.6999417540436196e-05,2.149343075871002e-05,3.231886833527823e-05,3.175213618960698e-05
3563,2.6066789440746004e-05,2.047888141532894e-05,3.226033871356372e-05,3.241823678545189e-05
3564,2.8056344235665164e-05,2.182552358135581e-05,3.23160916616972e-05,3.2353185155079704e-05
3565,2.9297076350000375e-05,2.4008264517760836e-05,3.209632858876527e-05,3.212525463313796e-05
3566,4.169104657194111e-05,2.7930201104027218e-05,3.1934543577275086e-05,3.2080029617645784e-05
3567,2.693893423889272e-05,2.8499956388259308e-05,3.177382828628955e-05,3.278918620490003e-05
3568,4.111314100252154e-05,2.645744927576743e-05,3.1865339848284043e-05,3.171550001716241e-05
3569,3.226940988598573e-05,6.997659598710015e-05,3.1425760853906264e-05,3.12471897341311e-05
3570,3.417486417876919e-05,3.611447165894788e-05,3.172987992665084e-05,3.095122539671138e-05
3571,3.264098417275818e-05,2.0331387349870057e-05,3.18568195011014e-05,3.3371352209360347e-05
3572,3.516250747553487e-05,2.6376041278126648e-05,3.128810568434549e-05,3.245354586688337e-05
3573,2.7342261018930005e-05,4.438294788997155e-05,3.078368481963278e-05,3.147707417083439e-05
3574,2.7771106955090847e-05,6.288696429692209e-05,3.089554055445155e-05,3.133386419067392e-05
3575,2.781477440698331e-05,3.719737251230981e-05,3.139004611649499e-05,3.312371791544138e-05
3576,3.0380459761040078e-05,1.9613229887909256e-05,3.138137086401305e-05,3.3091358483943626e-05
3577,2.8153488241918645e-05,1.9900963889085687e-05,3.176227061113524e-05,3.302621175098466e-05
3578,2.6153556747077448e-05,1.9247049058321862e-05,3.1598451825589615e-05,3.307513117179042e-05
3579,2.9476661289259534e-05,3.7970151388435625e-05,3.1369523624339815e-05,3.709060151159065e-05
3580,3.3771918796345646e-05,1.908958307467401e-05,3.249039284192905e-05,3.7124480168859005e-05
3581,3.133247934278592e-05,2.3174795787781478e-05,3.2179152823583633e-05,3.684884138201596e-05
3582,3.553134235618119e-05,2.1378515375545247e-05,3.197214414637225e-05,3.501971525402041e-05
3583,3.466020798239495e-05,8.326566021423786e-05,3.183228430797397e-05,3.503688236087328e-05
3584,2.729675806525241e-05,2.4884967424441128e-05,3.182310178025445e-05,3.5640566593792755e-05
3585,2.5795862178104775e-05,2.7124674525111913e-05,3.146105330233695e-05,3.556286718667253e-05
3586,3.24971216266729e-05,1.9737526126846206e-05,3.161832713667536e-05,3.49542272175313e-05
3587,3.936205659152216e-05,6.623977387789636e-05,3.177176319133853e-05,3.416848592605675e-05
3588,2.5849908128697684e-05,1.9669895627885126e-05,3.208697519763114e-05,3.594508644164308e-05
3589,3.757883791371973e-05,2.0196855257381684e-05,3.224591051305955e-05,3.7248573156830394e-05
3590,2.5201606711359796e-05,2.523125003790483e-05,3.22448402974664e-05,3.7448307748127266e-05
3591,3.59678415406961e-05,0.000128316959599033,3.2395612290484784e-05,3.7489833521249234e-05
3592,5.4960664678623694e-05,2.9346922819968312e-05,3.269785614619549e-05,3.694051692873473e-05
3593,3.333214054388615e-05,1.9566479604691267e-05,3.243148830596409e-05,3.7035330331127625e-05
3594,2.7094192955701146e-05,2.424844278721139e-05,3.248241360173172e-05,3.705985878332285e-05
3595,3.0678368218812266e-05,3.6543649330269545e-05,3.231960864391618e-05,3.7587658628763166e-05
3596,3.24114209797699e-05,3.542349317285698e-05,3.19891717322106e-05,3.541869225300616e-05
3597,2.6111295527597475e-05,2.4433556100120767e-05,3.204128568581331e-05,3.567461985076079e-05
3598,3.127410687739029e-05,2.9166948661440983e-05,3.270536766083549e-05,3.544907017057995e-05
3599,3.1607008321669936e-05,4.3243432010058314e-05,3.2564418735273643e-05,3.568320206541103e-05
3600,3.569507456429872e-05,8.161238540196791e-05,3.2060439580527606e-05,3.6803380397032016e-05
3601,3.435384264675021e-05,5.220039776759222e-05,3.224332757607852e-05,3.68718530779006e-05
3602,2.8126732852090046e-05,2.4894328671507537e-05,3.177960569333259e-05,3.6824285675538704e-05
3603,2.9922856572536854e-05,2.0285193386371247e-05,3.19618719353457e-05,3.9477133494801817e-05
3604,3.7032757682027295e-05,2.4237236575572753e-05,3.195796953821425e-05,3.513247494411189e-05
3605,2.7112722790560738e-05,2.1459918134496547e-05,3.0829886960014446e-05,3.496567879192298e-05
3606,3.2605611736976745e-05,2.3788007092662154e-05,3.0468909203207456e-05,3.499774684023577e-05
3607,3.146121841079245e-05,3.457351151155308e-05,3.1225219929910966e-05,3.565257182635832e-05
3608,2.6399285189755674e-05,2.904150082031265e-05,3.1237734115873335e-05,3.523745098209474e-05
3609,2.859960690532009e-05,3.1283157368307e-05,3.088111159749032e-05,3.512476120959036e-05
3610,4.239791155365917e-05,2.1485932520590723e-05,3.096567340358484e-05,3.494996842346155e-05
3611,2.8973398487626887e-05,2.5590823497623205e-05,3.1193002051845216e-05,3.5014014248736204e-05
3612,2.6762577722870952e-05,9.424423216842115e-05,3.112528120586325e-05,3.407342236896511e-05
3613,3.0422108017470844e-05,2.138171264959965e-05,3.104731161462647e-05,3.163115686038509e-05
3614,2.598579084507138e-05,1.900767019833438e-05,3.0718927567633934e-05,3.032422487158329e-05
3615,2.9758262761687444e-05,9.155244551948272e-05,3.0620444573529915e-05,3.0140360986115416e-05
3616,3.587028161241e-05,1.970049583178479e-05,3.067146068796218e-05,3.2796400677761995e-05
3617,2.675860022362839e-05,2.5177019015245605e-05,3.055765736377604e-05,3.318749437457882e-05
3618,2.430769662371151e-05,2.0368180812511128e-05,3.052418637938293e-05,3.3818277818500065e-05
3619,4.6001961123288814e-05,4.0619067440275104e-05,3.064606670854523e-05,3.418197820137721e-05
3620,3.099122286787153e-05,2.616562822367996e-05,3.0389214868046112e-05,3.390951655164827e-05
3621,2.3495858020194443e-05,3.260624886024743e-05,3.0541126366895495e-05,3.3672716937144294e-05
3622,2.822534067996053e-05,2.0063736446900293e-05,3.09095042535369e-05,3.324199911585311e-05
3623,3.695732308389981e-05,3.076809429330751e-05,3.0414902266784338e-05,3.3186956097779334e-05
3624,2.9913987172120767e-05,1.972863501578104e-05,3.068469334417993e-05,3.304558295785682e-05
3625,3.37458347833793e-05,2.0555747687467375e-05,3.0598518952077336e-05,3.122932434635004e-05
3626,2.6144241471936565e-05,1.9527098047547042e-05,3.080215845766361e-05,3.1267133638903035e-05
3627,2.5664657999489768e-05,2.0297731534810737e-05,3.092347977888291e-05,3.162557850155281e-05
3628,3.119825943334339e-05,8.668618567753584e-05,3.101944060690584e-05,2.969535431620897e-05
3629,3.41876745773738e-05,3.401457899599336e-05,3.0719385442595615e-05,2.972504043864319e-05
3630,2.627594818073299e-05,3.7229504232527685e-05,3.110665544017036e-05,3.006449862150475e-05
3631,3.5652619966034155e-05,3.2880516664590685e-05,3.1350355079808245e-05,3.085253105236915e-05
3632,2.5039922398314554e-05,2.7761970268329606e-05,3.096507860649985e-05,3.0061111929535396e-05
3633,3.0197072660990268e-05,2.3121510457713158e-05,3.114003035354674e-05,3.0380786948080634e-05
3634,3.78090540713553e-05,2.0515211836027448e-05,3.1446215800193995e-05,3.028270343056647e-05
3635,3.003286188484506e-05,2.010985706874635e-05,3.136801966732795e-05,3.074160777468933e-05
3636,3.5718175422516654e-05,2.2056494999560526e-05,3.094999302936938e-05,3.0530809461197345e-05
3637,2.4608217920306036e-05,4.883776688075159e-05,3.091788748869375e-05,3.194847373961238e-05
3638,3.551309565712776e-05,2.2326944963424468e-05,3.100411609266302e-05,3.1949247808370275e-05
3639,2.9018823875554112e-05,2.7968791764578784e-05,3.099877593865838e-05,3.198647310055094e-05
3640,3.215728346226064e-05,4.329684088588692e-05,3.1543401141809426e-05,3.2802671029639896e-05
3641,2.8368902504654316e-05,2.0442648892640136e-05,3.17078141803601e-05,3.0259407834091686e-05
3642,3.6440350162997167e-05,3.3663473586784676e-05,3.1783054070304695e-05,3.1453135998162905e-05
3643,3.0400187614658435e-05,4.0068991584121246e-05,3.1815246057279484e-05,3.1099592948157806e-05
3644,3.6370049290578915e-05,2.083358936943114e-05,3.159168991834223e-05,3.064469822420506e-05
3645,3.536501654404371e-05,3.415750368731096e-05,3.16519606341899e-05,3.0765538565174216e-05
3646,3.1150494186375807e-05,3.01541609223932e-05,3.1691641055658696e-05,3.128965789073846e-05
3647,2.627043735830941e-05,3.153634504997171e-05,3.131412180413867e-05,3.1986151519231496e-05
3648,2.650665713493557e-05,2.549813645600807e-05,3.13816219234367e-05,3.1924671542947174e-05
3649,2.9111348655230056e-05,5.517024197615683e-05,3.1025146154651236e-05,3.178949192224535e-05
3650,3.590154988261121e-05,2.0575099406414664e-05,3.1143253825899186e-05,3.104648421285674e-05
3651,2.601073762182043e-05,2.0457730352063662e-05,3.104630499801715e-05,3.2140734980930576e-05
3652,3.928028807826599e-05,4.070267976203468e-05,3.123124342730282e-05,3.185483952984213e-05
3653,3.5308585397110115e-05,2.3104605788830667e-05,3.106767409278998e-05,3.133054485952016e-05
3654,3.6068671825988634e-05,6.38577830977738e-05,3.1185062179025004e-05,3.264505990082398e-05
3655,2.708074785510285e-05,2.8390927982400173e-05,3.0815920284819896e-05,3.246068087173626e-05
3656,3.0063716492602705e-05,2.150814856577199e-05,3.061026780018842e-05,3.232976126600988e-05
3657,2.6546690294506133e-05,3.078297879255842e-05,3.072489202669304e-05,3.311103914456908e-05
3658,3.118908319771031e-05,3.622449359681923e-05,3.0391852418930893e-05,3.4896695535280744e-05
3659,2.8371072783354772e-05,3.792755254835356e-05,3.046595257506447e-05,3.4774132075835955e-05
3660,3.172036486729565e-05,1.857285766163841e-05,3.043399834390988e-05,3.4764845689642245e-05
3661,2.68062812028802e-05,1.8677004482015037e-05,3.0778919846569705e-05,3.449559244618285e-05
3662,2.7560909701504796e-05,3.026257414603606e-05,3.087002400021042e-05,3.303283303393983e-05
3663,3.308937496007679e-05,4.968321416527033e-05,3.0626780522935504e-05,3.301678792631719e-05
3664,3.364228460769583e-05,2.0821405487367885e-05,3.070835696918139e-05,3.370882210729178e-05
3665,2.8068050099439764e-05,3.0189474127837457e-05,3.037764999106811e-05,3.3125746832229196e-05
3666,3.130360466052985e-05,5.3305524925235656e-05,3.008460528007062e-05,3.325268941116519e-05
3667,2.721180280786939e-05,2.905399785959162e-05,2.9763072417699732e-05,3.1601426680572335e-05
3668,2.5258875498871524e-05,3.679600144096184e-05,3.0129158426360747e-05,3.2035788139910445e-05
3669,3.923565495319458e-05,4.0365536333411e-05,3.0060883470772146e-05,3.250319016515277e-05
3670,2.7039026349989905e-05,7.879891345510259e-05,2.9991993736055325e-05,3.214256099308842e-05
3671,3.300299808971532e-05,2.7090074436273426e-05,2.985152553252799e-05,3.151227714843118e-05
3672,2.5471581579444722e-05,3.130418539512903e-05,2.9878184409365837e-05,3.0999237997457394e-05
3673,3.5129694701431115e-05,1.8766805369523353e-05,2.980021880389864e-05,3.1270144476729914e-05
3674,3.138895249624814e-05,1.8601256670081057e-05,2.9844520710078846e-05,3.127642669132911e-05
3675,2.982046295073815e-05,2.0173971715848893e-05,2.9918972077818278e-05,3.0976278654998174e-05
3676,2.8050148777967682e-05,3.7758584876428356e-05,2.9713871169951744e-05,3.021860677399673e-05
3677,3.101261362543381e-05,2.612579788547009e-05,2.9733503456938907e-05,3.0133703461615376e-05
3678,2.7982467622172813e-05,2.627817026223056e-05,3.0287158033105594e-05,2.995759217883461e-05
3679,2.8030350266716494e-05,2.2576214832952245e-05,3.032917291291394e-05,3.007224304019474e-05
3680,3.623289807162817e-05,3.924996446585283e-05,3.0410490867830556e-05,3.0109742915374234e-05
3681,2.835684260288771e-05,3.319319919683039e-05,3.058875468834432e-05,3.1273693457478665e-05
3682,2.482444692658545e-05,2.1767249490949327e-05,3.0123366074985825e-05,3.097528202051763e-05
3683,2.7677378109526924e-05,2.046739748038817e-05,3.0348846238727372e-05,2.869677545677405e-05
3684,2.9037544704301077e-05,2.510157377400901e-05,3.0083806131086834e-05,2.8596275276504457e-05
3685,2.9771224730615763e-05,2.534551964345155e-05,3.0360363960304922e-05,2.815122737956699e-05
3686,2.7913828857385347e-05,1.8834059846994933e-05,3.0402044184059685e-05,3.077726043993607e-05
3687,2.9422193894990616e-05,2.27588732377626e-05,3.056847160074136e-05,3.243141675775405e-05
3688,2.7961852263413473e-05,3.074141714023426e-05,3.0905324832161166e-05,3.253405706491321e-05
3689,3.413309178237493e-05,1.869882267783396e-05,3.1162616221990906e-05,3.2321501552360134e-05
3690,4.190941450360697e-05,2.5786692058318296e-05,3.105792359128827e-05,3.244136673456524e-05
3691,3.2353976655738535e-05,5.6171796459238976e-05,3.125117617164506e-05,3.2157642814854626e-05
3692,2.9244751680784653e-05,2.9991494739078916e-05,3.157000053858307e-05,3.2358760626812e-05
3693,2.971547101171584e-05,6.58947649935726e-05,3.119451656190601e-05,3.273473253502743e-05
3694,2.760093961923202e-05,3.290525040938519e-05,3.104751163094382e-05,3.2329632437904355e-05
3695,3.267603044352856e-05,2.183624936151318e-05,3.17160614518798e-05,3.2521961147722314e-05
3696,2.637699539870179e-05,2.457756992953364e-05,3.1657051793525976e-05,3.271857806976186e-05
3697,3.238552730989694e-05,2.0177987971692345e-05,3.150403682423832e-05,3.255676358676283e-05
3698,3.617170029530017e-05,8.44176318787504e-05,3.1681030939863475e-05,3.408895779284648e-05
3699,3.5549637913289996e-05,5.995516461553052e-05,3.1763175824825233e-05,3.465547565283486e-05
3700,3.824179373623338e-05,2.273997939482797e-05,3.172661253847764e-05,3.612826843891526e-05
3701,3.448243352371113e-05,3.2444697062601335e-05,3.16205798746119e-05,3.5945397628529463e-05
3702,2.839529785786807e-05,2.9122427440597677e-05,3.163332566788692e-05,3.599084630404832e-05
3703,3.2813782131092414e-05,1.9185072269465308e-05,3.1004979986028047e-05,3.5887251629901584e-05
3704,3.60009594401668e-05,2.76041601318866e-05,3.112366831669028e-05,3.472454503789777e-05
3705,2.6845798654701663e-05,4.864926217123866e-05,3.102014304677141e-05,3.4321953514881905e-05
3706,2.468171932883302e-05,2.3065696768753697e-05,3.110156666637825e-05,3.251689811149846e-05
3707,4.1538192449984816e-05,2.6575467236398252e-05,3.119845133324917e-05,3.2567064040631523e-05
3708,2.6202136650681497e-05,2.5382820531376638e-05,3.138453919309541e-05,3.254084878717549e-05
3709,2.5212170472109897e-05,2.1056211699033157e-05,3.148232767182183e-05,3.3010367426322776e-05
3710,3.419607762124441e-05,6.365037479554303e-05,3.1320009055020316e-05,3.4204716546810235e-05
3711,2.9967450981429365e-05,3.2997006346704435e-05,3.11489826452291e-05,3.279491840803531e-05
3712,2.8508111736300634e-05,5.957869288977236e-05,3.0848285202308845e-05,3.289061328105163e-05
3713,2.5311035666769992e-05,2.6169646880589425e-05,3.051985618229892e-05,3.4106799121946094e-05
3714,3.445173661425037e-05,1.9835039565805346e-05,3.036018815885958e-05,3.67553601245163e-05
3715,2.620077245713522e-05,2.319682520464994e-05,3.095348046812837e-05,3.640628964058124e-05
3716,3.532118492229428e-05,2.7104131659143606e-05,3.073822286524875e-05,3.6619672553206326e-05
3717,2.665661993281295e-05,1.9926706663682125e-05,3.0367967734815066e-05,3.680869484232971e-05
3718,3.1751061501886904e-05,2.076837990898639e-05,3.0397559735946646e-05,3.5757242389081507e-05
3719,3.0023056291004952e-05,3.4159398637712e-05,3.0567011463750136e-05,3.606392479559871e-05
3720,3.7328226939684505e-05,2.118086802511243e-05,3.0097696925076893e-05,3.5828982722887295e-05
3721,2.8821707366862232e-05,3.631553590821568e-05,3.0313198242624318e-05,3.560962615156313e-05
3722,2.8327561889859177e-05,5.003671598387882e-05,3.0343319041761184e-05,3.554071751568699e-05
3723,3.189604005051984e-05,4.917267840937711e-05,2.9985076156622704e-05,3.3850331064604695e-05
3724,2.8032201840283557e-05,6.234753644093871e-05,3.0196186966026693e-05,3.3314152887032834e-05
3725,3.0031068235985002e-05,5.3144625417189674e-05,3.0073009190932176e-05,3.192846710880986e-05
3726,3.0490732937727848e-05,9.865872212685644e-05,3.029874033608293e-05,3.203134683280951e-05
3727,4.322760558958786e-05,2.0395665342221036e-05,3.008178179718218e-05,3.234328957478283e-05
3728,2.743234205910186e-05,2.4519645085092633e-05,3.0214531906110807e-05,3.318206319090677e-05
3729,2.6744581179324694e-05,3.232971735997125e-05,3.0176641346770342e-05,3.29618247167673e-05
3730,2.7585598682991177e-05,2.236295084003359e-05,3.0781215994890473e-05,3.297496386949206e-05
3731,2.891801252392017e-05,3.073275693168398e-05,3.0405561880292633e-05,3.425022927258397e-05
3732,2.9805328983153836e-05,2.070191541861277e-05,3.0234672637501117e-05,3.370850356004668e-05
3733,3.158966958936718e-05,1.9898906248272397e-05,2.9765870216134423e-05,3.379118368175115e-05
3734,2.5965190450531535e-05,1.933349580212962e-05,2.963533574268998e-05,3.3827752438082835e-05
3735,2.524000549278248e-05,2.1390713518485425e-05,2.9643209616673026e-05,3.259820214734646e-05
3736,3.524522121652909e-05,1.9592551907408052e-05,2.9392806293132405e-05,3.13688495036331e-05
3737,2.5428667358937674e-05,2.4936548434197903e-05,2.952512365090014e-05,3.0274726306379303e-05
3738,3.09543142955388e-05,2.8741639980580657e-05,2.9527519432627336e-05,2.9235024501394945e-05
3739,2.902777314173161e-05,2.7633608115138487e-05,2.9367686243980033e-05,2.6358321793668437e-05
3740,2.9519525180350885e-05,4.4166165607748554e-05,2.890822980536743e-05,2.6782351422298236e-05
3741,3.4373920938782656e-05,2.1598169805656653e-05,2.8834430447993024e-05,2.799439867230831e-05
3742,4.17709861358162e-05,2.0255185481801164e-05,2.896012693640336e-05,2.7728413236036433e-05
3743,2.2359708636940923e-05,5.265001498628408e-05,2.9046163389769694e-05,2.7558717121428344e-05
3744,2.575082522121698e-05,2.0616255824279506e-05,2.9128669796045866e-05,2.714872001524782e-05
3745,2.5608166405517193e-05,2.324787106772419e-05,2.9152468930341353e-05,2.704853561153868e-05
3746,2.5558345530751264e-05,3.722975481650792e-05,2.9333091339180504e-05,2.7023633960925506e-05
3747,2.852440873943528e-05,1.9297958715469576e-05,2.9302824234441182e-05,2.7547000609047242e-05
3748,2.5635956962004357e-05,1.8438862316543236e-05,2.9382985027202973e-05,2.999866910249693e-05
3749,3.1340135784476946e-05,3.499445650959388e-05,2.9083245076374924e-05,3.1392307319038084e-05
3750,3.0090962779164934e-05,2.715208029258065e-05,2.929695761041431e-05,3.1885361504100726e-05
3751,2.6494903221545327e-05,2.6741154433693735e-05,2.9174996216412788e-05,3.304158995888429e-05
3752,3.174119462427269e-05,3.0996406057965944e-05,2.948827713246121e-05,3.2854511828918476e-05
3753,2.5587358124741716e-05,5.4820826335344464e-05,2.9411565355419753e-05,3.1814116939494855e-05
3754,2.9886993389583142e-05,2.5680081453174353e-05,2.9127307118485788e-05,3.311196445429232e-05
3755,2.9736510017149462e-05,1.8120547974831424e-05,2.850825197140997e-05,3.3114598433894576e-05
3756,3.098067268082458e-05,2.0482829277170823e-05,2.891190833227787e-05,3.1832197673793413e-05
3757,3.0400307340540974e-05,1.8197305325884373e-05,2.9251294190503872e-05,3.272651861479971e-05
3758,3.610522981034592e-05,1.9276364982943052e-05,2.919954025451767e-05,3.251644499250688e-05
3759,2.5208512832048454e-05,3.241766200517304e-05,2.92136444765169e-05,3.267027080291883e-05
3760,2.7244025311827296e-05,8.268242585472763e-05,2.9134510642648418e-05,3.3119031900423586e-05
3761,2.775172244582791e-05,5.443350732093677e-05,2.949512300062149e-05,3.384132895153016e-05
3762,3.0771480709922295e-05,3.726290306076408e-05,2.9226327113186325e-05,3.323534413939342e-05
3763,2.7905279445500734e-05,5.7647351350169626e-05,2.9214617521696103e-05,3.3215697776176974e-05
3764,3.685979604294213e-05,2.2956654865993188e-05,2.9103791022175247e-05,3.312829534115736e-05
3765,2.7601730754314406e-05,1.815629337215796e-05,2.921669619229053e-05,3.259908501349856e-05
3766,2.7267465015433523e-05,5.4044357675593346e-05,2.9177258480154302e-05,3.280389894789551e-05
3767,2.6294607458920736e-05,2.0321034971857442e-05,2.8947078496478044e-05,3.255096276698169e-05
3768,3.24511176586384e-05,2.0589995983755216e-05,2.8992134457197e-05,3.26291234290693e-05
3769,3.423547167686694e-05,4.297427934943699e-05,2.906470891519146e-05,3.7763504975009715e-05
3770,2.431431800586223e-05,1.7996030510403217e-05,2.9264259633984894e-05,3.7867645220831043e-05
3771,2.5910951080732048e-05,4.1075400076806545e-05,2.88882603471494e-05,3.789632379630348e-05
3772,2.654606289272326e-05,3.051698615308851e-05,2.9226961864535243e-05,4.1442532422661325e-05
3773,3.465126591133109e-05,3.6496288594207726e-05,2.962799632405222e-05,4.14616152396775e-05
3774,2.4620238598597803e-05,1.9844836206175387e-05,3.0283243574740487e-05,4.025134883850115e-05
3775,2.9798222991909522e-05,2.666092121216934e-05,3.0250650295581893e-05,3.9937465479306406e-05
3776,2.372424073352401e-05,2.4556093558203428e-05,3.0036599183909457e-05,3.843453658337239e-05
3777,3.456382387715469e-05,1.7766147866495885e-05,2.9580415534898453e-05,3.84641929238569e-05
3778,2.4601415321335985e-05,5.9941174695268276e-05,2.96285885524008e-05,3.852090887085069e-05
3779,2.413249379767674e-05,1.935667693032883e-05,2.9886607624171635e-05,3.730241856537759e-05
3780,3.086290903512337e-05,2.0074564527021722e-05,2.997925820943945e-05,3.758849449804984e-05
3781,3.279503413068596e-05,0.00014884236792568118,2.9726980905939454e-05,3.775690918846521e-05
3782,3.5389075310376936e-05,2.0800811471417545e-05,2.9542675357232743e-05,3.68603741255356e-05
3783,2.6705247639458523e-05,1.9993329369754066e-05,2.991909754293577e-05,3.7156470191257546e-05
3784,3.367605076669457e-05,0.000121072877664119,3.0019875639077836e-05,3.642790304147639e-05
3785,3.726988679975168e-05,8.315949628013187e-05,3.01264488449912e-05,3.614197242422961e-05
3786,4.413290371303446e-05,2.4176847291528246e-05,2.9766156831424772e-05,3.573271012865007e-05
3787,2.9956648730957468e-05,2.9415819080895745e-05,2.9962273327489835e-05,3.6039725359296436e-05
3788,2.255400165368984e-05,2.0074128951819147e-05,3.033663656739615e-05,3.714217763917987e-05
3789,2.5455204817666932e-05,2.369806337810587e-05,3.070240637862298e-05,3.701233993342613e-05
3790,2.8806056191873117e-05,1.9574192047002727e-05,3.059069689410939e-05,3.790022800967564e-05
3791,3.371794180970432e-05,2.358210003876593e-05,3.094574964545447e-05,3.821197945217137e-05
3792,2.861087209061629e-05,2.7472933288663627e-05,3.11192403216814e-05,3.8486449795891536e-05
3793,2.6144185071138457e-05,2.480036324413959e-05,3.0916160822622865e-05,3.862055896024686e-05
3794,2.962783295919912e-05,2.05609027761966e-05,3.0815325568012974e-05,3.370847979385871e-05
3795,3.372487264843787e-05,2.5398432153451723e-05,3.0363836155366795e-05,3.373741479590535e-05
3796,2.8430403484283793e-05,2.2861221332277637e-05,3.060582044717092e-05,3.3726737809774934e-05
3797,2.9210393040557393e-05,2.336872072191909e-05,3.063953192912676e-05,2.9614813077205327e-05
3798,2.56439655721705e-05,2.6264731204719282e-05,3.0130101241472103e-05,2.7266335017338865e-05
3799,2.9523151000224364e-05,2.752021697233431e-05,2.957953335838586e-05,2.8754086546541658e-05
3800,3.915730398956738e-05,5.422222820925526e-05,2.9957081402163667e-05,2.8529272387095265e-05
3801,3.286848601419479e-05,2.1310150914359837e-05,3.0419106090347568e-05,2.943424189288635e-05
3802,3.1771086764314935e-05,3.9963349772733634e-05,3.052014452849916e-05,2.9247194499475885e-05
3803,3.347773410496302e-05,6.77349607576616e-05,3.047760515837581e-05,2.9324709853972307e-05
3804,2.8469760703349797e-05,2.6218435523333027e-05,3.0320185272608393e-05,2.927255699469242e-05
3805,2.5785921558660144e-05,2.342729363590479e-05,3.0152686265258432e-05,2.9260304002673367e-05
3806,3.0274152765438583e-05,2.6040388765977694e-05,3.0279131656021093e-05,2.9150879388907922e-05
3807,2.410183999422265e-05,2.1524186522583477e-05,3.0099066882394253e-05,2.9149958351626987e-05
3808,3.275485493456169e-05,1.972640471649356e-05,2.985116083436879e-05,2.9623429318598932e-05
3809,3.451883781559041e-05,1.8274759349878876e-05,3.01740644963704e-05,2.950134436250664e-05
3810,2.4534119608385177e-05,2.4447544783470222e-05,3.0319786660483165e-05,2.9284618867677634e-05
3811,3.0368706635878576e-05,6.137063552159816e-05,3.054482345129752e-05,2.900289148965384e-05
3812,3.9395349825402564e-05,2.3795465094735845e-05,3.057719029602595e-05,2.9676075567840595e-05
3813,3.410461885828732e-05,4.269836659659632e-05,3.0072005926760746e-05,2.8212781497859393e-05
3814,2.7981165771456693e-05,1.9021878542844207e-05,2.9678616721422364e-05,2.9068332372116853e-05
3815,2.77425719387894e-05,2.15120759094134e-05,2.9523917737889052e-05,2.830320307984948e-05
3816,2.97824446655189e-05,2.2278278556768783e-05,2.924946810219101e-05,2.6581402821466326e-05
3817,2.442339690686721e-05,2.7166608488187195e-05,2.926040660062831e-05,2.670113922213204e-05
3818,2.9305319840204904e-05,2.2064747900003566e-05,2.943460802360076e-05,2.696947394579183e-05
3819,2.5126213618528306e-05,2.0537876844173296e-05,2.985366998554026e-05,2.833482235728297e-05
3820,2.7527221447801115e-05,3.723520632775035e-05,3.005582391374951e-05,2.8885211929446088e-05
3821,3.650299503432406e-05,1.980909742997028e-05,3.02122499376613e-05,3.04671827936545e-05
3822,3.2853447143376496e-05,1.7950583351193928e-05,3.005803133451587e-05,3.0510822941141668e-05
3823,3.126988534252935e-05,1.9221546754124574e-05,3.007868736878865e-05,3.0482739336730446e-05
3824,3.033232211843521e-05,4.434981892700307e-05,2.979531435574043e-05,2.9712415368703655e-05
3825,2.652769475793725e-05,1.7639876459725202e-05,2.9299595103980717e-05,2.9540156920847947e-05
3826,2.3033755880735246e-05,4.269892277079634e-05,2.9239103806644882e-05,2.8550288794212973e-05
3827,2.790361217598224e-05,2.083511746604927e-05,2.942980051399597e-05,2.8504361180239356e-05
3828,2.6616493212511865e-05,2.468995429808274e-05,2.9256439175838348e-05,2.836817430506926e-05
3829,2.8743223164282324e-05,2.921184553997591e-05,2.903644613737318e-05,2.8715553833171725e-05
3830,3.014095713297138e-05,3.0135661727399566e-05,2.9344289378140173e-05,2.8442624959279785e-05
3831,4.075070181392625e-05,6.0174099053256215e-05,2.9156285519032584e-05,2.8883775163558313e-05
3832,2.9155688199453935e-05,3.528392582666129e-05,2.9208958479284777e-05,2.9667144632549026e-05
3833,3.6665505532356396e-05,5.927567632170394e-05,2.9140264834050972e-05,2.907364408747526e-05
3834,3.066337273695454e-05,1.936576303705806e-05,2.8690863961108135e-05,2.897881215321832e-05
3835,2.5050520465204804e-05,2.374545467318967e-05,2.8467413259366168e-05,2.921828793914756e-05
3836,2.3284381309672933e-05,4.2112536320928484e-05,2.8930749153530798e-05,2.963994727324462e-05
3837,2.7002368531409755e-05,1.948900389834307e-05,2.8685182739637743e-05,2.856994216126623e-05
3838,3.2592336424891575e-05,1.7951663430721964e-05,2.862145742708688e-05,2.9401915783819283e-05
3839,3.274858345523373e-05,1.7873688193503767e-05,2.924045321463685e-05,2.9275561404938346e-05
3840,2.340853848484888e-05,1.810740403016098e-05,2.939858476893278e-05,2.920975060260389e-05
3841,2.4282618703889762e-05,3.0962766759330405e-05,2.950056646384635e-05,2.9485621579806323e-05
3842,3.211947792604203e-05,2.034338664088864e-05,2.9403037252389673e-05,2.9111547875800174e-05
3843,2.4605223362515162e-05,3.3093503006966784e-05,2.930450914104262e-05,3.075677580782213e-05
3844,2.644303762483307e-05,4.012211356894113e-05,2.8882900452299504e-05,2.9436459607677533e-05
3845,2.580988031695597e-05,2.239769270090619e-05,2.9071076061760924e-05,3.327417240361683e-05
3846,2.526797321075315e-05,1.743829907354666e-05,2.8743171218391376e-05,3.166060083312913e-05
3847,2.726717959982731e-05,2.3937477999425026e-05,2.8623516397055935e-05,3.205298401153413e-05
3848,4.285328269664509e-05,2.9763030106551014e-05,2.926872970282501e-05,3.2538752943219145e-05
3849,2.4193161771108862e-05,1.7599691127543337e-05,2.963357438056846e-05,3.380711767676985e-05
3850,2.493456194416568e-05,3.843921702355146e-05,3.0038429310095834e-05,3.7498144181154204e-05
3851,3.850865056948452e-05,3.954006329877302e-05,3.00531648460795e-05,3.7581937736831604e-05
3852,3.1856901033380484e-05,1.918984740768792e-05,2.9864622142000983e-05,3.855484164960217e-05
3853,2.9166035585351186e-05,3.15867287281435e-05,2.9988065407006717e-05,3.8702486803231294e-05
3854,2.6304992877865314e-05,1.9860002939822152e-05,2.9927299420443084e-05,3.8920526938454716e-05
3855,2.7677754349295153e-05,7.126636002794839e-05,3.001764286737954e-05,3.883001169451746e-05
3856,3.0210484595348438e-05,2.716619404964149e-05,2.996061641469068e-05,3.83051685159444e-05
3857,3.386007843598943e-05,0.0001312267457251437,2.9822079094608657e-05,3.754605305584846e-05
3858,2.846788444811763e-05,1.893638705951162e-05,3.013019159366701e-05,3.809308827912901e-05
3859,2.7672002203568506e-05,2.917534249718301e-05,3.040309001088544e-05,3.946033901738701e-05
3860,4.118085310943166e-05,3.588967796531506e-05,3.043263917214871e-05,3.930101936857682e-05
3861,3.2405498253259186e-05,7.382165465969593e-05,2.9905387792273864e-05,3.8838389961165386e-05
3862,3.7123741769594035e-05,0.00011176466650795192,2.991156078941357e-05,3.988087077159435e-05
3863,3.29607248244833e-05,2.0046502322657032e-05,3.027404476815718e-05,3.920206855691504e-05
3864,2.803501585327063e-05,4.219628601276781e-05,2.964605351597937e-05,3.837414469890063e-05
3865,2.649462010999236e-05,2.1798532870889175e-05,2.931609882305363e-05,3.834751037647947e-05
3866,2.2763469039798817e-05,3.641377013991587e-05,2.9016360022797017e-05,3.78377436514711e-05
3867,3.4378064099453496e-05,1.8080505542457102e-05,2.8936547626330542e-05,3.8447834926773796e-05
3868,2.3179562045293603e-05,1.9972423542640174e-05,2.8811231610678884e-05,3.7091875146143136e-05
3869,2.2979604622782466e-05,2.1144227066542953e-05,2.8888288478467275e-05,3.6847030467470176e-05
3870,3.351269279341472e-05,3.6073573282919825e-05,2.84506727729523e-05,3.236438156163785e-05
3871,3.2090433641213974e-05,5.1619567529996856e-05,2.85178720902574e-05,3.3045512021635654e-05
3872,2.800590863140921e-05,1.995448677917011e-05,2.8909611958725793e-05,3.3155782279209235e-05
3873,2.967199819977395e-05,1.8197294921264983e-05,2.867569084402122e-05,3.260804005112732e-05
3874,2.434748669960148e-05,4.3661711388267576e-05,2.8688772240679505e-05,3.047949901811081e-05
3875,3.399666141275601e-05,2.1469161656568757e-05,2.8923626700351533e-05,2.8041792854492093e-05
3876,2.2808869265039296e-05,1.8841966848412995e-05,2.8881105161336663e-05,2.7979758560832127e-05
3877,2.3608033710236972e-05,1.852398934715893e-05,2.887877690518508e-05,2.8052066372765697e-05
3878,2.167256557893577e-05,1.88425606029341e-05,2.896879326969308e-05,2.8074999499949632e-05
3879,2.430968296620348e-05,3.511228482238948e-05,2.9002542155891817e-05,2.795876664749813e-05
3880,2.454485395800374e-05,3.736736551218201e-05,2.8841241754222822e-05,2.793643512122799e-05
3881,3.21369062900582e-05,2.1045077082817444e-05,2.898453047916216e-05,2.8098469498218038e-05
3882,2.2919685798115096e-05,1.916052307933569e-05,2.924901069006107e-05,2.8251822956372056e-05
3883,3.014786738074488e-05,3.596464855945669e-05,2.8909978080870744e-05,2.846616199822165e-05
3884,3.7465498915278456e-05,3.193209893652238e-05,2.881288047792623e-05,2.882441377150826e-05
3885,3.5332825241817366e-05,2.219612226326717e-05,2.9052040269339667e-05,3.125071804970503e-05
3886,3.273253316971629e-05,2.060812883428298e-05,2.8918611575661797e-05,3.125602402433287e-05
3887,4.299510326139474e-05,5.0822012417484076e-05,2.8955571849170762e-05,3.051145776116755e-05
3888,3.189768634911161e-05,1.8495644981157965e-05,2.869127960439073e-05,3.163379818433896e-05
3889,2.797680944948095e-05,4.400398131110705e-05,2.9058278605548874e-05,3.159659345255931e-05
3890,2.874502922269231e-05,2.2371861050487495e-05,2.9249886762570695e-05,3.218708174972562e-05
3891,2.3607191194767236e-05,3.3507948828628286e-05,2.9412542954054925e-05,3.218490654107881e-05
3892,3.0345554057728603e-05,1.75222173857037e-05,2.9345864704292688e-05,3.144789843936451e-05
3893,2.676178016877707e-05,2.4023282967391425e-05,2.9424975055573874e-05,3.0905761127360163e-05
3894,2.9591609895255208e-05,2.4978063520393335e-05,2.9537203024503674e-05,3.078781711228658e-05
3895,2.5036877563656565e-05,4.143204932915978e-05,2.9634896962751457e-05,3.075900763215032e-05
3896,2.9662993567601208e-05,6.0575861862162125e-05,2.9681062097936073e-05,3.03903099586023e-05
3897,3.3984903416745105e-05,8.061209373408929e-05,2.981298946566919e-05,2.9800630550016652e-05
3898,2.6336280857827256e-05,1.8329944286961107e-05,2.9545924252549108e-05,2.971814811608056e-05
3899,2.527149353732562e-05,2.5047554809134455e-05,2.9102880720408092e-05,2.9703304376744204e-05
3900,2.7389355293255196e-05,4.952767223585397e-05,2.855539698252364e-05,2.845689884416061e-05
3901,3.198384429399286e-05,1.791184855392203e-05,2.8621467469767796e-05,2.8625967922562272e-05
3902,2.8398237635782507e-05,3.32861967763165e-05,2.8519776744279725e-05,2.7565181120007767e-05
3903,2.5738970366041436e-05,1.8788180386763998e-05,2.8424508650803346e-05,2.806279561627889e-05
3904,2.264272672214752e-05,1.668708227953175e-05,2.8948861815297282e-05,2.7400114345073237e-05
3905,2.652261274003346e-05,2.381393271207344e-05,2.884708280883691e-05,2.7994661427510442e-05
3906,3.494260551330323e-05,1.8096476705977692e-05,2.879180113207743e-05,2.7756920606771025e-05
3907,2.5362034254309643e-05,1.844028607592918e-05,2.860394638321143e-05,2.742514442361426e-05
3908,3.130199576036021e-05,2.6747206720756368e-05,2.8761671003707714e-05,2.7046812116168444e-05
3909,4.0763683108606426e-05,1.7190113721881063e-05,2.8492624482654116e-05,2.5308514750213363e-05
3910,2.865619491381545e-05,2.0134061414864846e-05,2.843347153611831e-05,2.509422047587577e-05
3911,2.165644486619082e-05,2.0237035350874066e-05,2.8908060351467515e-05,2.5379332815646193e-05
3912,2.9308009814283448e-05,1.9661874102894216e-05,2.8947097180207497e-05,2.5048601612797934e-05
3913,3.3549448530215566e-05,2.2722371941199526e-05,2.9582117697201387e-05,2.50781856389949e-05
3914,2.543454131227918e-05,1.7484311247244477e-05,2.9312752573605396e-05,2.5131981153390366e-05
3915,2.6363326885782753e-05,3.481222345726564e-05,2.9332510595607647e-05,2.567453844822012e-05
3916,3.671602030711559e-05,1.6940917048486882e-05,2.9783256976467482e-05,2.561172378482297e-05
3917,2.7801078896219324e-05,3.238589444663376e-05,3.0280434894262324e-05,2.5970803764357694e-05
3918,2.537973824979013e-05,1.8079762448905966e-05,3.0441797471091074e-05,2.588349849975202e-05
3919,2.4895241173605126e-05,1.6683658941474278e-05,2.9940108715204084e-05,2.6280834592762402e-05
3920,2.8979993076063692e-05,3.197374164301436e-05,3.0232107529850002e-05,2.6218005294504105e-05
3921,2.2936830541261266e-05,1.71184277132852e-05,3.0101501770129995e-05,2.6466815780440806e-05
3922,3.25060797533499e-05,7.525473687564954e-05,2.948157468361185e-05,2.670844970707549e-05
3923,3.82010012415574e-05,2.5457752781221642e-05,2.9367062450587076e-05,2.6679708885785657e-05
3924,2.624741425582518e-05,1.6779274737928062e-05,2.9488990469124273e-05,2.6609723219007717e-05
3925,4.326486821810249e-05,5.026727289077826e-05,2.9992365275554924e-05,2.6908323059615213e-05
3926,2.5249716204093097e-05,1.925673641380854e-05,2.946211131719691e-05,2.7395580599841196e-05
3927,2.8892188185838878e-05,4.6850129147060214e-05,2.9657046067101567e-05,2.7523770638799757e-05
3928,3.70076298875372e-05,1.721781380183529e-05,2.9549031465366064e-05,2.772241552156629e-05
3929,3.5072174667018566e-05,2.5664081767899916e-05,2.924093749865682e-05,2.8181798696459735e-05
3930,3.0556677160752266e-05,2.1631301096931564e-05,2.9235147847470615e-05,2.762319530447712e-05
3931,2.2400386616128444e-05,2.8029879031237216e-05,2.9183767276602637e-05,2.7816926139348652e-05
3932,3.266200462045769e-05,1.6869553619471844e-05,2.9924322815592556e-05,2.987107448570896e-05
3933,2.8036851767360027e-05,3.29674688691739e-05,3.045569577613302e-05,2.941074774716981e-05
3934,2.5265505945652774e-05,2.323096188774798e-05,3.062323164890081e-05,2.9659531623474326e-05
3935,2.5793389088196112e-05,1.94155408826191e-05,3.0382118201588228e-05,2.7430783161253205e-05
3936,2.470464532962069e-05,1.84873936814256e-05,3.0214622235831083e-05,2.8097038304258605e-05
3937,4.189237997504986e-05,2.712687011808157e-05,3.0392482588811418e-05,2.99420378942159e-05
3938,2.0293099571265177e-05,3.490381044684909e-05,2.9804938318233735e-05,2.9609950353915342e-05
3939,3.0307910059895627e-05,2.0689062221208588e-05,2.9882555051396293e-05,2.96515293957782e-05
3940,2.366296184239521e-05,3.977834552642889e-05,2.9695745138613148e-05,2.969495531433495e-05
3941,2.9013671139384517e-05,2.8425496420823037e-05,2.9217991952545066e-05,2.9718461947049944e-05
3942,2.765633761656419e-05,1.842080964706838e-05,2.8921450846731513e-05,3.0411795474356044e-05
3943,2.4095223978090668e-05,2.292303332069423e-05,2.8809372436403974e-05,3.0218477155722212e-05
3944,4.340912964835297e-05,6.803736760048195e-05,2.923468698669846e-05,2.9864939260005484e-05
3945,4.226431708957534e-05,2.0465573179535567e-05,2.8873485926629256e-05,3.034946375410072e-05
3946,2.7125227360455836e-05,2.333802462089807e-05,2.8936718420785232e-05,3.001536562805995e-05
3947,2.6478243570535495e-05,1.9536025320121553e-05,2.8923261452615004e-05,2.979731907253153e-05
3948,3.401360209762869e-05,4.211413135635666e-05,2.9109973109249646e-05,3.027566319797188e-05
3949,3.069392308033356e-05,6.290426448686048e-05,2.911146824998367e-05,3.0315917255938986e-05
3950,2.857626145366036e-05,4.1965084383264186e-05,2.8379677340207204e-05,3.0024392865016122e-05
3951,2.7190134533157105e-05,2.029621246038005e-05,2.864913698916401e-05,3.018068268720526e-05
3952,2.422194036626024e-05,4.793577711097896e-05,2.854382804475285e-05,3.019728150393348e-05
3953,2.506380023583511e-05,1.780547961971024e-05,2.890401408205637e-05,2.9356038960395384e-05
3954,2.7658647021679725e-05,4.299741995055229e-05,2.875339763963388e-05,2.9001972575497347e-05
3955,2.7754716902563815e-05,1.679834313108586e-05,2.8626478417653645e-05,2.946364379749867e-05
3956,3.303325037349067e-05,1.9191431638319044e-05,2.8597790321671507e-05,2.9857933106541174e-05
3957,2.36319781187275e-05,2.8982665971852838e-05,2.7983029269024785e-05,3.159443150943844e-05
3958,2.961766412125952e-05,2.461501571815461e-05,2.762770597942614e-05,3.159143665543524e-05
3959,2.4929081741397062e-05,1.777979799953755e-05,2.774741290858301e-05,3.252173399232561e-05
3960,3.0461180504062213e-05,3.13741440186277e-05,2.780578431427583e-05,3.3173358711064794e-05
3961,2.474202384797132e-05,1.9493745130603203e-05,2.7550705343957014e-05,3.23707318326342e-05
3962,2.3597607230638257e-05,1.9838760345010087e-05,2.736709891259024e-05,3.056750990072033e-05
3963,2.7029590795185263e-05,3.8811056001577526e-05,2.7252184697297508e-05,2.9626301485404842e-05
3964,2.7675186449616578e-05,2.1104032639414073e-05,2.71009736581214e-05,2.9717287518724338e-05
3965,3.266761277498315e-05,1.8747281937976368e-05,2.7044655531547814e-05,2.8534344538638838e-05
3966,2.5248260078822366e-05,1.9573836798372213e-05,2.7136104689594103e-05,2.8635155974188822e-05
3967,2.4483357067058225e-05,2.9962590197101236e-05,2.7640751309647585e-05,2.8229935222771018e-05
3968,2.33780215785373e-05,3.278026604675688e-05,2.7636171762585747e-05,2.8567189862951637e-05
3969,2.8040103332184825e-05,0.00011144982767291367,2.761998418249681e-05,2.8455101112194827e-05
3970,3.3381234849609125e-05,2.0390701829455794e-05,2.7584826813027676e-05,2.9292048119532413e-05
3971,3.0117900589377517e-05,4.6595458043157125e-05,2.7578048945643883e-05,3.255193994991714e-05
3972,2.7937528712856065e-05,3.582664328860119e-05,2.7669808237988038e-05,3.274524618900613e-05
3973,2.7636627839658305e-05,2.2048459395591636e-05,2.7774526964478552e-05,3.2423465581086926e-05
3974,2.6103762296164252e-05,1.7823716189013793e-05,2.7935792182041847e-05,3.250958520075073e-05
3975,2.5703406071342114e-05,1.8434874000377022e-05,2.8495163777713763e-05,3.3102740098547655e-05
3976,2.3409858553754426e-05,2.257086329336744e-05,2.8496972422160776e-05,3.251350021891995e-05
3977,2.2813987201920505e-05,1.8362202608841472e-05,2.851463973282888e-05,3.2522550695284734e-05
3978,2.735002918699239e-05,2.032576550845988e-05,2.8697840283469606e-05,3.286110724875471e-05
3979,4.0274812523016914e-05,3.2866901165107265e-05,2.8870419881261314e-05,3.377704233280383e-05
3980,2.7640228226017725e-05,2.5229709135601296e-05,2.9048239192990064e-05,3.55516032257583e-05
3981,3.262856087126743e-05,1.6389212869398762e-05,2.939883006296845e-05,3.5064024134771894e-05
3982,2.275304388199907e-05,4.9906341155292465e-05,2.922511132977282e-05,3.2295425614574924e-05
3983,2.944821743666479e-05,0.00010611231147777289,2.9181231671504467e-05,3.303773204388562e-05
3984,2.722306405000078e-05,2.261245397676248e-05,2.8935520263298205e-05,3.198807077860692e-05
3985,3.3079148666325235e-05,2.3329628820647486e-05,2.8942229990045436e-05,3.134343283891212e-05
3986,2.8773654287053634e-05,2.164673562219832e-05,2.8846650864256342e-05,3.1234321974625346e-05
3987,3.7581897122436206e-05,3.466763278993312e-05,2.8681050424185947e-05,3.128576180752134e-05
3988,2.707480690636051e-05,2.4080059010884724e-05,2.9076588412539827e-05,3.1761180893226996e-05
3989,2.8116869216319174e-05,2.1330294548533856e-05,2.909153217090837e-05,3.163173109205672e-05
3990,3.724762654100131e-05,2.721119577472564e-05,2.9117605169368393e-05,3.171761672274442e-05
3991,2.956275002361508e-05,4.247221389960032e-05,2.9027390061593094e-05,3.162324031436583e-05
3992,2.8928839860277043e-05,7.432661252096295e-05,2.84930877060914e-05,3.11012488338747e-05
3993,3.214279332799682e-05,2.0590788772096857e-05,2.8433666777628886e-05,3.085503165057161e-05
3994,2.369713500229409e-05,4.223486466798931e-05,2.82122773388336e-05,3.105788503598887e-05
3995,3.2284243392900355e-05,3.894836256222334e-05,2.8701278960862614e-05,3.208791106881108e-05
3996,2.3975115384220973e-05,2.0353926411189606e-05,2.8578291646489456e-05,2.858363445557188e-05
3997,2.8105271881536788e-05,1.971069479623111e-05,2.8463467237209746e-05,2.9338173841824758e-05
3998,2.5247149694930866e-05,1.932068778842222e-05,2.8243762052281653e-05,2.9047858451667704e-05
3999,2.196375129440437e-05,1.9109712011413648e-05,2.8352698178140494e-05,2.8944818220043087e-05
4000,3.5591855780189184e-05,3.0320351143018343e-05,2.7875960193179903e-05,3.010511237225728e-05
4001,2.378345251296802e-05,1.933461826411076e-05,2.8152362996317806e-05,2.989180562726688e-05
4002,2.3465812163421005e-05,2.050934337603394e-05,2.797076510339846e-05,2.9759945918340236e-05
4003,2.5094651492610057e-05,1.796635529899504e-05,2.7483549763241574e-05,2.9388797248248014e-05
4004,2.691725363547448e-05,1.9817114152829164e-05,2.7340860814405863e-05,2.8354634752031417e-05
4005,2.6154705014454925e-05,1.90742795530241e-05,2.7352576268701034e-05,2.6170649644336662e-05
4006,2.7093824901385232e-05,2.1460547504830174e-05,2.709789808480612e-05,2.691272045485675e-05
4007,3.4978084432724344e-05,7.565699197584764e-05,2.7070737266169288e-05,2.5884622267039957e-05
4008,2.6373534577336007e-05,1.8505396146792917e-05,2.698930881856035e-05,2.5119423291471317e-05
4009,2.4352453818007943e-05,4.1475938633084294e-05,2.691845974283448e-05,2.507478916813852e-05
4010,2.758651904312299e-05,1.6071744066721294e-05,2.6879974569278093e-05,2.679264231701381e-05
4011,3.1497057433524686e-05,1.9070729831582866e-05,2.6968333348890558e-05,2.77788318664534e-05
4012,2.5663447498421495e-05,6.367498659528792e-05,2.72837255615741e-05,2.8128609305713325e-05
4013,3.3984876984807974e-05,1.8747390386124606e-05,2.7180335435615333e-05,2.772647894307738e-05
4014,2.3576921893335467e-05,1.8033801825367846e-05,2.7214735060503395e-05,2.7718617777281904e-05
4015,2.5067243037079203e-05,1.793247902242001e-05,2.7250588374509892e-05,2.820750743994722e-05
4016,2.5995526302722284e-05,1.661815149418544e-05,2.732830153060301e-05,3.2150728515989615e-05
4017,2.9221726217656398e-05,1.972698482859414e-05,2.736774014855554e-05,3.2151732438069306e-05
4018,2.5775838730623944e-05,3.914255903509911e-05,2.724526229705791e-05,3.220110156689771e-05
4019,2.3018114536373308e-05,1.653240997256944e-05,2.7366124732361645e-05,3.229845341702458e-05
4020,3.024853220267687e-05,1.9818388173007405e-05,2.693381907851694e-05,3.283143634616863e-05
4021,2.220388849107419e-05,1.9238073327869643e-05,2.7012470544205926e-05,3.3405867969850076e-05
4022,2.7143142542627174e-05,6.265702351811342e-05,2.6974144672729183e-05,3.258986331347842e-05
4023,2.745611918524244e-05,4.3975426524411884e-05,2.6900111451686828e-05,3.264771985268453e-05
4024,2.984855661149292e-05,2.785414799291175e-05,2.6745081364869194e-05,3.297561517829308e-05
4025,3.300710263122003e-05,2.026709207711974e-05,2.7081799260890372e-05,3.1180521617352504e-05
4026,2.464344313516954e-05,1.9138089119223877e-05,2.6847197225045725e-05,3.113399045541883e-05
4027,2.4362145013583357e-05,3.2731584942666816e-05,2.6888663881820524e-05,3.131365144945448e-05
4028,2.7037480394938028e-05,0.00011654688220005482,2.710302917047456e-05,3.164672495768173e-05
4029,2.7903219084287736e-05,1.9842212204821407e-05,2.7273353925718568e-05,3.2101162288745407e-05
4030,2.3092758727014168e-05,2.0308507773734165e-05,2.721383394180319e-05,3.2827731718134606e-05
4031,3.0115385783978533e-05,2.3894343758001924e-05,2.7226182071333623e-05,3.195592568226857e-05
4032,2.4170443086606814e-05,8.898156520444899e-05,2.7226863351744317e-05,3.212082507670857e-05
4033,2.833982121956069e-05,3.2866186738829125e-05,2.698113110438701e-05,3.20827771385666e-05
4034,2.3394307031089233e-05,2.1075822223792785e-05,2.7389787863891496e-05,3.2234114532184325e-05
4035,2.5735688517064167e-05,1.7518157546874137e-05,2.719601068634398e-05,3.0415235337568446e-05
4036,2.7621305263083842e-05,2.7268112971796655e-05,2.7571463620875473e-05,3.065832367283292e-05
4037,3.408139489895095e-05,1.8797647571773267e-05,2.7526929441389968e-05,3.0244504727306774e-05
4038,2.8119826088691803e-05,1.7584111337782814e-05,2.7601650679409637e-05,3.0119237043254543e-05
4039,2.461358831270546e-05,2.2525326676259284e-05,2.7701540401984762e-05,2.9994566610548646e-05
4040,3.042637525343e-05,2.625931672810111e-05,2.7982334636180898e-05,2.967801899940241e-05
4041,3.02536451838225e-05,2.7979084770777262e-05,2.7847679001327684e-05,2.5752257650310643e-05
4042,2.7733726619771913e-05,3.789122056332417e-05,2.8135740137319472e-05,2.5658274714078292e-05
4043,2.6084541968884877e-05,1.7347408138448373e-05,2.823904913715928e-05,2.8655298484954986e-05
4044,2.303514654664064e-05,2.0654894833569414e-05,2.832909208542939e-05,2.948624207056128e-05
4045,2.410522601874416e-05,1.886718971945811e-05,2.8528056442074662e-05,2.7718531026039277e-05
4046,3.2420307478686383e-05,2.3021508168312723e-05,2.8410695602603185e-05,2.7239336562342945e-05
4047,2.229871310393921e-05,1.718504365271656e-05,2.852346297319552e-05,2.7666505504748787e-05
4048,3.6842442548529815e-05,5.005263490602374e-05,2.8531595100018124e-05,2.780274118995294e-05
4049,2.8735202124355256e-05,1.7508674354758113e-05,2.8335888708453344e-05,2.7535827981773767e-05
4050,3.487513358171175e-05,1.7135399975813925e-05,2.804800592008784e-05,2.759045619168319e-05
4051,2.714068619954762e-05,1.6021328301576433e-05,2.7842079492741808e-05,2.7554205601336436e-05
4052,3.1382000868486807e-05,2.4817894664010966e-05,2.8119375356941926e-05,2.7791930308740124e-05
4053,2.367108952360771e-05,1.8402848472760524e-05,2.8106268168630776e-05,2.7543642827367878e-05
4054,3.510474748408241e-05,1.749263879901264e-05,2.7758135745615514e-05,2.710496721119853e-05
4055,2.567548372300937e-05,9.523410204565153e-05,2.7888589886262908e-05,2.624665684561478e-05
4056,3.236645949073136e-05,4.466793339815922e-05,2.7842620849454155e-05,2.6263879986072423e-05
4057,2.914455200273854e-05,4.478878909139894e-05,2.8038143539257972e-05,2.6907668907369956e-05
4058,2.54058002327737e-05,2.0886325146420858e-05,2.8111222606255778e-05,2.7115188179595862e-05
4059,2.621349129589766e-05,3.175504578393884e-05,2.7700144627629523e-05,2.769311652955366e-05
4060,2.5938991687629216e-05,2.092404967697803e-05,2.7699121333555216e-05,2.809998200391419e-05
4061,2.272864547396441e-05,2.0595282767317257e-05,2.7125074289344613e-05,2.6846999995177613e-05
4062,2.6884325189813454e-05,2.0163352819508872e-05,2.7024796138963824e-05,2.6785951342026236e-05
4063,2.297166540504097e-05,1.6677846579113974e-05,2.6705923392243374e-05,2.673072395555209e-05
4064,3.154598491770836e-05,2.8468444361351432e-05,2.6543393399818648e-05,2.6759550564747766e-05
4065,3.009869554565133e-05,2.0052129693794997e-05,2.6482867617839177e-05,2.7056393919338005e-05
4066,2.155033460844101e-05,1.7012194366543553e-05,2.6604994922430105e-05,2.728156212251633e-05
4067,3.099508013595672e-05,1.643346142373048e-05,2.6786917139219856e-05,2.8409474247018804e-05
4068,2.4935316048666006e-05,1.7777986649889498e-05,2.6883963536885058e-05,2.708355476206634e-05
4069,2.7923213791735986e-05,3.674961786600761e-05,2.6763042887937956e-05,2.722848514385987e-05
4070,2.5932202693689356e-05,2.4055171525105835e-05,2.701112514478155e-05,2.669676827790681e-05
4071,2.2143358013029986e-05,3.7469716917257754e-05,2.730802299289887e-05,2.6518742257030676e-05
4072,2.2273130752081568e-05,2.7356680511729792e-05,2.7224218317456292e-05,2.6065253857814237e-05
4073,2.2491266443264775e-05,1.8728084687609225e-05,2.721148667753571e-05,2.6922982749238142e-05
4074,2.6228248364835358e-05,1.5982458025973757e-05,2.7269310287051166e-05,2.6800084179558324e-05
4075,2.6903314913700646e-05,1.5754715313960332e-05,2.781434208526561e-05,2.6702946932346093e-05
4076,2.3077436388929427e-05,1.6741993531468323e-05,2.7908776521831497e-05,2.7618865274416745e-05
4077,2.986885631899996e-05,3.223897852876689e-05,2.7764057462950912e-05,2.8553258617466783e-05
4078,2.6724272138380912e-05,2.4032053552218713e-05,2.7566506743217666e-05,2.8426789114018902e-05
4079,3.965280290382604e-05,4.569044191157445e-05,2.7579327657682976e-05,2.8457202640129247e-05
4080,2.8101643664639496e-05,6.208611492183991e-05,2.7395482768123554e-05,2.845476308866636e-05
4081,2.9343443267053874e-05,4.829119294299744e-05,2.7257672223721684e-05,2.843652462324826e-05
4082,3.5346608423828405e-05,3.1495867442572486e-05,2.7002313847090894e-05,2.7882214631245e-05
4083,3.282824643570671e-05,1.643567462451756e-05,2.6924414528184573e-05,2.764767861517612e-05
4084,2.4118374409833146e-05,2.041783580352785e-05,2.6951747451837745e-05,2.7147657531895667e-05
4085,2.562070068961475e-05,4.236727196257561e-05,2.704753647307775e-05,2.7305645763408388e-05
4086,2.4174235711850794e-05,1.752281852532178e-05,2.7198029209264662e-05,2.8794166608713563e-05
4087,4.0510120145174574e-05,1.7734921639203093e-05,2.7147919383100496e-05,2.895854889502516e-05
4088,2.5332526319188116e-05,3.957580513088033e-05,2.71348614302244e-05,2.9095869514276273e-05
4089,2.79280084456938e-05,5.1828277937602254e-05,2.7320257651283307e-05,2.9791871973429805e-05
4090,2.5159927552320166e-05,1.6890392107598017e-05,2.7345710391819016e-05,2.9370701703010125e-05
4091,2.187085747007384e-05,1.777253251930233e-05,2.7255393505199924e-05,3.004818746994715e-05
4092,2.6398957896971196e-05,1.6372472637158352e-05,2.6813893356787355e-05,2.9064587828179353e-05
4093,2.1490052438619184e-05,1.7322025014436805e-05,2.65792868955436e-05,2.8557684183761012e-05
4094,2.1539254375966266e-05,2.2891868065926247e-05,2.677822205716641e-05,2.728002270887373e-05
4095,2.3984719721031273e-05,1.819177112338366e-05,2.656589025411652e-05,2.6844532912946305e-05
4096,2.2826681104359322e-05,2.496918983524665e-05,2.6339752976168213e-05,2.685728046490112e-05
4097,2.4667856283081668e-05,3.130638629954774e-05,2.636125783093222e-05,2.6750527508556838e-05
4098,2.625358484793752e-05,5.594110582023859e-05,2.649340138272642e-05,2.5775931282259984e-05
4099,2.4975502710731235e-05,2.009201518376358e-05,2.6330155188528203e-05,2.636752253019949e-05
4100,2.6576866091798165e-05,1.9187730795238168e-05,2.5994710667550356e-05,2.644499951129546e-05
4101,2.7712341915402148e-05,3.4142055010306646e-05,2.6246605820294164e-05,2.5546976430632637e-05
4102,3.050517483239269e-05,2.1709721768274903e-05,2.6577177392674565e-05,2.4252612027339637e-05
4103,2.446634997290352e-05,4.0969197725644336e-05,2.6668083408407662e-05,2.4331369393621568e-05
4104,2.8615299193511925e-05,2.1100450867379548e-05,2.6714059957885186e-05,2.496453660132829e-05
4105,2.2236482133545603e-05,4.941352381138131e-05,2.669778864704616e-05,2.51428237039363e-05
4106,3.431682230762413e-05,1.63496560708154e-05,2.6907969432714813e-05,2.573546411294956e-05
4107,3.00383133475811e-05,2.060862254438689e-05,2.707040098693041e-05,2.630553091003094e-05
4108,2.7174814486999012e-05,1.6754363423387984e-05,2.7082373055842862e-05,2.663626888388535e-05
4109,2.465599577893348e-05,1.774901189492084e-05,2.7063310311091806e-05,2.6411369063134767e-05
4110,2.892428948446953e-05,1.800236630515428e-05,2.705157240068527e-05,2.6613315603754015e-05
4111,2.009308085689554e-05,3.2312599723809396e-05,2.70373493817816e-05,2.5374219876539425e-05
4112,3.212400712072849e-05,1.9671846166602337e-05,2.7020452816779856e-05,2.5523254554718734e-05
4113,3.162990513778318e-05,1.7125228114309722e-05,2.684191252442866e-05,2.5438529942766766e-05
4114,3.619229775520378e-05,1.9469167855277193e-05,2.6816144732017873e-05,2.7529536309884862e-05
4115,2.743257794564771e-05,1.885932626464637e-05,2.6766187290114533e-05,2.765176015091129e-05
4116,2.3020271207011926e-05,3.3601712711970325e-05,2.6675709051212633e-05,2.687651957239723e-05
4117,2.5992175125995548e-05,2.082965020235861e-05,2.655063952705758e-05,2.6826803851872684e-05
4118,2.6744572080335476e-05,3.213803523976821e-05,2.667251932911717e-05,2.547437212924706e-05
4119,2.5600043231356218e-05,3.7143537992960775e-05,2.6200742335236612e-05,2.5783140222483785e-05
4120,2.42840214438426e-05,2.6460220469743943e-05,2.6207240100565188e-05,2.566910093592015e-05
4121,2.235011248558294e-05,1.934669431648217e-05,2.632298032217983e-05,2.5788201209797993e-05
4122,2.4374408522918304e-05,3.6355049815028906e-05,2.637768467773438e-05,2.5743900435918475e-05
4123,2.5898009375345686e-05,2.4963712639873848e-05,2.6661187519413142e-05,2.5966629802132956e-05
4124,2.455308858568767e-05,2.3817882138246204e-05,2.7069008360639503e-05,2.5627183084725407e-05
4125,2.211335878301826e-05,1.7069615496438927e-05,2.668868959776268e-05,2.662406596646179e-05
4126,2.7068147105132487e-05,8.64172141882591e-05,2.64395815904815e-05,2.6647113895160146e-05
4127,2.9256238784809182e-05,2.4765317793935536e-05,2.6111416375836903e-05,2.6898485609854106e-05
4128,2.2204394000356032e-05,2.158818326279288e-05,2.608867518760639e-05,2.768443898530677e-05
4129,2.548856108963567e-05,1.9857557854265907e-05,2.6194916355194033e-05,2.7335780610155778e-05
4130,2.528347718503533e-05,1.56027307457407e-05,2.662450779680512e-05,2.72091519436799e-05
4131,2.2522397460609986e-05,2.406885840173345e-05,2.6743249783612554e-05,2.668290496221743e-05
4132,3.02007574807956e-05,1.7757640380295923e-05,2.6951195887441928e-05,2.7926461139577434e-05
4133,3.0068320027364988e-05,1.9731870270334185e-05,2.710997762147195e-05,2.7753391294390888e-05
4134,2.602360466779727e-05,1.664149254793301e-05,2.720358333050778e-05,2.775802323885727e-05
4135,3.601186052643849e-05,2.357060046051629e-05,2.7189717190615032e-05,2.7039036767382636e-05
4136,3.0288601887554654e-05,2.382643178862054e-05,2.705559296858458e-05,2.6851200965757017e-05
4137,2.261603804880805e-05,4.459391821001191e-05,2.6993710996207988e-05,2.6531734675518237e-05
4138,2.5402204955753404e-05,1.7701426331768742e-05,2.7168412084574812e-05,2.7136819469160395e-05
4139,2.7988167389089033e-05,2.5753460722626187e-05,2.7318389712955752e-05,2.449461118376348e-05
4140,2.686404823988495e-05,3.850816065096296e-05,2.7209863357388212e-05,2.6201938060694378e-05
4141,2.567630039670298e-05,2.4885253333195577e-05,2.7417938201688236e-05,2.612988772452809e-05
4142,3.6731961166272717e-05,1.7663933540461585e-05,2.7381317068163003e-05,2.638950006803498e-05
4143,2.971312175052137e-05,1.898186070320662e-05,2.7468229339218757e-05,2.744257851300063e-05
4144,3.0798695827090546e-05,6.823244242696092e-05,2.7568126753127828e-05,2.731316754507134e-05
4145,2.825356479459313e-05,2.2133474340080282e-05,2.7357956955772056e-05,2.7369178268418184e-05
4146,2.469025521147867e-05,1.946249292814173e-05,2.7196058776462455e-05,2.7562115286127668e-05
4147,2.4027755025599617e-05,1.8380388028162997e-05,2.710956912067357e-05,2.7701542768045333e-05
4148,2.2544903824584456e-05,2.026781759923324e-05,2.6712253743688863e-05,2.745400016137865e-05
4149,2.3006039276272833e-05,1.583122488227673e-05,2.6745817826384964e-05,2.721019227756188e-05
4150,2.6480885992188836e-05,3.219673533749301e-05,2.7174391957345908e-05,2.615871708549094e-05
4151,3.0817587814655986e-05,2.0362007053336128e-05,2.7228675882361127e-05,2.7942308771889663e-05
4152,2.6543079895620596e-05,6.744848971720785e-05,2.7192435709568797e-05,2.7552722321706828e-05
4153,2.7406265107856598e-05,1.9786924858635758e-05,2.705076011762786e-05,2.6654842626885512e-05
4154,2.4573032751504796e-05,2.6347866441938094e-05,2.715480504129017e-05,2.6464801775000524e-05
4155,2.745628396142921e-05,4.1929691869881934e-05,2.6660755907343832e-05,2.769095391704468e-05
4156,2.501983280833681e-05,2.083358420350123e-05,2.661841578657105e-05,2.7783652165089735e-05
4157,2.4946512546901227e-05,1.9157908463967034e-05,2.642716999083253e-05,2.6679079720634038e-05
4158,2.602086554462504e-05,2.4555295713071246e-05,2.6113088555656656e-05,2.6504773723718245e-05
4159,2.3861363273075162e-05,2.0127179595874622e-05,2.599419120419447e-05,2.6499826514918824e-05
4160,2.6078976101820848e-05,1.7382035293849187e-05,2.6042369920065133e-05,2.6645714695041538e-05
4161,3.112770395495722e-05,1.7731234693201258e-05,2.6034864773666618e-05,2.6636116295412652e-05
4162,3.3330391322831724e-05,1.8307038408238442e-05,2.609158339126023e-05,2.675032883853419e-05
4163,2.675930308113392e-05,6.22912184917368e-05,2.5974044295839527e-05,2.6141745770291895e-05
4164,2.7082163069280795e-05,1.6013799468055366e-05,2.631750845458656e-05,2.6085106642858595e-05
4165,2.3322158441361452e-05,1.606116828043014e-05,2.6221811129734206e-05,2.490890623739688e-05
4166,2.8277423488260763e-05,2.0134232036070897e-05,2.6157673412833702e-05,2.517331913404633e-05
4167,2.438073281761414e-05,4.83177370915655e-05,2.6247800383700653e-05,2.536210131947883e-05
4168,2.8654618731201884e-05,2.1299316904332956e-05,2.6442483106721845e-05,2.4382011045236145e-05
4169,2.6017550933627514e-05,4.061813131556846e-05,2.6872910563300446e-05,2.436390430957545e-05
4170,2.0401528915196346e-05,1.7775824417185505e-05,2.6711621816098668e-05,2.5449026789283384e-05
4171,2.1717821424923993e-05,1.9338812708156185e-05,2.6663103528052388e-05,2.529363296198426e-05
4172,2.5232222922366217e-05,2.2027592531230767e-05,2.7056697850882e-05,2.6319146678724793e-05
4173,2.235727516462147e-05,2.0027857608511113e-05,2.6923970486354344e-05,2.6397948783414906e-05
4174,2.4424004716113105e-05,1.8686538460315205e-05,2.71463881898348e-05,2.6532918105658613e-05
4175,2.3542408606671314e-05,1.6982158631435595e-05,2.674216374725802e-05,2.6808898949821017e-05
4176,3.9404191783331855e-05,1.8946028867503627e-05,2.672062383895132e-05,2.5026683037867766e-05
4177,2.4150646774311704e-05,3.8043479580665004e-05,2.657366783104307e-05,2.7081242273561656e-05
4178,2.5802822185343958e-05,2.6397247274871916e-05,2.715663215874682e-05,2.71665482854587e-05
4179,2.682620702317864e-05,3.106742107775062e-05,2.6802179193085377e-05,2.8068187557801134e-05
4180,3.232335203695887e-05,1.742743501381483e-05,2.6994048555692042e-05,2.7069193102943244e-05
4181,3.578051922280186e-05,2.038091581198387e-05,2.6899291225223964e-05,2.6891024054202715e-05
4182,2.09142938668568e-05,4.628597045666538e-05,2.677684191860156e-05,2.597744744562078e-05
4183,2.480790834346812e-05,2.06704500305932e-05,2.7175207800206014e-05,2.6536823583592195e-05
4184,3.370122134381543e-05,4.5765022514387964e-05,2.7196747339136595e-05,2.657390133390436e-05
4185,2.2760791988629435e-05,1.935208791110199e-05,2.7459171246462376e-05,2.6321094096056187e-05
4186,3.668814654196871e-05,2.1105467749293893e-05,2.750118124103109e-05,2.640195502754068e-05
4187,2.322478025841216e-05,2.5206559512298555e-05,2.7526710005137525e-05,2.7301666016865056e-05
4188,2.6220805373466444e-05,1.773582069290569e-05,2.7708821049196154e-05,2.7409863282809968e-05
4189,2.3408262871574457e-05,6.737778036040253e-05,2.711521208022734e-05,2.7297582692699507e-05
4190,3.789626663395514e-05,1.819381857785629e-05,2.7146626232893643e-05,2.6796616468345747e-05
4191,1.9416099346724676e-05,4.26752138446318e-05,2.7312644199102776e-05,2.7330712432740258e-05
4192,2.9177466882780814e-05,2.3342875720118174e-05,2.7208034063369266e-05,2.7032211192999962e-05
4193,2.6285685469499894e-05,1.684509068581974e-05,2.7112528167991616e-05,2.7283462337800293e-05
4194,2.295631826806736e-05,1.7778716101020107e-05,2.6703440873097864e-05,2.7429658372420815e-05
4195,3.036067595530767e-05,3.176022786647082e-05,2.690943537446502e-05,2.6310153657686893e-05
4196,2.2256309898188598e-05,2.0265756465960293e-05,2.6937895703869998e-05,2.7849452264490534e-05
4197,3.179282060551082e-05,1.570741158502642e-05,2.650064509580261e-05,2.680296166508924e-05
4198,2.3407525028839396e-05,2.204938089562347e-05,2.66693336731502e-05,2.717135984858032e-05
4199,2.5062223818774026e-05,4.1179313193424605e-05,2.6400237175322318e-05,2.7332224624115046e-05
4200,2.8095184708137014e-05,1.9687090280058328e-05,2.6982980509880384e-05,2.6970966364024203e-05
4201,2.456396755911151e-05,1.6139014114742167e-05,2.680876631638967e-05,2.687263714906294e-05
4202,2.4936000590969344e-05,2.5519323971820996e-05,2.6659144641436998e-05,2.4890115820744543e-05
4203,2.9953271340572328e-05,3.974964638473466e-05,2.6079893376057348e-05,2.485499921458541e-05
4204,2.421095362984084e-05,2.360489008424338e-05,2.6287130718103274e-05,2.393576886679512e-05
4205,2.9935704652517516e-05,2.370871363382321e-05,2.665281000396741e-05,2.4302264093421406e-05
4206,2.5553336850458033e-05,2.403581667749677e-05,2.64584805956272e-05,2.572204630268971e-05
4207,2.606415640103579e-05,1.8298352588317358e-05,2.655738564103053e-05,2.6211385914939453e-05
4208,2.551941657859263e-05,5.915291520068422e-05,2.6403720401544385e-05,2.5648752400593366e-05
4209,2.276995614213067e-05,1.9602757529355585e-05,2.6689184147754636e-05,2.599060993961757e-05
4210,2.697800642231919e-05,2.8562042498379014e-05,2.6348030529253366e-05,2.6003006729297344e-05
4211,2.996073409627166e-05,2.5127087137661875e-05,2.644591048940331e-05,2.6069832795474214e-05
4212,3.7793363622363863e-05,1.617510301002767e-05,2.6317167753829076e-05,2.5563766043342182e-05
4213,2.1865450536198397e-05,1.527759031887399e-05,2.700067746247643e-05,2.7552862957236353e-05
4214,1.9667720997757794e-05,1.781474715244258e-05,2.7052232399405e-05,2.935716476058587e-05
4215,2.3414984999463843e-05,1.73159034238779e-05,2.7114694564645305e-05,2.928199834132101e-05
4216,2.459703289787285e-05,1.9694455149874558e-05,2.7005180936491037e-05,2.852199090120848e-05
4217,3.831944902938428e-05,3.250525638577528e-05,2.7046331682342695e-05,2.8331032014102676e-05
4218,2.1427450260994698e-05,5.233964591752738e-05,2.708012710491958e-05,2.8071517130592836e-05
4219,2.542894440315043e-05,3.0012206407263877e-05,2.6875262309800338e-05,2.831938375311438e-05
4220,2.651904496815405e-05,1.7694390007818582e-05,2.6970236585394658e-05,2.8230326832272115e-05
4221,2.939290355344484e-05,2.8812194941565394e-05,2.698360728302052e-05,2.6526574484887534e-05
4222,2.326398014297916e-05,1.6017331327020656e-05,2.7228741931806628e-05,2.7211476964293986e-05
4223,2.585452403258791e-05,2.372003255004529e-05,2.723111836999629e-05,2.6703699232893996e-05
4224,2.1843655429418304e-05,2.8527644390123895e-05,2.6980515112194957e-05,2.6471701535047035e-05
4225,4.518292742432095e-05,6.941451312741264e-05,2.640272397701564e-05,2.822444830089808e-05
4226,2.585284098232579e-05,6.12465591984801e-05,2.6742769856597687e-05,2.839069412148092e-05
4227,2.649755472197689e-05,2.3640163490199484e-05,2.7148723518459725e-05,2.837756690423703e-05
4228,2.721543063671561e-05,2.074946038192138e-05,2.7450745020905743e-05,2.985339028236922e-05
4229,2.5239722276132346e-05,1.8830917906598187e-05,2.7709716008313185e-05,3.001411579462001e-05
4230,3.0780590216939646e-05,1.722084154607728e-05,2.7970024557483463e-05,2.9613761194923427e-05
4231,2.0431716972476958e-05,3.023248224053532e-05,2.7934757984621687e-05,2.848926097940421e-05
4232,2.843851329089375e-05,1.607192956726067e-05,2.7753581407806556e-05,2.8022002476791386e-05
4233,2.5853684019239153e-05,1.6559106516069733e-05,2.763986113358341e-05,2.8222626919159664e-05
4234,2.8898322361783358e-05,3.6725319514516744e-05,2.7360621345319996e-05,2.7852256086771377e-05
4235,2.7037417377060694e-05,1.5867599213379435e-05,2.7454527757557425e-05,2.7804509652196425e-05
4236,2.3695652651238357e-05,1.9327144691487775e-05,2.747540637808723e-05,2.8053582602296952e-05
4237,2.3348585242880895e-05,5.999377215630375e-05,2.7434579354788487e-05,2.750552773941308e-05
4238,3.0366597525749562e-05,1.9433735833445098e-05,2.666441801524747e-05,2.5613976175372954e-05
4239,2.9816562544308706e-05,1.74865667213453e-05,2.6550687696403158e-05,2.460589777765563e-05
4240,3.096552256061437e-05,5.4211487877182664e-05,2.6456953433807947e-05,2.4274090612016153e-05
4241,3.107130758305882e-05,2.3712592956144362e-05,2.625366228684369e-05,2.413332811411237e-05
4242,4.482716275864126e-05,2.2496391393360683e-05,2.652005657647452e-05,2.398109436762752e-05
4243,2.054578593945027e-05,2.4227140529546886e-05,2.6251026470628054e-05,2.400144664570689e-05
4244,2.0899529982772137e-05,1.833074384194333e-05,2.6514196316646933e-05,2.3404894536361097e-05
4245,2.3676038112575448e-05,2.2710001067025585e-05,2.61800101317931e-05,2.337896984245162e-05
4246,2.2411908846859458e-05,1.9552924131858164e-05,2.613283783414065e-05,2.4344189238036048e-05
4247,2.561164044891484e-05,1.4823670462646986e-05,2.595190245055063e-05,2.385800515330629e-05
4248,2.637648954583306e-05,2.9946856302558443e-05,2.5848422990222588e-05,2.389446928136749e-05
4249,2.0822979846949843e-05,1.4826272818027064e-05,2.5940594145100075e-05,2.8306518528552262e-05
4250,2.592889393579551e-05,2.2125724026409443e-05,2.602541431988357e-05,2.6813189226959367e-05
4251,2.300958301121783e-05,3.604459925554693e-05,2.6231165062603797e-05,2.7216872866847552e-05
4252,2.4154198157096593e-05,1.5344984349212608e-05,2.6279370446961064e-05,2.7791186422109607e-05
4253,2.2133151962609393e-05,1.72303979343269e-05,2.602966190186433e-05,2.6542128759319895e-05
4254,3.189957951690303e-05,1.5025074244476855e-05,2.6015692346360694e-05,2.62555979526951e-05
4255,2.405483757077794e-05,1.772964849806158e-05,2.5136693989851562e-05,2.599646983289858e-05
4256,2.701096312294895e-05,1.5318679506890474e-05,2.5373561306171013e-05,2.728058784123277e-05
4257,2.0083858669547935e-05,1.5423812219523824e-05,2.5513279307051562e-05,2.722690244554542e-05
4258,2.4674376577927937e-05,4.0689591405680406e-05,2.575819200153799e-05,2.7030654746340587e-05
4259,2.437493777203296e-05,2.4570717396272812e-05,2.569102821435081e-05,2.6944006237317806e-05
4260,2.4450430868859663e-05,1.6779202414909378e-05,2.5710359041921844e-05,3.0182756930298635e-05
4261,2.5999931523175392e-05,0.00012962837587110698,2.5858044763541935e-05,2.96708652851521e-05
4262,2.546908961246825e-05,2.2660539616481402e-05,2.5993684738568845e-05,2.9765650795889083e-05
4263,3.551036609375539e-05,2.952582683064975e-05,2.578321217778365e-05,3.0135213046742136e-05
4264,3.102169715324029e-05,3.184440560289659e-05,2.6081877355843768e-05,2.944009902566904e-05
4265,2.472280893319597e-05,2.2985046307439916e-05,2.616820937898107e-05,2.9524929058970883e-05
4266,3.0722068695467895e-05,1.6549322790524457e-05,2.6250897374726876e-05,2.9451203519420236e-05
4267,2.2852203845913108e-05,1.6018188398447818e-05,2.582143716131719e-05,2.993470720975893e-05
4268,2.646746884743657e-05,5.6330090737901626e-05,2.5648014904800222e-05,2.986269463726785e-05
4269,2.439248000478579e-05,1.6988608949759508e-05,2.553823953829932e-05,2.995659885928035e-05
4270,2.9798855474736126e-05,1.7803808586904778e-05,2.611315837788829e-05,3.0187090931576675e-05
4271,2.0732814167179944e-05,1.7386711406288668e-05,2.623855799558644e-05,2.9498540301574393e-05
4272,2.6094911138190786e-05,9.579243778716773e-05,2.6330686937864004e-05,2.945579049410299e-05
4273,3.0068632586335298e-05,1.71495651738951e-05,2.6252377082427202e-05,3.0400838673813266e-05
4274,2.4213979222622584e-05,1.7195910586451646e-05,2.62962553959369e-05,2.6709526203921993e-05
4275,2.0667079916165676e-05,3.1364780297735707e-05,2.639939444977952e-05,2.6414636873232667e-05
4276,3.047621246272077e-05,1.866674872871954e-05,2.6018422074533497e-05,2.6327043933270034e-05
4277,2.631249873552911e-05,1.7465735181758648e-05,2.5757188720914812e-05,2.575130431359867e-05
4278,2.4200351856254404e-05,1.538725944556063e-05,2.5625299447993816e-05,2.5496876021497883e-05
4279,2.1163074181660906e-05,2.7112666502944192e-05,2.566607933683069e-05,2.541200413106708e-05
4280,1.9719281157853806e-05,1.5929334185784683e-05,2.557515177229814e-05,2.643854870839278e-05
4281,2.4266578960426463e-05,1.7666285057202913e-05,2.5415960199906192e-05,2.496623673505383e-05
4282,3.445682965927214e-05,2.1186114026932045e-05,2.5334285800353325e-05,2.5346605293452744e-05
4283,2.7809367020381613e-05,2.347582565562334e-05,2.5227516192737515e-05,2.748383116559126e-05
4284,2.6678161328972135e-05,2.3501972209487575e-05,2.5418795711246076e-05,2.780466568656266e-05
4285,2.2492684482939594e-05,4.0405406907666473e-05,2.5535151600140832e-05,2.5469271471956747e-05
4286,2.7096889360917782e-05,3.734556412382517e-05,2.5315087104981e-05,2.5555778198759073e-05
4287,2.80475659585338e-05,1.528830634924816e-05,2.54727621246679e-05,2.7532158383110074e-05
4288,2.59860567126048e-05,2.7336003331583924e-05,2.5579964529202293e-05,2.697164625424193e-05
4289,2.4490863312773097e-05,1.7450915111112407e-05,2.5499212479189738e-05,2.759231318050297e-05
4290,2.142557711017111e-05,1.662433900492033e-05,2.5451526991431214e-05,2.7578754189016763e-05
4291,3.1741565916389745e-05,1.4427525529754348e-05,2.543971479697373e-05,2.7553719263232777e-05
4292,2.0579014732599415e-05,4.168180283159018e-05,2.5492214023365202e-05,2.717097679415019e-05
4293,2.2487679537637935e-05,1.952229140442796e-05,2.5588381132628356e-05,2.715185397828463e-05
4294,2.235062001596412e-05,2.6497822909732348e-05,2.5633959575174636e-05,2.7307535104046113e-05
4295,2.712961528434082e-05,7.123445539036766e-05,2.5171865347915123e-05,2.7154082260676662e-05
4296,2.5514802129893926e-05,2.540757443057373e-05,2.484843697214577e-05,2.759864747640677e-05
4297,2.900380836055976e-05,3.740758242201992e-05,2.4726438566237153e-05,2.7282354955968915e-05
4298,2.4567020207339535e-05,1.9312233343953268e-05,2.471536812299747e-05,2.651965624681907e-05
4299,2.8155854714795068e-05,6.660541519522667e-05,2.488678280796093e-05,2.586365192255471e-05
4300,2.3347140029525486e-05,1.7351977076032198e-05,2.5010576334655835e-05,2.641117218736326e-05
4301,2.8457411212406847e-05,3.418342188524548e-05,2.4861130870623235e-05,2.6189236012578475e-05
4302,2.5120361541566027e-05,1.712676039460348e-05,2.480419841829442e-05,2.6447585680580232e-05
4303,2.3905046994817288e-05,1.4761386300961022e-05,2.491481187292569e-05,2.6653711954713798e-05
4304,2.2475554841447673e-05,1.754410477587953e-05,2.4693463665688698e-05,2.683058467810042e-05
4305,2.212345888943269e-05,1.545126378914574e-05,2.4852078913843598e-05,2.6498898651334454e-05
4306,2.540604002408347e-05,2.1558313201239797e-05,2.486487808273523e-05,2.6438784501806368e-05
4307,2.2904473977784314e-05,1.7349792942695784e-05,2.49720922080289e-05,2.717006226157537e-05
4308,1.9723657626147745e-05,3.458995604887605e-05,2.484357271079918e-05,2.4995287408819424e-05
4309,2.3628201181256575e-05,1.5594659198541195e-05,2.5036240344909152e-05,2.4623532465193422e-05
4310,2.2215923401947496e-05,2.133793917892035e-05,2.503814200843206e-05,2.468528987956233e-05
4311,3.138225648500439e-05,2.0945456017216203e-05,2.5082939105292704e-05,2.480909772857558e-05
4312,3.114240412590637e-05,2.8976312969462014e-05,2.5013375861049603e-05,2.3302861271076835e-05
4313,2.2249920111789833e-05,2.1787598961964248e-05,2.5093843524114665e-05,2.450466540758498e-05
4314,2.3067552004552756e-05,2.390965681115631e-05,2.4860597569770307e-05,2.3744573502335697e-05
4315,2.4190913475952886e-05,2.17774958582595e-05,2.4855612122579866e-05,2.3906483348400798e-05
4316,2.6207860735464943e-05,1.8849343614419923e-05,2.487221820637286e-05,2.3973204004869332e-05
4317,2.4544395936471927e-05,3.338965216244105e-05,2.485464087213687e-05,2.418143814429641e-05
4318,2.2807658759928826e-05,1.801943766622571e-05,2.4880327519106988e-05,2.633405935339397e-05
4319,2.5030973148305848e-05,4.477976690395735e-05,2.5030866473389328e-05,2.6885464051156308e-05
4320,2.3916627853597877e-05,1.6865084071469027e-05,2.5372294182630466e-05,2.75366794274305e-05
4321,3.033149298264309e-05,1.6113700839923696e-05,2.550179446471804e-05,2.673077543731779e-05
4322,2.905134994863248e-05,3.895151778124273e-05,2.5326283318119956e-05,2.6774285467399754e-05
4323,2.5686947628855707e-05,2.240742956928443e-05,2.5261422789157634e-05,2.6592752482974906e-05
4324,2.641677360871755e-05,2.8949503757758066e-05,2.513420267641778e-05,2.647378495748853e-05
4325,2.5358831606152105e-05,4.739708048873581e-05,2.4719404281576225e-05,2.6217037279275248e-05
4326,2.2626262353797856e-05,1.5181124254013412e-05,2.5029287910567498e-05,2.615354451991152e-05
4327,2.4995725361804943e-05,2.1174506546230987e-05,2.5027855840744454e-05,2.635102161730174e-05
4328,2.43201990896422e-05,1.6429402712674346e-05,2.5020155219600486e-05,2.6646230524056592e-05
4329,2.2036121485547886e-05,2.2749958261556458e-05,2.5046629087753702e-05,2.6724910589109642e-05
4330,2.276562506368565e-05,6.926679401658475e-05,2.4870046431573834e-05,2.7903200699074663e-05
4331,2.9169513881141837e-05,3.5343430645298214e-05,2.515134970049581e-05,2.843408867774997e-05
4332,3.144016670881279e-05,3.363017734955065e-05,2.511054517704502e-05,2.7336846113030334e-05
4333,2.2961164678337e-05,1.4442356296058278e-05,2.5055304021225312e-05,2.7382808900438253e-05
4334,1.9240422516304535e-05,1.6682409950590226e-05,2.4708753929977928e-05,2.8040870151016863e-05
4335,2.0594410177889385e-05,1.6799614568299147e-05,2.4607390221596386e-05,2.734750369563699e-05
4336,2.820175366650801e-05,1.7971267880056985e-05,2.4816772597195165e-05,2.71825089424965e-05
4337,2.0772444254867475e-05,2.2557621014129837e-05,2.4693063604839456e-05,2.6624494008137845e-05
4338,2.9997010836571767e-05,2.0200279977871104e-05,2.462614662039818e-05,2.5343288714066148e-05
4339,2.3031750258976697e-05,2.88465842459118e-05,2.4780444772720024e-05,2.5519111982430328e-05
4340,2.3998397947353726e-05,2.915771852713078e-05,2.4787175300298256e-05,2.5750194935244507e-05
4341,2.6869707439295275e-05,2.081634524074616e-05,2.467042730665223e-05,2.5704553717514497e-05
4342,2.0129829531975296e-05,6.284690491156652e-05,2.476533669800524e-05,2.686393477633828e-05
4343,2.9840240482978212e-05,3.1291637133108454e-05,2.505871396117274e-05,2.470883637870429e-05
4344,2.4010860062036146e-05,1.7348702785966453e-05,2.500249069125857e-05,2.8867504808295053e-05
4345,2.253559895810516e-05,1.8014153756666928e-05,2.4804166910568407e-05,2.8100556494609917e-05
4346,2.166774070145847e-05,3.2565232104388996e-05,2.4861980688324867e-05,2.8252486350538672e-05
4347,2.6517257239093952e-05,2.161735639674589e-05,2.4871425997601665e-05,2.921401500643697e-05
4348,3.0921507018825244e-05,1.828256074077217e-05,2.5079007980982877e-05,3.056344132492086e-05
4349,2.3324048799824796e-05,1.4999130398791748e-05,2.5050241512346677e-05,3.159755277592921e-05
4350,2.3685906995120198e-05,1.5366948136943393e-05,2.505351542891326e-05,3.1414247205248094e-05
4351,2.648371616184401e-05,1.9576705963118e-05,2.476387096321559e-05,3.365437648026273e-05
4352,2.5163988551260747e-05,2.6951580366585404e-05,2.4960017168632477e-05,3.313552083855029e-05
4353,2.140149924849134e-05,1.5288372269424143e-05,2.4784614924687452e-05,3.2661551376804706e-05
4354,2.4408856269373146e-05,5.1734484732151034e-05,2.477565089074132e-05,3.332205148617504e-05
4355,3.010005664287342e-05,1.5389334075734952e-05,2.5029238430417737e-05,3.144714361114893e-05
4356,2.7763932133287503e-05,0.00013931014138506725,2.4767570855086287e-05,3.1150591616460586e-05
4357,2.6482072191558675e-05,1.4456469507422298e-05,2.4794001490469478e-05,3.3162414835533124e-05
4358,2.4406509122248585e-05,1.8240602694277187e-05,2.483427223430934e-05,3.5296615137485785e-05
4359,1.9476555248224434e-05,4.0720626348047514e-05,2.5209148869180355e-05,3.469371615938144e-05
4360,2.5783959762419625e-05,5.053527253039647e-05,2.537070794278407e-05,3.460963887337129e-05
4361,2.7482591950603012e-05,4.382405415526591e-05,2.526475798569866e-05,3.4546119473816356e-05
4362,2.0854292169032204e-05,1.7974981747101994e-05,2.5107971810131054e-05,3.4763677377486593e-05
4363,2.275589919413e-05,7.62035118532367e-05,2.51911946115595e-05,3.513341138313989e-05
4364,2.793540539439871e-05,1.5875193203100934e-05,2.5115680755455597e-05,3.5115083486016364e-05
4365,1.9613341848728144e-05,1.730848198349122e-05,2.4929028916893814e-05,3.5010676099045664e-05
4366,2.664560659064187e-05,3.732884797500446e-05,2.523007490373049e-05,3.50668903440237e-05
4367,2.646951802388584e-05,1.5974208035913762e-05,2.5304295876331814e-05,3.418054888898041e-05
4368,2.32985510996918e-05,2.387783726589987e-05,2.499362498145072e-05,3.413463046890683e-05
4369,2.467162594661608e-05,6.764428326277994e-05,2.475059207798849e-05,2.974196917202789e-05
4370,2.3542367554101574e-05,7.136916130548343e-05,2.4672278309056617e-05,3.0343936852295883e-05
4371,3.103965657323392e-05,1.7492757651780268e-05,2.4772187170634022e-05,3.442252842505695e-05
4372,3.0556234079186756e-05,1.951542424649233e-05,2.533103910932874e-05,3.508029245858779e-05
4373,2.8272758091689968e-05,1.669457575189881e-05,2.5407061884551593e-05,3.3689932771085295e-05
4374,1.940439441063467e-05,2.0438077990547753e-05,2.5162116553595602e-05,3.254949655383826e-05
4375,2.5766477030831286e-05,2.4610298278275878e-05,2.517970874840911e-05,3.2428955336217776e-05
4376,2.4595869759246447e-05,1.9118508535029833e-05,2.5198598053409823e-05,3.0104641454818195e-05
4377,2.049769258721628e-05,2.4341395692317748e-05,2.4960566569966935e-05,3.014258927287301e-05
4378,2.8927648919408157e-05,1.6693728393875063e-05,2.5022249962785275e-05,3.0053673514339608e-05
4379,2.6264380584406253e-05,2.9575948356068694e-05,2.4754752780912282e-05,2.933656624663854e-05
4380,2.2333284270846183e-05,1.4241373573895544e-05,2.480576225886276e-05,2.929188842972508e-05
4381,2.168810954673164e-05,2.949360896309372e-05,2.4986516262449885e-05,2.9243869503261524e-05
4382,2.4524227968261887e-05,2.950566151412204e-05,2.509116546102127e-05,2.7184296055929737e-05
4383,2.690423066168377e-05,0.00012020539201330393,2.5645882107750772e-05,2.489930068550166e-05
4384,3.344785371559232e-05,5.716472718631849e-05,2.5355073920379966e-05,2.5386847612389833e-05
4385,2.768452914299107e-05,1.577628034283407e-05,2.5099161869729878e-05,2.581301624013577e-05
4386,2.135895867670317e-05,1.531314872408984e-05,2.4978172008316818e-05,2.5782118622737475e-05
4387,2.129409703936997e-05,1.4961451306589879e-05,2.5291720866193326e-05,2.57548475114163e-05
4388,2.3228131819147772e-05,1.8095664818247314e-05,2.5192926636858227e-05,2.5348342974029946e-05
4389,2.198461830832659e-05,1.6823888654471374e-05,2.5024173018108642e-05,2.514310204132926e-05
4390,2.1155426669186757e-05,1.5085588020156137e-05,2.5709029794153246e-05,2.488848054781556e-05
4391,1.9958177043817057e-05,1.940116628247779e-05,2.5369380611260168e-05,2.5132642037351614e-05
4392,2.774475497264777e-05,1.4857262613077182e-05,2.500949553052326e-05,2.455204568541376e-05
4393,2.781740118936998e-05,2.267736410431098e-05,2.5069189245469816e-05,2.580677852820372e-05
4394,2.728785591090046e-05,1.6154947079485282e-05,2.5416917654931442e-05,2.5203885795781386e-05
4395,3.7410283722339143e-05,1.4244277044781484e-05,2.5377365565509536e-05,2.503202549414709e-05
4396,2.3769451888963683e-05,2.9681430823984556e-05,2.5084719444243498e-05,2.1460855114855804e-05
4397,2.415843281293443e-05,3.016963994014077e-05,2.4554540289520652e-05,1.979416559042875e-05
4398,2.5248011556363457e-05,1.5922135316941423e-05,2.431651709711231e-05,1.9881883238849695e-05
4399,2.724311585754751e-05,1.9756300207518507e-05,2.4396164367499298e-05,1.9884168608405166e-05
4400,2.3296621297453787e-05,1.4447684843617026e-05,2.4498892337982807e-05,2.0537599675299137e-05
4401,2.0377029290506874e-05,1.3987485217512586e-05,2.4518201730421025e-05,2.0638707518810406e-05
4402,3.7619111988331294e-05,1.797585835447535e-05,2.444933341620426e-05,2.1739608133793807e-05
4403,2.043641934708123e-05,2.2797765632276422e-05,2.454735735348853e-05,2.2407281707273794e-05
4404,1.7267253565983588e-05,1.506103955762228e-05,2.4685031464064706e-05,2.2991631116019563e-05
4405,2.3825627144510185e-05,4.560969464364462e-05,2.4622736720064297e-05,2.3959502416255418e-05
4406,3.0381319783272273e-05,1.442129065253539e-05,2.4546678061111987e-05,2.515774231142132e-05
4407,2.3535425732714226e-05,2.520915397326462e-05,2.455364437660642e-05,2.531595872860635e-05
4408,1.9588077630032786e-05,3.092613253102172e-05,2.4003422245085756e-05,2.5448358440189626e-05
4409,2.0193374847521127e-05,1.549748907564208e-05,2.4185618262304667e-05,2.494890351081267e-05
4410,2.1733949332782585e-05,1.7969221553357783e-05,2.4077445105326156e-05,2.646291812998243e-05
4411,2.3350140436377844e-05,1.537028296297649e-05,2.420814481043231e-05,2.6720894985191994e-05
4412,2.3862296301457616e-05,3.129722797893919e-05,2.4028521814357695e-05,2.6775485154939816e-05
4413,2.3710866630103233e-05,2.062336090602912e-05,2.3966473398549067e-05,2.686103777523385e-05
4414,2.0262910452907412e-05,4.434640402905643e-05,2.419979349554827e-05,2.697104190301616e-05
4415,2.3606025101293603e-05,3.177742735715583e-05,2.372406082172852e-05,2.720517081907019e-05
4416,2.3400029808221412e-05,3.400990150112193e-05,2.3740301061964905e-05,2.7115181929548273e-05
4417,2.6187386372637574e-05,3.905404511897359e-05,2.3865380268640974e-05,2.788205322722206e-05
4418,2.5915934715562294e-05,5.263336148345843e-05,2.3834502124777324e-05,2.843963750201511e-05
4419,2.746201379826137e-05,2.0110357509111056e-05,2.355579531997339e-05,3.12775685597444e-05
4420,2.365473043432252e-05,1.7554269834363368e-05,2.3717044548862358e-05,3.091031142394059e-05
4421,2.8324352319436407e-05,1.719505758956075e-05,2.3686325595998723e-05,3.0429864168399948e-05
4422,2.1454103888471663e-05,6.802000541938468e-05,2.3790046536143768e-05,3.0403827263216954e-05
4423,2.851550418401732e-05,2.2371556697180494e-05,2.371550385319602e-05,3.0297233532473912e-05
4424,2.275254095568218e-05,2.112105445121415e-05,2.350357184332097e-05,3.0418648986960762e-05
4425,2.174541090223809e-05,1.658650035096798e-05,2.3447551392827235e-05,3.0123415155685504e-05
4426,2.621003171548687e-05,1.673758841207018e-05,2.3617158476392637e-05,3.074967765714973e-05
4427,2.5725795142837646e-05,2.382908125582617e-05,2.3740519459614815e-05,3.0456650812993752e-05
4428,2.0842425352990783e-05,2.0548043394228444e-05,2.3526439489554227e-05,3.0290996140683995e-05
4429,2.039423373288527e-05,3.423282199946698e-05,2.37782608758102e-05,2.953840696573024e-05
4430,2.305367354791896e-05,5.954930151347071e-05,2.379241356037609e-05,2.972761397104477e-05
4431,2.3413649663173905e-05,8.536956709576771e-05,2.3752912641308896e-05,2.8245525636884846e-05
4432,2.7566656454938412e-05,1.602772557816934e-05,2.36704706890224e-05,2.8508148870605505e-05
4433,1.8820103808441975e-05,1.891495114250574e-05,2.3511063032330846e-05,2.8548342578869774e-05
4434,2.2786398351147202e-05,1.48465664460673e-05,2.339634241604169e-05,2.8907406308280765e-05
4435,1.987038225908893e-05,1.5304378284781705e-05,2.361308366412737e-05,2.6871631960966617e-05
4436,1.805184018950159e-05,1.8405669325147757e-05,2.3301505261527688e-05,2.661949160101357e-05
4437,2.2461785039114248e-05,2.391638219705783e-05,2.326634975082319e-05,2.666749095369595e-05
4438,2.795104371923824e-05,3.6279923442634754e-05,2.4176050676517965e-05,2.7990554593270635e-05
4439,2.3346935033461905e-05,3.702073292515706e-05,2.4051891334683105e-05,2.7967672591330482e-05
4440,1.825402584977888e-05,2.7636060549411924e-05,2.384726591129341e-05,2.8365495215984986e-05
4441,2.9695564464620678e-05,1.5195172127278056e-05,2.3816548317740347e-05,2.8109082565060808e-05
4442,2.654120348678488e-05,4.3784220251836815e-05,2.3802172212769317e-05,2.9495445883367203e-05
4443,2.4928411738882358e-05,1.558115312946029e-05,2.417020009318852e-05,2.766035334934713e-05
4444,2.5400964991098995e-05,2.6675938352127558e-05,2.4255183200673653e-05,2.7463865683239415e-05
4445,1.966953901703366e-05,1.855911254097009e-05,2.4070164856473438e-05,2.7529421159124465e-05
4446,2.5456336912207512e-05,2.6171650824835523e-05,2.412689442034106e-05,2.7418497271719388e-05
4447,2.6872635090613687e-05,1.712564673653105e-05,2.4136341595981828e-05,2.7581310948880857e-05
4448,2.072604411902527e-05,1.606804769835435e-05,2.437637348108789e-05,2.793183218454942e-05
4449,2.1873653188069712e-05,2.2321038268273697e-05,2.4760446066041668e-05,2.8860737319337206e-05
4450,4.448793404460755e-05,4.9663091340335085e-05,2.4780031560456136e-05,2.86087399115786e-05
4451,2.3106048169615356e-05,1.6165538363566155e-05,2.4656100845742106e-05,2.8120324941119183e-05
4452,2.0610159558095297e-05,3.37746468721889e-05,2.4592167530701972e-05,2.7871466553187934e-05
4453,2.007448551416423e-05,1.4137727121124044e-05,2.4659726636996815e-05,2.7634122491872406e-05
4454,2.0034831108609473e-05,6.889190495712683e-05,2.4575534854092335e-05,2.832814309222158e-05
4455,3.225437055839898e-05,1.3671988162968774e-05,2.459879823343524e-05,2.7532061564852486e-05
4456,2.55382273503023e-05,8.045737544307486e-05,2.4639796270033304e-05,2.799535576777998e-05
4457,2.2941197849933007e-05,1.766661247529555e-05,2.451293367957987e-05,2.9155353456735615e-05
4458,2.0238342905132513e-05,1.6141853957378772e-05,2.4795702536236297e-05,2.9520218224206475e-05
4459,2.3022577742166402e-05,1.8916908375103957e-05,2.473762897494048e-05,2.9077846455038524e-05
4460,2.587117938674055e-05,2.4067409176495856e-05,2.445818461940992e-05,2.959730248694541e-05
4461,2.765365481334609e-05,4.162829769484233e-05,2.458485097081898e-05,2.9666503010957966e-05
4462,2.2951422399475834e-05,1.7616447003092617e-05,2.45738769875364e-05,2.936591242614668e-05
4463,2.4852775851387478e-05,2.406954918114934e-05,2.3601150759794917e-05,2.9187918468960562e-05
4464,2.1748602157458664e-05,3.079927322687581e-05,2.3696502795549653e-05,2.9147477001242803e-05
4465,1.9943003507149922e-05,2.170245901652379e-05,2.3716664918902098e-05,3.040794827538775e-05
4466,2.7590769892008715e-05,3.254568713600747e-05,2.3730087714971484e-05,3.0379896757949607e-05
4467,2.7122787970357524e-05,2.388218206760939e-05,2.411750226318772e-05,2.8539792212541213e-05
4468,2.5953362653833918e-05,2.716350820264779e-05,2.3866709618677206e-05,3.0538412487658205e-05
4469,2.2229400229763187e-05,5.567588057601824e-05,2.358088523655574e-05,2.8089641510450746e-05
4470,2.673876043344434e-05,2.7680731727741657e-05,2.3738720286443522e-05,2.8560501711035612e-05
4471,2.4004497879812132e-05,1.5112356595636812e-05,2.3992915665763173e-05,3.0223410253529436e-05
4472,1.9886526202349664e-05,3.0112047534203155e-05,2.4171358254615274e-05,3.0094283400103447e-05
4473,2.3892702904251766e-05,1.7798060798668303e-05,2.4111346369803265e-05,3.0176224611932413e-05
4474,2.1599303606005073e-05,1.4806273647991474e-05,2.3951121789771913e-05,2.968014215875883e-05
4475,2.0169778351070516e-05,4.521324241068214e-05,2.4062986943156128e-05,2.9734270440530962e-05
4476,2.548984906348374e-05,1.5154501670622268e-05,2.4174365193903217e-05,2.9452614003093918e-05
4477,2.1114212641906407e-05,6.528642872581258e-05,2.416293256497334e-05,2.913173187407666e-05
4478,2.0410055415898872e-05,1.3436439185170456e-05,2.420784272924519e-05,2.984781010745792e-05
4479,2.9720194814015282e-05,2.2889291321916972e-05,2.4150215442205086e-05,2.918527892325074e-05
4480,2.59845544456362e-05,6.363749504089356e-05,2.4173464671750683e-05,2.884283573075664e-05
4481,1.8392617797265605e-05,1.9238101012888366e-05,2.399185807549252e-05,2.9450538591481748e-05
4482,2.6887074097127575e-05,2.9438117489917204e-05,2.395528655704563e-05,2.7858268885756847e-05
4483,2.6593227388123827e-05,5.771456751972437e-05,2.3687285856754495e-05,2.7611015355796553e-05
4484,2.7483642463468843e-05,1.5688737039454282e-05,2.37025451997599e-05,2.8065632017387545e-05
4485,2.4370882266440378e-05,2.6115939472219908e-05,2.401139819711615e-05,2.74784842869849e-05
4486,2.3648040312562243e-05,2.92262363655027e-05,2.401772379097464e-05,2.8049579310754785e-05
4487,2.574805123408118e-05,1.8969654047396033e-05,2.4329642508382676e-05,2.8359846011153427e-05
4488,2.763723212006476e-05,1.702813824522309e-05,2.4349709924637055e-05,2.710291291150498e-05
4489,2.146278643421182e-05,2.277722000144422e-05,2.404262721643641e-05,2.7624336075678007e-05
4490,2.106575761394601e-05,3.960441485105548e-05,2.395746559656497e-05,2.5638263451401148e-05
4491,2.6150087716006156e-05,1.5982407530827915e-05,2.386224884386239e-05,2.6388929784297947e-05
4492,2.770401870899756e-05,1.5321102255256845e-05,2.3614239085145526e-05,2.6047027307504324e-05
4493,2.1413197747379957e-05,4.2356079720775594e-05,2.346018298841146e-05,2.4051268113544215e-05
4494,2.1315112268590988e-05,1.5869137932895682e-05,2.3438418920462333e-05,2.3865232168463995e-05
4495,2.003874292616577e-05,2.149939347873442e-05,2.350043020883782e-05,2.341989595879568e-05
4496,2.438598145494729e-05,2.6477773135411554e-05,2.3278273470027164e-05,2.314362048491603e-05
4497,2.7607851136255905e-05,1.5433354274136946e-05,2.3142204020000966e-05,2.357356708525913e-05
4498,2.4050842750714058e-05,3.2075436392915436e-05,2.3344253497473093e-05,2.3227498504274992e-05
4499,2.939727154120596e-05,2.256294115795754e-05,2.3233487657125804e-05,2.264161739003612e-05
4500,2.0671463757429996e-05,1.3789914919470903e-05,2.3160327354222924e-05,2.4446159454237208e-05
4501,1.781278135846757e-05,2.8190080774948002e-05,2.31747441347074e-05,2.447513126098784e-05
4502,1.8985172145120385e-05,1.563461311889114e-05,2.3185887276405186e-05,2.42954676374211e-05
4503,1.802963659833444e-05,3.2203097507590425e-05,2.3182808789473104e-05,2.3279586620628835e-05
4504,2.3519950846093708e-05,1.4341729402076453e-05,2.288230645313484e-05,2.3378250663517976e-05
4505,2.213315202728457e-05,1.3743515191890765e-05,2.2695036167392068e-05,2.3421071330085398e-05
4506,1.7848516098537302e-05,1.4587202385882848e-05,2.283424721770441e-05,2.2570164568605836e-05
4507,2.8437356306514833e-05,1.83047122482094e-05,2.3092410279867987e-05,2.6030085980892185e-05
4508,2.1039308917857447e-05,5.080768067273311e-05,2.337220023481576e-05,2.5829237638390627e-05
4509,2.4081906212813918e-05,2.64374020480318e-05,2.336898933725832e-05,2.5547064372221947e-05
4510,2.942211920324351e-05,1.7464224947616457e-05,2.3093365402261645e-05,2.5687683685100642e-05
4511,2.0878894303880064e-05,1.4579208509530871e-05,2.30113209812973e-05,2.5052119458268862e-05
4512,2.3919043661509123e-05,6.408320565242321e-05,2.2634227304742025e-05,2.4751247557287574e-05
4513,2.7997651632176712e-05,1.775243341398891e-05,2.25974943445989e-05,2.5146392249735076e-05
4514,2.1741364976656364e-05,1.828562941227574e-05,2.3021950029376764e-05,2.5620019860798497e-05
4515,2.0988795440644026e-05,1.4207389431248885e-05,2.3143179104065185e-05,2.576953010866419e-05
4516,1.863752930754951e-05,1.8449008603056427e-05,2.3268590847874294e-05,2.5161040505918215e-05
4517,2.302226156542828e-05,1.639161891944241e-05,2.3406195043692906e-05,2.5167929106100935e-05
4518,2.4893474005188585e-05,2.1083410683786496e-05,2.357999890914976e-05,2.5338167432346393e-05
4519,2.776918882268041e-05,0.0001023671732400544,2.378235123712026e-05,2.545134284591769e-05
4520,2.7033491799860107e-05,1.647818491619546e-05,2.3416214678420352e-05,2.5777687555819293e-05
4521,2.4305709016011357e-05,1.942344148119446e-05,2.3297269272168505e-05,2.4633453202841347e-05
4522,2.0717252761338994e-05,1.8948837096104397e-05,2.3424698576289102e-05,2.536549148062478e-05
4523,2.1999732226605474e-05,1.6186330722121056e-05,2.322655594495397e-05,2.5442931284487723e-05
4524,1.9969929627323937e-05,1.5041143633425236e-05,2.3082442578177306e-05,2.677804107806879e-05
4525,1.9753139753851834e-05,2.3668532230658455e-05,2.3166282525037082e-05,2.491481032775483e-05
4526,2.8424173477914235e-05,4.003077105153352e-05,2.3017113471723862e-05,2.495083322137362e-05
4527,2.201589901233092e-05,1.9372369315533433e-05,2.3769556486109247e-05,2.5213722106127542e-05
4528,2.1164930193562112e-05,1.699085743894102e-05,2.4120552039837805e-05,2.6005167062976404e-05
4529,2.6960055741559093e-05,1.4513944406644442e-05,2.429272639686436e-05,2.7667480990930934e-05
4530,2.6478248663705827e-05,1.7999473348027094e-05,2.4153793287971188e-05,2.767146406113171e-05
4531,2.2907324297799883e-05,1.74165877251653e-05,2.4036050941423228e-05,2.7560608129715554e-05
4532,1.9283942339017004e-05,2.6463329995749517e-05,2.3733753588829944e-05,2.4046398035716268e-05
4533,1.8065673761561307e-05,2.2201821848284454e-05,2.379150044992761e-05,2.51754457334755e-05
4534,2.7267638815828833e-05,4.473835899261758e-05,2.3703109319467334e-05,2.5000669805740472e-05
4535,2.4468553419865202e-05,1.9400220044190064e-05,2.3893692226152382e-05,2.5164180326100906e-05
4536,1.7276060134463478e-05,4.795695334905759e-05,2.3877796183983775e-05,2.5737662633764558e-05
4537,2.6015042333003494e-05,1.75024368945742e-05,2.382834858734795e-05,2.6251846572267827e-05
4538,2.426842529934624e-05,1.8653005754458717e-05,2.3949277072501397e-05,2.590528361470206e-05
4539,4.0552440336291004e-05,2.4857851531123743e-05,2.3651845884726048e-05,2.507782339671394e-05
4540,2.9763684283857905e-05,3.3993513352470475e-05,2.4039248257031433e-05,2.49019373106421e-05
4541,2.2941888233213427e-05,6.0006856801919636e-05,2.3996794695509985e-05,2.5273032719269392e-05
4542,1.9548933843098996e-05,1.6491195674461777e-05,2.4110515803153652e-05,2.599624520516954e-05
4543,2.194991534148964e-05,1.8312012398382648e-05,2.399796388449936e-05,2.6487954641925175e-05
4544,2.0211755007848196e-05,1.451192089007236e-05,2.398199316238687e-05,2.6446170517010614e-05
4545,2.8477163327301647e-05,4.4704377360176294e-05,2.4069527968256607e-05,2.6056320397765376e-05
4546,2.209593075450458e-05,1.5054043287818786e-05,2.4261921027452148e-05,2.5852273392956703e-05
4547,2.5481825428465124e-05,2.3036600105115212e-05,2.4311041307131142e-05,2.4599344136368016e-05
4548,2.1602331172390324e-05,3.052338841371238e-05,2.428794427170134e-05,2.4558687298849694e-05
4549,1.873373971142832e-05,2.789574209600687e-05,2.4748465904364518e-05,2.461330484511564e-05
4550,2.277635188268808e-05,1.500445829151431e-05,2.4646239665323975e-05,2.4588527843297926e-05
4551,2.098839378353053e-05,1.9344265601830558e-05,2.4765903767385885e-05,2.443759248853894e-05
4552,3.170095831996554e-05,1.4975217163737398e-05,2.400457036047657e-05,2.4341224481759125e-05
4553,2.010359115552597e-05,2.6268242654623462e-05,2.3627305732063383e-05,2.4690735455078537e-05
4554,2.980308343265076e-05,3.259425655414816e-05,2.369206067006518e-05,2.4291838186036327e-05
4555,2.366445069734861e-05,3.029220926691778e-05,2.381560060247365e-05,2.4310727874399164e-05
4556,2.2508056244987528e-05,1.6371984602301383e-05,2.3752346639230384e-05,2.5125874736113473e-05
4557,2.147231248576039e-05,1.6717077014618552e-05,2.3815033699550744e-05,2.613687268749345e-05
4558,2.2875500241449725e-05,1.710064672806766e-05,2.356483154136286e-05,2.53724026522832e-05
4559,2.8495645807803763e-05,1.341512757790042e-05,2.3711527566532212e-05,2.727902886545053e-05
4560,2.3891127534120138e-05,1.838379910623189e-05,2.3671468819520664e-05,2.700828073575395e-05
4561,2.8789100951043008e-05,4.932239200570621e-05,2.375111644109388e-05,2.638266741560074e-05
4562,2.345938635698985e-05,1.6883011849131435e-05,2.376221203343852e-05,2.613090497761732e-05
4563,2.7260027850893998e-05,1.4879621885484084e-05,2.3687491569580748e-05,2.6901145855663348e-05
4564,2.1519105163558077e-05,2.2448651361628435e-05,2.4167551537700802e-05,2.7312119069392796e-05
4565,2.033206857352828e-05,4.2731287685455754e-05,2.3990064236810823e-05,2.7242380419920663e-05
4566,2.456076168325833e-05,5.0034425075864416e-05,2.392021793906073e-05,2.673853267770028e-05
4567,2.2637432153310834e-05,1.6963437883532605e-05,2.341463375075061e-05,2.6059424386767206e-05
4568,2.0368566260407937e-05,3.8690683941240425e-05,2.338985360701271e-05,2.6028069916355893e-05
4569,2.177893151585724e-05,3.978686967457179e-05,2.3512504490645373e-05,2.6262609129480553e-05
4570,2.222210937260469e-05,2.559262647992e-05,2.3681487382742088e-05,2.616662198706763e-05
4571,2.5763331383738356e-05,6.2719698617002e-05,2.3935879152284342e-05,2.8687191031349354e-05
4572,2.448035675317644e-05,1.6267896862700583e-05,2.3754612568154702e-05,2.8816355991875745e-05
4573,2.3593521711720516e-05,1.4883055409882218e-05,2.395873419728661e-05,2.9292360166436992e-05
4574,1.9011129520044454e-05,2.160168114642147e-05,2.3791068036856205e-05,2.8037335498083846e-05
4575,2.0908340286243604e-05,3.4260480242664924e-05,2.3731101536395723e-05,2.7952969740726982e-05
4576,3.298989298653194e-05,2.9618595945066773e-05,2.3404748591080232e-05,2.8341399981582074e-05
4577,2.7263775797716032e-05,1.3231750926934183e-05,2.3447616999732824e-05,2.845661475876113e-05
4578,1.8357433711773612e-05,1.3672049099113793e-05,2.3591853161714322e-05,2.7439494519785506e-05
4579,1.716347872489779e-05,1.5616549280821345e-05,2.3342689272976712e-05,2.621947926236316e-05
4580,2.3044947103901197e-05,2.950834750663489e-05,2.316777676225885e-05,2.703305720060598e-05
4581,2.5574328335804037e-05,2.2235464930417946e-05,2.3139298276914303e-05,2.725525934656616e-05
4582,2.569688478817827e-05,1.4317398454295471e-05,2.3319575530573877e-05,2.6739354530582198e-05
4583,2.923529448000611e-05,8.011487283511087e-05,2.3088513700834783e-05,2.632332323119044e-05
4584,2.3963981204562717e-05,1.664425159106031e-05,2.305755735934427e-05,2.5202795892255374e-05
4585,2.899416826241779e-05,3.0283903470262885e-05,2.3230246343559375e-05,2.5120274114306076e-05
4586,2.4597446940283084e-05,1.7946775296877605e-05,2.321074637099324e-05,2.519274712831247e-05
4587,2.1960223845477835e-05,1.4773867915209849e-05,2.33666055801829e-05,2.5625685154227535e-05
4588,1.910120421800659e-05,2.459037790686125e-05,2.3287668468644065e-05,2.47988575749332e-05
4589,2.2590815379872866e-05,2.5329020791104994e-05,2.275771870966612e-05,2.445296228979713e-05
4590,2.393797262306584e-05,1.730328171106521e-05,2.304879881493333e-05,2.445562466309638e-05
4591,1.8331664464818055e-05,1.9534043640305755e-05,2.3213861160426554e-05,2.468771173153072e-05
4592,1.8264619385364412e-05,3.730288633960299e-05,2.3411622382183043e-05,2.4891487488639536e-05
4593,1.9656604126794264e-05,4.424573759024497e-05,2.353431831595824e-05,2.5173847706173545e-05
4594,2.6285862857346527e-05,2.6889249274972825e-05,2.3605822466035736e-05,2.4807812906510658e-05
4595,1.6445563629127314e-05,1.5191843995125964e-05,2.35399014466869e-05,2.627128459134837e-05
4596,2.4989422846475564e-05,3.470651514362544e-05,2.3210251263582094e-05,2.3970947526686357e-05
4597,2.879758135855405e-05,1.4204852413968183e-05,2.3197415848618315e-05,2.4651453497062902e-05
4598,2.3106022397567157e-05,1.6694880760041996e-05,2.3019186379113106e-05,2.4693831741751636e-05
4599,2.2907609749785883e-05,3.2425131794298066e-05,2.2934919270321388e-05,2.5449833032325842e-05
4600,1.8934912497772732e-05,1.3589790760306642e-05,2.2982630185449832e-05,2.5372210644127338e-05
4601,1.9741149012083447e-05,2.0971213816665114e-05,2.3150973539951437e-05,2.4976876382424963e-05
4602,3.454077842939619e-05,1.3298310259415302e-05,2.332540049206323e-05,2.5442883813229855e-05
4603,2.248399234910418e-05,1.9474225809972267e-05,2.3152425924733204e-05,2.5915530663041865e-05
4604,2.2107509268809937e-05,2.071094320854172e-05,2.3340579858874357e-05,2.5921793447923847e-05
4605,2.6112345448281203e-05,3.656735294498503e-05,2.3488455737646693e-05,2.5477873318595812e-05
4606,2.736193208774138e-05,1.3084594938845839e-05,2.350004512336454e-05,2.428351381822722e-05
4607,2.404885930445744e-05,5.0904190575238315e-05,2.348381636814641e-05,2.4126563225581776e-05
4608,2.0994039902385947e-05,2.260644621856045e-05,2.3754272388517466e-05,2.4571198523335628e-05
4609,2.3643095830468358e-05,3.3656900850473906e-05,2.3607914052990957e-05,2.3951076793309767e-05
4610,2.4538431524787384e-05,3.1343359587481246e-05,2.370315724523e-05,2.398941505962284e-05
4611,2.2490769220490215e-05,3.684680756123271e-05,2.3588528052156707e-05,2.405372850189451e-05
4612,2.315299672368888e-05,1.2833308210247196e-05,2.351804956035468e-05,2.390002734318841e-05
4613,2.3309788080546747e-05,1.4707021364301909e-05,2.3606521859296157e-05,2.3904969186696688e-05
4614,2.6951489182667704e-05,3.697920656122733e-05,2.386375069561634e-05,2.3727935778151733e-05
4615,1.9613608439815126e-05,2.9119452956365422e-05,2.3417550095715947e-05,2.392976055270992e-05
4616,2.303551281834694e-05,1.9690613262355326e-05,2.3243429603543414e-05,2.377952587266918e-05
4617,2.1961516354672817e-05,2.620488310640212e-05,2.32083804128504e-05,2.352647428633645e-05
4618,1.9946338769740476e-05,1.4386750081030186e-05,2.3096386915211852e-05,2.3836521481280216e-05
4619,2.5880143976893223e-05,2.2965484458836726e-05,2.2935377304141485e-05,2.4216471608087885e-05
4620,2.320696413840374e-05,2.630772643897217e-05,2.3120261152426892e-05,2.2702165495138617e-05
4621,2.1330464458312943e-05,1.9203471892978997e-05,2.325791279072291e-05,2.3679745322442613e-05
4622,3.117866116453014e-05,1.5163309071795084e-05,2.309522457176677e-05,2.4897883634548635e-05
4623,2.024029257073481e-05,1.830271681683371e-05,2.3108939616617534e-05,2.4154579878086225e-05
4624,2.1145647454735203e-05,2.8582602826645598e-05,2.3186928019438508e-05,2.3688901396235452e-05
4625,2.114671997130952e-05,1.3713336848013569e-05,2.2977314673658435e-05,2.4032240161614025e-05
4626,2.6171869920088083e-05,1.6545378603041172e-05,2.2839759687728173e-05,2.4734484861255625e-05
4627,2.3385763431886316e-05,1.834392962337006e-05,2.260638597355056e-05,2.412483271909878e-05
4628,1.8130980044790907e-05,1.5718358808953782e-05,2.2727377735120375e-05,2.3555513704195624e-05
4629,2.12312795014845e-05,1.4384653550223447e-05,2.2983662123523476e-05,2.3376927855133547e-05
4630,2.331250800731747e-05,4.431853281857911e-05,2.2925291426508923e-05,2.2836863037082368e-05
4631,2.3336691810982302e-05,2.2583348109037615e-05,2.287671080501039e-05,2.2993430956557863e-05
4632,2.8670955511592586e-05,1.304653775150655e-05,2.276385367157572e-05,2.338186953420518e-05
4633,2.4435330859786416e-05,4.70459419011604e-05,2.2812813982778205e-05,2.3031207341409755e-05
4634,1.9575890356564844e-05,6.411035865312442e-05,2.2746174212160342e-05,2.314421073970152e-05
4635,2.4881307646056587e-05,1.2760765675920993e-05,2.249197482960881e-05,2.400873199949274e-05
4636,2.4440479291014425e-05,2.520484551496338e-05,2.276563008838114e-05,2.396242441027425e-05
4637,1.791266307918704e-05,2.141677734471159e-05,2.278328543252428e-05,2.346822783729294e-05
4638,1.9870913432290158e-05,3.226313885534182e-05,2.2827470180264853e-05,2.3422651398868765e-05
4639,2.111714632822744e-05,2.173790300730616e-05,2.2608140547607845e-05,2.352197234868072e-05
4640,2.263840247906046e-05,1.4886477583786472e-05,2.2375738145476337e-05,2.4829869516543113e-05
4641,2.9442622528424383e-05,1.5225967035803479e-05,2.2377730270495197e-05,2.5268500107631552e-05
4642,2.0502248929309038e-05,1.2703262655122671e-05,2.239806287163649e-05,2.5320279556035532e-05
4643,1.873182323227714e-05,1.8300948067917488e-05,2.227570021617188e-05,2.409945740510011e-05
4644,2.3058715641026438e-05,3.267644890001975e-05,2.2028096862373384e-05,2.395251232373994e-05
4645,2.443097191846593e-05,1.7541171619086526e-05,2.1870399758740354e-05,2.4083898116077764e-05
4646,1.966447019286635e-05,2.202855685027316e-05,2.221553844339926e-05,2.465652208629763e-05
4647,2.4823676600741843e-05,3.6776340566575526e-05,2.252940201069578e-05,2.3230382170004308e-05
4648,2.708167404004295e-05,1.7145027086371556e-05,2.2436569918338342e-05,2.3376504157204185e-05
4649,2.1587031058313895e-05,1.622768850211287e-05,2.2274742892396824e-05,2.2968749093706723e-05
4650,2.2251338664823884e-05,1.2573925887409133e-05,2.2237877856241544e-05,2.457521041069413e-05
4651,2.068862910366281e-05,1.9028402348340024e-05,2.2499553468919153e-05,2.401579540310195e-05
4652,1.7575703378598618e-05,5.1041358819929886e-05,2.2496933776387274e-05,2.4016086332267153e-05
4653,1.8180783170262456e-05,2.6684123586164788e-05,2.245032914668425e-05,2.4048404472705445e-05
4654,2.1739594530016702e-05,1.567913976032287e-05,2.2115281918053773e-05,2.5148343609180304e-05
4655,2.0253441620702183e-05,1.3797979045193643e-05,2.2309108666053765e-05,2.6002479238377423e-05
4656,1.714660796601998e-05,1.8909721075033303e-05,2.2446890033218853e-05,2.6646686247840992e-05
4657,2.472852792076689e-05,1.633118255995214e-05,2.2542926035304033e-05,2.7083621102792676e-05
4658,3.306379797625899e-05,6.136154115665704e-05,2.2527766711330817e-05,2.7200957573950292e-05
4659,2.7422479538977818e-05,2.8456860745791347e-05,2.2414056259569607e-05,2.692530946515035e-05
4660,2.2560505337120654e-05,1.6413815355917904e-05,2.234167780956745e-05,2.6310077484231444e-05
4661,2.0394803642476393e-05,1.5010968927526847e-05,2.2126812112724618e-05,2.6238799191196452e-05
4662,1.6991037175305085e-05,6.157831026939675e-05,2.223899586274961e-05,2.6315948947740253e-05
4663,2.6412803749230485e-05,1.827776366553735e-05,2.2144534896425384e-05,2.665874514495954e-05
4664,2.105165401493044e-05,2.1745176236436238e-05,2.214396083953842e-05,2.8243650587683082e-05
4665,2.1473286736484927e-05,1.5694431094743777e-05,2.2840616020645635e-05,2.6809949999733367e-05
4666,2.106644181266246e-05,4.2724445447674955e-05,2.2970395391328364e-05,2.648569913435495e-05
4667,2.5347917629308842e-05,3.4056653385050593e-05,2.290345581212831e-05,2.675791300280253e-05
4668,2.217635741140435e-05,3.4406123304506764e-05,2.287684562955595e-05,2.6986277381365654e-05
4669,2.5459615693155986e-05,4.359982027381193e-05,2.297923595696274e-05,2.687238898943179e-05
4670,2.4051988819135456e-05,2.047458339802688e-05,2.287948256804763e-05,2.6984113999060362e-05
4671,1.6821708898836128e-05,1.5137354130274617e-05,2.246888473495751e-05,2.508384634711548e-05
4672,2.3014215350687868e-05,2.139554104360286e-05,2.2160094855563435e-05,2.453516442183173e-05
4673,2.1710031618972103e-05,1.5363069760496728e-05,2.2348484978606902e-05,2.4906489302520642e-05
4674,2.439162480893881e-05,1.8156432415707967e-05,2.262034481447902e-05,2.4834953705430966e-05
4675,1.9889814506718215e-05,2.1143830817891285e-05,2.272565455504163e-05,2.3552597127854833e-05
4676,2.06742776814887e-05,5.865103841642849e-05,2.286945531272472e-05,2.392151184903924e-05
4677,3.499208290627899e-05,1.5198844121186994e-05,2.282432723950478e-05,2.3614507145248354e-05
4678,2.1425267437330655e-05,1.857785195170436e-05,2.2784778699618375e-05,2.4262784431630284e-05
4679,2.006610505001542e-05,2.2484486471512355e-05,2.2741142734109113e-05,2.3255418882763484e-05
4680,1.9588187056393103e-05,1.9507088509271853e-05,2.256913759596904e-05,2.3473673024273018e-05
4681,1.970636615118969e-05,1.6062511276686566e-05,2.2551125680749663e-05,2.2631541831651707e-05
4682,2.22346931978892e-05,1.912430780066643e-05,2.231742475446986e-05,2.2029782040044673e-05
4683,2.279885214900585e-05,1.3854849858034867e-05,2.2318374252386598e-05,2.171230814710726e-05
4684,1.970273255412596e-05,1.4739812613697722e-05,2.2623806455521845e-05,2.1668731511454102e-05
4685,2.7270258413207355e-05,2.5696937373140828e-05,2.256603519700649e-05,2.1405870832677473e-05
4686,2.7191299539279297e-05,1.3222579000284895e-05,2.2503249721355842e-05,2.137459728546674e-05
4687,1.9623780689370404e-05,2.95193958299933e-05,2.2419413391617128e-05,2.2107914528169207e-05
4688,3.0007822691307713e-05,2.7500631695147604e-05,2.289778142472238e-05,2.226989072369179e-05
4689,1.9923452184432082e-05,1.4070058641664218e-05,2.296225740784495e-05,2.087172613391886e-05
4690,2.0484573239324768e-05,3.190136325429194e-05,2.232505614972777e-05,2.0782803714973855e-05
4691,1.9975542674930896e-05,1.7540306726004928e-05,2.228059708173128e-05,2.0694354810984804e-05
4692,2.1047789175807135e-05,3.951300692278892e-05,2.2314405956745355e-05,2.151356910762843e-05
4693,2.1726059530919882e-05,1.335284348897403e-05,2.249856155734354e-05,2.2091240563895558e-05
4694,1.961709253616088e-05,2.8555825483636e-05,2.2516153043397934e-05,2.239749311265769e-05
4695,2.407572626705385e-05,1.253773607459152e-05,2.2519614550643988e-05,2.2336779026954908e-05
4696,2.445751397721728e-05,1.404793823894579e-05,2.2567104904899477e-05,2.259209269395797e-05
4697,2.1569933887803928e-05,1.4824024074187036e-05,2.2610741305106782e-05,2.3355859871662692e-05
4698,2.0140394727705925e-05,1.4581231080228462e-05,2.2509856978851734e-05,2.2970981213438793e-05
4699,2.2295716565470987e-05,3.64893634832697e-05,2.2229465914198146e-05,2.320737040572567e-05
4700,3.184901533434944e-05,2.5193235705955887e-05,2.257533017634867e-05,2.2992212344252038e-05
4701,2.2286177259552966e-05,2.3696923672105187e-05,2.213546325276386e-05,2.284364417282632e-05
4702,1.9062051453349544e-05,1.2975783647561911e-05,2.2249326027506163e-05,2.401144367759116e-05
4703,2.031379073741846e-05,1.636662935197819e-05,2.2321786840540076e-05,2.3839419736759733e-05
4704,2.091132692536727e-05,4.296484388760291e-05,2.2506725754485366e-05,2.448452083626762e-05
4705,2.419207707134774e-05,3.394887491595e-05,2.2820754168787972e-05,2.3441653809277342e-05
4706,2.0146153302549566e-05,2.371882499573985e-05,2.2737575644148616e-05,2.401010282483185e-05
4707,2.2321230879040538e-05,1.760645565809682e-05,2.2852727939122514e-05,2.3400785708508922e-05
4708,2.3986111005393063e-05,2.02376915331115e-05,2.3073904534329712e-05,2.362583497160813e-05
4709,2.079364255930866e-05,3.3833992056315765e-05,2.273479775192552e-05,2.3708658367104368e-05
4710,2.4748150256831043e-05,1.6074970917543398e-05,2.2582332879958104e-05,2.382550189213362e-05
4711,2.0181522922939622e-05,1.9132308807456866e-05,2.2562151777674442e-05,2.3879119043704127e-05
4712,2.827038724313348e-05,2.414044429315254e-05,2.2558283401303923e-05,2.323498049081536e-05
4713,1.901114960168747e-05,2.378642740950454e-05,2.217527234404568e-05,2.3138800013111907e-05
4714,2.277002155298962e-05,4.326504626078531e-05,2.2044706772188268e-05,2.284383740916383e-05
4715,2.229609356517257e-05,2.7600764733506368e-05,2.253453399551088e-05,2.2976346166979062e-05
4716,2.459901552356314e-05,3.366783421370201e-05,2.2668296218762407e-05,2.3757181946712084e-05
4717,2.8898499533372363e-05,1.3441331248031929e-05,2.2643823352134664e-05,2.2855162911582743e-05
4718,1.9646596414936035e-05,2.7564068877836688e-05,2.2501049042087598e-05,2.2925713646691297e-05
4719,2.249589991050824e-05,1.332289757556282e-05,2.2684885281422695e-05,2.2679004062956668e-05
4720,2.9605141147233856e-05,1.8163967652071734e-05,2.254345546664101e-05,2.2751393562066372e-05
4721,1.597984441711257e-05,1.611852312635165e-05,2.2436615843455208e-05,2.2471100617258346e-05
4722,1.775831208861847e-05,1.7745112199918366e-05,2.2414283399444282e-05,2.2171624282782433e-05
4723,1.9635867170614397e-05,1.5921659869491123e-05,2.2291558704940447e-05,2.3015384578320662e-05
4724,2.2199007156208e-05,2.0385899661050643e-05,2.2707817594992872e-05,2.3422367706371005e-05
4725,2.2273738902893253e-05,2.278872376336949e-05,2.2413116569886265e-05,2.3064580123173073e-05
4726,1.902203796311773e-05,1.632285857340321e-05,2.251870028744128e-05,2.2732379676017444e-05
4727,3.130773203641487e-05,1.6288502592942677e-05,2.248724397286423e-05,2.1518298400042112e-05
4728,2.365784631870661e-05,3.58875238453038e-05,2.240204505352368e-05,2.1249446793808598e-05
4729,2.0299505259673527e-05,2.0414368009369355e-05,2.227897712590574e-05,2.0456297937198542e-05
4730,2.06227193201711e-05,3.571264329366386e-05,2.190667474456455e-05,2.0753730410069693e-05
4731,2.4742059285927097e-05,1.7551085402374156e-05,2.194137332222049e-05,2.0390252167999277e-05
4732,1.878548550949846e-05,1.9416193135839422e-05,2.194116810480611e-05,2.066472102742409e-05
4733,2.1315120425747914e-05,1.3230367912910878e-05,2.160387242870961e-05,2.0508541174058333e-05
4734,2.0235331459035578e-05,2.634708369441796e-05,2.1924548714175922e-05,2.45509262647829e-05
4735,2.1680032894235207e-05,3.716897830599919e-05,2.208666179196573e-05,2.4430570234835613e-05
4736,3.0587995174250356e-05,2.930688700871542e-05,2.2191064557248156e-05,2.4304011931235435e-05
4737,2.090286161546828e-05,1.5195754713204224e-05,2.2212165358117393e-05,2.3987718096759636e-05
4738,2.1650742540562835e-05,1.548141623061383e-05,2.2239715486486805e-05,2.3664694488979877e-05
4739,2.198361368856341e-05,1.291301436140202e-05,2.2509881634323395e-05,2.354958313517273e-05
4740,2.0166120581658712e-05,2.0879474577668587e-05,2.2060415407112387e-05,2.39414853946073e-05
4741,2.152231733311459e-05,1.3839112798450514e-05,2.1987504902386313e-05,2.308468720875681e-05
4742,1.9590939999842603e-05,2.08771430698107e-05,2.183624326911134e-05,2.2838507381675303e-05
4743,2.0514060856334658e-05,1.8477112826076335e-05,2.181682953248835e-05,2.2025671009032524e-05
4744,2.2490769475148732e-05,2.0184619061183184e-05,2.1608769321917657e-05,2.253507151763188e-05
4745,2.1172749244821415e-05,1.4259471317927818e-05,2.1656668162904678e-05,2.2509296447969977e-05
4746,2.3996751553770283e-05,0.00011717815039446577,2.1886152855586258e-05,2.4375017563579605e-05
4747,2.1811139033363563e-05,1.4736211451236158e-05,2.230715619888441e-05,2.4877194766304456e-05
4748,2.224593630267514e-05,1.2757702279486693e-05,2.2128424600426415e-05,2.3884200099564628e-05
4749,2.2726527177938905e-05,1.2478553799155634e-05,2.161827036017914e-05,2.3786788595316464e-05
4750,2.2962492112128528e-05,1.4713133568875491e-05,2.1666345728671226e-05,2.3800416538142604e-05
4751,2.577619165903242e-05,1.3445074728224427e-05,2.1400849468126474e-05,2.3983500392932907e-05
4752,2.0071076356139708e-05,2.6086059078807012e-05,2.1326389331726305e-05,2.409578134829644e-05
4753,2.183508370055481e-05,1.4467569199041464e-05,2.1283966535702347e-05,2.3851318629749588e-05
4754,1.6517964427799192e-05,1.4259872332331724e-05,2.1279364950088264e-05,2.4570490543555937e-05
4755,2.013737590459641e-05,1.5391733977594413e-05,2.1406424468538414e-05,2.4248305628134406e-05
4756,1.9540554021659772e-05,3.028609811735805e-05,2.15475090687202e-05,2.4023083805514036e-05
4757,1.998295653417396e-05,1.8771816394291817e-05,2.1320283942461377e-05,2.4422033577866386e-05
4758,2.7052237742787433e-05,5.9873395803151655e-05,2.1605395856669124e-05,2.4573422991670665e-05
4759,3.0760415041489373e-05,3.890151376253925e-05,2.157100206006564e-05,2.0583776518469675e-05
4760,1.7211742932785355e-05,1.2344111637503374e-05,2.1670074319748287e-05,2.1088096455787302e-05
4761,1.7834139168068456e-05,2.6871599402511492e-05,2.1963187131445417e-05,2.1801639741170212e-05
4762,2.210474582777048e-05,1.5536453283857553e-05,2.1791557788997627e-05,2.191026157379383e-05
4763,1.5013336026944065e-05,2.0058512600371614e-05,2.1726276268115418e-05,2.1870629793556874e-05
4764,2.0122110278559072e-05,1.5720038245490286e-05,2.1341328336469203e-05,2.2266592147934717e-05
4765,1.9105550681059767e-05,1.4767906613997183e-05,2.2020760973747296e-05,2.282564766210271e-05
4766,2.1407277692762567e-05,3.181841064360924e-05,2.2003566909309782e-05,2.2788754642533605e-05
4767,2.276742796109627e-05,1.2822520184272434e-05,2.233105676568811e-05,2.4037100268469655e-05
4768,2.404117586087927e-05,1.2846567260567099e-05,2.2428582819864252e-05,2.4021339802129664e-05
4769,1.6810141318678185e-05,3.0158363369992002e-05,2.2322385725662264e-05,2.3499401022854728e-05
4770,2.8300547100015038e-05,1.8044206663034856e-05,2.2399213953596898e-05,2.45137123260065e-05
4771,2.3136906638683285e-05,1.743698856444098e-05,2.2072197595682355e-05,2.3715644153708125e-05
4772,2.4287945525429677e-05,2.734420988417696e-05,2.169288184959441e-05,2.3716916995181233e-05
4773,2.957375659510338e-05,3.059628441405948e-05,2.191928577311854e-05,2.3733114934293553e-05
4774,1.8435793616744277e-05,1.5194099614745937e-05,2.1907149352288494e-05,2.349367888527922e-05
4775,2.1330454090073344e-05,1.3722339062951505e-05,2.218499295413494e-05,2.4404960853280498e-05
4776,1.6152493367877064e-05,2.3344133587670513e-05,2.236760692434877e-05,2.452441589848604e-05
4777,3.705689228809206e-05,4.006244693300687e-05,2.2324400659191366e-05,2.4397149740252645e-05
4778,2.1405232089616927e-05,1.3545243709813804e-05,2.2375545502614436e-05,2.4841129264677875e-05
4779,2.4705210837257458e-05,4.5468512980733066e-05,2.2621815642277296e-05,2.417641850479413e-05
4780,2.2575527258999905e-05,1.4997722319094464e-05,2.2517472628613985e-05,2.44477490283316e-05
4781,1.6885626666610024e-05,1.7237628635484726e-05,2.217849802077075e-05,2.4835789979260882e-05
4782,2.1903662232539822e-05,4.4129598973086107e-05,2.226411554438528e-05,2.438349923322676e-05
4783,1.8876828794923818e-05,3.992169149569236e-05,2.1929514880563755e-05,2.446343081974192e-05
4784,2.1277521389290794e-05,3.8933334799367003e-05,2.1870936378965982e-05,2.4974530820327352e-05
4785,2.2871841020888597e-05,1.2749060115311295e-05,2.1916873720975776e-05,2.453454806964147e-05
4786,1.753072864731722e-05,2.0885698177153245e-05,2.169037153370381e-05,2.399199509964092e-05
4787,2.9050835873931646e-05,3.831850248388946e-05,2.1734514272328755e-05,2.4034050028421924e-05
4788,1.9578685282289774e-05,2.304488873051014e-05,2.1742042154963005e-05,2.4660666732233955e-05
4789,1.9041953649624095e-05,1.2538384289655369e-05,2.2055485604424684e-05,2.4275174541980963e-05
4790,2.0384171766636427e-05,2.5867394724627958e-05,2.135996889790275e-05,2.4253383468021642e-05
4791,2.7564031184334048e-05,1.5200641646515578e-05,2.13353941410282e-05,2.4340574811503758e-05
4792,2.0158852619513507e-05,1.960578327270923e-05,2.130037795100685e-05,2.337750398583012e-05
4793,1.5566810664798442e-05,2.2547591033799108e-05,2.1267822013517924e-05,2.335834791010712e-05
4794,1.8950579409041287e-05,1.8851094719138928e-05,2.1687577727667915e-05,2.321686372597469e-05
4795,1.993553050447695e-05,2.0042496325913818e-05,2.1480479783834506e-05,2.1986643588752488e-05
4796,2.1672444098739006e-05,3.0214488579076714e-05,2.1530730950164276e-05,2.1037689669174145e-05
4797,2.543637907567447e-05,1.6344641117029824e-05,2.1435143403343525e-05,2.0335748829529622e-05
4798,2.3911201913304265e-05,1.7032460164045915e-05,2.132741528047417e-05,2.1358980037621224e-05
4799,1.9539362082367816e-05,1.6245472834270914e-05,2.154416408165061e-05,2.1343741599412168e-05
4800,2.1518651155929547e-05,2.938775665825233e-05,2.1320918937191084e-05,2.0616631839948235e-05
4801,2.3988579604419e-05,1.3706828831345774e-05,2.141155601817041e-05,2.0414762155269266e-05
4802,1.9668974625043728e-05,3.9517670084023846e-05,2.173615385100776e-05,2.0732016518013547e-05
4803,2.0790863167753235e-05,1.5725027296866755e-05,2.1685871267578077e-05,2.056043912016321e-05
4804,2.3829806086723692e-05,2.1391742338892074e-05,2.1467800556193754e-05,2.113420864043291e-05
4805,2.1761628821776764e-05,1.4518820426019375e-05,2.137422502815349e-05,2.1001299961062612e-05
4806,2.7379519520359786e-05,1.3700524032174144e-05,2.1721824542247408e-05,2.126718613144476e-05
4807,1.672621363670462e-05,1.3374095542530995e-05,2.183924083470225e-05,2.1120091411285104e-05
4808,2.013310795316809e-05,1.6197843506233768e-05,2.1979635150880008e-05,2.105231309833471e-05
4809,1.8887832718771986e-05,2.1384813808253967e-05,2.197894601081821e-05,2.0341794483829288e-05
4810,2.0178637949154815e-05,3.8329840317601336e-05,2.1976065279644294e-05,2.0441288987058214e-05
4811,2.2949448676728126e-05,2.0504737221926916e-05,2.190959308872051e-05,2.0404595125000925e-05
4812,2.3469707262443586e-05,2.0140758497291245e-05,2.190756187273008e-05,2.0403728105884515e-05
4813,2.184461230677294e-05,1.7998146613535937e-05,2.1929571670868124e-05,2.0218654583732136e-05
4814,2.7156899470557822e-05,2.046974335826235e-05,2.1813981876766778e-05,2.1038267061521766e-05
4815,1.9127107180894302e-05,2.1577959778369404e-05,2.1924042745538627e-05,2.1643516565382018e-05
4816,2.211226339972604e-05,2.9544879653258248e-05,2.177556905743485e-05,2.1553737761860252e-05
4817,1.7819464418506768e-05,1.6283066288451663e-05,2.1577696519185942e-05,2.1827735651459078e-05
4818,2.425679851714651e-05,2.9194745293352755e-05,2.1481540494359152e-05,2.3903612801223056e-05
4819,2.1885986720412298e-05,1.5173726715147496e-05,2.138795717772963e-05,2.4081250269955488e-05
4820,2.3445388408921037e-05,1.834803850215394e-05,2.154797114077762e-05,2.64347613643622e-05
4821,2.16552155971941e-05,1.2451523216441274e-05,2.1457709472856045e-05,2.6321865362115205e-05
4822,2.536436079632646e-05,1.8832003697752952e-05,2.14437103936992e-05,2.6491883673588745e-05
4823,2.224939714020972e-05,1.611511361261364e-05,2.1742693521567468e-05,2.5624621492170265e-05
4824,1.9488581682607118e-05,1.6223797356360592e-05,2.160824332871319e-05,2.5914778531296183e-05
4825,2.2068896109380553e-05,2.476091860444285e-05,2.16558536244621e-05,2.5658728482085284e-05
4826,2.109883475188528e-05,3.41971407760866e-05,2.151128298848764e-05,2.5911819779139486e-05
4827,2.2420496344339983e-05,5.46489076805301e-05,2.154268909750196e-05,2.6795223599765456e-05
4828,1.7079020965158836e-05,1.3480557208822575e-05,2.1542862537575673e-05,2.6534301944775508e-05
4829,1.888299263050107e-05,2.824168957886286e-05,2.134271695847726e-05,2.59995260857977e-05
4830,1.9357728201106915e-05,6.641574917011895e-05,2.1436740347255377e-05,2.5844087991572455e-05
4831,2.5039936604621793e-05,1.8141460750484838e-05,2.1276902456237517e-05,2.618942981789588e-05
4832,2.072656271290422e-05,7.221187290269882e-05,2.144423628229156e-05,2.6127199547772768e-05
4833,1.787656625512884e-05,1.337544345005881e-05,2.1540733637812078e-05,2.5868231891945476e-05
4834,1.8537855739850785e-05,2.563527159509249e-05,2.1327341202898723e-05,2.6366178038006184e-05
4835,2.7653216145861532e-05,1.6648285782139283e-05,2.1316769365673984e-05,2.6398052470176482e-05
4836,1.9588193855371276e-05,2.7758663200074808e-05,2.1243285672325225e-05,2.6832322080736047e-05
4837,2.4659964656166266e-05,1.373950726701878e-05,2.118272683243655e-05,2.718909239920322e-05
4838,1.8230346407411463e-05,2.4325429039890876e-05,2.1283449851519736e-05,2.8722754222690132e-05
4839,2.7942052195915797e-05,4.2554838873911646e-05,2.1410420697308533e-05,2.790125333267497e-05
4840,1.9131443182737308e-05,1.5054918403620832e-05,2.1282319055899275e-05,2.7645355313143224e-05
4841,1.7108623922265703e-05,1.617548317881301e-05,2.1389750844213665e-05,2.7992018984514287e-05
4842,2.017004913795972e-05,1.2397113932820503e-05,2.1367689295584566e-05,2.734615956287598e-05
4843,2.0260851241699937e-05,3.7828290951438246e-05,2.1319085861371907e-05,2.5170818014885302e-05
4844,2.606933237176337e-05,1.3617969962069765e-05,2.1105967107319478e-05,2.494161018257728e-05
4845,2.5857822296933995e-05,1.1873847106471659e-05,2.1071719697890027e-05,2.3778411957027856e-05
4846,1.6320404724360237e-05,2.490017686795909e-05,2.1346202201837314e-05,2.444684969232185e-05
4847,2.510006486570799e-05,1.9628864502010403e-05,2.128636216633216e-05,2.4415551572747067e-05
4848,2.0412304806490686e-05,2.6971853876602837e-05,2.0906323748204158e-05,2.4503749492578215e-05
4849,1.7974610685390265e-05,2.514305531803984e-05,2.0988830818371046e-05,2.413011643511709e-05
4850,2.4586971586460196e-05,6.310246419161559e-05,2.1061705532338238e-05,2.466896005498711e-05
4851,2.4273105896605154e-05,1.3659618525707629e-05,2.0997027524653173e-05,2.429157166625373e-05
4852,1.9217955309108623e-05,4.825145719223656e-05,2.0556698983273234e-05,2.3152432481583675e-05
4853,1.976481567301865e-05,2.2147148993099108e-05,2.066721477563583e-05,2.4028128587815445e-05
4854,1.8331453914773496e-05,1.2095204037905205e-05,2.075238280287724e-05,2.5152413149771745e-05
4855,1.814264234579039e-05,1.2032210470351856e-05,2.0659441147694854e-05,2.518786213477142e-05
4856,1.9711967753311103e-05,1.2411264942784327e-05,2.0789260863400868e-05,2.4168584782455583e-05
4857,1.98703774771679e-05,4.313191726396326e-05,2.0491943306034146e-05,2.4714630535163443e-05
4858,2.473862885381095e-05,3.0086386832408607e-05,2.0582267603781975e-05,2.4737091283896004e-05
4859,1.7041854852221957e-05,2.485281860572286e-05,2.072596972987715e-05,2.444235855946317e-05
4860,1.8152255692661534e-05,1.8853233777917923e-05,2.0483115943999207e-05,2.4923774310445882e-05
4861,2.1650870609543443e-05,1.8417836763546802e-05,2.0710733059159893e-05,2.4512174268602395e-05
4862,2.648183250534607e-05,2.721059776376933e-05,2.1050434959761334e-05,2.501376932486892e-05
4863,1.6613396215284914e-05,1.4890719321556389e-05,2.086029041577907e-05,2.4613338906783615e-05
4864,1.6933838661417313e-05,1.407635925716022e-05,2.0818179291058592e-05,2.477701346069808e-05
4865,2.189433799180228e-05,3.6947321059415114e-05,2.0864808780121775e-05,2.345145847211825e-05
4866,1.9237824603300802e-05,4.4282597227720546e-05,2.0687162997395112e-05,2.319698488718132e-05
4867,1.7846507758400143e-05,1.3283338557812385e-05,2.0822915177106754e-05,2.3409175290726127e-05
4868,2.3506344134350202e-05,1.2346357143542264e-05,2.0781158490960176e-05,2.4409919018216897e-05
4869,1.8636393437595365e-05,2.7269113779766485e-05,2.0837344022260773e-05,2.451250476733549e-05
4870,2.8115929740629833e-05,1.243536582478555e-05,2.1044147247933627e-05,2.328308844880667e-05
4871,1.991295787673961e-05,1.753185875713825e-05,2.0796990573257466e-05,2.2892541441251524e-05
4872,1.9028720218759392e-05,3.1664258276578036e-05,2.086322361444925e-05,2.2744345823593904e-05
4873,2.6102732685507766e-05,1.668185283051571e-05,2.1115023223036487e-05,2.4247066031966828e-05
4874,2.6467158200426235e-05,3.768293172470294e-05,2.1146841071701296e-05,2.4051241220149684e-05
4875,1.9833357986903543e-05,5.309170373948291e-05,2.0798979493297848e-05,2.345649385097204e-05
4876,2.322032777859325e-05,1.7751482373569162e-05,2.1193880793644995e-05,2.3450474538549322e-05
4877,2.038369253568817e-05,1.5112582477740944e-05,2.1458820105989517e-05,2.3569148051319655e-05
4878,1.532367110485211e-05,1.5785309369675814e-05,2.1394413488451393e-05,2.3434268619166694e-05
4879,2.1725258407564575e-05,1.7399964126525446e-05,2.1582444081044135e-05,2.2464058063633278e-05
4880,1.709872519212594e-05,3.705080365762114e-05,2.178326926983168e-05,2.3444386706978554e-05
4881,2.1116606035826004e-05,1.497590867074905e-05,2.1658697460467617e-05,2.3507116704422517e-05
4882,2.5040458118989288e-05,1.2396509300742763e-05,2.1741552522386578e-05,2.304642831295496e-05
4883,1.855971198690693e-05,2.0322711643530057e-05,2.157688561856048e-05,2.3450408174539914e-05
4884,1.8697680882016557e-05,2.114792816428235e-05,2.1811186484572113e-05,2.32154922283371e-05
4885,2.4447245907342423e-05,5.642123898724094e-05,2.1865118528108323e-05,2.2420856139797252e-05
4886,2.244631682616374e-05,1.3522216468118131e-05,2.1542826282691548e-05,2.261174232698977e-05
4887,1.7785293045259703e-05,1.2341913534328341e-05,2.132882087510856e-05,2.1617775490449274e-05
4888,2.64859287239637e-05,1.4740236510988324e-05,2.1346768607812313e-05,2.0055850931385064e-05
4889,2.3557321470030325e-05,1.7043197076418437e-05,2.1245934878970727e-05,2.2005873591115232e-05
4890,2.0284172553349184e-05,3.35753352555912e-05,2.145835708320697e-05,2.1899869258049874e-05
4891,2.3938589418119388e-05,2.0027333339385222e-05,2.161175484434352e-05,2.1760561862902248e-05
4892,2.2867137478088907e-05,3.7791554641444234e-05,2.1457877786128338e-05,2.167072577722138e-05
4893,2.0392048900248482e-05,1.3914607079641427e-05,2.16307197994158e-05,2.0798579424445056e-05
4894,2.0707769985569435e-05,1.5751903993077578e-05,2.1495260338108184e-05,2.076057688827859e-05
4895,2.399925714497739e-05,2.253486236440949e-05,2.1232601474508152e-05,2.0894058397971094e-05
4896,2.577047952703045e-05,1.1658960102067794e-05,2.1366669225891302e-05,2.0820458912930915e-05
4897,2.0377021307164493e-05,1.1798356063081883e-05,2.1739708891982444e-05,2.0482276311668104e-05
4898,1.804542655008845e-05,2.1454007510328664e-05,2.1456384396798157e-05,1.9267652205599003e-05
4899,2.1117023010851377e-05,1.2833760811190587e-05,2.1521050006413133e-05,1.9513258986989966e-05
4900,2.028205130449755e-05,1.4043589762877673e-05,2.1622955105057273e-05,1.9876898870279547e-05
4901,2.069948455755366e-05,6.650204886682332e-05,2.1381628440334074e-05,2.103928084979998e-05
4902,2.56942476415942e-05,1.2462474151107017e-05,2.1287734100688896e-05,2.0885157708835324e-05
4903,1.9158615133265914e-05,1.2302624490985181e-05,2.1232916957604982e-05,2.0044471199798865e-05
4904,1.787833195218506e-05,1.5154061984503641e-05,2.1163484563860242e-05,1.9906252084183506e-05
4905,2.1419775524312476e-05,1.5247144838212988e-05,2.097077978339965e-05,2.0175941850175148e-05
4906,1.7730119503135535e-05,1.4025845266587567e-05,2.1317402108413975e-05,2.0164189208298923e-05
4907,1.8473986528988462e-05,1.5733547043055298e-05,2.127431024798878e-05,2.0857907831668852e-05
4908,2.1911405771485684e-05,1.848272451752564e-05,2.1146079348545757e-05,2.1568805712740867e-05
4909,2.802367253429515e-05,1.2693363132711965e-05,2.0825596522788855e-05,2.163497118308442e-05
4910,1.7364133527735247e-05,2.6055636335513555e-05,2.078606670135438e-05,2.2119711864797872e-05
4911,2.4062957066538123e-05,1.9662386002892162e-05,2.0958445707462188e-05,2.262872616265668e-05
4912,2.0332920511363126e-05,2.1432910616567825e-05,2.1103200882660327e-05,2.2628474894736434e-05
4913,2.045276210588377e-05,4.379978599899914e-05,2.1276919827020416e-05,2.3141066978860186e-05
4914,2.1209962978900878e-05,1.3190118552302011e-05,2.120543146981314e-05,2.1065977169200782e-05
4915,1.8913743976251377e-05,1.2558172529679724e-05,2.0947617442046365e-05,2.1139625072828498e-05
4916,2.220277957450081e-05,1.6571855449001306e-05,2.0939492225119866e-05,2.1549714430875617e-05
4917,1.8049517966574057e-05,4.4533798791235314e-05,2.089485351769124e-05,2.151150597346714e-05
4918,2.905760702560656e-05,1.3620791032735723e-05,2.0880386748952633e-05,2.2462190537771676e-05
4919,1.9630473474939614e-05,3.309486957732588e-05,2.087701213361773e-05,2.238309653912438e-05
4920,2.0793484658901837e-05,4.0307309391209855e-05,2.082170078178428e-05,2.2785036762070377e-05
4921,1.775840888310793e-05,1.3313096860656515e-05,2.061465408486482e-05,2.264310040482087e-05
4922,1.9388775771302687e-05,2.3916873105918056e-05,2.0217942402976202e-05,2.2791293507907536e-05
4923,2.2354901702783536e-05,3.4179364956798966e-05,2.0574998714437237e-05,2.2215972223784772e-05
4924,2.473590239080497e-05,1.282747911318438e-05,2.0499722135072156e-05,2.213163497362984e-05
4925,2.4625024913499753e-05,2.68583918659715e-05,2.0601181505319094e-05,2.2208593730465507e-05
4926,1.8912275627371856e-05,1.4624803625338246e-05,2.0608013429025754e-05,2.1229436593421273e-05
4927,1.9248896947424834e-05,1.4303671741799917e-05,2.046048045982995e-05,2.14220364447101e-05
4928,1.895548471010342e-05,2.2554858442163096e-05,2.0580724161279962e-05,2.1470636593585367e-05
4929,1.6762364266469378e-05,1.4198850549291819e-05,2.0512821443844592e-05,2.1510056784609332e-05
4930,2.1058106305847308e-05,3.901425894582644e-05,2.0677858649449064e-05,2.022614199813688e-05
4931,1.7645754119762894e-05,1.2048495300405193e-05,2.0482548228432687e-05,2.0172756563988517e-05
4932,1.7091202733152185e-05,2.5782052616705187e-05,2.0731590536565315e-05,1.9478436550707556e-05
4933,1.6735238348499278e-05,1.4934315586287994e-05,2.060109328142264e-05,1.8572959213634023e-05
4934,1.8105880487079653e-05,1.639819070987869e-05,2.07891642749827e-05,1.8662589712766932e-05
4935,2.6290541314261242e-05,1.1672604232444428e-05,2.0735642194469823e-05,1.850944394536782e-05
4936,2.218104258241106e-05,1.7553954749018885e-05,2.0584154158536374e-05,1.7777347650553567e-05
4937,2.2869404767536455e-05,2.3356879537459463e-05,2.0445275597497438e-05,1.8102470740268476e-05
4938,2.062356019855037e-05,1.9320857572893145e-05,2.0291036244614392e-05,1.749889552156674e-05
4939,1.7521638749005634e-05,1.800511483452283e-05,2.0410379238294105e-05,1.7843704705592246e-05
4940,2.191983651250161e-05,1.377317625156138e-05,2.0582160528202724e-05,1.787949738354655e-05
4941,2.0505211638616552e-05,1.7557360224600415e-05,2.0443272164508623e-05,1.764355873456225e-05
4942,2.2175448106685913e-05,1.2435929129424039e-05,2.0617005121797168e-05,1.7912777164019646e-05
4943,2.4174846500197116e-05,1.2286155179026537e-05,2.0548022409962463e-05,1.707086172391428e-05
4944,2.585653117825536e-05,1.573686924530193e-05,2.054215123005431e-05,1.705870702135144e-05
4945,1.753105328033497e-05,1.7670375964371487e-05,2.0646567954827332e-05,1.6815674812824e-05
4946,2.2460183722109325e-05,1.5553859338979236e-05,2.0693173451743653e-05,1.933368572499603e-05
4947,1.8050723758480873e-05,2.008822892094031e-05,2.076964953003981e-05,1.9283049923251383e-05
4948,1.8567700804447263e-05,1.5876957586442586e-05,2.0439053269041723e-05,1.998248746385798e-05
4949,2.1263938364831523e-05,2.0955556356057058e-05,2.064787722782865e-05,1.9899216735211667e-05
4950,2.0769041091423586e-05,1.176901139842812e-05,2.0666648491088477e-05,1.9518402544781568e-05
4951,2.1895850469364732e-05,2.324503322597593e-05,2.0709246545690494e-05,1.9614221427764283e-05
4952,2.354342919514036e-05,1.519848869065754e-05,2.0868626508308805e-05,1.9745683847577315e-05
4953,1.548327561775093e-05,1.665639221755555e-05,2.0665823360711024e-05,1.970375183736906e-05
4954,2.1105688198683007e-05,2.0929311285726727e-05,2.0519606103739028e-05,1.9534357708471367e-05
4955,1.9333538509979714e-05,1.7966372943192256e-05,2.0435613791697606e-05,1.9517918703786568e-05
4956,1.7498974622059098e-05,1.1744627736334223e-05,2.0493638729708944e-05,2.0728997174592226e-05
4957,1.9701620852477695e-05,1.9706247403519228e-05,2.0268750355333196e-05,2.062311454792507e-05
4958,1.79003757714074e-05,7.788458839058876e-05,2.045097915898724e-05,2.0462457396206446e-05
4959,2.00177824444836e-05,1.5132295666262507e-05,2.024963748877377e-05,2.047565607499564e-05
4960,1.802563478930905e-05,2.9158542747609318e-05,2.0254534293700198e-05,2.057787761441432e-05
4961,2.7401641552084282e-05,1.5472186532861087e-05,2.0319015648177212e-05,2.050502957281424e-05
4962,2.3338686349032085e-05,1.3836524776706938e-05,2.048294440060596e-05,2.0255240122787656e-05
4963,2.1688511563600816e-05,2.1716329647460953e-05,2.045663338713995e-05,2.032105752878124e-05
4964,2.1506137814463323e-05,2.129167532984866e-05,2.019579419041596e-05,2.0070847521128597e-05
4965,1.6849757822557068e-05,1.2724875996354967e-05,2.0089295846911327e-05,2.0509976484754587e-05
4966,1.6849780214316626e-05,1.332250700215809e-05,2.035906241168656e-05,2.0411195991619027e-05
4967,2.007564030565037e-05,1.2024954012304079e-05,2.017454145954818e-05,2.011056911869673e-05
4968,2.562546995048049e-05,4.2563116949168034e-05,2.016335665143237e-05,1.987516932276776e-05
4969,2.0234321818861646e-05,1.3089803578623105e-05,2.0196319921443416e-05,2.0011239970335736e-05
4970,2.2086773371686124e-05,1.3653947171405889e-05,2.0159818069643936e-05,2.0035926005220972e-05
4971,1.742664196677247e-05,1.5883826308709103e-05,2.035104446727524e-05,1.7782748959143646e-05
4972,1.817314388164151e-05,2.2643767406407277e-05,2.0299429953835596e-05,1.7933482467196886e-05
4973,2.01797346663726e-05,1.4055756546440534e-05,2.0497174930965733e-05,1.931998447980732e-05
4974,2.5362157175550236e-05,1.4710820105392486e-05,2.0149341195550125e-05,2.0474583060422447e-05
4975,2.0111265754773437e-05,1.3414446548267734e-05,2.0001408920587787e-05,2.0416403366834856e-05
4976,1.5374870551265e-05,1.6989783034659922e-05,2.0105833425138068e-05,2.015042070997879e-05
4977,2.0880970607524634e-05,2.6176712781307286e-05,1.991584401653704e-05,1.97500347829191e-05
4978,2.222743973713174e-05,1.4186879889166449e-05,1.9989529220684844e-05,1.9704293586255516e-05
4979,1.6492664395223578e-05,1.341363946266938e-05,2.009445237409737e-05,1.9812194882251788e-05
4980,1.9053918307084436e-05,1.2081378044968006e-05,2.0417123485013794e-05,1.9772635384288155e-05
4981,1.8323056372335284e-05,1.514639392553363e-05,2.0163091252551468e-05,1.9001737436337868e-05
4982,1.8789074557490596e-05,2.0323398275650105e-05,2.0143999998334847e-05,1.8983937596203765e-05
4983,2.2681035712189948e-05,2.155516223865561e-05,1.9966542861786568e-05,2.027215547568631e-05
4984,1.8727419608492506e-05,1.89006333675934e-05,1.9997622321049373e-05,2.1314322280522906e-05
4985,2.296925921756257e-05,6.38210930628702e-05,2.0155490977776938e-05,2.1132922220567707e-05
4986,1.870579816669407e-05,4.433715104823932e-05,2.0183641579852623e-05,2.1036748599726705e-05
4987,1.9640379474973693e-05,1.2382032437017188e-05,1.9841943813905043e-05,2.104725807730574e-05
4988,2.429912417735775e-05,1.5066763226059265e-05,2.0058592551746795e-05,2.20973281582701e-05
4989,1.6756402599437732e-05,1.1282027153356466e-05,2.0464697097728882e-05,2.300438477977877e-05
4990,1.8691887926252094e-05,1.1581346079765353e-05,2.0650557641460586e-05,2.3543964211421553e-05
4991,1.9472859049629835e-05,1.602003940206487e-05,2.0782559420008003e-05,2.456313695874996e-05
4992,2.8142418078560797e-05,1.1035966563213151e-05,2.1143952212231747e-05,2.5613239323138252e-05
4993,1.9274664138922363e-05,2.3290668250410816e-05,2.140289484798106e-05,2.6716632144234602e-05
4994,1.9757040463446173e-05,1.2644807575270534e-05,2.1691071961120337e-05,2.7697424330108325e-05
4995,1.765034495797914e-05,4.585939415846951e-05,2.19606083468534e-05,2.847113634197739e-05
4996,1.8203628448342596e-05,4.1937996429624035e-05,2.2074466286398493e-05,2.9195577795326237e-05
4997,2.2119860299830583e-05,1.8108765907527413e-05,2.234646887009148e-05,3.002620040351757e-05
4998,2.088349971826473e-05,1.1651416025415529e-05,2.2448797869421667e-05,2.9060004623897832e-05
4999,1.681971302686078e-05,1.4973557044868358e-05,2.2721665310786594e-05,2.887316652486333e-05
5000,2.5527484200817223e-05,3.9666198572376745e-05,2.2957149499820334e-05,2.9964533170277713e-05
