epoch,train_loss,val_loss,train_loss_smooth,val_loss_smooth
1,0.3670209890604019,0.22622515439987181,0.2136595862093899,0.13683616879880425
2,0.12681637055344053,0.05918849840760231,0.20017937269972433,0.1289290134549141
3,0.0494814069237974,0.04527426183223724,0.18665012916657664,0.12097935476601122
4,0.046012902657190956,0.044266902804374696,0.17307537222305935,0.1129892571389675
5,0.044928819570276474,0.04316665038466454,0.15945744912823043,0.10495542952418326
6,0.04374559322992961,0.04200693666934967,0.14579294356372624,0.09687787654697894
7,0.04236832464734713,0.040587473660707474,0.13207858314547277,0.0887532284259796
8,0.04087048638198111,0.03884660378098488,0.11831187277386586,0.0805784304857254
9,0.03905982309745418,0.03708313480019569,0.10449345692015355,0.07235625865757465
10,0.03715187100900544,0.03511882461607456,0.09062275246083736,0.06409120762348175
11,0.0351043199085527,0.033216461986303326,0.07670902130107084,0.055786214268207554
12,0.033167459476325246,0.031381498351693154,0.06275863736503655,0.04745334561169148
13,0.03150941999422179,0.029839965477585793,0.0487798422307604,0.03910664874911309
14,0.03001565131876204,0.028546270802617072,0.034785163335750505,0.030740617951750752
15,0.02878990073170927,0.027483687177300452,0.03038862659326858,0.02904832380414009
16,0.02765206547247039,0.026472713723778726,0.029079727066473833,0.027908360990881922
17,0.02657291168967883,0.025379464030265808,0.027906959843552775,0.026806117254495623
18,0.025408349947796928,0.024286329969763754,0.026776200256165526,0.025746317535638812
19,0.02416197860406505,0.02310895137488842,0.025690663981686034,0.02473180659711361
20,0.02285322977022992,0.02185520589351654,0.024660548349635467,0.023773914164304737
21,0.02156059271759457,0.020670858696103096,0.023688044354402357,0.0228826355189085
22,0.0202533775774969,0.01959887854754925,0.02278680097038547,0.022062174496054653
23,0.01917771006623904,0.018600320518016814,0.021960384219305382,0.02131985030174256
24,0.018261390659544203,0.017903437986969948,0.02121504026345081,0.020649357169866565
25,0.017551110703498126,0.017557732835412024,0.020543824190811983,0.020050723516941073
26,0.0171540166851547,0.017074384465813636,0.019938997240612908,0.019512639665603636
27,0.016902951991392506,0.016881144717335702,0.019391677358663744,0.01902419632077217
28,0.016758918753928608,0.016775191500782966,0.01889146231040359,0.01857734293937683
29,0.01669372208416462,0.016710809394717217,0.018434631950077083,0.018170073249936105
30,0.016659829885595376,0.016671657413244247,0.018019259505222242,0.017804481407999992
31,0.016607186367942228,0.016644163206219673,0.017649074065933627,0.017480561751127246
32,0.016615433846082953,0.016640162840485574,0.017327339982572534,0.017201197698712353
33,0.01655788650115331,0.016564637646079062,0.017056920839101077,0.016970287674665453
34,0.01652873849703206,0.016571609228849413,0.016835468117064902,0.016784188726544382
35,0.016491452232003212,0.016560719758272172,0.016663392214642633,0.016639470109343527
36,0.016470721012188327,0.016454133689403534,0.016532412729329534,0.016532575193047527
37,0.016387057660354507,0.01641565702855587,0.016435785896744996,0.01645045583546162
38,0.01638874623924494,0.01638786919414997,0.01636306053077181,0.016383340522646905
39,0.016332654270033043,0.016335187181830406,0.01630579968781935,0.016327583327889444
40,0.016284524525205294,0.016312352642416955,0.016253763735045987,0.01627932116389275
41,0.01623130646430784,0.016290971487760545,0.016206478729926876,0.016229075008630755
42,0.01618860056830777,0.01623966798186302,0.016157571253014934,0.016180329537391663
43,0.016153713965581525,0.016188338547945023,0.016106424415442678,0.01612751761674881
44,0.016118626520037652,0.01612485006451607,0.016054337793754207,0.01608422586619854
45,0.0160927511834436,0.016082455292344092,0.01599743884470728,0.01602419059872627
46,0.016024274666690163,0.016018384993076326,0.01593788998325666,0.015970536828041074
47,0.01595148001694017,0.015980913117527962,0.015874320953256554,0.01591960671544075
48,0.0159032229334116,0.015927947610616684,0.01581041130440103,0.0158493478089571
49,0.015845719844930703,0.015850454047322275,0.01574043708443642,0.015784175997972483
50,0.015732976554168596,0.015879850015044213,0.01566861538125409,0.01571186209321022
51,0.015722495611343118,0.0156804545968771,0.015591312523434559,0.015631412683427333
52,0.01560205317205853,0.01567459061741829,0.015509347285909787,0.015551826383173465
53,0.015576793625950814,0.015519037619233131,0.015424459730005929,0.015462127859890462
54,0.015471035161366066,0.015492172613739967,0.015333253266165654,0.015373750956356527
55,0.015381158946288956,0.015351359397172928,0.015236698041773506,0.015276160179078579
56,0.01530502082573043,0.015561869442462921,0.015130165661126377,0.015186651287972931
57,0.01519296011990971,0.015139281153678893,0.015023104293064941,0.015074831129610541
58,0.01506916496488783,0.015223293378949166,0.014902650499923361,0.014950262096524242
59,0.014939512747029463,0.015298356413841247,0.01477696582219667,0.014818063308298591
60,0.01489371101061503,0.014804247096180915,0.014643838472581574,0.01467724375575781
61,0.014721365513073074,0.014824838414788245,0.014498121726761263,0.014530942934751512
62,0.014591515080796348,0.014607809409499168,0.01434680345563425,0.0143697920486331
63,0.01445617479375667,0.014376633949577809,0.014191625348312989,0.014197032575309276
64,0.014283523331913683,0.014345529675483703,0.014019218784487912,0.01402189958691597
65,0.01416233562760883,0.014069889560341836,0.013835484622004962,0.013826489263772966
66,0.01395114486830102,0.014081548899412155,0.013638754547552933,0.013628862388432028
67,0.013774719958504041,0.01379989854991436,0.013431436937716276,0.013412441661953928
68,0.013490404449403286,0.013950616270303726,0.013214289416289994,0.013180654035508634
69,0.013442092318501738,0.013329346105456353,0.012977320422480504,0.01292393847256899
70,0.013081406354904174,0.012968229465186595,0.01272775201532576,0.012691342951357366
71,0.01288215772352285,0.012713415287435055,0.012463439561757779,0.012409143774211406
72,0.012623296276562744,0.012460424304008485,0.012189929841127663,0.012112597769498825
73,0.01226030428790384,0.012270427085459232,0.01189755601162712,0.011808633856475353
74,0.0120627630667554,0.011821681894361972,0.011589213326490589,0.011484028785675764
75,0.011853523871137037,0.011560863181948662,0.011265664413736927,0.011150845558941365
76,0.011412331515716181,0.01130212988704443,0.010924558653392724,0.010803818142414092
77,0.011008699109984768,0.010789332538843155,0.01056981691258649,0.010434028102457523
78,0.01065854176465008,0.010578365735709668,0.010200401095011169,0.010053373697400093
79,0.01028809491544962,0.010081654451787471,0.009815886154729458,0.009655055721104148
80,0.009952470910631948,0.009556668736040592,0.009420347749607429,0.009265829804539683
81,0.009380795980493227,0.009143980368971825,0.009018427577532,0.008833947568759324
82,0.008953749941041072,0.009324393123388291,0.008598353661969305,0.008409373885020614
83,0.008461353625688287,0.008168313950300217,0.008176608101526896,0.007981632798537612
84,0.008101769731276565,0.007884706296026707,0.007751230283578236,0.0075581063680350774
85,0.0075843652731014625,0.00720514927059412,0.007319411183500455,0.007129587964341044
86,0.00701279838465982,0.006709711644798517,0.0068907655653440295,0.006691416207887233
87,0.006502792261954811,0.006278228741139174,0.006457598672082856,0.006261591115035118
88,0.005928530785151654,0.0057009485363960265,0.006025075628774034,0.005834024484269322
89,0.005414979811757803,0.005100778676569462,0.005600580069060541,0.00540962638524361
90,0.004926940188225773,0.004553529433906078,0.00518684740782612,0.005000269597303123
91,0.004338271361258294,0.004123599492013455,0.004780915252098607,0.004596686479449272
92,0.0038862598304533298,0.0040692506358027455,0.0043864193949434485,0.004208299219165929
93,0.003442400147517522,0.0031535603757947683,0.004002087906758403,0.003838909276644699
94,0.002940244429434339,0.0027150040119886397,0.0036384766543853197,0.0034844673490384594
95,0.0025377673438439765,0.002274702303111553,0.0032904254184984087,0.0031219505155575464
96,0.002247712274806367,0.002125254524871707,0.002961110412642463,0.0028036260079708887
97,0.0018278187746182085,0.0017474642116576432,0.002645521058711327,0.0024961099498556003
98,0.0015441638339931767,0.0013161331741139294,0.002349793028492584,0.0022151949566323313
99,0.0012335907352260418,0.001076054573059082,0.0020766416140754395,0.001953814154735301
100,0.0010404477884165114,0.0008716974128037691,0.0018234856978084687,0.00170955865472788
101,0.000799942522878862,0.0006921774114016444,0.0015931479461905032,0.0014883516061585398
102,0.0006653825791242222,0.0005554128403309732,0.0013830701571811612,0.0012907444559386934
103,0.0005102378714622723,0.000488787789363414,0.0011922705986304209,0.0011147261425852775
104,0.0004256984865706828,0.00037197294470388444,0.0010248920717871647,0.0009557800956536083
105,0.00034418370600582826,0.00032192017300985753,0.000875208403062748,0.0007989627918810583
106,0.000290514671166117,0.0002829321788158268,0.0007432183304775712,0.0006785624294076114
107,0.0002524690438682834,0.0002614722863654606,0.0006313944534230459,0.0005758902860339729
108,0.0002284784792896567,0.00021020126063376666,0.0005354627385153435,0.0004913304023444653
109,0.0002120358829981544,0.0001968048431444913,0.00045089596762554716,0.00041262350289616735
110,0.00019116451763289256,0.00018227444001240657,0.00038293388220610923,0.0003477511364850217
111,0.000184013024231212,0.00017519159737275914,0.00032636635633340725,0.00030002647262299435
112,0.00017389435528053179,0.00017184124095365405,0.0002821264423404096,0.00026217577678617094
113,0.00017008699470251384,0.00017077232216252013,0.0002452437496278435,0.00023216064824955538
114,0.00016303508652425888,0.0001605999210732989,0.00021783326303767453,0.00020933890209998935
115,0.0001569512244572656,0.00015307160007068887,0.00019586806482014556,0.000191509249212686
116,0.00015380819017688432,0.00014994831872172654,0.000179963446333487,0.00017638695203932002
117,0.0001441681123429185,0.0001488180414889939,0.00016744665829852845,0.00016590887141646818
118,0.00014264833288810526,0.00014355131395859643,0.00015798874207798182,0.00015746411022264512
119,0.0001446475030712059,0.00014820042764768004,0.00015052668208566803,0.00015030013365903867
120,0.00013947447115141484,0.00016070521087385714,0.00014466930100461467,0.00014390242969384415
121,0.00013354300256145912,0.00015758203866425902,0.0001395865603065532,0.00013940231868764382
122,0.00012876663913225962,0.00012565505137899892,0.00013499808978004792,0.000136315228336025
123,0.00012997568717562698,0.00012301657756324857,0.00013176092202775178,0.00013278834521770477
124,0.00012759288540109992,0.0001297871771384962,0.0001281203984347586,0.00012944326206343248
125,0.00011838047060235921,0.0001213191993883811,0.0001248555526512468,0.00012598581993370316
126,0.00011468035812463819,0.00012163375766249373,0.00012165839672994074,0.00012252649370930158
127,0.00011625262368599781,0.00010967151814838871,0.00011865818935912102,0.00011976127019734122
128,0.00011262240929580811,0.00011073036002926529,0.00011590704097826447,0.00011757442865637131
129,0.00011277878569671884,0.0001100209291325882,0.00011330077685545096,0.00011495255083427765
130,0.00010773580049216333,0.0001108011431642808,0.00011098668552262502,0.00011224829531856813
131,0.00010396317135827202,0.00010383276472566649,0.00010852979059822648,0.00011000315469573253
132,0.00010603451684194928,0.00010152968723559753,0.00010613299483407493,0.00010720377137768083
133,0.00010140996183811998,9.769848547875881e-05,0.00010396308222358735,0.00010377342881984079
134,9.732411983552286e-05,0.00011962758435402066,0.00010186955825516228,0.00010055936751305128
135,0.0001102353238254889,9.410236205440015e-05,9.987234175787305e-05,9.885517220827755e-05
136,9.299993440638192e-05,9.156451851595193e-05,9.7877322214966e-05,9.692955816863106e-05
137,9.227321069273683e-05,8.540518771042115e-05,9.581208011109588e-05,9.548394129378721e-05
138,9.015809666986267e-05,8.428916655248031e-05,9.418391705645869e-05,9.371206915238873e-05
139,8.802990225376562e-05,9.146933327428996e-05,9.260653680475013e-05,9.45797944208607e-05
140,8.817251493585193e-05,9.840056154644116e-05,9.128796818614421e-05,9.340589731000363e-05
141,8.865158710654617e-05,8.44013731693849e-05,8.977080136149501e-05,9.187450188910589e-05
142,8.63158290222701e-05,8.121165359625593e-05,8.835249221107613e-05,9.018811097485014e-05
143,8.122595977814247e-05,8.742279838770628e-05,8.693754613632339e-05,8.849946376867591e-05
144,8.472760896741723e-05,7.821584469638765e-05,8.563733803457583e-05,8.720919577172026e-05
145,8.522665588922488e-05,7.494664692785591e-05,8.424535014459656e-05,8.6443563667126e-05
146,8.120490335083256e-05,7.723050599452108e-05,8.30906072127012e-05,8.522178574930877e-05
147,7.883622670002903e-05,8.30501687596552e-05,8.23864768705486e-05,8.29996801854577e-05
148,8.010019860295061e-05,7.487622657208704e-05,8.069875453107264e-05,8.188491251203233e-05
149,7.596183280434667e-05,9.364675526740029e-05,7.96989377381073e-05,8.071932520251722e-05
150,7.767639423642929e-05,7.702239585341886e-05,7.879871676365533e-05,8.006417241413147e-05
151,7.524585183192458e-05,0.00014332688937429338,7.793463418881097e-05,7.92539060523268e-05
152,8.32884082208491e-05,8.032409037696198e-05,7.705822102790181e-05,7.848432699684056e-05
153,7.469323867957832e-05,7.244547450682148e-05,7.623337879453579e-05,7.735136868432165e-05
154,7.732105693624665e-05,6.786115627619438e-05,7.53044542662489e-05,7.697255479870365e-05
155,7.236214862334438e-05,6.858496300992555e-05,7.44915214218458e-05,7.662665709503928e-05
156,7.145796881458309e-05,7.157606480177492e-05,7.389916185250815e-05,7.561202588258311e-05
157,7.123481959246824e-05,8.238888462074101e-05,7.323848065506251e-05,7.492860184283926e-05
158,7.254138854073567e-05,6.715403753332794e-05,7.263091582442738e-05,7.427496684831568e-05
159,7.972086128170809e-05,6.407494525774382e-05,7.188952071171823e-05,7.355139146093282e-05
160,6.804226533859037e-05,6.623317021876573e-05,7.157979649976672e-05,7.310979578178378e-05
161,6.80045145822482e-05,6.242483577807434e-05,7.087086441881386e-05,7.318519916734658e-05
162,6.97676863314377e-05,6.902636800077743e-05,7.027763580974556e-05,7.173815310234204e-05
163,6.855603229875366e-05,6.403250750736334e-05,6.965875803434758e-05,7.164155031787231e-05
164,6.611957323103626e-05,7.222985688713379e-05,6.9067858989648e-05,6.886032026959584e-05
165,6.755145910170136e-05,7.00766037334688e-05,6.825961577220975e-05,6.819372608442792e-05
166,6.542847389937379e-05,7.493102602893487e-05,6.769815143747514e-05,6.767724783858284e-05
167,6.59925079121927e-05,7.25642110046465e-05,6.713574949891255e-05,6.734233374590985e-05
168,6.641697054470165e-05,6.205701807630248e-05,6.678033146405748e-05,6.80165612953715e-05
169,6.821057903127642e-05,6.113024370279164e-05,6.636428936779137e-05,6.836804570630194e-05
170,7.003753512334596e-05,5.860577206476592e-05,6.598095545357661e-05,6.769663101877086e-05
171,6.2670025533104e-05,5.914112130994909e-05,6.560349536820365e-05,6.860465097124687e-05
172,7.109312140124125e-05,7.201027678092942e-05,6.487240388038722e-05,6.819314488675444e-05
173,6.2376896579129e-05,7.676131121115759e-05,6.459423391465357e-05,6.846150826313532e-05
174,6.113111757763869e-05,5.7470603642286734e-05,6.422152937900845e-05,6.900738823460416e-05
175,6.22044498514798e-05,7.460732624167576e-05,6.37964066962013e-05,6.840331964776852e-05
176,6.047337571443576e-05,7.379613816738129e-05,6.338812125355212e-05,6.809524079435505e-05
177,6.308232778489279e-05,6.365923574776389e-05,6.302631866290337e-05,6.932918577222155e-05
178,6.065663031121302e-05,5.953351836069487e-05,6.264265146261702e-05,6.871420307434165e-05
179,6.326100847218186e-05,5.948830395936966e-05,6.246805087042351e-05,6.790313952951693e-05
180,6.347669775196765e-05,8.544065174646675e-05,6.206535426253039e-05,6.726186673622579e-05
181,6.105691640793035e-05,8.036317507503554e-05,6.188050945121277e-05,6.720617270329967e-05
182,6.16514717370996e-05,6.560351743246428e-05,6.143779704386057e-05,6.699016317725182e-05
183,6.310488640641173e-05,8.985453634522855e-05,6.087008484658629e-05,6.680019161431118e-05
184,6.14435740862973e-05,5.378729314543307e-05,6.065496897079155e-05,6.648757421062328e-05
185,6.10880161952486e-05,7.294225462828763e-05,5.9984582677457696e-05,6.567166523891502e-05
186,5.868690119112014e-05,7.607183506479487e-05,5.9762681152076564e-05,6.46604172885418e-05
187,5.913961926125921e-05,5.3924653329886496e-05,5.953669807317459e-05,6.440386020694861e-05
188,5.834889623252416e-05,5.633053617202677e-05,5.9372522881797824e-05,6.462844381458126e-05
189,5.7074508464817576e-05,0.00010307848133379593,5.93531623269276e-05,6.387439926038497e-05
190,5.795977909454248e-05,5.470203628647141e-05,5.902703095149869e-05,6.350651752436535e-05
191,6.106345909453619e-05,5.465443740831688e-05,5.8826758162791115e-05,6.340679082786665e-05
192,5.592509271486455e-05,5.653239117236808e-05,5.8571633646109445e-05,6.318388814688661e-05
193,6.17958502617613e-05,6.066466725314967e-05,5.846408644574694e-05,6.207729180459865e-05
194,5.714276884747152e-05,5.573000555159524e-05,5.815849816361959e-05,6.0962684464175256e-05
195,5.5844730191488955e-05,5.385648299125023e-05,5.779447339785595e-05,6.03532603941858e-05
196,5.7292128638235026e-05,5.132568621775135e-05,5.757504728325229e-05,5.9112052945420156e-05
197,5.433346406789497e-05,5.161255248822272e-05,5.725036625711557e-05,5.9046955569647264e-05
198,5.6829358444600886e-05,5.1480112451827155e-05,5.696802297607063e-05,5.841047073481606e-05
199,5.548154060508952e-05,5.105667660245672e-05,5.672826600429188e-05,5.727066305116751e-05
200,5.8100070067060494e-05,8.022191643249244e-05,5.6477972332181196e-05,5.7238669926300655e-05
201,5.998936184268031e-05,5.494502431247383e-05,5.6211637875983595e-05,5.711840247968212e-05
202,5.492904339917004e-05,5.446219234727323e-05,5.593778514432617e-05,5.5119882721919565e-05
203,5.56498105935235e-05,5.704035094822757e-05,5.5807992376180156e-05,5.5092004465404894e-05
204,5.688289555514024e-05,5.391573693486862e-05,5.5579148481289544e-05,5.474503037403337e-05
205,6.078801774290494e-05,5.777574318926781e-05,5.5405615307649385e-05,5.440445167478173e-05
206,5.3417209354746674e-05,5.249799156445078e-05,5.493956573061748e-05,5.3894153801957155e-05
207,5.2550852593008634e-05,5.036791568272747e-05,5.4835303861828934e-05,5.4846855805953965e-05
208,5.7619233541319975e-05,5.8824350126087666e-05,5.47829257149715e-05,5.454345752368682e-05
209,5.3326548432879565e-05,5.2159858751110735e-05,5.4606287222769527e-05,5.4407155513763436e-05
210,5.4029434169125227e-05,5.703013375750743e-05,5.435284203397006e-05,5.421981012914331e-05
211,5.2692976896651086e-05,4.7576642973581326e-05,5.4051682170635716e-05,5.404068094212563e-05
212,5.288227745849225e-05,5.312482520821504e-05,5.38400939568722e-05,5.390070177381859e-05
213,5.169053482758399e-05,5.3323850006563587e-05,5.348703659385341e-05,5.2598030451918026e-05
214,5.022819017338204e-05,5.311548738973215e-05,5.303673915623222e-05,5.2152847620891415e-05
215,5.471495989089211e-05,5.40050798736047e-05,5.2834640237981354e-05,5.175985472160393e-05
216,5.5342361722270856e-05,4.598008512402885e-05,5.258410841440007e-05,5.135979075566867e-05
217,5.1586763373860676e-05,4.8017923691077156e-05,5.22157703943473e-05,5.121460892842153e-05
218,5.014461083596365e-05,4.7907220432534816e-05,5.168492877629535e-05,5.0984023534692836e-05
219,5.453622212775776e-05,7.954755565151573e-05,5.144360488662239e-05,5.1039308635517964e-05
220,5.453527652005303e-05,4.62715259345714e-05,5.130400749977627e-05,5.124904027325102e-05
221,5.2876166333185716e-05,4.7918135969666764e-05,5.100268496672571e-05,5.0702149496646606e-05
222,4.799733434790849e-05,4.692891787271947e-05,5.0863574797404e-05,5.038517350913026e-05
223,4.930036186124198e-05,4.7001882776385174e-05,5.069941449748715e-05,4.979084283695557e-05
224,5.019183526100177e-05,4.755719739478082e-05,5.050127992063709e-05,5.067485242616386e-05
225,4.9273635991590305e-05,4.76551333849784e-05,5.028630811041997e-05,5.02715730748605e-05
226,4.873192590215088e-05,4.381545353680849e-05,5.001322713441267e-05,4.989222153672018e-05
227,4.9876570442898404e-05,4.463736986508593e-05,4.991479920055199e-05,4.945200688962359e-05
228,4.938651500399121e-05,4.703875179984607e-05,4.983449753748976e-05,4.9756637591053734e-05
229,4.767444505382122e-05,5.028619125369005e-05,4.946922303901778e-05,4.959985076857266e-05
230,4.7516977291605955e-05,5.2011108346050604e-05,4.922875864107886e-05,4.9505475049954846e-05
231,4.7384112112922596e-05,5.388011908507906e-05,4.90859396076606e-05,4.935379446542356e-05
232,4.9060917921855836e-05,5.56112066260539e-05,4.8639097565319396e-05,4.7931069662445225e-05
233,5.0086170215056176e-05,4.5152080710977314e-05,4.828777179548827e-05,4.911210335267242e-05
234,4.984879419983675e-05,4.4235459063202144e-05,4.802948282352493e-05,4.879606202885044e-05
235,4.992542667120385e-05,4.217186695314012e-05,4.796580555169687e-05,4.937263088941109e-05
236,4.7739612475399755e-05,6.967688270378858e-05,4.795580079371575e-05,4.9267013071221305e-05
237,4.750798220306428e-05,4.3042841425631196e-05,4.7824078933788564e-05,4.917965229542461e-05
238,4.4863510427401504e-05,4.384006155305542e-05,4.762423878774926e-05,4.909080910438207e-05
239,4.77674918268652e-05,4.211012121231761e-05,4.7440109519650124e-05,4.919281002075878e-05
240,5.270741831433649e-05,6.162084740935824e-05,4.7262384576929935e-05,4.9495763608138086e-05
241,4.62104992604711e-05,4.206041456200183e-05,4.7112851869961655e-05,5.035530995519367e-05
242,4.5575153425387625e-05,4.565853072563186e-05,4.6961937323147945e-05,5.0053814068087385e-05
243,4.6574135000507035e-05,4.4115205819252877e-05,4.678825117136714e-05,4.984354959742632e-05
244,4.336517106922757e-05,4.39794355770573e-05,4.6770599065025127e-05,4.933724718575832e-05
245,4.575213227427513e-05,7.57973681902513e-05,4.663388153518704e-05,4.877969673543703e-05
246,4.641894203410225e-05,4.0017102874116974e-05,4.632967021413302e-05,4.874409535841551e-05
247,4.6405402552207104e-05,6.134313938673586e-05,4.6138478190793336e-05,4.882968570746016e-05
248,4.905024291171382e-05,4.436143732164055e-05,4.583750949144208e-05,4.8747095739236105e-05
249,4.6898788762822124e-05,4.53731779998634e-05,4.5581147764136806e-05,4.758697214419953e-05
250,4.427763234060775e-05,4.543405360891484e-05,4.546864843448727e-05,4.7969179711071776e-05
251,4.4128694199672385e-05,4.6365476446226236e-05,4.538522226697144e-05,4.8018814623355866e-05
252,4.543344687489379e-05,5.2211209549568594e-05,4.514567285595047e-05,4.7950163143104874e-05
253,4.564819732978423e-05,6.852741047623567e-05,4.462875160388649e-05,4.75482030044077e-05
254,4.390158138347841e-05,4.274879407603293e-05,4.439415912331444e-05,4.7482844829210086e-05
255,4.3174823497085725e-05,4.675449657952413e-05,4.425882146590285e-05,4.801127371320036e-05
256,4.694280945437236e-05,4.122255879337899e-05,4.4012738124971895e-05,4.797965778270737e-05
257,4.564297967590392e-05,4.167244536802173e-05,4.41057469084626e-05,4.7790496092056854e-05
258,4.248088718870551e-05,4.4262046285439285e-05,4.3937234554646745e-05,4.6626472251955413e-05
259,4.5068993616344716e-05,4.6375217789318415e-05,4.377043983452798e-05,4.652710266236681e-05
260,4.2401209187422256e-05,4.010711774753872e-05,4.358457299434425e-05,4.5781789257307534e-05
261,4.133056929276791e-05,4.067379282787442e-05,4.334178319388431e-05,4.564618098083884e-05
262,4.4695498961825956e-05,5.2598030597437175e-05,4.3290033032018175e-05,4.543232910800725e-05
263,4.277785623950573e-05,4.50809343601577e-05,4.314638227256688e-05,4.532059422926978e-05
264,4.177875655134105e-05,4.039383420604281e-05,4.29130135495345e-05,4.4932254817103964e-05
265,3.978438701273667e-05,5.157184394192882e-05,4.2650775851668894e-05,4.4375623940140935e-05
266,4.034568724617e-05,4.042646018206142e-05,4.246875268096726e-05,4.306127660674975e-05
267,4.2191711990098053e-05,5.8869252825388685e-05,4.219525631358718e-05,4.281039445486387e-05
268,4.042205147723305e-05,4.3324807556928135e-05,4.1972716214594485e-05,4.251296632282902e-05
269,4.569039065649526e-05,3.925039331079461e-05,4.178232838344734e-05,4.2316984783974486e-05
270,4.153932342887856e-05,4.6696772187715396e-05,4.163295074168773e-05,4.402340156084393e-05
271,4.22490740311332e-05,3.753286313440185e-05,4.1781456899641655e-05,4.367758129956201e-05
272,4.1758731547613735e-05,4.27103042602539e-05,4.172339499038774e-05,4.3750879971776164e-05
273,4.2980497900215494e-05,4.097123040992301e-05,4.160461054173842e-05,4.354284061701037e-05
274,4.560503471616863e-05,4.0026881179073827e-05,4.1481763101667954e-05,4.332672193704639e-05
275,4.0686363354325296e-05,4.264068164047785e-05,4.132782734151181e-05,4.30745900986949e-05
276,3.8294476123863e-05,3.66569911420811e-05,4.1227218237246346e-05,4.266007780679502e-05
277,3.887750442825361e-05,3.8295437625492924e-05,4.1305146509128267e-05,4.2679375316947696e-05
278,4.109761806224317e-05,3.566872714145575e-05,4.119371255526656e-05,4.2942760302685207e-05
279,3.7064172198976544e-05,3.64767402788857e-05,4.118190592255108e-05,4.319216699805111e-05
280,3.761132102226838e-05,3.931879327865317e-05,4.108344305051206e-05,4.2378905255463906e-05
281,4.218311367569388e-05,3.632302032201551e-05,4.089092076901579e-05,4.207169093133416e-05
282,4.190853863191377e-05,8.433286478975788e-05,4.0600089067690226e-05,4.185642024385743e-05
283,4.6193541137553336e-05,3.561653975339141e-05,4.057322866590564e-05,4.133714530908037e-05
284,4.361744588499682e-05,4.820768459467217e-05,4.03574349369996e-05,4.128359478781931e-05
285,3.943159797118925e-05,3.490613387839403e-05,4.015297954045106e-05,4.1002041703904976e-05
286,3.8259383291006086e-05,3.527082582877483e-05,4.006592321982478e-05,4.113389737904071e-05
287,4.084710495792226e-05,4.629473463864997e-05,3.9718124000581967e-05,4.11274868878536e-05
288,4.026262863286926e-05,3.471812706266064e-05,3.945339810565606e-05,4.074294087477028e-05
289,4.372696334838919e-05,4.087627195985988e-05,3.951545972910632e-05,4.062110941158607e-05
290,3.6998538166194016e-05,5.815646858536638e-05,3.941024200871147e-05,4.126657737360802e-05
291,4.005052142828289e-05,4.666162756620906e-05,3.9287397121693675e-05,4.131859809567686e-05
292,3.973014018912282e-05,3.853770926070865e-05,3.937264998514567e-05,4.117537681304384e-05
293,3.5608994439826345e-05,3.56444494536845e-05,3.9320218396056187e-05,4.101158462581225e-05
294,3.841959812335618e-05,3.386862612387631e-05,3.9150198486135605e-05,4.09066733205691e-05
295,4.086781338426388e-05,3.371489881828893e-05,3.883999092035487e-05,3.8879426417406646e-05
296,3.685423080848219e-05,3.619410010287538e-05,3.8421646143251565e-05,3.9436844838201065e-05
297,3.664734663390037e-05,3.5671477162395606e-05,3.806719939699784e-05,3.894175835885108e-05
298,4.0804089884558277e-05,4.4267622288316486e-05,3.7874330111177783e-05,3.921604342176579e-05
299,3.691005423509826e-05,3.986661889939569e-05,3.77411852317487e-05,4.097098771890159e-05
300,3.406821598117757e-05,3.302703131339513e-05,3.7647772897455266e-05,4.041328787570819e-05
301,3.9846016710119634e-05,3.361120456247591e-05,3.745295982759367e-05,4.067476681957486e-05
302,3.624706141838235e-05,5.443213667604141e-05,3.709727785204046e-05,4.0431218047160656e-05
303,3.802649588679843e-05,3.6969245193176904e-05,3.707404804703806e-05,3.936719519551844e-05
304,3.919549378527639e-05,3.289620821306016e-05,3.688454939644241e-05,3.9826385676860804e-05
305,3.630053129503115e-05,3.522398859786335e-05,3.684676762932214e-05,3.973351343593094e-05
306,3.793261592767926e-05,3.370023769093678e-05,3.692238333217878e-05,3.967109712830278e-05
307,3.415334948739554e-05,3.365169221069664e-05,3.6735242618629465e-05,3.9553943937062275e-05
308,3.5734921709970677e-05,4.95520002732519e-05,3.6848956701093526e-05,3.948294786969199e-05
309,3.475627722865384e-05,3.5830522610922346e-05,3.673752050073948e-05,3.926966439466923e-05
310,3.460986582568795e-05,4.176326045126188e-05,3.6597855047794946e-05,4.0012867402401746e-05
311,3.4930761305278996e-05,7.914443325717002e-05,3.62729034135959e-05,3.945363490784075e-05
312,3.851179660058632e-05,3.235223855881486e-05,3.610209084727103e-05,3.905556894023902e-05
313,3.539230188632953e-05,4.1255100659327584e-05,3.623607131998546e-05,3.906476741831284e-05
314,3.483491395955853e-05,3.4787552649504506e-05,3.607343737175041e-05,3.91044892341597e-05
315,3.641779304113394e-05,3.155589729431085e-05,3.589128954481566e-05,3.8132512001902796e-05
316,3.531305516339166e-05,5.8141389599768447e-05,3.587368356093065e-05,3.82358017785009e-05
317,3.8785596011115965e-05,3.621590323746204e-05,3.583028154437973e-05,3.88422627816908e-05
318,3.749938701124241e-05,3.4084041762980634e-05,3.563460507430136e-05,3.9032503197086045e-05
319,3.374108028462312e-05,3.0939796342863705e-05,3.5422927018306737e-05,3.8887715400778685e-05
320,4.371066544586534e-05,3.193999713403173e-05,3.541282268189309e-05,3.875529200304299e-05
321,3.406832579963116e-05,3.0862013227306305e-05,3.55944631925215e-05,3.797464139352087e-05
322,3.3155710310287155e-05,5.4251552355708555e-05,3.5470698367054064e-05,3.812464179063682e-05
323,3.2680299029582074e-05,3.0286809924291447e-05,3.557301694705125e-05,3.770952420600225e-05
324,3.263974007697672e-05,2.991496970935259e-05,3.547245205279776e-05,3.587971767410636e-05
325,3.74177277990384e-05,3.325699326524045e-05,3.523522703827539e-05,3.576671297487337e-05
326,3.578016800424343e-05,3.460424995864742e-05,3.505532698650818e-05,3.5263090216903946e-05
327,3.1693365745013576e-05,3.0132705869618804e-05,3.50182516524607e-05,3.5125361479003916e-05
328,3.75863462896733e-05,3.9551489608129485e-05,3.4875429023749246e-05,3.5222492733737454e-05
329,3.81104433715033e-05,4.805773329280783e-05,3.4657692789106576e-05,3.4488531891838644e-05
330,3.1408619543071835e-05,3.997999898274429e-05,3.442973798163519e-05,3.432720854179933e-05
331,3.2640664527813594e-05,3.0080542783252894e-05,3.428553199935575e-05,3.448821867641527e-05
332,3.3900741077054083e-05,3.0341107267304322e-05,3.421043387222905e-05,3.446572803368327e-05
333,4.027593447568102e-05,3.0035735035198742e-05,3.367476529561422e-05,3.438102166110185e-05
334,3.166215659196799e-05,3.958053253882099e-05,3.3694484638949184e-05,3.4843159661977566e-05
335,3.716783032561782e-05,3.138532083539758e-05,3.365744910633011e-05,3.6317672699806284e-05
336,3.2416638948941705e-05,3.339926995977294e-05,3.359702967653801e-05,3.7104830352473076e-05
337,3.258117123752729e-05,2.952712107799016e-05,3.3640151836476026e-05,3.7733163413940934e-05
338,3.0894800592149195e-05,2.866453171009198e-05,3.342986548393835e-05,3.751527034037281e-05
339,3.3908030608371416e-05,3.134433420200367e-05,3.3416213804189786e-05,3.7416377165936865e-05
340,3.28472273233476e-05,3.398417866264936e-05,3.3328156692409214e-05,3.765170965925791e-05
341,2.986964929732494e-05,3.979236855229829e-05,3.303846874736741e-05,3.719856355746742e-05
342,3.308672582433145e-05,3.218281948647928e-05,3.265394835923669e-05,3.6354630862479096e-05
343,3.389423745425625e-05,3.8109295128379015e-05,3.265853998681349e-05,3.759195425955113e-05
344,3.1863627106455777e-05,3.037753027456347e-05,3.2514445661056216e-05,3.765818901883903e-05
345,3.0318951030494645e-05,2.982233781949617e-05,3.232126641523791e-05,3.773674640106037e-05
346,3.456130938300501e-05,4.241546324919909e-05,3.198110424677401e-05,3.7689244290231725e-05
347,3.2229821994810156e-05,9.111437830142677e-05,3.188767481753732e-05,3.7268817363656125e-05
348,3.11698132847798e-05,4.996575124096125e-05,3.155587881240839e-05,3.7208645805367266e-05
349,3.371779407542716e-05,4.562329624604899e-05,3.140874890701121e-05,3.6905048173503015e-05
350,3.21605689855965e-05,2.780966642603744e-05,3.164913234391457e-05,3.692604618845508e-05
351,3.543887601052928e-05,3.213192059774883e-05,3.1562402894228905e-05,3.720713925722521e-05
352,2.949193795049925e-05,3.601601820264477e-05,3.133454774603403e-05,3.7174149998463696e-05
353,3.0344147663628164e-05,2.8222837063367478e-05,3.1126999326968676e-05,3.716952925897204e-05
354,2.8497433668235317e-05,2.6959415918099695e-05,3.11336330713756e-05,3.6906306067248804e-05
355,3.1523410232491893e-05,7.091308390954509e-05,3.1103929275155276e-05,3.6827229044865815e-05
356,2.9038306383881718e-05,3.173641176545061e-05,3.089081373764202e-05,3.657596935227047e-05
357,2.9071259931596514e-05,3.230504182283766e-05,3.0763443454149334e-05,3.6586393314064475e-05
358,3.1771880264083546e-05,2.8848182264482602e-05,3.067467383273955e-05,3.644328825175762e-05
359,2.932642086105059e-05,2.906985937443096e-05,3.0433286942651543e-05,3.6405580610153266e-05
360,2.8872930197394453e-05,2.9881031878176145e-05,3.0368082994795655e-05,3.38772851973772e-05
361,2.873839131401231e-05,2.5809329163166694e-05,3.06063242542829e-05,3.298945358255878e-05
362,3.859075716011123e-05,3.0052071451791562e-05,3.0337490444880025e-05,3.26223649259191e-05
363,2.872656435000762e-05,3.56918584293453e-05,3.015267943054722e-05,3.275425910251215e-05
364,2.821165190349954e-05,3.051960273296572e-05,2.9813792681832436e-05,3.303599520586431e-05
365,2.765851684671361e-05,3.3868660175357945e-05,2.980964671765428e-05,3.264223774895072e-05
366,3.0035492907498135e-05,3.32117887592176e-05,2.968040638257258e-05,3.264715773693751e-05
367,3.234413091882339e-05,3.0205893926904538e-05,2.9592893533764358e-05,3.2665397477103396e-05
368,2.856634901642489e-05,3.182780281349551e-05,2.9425628292665355e-05,3.103198821772821e-05
369,2.8679370019138635e-05,3.063812931941356e-05,2.944509967265832e-05,3.0773665368906224e-05
370,2.809971049524999e-05,2.6244711261824704e-05,2.95169982401098e-05,3.074484936369117e-05
371,2.852663713080498e-05,4.147277220909018e-05,2.933876825150543e-05,3.055102962534875e-05
372,3.0599723298413056e-05,2.790699298202526e-05,2.9193498960456865e-05,3.040660968690645e-05
373,3.7125844771960854e-05,2.7769960870500653e-05,2.9082941927643133e-05,3.0284074423252605e-05
374,2.6996948840355292e-05,3.644607983005699e-05,2.898990423855139e-05,3.0218496220186358e-05
375,2.7540293627276292e-05,3.1107020840863695e-05,2.851825382984114e-05,3.0520406700088645e-05
376,2.696670729265962e-05,3.917532318155281e-05,2.8541079101301474e-05,3.0191979210940187e-05
377,2.9388288846045424e-05,2.617208177980501e-05,2.8486080252817678e-05,2.9947814947809095e-05
378,2.7113139286585568e-05,2.834583676303737e-05,2.844222677861884e-05,2.959274033200927e-05
379,2.630961244802974e-05,2.741540942224674e-05,2.8436837153761494e-05,2.9208282838226295e-05
380,2.7341779205016792e-05,3.0077852425165475e-05,2.825791011386577e-05,2.9282906217849813e-05
381,2.9525090883705868e-05,2.5278340544900856e-05,2.813534564451806e-05,2.911545024253428e-05
382,3.0868724117883375e-05,3.158464169246144e-05,2.806283256795723e-05,2.935637223708909e-05
383,2.731613054897429e-05,2.4002688805921936e-05,2.799010954638814e-05,2.936929067655001e-05
384,2.5694688584836613e-05,2.545936091337353e-05,2.783319348382065e-05,2.8731794361374344e-05
385,2.6109004377051154e-05,2.681765028683003e-05,2.766049948162011e-05,2.8516065220173916e-05
386,2.6412449086718778e-05,2.416987408651039e-05,2.730579264704526e-05,2.984550280525582e-05
387,2.6799496942354988e-05,3.7599833449348806e-05,2.7284028171399965e-05,2.93079660172225e-05
388,2.9297196136515897e-05,2.748117120063398e-05,2.7104945073531576e-05,2.8956414047570432e-05
389,2.6836680691404682e-05,2.44154961546883e-05,2.7072816379141935e-05,2.8343720712291546e-05
390,2.6562179991742598e-05,2.4991794780362398e-05,2.687668620670188e-05,2.8397961369773837e-05
391,2.9900752286064543e-05,2.360035141464323e-05,2.6891788433648698e-05,2.8876905342622196e-05
392,2.7870954921430286e-05,3.207147841749247e-05,2.6784578084900407e-05,2.8758040133106987e-05
393,2.550223728273219e-05,2.764140343060717e-05,2.6779781111367304e-05,2.9513130876875947e-05
394,2.686654310511787e-05,3.666117918328382e-05,2.6601593914771606e-05,2.9628217416757254e-05
395,2.628163495602267e-05,2.656767224834766e-05,2.638846553050421e-05,2.9313132488459814e-05
396,2.4603735566617817e-05,2.5535364329698496e-05,2.632336423347523e-05,2.9274739547690842e-05
397,2.6282373243399587e-05,2.2513764452014585e-05,2.6261854063260318e-05,2.921115780918626e-05
398,2.8258173907589582e-05,6.100590049754828e-05,2.624020340719855e-05,3.033621356153162e-05
399,2.645283694922303e-05,2.300766012922395e-05,2.6170560735691747e-05,3.0375373129209035e-05
400,2.3063216180566493e-05,2.2318221599562094e-05,2.6214193777478713e-05,2.9887136381876184e-05
401,2.6163489932918715e-05,2.3857989799580536e-05,2.6051489284145645e-05,2.9696678595792028e-05
402,2.4485034535043977e-05,2.7528098216862416e-05,2.6008946010390194e-05,2.965826892032054e-05
403,2.74906949602559e-05,4.031943608424626e-05,2.5892961339236032e-05,3.019281795568531e-05
404,2.3629353729322448e-05,2.4443779184366578e-05,2.5729532974461715e-05,3.0378284542530305e-05
405,2.7221854866689277e-05,4.895512101938948e-05,2.5612983198112086e-05,2.992711840634001e-05
406,2.5070410968813426e-05,2.8155504041933453e-05,2.552470199265776e-05,3.0189784457616038e-05
407,2.554051451119853e-05,2.37075184850255e-05,2.5313810755809148e-05,2.9623027738125528e-05
408,2.5688598123249702e-05,2.3042865286697634e-05,2.5092681473243934e-05,2.940338641492417e-05
409,2.415693432946379e-05,2.3869817450759e-05,2.50617396802732e-05,2.949633554526372e-05
410,2.5567737975507043e-05,5.494404409546405e-05,2.494469189211183e-05,2.9804480393067934e-05
411,2.4671382299048773e-05,2.514886327844579e-05,2.471974855660745e-05,2.8344143280992287e-05
412,2.7890322987029018e-05,2.539391476602759e-05,2.4537031104328984e-05,2.8988328800187443e-05
413,2.5229583803189194e-05,2.271972654853016e-05,2.472995988355251e-05,2.9010135601856748e-05
414,2.5773098847518365e-05,2.3455254267901183e-05,2.461164374593257e-05,2.903122804127634e-05
415,2.3662563212888523e-05,3.835552066448145e-05,2.448430641201816e-05,2.9624559279181994e-05
416,2.581504316670665e-05,2.8237016085768118e-05,2.435044546711853e-05,2.8937304002465678e-05
417,2.495721051268952e-05,2.0792325012735092e-05,2.430611928963723e-05,2.9081644539837726e-05
418,2.3295207146374096e-05,3.4208054712507875e-05,2.440678220009431e-05,2.8380032893619502e-05
419,2.159426218390258e-05,2.249226119602099e-05,2.4368388717185652e-05,2.805278893647483e-05
420,2.0753402891892214e-05,2.1076639168313704e-05,2.416507195399996e-05,2.8030344507715196e-05
421,2.3830190742349562e-05,2.7859092588187194e-05,2.421845894827533e-05,2.7928069706831593e-05
422,2.3356178539365324e-05,3.0217385647119953e-05,2.4078147236206048e-05,2.8281777164374944e-05
423,2.2634590519980215e-05,2.449747269565705e-05,2.397526692560253e-05,2.697315068653552e-05
424,2.1884900642261426e-05,3.9112298109102996e-05,2.382059926328818e-05,2.710279929597164e-05
425,2.7886435661154488e-05,2.2863391641294584e-05,2.3582172072524878e-05,2.686737767216983e-05
426,2.3205586492420278e-05,2.4385300785070287e-05,2.3481270679621957e-05,2.68215036005131e-05
427,2.130160118718373e-05,4.236137916450389e-05,2.3245619153668587e-05,2.7765233621175867e-05
428,2.414417133776523e-05,2.3138054166338408e-05,2.3152648239354473e-05,2.7071409935888375e-05
429,2.2521199292289868e-05,2.805229261866771e-05,2.2991054092077928e-05,2.670606010651682e-05
430,2.973842762811627e-05,3.1414829863933845e-05,2.2910976999183835e-05,2.7046203578356658e-05
431,2.4110573896096967e-05,1.9974405113316606e-05,2.2775567234768665e-05,2.6466997085663028e-05
432,2.0457595431556305e-05,2.3146407766034827e-05,2.2740885122119735e-05,2.6365700199676214e-05
433,2.7023272980133898e-05,2.048599526460748e-05,2.2737138831143965e-05,2.629755554371514e-05
434,2.064914152773175e-05,3.271250388934277e-05,2.257832339374646e-05,2.663715025992133e-05
435,2.299573021041902e-05,2.222838214947842e-05,2.2449342806147697e-05,2.6650816475739703e-05
436,2.080469074119012e-05,2.8390078514348717e-05,2.2396852195783545e-05,2.6409664511447777e-05
437,2.192964321794635e-05,1.9508374170982277e-05,2.243850556672745e-05,2.583919624739792e-05
438,2.270704898061619e-05,2.1572874757112004e-05,2.2268921986930464e-05,2.6970516701112504e-05
439,1.98818106986841e-05,4.704850478447042e-05,2.221732673020193e-05,2.6878661762748382e-05
440,2.1338290355035698e-05,2.1009928532293997e-05,2.2098176832676273e-05,2.6008673613250722e-05
441,2.177518948479297e-05,1.9103270351479295e-05,2.1959720589560075e-05,2.623143520177109e-05
442,2.2955283190337164e-05,2.9295911808731034e-05,2.1912243443997193e-05,2.5921286868106108e-05
443,1.990996303599483e-05,1.9727892395167144e-05,2.156361819466434e-05,2.5680655361793467e-05
444,2.072720936767938e-05,1.995983904635068e-05,2.155314016765462e-05,2.732781788799912e-05
445,2.0659745617498024e-05,1.9373022769286764e-05,2.1589433825202937e-05,2.719487649446819e-05
446,1.985980480741192e-05,3.634896049334202e-05,2.128306112596571e-05,2.7376507307053543e-05
447,2.0131663849396218e-05,3.055904104257934e-05,2.1249742581777457e-05,2.7574105537496508e-05
448,2.132232526087642e-05,1.8468673588358797e-05,2.11911324802107e-05,2.832845391531009e-05
449,2.2926234915859013e-05,2.4850591507856734e-05,2.1130526866262596e-05,2.7996018072008155e-05
450,2.3646846166229807e-05,5.1146402984159065e-05,2.1266615022371606e-05,2.8229226480470967e-05
451,2.1915705074206925e-05,2.2088927325967235e-05,2.1101693252583374e-05,2.81811867345823e-05
452,1.8322853749042326e-05,2.0611675427062438e-05,2.110450345038165e-05,2.7070119214477018e-05
453,2.0682765259860186e-05,2.8707093879347667e-05,2.0998577633710945e-05,2.718072509742342e-05
454,2.1334270653217875e-05,2.029858427704312e-05,2.086276069603628e-05,2.7112062589731067e-05
455,2.1022796394794973e-05,2.5399042206117882e-05,2.0677268308807272e-05,2.6650544401491064e-05
456,2.3848623220854077e-05,6.11534682684578e-05,2.068925313991107e-05,2.6845149022119587e-05
457,2.1364936870264098e-05,1.9822872927761638e-05,2.061930519590129e-05,2.6729088461434e-05
458,1.9363955499203357e-05,2.502676557924133e-05,2.0730657600991743e-05,2.6672090358624698e-05
459,1.9816177923025357e-05,3.765245965041686e-05,2.0683123600125938e-05,2.5923301493457982e-05
460,2.1530477671250182e-05,4.108709159481805e-05,2.0574341293346757e-05,2.549146480450872e-05
461,1.92895503924875e-05,2.007918243180029e-05,2.040461398298956e-05,2.5852534049772655e-05
462,2.533184712067143e-05,2.5338584382552654e-05,2.0224917567490292e-05,2.5511363788973538e-05
463,1.858400473591044e-05,2.0371881109895185e-05,2.0062211953983124e-05,2.4218577543797435e-05
464,1.995206564364101e-05,1.9271816781838425e-05,1.9903783637790992e-05,2.403863461950095e-05
465,1.8690144938268028e-05,2.3775075605954042e-05,1.984196863518769e-05,2.6277611539990176e-05
466,1.837976604292635e-05,1.7386707659170496e-05,1.985998120491988e-05,2.6055410632397982e-05
467,1.8317973509611975e-05,1.775795710273087e-05,1.977640554250683e-05,2.653607608517632e-05
468,2.020958381358974e-05,2.459300791088026e-05,1.9681569153261887e-05,2.616833360079909e-05
469,1.8978510767434878e-05,1.7058325029211118e-05,1.9623988460969283e-05,2.462126333994093e-05
470,2.3443555744759378e-05,1.79480701990542e-05,1.9612098232674827e-05,2.44662234938005e-05
471,1.8671454785766803e-05,1.7629238864174114e-05,1.949884518883967e-05,2.4212762305978688e-05
472,1.7412106179916817e-05,1.9763123818847818e-05,1.9476451752901385e-05,2.3882284562569112e-05
473,1.7079142501946384e-05,2.749540471995715e-05,1.935121048502171e-05,2.3025123987463302e-05
474,1.843382452837735e-05,1.63213349878788e-05,1.943169896929046e-05,2.2996965487254782e-05
475,1.9579205828550686e-05,1.882674685475649e-05,1.915200674306511e-05,2.2820129222236574e-05
476,1.7954997169403617e-05,1.759035421855515e-05,1.924716437214455e-05,2.3252477173809895e-05
477,1.6777478683959796e-05,7.658609843929299e-05,1.9154547854365474e-05,2.3400765936821698e-05
478,2.1133079503164884e-05,2.3152071189542767e-05,1.9138284319908256e-05,2.3119206937553824e-05
479,1.9244879092891805e-05,3.23152205965016e-05,1.914946137435941e-05,2.3041513965290502e-05
480,1.865188666367127e-05,1.6205480096687098e-05,1.9127027561868693e-05,2.386222644272493e-05
481,2.240910591353895e-05,2.247671174700372e-05,1.905656548802249e-05,2.3668058503244537e-05
482,2.106768116290267e-05,1.5946876774250997e-05,1.892778259239599e-05,2.3581459213164632e-05
483,1.6532629403324486e-05,1.8690235883696004e-05,1.86690741399717e-05,2.3482928459998218e-05
484,1.925634202456826e-05,2.9390516065177508e-05,1.8591309549487455e-05,2.3494056469644413e-05
485,1.8399445974258318e-05,1.9658077217172832e-05,1.8568307703309178e-05,2.358545257739024e-05
486,2.1301762499206233e-05,1.9375219926587307e-05,1.8639742236539157e-05,2.5644193314656147e-05
487,1.8339541465037553e-05,2.091767775709741e-05,1.8645120705009002e-05,2.587318042205879e-05
488,2.096294546289654e-05,3.1180579899228175e-05,1.8599941043147638e-05,2.5891816907096655e-05
489,1.7636652699163985e-05,2.2979035857133568e-05,1.851279154111075e-05,2.5893089984310792e-05
490,1.828355657683763e-05,1.673610062425723e-05,1.847833032782849e-05,2.3623061041871553e-05
491,1.865919240420529e-05,1.5444383352587464e-05,1.8428588849443863e-05,2.380008907057345e-05
492,1.775712819734407e-05,3.827576903859153e-05,1.84558472976884e-05,2.3157219952554443e-05
493,1.844803196743467e-05,1.9738809423870407e-05,1.8309998705242634e-05,2.3259699376649227e-05
494,1.5758938376772374e-05,1.4893342777213548e-05,1.8062331128506536e-05,2.3091398364340423e-05
495,1.6975844434152048e-05,1.548480136989383e-05,1.794317155541244e-05,2.367956562666223e-05
496,1.672734002366067e-05,1.7907439105329103e-05,1.7918096070530332e-05,2.3861879287869675e-05
497,1.6837060025459827e-05,2.204802651249338e-05,1.780600596143308e-05,2.349638777086512e-05
498,1.8865005832695817e-05,7.896392315160484e-05,1.7702274037098204e-05,2.3286546459712557e-05
499,1.8568286240123498e-05,2.2046012672944927e-05,1.7474620651854725e-05,2.3394430799817203e-05
500,1.8449714282016634e-05,1.929265898070298e-05,1.7421441808417313e-05,2.338378212734824e-05
501,1.5776259618481467e-05,1.7622181148908565e-05,1.7205626687387448e-05,2.303664854698582e-05
502,1.5915948351903354e-05,1.9835374878311996e-05,1.7236539609439206e-05,2.2913478132977613e-05
503,1.9889542543549196e-05,2.757777190709021e-05,1.7113684230652226e-05,2.283189872832736e-05
504,1.9926340299005258e-05,1.6243492646026424e-05,1.6930532886827782e-05,2.302523988037137e-05
505,1.5005671852526979e-05,1.876746569905663e-05,1.6930635267635807e-05,2.348802874766988e-05
506,1.6217416495136503e-05,1.826918643928366e-05,1.692927139956737e-05,2.335906327643897e-05
507,1.8088691835550383e-05,3.065105833229609e-05,1.6901511438481978e-05,2.3376153950812294e-05
508,1.5905742281271765e-05,2.324807741388213e-05,1.6873416632653164e-05,2.352737237524707e-05
509,1.6454089297136914e-05,2.0253228140063584e-05,1.6951357681925095e-05,2.339346230146475e-05
510,1.5806147865886386e-05,1.4412044438358861e-05,1.6928723571860853e-05,2.318245081696659e-05
511,1.561042786811918e-05,2.2072328429203482e-05,1.689598591053962e-05,2.059638697101036e-05
512,1.7010070379102318e-05,2.0651460945373402e-05,1.6816666496985518e-05,2.0595487070386297e-05
513,1.5567567437149895e-05,2.2502240390167572e-05,1.669410425699122e-05,2.045794018195011e-05
514,1.8409475750458014e-05,1.9899775506928562e-05,1.6674805636931624e-05,2.054501933453139e-05
515,1.5212172107163091e-05,1.4696615508000833e-05,1.6632454417008883e-05,2.0370594000269192e-05
516,1.4080408808594155e-05,2.0277912153687793e-05,1.642599534623312e-05,1.9852512450597716e-05
517,1.7759687717544794e-05,4.9845490721054376e-05,1.6185506762364336e-05,1.978088809992187e-05
518,1.8413935265723718e-05,1.6514672643097585e-05,1.6253085734287096e-05,1.9654451763199175e-05
519,1.5064939349637522e-05,1.532060963654658e-05,1.6240592863485088e-05,1.988813580246642e-05
520,1.6273474288431722e-05,1.926526198076317e-05,1.6179828400668665e-05,1.9195012308773584e-05
521,1.8675866255459064e-05,1.455968726077117e-05,1.6093105980043118e-05,1.9227417666115798e-05
522,1.6271207273853684e-05,1.6772739400039427e-05,1.6060682304911703e-05,1.9276937819086016e-05
523,1.804656429966498e-05,1.4312327002699022e-05,1.5968974758531355e-05,1.949992099252995e-05
524,1.6585300901270885e-05,2.2023515157343354e-05,1.596677138125718e-05,2.0184387380140832e-05
525,1.5385658282159257e-05,1.5853986769798212e-05,1.5873887348829562e-05,2.0180318850907493e-05
526,1.5293794116991597e-05,1.9799159963440617e-05,1.5889367245836185e-05,1.9926593585114457e-05
527,1.4857167853834754e-05,1.5474741521757095e-05,1.5779835717370994e-05,2.009476637613261e-05
528,1.472806577415516e-05,1.4625733165303245e-05,1.574727619808982e-05,2.0495729873073285e-05
529,1.3914125702285673e-05,1.4452883879130241e-05,1.5759952849394824e-05,2.0267561418586412e-05
530,1.6695146150595974e-05,1.5606557280989363e-05,1.5631287525644037e-05,1.9441804473171942e-05
531,1.5905094725086303e-05,2.41112874209648e-05,1.5542185402995932e-05,1.9646528353041505e-05
532,1.6569580265139747e-05,1.3322970989975147e-05,1.5474036049999995e-05,1.9552107799972872e-05
533,1.373768176563317e-05,2.4058211347437465e-05,1.5396552445680656e-05,1.9424198016349688e-05
534,1.564349741885154e-05,2.1491231964319014e-05,1.527116144611177e-05,1.935712508711731e-05
535,1.3513459206377673e-05,1.9986623774457256e-05,1.5131516158887986e-05,2.0123035045980942e-05
536,1.5555343436264795e-05,3.9183988119475546e-05,1.5140963171870678e-05,2.0184866174531634e-05
537,1.4687969568411872e-05,2.054974771453999e-05,1.5063437825220817e-05,2.022588588297367e-05
538,1.595456486231544e-05,1.6159108745341656e-05,1.4949549307170351e-05,2.0665341545827685e-05
539,1.5671187538828237e-05,2.410409528238233e-05,1.5013178148850176e-05,2.042947733280016e-05
540,1.4398184125133816e-05,2.4720702931517735e-05,1.4922602145250293e-05,2.0301606248540336e-05
541,1.4397325091219196e-05,1.4573700791515876e-05,1.4857115362004455e-05,2.0222461226512675e-05
542,1.454305462377508e-05,2.9201567085692658e-05,1.4805962072326415e-05,2.0663952275936025e-05
543,1.6186382199521178e-05,2.1632769639836626e-05,1.4818366297873177e-05,2.1047197001462334e-05
544,1.3361205524739085e-05,1.2960095809830818e-05,1.4823787799670957e-05,2.0589633395138665e-05
545,1.4336384180448174e-05,1.6067517390183638e-05,1.4742813428407924e-05,2.0881454083428257e-05
546,1.554109126623694e-05,1.2882864029961639e-05,1.4697827910276829e-05,2.0718662600847898e-05
547,1.2780075093259156e-05,3.59204883716302e-05,1.4684264287886132e-05,2.0440858727670275e-05
548,1.828273962423231e-05,1.5858105216466354e-05,1.4648927910457133e-05,2.029389459930826e-05
549,1.4647167235024325e-05,2.3049007868394256e-05,1.4583573920390337e-05,1.924249168223469e-05
550,1.2538445330897553e-05,2.6840378341148606e-05,1.4622160439385984e-05,1.8932636354293208e-05
551,1.6884515158987293e-05,1.3902554637752474e-05,1.4545824586012817e-05,1.904866645199945e-05
552,1.2592767763837602e-05,1.2277964415261522e-05,1.4480291647891544e-05,1.8559451308101414e-05
553,1.3090896193009231e-05,1.2647107614611742e-05,1.4490193570478977e-05,1.815255350375082e-05
554,1.2635293460334651e-05,2.5490160114713946e-05,1.4440522387222804e-05,1.8077222604188134e-05
555,1.7005251789265054e-05,2.5187675419147126e-05,1.4306411763957136e-05,1.766615267843008e-05
556,1.604063227003078e-05,1.2672197262872942e-05,1.418414297610677e-05,1.7323233651404736e-05
557,1.4545220983563922e-05,2.06184881972149e-05,1.4195846743597136e-05,1.7650395800592383e-05
558,1.2613043812355803e-05,1.9988424282928465e-05,1.4194517507955124e-05,1.754973292117939e-05
559,1.5304406859084137e-05,1.4546135134878569e-05,1.4182312875184129e-05,1.7720855666266293e-05
560,1.2630049770652678e-05,1.6312520565406884e-05,1.42461219699827e-05,1.694968466035789e-05
561,1.3921493684594882e-05,1.2898915192636196e-05,1.4008254163895295e-05,1.680453961744206e-05
562,1.5652632543302996e-05,1.2803364516003057e-05,1.387912744661056e-05,1.6596129808749536e-05
563,1.4046168527986285e-05,1.905986118799774e-05,1.38716628856653e-05,1.6065727005479858e-05
564,1.4032864085796366e-05,1.1873716684931424e-05,1.388089685028212e-05,1.6032634199655152e-05
565,1.4645732189819682e-05,1.454825782275293e-05,1.3905281196235188e-05,1.6022277329466304e-05
566,1.3155545509814854e-05,1.2690428302448709e-05,1.3913586763697416e-05,1.6231656684249175e-05
567,1.1190289042133372e-05,1.892481894174125e-05,1.3961841964111145e-05,1.5677231758309063e-05
568,1.3129662503261998e-05,1.3059793964202982e-05,1.3841520609275902e-05,1.5888475846441e-05
569,1.3653799711998242e-05,2.1139149539521894e-05,1.365473252824611e-05,1.601765288796742e-05
570,1.4303153289397919e-05,1.3550945404858793e-05,1.3582447409862652e-05,1.5686080840532668e-05
571,1.5235975446962079e-05,1.7160932657134254e-05,1.3536975957847772e-05,1.535652943275636e-05
572,1.4375302463223408e-05,1.6641213223920205e-05,1.3474151210539277e-05,1.5829293748538477e-05
573,1.2336044472047232e-05,1.2229479143570643e-05,1.3523605292963717e-05,1.5619780014094433e-05
574,1.1418999302905932e-05,1.7838762651081198e-05,1.3636171658436071e-05,1.563722846331075e-05
575,1.2351831307266063e-05,1.3580308259406593e-05,1.3499597670872594e-05,1.6658916629967278e-05
576,1.7115364274407816e-05,1.3075234492134768e-05,1.3529603543833624e-05,1.636200067878235e-05
577,1.3202376412664308e-05,1.2019042660540436e-05,1.3583647222630034e-05,1.6525995801202956e-05
578,1.3298535379564985e-05,1.7881591484183447e-05,1.3439227149339988e-05,1.6374272882239896e-05
579,1.384167347067786e-05,1.1629536966211162e-05,1.3488876902637357e-05,1.662176244572038e-05
580,1.3997217918383993e-05,3.0468777622445488e-05,1.350230377615339e-05,1.6561076980724464e-05
581,1.1370930244285976e-05,1.5901623301033395e-05,1.3476496123136411e-05,1.6607050446327774e-05
582,1.273809302397745e-05,1.2329187011346221e-05,1.3473507972715503e-05,1.6246294770098758e-05
583,1.1476257511983728e-05,1.1749639088520781e-05,1.3319756961573149e-05,1.6229325605672785e-05
584,1.3733788176371793e-05,2.636524302943144e-05,1.3156664512724902e-05,1.5985251145320944e-05
585,1.3866401831263727e-05,1.1074677204305771e-05,1.3028468260502755e-05,1.584097946470138e-05
586,1.673565282140367e-05,1.333512642304413e-05,1.2976166502792494e-05,1.577510016359156e-05
587,1.223828285421607e-05,3.834556868241634e-05,1.3192209852099446e-05,1.557717920804862e-05
588,1.4796315352012041e-05,1.163696240837453e-05,1.3209198506148016e-05,1.561221990850754e-05
589,1.5383956055706626e-05,1.5973594745446462e-05,1.2953749662847261e-05,1.5519973078335172e-05
590,1.1035230357568556e-05,1.0755184848676436e-05,1.284340256914018e-05,1.5470739183365365e-05
591,1.439678934224907e-05,1.887766738946084e-05,1.278422987654469e-05,1.5490662732918283e-05
592,1.152596088003419e-05,1.740768231684342e-05,1.2734499437364221e-05,1.5511758165666832e-05
593,1.2484471177837501e-05,1.4209130604285747e-05,1.2596434157805763e-05,1.4799513678008224e-05
594,1.3579095951475513e-05,1.2120257633796427e-05,1.2629223711741766e-05,1.4570526703028008e-05
595,1.045937801083912e-05,1.3126716294209472e-05,1.253833232213866e-05,1.4537115694838578e-05
596,1.115866422575588e-05,1.1059071148338262e-05,1.2544689187254538e-05,1.4478680059255568e-05
597,1.1170396157669731e-05,1.3034421208431013e-05,1.2495602261535371e-05,1.4053267909912394e-05
598,1.1028500529290695e-05,1.0582496615825221e-05,1.2469443128914768e-05,1.4338285566191191e-05
599,1.6820083035579753e-05,1.2890738762507681e-05,1.2283871167286029e-05,1.4544253781787121e-05
600,1.2776547658480315e-05,1.445632577087963e-05,1.2442882794008866e-05,1.3465738645754757e-05
601,1.0729143191888902e-05,1.0769063737825491e-05,1.2276166720847769e-05,1.3753562355122996e-05
602,1.044369906998731e-05,1.0788195286295377e-05,1.2109982485910427e-05,1.3549177326785866e-05
603,1.1819218064677746e-05,1.837968022300629e-05,1.2210147160941334e-05,1.3522246028878728e-05
604,1.2598412491166123e-05,1.2156922784924974e-05,1.2102572002711693e-05,1.3911101629491894e-05
605,1.0545585929422587e-05,1.266266543098027e-05,1.2082349414130376e-05,1.3808912884269377e-05
606,1.219066909268602e-05,1.0176948926527984e-05,1.1987123023370968e-05,1.3659792680118699e-05
607,1.0465808283899807e-05,1.1493911806610413e-05,1.1856487332786655e-05,1.4101122826104984e-05
608,1.163517913988067e-05,1.028874819894554e-05,1.196128224291897e-05,1.3998093511327171e-05
609,1.250661503339264e-05,1.572993929585209e-05,1.1994137387430077e-05,1.438042348017916e-05
610,1.3212423515748621e-05,1.8200118611275683e-05,1.2066587247237394e-05,1.4396022392611483e-05
611,1.20963537806852e-05,1.8484331812942402e-05,1.2119113719664812e-05,1.4958499795466194e-05
612,1.621357352228693e-05,1.1382690281607211e-05,1.1921663215252919e-05,1.4869592235481834e-05
613,1.0628413522984678e-05,1.883255514258053e-05,1.1842795578761271e-05,1.4774485264206306e-05
614,1.1229350182273063e-05,1.086396903701825e-05,1.178963944164732e-05,1.475433352316031e-05
615,1.3539347233341283e-05,1.0081902400997933e-05,1.1812567289436832e-05,1.4739195663423744e-05
616,1.1707410386508045e-05,2.8599057404790074e-05,1.1792590287061306e-05,1.447605105495313e-05
617,1.1020396165501249e-05,1.4852963686280418e-05,1.1762039973311606e-05,1.448783129453659e-05
618,1.0103811408852278e-05,1.0481125500518828e-05,1.1763004167773439e-05,1.4741109109309038e-05
619,1.0313203686867685e-05,2.3153511283453553e-05,1.1789065773377339e-05,1.4910723648790736e-05
620,1.3079250764147016e-05,1.0550983424764127e-05,1.1886460326341977e-05,1.4860895993479062e-05
621,1.1980042838533538e-05,2.0617320369638037e-05,1.183314365904759e-05,1.5004868403775617e-05
622,1.2981642652852719e-05,1.3424394019239117e-05,1.1792029632124469e-05,1.4903905920800754e-05
623,1.234166233997611e-05,2.464443168719299e-05,1.1678870346683349e-05,1.4570676031871699e-05
624,1.1883820425282465e-05,1.066804976289859e-05,1.1718768315808524e-05,1.4203878307307603e-05
625,1.0804856746189115e-05,1.2078651488991454e-05,1.147387745938128e-05,1.4219278811651749e-05
626,9.400239764040129e-06,1.026527021167567e-05,1.150666378909793e-05,1.432734234840609e-05
627,1.1016895264725058e-05,1.0409748792881146e-05,1.1536854603643099e-05,1.435398772737244e-05
628,1.1319793005289587e-05,1.1801065011241007e-05,1.1496238909401451e-05,1.435024652455468e-05
629,1.1834654647423627e-05,1.2451428774511442e-05,1.145342530124051e-05,1.3799556891899554e-05
630,1.0569690790968403e-05,1.8994610800291413e-05,1.154210112334921e-05,1.3956163219700102e-05
631,1.2842209232783514e-05,1.4417312413570472e-05,1.1565724301059768e-05,1.3921179842145644e-05
632,1.2900672108015796e-05,1.0248220423818565e-05,1.1557914077153932e-05,1.3378661451861258e-05
633,1.030226245752096e-05,1.3888058456359431e-05,1.1487623362538415e-05,1.3356298625876659e-05
634,1.1478764360314623e-05,1.3205877221480478e-05,1.1475619310214015e-05,1.2974689500697422e-05
635,1.0383441379720655e-05,9.86937138804933e-06,1.1340941544727279e-05,1.2995689490344376e-05
636,1.3093803008814575e-05,9.314388698840048e-06,1.1350990162423436e-05,1.2538968396256677e-05
637,1.0091302111605828e-05,1.1767702890210785e-05,1.132427322886037e-05,1.2700979839428328e-05
638,1.1448071765900952e-05,2.153414356143912e-05,1.1304245943958652e-05,1.2681237075594254e-05
639,1.198412054590234e-05,1.1530103511177004e-05,1.132309181707064e-05,1.2724840652663263e-05
640,1.2523954877300033e-05,9.98837233055383e-06,1.127391685974241e-05,1.2830880245019218e-05
641,1.0637070182484522e-05,1.483181658841204e-05,1.1227678145627983e-05,1.2761309918278134e-05
642,1.3237291718218735e-05,1.8768121881294063e-05,1.1176539199449407e-05,1.2722555048094367e-05
643,1.0694390851616239e-05,9.60654106165748e-06,1.1176327150072514e-05,1.2324924971471776e-05
644,1.0117948089221804e-05,9.590551526343916e-06,1.1283323645006425e-05,1.2352036940137626e-05
645,1.1321982898759112e-05,9.991912775149103e-06,1.1161105597259141e-05,1.2771733872796178e-05
646,1.1679941530423497e-05,1.1077092240157072e-05,1.1184325856609372e-05,1.297138803856797e-05
647,9.614698515684318e-06,1.3949393760412932e-05,1.1244658036270668e-05,1.2955146295280432e-05
648,1.2592877782380027e-05,1.3226404335000552e-05,1.1252319118729143e-05,1.3140607925743101e-05
649,1.121589708620579e-05,1.4718335842189845e-05,1.1123803066503669e-05,1.3363429524906679e-05
650,1.0304174623646152e-05,1.1585082393139601e-05,1.1092649204672649e-05,1.3247794642666124e-05
651,9.871386591839837e-06,1.1355359638400842e-05,1.103297822984233e-05,1.2953001875575868e-05
652,9.787521331519302e-06,1.3060738601780032e-05,1.098907497798791e-05,1.2903729613026373e-05
653,1.0163825152428925e-05,1.0061806842713849e-05,1.1039435629249459e-05,1.2885508641920752e-05
654,1.0556180992959222e-05,1.1482557019917295e-05,1.09929620324288e-05,1.2799958604591668e-05
655,1.05643895565461e-05,9.05385888472665e-06,1.0844595618942144e-05,1.2450435778009706e-05
656,1.551712160613129e-05,1.5095111630216706e-05,1.0822907031938988e-05,1.242422081413679e-05
657,9.84522091433367e-06,2.0740643740282395e-05,1.0876032926777648e-05,1.2407663206977305e-05
658,1.0882768941276785e-05,1.8879412600654177e-05,1.0816063110299484e-05,1.2578931007010398e-05
659,1.2987068851847046e-05,1.2799833639292046e-05,1.08236089181446e-05,1.2533013022039085e-05
660,1.057496844118254e-05,1.4505912149616052e-05,1.0848556117788476e-05,1.2561422916769517e-05
661,9.880901703177693e-06,1.4884928677929565e-05,1.077035189397672e-05,1.3218112628965175e-05
662,9.312455565830331e-06,8.876830834196881e-06,1.0808213557174895e-05,1.3047989663027693e-05
663,9.956297395142933e-06,1.4164324384182691e-05,1.0852129916990328e-05,1.2971926537284164e-05
664,1.0886539249541885e-05,1.0298296947439667e-05,1.0853135394427225e-05,1.2946235619165237e-05
665,1.3782971158838741e-05,9.532848052913322e-06,1.0885212007835634e-05,1.2765032010065626e-05
666,9.475230261968035e-06,1.2693065655184909e-05,1.0936987178219068e-05,1.280069888161961e-05
667,9.52813138105234e-06,1.003005121674505e-05,1.0865963295347883e-05,1.2805065792053937e-05
668,1.0152176176537372e-05,8.951166964834556e-06,1.0823549865906694e-05,1.283785395498853e-05
669,1.144609546018829e-05,9.176611347356812e-06,1.0547298920573667e-05,1.29041846274049e-05
670,9.82273748680503e-06,1.4273607775976416e-05,1.061814855970119e-05,1.2647786368324887e-05
671,1.1868586726551359e-05,9.929142615874298e-06,1.0639848040268084e-05,1.2302388444368263e-05
672,1.0238378506781171e-05,1.4659641128673685e-05,1.0496366689120704e-05,1.22819606855046e-05
673,1.0637772187086132e-05,2.964364713989198e-05,1.0597059069793128e-05,1.2065761841950006e-05
674,1.2162438666160193e-05,1.0465261693752836e-05,1.0566778803493233e-05,1.2586348355398514e-05
675,1.1402083619032055e-05,9.683504249551333e-06,1.0588314407747627e-05,1.2758065512753092e-05
676,9.896523527762232e-06,1.0713086685427698e-05,1.0601868016561232e-05,1.2542766808473971e-05
677,1.0589436666729549e-05,8.53064837428974e-06,1.0535244072848903e-05,1.2511112024367324e-05
678,1.1458204412014716e-05,1.0953478631563484e-05,1.0376242353110379e-05,1.2608858311432416e-05
679,8.78058392117964e-06,1.1591729780775495e-05,1.0449150601804527e-05,1.2664960100664759e-05
680,9.504053820516372e-06,9.873562958091497e-06,1.0475472008086701e-05,1.2619057502161014e-05
681,8.61084797280556e-06,1.6753378440625964e-05,1.055026129312561e-05,1.267911755203386e-05
682,1.1616461892521733e-05,1.4330687263282015e-05,1.0520495979815477e-05,1.2678039253660248e-05
683,1.142525595544915e-05,1.0244464501738548e-05,1.0565012908126744e-05,1.2601894880208423e-05
684,9.400035073162548e-06,1.2289139667700511e-05,1.048980950816056e-05,1.2553017981554152e-05
685,1.3092277957993146e-05,9.10094106075121e-06,1.041968000774634e-05,1.2503219384961996e-05
686,9.123895045680304e-06,2.789959151414223e-05,1.0386261606294689e-05,1.1990717202570523e-05
687,9.850845672190189e-06,1.316975976806134e-05,1.0270731395091086e-05,1.1944874614709991e-05
688,1.0295137615483125e-05,8.781856777204667e-06,1.0236535341270308e-05,1.1950776466983374e-05
689,9.220940656733648e-06,9.50692734477343e-06,1.0226242365307474e-05,1.186248319936567e-05
690,9.807928165375617e-06,1.1976505229540635e-05,1.0195068962255189e-05,1.1969893960485934e-05
691,1.1297936479321732e-05,1.4095610385993495e-05,1.01772584599328e-05,1.2046482346340782e-05
692,1.0186166538106692e-05,8.882486254151445e-06,1.0260012391376628e-05,1.1916654873493828e-05
693,1.202190830251008e-05,1.0452668211655691e-05,1.0301644778135396e-05,1.197888319948106e-05
694,1.0701962627434922e-05,9.149653888016473e-06,1.0458484498687742e-05,1.1640688695479186e-05
695,1.093566069458676e-05,1.2369998439680784e-05,1.041325740970933e-05,1.1404618871893037e-05
696,9.9885017273967e-06,8.707220149517526e-06,1.0312774472408313e-05,1.1666795160999755e-05
697,8.485140996425697e-06,1.3414676213869825e-05,1.0335249191141175e-05,1.1522957736451644e-05
698,9.802312150794832e-06,1.6831092580105178e-05,1.0266368578777474e-05,1.1535898566216931e-05
699,9.274183386070137e-06,9.319196997239488e-06,1.0387842649672369e-05,1.080013969403808e-05
700,1.054718227351259e-05,9.83105055638589e-06,1.040474549277456e-05,1.0671452612587019e-05
701,9.639199128691365e-06,8.505754994985181e-06,1.0375713064119435e-05,1.0659713717905105e-05
702,9.810101590422467e-06,1.1215917402296327e-05,1.0585416814400462e-05,1.0768276541057277e-05
703,1.1012941853954948e-05,1.2868188277934678e-05,1.0551799736539478e-05,1.0885436590615428e-05
704,1.0849432207275338e-05,8.346042959601618e-06,1.057260512318155e-05,1.070607376022963e-05
705,1.0544863489485578e-05,1.1429271107772366e-05,1.0530674241474319e-05,1.102431126346346e-05
706,1.2531840986614245e-05,8.298515840579057e-06,1.041043560231224e-05,1.1139885081502144e-05
707,1.0485784668061469e-05,8.428941673628288e-06,1.0356547904525034e-05,1.1274609430984128e-05
708,8.913182522923712e-06,1.679887172940653e-05,1.030919593963012e-05,1.1355364945484325e-05
709,9.96190304148412e-06,8.69320405399776e-06,1.0289178270957362e-05,1.1467705253744497e-05
710,1.1370262648900583e-05,9.424461804883322e-06,1.037357399984305e-05,1.1331337171577613e-05
711,1.2160746818052656e-05,9.50561970967101e-06,1.0392315912617456e-05,1.0981212934711947e-05
712,1.0273416749744987e-05,9.952582731784787e-06,1.0374264263312702e-05,1.0943315199256175e-05
713,9.569326899104958e-06,8.488384410156868e-06,1.032835786081705e-05,1.0929333630338078e-05
714,1.4463534413759287e-05,1.222099792357767e-05,1.036210854724939e-05,1.0927854747569655e-05
715,8.967501218851087e-06,1.4905506468494422e-05,1.0353480634512381e-05,1.093883939756779e-05
716,1.1818071145373526e-05,9.611539626348531e-06,1.0241546918526486e-05,1.0739586353156482e-05
717,9.137894495425927e-06,1.683842383499723e-05,1.016151100472295e-05,1.121417763424688e-05
718,9.015942323458148e-06,1.3342013662622776e-05,1.0118659922954975e-05,1.135063513138448e-05
719,9.354770182754792e-06,1.2517762625066098e-05,9.982060388534189e-06,1.1467478951090016e-05
720,9.751861572213886e-06,1.4388886302185711e-05,9.946807420823866e-06,1.1476689219853142e-05
721,9.488060010577707e-06,1.151572785602184e-05,9.97320680532236e-06,1.1126466256973799e-05
722,1.059503421856789e-05,1.0005474159697769e-05,9.969075158046005e-06,1.1104378616437314e-05
723,1.0270859970154964e-05,8.077986658463487e-06,9.891206670605851e-06,1.107453742006328e-05
724,8.822892153451297e-06,8.371753610845189e-06,9.861580613303686e-06,1.1148411121394018e-05
725,9.399522211121318e-06,9.481511333433446e-06,9.846631969291292e-06,1.1133612708363216e-05
726,1.0482966289499827e-05,8.468782925774577e-06,9.920856410584142e-06,1.1193945098784751e-05
727,9.594403771997249e-06,1.1490533652249723e-05,9.730216303028608e-06,1.1197608368820508e-05
728,8.2145989543076e-06,7.886862167651998e-06,9.727071934442696e-06,1.0968052123644153e-05
729,8.84853436218691e-06,2.021082498686155e-05,9.62876714996431e-06,1.096728696284117e-05
730,9.473586445286249e-06,1.4840708536212332e-05,9.58953794846214e-06,1.0724052428849972e-05
731,9.116852626094543e-06,1.1219611333217471e-05,9.59313936533969e-06,1.0886537782789672e-05
732,9.604460475303414e-06,8.659198392706458e-06,9.620779443220171e-06,1.0915328620467335e-05
733,9.57316713538603e-06,8.043297657422955e-06,9.565642585989231e-06,1.0824597947066649e-05
734,9.858611859575224e-06,8.141013040585676e-06,9.575892594431126e-06,1.0705258890811817e-05
735,9.423550462896754e-06,8.678431895532412e-06,9.46401196961233e-06,1.0635559561342234e-05
736,1.1420095385498522e-05,1.135246224293951e-05,9.48348839992832e-06,1.0683527014043646e-05
737,9.89970064943514e-06,9.582622406014707e-06,9.49122965341505e-06,1.0667093525262318e-05
738,1.1424937931426232e-05,9.996694170695264e-06,9.51808502824052e-06,1.068984972225735e-05
739,9.697531724870916e-06,1.2312579674471635e-05,9.512900338813779e-06,1.0686817184614482e-05
740,8.888892004203323e-06,9.166600339085562e-06,9.453327458322747e-06,1.05433361393807e-05
741,9.360451533413854e-06,9.592410606273916e-06,9.475280900814041e-06,1.0554570143722231e-05
742,8.15716445787176e-06,1.0757560485217254e-05,9.443095037123485e-06,1.035331192179001e-05
743,9.105977745396862e-06,1.7404147511115296e-05,9.466938885978177e-06,1.015028820038424e-05
744,1.0045772129766799e-05,1.3237533567007631e-05,9.442583755177716e-06,1.019544486698578e-05
745,8.37344014144037e-06,1.212061946716858e-05,9.612123182361959e-06,1.0182323593471663e-05
746,9.744310221625103e-06,8.532251449651085e-06,9.628247133635645e-06,1.043115174907143e-05
747,7.798018598097972e-06,8.262990922958124e-06,9.570214928559533e-06,1.0614781476033386e-05
748,1.0757770728054715e-05,9.277172975998838e-06,9.507353024471539e-06,1.0595389747322768e-05
749,9.01642349061957e-06,7.960916391311912e-06,9.43749570857714e-06,1.0820360440266086e-05
750,1.0070906581758107e-05,1.0050416258309269e-05,9.421772941318018e-06,1.0865507777634776e-05
751,1.0353349053831253e-05,8.392969484702916e-06,9.41514534081054e-06,1.1031578187976265e-05
752,8.105081759721441e-06,7.903507521405118e-06,9.433290836022933e-06,1.0864138336182805e-05
753,8.763435016589937e-06,8.167712276190286e-06,9.438212415948834e-06,1.0845171711116563e-05
754,8.043887769923054e-06,1.5179369438556022e-05,9.428117647096062e-06,1.0894554755941498e-05
755,1.0069682666653534e-05,9.765115501068066e-06,9.560226224210864e-06,1.0765103020821697e-05
756,8.507974356083043e-06,1.234852799825603e-05,9.59717911973712e-06,1.0566850852046627e-05
757,1.3842946154909441e-05,8.331166554853553e-06,9.524995270637898e-06,1.0459873072977644e-05
758,9.976265917228172e-06,1.4264001547417138e-05,9.487481339844331e-06,1.0344387296208878e-05
759,8.407806732672423e-06,1.2731756214634515e-05,9.596361899336141e-06,1.0340668579010525e-05
760,7.85200286069691e-06,8.193638677767012e-06,9.649586248269772e-06,1.0480268843093654e-05
761,9.673662488138587e-06,1.6976729566522407e-05,9.525163106769066e-06,1.0437638898292788e-05
762,9.50663146795705e-06,1.0711305840231944e-05,9.480210616634902e-06,1.0491068287956295e-05
763,1.1259247918739371e-05,1.4148454429232516e-05,9.46300103104376e-06,1.043880319193704e-05
764,1.0151169105180695e-05,8.126583379635122e-06,9.41597996433201e-06,1.0473631685454164e-05
765,9.011931502350813e-06,8.69243471242953e-06,9.447315223183574e-06,1.077904055127874e-05
766,9.108082312094566e-06,1.0826986726897304e-05,9.47002004415683e-06,1.1633713078481378e-05
767,1.1459878885741799e-05,7.521267107222229e-06,9.73735964067196e-06,1.140447672296432e-05
768,1.0029800133553282e-05,1.2447843291738536e-05,9.740519570550532e-06,1.184974825810059e-05
769,8.24117590228626e-06,1.0563089090283028e-05,9.75027467482303e-06,1.1721267229586373e-05
770,7.435591871601193e-06,9.233475047949468e-06,9.555993220783423e-06,1.1964394609822192e-05
771,1.2466324208920318e-05,8.439283519692253e-06,9.523184664471452e-06,1.1852468988945475e-05
772,9.128627321438722e-06,1.1752997525036335e-05,9.526371792283804e-06,1.2127776664419798e-05
773,7.647192190537073e-06,8.211424355977215e-06,9.529355607608321e-06,1.2330219119758112e-05
774,7.892611237265455e-06,9.296651132899569e-06,9.61280283320068e-06,1.250915010823519e-05
775,9.640666941979563e-06,8.743788857827894e-06,9.597732815463034e-06,1.2392793103208532e-05
776,9.177822386037506e-06,9.263681822631043e-06,9.534697843021908e-06,1.2260290487756719e-05
777,8.888463231010569e-06,1.553872916701948e-05,9.498975408738867e-06,1.225041093712207e-05
778,9.331055540921322e-06,2.9534525456256233e-05,9.447812248092507e-06,1.220016186925932e-05
779,1.4727377682801388e-05,9.448460550629534e-06,9.44064446003823e-06,1.2061081296997144e-05
780,1.0148680913617782e-05,2.089690387947485e-05,9.3329662393646e-06,1.2315766159736087e-05
781,8.75185196289547e-06,9.136502285400638e-06,9.281768865629502e-06,1.2118956824269845e-05
782,8.985909803919236e-06,1.440935106074903e-05,9.292562485966808e-06,1.2060620787087827e-05
783,9.156052009428904e-06,1.146586102549918e-05,9.568528727039748e-06,1.202181712287711e-05
784,8.487484927981212e-06,1.96144481014926e-05,9.47588067998974e-06,1.1992063181241975e-05
785,7.926598243809875e-06,1.3254700061224867e-05,9.41135549251663e-06,1.1958807532209902e-05
786,1.1759843127947533e-05,2.1450004278449343e-05,9.407105032732945e-06,1.1954649346444058e-05
787,9.129881024515876e-06,7.802380714565516e-06,9.435161008958758e-06,1.1907832308497745e-05
788,9.683373607711271e-06,1.0835889042937197e-05,9.442537887662186e-06,1.187492416938767e-05
789,9.25810824810469e-06,7.87959461376886e-06,9.437870673031691e-06,1.1796576226333855e-05
790,7.73285248619181e-06,7.436208015860757e-06,9.471350136502428e-06,1.1760097023943673e-05
791,8.928887610737648e-06,7.349972420342965e-06,9.423460817156916e-06,1.0993489933753152e-05
792,8.767923368900988e-06,1.388838867569575e-05,9.161934010343327e-06,1.1044707343535263e-05
793,8.749865790175844e-06,7.5276099050825e-06,9.141118540274974e-06,1.0504642335581593e-05
794,8.511016410718892e-06,9.104688160732621e-06,9.252218694827105e-06,1.0542008015181636e-05
795,1.4334747898424717e-05,8.263383442681515e-06,9.215587691222834e-06,1.025770530104637e-05
796,1.0150123032670106e-05,7.695434978813864e-06,9.23095262535046e-06,1.0111136769410223e-05
797,7.515497634610963e-06,1.0921606299234553e-05,9.268281387469162e-06,9.685851304675453e-06
798,7.540930695944957e-06,8.107469711831073e-06,9.251642442702884e-06,9.467419458087534e-06
799,8.59401064291079e-06,8.126225184241775e-06,9.179610447366335e-06,8.952222860534675e-06
800,9.825088909565238e-06,7.921085380075965e-06,9.252416109181163e-06,9.395414660684765e-06
801,9.061142020275131e-06,7.304983246285701e-06,9.303499796078539e-06,9.264181424077833e-06
802,9.725449817779008e-06,1.4626749107264914e-05,9.291633280493745e-06,9.259496841696092e-06
803,8.133822557283566e-06,1.0369348201493267e-05,9.349254134051281e-06,9.336472003633391e-06
804,8.18920751246171e-06,1.0728895795182325e-05,9.332428476894471e-06,9.348896211304238e-06
805,9.62829416190895e-06,7.395278680633055e-06,9.368296148952345e-06,9.199956389784348e-06
806,1.1529355826698722e-05,1.007064427540172e-05,9.393513269080563e-06,9.212204715731787e-06
807,8.070134713812473e-06,7.301783207367407e-06,9.345317112941608e-06,9.150835671607638e-06
808,9.540175362619467e-06,7.801647734595463e-06,9.06631545084464e-06,9.113470655574929e-06
809,9.420703980948828e-06,8.98231148312334e-06,8.982791235191852e-06,9.130772220669312e-06
810,7.510624624652943e-06,7.7939038965269e-06,8.971774693054614e-06,8.999756010598501e-06
811,9.959043244533758e-06,8.570089339627885e-06,8.952174323106495e-06,8.991175459959776e-06
812,1.0950022569886642e-05,1.888217571831774e-05,9.001474913141767e-06,9.48711727032787e-06
813,1.096046578014567e-05,7.555058127763914e-06,8.954793496377533e-06,9.486767225462246e-06
814,8.961445358484828e-06,7.762480054225307e-06,8.898616118838416e-06,9.753088223806117e-06
815,9.173373825130209e-06,9.360587064293213e-06,8.831212905998755e-06,1.2499957821273711e-05
816,8.508246181817311e-06,7.660577612114139e-06,9.060872752322919e-06,1.2696155694720801e-05
817,9.664615170347841e-06,1.0164893137698527e-05,9.09054875098971e-06,1.2611709231714487e-05
818,9.380293793381296e-06,7.833818053768481e-06,9.020093754467479e-06,1.2616452026850313e-05
819,7.306112507245012e-06,7.570462057628901e-06,8.945814340687422e-06,1.2637521886063043e-05
820,7.359706346000571e-06,7.329258041863796e-06,9.007940934639513e-06,1.2955243064789103e-05
821,8.062017641350395e-06,8.127974106173496e-06,9.035728612919531e-06,1.3018360173737165e-05
822,7.240084081180006e-06,7.646201047464275e-06,9.011078049621168e-06,1.2971656488662121e-05
823,7.050921447242015e-06,7.892955945862923e-06,9.152156590062075e-06,1.2940040961257183e-05
824,9.826525393792608e-06,2.0524770443444142e-05,9.059485745132808e-06,1.2902057000610513e-05
825,8.658053490459375e-06,7.912334258435294e-06,8.990441921964196e-06,1.3127840605739037e-05
826,7.656707581797189e-06,1.39630082048825e-05,8.972031610472992e-06,1.3131566204538103e-05
827,8.04036949678751e-06,8.329848904395476e-05,8.978216782957638e-06,1.344162963068811e-05
828,1.3875318715387646e-05,1.5274295037670527e-05,9.029903977797302e-06,1.3721148326294496e-05
829,8.931107479131445e-06,8.617734220024432e-06,9.047703119843695e-06,1.37623063979845e-05
830,7.866919248853163e-06,7.513848559028702e-06,8.96773607386826e-06,1.3686706919543213e-05
831,9.672370482197341e-06,1.059739075571997e-05,8.87362325540582e-06,1.3650616434460971e-05
832,9.6232995626148e-06,1.5244812675518916e-05,8.9224196307138e-06,1.3743056365638038e-05
833,1.0234867319619904e-05,9.37957545829704e-06,9.047873010543602e-06,1.3743565101322021e-05
834,8.804439898489767e-06,7.814719356247225e-06,9.107950996137031e-06,1.3762327151926e-05
835,1.1037588135675631e-05,7.003515711403452e-06,9.122757277711774e-06,1.3731801723042735e-05
836,7.642272121302085e-06,7.620490323461126e-06,9.145709815372054e-06,1.3917766710073921e-05
837,9.223926990671317e-06,2.4526765846530905e-05,9.10358910433489e-06,1.341289715128369e-05
838,1.05002079928656e-05,7.648198097740533e-06,9.06183468529586e-06,1.3431787021545462e-05
839,9.116074670600937e-06,1.5514065707975533e-05,9.097764051693958e-06,1.349030628844048e-05
840,1.0465553696121788e-05,1.6348554454452823e-05,9.081543087086177e-06,1.047755920808413e-05
841,8.953224732977105e-06,8.689529404364293e-06,8.880746776574396e-06,1.0160221964179073e-05
842,7.665439020961963e-06,8.274906176666264e-06,8.914115932364235e-06,1.0094744627713226e-05
843,7.027473331820349e-06,6.9315559267124625e-06,8.887112163291831e-06,1.0098727245349437e-05
844,8.526021889944484e-06,9.881460337055613e-06,8.903233348246432e-06,9.970283995062345e-06
845,1.0496040841745627e-05,7.341976433963282e-06,8.895586590491196e-06,9.696605135104618e-06
846,9.563967281186099e-06,8.597025371273048e-06,8.7800608855711e-06,9.818579963757655e-06
847,7.610241120548582e-06,6.883065325382632e-06,8.737611286859545e-06,9.777925415255593e-06
848,7.624734888749016e-06,1.2542080621642527e-05,8.624861691593348e-06,1.0141408642812165e-05
849,8.77350761786349e-06,7.903031473688316e-06,8.629292262331645e-06,1.014883670795825e-05
850,7.61419301448364e-06,8.384581014979631e-06,8.58009377265666e-06,9.950809799920535e-06
851,8.554941741749644e-06,1.542598987725796e-05,8.495697562183422e-06,9.961231773195324e-06
852,7.634845381592944e-06,7.979812035046051e-06,8.443151413626363e-06,9.63810805042158e-06
853,8.855410952593148e-06,7.340863940044073e-06,8.313143688549948e-06,9.297780869383131e-06
854,9.765336373877491e-06,6.980800808378263e-06,8.346003888315559e-06,9.277935481804887e-06
855,7.191825022043e-06,7.613413999933982e-06,8.366422225541706e-06,9.248102303536141e-06
856,1.0075400106062362e-05,7.386309498542687e-06,8.42537115171985e-06,9.337977196264545e-06
857,9.432130618733935e-06,8.402841176575748e-06,8.470472954528912e-06,9.236465880530886e-06
858,7.3467246966174575e-06,1.2428946174622979e-05,8.370929754285802e-06,9.247166396380635e-06
859,7.743199930700939e-06,6.798355643695686e-06,8.298649227516663e-06,9.173335775994928e-06
860,8.218848254020688e-06,1.6090596400317736e-05,8.26998540396744e-06,9.800871088373241e-06
861,7.753036389759573e-06,7.806191952113295e-06,8.342143201419578e-06,9.67297116731061e-06
862,7.993964748796619e-06,1.9576093145587946e-05,8.302045489310533e-06,9.624909113335888e-06
863,8.390302731034657e-06,7.90874742961023e-06,8.303013358656447e-06,9.616330571589061e-06
864,7.80242095667442e-06,7.435972638631938e-06,8.3469530571569e-06,9.550261113326997e-06
865,7.215360569211447e-06,7.840374928491656e-06,8.389057241947738e-06,9.508056573395153e-06
866,9.774729727117423e-06,8.193394714908208e-06,8.328848750332124e-06,9.56174639723031e-06
867,8.175897451615634e-06,7.529076719947625e-06,8.250801062968096e-06,9.654835546825784e-06
868,8.501196486273936e-06,9.178428244922543e-06,8.242513874211e-06,9.679962580412396e-06
869,9.653566960170995e-06,7.343677443714114e-06,8.212129954214712e-06,1.0156175593147055e-05
870,8.007460835667896e-06,7.609489330206998e-06,8.199393876728007e-06,1.0161859689833364e-05
871,7.756954111957586e-06,6.751259861630387e-06,8.191712978966986e-06,1.0199475107219768e-05
872,6.893645531818038e-06,2.2571448134840466e-05,8.17093852763517e-06,1.0343552359699969e-05
873,9.428679825052516e-06,9.344582595076645e-06,8.164817340770645e-06,1.0451762063166825e-05
874,7.771064815137328e-06,6.7014801243203695e-06,8.200224754222694e-06,1.0606026329332962e-05
875,7.63838974813148e-06,8.170117471308913e-06,8.193824351595443e-06,1.0401673763408325e-05
876,9.653434204261026e-06,1.3774253420706373e-05,8.253112139654047e-06,1.0508147478685714e-05
877,8.687450001363888e-06,6.924698536749929e-06,8.359352979136423e-06,1.05894459389674e-05
878,7.35019866220278e-06,8.683109535922995e-06,8.410676734638399e-06,1.069488580324105e-05
879,7.814144189776723e-06,9.30802954826504e-06,8.301154911653914e-06,1.0637321879039517e-05
880,6.984645303115637e-06,8.241589839599328e-06,8.33422713698787e-06,1.0600083520694172e-05
881,9.315802106155185e-06,1.929163481690921e-05,8.268711279136673e-06,1.0514700374915266e-05
882,9.113728681566296e-06,8.544943593733478e-06,8.20881731358693e-06,1.0489672404219163e-05
883,7.15470225259196e-06,1.3369331609283109e-05,8.294117092736996e-06,1.0710591673705494e-05
884,7.2238386474055e-06,1.0400286955700721e-05,8.240955661474595e-06,1.0753573150577722e-05
885,8.0658185824076e-06,1.879583898698911e-05,8.269070091248267e-06,1.013914066934376e-05
886,8.638221726060793e-06,1.1662798606266733e-05,8.291366678693318e-06,1.0332689760252833e-05
887,7.83395468311533e-06,1.4467278997472022e-05,8.330838413490306e-06,1.0350315862888238e-05
888,9.872497432499787e-06,1.0570590311544948e-05,8.393610811819802e-06,1.057898508515791e-05
889,1.045844194373381e-05,9.468434145674109e-06,8.284242620356964e-06,1.0377573849109465e-05
890,8.49845445676086e-06,1.0476371535332874e-05,8.216809083144956e-06,1.0856363260245413e-05
891,7.036684152505283e-06,6.7542966098699254e-06,8.304601786302455e-06,1.0913784574222517e-05
892,9.002703084964499e-06,6.598117761313915e-06,8.269367878124793e-06,1.1051832221710356e-05
893,6.863300039994e-06,7.043849600449903e-06,8.281270255530319e-06,1.09843139674922e-05
894,8.156217821427466e-06,6.71797817631159e-06,8.184534494325312e-06,1.0475261949613924e-05
895,1.0139955314419543e-05,1.313247106736526e-05,8.169648337126193e-06,1.1172840539802564e-05
896,6.427918330397612e-06,7.82579678343609e-06,8.277000206402995e-06,1.0904864744225053e-05
897,7.596506276159845e-06,7.210636103991419e-06,8.349238020673511e-06,1.0862947408895708e-05
898,9.986094511178737e-06,1.4183309867803472e-05,8.377978406820655e-06,1.0408570688014153e-05
899,8.757858185062004e-06,7.142132690205472e-06,8.314034551100728e-06,1.0297529930539896e-05
900,9.20769970636886e-06,1.3886848028050736e-05,8.345169308571105e-06,9.973181696841493e-06
901,6.919229417690076e-06,8.738972519495292e-06,8.229327182561973e-06,9.892396227223797e-06
902,7.001611571063727e-06,1.889443381514866e-05,8.086644224143432e-06,9.78362625464797e-06
903,9.545016241140224e-06,1.0118642385350541e-05,8.058737228768426e-06,9.94514425401576e-06
904,6.933296485335126e-06,1.2759220735460986e-05,8.075532325771441e-06,1.0614494220499183e-05
905,7.282204738253818e-06,6.553633484145393e-06,8.090594782050982e-06,1.0609772113821236e-05
906,6.897408076030034e-06,6.565334369952325e-06,8.135150592675522e-06,1.0777725154184735e-05
907,8.741574751588309e-06,2.5984408348449507e-05,8.11318538500119e-06,1.0860690481058556e-05
908,9.83849898451202e-06,6.669936719845282e-06,8.055539910654059e-06,1.0592340513539967e-05
909,9.029784004168404e-06,9.35235357246711e-06,8.21303710577518e-06,1.153619031101698e-05
910,8.784328236086165e-06,7.43642096495023e-06,8.194058736747442e-06,1.2280401094176341e-05
911,7.039625333062657e-06,8.886779669410316e-06,8.076135993097624e-06,1.2027809472783703e-05
912,8.61232361987479e-06,6.358573155011982e-06,8.057125753718234e-06,1.2031308206496763e-05
913,6.976444282271485e-06,8.550953571102583e-06,7.978060675547266e-06,1.1792111354588998e-05
914,6.891367983270255e-06,6.749184831278399e-06,7.965900238559699e-06,1.1731062596663835e-05
915,7.800779572385686e-06,1.4514321519527584e-05,8.176727295156321e-06,1.131076897145249e-05
916,7.45656157758074e-06,2.3488045771955514e-05,8.103187529963584e-06,1.1158649188291747e-05
917,9.379264491953007e-06,6.480065094365273e-06,8.089880121689123e-06,1.092886790065677e-05
918,7.977195305607488e-06,1.12426756095374e-05,8.132206755544759e-06,1.0971116393193371e-05
919,7.607087629569125e-06,8.79211134815705e-06,8.225779522237846e-06,1.0981420180178247e-05
920,8.698818455741274e-06,6.423721879400546e-06,8.137896975919526e-06,1.0300164821092041e-05
921,1.0365348208425632e-05,3.142204172036145e-05,8.046392396338181e-06,1.0324364759435414e-05
922,7.122047050466386e-06,2.5815905682975427e-05,8.012769473619605e-06,1.0208371966291455e-05
923,7.038025919933312e-06,7.86851933298749e-06,7.945196739132775e-06,1.0191210328048333e-05
924,8.282602200577256e-06,7.229601033031941e-06,7.923232340706616e-06,1.0144313705677635e-05
925,7.231072752094608e-06,7.906926730356646e-06,7.835454357943188e-06,1.0162780794053109e-05
926,6.615218493000915e-06,7.212753571366193e-06,7.893781581434371e-06,1.0208453573432056e-05
927,1.2272287985979346e-05,8.38709318486508e-06,7.928202296898237e-06,1.0302151212090394e-05
928,7.706522111321747e-06,6.315647806331981e-06,8.125567503197495e-06,1.0071679933025734e-05
929,6.600611278473581e-06,7.014688544586534e-06,8.18409787684181e-06,9.389846467092865e-06
930,8.340370584644714e-06,7.609845797560411e-06,8.108043103897622e-06,9.404003959934926e-06
931,9.23672724335726e-06,6.8229290445742666e-06,8.243514074779846e-06,9.2871271110198e-06
932,6.544511093630313e-06,8.953024371294305e-06,8.257066023583724e-06,9.214722540491495e-06
933,7.550884494978365e-06,7.274935178429587e-06,8.193628254290769e-06,9.226646085880931e-06
934,8.189210936203987e-06,6.452533743868116e-06,8.069221986018724e-06,8.393751394032734e-06
935,7.095009873915438e-06,7.007380008872133e-06,8.149892732944864e-06,7.695982051518514e-06
936,6.4905153724086835e-06,7.714364110142923e-06,8.1431863080272e-06,7.972110460104887e-06
937,6.417874050789073e-06,6.820250364398817e-06,8.15453772712418e-06,7.930423978541513e-06
938,8.434624869551043e-06,9.692773055576253e-06,8.176755746232326e-06,7.895836430543567e-06
939,7.751885869866884e-06,9.091625797736924e-06,8.193003421971903e-06,7.906036823260365e-06
940,1.2734909729867164e-05,8.752539542911109e-06,8.04768022820402e-06,8.05674710063613e-06
941,8.919820918688653e-06,6.442209123633802e-06,8.165106650732115e-06,8.716295459453249e-06
942,7.477895168348267e-06,6.834002415416762e-06,8.199979241200911e-06,8.684815328888365e-06
943,1.1363969577663131e-05,8.320754386659245e-06,8.1124403398159e-06,8.661416567338167e-06
944,7.945886349666074e-06,6.981997084949399e-06,8.023432878346487e-06,8.634979173803006e-06
945,7.112874223417344e-06,6.721810514136451e-06,8.116337180338937e-06,8.55627235287102e-06
946,7.25519150162452e-06,1.0599674424156546e-05,8.181636397279767e-06,8.53006907418603e-06
947,9.138815723619902e-06,8.37167212011991e-06,8.148205000199796e-06,8.579558070050551e-06
948,6.870365296991723e-06,1.4771729547646828e-05,8.132854065055046e-06,8.760100728250108e-06
949,8.566387678001774e-06,6.1874389939475806e-06,8.151970575171516e-06,8.762596089218277e-06
950,7.78652322979825e-06,7.042238030408043e-06,8.197074129748216e-06,8.739199538104004e-06
951,7.021410386490364e-06,7.467763389286119e-06,8.15512063250531e-06,8.617250439419876e-06
952,8.639208141782243e-06,1.2154850119259208e-05,8.10994336580835e-06,8.53994203644106e-06
953,1.0642182674524115e-05,2.280435677675996e-05,7.890141140301744e-06,8.440110452647786e-06
954,7.472426040193467e-06,6.227685280464357e-06,7.808643426263492e-06,8.494278820580804e-06
955,6.151898050019453e-06,7.024876758805476e-06,7.820436899318237e-06,8.90206301555736e-06
956,7.011540706621923e-06,6.161994206195232e-06,7.679206579309215e-06,9.156875956978183e-06
957,8.867118643441547e-06,6.985353847994702e-06,7.644480695348142e-06,9.223721903254044e-06
958,9.183364918499137e-06,6.6198532113048714e-06,7.702912643556677e-06,9.681347852165344e-06
959,7.353426009204769e-06,7.689758640481158e-06,7.73458758740162e-06,9.647706655960064e-06
960,6.711236495296665e-06,1.1520946463861037e-05,7.653419844872487e-06,9.641681913490172e-06
961,6.968428125320416e-06,7.776748134347145e-06,7.62901354682981e-06,9.364558358356589e-06
962,7.545462915206574e-06,6.235336586541962e-06,7.6141451875931435e-06,9.422576889483026e-06
963,7.385787438478373e-06,6.644045588473091e-06,7.558438384067914e-06,9.654750570916804e-06
964,6.622454202442896e-06,7.158915723266546e-06,7.693796191314405e-06,9.707722761231709e-06
965,7.23985409220202e-06,6.256749948079232e-06,7.629576144447332e-06,9.873125979356702e-06
966,6.882378067732336e-06,7.796418321959208e-06,7.5087554938767835e-06,9.83346249195165e-06
967,7.772731994716903e-06,1.7028607289830687e-05,7.578413854328877e-06,9.872289788472701e-06
968,7.833211577437598e-06,1.469107792217983e-05,7.5787724682110525e-06,9.832350051146932e-06
969,7.077739250639246e-06,8.653145741845946e-06,7.541089616441039e-06,9.851586757577024e-06
970,8.57367292863071e-06,1.816245923691895e-05,7.506961216535679e-06,9.82298746530432e-06
971,8.047065097748096e-06,9.758644519024528e-06,7.449021812297159e-06,9.803805338015079e-06
972,7.109622160391558e-06,8.22105355837266e-06,7.452049435798675e-06,1.0038731581153112e-05
973,6.260207845924823e-06,7.843640669307205e-06,7.497334965389909e-06,9.97584098295192e-06
974,8.194678697085086e-06,7.637902272108476e-06,7.462843799698427e-06,1.0003329498431409e-05
975,6.393853141667528e-06,1.28465800662525e-05,7.466706095753277e-06,1.0047762790782141e-05
976,1.0405355567652603e-05,8.792068147158716e-06,7.494707107131641e-06,1.0088496141543143e-05
977,7.033706970105413e-06,1.6289930572384035e-05,7.498797652765966e-06,1.0220272347214629e-05
978,7.621666410260433e-06,2.1812769591633697e-05,7.5070696219174564e-06,1.0814676202426198e-05
979,9.213885051495809e-06,7.198367693490582e-06,7.735600179754936e-06,1.0887226642807943e-05
980,6.160863397073829e-06,6.0263833256613e-06,7.737022780202096e-06,1.0515539981861364e-05
981,6.069469412371594e-06,6.642911866947543e-06,7.679748579984233e-06,1.0260389521135946e-05
982,8.013908645807533e-06,6.270371541177155e-06,7.657439595600913e-06,1.0334072924160864e-05
983,7.73487981253614e-06,6.140300029073842e-06,7.689440272992618e-06,1.0241468271124177e-05
984,7.429116596742663e-06,1.3562914718932006e-05,7.691873444895868e-06,1.0319994992460123e-05
985,7.843374735077507e-06,9.948681508831214e-06,7.800561466663364e-06,1.0372157626989062e-05
986,6.106148983033361e-06,8.463961021334399e-06,7.921833862120467e-06,1.0638737197587033e-05
987,7.642020316577853e-06,7.346168895310257e-06,7.892424296126896e-06,1.0607790621725142e-05
988,8.085812722937488e-06,7.662379357498138e-06,7.954557999659705e-06,1.0507590573251944e-05
989,6.724717843301025e-06,1.0453320865053683e-05,7.882093495047431e-06,1.039315456218901e-05
990,7.446653320989248e-06,2.111684632836841e-05,7.888216304895146e-06,1.001149425355834e-05
991,1.2595642013669325e-05,9.610179331502877e-06,7.8899152353794e-06,9.39274661941454e-06
992,7.808297005895938e-06,7.736440766166197e-06,7.842365796063355e-06,9.39524362474913e-06
993,6.401356571991022e-06,8.312316404044394e-06,7.852167534899006e-06,9.401898108626485e-06
994,6.520014641056251e-06,1.0495230817468837e-05,7.870298345288676e-06,9.389770221605433e-06
995,9.373689863423351e-06,1.584734291100176e-05,7.846640391572793e-06,9.618863229843555e-06
996,8.107894395329317e-06,1.1721812552423216e-05,7.787218359913418e-06,9.76867005447275e-06
997,9.826822704578969e-06,9.525119421596174e-06,7.798630178998186e-06,9.474027190299236e-06
998,9.29201773235238e-06,1.4508129934256431e-05,7.773077457912019e-06,9.30631002265727e-06
999,7.459439547245792e-06,6.86423787556123e-06,7.847621530769781e-06,9.349476751231122e-06
1000,7.947195729987773e-06,1.034157885442255e-05,7.906058803160299e-06,9.62428718485171e-06
1001,8.593742952345767e-06,5.931167870585341e-06,7.900684956055354e-06,9.585214949038346e-06
1002,7.186777216298247e-06,6.748422856617254e-06,7.961360063685182e-06,9.501604796241738e-06
1003,7.664139672366825e-06,6.344078738038661e-06,7.959230798628091e-06,8.917649795330364e-06
1004,8.025149068594652e-06,7.260792826855322e-06,7.745447076720462e-06,8.917705322528492e-06
1005,6.4059068679651114e-06,6.19274542259518e-06,7.711402349519226e-06,9.154164468054661e-06
1006,6.522739672113353e-06,6.3397146914212495e-06,7.759244315396547e-06,9.289195325254698e-06
1007,7.422459802910453e-06,1.1997696747130249e-05,7.799836778718195e-06,9.129489742190344e-06
1008,6.249329021051785e-06,9.885470644803718e-06,7.697066467497079e-06,8.722521986783249e-06
1009,7.714412073861847e-06,6.19684311459423e-06,7.6238268731079486e-06,8.495769302680855e-06
1010,7.204556707923378e-06,5.7557523177820254e-06,7.461256356711802e-06,8.356515590276102e-06
1011,7.969750804477371e-06,9.543129235680681e-06,7.359305149192449e-06,8.139356687024703e-06
1012,9.102952126340825e-06,1.4216429735824932e-05,7.462933428845038e-06,8.61522172781406e-06
1013,7.951466545313855e-06,6.685573462164029e-06,7.4563941910027e-06,8.43577749328688e-06
1014,8.241595534046711e-06,8.363067045138451e-06,7.435682400743341e-06,8.49026890427922e-06
1015,7.393421694561969e-06,6.5179713055840695e-06,7.493494164636002e-06,8.664292396133534e-06
1016,7.251048965978649e-06,9.611567511456087e-06,7.422629960698638e-06,8.85330168530345e-06
1017,6.9571788258650085e-06,1.3647919404320419e-05,7.417356288614326e-06,9.119027487031416e-06
1018,7.597405718924064e-06,1.1688087834045291e-05,7.401484595559142e-06,9.097983317042237e-06
1019,7.534826224097439e-06,6.502591240860056e-06,7.3634294296021435e-06,9.069520858611213e-06
1020,6.8044320828953966e-06,5.673149025824387e-06,7.360898743778913e-06,8.849226193706273e-06
1021,6.27690453560111e-06,6.052995449863374e-06,7.404124262191342e-06,8.89018195666722e-06
1022,5.762559794675326e-06,6.04377661147737e-06,7.386003664376201e-06,8.892134534107755e-06
1023,6.743237544368539e-06,9.079157352971379e-06,7.551520265446419e-06,8.935544852283784e-06
1024,1.0050146538560512e-05,1.8760863895295188e-05,7.483438354029203e-06,9.182287735166027e-06
1025,7.7837147839293e-06,5.8554729912430045e-06,7.496911708545264e-06,8.843332967080641e-06
1026,8.075948195861808e-06,7.293453145393869e-06,7.421909499155138e-06,8.797373892593893e-06
1027,8.63207131361479e-06,1.1099010152975098e-05,7.358754040130104e-06,8.682808322919298e-06
1028,5.8925345739327085e-06,1.1069310967286582e-05,7.325069262110951e-06,8.649102493654936e-06
1029,7.893307266486874e-06,1.3903937870054505e-05,7.288491222445576e-06,8.691396671929396e-06
1030,6.0091145415855055e-06,5.666641172865639e-06,7.300690340161964e-06,8.426023324864218e-06
1031,5.571360523188357e-06,5.628153230645694e-06,7.291514201056593e-06,8.224600378161994e-06
1032,7.3591926573297115e-06,6.490330124506727e-06,7.227009637729982e-06,8.309711912443162e-06
1033,7.329966981362506e-06,1.0909364718827418e-05,7.217639792745306e-06,8.448565725120715e-06
1034,7.26139712848332e-06,6.245657550607575e-06,7.287169840593479e-06,8.823598799062892e-06
1035,1.1342471734678839e-05,6.841010272182757e-06,7.341492143051355e-06,8.809319471765775e-06
1036,6.267703019046975e-06,1.5711701307736804e-05,7.326564528698831e-06,8.662151362659644e-06
1037,9.439785989242308e-06,5.742560533690266e-06,7.269594279265826e-06,8.173393298784504e-06
1038,6.076411310560717e-06,5.536596599995391e-06,7.213178514878866e-06,8.159577141486807e-06
1039,6.662709058420862e-06,5.498927803273545e-06,7.223152157631475e-06,8.086121668020497e-06
1040,6.551302244083167e-06,5.6753255739749875e-06,7.159183179161723e-06,8.000872525008163e-06
1041,6.336597974344234e-06,1.066892196831759e-05,7.1935456844585124e-06,7.901631418644685e-06
1042,7.26215676877473e-06,7.0135857276909515e-06,7.179019683563738e-06,7.721634726476624e-06
1043,7.368002241289812e-06,6.652514166489709e-06,7.284913976177954e-06,7.718842422764283e-06
1044,5.922212140932162e-06,8.63037959788926e-06,7.310051851628587e-06,7.827293132140766e-06
1045,6.570185958278469e-06,9.14449434276321e-06,7.299216532616506e-06,8.092268652399072e-06
1046,8.015155731805458e-06,1.54288222984178e-05,7.310186230178158e-06,8.084563637385146e-06
1047,7.120617356122239e-06,5.68679342904943e-06,7.301921423923987e-06,8.056095287611244e-06
1048,6.37004718555545e-06,5.39995462531806e-06,7.165806243251104e-06,8.019695027905983e-06
1049,8.625890302735368e-06,6.5419122984167185e-06,7.192087146742981e-06,7.6090867951279504e-06
1050,6.373320674255309e-06,5.510069058800582e-06,7.194414574728903e-06,7.669188648287672e-06
1051,8.32528926467704e-06,5.457066308736103e-06,7.247302462443865e-06,7.765415742323967e-06
1052,7.032846851870999e-06,8.967781577666755e-06,7.236597788546028e-06,7.779250137537019e-06
1053,6.751597206352421e-06,8.588283308199606e-06,7.2545718373779285e-06,7.804866053629667e-06
1054,7.530157244117516e-06,9.40402056585299e-06,7.254761958999249e-06,7.6032526092603805e-06
1055,8.6564718569409e-06,5.596833580057136e-06,7.2727922361486385e-06,7.544955612684133e-06
1056,6.199807409454176e-06,8.339420965057798e-06,7.22414134838295e-06,8.00876611174317e-06
1057,7.088309682027709e-06,1.311471813096432e-05,7.344117370990312e-06,7.867884474399035e-06
1058,7.604209420403802e-06,1.0716739343479275e-05,7.390244073354148e-06,8.067605137330247e-06
1059,7.054776972129022e-06,5.533948806260014e-06,7.415725726443474e-06,8.205739239201649e-06
1060,7.939592217856746e-06,5.931003779551247e-06,7.413305909560425e-06,8.198461132269586e-06
1061,6.924725606343903e-06,5.4464954882860185e-06,7.4123061429013945e-06,8.520744262204971e-06
1062,9.497971688890377e-06,7.245106862683315e-06,7.3707824275010764e-06,9.108936031407211e-06
1063,7.398608503434742e-06,7.942273950902746e-06,7.440603696037822e-06,9.139007089106598e-06
1064,6.395092210974933e-06,5.844787683599861e-06,7.333053325661846e-06,9.504237964574712e-06
1065,7.000653464880694e-06,6.315723476291169e-06,7.315941527081628e-06,9.57335641141981e-06
1066,6.341351014877243e-06,5.628585859085433e-06,7.298834936348916e-06,9.549695375608282e-06
1067,7.71291369750947e-06,5.556160813284805e-06,7.317985243207659e-06,9.576575151004366e-06
1068,6.151730047147591e-06,1.824777664296562e-05,7.24791931639225e-06,9.810611046850684e-06
1069,8.92161270611622e-06,5.108338664285838e-06,7.2554514327041235e-06,9.854389498650563e-06
1070,7.723353517374361e-06,1.4137510916043539e-05,7.213932250184977e-06,9.540797442605254e-06
1071,8.652197059038574e-06,1.8882174845202827e-05,7.29156912477467e-06,9.604759137437216e-06
1072,7.060121934046038e-06,5.504840755747864e-06,7.280102797732171e-06,9.768922093644506e-06
1073,6.34505301907969e-06,1.34570328737027e-05,7.240247811649977e-06,9.771278699918185e-06
1074,7.587797417727416e-06,2.1246706528472713e-05,7.224618460936148e-06,9.825098946748769e-06
1075,8.118852387673946e-06,6.2618455012852795e-06,7.227546959458979e-06,1.0469123217626475e-05
1076,5.636530005277665e-06,1.4587838195438963e-05,7.191477496922339e-06,1.0366306157084184e-05
1077,6.605051887365536e-06,1.0695742748794145e-05,7.164203298695307e-06,1.0423804898164234e-05
1078,6.323932438034616e-06,7.996757412911393e-06,7.136495192389702e-06,1.058811702969251e-05
1079,8.008914915586097e-06,1.0076014950755052e-05,7.160967478153502e-06,1.0638666457816726e-05
1080,6.904823686555675e-06,1.1447730976215098e-05,7.117753270399085e-06,1.0617386993544642e-05
1081,6.388110317251024e-06,9.433882260054816e-06,7.1682621573725356e-06,1.0145209823531332e-05
1082,6.0503301190490474e-06,5.274916729831603e-06,7.15751391637443e-06,1.015280535866623e-05
1083,9.54513128514615e-06,1.2315781714278273e-05,7.114494719604005e-06,9.847492451081053e-06
1084,6.768118796066523e-06,9.638022711442317e-06,7.050974783608884e-06,9.327759865118426e-06
1085,6.943217565801913e-06,5.989918936393223e-06,7.057577983283004e-06,9.471099049551414e-06
1086,6.5339918384981704e-06,6.792001659050584e-06,7.095181067193658e-06,9.213728164468195e-06
1087,9.571184151961159e-06,2.334571363462601e-05,7.06159650203012e-06,8.612126833031655e-06
1088,6.496871940018739e-06,5.3718474373454226e-06,7.001068108264816e-06,8.74342672614148e-06
1089,5.713237255299141e-06,7.28225621060119e-06,7.015478189370899e-06,8.442726391513135e-06
1090,6.307950807240559e-06,1.0423526764498093e-05,6.985818892705236e-06,8.21408524279832e-06
1091,6.953158158972251e-06,6.892321562190773e-06,7.022851965080514e-06,8.513369234424319e-06
1092,6.632558503649003e-06,5.024174206482712e-06,6.953446680785823e-06,8.31636470902595e-06
1093,7.414452221483872e-06,6.443347392632859e-06,6.907852458263935e-06,8.10728521901183e-06
1094,8.652906681163586e-06,5.298227042658255e-06,6.912194838534762e-06,8.04807930107927e-06
1095,6.647873598113721e-06,6.504688226414146e-06,6.875153205429443e-06,8.06018866787781e-06
1096,7.064198659160562e-06,5.888860196137102e-06,6.8163638007010575e-06,7.926169041456886e-06
1097,7.225201925899051e-06,9.088320366572589e-06,6.91805989119732e-06,7.772644262877293e-06
1098,7.2851301168460245e-06,7.022760746622225e-06,6.869421554256404e-06,8.020727463008372e-06
1099,6.748183288638959e-06,6.206673242559191e-06,6.889022774278904e-06,7.973221463907976e-06
1100,6.605642543541358e-06,9.544342829030938e-06,6.741362526231063e-06,7.448940591712016e-06
1101,5.996782032929736e-06,7.070329829730327e-06,6.785907368955829e-06,7.458829406823497e-06
1102,5.863569470723936e-06,4.979714030923788e-06,6.862180540317948e-06,7.365375330118695e-06
1103,7.249759247416579e-06,1.5478857203561347e-05,6.887570104400867e-06,7.1774290772737005e-06
1104,6.273782808218837e-06,5.150901815795806e-06,6.889541371876677e-06,7.134397833578988e-06
1105,5.764968123508475e-06,6.220743725862121e-06,6.895908133628836e-06,7.131081438274123e-06
1106,6.4966698240217135e-06,7.953734311740845e-06,6.93801216619047e-06,7.118475110473809e-06
1107,5.124289291416062e-06,5.5776508997951165e-06,6.8212968773675825e-06,7.113538368139415e-06
1108,8.07539616693652e-06,8.965291053755209e-06,6.759460227133078e-06,7.107987885683542e-06
1109,9.310521058473064e-06,5.799903246952453e-06,6.7610297394316545e-06,7.71346182882553e-06
1110,5.7272591422790554e-06,1.2191998939670156e-05,6.82110459048191e-06,7.550010013073916e-06
1111,7.024022339060644e-06,5.60435168154072e-06,6.8192629127022685e-06,7.535273917164887e-06
1112,5.879677950765148e-06,1.0238691829727032e-05,6.833792859813709e-06,7.496390763117233e-06
1113,7.610493008137888e-06,5.6190678151324395e-06,6.801133186046274e-06,7.469232768198709e-06
1114,7.620066539352087e-06,4.9459042929811406e-06,6.780283213831555e-06,7.823120948160068e-06
1115,6.942689909313534e-06,5.72487044337322e-06,6.808504064671677e-06,7.817734984200798e-06
1116,7.0024398458675325e-06,5.816540469822939e-06,6.814379916755166e-06,7.407244589194307e-06
1117,6.791727547452966e-06,4.9412643238611054e-06,6.871216834588268e-06,7.448569481857703e-06
1118,8.467053035524764e-06,6.128189197625034e-06,6.910667886465187e-06,7.408956753715756e-06
1119,5.735024460591376e-06,5.1748084842984096e-06,6.9246675004857635e-06,7.401242846754031e-06
1120,5.1019573422511005e-06,6.365926165017299e-06,6.971012813765912e-06,7.40246707755432e-06
1121,7.1034364666249735e-06,2.1025708774686792e-05,6.910306163566322e-06,7.402091458425276e-06
1122,8.727073202155427e-06,5.0020249727822376e-06,6.808575639843184e-06,7.48372641064634e-06
1123,7.239088172354968e-06,6.654358348896494e-06,6.818385285947038e-06,7.821233012873562e-06
1124,7.111431966424991e-06,5.234594391367864e-06,6.8091841220747385e-06,7.828147616601199e-06
1125,5.789150699355459e-06,8.865392956067809e-06,6.872802772361159e-06,7.649982913062559e-06
1126,5.475532727561788e-06,1.5917534328764303e-05,6.8904296409932114e-06,7.718048261813236e-06
1127,6.5690907417269445e-06,4.845064931942034e-06,6.834662579806013e-06,8.224129615337006e-06
1128,7.396655549503824e-06,5.216597328399075e-06,6.81093221592164e-06,8.2443505696574e-06
1129,7.69470575404638e-06,6.184024132380728e-06,6.744541354277722e-06,8.202302328936639e-06
1130,6.751244420431451e-06,5.230425522313453e-06,6.742902343931848e-06,8.441582208979526e-06
1131,6.846660174536131e-06,7.760886637697694e-06,6.682997751098205e-06,8.581470599528985e-06
1132,6.282922123419768e-06,5.608256669802358e-06,6.746297219231365e-06,8.564672991633416e-06
1133,6.557729911946808e-06,8.955900575529086e-06,6.895112041254633e-06,8.679946437041508e-06
1134,6.767257965394593e-06,7.840777052479097e-06,6.818877263989029e-06,8.063816594949457e-06
1135,5.972500294875418e-06,2.0629663995350712e-05,6.720172322214544e-06,8.104289354378124e-06
1136,6.793993242253135e-06,5.777216774731641e-06,6.645108539386356e-06,8.086604417621855e-06
1137,7.470144207925639e-06,5.784574241260998e-06,6.58555817675127e-06,8.080183009587928e-06
1138,8.05116472393921e-06,7.32070153389941e-06,6.6265882309178585e-06,8.084503132704413e-06
1139,6.225890009672084e-06,1.7597938131075354e-05,6.6957808226005815e-06,7.92774375222507e-06
1140,6.3494308122042435e-06,6.230394301383058e-06,6.724396037498082e-06,7.939092321248609e-06
1141,5.342668304769581e-06,4.765334451803937e-06,6.6731657206926486e-06,8.00903443705465e-06
1142,6.7507522888061225e-06,1.0923261324933264e-05,6.642272844712555e-06,7.955175299503025e-06
1143,6.969438214683679e-06,9.625398961361498e-06,6.602226060587985e-06,7.98500856872124e-06
1144,7.317511163920345e-06,4.754868286909186e-06,6.575382359874817e-06,8.087986825921689e-06
1145,8.82232789283282e-06,9.24776230021962e-06,6.554709996938377e-06,8.054881639327505e-06
1146,5.197567034984887e-06,5.622462722385535e-06,6.548254163802389e-06,8.01161967574444e-06
1147,6.259449657793286e-06,6.01384395849891e-06,6.505692519951683e-06,7.913072433802881e-06
1148,5.362493601650284e-06,6.212234929989791e-06,6.490245402912681e-06,7.375002166008926e-06
1149,5.622672900547817e-06,5.07405919051962e-06,6.458736421720662e-06,7.341414122856804e-06
1150,6.8149020535202e-06,8.973396033979952e-06,6.377708557091764e-06,7.4232440962077825e-06
1151,7.205347519629868e-06,1.1998549816780723e-05,6.415701150985519e-06,7.338517998505268e-06
1152,7.2844711141644645e-06,5.128779157530517e-06,6.3808791491182e-06,6.838440527280911e-06
1153,6.115897629367989e-06,6.965150223550154e-06,6.402594237786414e-06,7.135920160726529e-06
1154,6.922383854544023e-06,4.837545693590073e-06,6.6418470228098975e-06,7.313208481718904e-06
1155,5.750074817317202e-06,5.976257252768846e-06,6.615617062379898e-06,7.087735694585718e-06
1156,6.175567656706941e-06,1.0335343067708892e-05,6.620263755879328e-06,6.894825950803353e-06
1157,5.766113050008749e-06,4.780627004947747e-06,6.541123233748498e-06,6.919806462974522e-06
1158,6.396334083547117e-06,7.874351485952502e-06,6.410556774951855e-06,6.778959978692002e-06
1159,5.703216869126967e-06,5.377096003940096e-06,6.430770781177369e-06,7.036371203139425e-06
1160,5.586322368900356e-06,7.177907300501829e-06,6.476067456727228e-06,7.2485456315916984e-06
1161,6.006268712452664e-06,4.937515695928596e-06,6.5158217809867995e-06,7.438734617608134e-06
1162,5.444447592203182e-06,7.830323575035436e-06,6.525636798404676e-06,7.427439275852522e-06
1163,9.000979571283096e-06,5.20254909133655e-06,6.605473371382687e-06,7.251018647730235e-06
1164,5.3553399629890915e-06,5.096001350466395e-06,6.538225455127152e-06,7.052992084572907e-06
1165,6.892308028909611e-06,1.3667385137523525e-05,6.53890673501236e-06,7.295846157285268e-06
1166,1.1323987930356654e-05,9.197542476613308e-06,6.6378748057306654e-06,7.218798690519179e-06
1167,6.095003278056134e-06,5.286441646603634e-06,6.57899092148e-06,7.316010399154037e-06
1168,7.085605552169403e-06,4.802655366802355e-06,6.589805466097057e-06,7.299733188483514e-06
1169,5.3389981106496024e-06,5.379381091188406e-06,6.582757003707231e-06,7.1011513125995395e-06
1170,5.558166422916757e-06,5.726600193156628e-06,6.621196056827711e-06,7.249277995651937e-06
1171,5.702917190622733e-06,1.2057743333571125e-05,6.598123797812151e-06,7.247564460340071e-06
1172,7.391866546539758e-06,1.131820466980571e-05,6.56284365743179e-06,7.249989466436091e-06
1173,6.356351708139603e-06,1.0966959580400726e-05,6.554395672558007e-06,7.658892825202201e-06
1174,5.868048335994697e-06,4.791675646629301e-06,6.58723909149962e-06,7.661368819753987e-06
1175,8.810816377970493e-06,4.562880330922781e-06,6.6293869792894454e-06,7.696160400882943e-06
1176,5.52414961324151e-06,7.047885737847537e-06,6.47443914980007e-06,7.713814414819352e-06
1177,7.301503111294652e-06,1.1200130975339562e-05,6.489453529017436e-06,7.950733750112703e-06
1178,8.590099397325603e-06,5.0389635543979235e-06,6.488393704340626e-06,7.729371482491842e-06
1179,5.450286748277398e-06,7.2678384094615466e-06,6.322703173039677e-06,7.543915771020692e-06
1180,6.020438432743605e-06,5.569326986005763e-06,6.289979550234017e-06,7.608116388655616e-06
1181,5.99935609696129e-06,5.370796170609537e-06,6.203673947513583e-06,8.099325000148382e-06
1182,6.727089378020739e-06,8.483794081257656e-06,6.2215954756943075e-06,8.137382571658235e-06
1183,5.8195276081581446e-06,7.831513103155886e-06,6.283714122805073e-06,8.24905697190843e-06
1184,4.821213359617913e-06,5.437721156340558e-06,6.315498839345917e-06,8.04074180960015e-06
1185,5.375122747055786e-06,1.7400491269654595e-05,6.2608729155827965e-06,7.795508135677665e-06
1186,6.827354185992994e-06,4.999415559723275e-06,6.317282802592671e-06,7.5327529579226396e-06
1187,6.498144786948817e-06,8.700113103259354e-06,6.3526806745155925e-06,7.819250668762834e-06
1188,5.127283834048689e-06,5.643899439746746e-06,6.249617838147968e-06,7.8957962392451e-06
1189,5.730699443423266e-06,1.1018984732800163e-05,6.270546217981772e-06,7.90808993660903e-06
1190,6.8658124119893826e-06,8.133328447001986e-06,6.201050706881182e-06,7.680432767301681e-06
1191,7.181724647832905e-06,4.561149689834565e-06,6.140754067241182e-06,7.713063405753928e-06
1192,5.276912707914663e-06,6.891457087476738e-06,6.187732339640207e-06,7.97271664450818e-06
1193,4.92796548415855e-06,1.708287065412151e-05,6.1935165716527585e-06,8.6736038170784e-06
1194,5.787036315167724e-06,6.330820378934732e-06,6.2398663244392895e-06,8.63627588187228e-06
1195,7.111132600685879e-06,8.518460199411492e-06,6.185953104007543e-06,8.584071759833022e-06
1196,6.497535104143834e-06,6.8498642758640926e-06,6.213264697705907e-06,8.720708932378328e-06
1197,6.026218452461762e-06,5.187362821743591e-06,6.371598610166984e-06,8.698353332147236e-06
1198,7.766598883386501e-06,4.3980801365250954e-06,6.443531468640786e-06,8.414471426658566e-06
1199,6.752995134067735e-06,1.1954118417634162e-05,6.355864727548678e-06,8.449966561602196e-06
1200,6.234245468779894e-06,6.476519592979457e-06,6.340765065740722e-06,8.378476017242064e-06
1201,6.047359109086554e-06,7.355228171945783e-06,6.4577652886631155e-06,8.331015627118176e-06
1202,5.564115333779935e-06,5.5087017426558306e-06,6.452810843317517e-06,8.239885981674888e-06
1203,7.082683406325588e-06,5.854729515704093e-06,6.417459962317985e-06,8.111968087541757e-06
1204,6.624743558253006e-06,1.3759169378317893e-05,6.344884379905124e-06,8.146723414029114e-06
1205,6.165044233057415e-06,2.3091506300261244e-05,6.377690956631138e-06,8.095519461130609e-06
1206,7.158099916624552e-06,4.4375977904564935e-06,6.382409370841439e-06,7.77943964385486e-06
1207,5.379258867227084e-06,7.178691030276241e-06,6.419174937339752e-06,8.05351020062517e-06
1208,6.502317450617233e-06,1.1247442416788545e-05,6.395530185929804e-06,7.910353864645003e-06
1209,8.779561171144855e-06,4.878831150563201e-06,6.324564829366055e-06,7.849564010757603e-06
1210,7.173444208900845e-06,1.0303443632437848e-05,6.35033268075252e-06,7.906852558880928e-06
1211,4.635685658690313e-06,5.886793933314038e-06,6.296552132900817e-06,7.93119982772623e-06
1212,6.120653241749904e-06,6.9128494942560795e-06,6.332609261274532e-06,7.628257868054789e-06
1213,8.052289407108523e-06,4.457389686649549e-06,6.320273639479031e-06,7.576726250408683e-06
1214,5.606838309783295e-06,8.740743596717949e-06,6.321994623956723e-06,7.58163760547177e-06
1215,5.982040387001082e-06,4.935381093673641e-06,6.317301764930663e-06,7.6203884214919535e-06
1216,5.367335087511391e-06,5.430032852018485e-06,6.2281672308421946e-06,7.594146675546654e-06
1217,6.0970771260650105e-06,5.611358265014133e-06,6.18493968892532e-06,7.222854432620807e-06
1218,5.045925839416062e-06,9.18087522222777e-06,6.16818167844839e-06,6.466373455987195e-06
1219,6.706175477625543e-06,1.3182584298192524e-05,6.116941700181794e-06,6.45774884360435e-06
1220,6.5200138154371716e-06,4.939551799907349e-06,6.19782401170394e-06,6.665500619783415e-06
1221,4.723401190050127e-06,5.330117928679101e-06,6.1205623050530745e-06,6.38351184388739e-06
1222,6.670414737123388e-06,6.619576524826698e-06,6.020639977254581e-06,6.500736066664102e-06
1223,6.422085187093924e-06,5.006761857657693e-06,6.020378304512834e-06,6.318918908800695e-06
1224,7.6544233434106e-06,4.3805694258480794e-06,6.071910644055201e-06,6.363681316724977e-06
1225,5.925854923892378e-06,5.188229151826818e-06,6.032974337560719e-06,6.264029693920747e-06
1226,6.090383721028856e-06,7.478012048522942e-06,5.911309209477621e-06,6.4173378959822e-06
1227,5.446793858128432e-06,6.4774721431604125e-06,5.9061336933357065e-06,6.336161822400754e-06
1228,4.854320054113891e-06,5.198685867071617e-06,5.926849686794513e-06,6.317361293258728e-06
1229,5.544055010331148e-06,4.476863305171719e-06,5.913354284307893e-06,6.4573841333185565e-06
1230,5.746093971134137e-06,4.1794818844209655e-06,5.869322057414037e-06,6.602016572651338e-06
1231,5.877100459959668e-06,4.221982480885345e-06,5.958265910157934e-06,6.542056324178703e-06
1232,7.4013166552807285e-06,1.2372485434752889e-05,5.948920452202502e-06,6.200908756363788e-06
1233,4.570774784345607e-06,4.197723019387922e-06,5.890400964563014e-06,6.248747319841642e-06
1234,6.281502976182512e-06,7.809436719981023e-06,5.906497601467386e-06,6.455507642749581e-06
1235,7.166902390357185e-06,5.758014685852686e-06,5.879086720900281e-06,6.428524751754594e-06
1236,5.923994147249485e-06,7.005854131421074e-06,5.888432433554651e-06,7.410235777570052e-06
1237,5.14724557938785e-06,4.421558924150304e-06,5.921416730072654e-06,8.084596198386862e-06
1238,5.010661205031081e-06,8.290094738185872e-06,5.990180940292096e-06,8.16726772209222e-06
1239,5.477450406235423e-06,6.711341757181799e-06,5.957802389437144e-06,8.10052712658944e-06
1240,6.499940223471236e-06,4.465367865122971e-06,5.9911756643891245e-06,8.14860623831919e-06
1241,5.029950025345897e-06,8.930603853514185e-06,6.006830794225001e-06,8.131404744199243e-06
1242,4.99627145371859e-06,9.227169248333667e-06,6.0538118374299506e-06,8.146737557035521e-06
1243,7.269522158013489e-06,7.681869010411902e-06,6.043141522220847e-06,8.71200734254671e-06
1244,6.47253902873975e-06,4.653895102819661e-06,6.156504568348789e-06,8.987708796121296e-06
1245,5.0570266244499685e-06,6.1355158868536815e-06,6.0661625076843654e-06,8.705235037268721e-06
1246,5.125817112659408e-06,1.049912600137759e-05,6.124192460689908e-06,8.742199925472958e-06
1247,5.985142722945764e-06,5.945004249952035e-06,6.095081422669561e-06,8.913143405516165e-06
1248,6.655728003453178e-06,2.954953750304412e-05,6.029480069244326e-06,9.312253446114483e-06
1249,8.47903075636067e-06,2.123957994626835e-05,6.016998747327307e-06,9.205302214832045e-06
1250,7.64496017937846e-06,7.25501724446076e-06,6.102808117369326e-06,9.191467770870077e-06
1251,5.2809199496550715e-06,5.809497160953469e-06,6.098978762889197e-06,9.045805672576533e-06
1252,6.281125731927912e-06,7.679449936404126e-06,6.115269379632889e-06,9.193450413658866e-06
1253,5.245698300010796e-06,4.768648514072993e-06,6.124392901236003e-06,9.240369725011987e-06
1254,6.7185810904548916e-06,4.860183626078651e-06,6.2204218024716185e-06,9.047450935395319e-06
1255,5.479336090906549e-06,1.831122652220074e-05,6.226670871284214e-06,8.878059898052015e-06
1256,8.711176613158184e-06,1.1114518820249941e-05,6.163138997706281e-06,9.207005217831465e-06
1257,5.142765138670155e-06,5.310641463438515e-06,6.150510489593822e-06,9.198420422762865e-06
1258,6.021523609484171e-06,5.121845224493882e-06,6.266935696435716e-06,9.481852431781591e-06
1259,5.5537270256738545e-06,1.2083023721061181e-05,6.313331622449267e-06,9.274465182897985e-06
1260,5.5268685547263075e-06,1.573576570081059e-05,6.329786734345868e-06,9.201271500569418e-06
1261,5.611961099324011e-06,4.332073349360143e-06,6.303239228772226e-06,8.350519442683434e-06
1262,7.2924798304383226e-06,4.075697825101088e-06,6.179989218213046e-06,7.705667469781477e-06
1263,4.9149273430278605e-06,4.648542280847323e-06,6.111544691541187e-06,7.633916019767642e-06
1264,5.884715824827759e-06,1.0402460284240077e-05,6.144969048242881e-06,7.655373755187612e-06
1265,6.728028263549074e-06,5.638350648951018e-06,6.10556358747595e-06,7.5101388771145136e-06
1266,7.430672556236257e-06,4.107634113097447e-06,6.102267300290503e-06,7.497387874536798e-06
1267,5.1524981740335024e-06,4.992393314751098e-06,6.105773683500755e-06,7.638107711682096e-06
1268,5.681225318565137e-06,1.5905502004898152e-05,6.105028350227965e-06,7.067601103335618e-06
1269,6.1568263259283e-06,4.439275226104656e-06,5.947693371490458e-06,6.980215161456726e-06
1270,7.967656795497331e-06,1.3221316112321802e-05,5.97080554885502e-06,6.935298961616353e-06
1271,6.285715262998161e-06,5.314444779287442e-06,5.9194734783078376e-06,7.100969011662528e-06
1272,6.3965205203607585e-06,4.115162191737909e-06,5.971676639880268e-06,6.8038956371310635e-06
1273,5.992040364112149e-06,8.280736055894522e-06,5.973869784914617e-06,6.370765599785954e-06
1274,5.397780492381167e-06,5.118280623719329e-06,5.951538870188718e-06,6.387189487941214e-06
1275,5.933847012581989e-06,5.4612309941148855e-06,5.943698450007812e-06,6.39485180399788e-06
1276,6.116528867197404e-06,6.345940546452766e-06,5.937339897759051e-06,6.362038496808963e-06
1277,5.295989212754648e-06,4.048577984576696e-06,5.902759216163151e-06,6.164659595015109e-06
1278,5.163291120374601e-06,4.449873449630104e-06,5.86053075692487e-06,6.108499340189154e-06
1279,6.806240670711203e-06,8.378179554711096e-06,5.79153160429592e-06,6.262687752678175e-06
1280,5.4607027590868205e-06,4.048561313538812e-06,5.803590866707963e-06,6.2240729526820356e-06
1281,4.77780214472053e-06,8.929870273277628e-06,5.77707744503439e-06,5.934768249062473e-06
1282,5.720569572784168e-06,4.187736467429204e-06,5.793911073851631e-06,6.099101150903153e-06
1283,4.738221845804623e-06,9.263596475648227e-06,5.6570430161931044e-06,5.741840270275135e-06
1284,6.858806064984593e-06,4.656189357774565e-06,5.65149848427811e-06,5.931759972008878e-06
1285,5.58169718058505e-06,4.907514767182874e-06,5.595501305550796e-06,5.973801980508143e-06
1286,5.053688231176542e-06,4.7426705532416235e-06,5.606522658712897e-06,6.0278850167378565e-06
1287,7.0964693259156775e-06,4.26725572651776e-06,5.6716787806888325e-06,5.999100795816049e-06
1288,4.755963536808849e-06,3.828209601124399e-06,5.688641973655548e-06,6.3781411652598774e-06
1289,5.02019878493027e-06,5.46798773939372e-06,5.665023617196615e-06,6.923796924456839e-06
1290,5.672316782592033e-06,4.23434427830216e-06,5.70724544498565e-06,7.0988164385198625e-06
1291,5.7056937405124905e-06,7.962344425322953e-06,5.73338972361752e-06,7.139582793024602e-06
1292,5.453979734334603e-06,4.027023314847611e-06,5.72032199557321e-06,7.0560345746343965e-06
1293,5.018389776725801e-06,8.672884414409054e-06,5.7057453750126625e-06,7.133707375032828e-06
1294,6.577667046359339e-06,8.547597772121663e-06,5.81454063396652e-06,6.934584090777208e-06
1295,4.5459553540341505e-06,4.289794096621336e-06,5.763401803051239e-06,6.975209308802733e-06
1296,6.147101965123309e-06,1.0062437322631013e-05,5.817429033090271e-06,7.000089562279755e-06
1297,4.996591052177893e-06,5.16621240421955e-06,5.816071634843765e-06,7.048128618407645e-06
1298,6.267574193164667e-06,9.632811961637344e-06,5.797338969831699e-06,7.03028282005107e-06
1299,7.026683541779575e-06,4.398675100674154e-06,5.857707327979572e-06,7.2223536066303485e-06
1300,6.357926836749862e-06,1.4937240230210591e-05,5.806609984554396e-06,7.3240916248323615e-06
1301,5.526069955724072e-06,1.9987334526376798e-05,5.803642978308846e-06,7.911625402630307e-06
1302,6.3515349074805275e-06,8.424065836152295e-06,5.830752788097016e-06,7.896446756785734e-06
1303,5.816898086171325e-06,5.469032312248601e-06,5.815161502768104e-06,8.62272419144574e-06
1304,6.479547469603454e-06,6.2894740949559495e-06,5.902879015896663e-06,8.663289652395178e-06
1305,5.096287245073149e-06,5.990381323499605e-06,5.871510325111254e-06,8.67707457364304e-06
1306,7.497683618566953e-06,3.951788166887127e-06,5.904115385439783e-06,8.499501159531064e-06
1307,4.442098799902144e-06,5.203366918067331e-06,5.825997991733957e-06,8.440321234957082e-06
1308,6.088902596780422e-06,9.88560281257378e-06,5.833068906597166e-06,8.460021608698299e-06
1309,6.824871108821955e-06,5.857165760971839e-06,5.820837455293157e-06,8.47826701683516e-06
1310,5.1133805552833816e-06,4.461369808268501e-06,5.858174947469604e-06,8.483916484692599e-06
1311,6.562897184873388e-06,9.544440217723604e-06,5.832324189416087e-06,8.329938727183616e-06
1312,5.81903574028628e-06,6.810706181568093e-06,5.756383879977673e-06,8.324187656035065e-06
1313,4.68178838067009e-06,1.8516554046072998e-05,5.877104571138463e-06,7.881377193189109e-06
1314,5.697944029634527e-06,5.088521593279438e-06,5.89596114043363e-06,7.350711142134969e-06
1315,5.282534649369255e-06,2.2391280144802294e-05,5.857905316265209e-06,7.2444376008206755e-06
1316,7.898631568726463e-06,8.976480949058896e-06,5.804989559692331e-06,7.1824812926934106e-06
1317,4.6697624646993874e-06,4.371646346044145e-06,5.748525370452424e-06,7.087420761672546e-06
1318,5.8335162849390245e-06,4.233549061609665e-06,5.828082960457929e-06,7.007845682528568e-06
1319,4.6247322037136955e-06,7.068099657772109e-06,5.727959570504027e-06,7.011424196025472e-06
1320,4.722728225614345e-06,4.782303440151736e-06,5.815993762533051e-06,6.983174102424527e-06
1321,5.841315682523095e-06,1.0518572526052595e-05,5.785972536654704e-06,6.791937702291761e-06
1322,5.930028356589093e-06,5.3074491006555036e-06,5.7152525960393385e-06,6.7931025780126225e-06
1323,5.621305241826728e-06,5.783368023912771e-06,5.714499819037479e-06,7.028762363552232e-06
1324,5.128175805819208e-06,4.254898321960354e-06,5.762981010573438e-06,6.908598848167457e-06
1325,9.375944115769622e-06,3.866978659061715e-06,5.704266258019035e-06,6.807018007748411e-06
1326,5.997484188103246e-06,6.720683250023285e-06,5.685234370725487e-06,6.265323352636188e-06
1327,5.400139303270003e-06,5.767227303294931e-06,5.637408724437086e-06,6.207031740632373e-06
1328,4.494004171849358e-06,3.920124609066988e-06,5.706528260735568e-06,5.505002823701943e-06
1329,5.067942738605779e-06,3.9129608194343745e-06,5.582721732591583e-06,5.324813564948272e-06
1330,7.085226995210784e-06,4.0010043449001385e-06,5.549545773768234e-06,5.4035469136579195e-06
1331,4.994598869719387e-06,4.0412510043097425e-06,5.597229983039951e-06,5.609710908538546e-06
1332,6.642953600627758e-06,4.497114578043692e-06,5.647583567568088e-06,5.5159792522317735e-06
1333,5.338371949821724e-06,5.104692809254629e-06,5.657410636922576e-06,5.499190893533524e-06
1334,5.056872593437826e-06,5.886287653993349e-06,5.612705516210149e-06,5.710430815452127e-06
1335,5.094561130236899e-06,1.0352864446758758e-05,5.606502175982719e-06,5.643289677391293e-06
1336,7.774926973272361e-06,6.540352333104238e-06,5.578708461729952e-06,5.690902201968129e-06
1337,4.351166926426231e-06,4.271185171091929e-06,5.573030322678581e-06,5.722575340405456e-06
1338,4.205991198331402e-06,4.974187668267404e-06,5.372951068258974e-06,5.759576462878612e-06
1339,4.50230287242448e-06,3.6312312931841005e-06,5.349859232632703e-06,5.794569986028364e-06
1340,7.010523056831314e-06,4.840557221541531e-06,5.316416864944687e-06,5.727749409925309e-06
1341,4.80346836512682e-06,4.471749480217113e-06,5.370391937443249e-06,5.990999003552134e-06
1342,3.840363494115687e-06,6.339980063785333e-06,5.379012541581891e-06,6.50683309577289e-06
1343,7.025621516731917e-06,9.387648933625315e-06,5.345106404315123e-06,6.527860728965606e-06
1344,5.8835718169171335e-06,4.724808250102797e-06,5.441161606278102e-06,6.508085050882073e-06
1345,4.9684049594765785e-06,4.362594472695491e-06,5.447505811894693e-06,6.483467113866937e-06
1346,4.7236876647123915e-06,1.5799570574017706e-05,5.389610945611719e-06,6.474844620970544e-06
1347,5.774944850903315e-06,3.6289206491346706e-06,5.480826426860908e-06,6.853063698508779e-06
1348,4.926462385507572e-06,6.973681138333632e-06,5.5156453177308625e-06,6.641932298589383e-06
1349,4.986222329534939e-06,5.046726782893529e-06,5.411465542965743e-06,6.581851819282748e-06
1350,4.373962755279434e-06,4.792006720890641e-06,5.457561585737697e-06,6.659318793754211e-06
1351,5.4201882974464546e-06,7.595521328767063e-06,5.528706853773555e-06,6.710614794792493e-06
1352,4.564080111069618e-06,4.096712900718557e-06,5.51761861705826e-06,6.803704054618722e-06
1353,5.843380984313424e-06,1.0501364449737594e-05,5.416993056355245e-06,6.754587677278325e-06
1354,5.2834578420717865e-06,1.6808813124953304e-05,5.3958250103985645e-06,6.737762751072296e-06
1355,6.237573563541648e-06,4.526695174718043e-06,5.44753191184605e-06,6.750134010144395e-06
1356,7.395978918793844e-06,3.546859052221407e-06,5.392111934694791e-06,6.519555638806197e-06
1357,6.801558741042552e-06,3.881666152665275e-06,5.383843775073021e-06,6.482587443315424e-06
1358,3.891000292747372e-06,4.889130486844806e-06,5.3899082944755926e-06,6.7895548028900515e-06
1359,7.337259624667543e-06,1.534176459244918e-05,5.4280503122451296e-06,6.609830598245025e-06
1360,5.965033401985743e-06,5.074579448773875e-06,5.447381045511671e-06,7.078326305781957e-06
1361,5.170432604144379e-06,5.038340350438375e-06,5.4498483360981075e-06,6.943544902242138e-06
1362,5.503567995725057e-06,6.2078595328785015e-06,5.533479460953256e-06,6.9277846658224e-06
1363,5.984622899227866e-06,6.256587694224436e-06,5.516851529056212e-06,7.0397455434431315e-06
1364,4.225096954542096e-06,5.958462788839825e-06,5.479005660911047e-06,6.905496430044878e-06
1365,4.4948840392559456e-06,3.612647788031609e-06,5.5006917843153745e-06,7.010451112728334e-06
1366,4.274267216209814e-06,4.051126325066434e-06,5.45645242574311e-06,6.790321302469239e-06
1367,5.1330360303028205e-06,6.6492615405877585e-06,5.47669492744818e-06,6.462167750214576e-06
1368,5.640122087950456e-06,3.6231896501703885e-06,5.393053994723434e-06,6.4377149199572165e-06
1369,5.676867826372876e-06,3.800603362833499e-06,5.27876578742305e-06,6.471662804324296e-06
1370,5.120017944540854e-06,1.2036778462061194e-05,5.276956668563393e-06,6.579753944970435e-06
1371,5.677238108950809e-06,1.1306465457892046e-05,5.310146096841586e-06,6.731716487411178e-06
1372,6.258213182566881e-06,1.5341313337557948e-05,5.290007148060895e-06,6.273255584892469e-06
1373,4.988144650168478e-06,3.604146049838164e-06,5.263744959787194e-06,6.254145411003266e-06
1374,7.077000450913652e-06,4.652720872400096e-06,5.311500540564238e-06,6.2422829294519045e-06
1375,3.958264457853349e-06,7.5910286614089275e-06,5.248082674168271e-06,6.146758081740701e-06
1376,4.474041593817269e-06,4.239293493810692e-06,5.224827340134653e-06,6.0438497905124685e-06
1377,5.10623319617783e-06,6.720579967804952e-06,5.301590776636861e-06,6.4082717664859966e-06
1378,4.737397020006837e-06,4.998119193260209e-06,5.319225634108686e-06,6.4112372128875e-06
1379,5.789520384698537e-06,8.604974318586756e-06,5.383094986730915e-06,6.4521979104029015e-06
1380,4.146550245422986e-06,3.915374418284046e-06,5.364047076283088e-06,6.335402842159966e-06
1381,4.538773736284283e-06,4.395556161398418e-06,5.300301978746171e-06,6.4012621580332056e-06
1382,6.756330769551116e-06,6.583944668818731e-06,5.272564024481755e-06,6.727716954992503e-06
1383,4.720735999702204e-06,8.688194047863363e-06,5.3982423305569685e-06,6.3921230990672496e-06
1384,6.8337859051502566e-06,3.8802420294814514e-06,5.351888655099578e-06,6.560029524553101e-06
1385,5.3084786951431956e-06,4.5968251015438e-06,5.399416780831718e-06,6.1490488405979714e-06
1386,6.364322123570471e-06,4.741778311654343e-06,5.405791967314143e-06,6.181575562368381e-06
1387,3.91812133582587e-06,3.819738340098411e-06,5.326432438454906e-06,6.2008412773138855e-06
1388,5.40323954838742e-06,3.6838804135186366e-06,5.38950016258847e-06,6.404151594324504e-06
1389,6.144182867097293e-06,1.506901218817802e-05,5.467189359357387e-06,6.424511727891516e-06
1390,4.935755476051579e-06,3.6867839480692054e-06,5.448460722557986e-06,6.448995371101775e-06
1391,5.871001031765546e-06,5.075143762951484e-06,5.477107315709872e-06,6.436260830014364e-06
1392,4.656838269107134e-06,3.729384834514349e-06,5.415671340577117e-06,6.2526585530577e-06
1393,4.04649464952753e-06,5.269672547001392e-06,5.452817955160248e-06,6.257589433153045e-06
1394,4.983418969762473e-06,1.196197328681592e-05,5.441301004187456e-06,6.3821254370850515e-06
1395,8.261975596421204e-06,3.646932063929853e-06,5.3785065465692435e-06,6.280016415621504e-06
1396,4.518396222516054e-06,1.5504126095038375e-05,5.398731576355607e-06,6.198098910317641e-06
1397,7.44641632587041e-06,5.0667962386796716e-06,5.319684236241705e-06,6.430032970092727e-06
1398,5.1475243122291025e-06,4.417314094098401e-06,5.341591706686207e-06,6.397711469981006e-06
1399,5.09301222943274e-06,5.1343637460377064e-06,5.301701626113855e-06,6.482867782324321e-06
1400,5.534957561192439e-06,1.2673786586674397e-05,5.336491961032961e-06,6.511766098265072e-06
1401,6.416271513040151e-06,4.748296832985943e-06,5.273931608765756e-06,6.5094127399788715e-06
1402,4.6380172761928405e-06,7.332671048061457e-06,5.1818025704051264e-06,6.043280283847707e-06
1403,5.453561848803979e-06,4.679755666074925e-06,5.206290576239149e-06,6.049683899618686e-06
1404,4.2536210063796414e-06,4.0149173946701925e-06,5.135123697598628e-06,5.9894222253205954e-06
1405,5.075215610001275e-06,4.038646420667647e-06,5.116127350892283e-06,6.323146961221936e-06
1406,4.250849961964479e-06,7.508956259698607e-06,5.169086895754543e-06,6.3008836947119545e-06
1407,5.186469329095821e-06,4.031219132230035e-06,5.26713841089885e-06,6.117688249287312e-06
1408,5.226361744361283e-06,6.640256415266776e-06,5.1773554647701935e-06,6.175736362638417e-06
1409,4.857602402302696e-06,9.67859352385858e-06,5.16988144455455e-06,6.1913248631753955e-06
1410,5.856165456255743e-06,3.788787598750787e-06,5.107622926536553e-06,6.127084641775582e-06
1411,5.367070109261679e-06,6.870686120237224e-06,5.107577487857876e-06,6.171202812038246e-06
1412,4.787879708803505e-06,4.54219623861718e-06,5.146894514453178e-06,6.102639140590328e-06
1413,3.839230741707272e-06,3.625046456363634e-06,5.140063723613114e-06,6.474131729191868e-06
1414,3.840956908081555e-06,3.415700784898945e-06,5.068469873104834e-06,6.616301726171514e-06
1415,5.547955621902171e-06,3.846874342343654e-06,5.037134767149433e-06,6.498531139004627e-06
1416,4.091829065752487e-06,3.5686019054992358e-06,5.061389978315372e-06,6.601004709955306e-06
1417,4.1819296014485495e-06,1.2072503232047893e-05,5.0878850605739805e-06,6.7554431057942566e-06
1418,5.370483271083989e-06,4.71309088425187e-06,5.122661039867025e-06,6.91709353341139e-06
1419,7.434706848370196e-06,7.382087151199812e-06,5.22214053255286e-06,6.771829290300958e-06
1420,6.017401943204782e-06,5.0981348977074955e-06,5.170872745899639e-06,6.7426783945848e-06
1421,4.3315457171249565e-06,1.589383860846283e-05,5.1432932398003895e-06,6.629118523778743e-06
1422,5.8899533754204946e-06,3.4607907036843245e-06,5.1193534669033005e-06,6.42220004410774e-06
1423,5.146388345262191e-06,5.520268350664992e-06,5.068803896695803e-06,6.4467429947399065e-06
1424,6.075937894315252e-06,3.420271959839738e-06,5.061031059408885e-06,6.543788316048449e-06
1425,5.364187790190853e-06,2.1961101301712914e-05,5.071638480310666e-06,6.548160951570026e-06
1426,4.626425250333139e-06,8.302546757477102e-06,5.21256685238364e-06,6.780193052691174e-06
1427,3.854639627307835e-06,4.388406368889264e-06,5.27746738888608e-06,6.821969007432926e-06
1428,6.0599421279524295e-06,7.241594939841889e-06,5.281477852097145e-06,6.876500355065218e-06
1429,4.915998062844867e-06,7.875877290643985e-06,5.2894232793429806e-06,6.948553405527492e-06
1430,5.944615092327392e-06,8.079907111095963e-06,5.318613489402602e-06,6.6105221983889346e-06
1431,6.737837279110358e-06,3.8773501819378e-06,5.285776005196871e-06,6.620657321036561e-06
1432,3.904774662765299e-06,3.3024467393261146e-06,5.186215161928785e-06,6.469873970127083e-06
1433,4.536874091880034e-06,3.8012596451153515e-06,5.118918313039306e-06,6.432954489355326e-06
1434,4.2591080798754575e-06,4.505631532083498e-06,5.118548378332991e-06,6.269476453235257e-06
1435,4.592426201068317e-06,4.402361364554963e-06,5.097564056692743e-06,6.2597059364634345e-06
1436,5.172749177088715e-06,9.296819152950775e-06,5.134186442854925e-06,6.182339692168172e-06
1437,5.053065231348026e-06,4.651512126656598e-06,5.083656586854583e-06,6.213689449214145e-06
1438,7.36244004353163e-06,9.42584898439236e-06,5.017787928490079e-06,5.58438610387384e-06
1439,5.463470320642551e-06,4.460099653442739e-06,5.065423900689186e-06,5.4622179170110035e-06
1440,5.648217202178785e-06,5.210158033150947e-06,5.144809024972751e-06,5.4180083599931105e-06
1441,4.290464746898376e-06,5.3699281670560594e-06,5.102352868804398e-06,5.267545156311827e-06
1442,4.911684852939086e-06,3.6217230535839916e-06,5.0786825780960504e-06,5.31423284446646e-06
1443,4.549546165940733e-06,4.9664689504425044e-06,5.040021927723299e-06,5.290358993443079e-06
1444,4.945685766668046e-06,3.6125033784628615e-06,5.0032455840361454e-06,5.36467192141572e-06
1445,4.334980720967805e-06,4.175147878413554e-06,5.045003255367596e-06,5.396069132621051e-06
1446,4.322297349467084e-06,1.1806887705461122e-05,5.0393482071336205e-06,5.650930737829185e-06
1447,5.365345334414289e-06,3.2165277843887454e-06,5.158779112166989e-06,5.707743137099896e-06
1448,6.061947999316746e-06,3.5861122432834235e-06,5.193227657016703e-06,5.666590218243073e-06
1449,4.812691494306718e-06,4.204015885989065e-06,5.179102925628993e-06,5.464687554194824e-06
1450,3.7174713310782356e-06,6.228517668205313e-06,5.129843390123925e-06,5.446515883522806e-06
1451,5.817324555310834e-06,5.248342085906188e-06,5.046240240476941e-06,5.2758919475309095e-06
1452,5.83926773439695e-06,3.2831674434419254e-06,5.032152789681277e-06,5.349693880634732e-06
1453,4.998538223743607e-06,3.480014847809798e-06,4.9839951509258956e-06,5.272898348994204e-06
1454,4.324240795136171e-06,9.043069494509837e-06,5.008984042009009e-06,5.238621691023582e-06
1455,4.978098833008618e-06,7.483060835511424e-06,4.990451965224768e-06,5.349315066996497e-06
1456,5.818428686931536e-06,5.735173381253844e-06,5.007216165419475e-06,5.27843256968481e-06
1457,4.948716446051549e-06,4.087377019459381e-06,4.982907298067909e-06,5.291899449730409e-06
1458,4.395497886030676e-06,1.0172799775318709e-05,5.011461878954531e-06,5.614051057273173e-06
1459,7.244880705709673e-06,5.925941513851285e-06,5.143153381484607e-06,6.034468402867787e-06
1460,5.453639822311137e-06,3.3735383931343676e-06,5.1307411571946846e-06,6.029270163162436e-06
1461,4.81963089239596e-06,4.2492525517445755e-06,5.054208824508856e-06,6.161989022621127e-06
1462,3.821576843721333e-06,4.197220359856146e-06,5.024333229590007e-06,6.121108074694348e-06
1463,5.272361302357037e-06,5.160250584594905e-06,5.069135307591447e-06,6.010046327901363e-06
1464,5.1112840507509346e-06,6.305147981038317e-06,5.121568598284891e-06,6.093188353224831e-06
1465,4.444276233294255e-06,3.2902697421377523e-06,5.049578460117725e-06,6.1887874644526165e-06
1466,4.91518702397621e-06,4.513011717790505e-06,5.0357599614977115e-06,6.231908876179659e-06
1467,4.44838293333305e-06,6.389057452906854e-06,5.019149260846866e-06,6.088139127496106e-06
1468,4.968651170808395e-06,3.19440651765035e-06,5.044821560598696e-06,6.1309884154979955e-06
1469,4.337964082878898e-06,3.949175379602821e-06,5.003790212524311e-06,6.261780454769904e-06
1470,5.048845243133352e-06,1.2228938066982664e-05,5.034684772949226e-06,6.272100354726717e-06
1471,7.6145849127189855e-06,2.231732134532649e-05,5.028956273478495e-06,6.019057852790866e-06
1472,5.055039727166231e-06,3.0865717917549775e-06,4.9723609870650564e-06,5.915089267909934e-06
1473,4.148639682171052e-06,6.9040837297507095e-06,4.926972275118008e-06,5.900607613875764e-06
1474,4.065801621335494e-06,3.18199218781956e-06,4.907483201087518e-06,5.887446053020539e-06
1475,4.837523281114247e-06,3.4519739983807083e-06,4.940925174883484e-06,5.871566597852507e-06
1476,7.128156822646916e-06,7.326892718992895e-06,4.891408463421007e-06,5.821497584474854e-06
1477,4.039514280217797e-06,5.673145224136533e-06,4.844124970582522e-06,5.701989531735308e-06
1478,4.653075758243277e-06,4.55805014098587e-06,4.833965488837244e-06,5.6992372938111646e-06
1479,3.908973278865031e-06,5.448825777421007e-06,4.816035467107821e-06,5.665384446911047e-06
1480,5.619906326804388e-06,8.554293035558658e-06,4.879799525224372e-06,5.884026841522426e-06
1481,4.792644985071901e-06,9.004974363051587e-06,5.014608400476089e-06,5.897222914791199e-06
1482,5.7210804566744224e-06,4.345374518379685e-06,5.0050037015252105e-06,5.914564790509756e-06
1483,4.252285399262392e-06,3.846737226922414e-06,5.0269682250776294e-06,5.81430201891635e-06
1484,5.829998545373706e-06,3.3267268918280023e-06,4.88892811265234e-06,5.067860631243093e-06
1485,4.3189220236349175e-06,3.011497042280098e-06,4.934366800181225e-06,5.0807276851628555e-06
1486,4.3324040416337085e-06,3.920213530363981e-06,4.916706690851747e-06,5.392569708237715e-06
1487,4.657626188620473e-06,3.800233980655321e-06,4.941631396003585e-06,5.643783211962728e-06
1488,4.034443515795121e-06,3.908525250153616e-06,4.924545444676672e-06,5.705092250900634e-06
1489,3.929196729788803e-06,3.317446662549628e-06,4.800225586748436e-06,5.546281278111564e-06
1490,4.190289189662306e-06,3.221463794034207e-06,4.818701768999745e-06,5.439090692379977e-06
1491,4.466936480740616e-06,3.6666905452875654e-06,4.801878224093849e-06,5.458624612583662e-06
1492,6.042484386246846e-06,1.1855117318191333e-05,4.823835934015127e-06,5.524016851632041e-06
1493,8.33887305210131e-06,3.5243083493696756e-06,4.824982540089372e-06,5.305459390910983e-06
1494,4.09784660910696e-06,4.382722272566752e-06,4.800530401128829e-06,5.092279053678794e-06
1495,5.597958331943826e-06,9.722368777147494e-06,4.796172405440302e-06,5.832532892782182e-06
1496,4.16358210208677e-06,3.6562866534950444e-06,4.799007161798525e-06,5.901277066186594e-06
1497,6.191006915388345e-06,3.4082481397490482e-06,4.736908420959986e-06,5.88968507181562e-06
1498,3.7071369489341226e-06,1.4700134306622203e-05,4.751668322064183e-06,5.9412831009467485e-06
1499,4.688919250131423e-06,9.462329780944855e-06,4.733365096419423e-06,5.95414084073127e-06
1500,4.410374497941423e-06,4.984699971828377e-06,4.754062155734573e-06,5.936371484494884e-06
1501,4.020160374441023e-06,3.3566183992661535e-06,4.783849751887222e-06,5.919325685317744e-06
1502,4.501418836500508e-06,2.9933805808468604e-06,4.826911693514072e-06,5.905231663928134e-06
1503,4.232487135595875e-06,5.046398146077991e-06,4.922640316241692e-06,5.914742773893522e-06
1504,4.457916026896985e-06,7.083631753630471e-06,4.990320765015591e-06,5.894008384711924e-06
1505,5.648571478660516e-06,3.0903565175322e-06,4.920676461430654e-06,6.016530118722585e-06
1506,4.1813415110583364e-06,3.6754659322468795e-06,4.766633621167986e-06,6.013607949716971e-06
1507,5.612130564461242e-06,2.28517204959644e-05,4.799301500234934e-06,6.025111488634138e-06
1508,4.32315430821796e-06,5.565341562032699e-06,4.785162170365867e-06,5.904403607928543e-06
1509,4.2775300244102255e-06,3.036927032553649e-06,4.823868148620628e-06,5.904349195770919e-06
1510,4.687919551239853e-06,4.3014477705582975e-06,4.846104521776498e-06,5.883987804008939e-06
1511,3.874823400514692e-06,4.24165702497703e-06,4.862297564613982e-06,5.457928920623089e-06
1512,5.17505267149924e-06,3.3560000747456797e-06,4.850850054632853e-06,5.331132476385392e-06
1513,4.779133419611349e-06,3.4823802707251162e-06,4.857996867859685e-06,5.328809808816004e-06
1514,5.005745270460061e-06,2.9650961278093745e-06,4.8715954635352116e-06,5.322360103855318e-06
1515,6.5835047578528046e-06,3.4592415431689004e-06,4.839028669549508e-06,5.477608300861903e-06
1516,6.158947700088093e-06,3.148330815747613e-06,4.80798122114518e-06,5.525428786495468e-06
1517,4.301376796623421e-06,1.4918160668457858e-05,4.839818703557184e-06,5.364319697582688e-06
1518,4.487802045534611e-06,3.4512541242293083e-06,4.808995790760188e-06,5.402590644007434e-06
1519,4.914543585780646e-06,4.670310745495953e-06,4.793579594358258e-06,6.1936409307236324e-06
1520,5.244475085217143e-06,6.7046717595076185e-06,4.800242211644621e-06,5.438094492637901e-06
1521,5.131231558455814e-06,3.6549263495544437e-06,4.782836996754566e-06,5.339687261039216e-06
1522,6.746916244285078e-06,2.8992133456995363e-06,4.7984581386117495e-06,5.364157982694451e-06
1523,4.1119630198712305e-06,4.048662221975974e-06,4.778993721548533e-06,5.7370143229491076e-06
1524,4.402731500603194e-06,6.292418675002409e-06,4.8107545879449596e-06,5.826351920404704e-06
1525,4.589044828612208e-06,4.926633282593684e-06,4.8230064709868105e-06,5.979887032844998e-06
1526,4.360125266329204e-06,3.1953757752489763e-06,4.812257413787948e-06,5.992355807575222e-06
1527,3.6872489868579174e-06,6.874585506011499e-06,4.750226685589748e-06,5.992444603180047e-06
1528,3.456300925487691e-06,6.241910286917119e-06,4.651208640623533e-06,6.024912117936765e-06
1529,5.2538530871970575e-06,3.055904530810949e-06,4.650811119608988e-06,6.045645118865651e-06
1530,4.877998658735628e-06,4.047130178150838e-06,4.6726085578484335e-06,5.5930313701537675e-06
1531,3.7959366010100996e-06,2.3451723100151865e-05,4.6972518242505935e-06,5.5896240541187574e-06
1532,5.7786959966203234e-06,3.963059543821146e-06,4.689896547097306e-06,5.6545631243352545e-06
1533,3.8880239359665815e-06,3.105160772065574e-06,4.665980306829927e-06,5.5776472938305235e-06
1534,4.668058570839801e-06,3.648695073934505e-06,4.635367282975898e-06,5.667855026695179e-06
1535,4.201309124659423e-06,1.3622856276924723e-05,4.538443443278892e-06,5.6774223241518494e-06
1536,4.6688450604253576e-06,6.475096961366944e-06,4.632839460969585e-06,5.997070765442914e-06
1537,5.481349747545513e-06,7.194377885753056e-06,4.70298098324646e-06,5.908403461580748e-06
1538,4.510406989639806e-06,3.794099638980697e-06,4.699198085897175e-06,6.158540420801728e-06
1539,3.4549770655050655e-06,2.9673160179299883e-06,4.685038600251169e-06,6.367740851055715e-06
1540,4.108053633697435e-06,4.270929412086843e-06,4.711881553844755e-06,6.2455691775539895e-06
1541,6.149009674724463e-06,3.6666558389697457e-06,4.724692649203158e-06,6.415913972159616e-06
1542,4.846312752609568e-06,3.602816950660781e-06,4.672487392276202e-06,6.414134757324064e-06
1543,5.103883705588588e-06,3.3660712233540837e-06,4.648815612826082e-06,6.40672258723498e-06
1544,4.730661656948441e-06,6.2937875009083655e-06,4.64260644310141e-06,5.6448467918016825e-06
1545,4.646569078532694e-06,4.781775996889337e-06,4.6142324389923795e-06,5.654375795893429e-06
1546,4.36590596210509e-06,5.910119671170832e-06,4.671113271716523e-06,5.71484777938167e-06
1547,4.323820251859919e-06,3.1383957821162765e-06,4.649254201083549e-06,5.678995748712623e-06
1548,6.471863462138572e-06,1.2039873254252598e-05,4.640954333929889e-06,5.252553791433456e-06
1549,6.1562695575250675e-06,4.075736078448244e-06,4.7105572074441525e-06,5.1121171769409555e-06
1550,4.494472394880075e-06,1.1180057263118216e-05,4.733268048302206e-06,4.955048757437908e-06
1551,4.006138125179051e-06,8.425386531598634e-06,4.749366816839838e-06,4.960463586576225e-06
1552,4.3583228266975815e-06,3.820293668468366e-06,4.766388172538427e-06,5.039807680077501e-06
1553,3.776578309447763e-06,1.0500530152057763e-05,4.764394245022333e-06,5.072293883858947e-06
1554,3.948721664023146e-06,3.0114241599221713e-06,4.6868021267477565e-06,5.078869340650271e-06
1555,4.286204172482637e-06,3.861825925923767e-06,4.724065838733319e-06,5.469519355028751e-06
1556,3.6407073578933098e-06,4.404828214319423e-06,4.736972701620187e-06,5.578210786916315e-06
1557,5.069345893894529e-06,4.2012846461148e-06,4.703286039451389e-06,5.61899501044536e-06
1558,5.310044754070178e-06,4.616960359271615e-06,4.713092683555765e-06,5.5547512958582966e-06
1559,4.1215818050154164e-06,2.7523943072083056e-06,4.681049461740057e-06,5.479828251554864e-06
1560,3.993812445817942e-06,2.9618073449455553e-06,4.6728261288889275e-06,5.481400336975641e-06
1561,6.40891689828196e-06,2.964181599054427e-06,4.572820709411948e-06,5.133748830485275e-06
1562,6.049120768996848e-06,3.2676673981768543e-06,4.53669593476257e-06,5.138062977130176e-06
1563,4.912876203080588e-06,3.929470367438626e-06,4.5048619662945084e-06,4.808869909902569e-06
1564,3.880510957969818e-06,4.950918355461908e-06,4.511261048335453e-06,4.70238038469688e-06
1565,4.058205445795061e-06,5.083084506622981e-06,4.514664717498817e-06,4.695171658386243e-06
1566,4.2092067178600705e-06,3.831042258752859e-06,4.630052668936615e-06,4.410083092443529e-06
1567,5.777905552248639e-06,1.3369067310122774e-05,4.628154781393177e-06,4.4725978877977465e-06
1568,5.426555277760296e-06,6.08335702054319e-06,4.595508049937457e-06,4.614183092417078e-06
1569,3.888495102728484e-06,7.313393089134479e-06,4.618201884679568e-06,4.711395045524113e-06
1570,4.891735181142091e-06,3.1756831322127253e-06,4.554148693912592e-06,4.759480524080573e-06
1571,3.564825416712362e-06,4.03704356358503e-06,4.531215415227053e-06,4.739379928651033e-06
1572,4.1182369305816894e-06,3.177697917635669e-06,4.5870828318180015e-06,4.7461590702368985e-06
1573,3.971727975214082e-06,3.348585591993469e-06,4.601926910860736e-06,4.775977561075705e-06
1574,5.25315019129064e-06,4.183589744570782e-06,4.562588272306635e-06,4.767133809582447e-06
1575,3.6986231831785215e-06,2.9502305824280484e-06,4.50052256930778e-06,4.80248574858706e-06
1576,4.166115176202664e-06,5.763148401456419e-06,4.452955182568985e-06,4.8261527033901075e-06
1577,4.443414555781702e-06,3.6400755107024453e-06,4.5556918995619824e-06,4.996651263718377e-06
1578,6.661277095392709e-06,3.37331600348989e-06,4.523586171570868e-06,4.901712816536019e-06
1579,3.901274475437175e-06,4.574294043777627e-06,4.498882546290084e-06,4.91285990956385e-06
1580,3.470035886089641e-06,7.401456041407073e-06,4.457466516315537e-06,4.483992006862535e-06
1581,4.20805322644608e-06,6.835127041995293e-06,4.429646811533733e-06,4.510228794970316e-06
1582,3.468016124720129e-06,5.403421610026271e-06,4.447271402002823e-06,4.433583965146681e-06
1583,4.7367127869317e-06,4.1144454735331234e-06,4.395868304042475e-06,4.434489146660781e-06
1584,5.518267219789171e-06,2.921872846854967e-06,4.494257220701709e-06,4.4331557201076076e-06
1585,4.36491442188627e-06,3.70726961591572e-06,4.488837080276022e-06,4.420370804109554e-06
1586,5.42545093442944e-06,2.743087811722944e-06,4.493709380706908e-06,4.46044579257432e-06
1587,4.497478194025462e-06,4.151465873292182e-06,4.4586587832883294e-06,4.709502394689481e-06
1588,3.7236915346107303e-06,4.521144237514818e-06,4.5170366594296255e-06,4.926826264636476e-06
1589,6.448928882794765e-06,9.213382363668642e-06,4.646708285508794e-06,4.8558833408606e-06
1590,3.255562246017184e-06,2.709623327064037e-06,4.619117680865909e-06,4.850206872652052e-06
1591,3.5916160858404408e-06,4.109719584448612e-06,4.518578889049725e-06,4.855084335213178e-06
1592,4.7425048028849734e-06,2.6473697425899445e-06,4.5651794340907745e-06,4.819347897864645e-06
1593,4.7310626582152e-06,6.739276723237708e-06,4.627640620674356e-06,4.638452960898576e-06
1594,4.329109864455758e-06,5.397272343543591e-06,4.61879795408701e-06,4.509567664536006e-06
1595,3.606657732133398e-06,3.1983126700652067e-06,4.674917465571424e-06,4.442002123869314e-06
1596,6.024548333193201e-06,4.0037078997556816e-06,4.657372851963575e-06,4.508249725950008e-06
1597,3.9827334199395e-06,2.858075017684314e-06,4.6570148791539e-06,4.507197294879007e-06
1598,4.093535485986245e-06,4.350460303612636e-06,4.616465761723197e-06,4.484320768824546e-06
1599,4.376885255826184e-06,1.0410004797449801e-05,4.5531449896467775e-06,4.5572241373520235e-06
1600,5.158070086710925e-06,8.38332733110292e-06,4.55181257137964e-06,4.837412139568188e-06
1601,7.407905828181862e-06,3.989575307059568e-06,4.675283037815663e-06,4.850364949561481e-06
1602,3.7536494397095843e-06,3.4981638054887297e-06,4.5963475984131535e-06,4.681364564567048e-06
1603,4.147807299988118e-06,3.4952525675180367e-06,4.6306678454736055e-06,4.7109411490964704e-06
1604,5.066288101463417e-06,3.6808831100643145e-06,4.636883162210223e-06,4.773730471424642e-06
1605,5.0315655506791595e-06,2.879082617255335e-06,4.616053758278819e-06,4.924837126418424e-06
1606,3.986986561762428e-06,3.612994632931077e-06,4.695410263108594e-06,4.7781589493752105e-06
1607,4.871003911830485e-06,3.7142830933589723e-06,4.7200078606288625e-06,4.728966786387901e-06
1608,4.298097446735483e-06,5.770635525550461e-06,4.7078589376219e-06,4.738344421821239e-06
1609,5.509317899547265e-06,2.8955620700799045e-06,4.631741198621361e-06,4.888665795260749e-06
1610,3.3511864861187253e-06,3.1353564645542066e-06,4.648066942799132e-06,4.900502245072858e-06
1611,3.842431632518937e-06,4.565672024909873e-06,4.676199539547573e-06,4.850395232642767e-06
1612,4.464167737347048e-06,1.1156165928696282e-05,4.669293991699104e-06,4.575028358704003e-06
1613,6.810453195511299e-06,4.84496448734717e-06,4.616116000417807e-06,4.353152319890796e-06
1614,4.475542897732036e-06,4.9883727388078115e-06,4.449085205790955e-06,4.431419034153806e-06
1615,4.113568422528462e-06,3.449037940299604e-06,4.467061413662223e-06,4.555402894402505e-06
1616,3.7469990042558896e-06,5.679452642652904e-06,4.46468884945514e-06,4.532202886184678e-06
1617,4.221769704599865e-06,6.425036117434502e-06,4.4326260050487085e-06,4.495615230371186e-06
1618,6.714975278959577e-06,3.0723222971573703e-06,4.414572093689155e-06,4.5036598367005345e-06
1619,4.94404980246246e-06,4.16746826886083e-06,4.4361467402470426e-06,4.981224082439439e-06
1620,3.3029346569593246e-06,3.432753555898671e-06,4.406009922745902e-06,4.945703885641705e-06
1621,4.121604858179732e-06,7.76174223574344e-06,4.4128894407549515e-06,4.821813791932072e-06
1622,4.390877024383776e-06,3.1539862629870184e-06,4.363655235364503e-06,4.812146660333383e-06
1623,4.7968504046972765e-06,3.0977849928603974e-06,4.371168601897402e-06,4.792723734863103e-06
1624,4.204246559614452e-06,3.5258329489806785e-06,4.387244899893024e-06,4.776571493493976e-06
1625,3.828620304678528e-06,2.836426360772748e-06,4.392711248146953e-06,4.461462860490429e-06
1626,3.232135962510559e-06,5.94624316363479e-06,4.3043891394417085e-06,4.481170449798811e-06
1627,4.203054636491288e-06,6.597760311706224e-06,4.261451679404774e-06,4.403173654645797e-06
1628,4.088493194811033e-06,2.9152523620723515e-06,4.259592196912208e-06,4.392475553686382e-06
1629,4.264716991302622e-06,2.766191714727029e-06,4.2697174360202755e-06,4.7191455840220445e-06
1630,4.580217766690314e-06,3.0801977754890686e-06,4.271821775384726e-06,4.620915883606357e-06
1631,4.526352725709633e-06,1.5552100776403677e-05,4.190131334548319e-06,4.6543777398255764e-06
1632,4.117583474301985e-06,2.8262781734156305e-06,4.1637669225464285e-06,4.621072186091623e-06
1633,4.470085396961723e-06,2.67338318280963e-06,4.24857389618612e-06,4.751732607292069e-06
1634,4.278462764786026e-06,2.653883780112665e-06,4.249164048461454e-06,4.561905957234557e-06
1635,3.539020649441227e-06,2.649783327797195e-06,4.228168412727327e-06,4.574813821454881e-06
1636,4.244339082409472e-06,4.16186599068169e-06,4.227416355519786e-06,4.838997077968087e-06
1637,4.600826443695243e-06,3.2784501036076106e-06,4.2308427359583025e-06,4.8220309965472535e-06
1638,4.602400477880211e-06,5.33765422005672e-06,4.2782276593445404e-06,4.826706666426616e-06
1639,3.4021063968086513e-06,3.038452859982499e-06,4.307848232474497e-06,4.695085136700071e-06
1640,4.067081360214313e-06,3.1815854163141923e-06,4.265947593143614e-06,4.540782131334709e-06
1641,4.000129981957596e-06,1.3846203401044477e-05,4.255100323249887e-06,4.560002180005539e-06
1642,4.274378188711125e-06,3.969293607042345e-06,4.249885955192035e-06,5.05341127191059e-06
1643,4.672714258049382e-06,3.9088687026378464e-06,4.230980328601516e-06,5.290683068778889e-06
1644,4.284939502415202e-06,3.334829425511998e-06,4.180952277612151e-06,4.81474882690236e-06
1645,5.423108997951608e-06,6.699264085909817e-06,4.195465214262287e-06,4.8356458966736686e-06
1646,4.136358665063097e-06,3.016075984305644e-06,4.197398170749188e-06,4.866547206438554e-06
1647,3.865986131030594e-06,3.476682868495118e-06,4.1715733850550244e-06,4.878506805107464e-06
1648,4.778048974508743e-06,9.702366405690554e-06,4.198052249345588e-06,5.0196466385386886e-06
1649,4.2899060705773686e-06,3.101680913459859e-06,4.2264703556813595e-06,4.954620955504652e-06
1650,5.013243389334497e-06,2.953318107756786e-06,4.285675457837593e-06,4.990765046568413e-06
1651,3.9726502907595005e-06,2.65570492047118e-06,4.2499060619775264e-06,5.084098193219689e-06
1652,3.1555386532191834e-06,2.7401851775721296e-06,4.270031452860065e-06,5.074535040330375e-06
1653,3.817311447467849e-06,3.3957535788431414e-06,4.257196790007988e-06,5.0515609475041844e-06
1654,4.1343577898563425e-06,1.510141901235329e-05,4.296078651603037e-06,4.596259422396543e-06
1655,4.107577101927341e-06,9.011992697196547e-06,4.287741954522062e-06,4.6132030836815824e-06
1656,3.2756514509755004e-06,3.6537447294904268e-06,4.240390816297198e-06,4.559843606330106e-06
1657,4.480406890555363e-06,3.348704917698342e-06,4.209342916318645e-06,4.633878665117663e-06
1658,4.518409309134263e-06,3.445915926931775e-06,4.137925458679901e-06,4.477375248279714e-06
1659,3.63284312243195e-06,2.952873746835394e-06,4.1245876196828445e-06,4.475958074726805e-06
1660,4.200992256705326e-06,6.178279163577827e-06,4.127169841538286e-06,4.71877813233732e-06
1661,4.954791740803759e-06,2.536223914830771e-06,4.0770060741326436e-06,4.443983915007267e-06
1662,6.0809539976010755e-06,4.182052380201639e-06,4.086277369525406e-06,4.590332921907248e-06
1663,3.7081655813785296e-06,7.670982886338607e-06,4.038962264692398e-06,4.592564864833549e-06
1664,3.90524116887213e-06,2.799374037749658e-06,4.072646303514678e-06,4.7505378961432145e-06
1665,3.746214788912362e-06,2.607233095659467e-06,4.161475098347485e-06,4.740517577738501e-06
1666,4.972176521833818e-06,2.4636652733533994e-06,4.138348516547315e-06,4.748570804622433e-06
1667,4.065960761686761e-06,4.392885139168357e-06,4.197790498953206e-06,4.247450639013551e-06
1668,3.4889358024277803e-06,2.5748817688509005e-06,4.231817238976671e-06,4.096763829511474e-06
1669,3.508742002951395e-06,5.1857058952009535e-06,4.285553437421185e-06,4.0598850177048e-06
1670,3.6376725569829837e-06,2.7866786649610733e-06,4.243290367624771e-06,4.041143451468087e-06
1671,3.802912690136711e-06,2.9806466454829206e-06,4.232360079580151e-06,4.0266412686833065e-06
1672,3.930541677416639e-06,9.547184308758006e-06,4.2229358199316865e-06,4.064741671209049e-06
1673,3.5239547893676596e-06,2.832510972439195e-06,4.185663651141011e-06,3.9237256674823584e-06
1674,4.5216884553964415e-06,6.7604060859594025e-06,4.146052918592128e-06,3.943288144182588e-06
1675,3.830365768509283e-06,3.009116680914303e-06,4.029241127530743e-06,3.8952641378273255e-06
1676,4.814751261316512e-06,6.605030703212833e-06,4.046052551135896e-06,3.8045841545681472e-06
1677,5.3762585240393595e-06,2.4896772174543e-06,4.0412444066229604e-06,3.933575556402503e-06
1678,3.2391469024635927e-06,3.597084250941407e-06,4.080779468141474e-06,3.929378806242313e-06
1679,5.620407350003613e-06,2.5734148721312524e-06,4.137486718466082e-06,3.953390762580966e-06
1680,4.958245602513974e-06,5.244822459644638e-06,4.148002969294692e-06,3.888223933245172e-06
1681,4.619056412088361e-06,2.731774434323597e-06,4.181460232383768e-06,3.899277800883283e-06
1682,3.423830145644994e-06,2.8801657617805177e-06,4.173750370248147e-06,3.836983735163813e-06
1683,4.245152108018778e-06,3.083361357312242e-06,4.178322118392922e-06,3.823366815413465e-06
1684,3.3972366312203423e-06,3.905383809978957e-06,4.175859085232028e-06,4.17417032749654e-06
1685,3.2691880369384305e-06,2.652879070410563e-06,4.250588726861477e-06,3.914895517846162e-06
1686,3.964523427081682e-06,3.025285832336522e-06,4.236924117150112e-06,3.971360668401758e-06
1687,3.160659221066453e-06,2.9814522213200687e-06,4.187336106153654e-06,3.810518550380948e-06
1688,4.128451171507348e-06,5.4039833048591394e-06,4.224550908545805e-06,3.7954706060190796e-06
1689,3.7850375560487413e-06,6.024159083608538e-06,4.150269834735809e-06,3.6470944645770937e-06
1690,4.734591326875185e-06,2.50231434165471e-06,4.0805320593083e-06,3.6488041158008852e-06
1691,6.389857779949024e-06,3.063964181819756e-06,4.133268704683561e-06,3.755194289260544e-06
1692,4.328867032402033e-06,2.7637144057734986e-06,4.0891006198257345e-06,3.7637459285178923e-06
1693,4.325367379654684e-06,2.8512284598036787e-06,4.0335043642496915e-06,3.8038293019781128e-06
1694,3.3159954495608366e-06,3.6283542522141942e-06,4.112674680335556e-06,3.837993227716652e-06
1695,3.751966260602381e-06,2.44625567120238e-06,4.125166266890625e-06,3.896962571707263e-06
1696,3.74133686111438e-06,1.1750734447559808e-05,4.13499655448201e-06,3.916988481978479e-06
1697,5.79878271815283e-06,3.065314067498548e-06,4.138379987529738e-06,3.867201393768484e-06
1698,3.1823395465835347e-06,4.244139736329089e-06,4.1912916862606334e-06,3.860194178923849e-06
1699,3.2819881804850106e-06,2.73935313543916e-06,4.1920668432996745e-06,3.858680314624509e-06
1700,4.7607358283130455e-06,2.632918071867607e-06,4.236104517096666e-06,4.06588386904332e-06
1701,2.957724416066614e-06,2.895627167163184e-06,4.222324611893984e-06,3.993375498248498e-06
1702,3.6328141383516292e-06,2.5324184980490827e-06,4.228243117015356e-06,3.909131719774451e-06
1703,4.557563036845144e-06,6.256838587432867e-06,4.1899826952835105e-06,4.057442415978585e-06
1704,4.51620522855794e-06,2.787205853564956e-06,4.093337207672853e-06,4.07707708345697e-06
1705,3.5683392131128735e-06,6.2469067961501425e-06,4.121461400730671e-06,4.090216040276574e-06
1706,6.598314314235014e-06,3.585872577787086e-06,4.127271613874149e-06,4.3205057912928175e-06
1707,3.7361198095216726e-06,4.3543993615458025e-06,4.22543876682337e-06,4.318424861958193e-06
1708,4.49090929780343e-06,3.584009114092623e-06,4.2739010219924635e-06,4.434907510585617e-06
1709,3.4818224574135256e-06,2.6607066047290574e-06,4.278221585041642e-06,4.0624788978675486e-06
1710,4.591980505210813e-06,2.4776986992947057e-06,4.1519989565939686e-06,4.154354852107644e-06
1711,3.983902353057703e-06,2.9874392248530058e-06,4.150966652438606e-06,4.155928154978027e-06
1712,4.261601065991272e-06,8.161541081790347e-06,4.204177268224561e-06,4.1481514062979824e-06
1713,3.783953541440294e-06,3.591274034988601e-06,4.2216490434738155e-06,4.331534312586882e-06
1714,3.933000184083034e-06,3.918064621757367e-06,4.254277959919111e-06,4.312254917931568e-06
1715,3.778080783579046e-06,6.210081746758078e-06,4.260206511642334e-06,4.555161882308312e-06
1716,3.9737205896825694e-06,3.5548308687793906e-06,4.220747535277445e-06,4.640871936862822e-06
1717,5.031971858847504e-06,3.0921883262635674e-06,4.200592382737037e-06,4.8817894376043115e-06
1718,4.470622708241636e-06,8.608472235209774e-06,4.180681869396116e-06,4.922899263146974e-06
1719,5.770174273291357e-06,3.5763310188485775e-06,4.076956828157563e-06,4.890901150611172e-06
1720,4.963522639829736e-06,5.3583218868880065e-06,4.091371711638203e-06,4.827390286118317e-06
1721,3.849350937343843e-06,2.4400191296081173e-06,4.036893381281617e-06,4.821956883097301e-06
1722,2.6432170069609936e-06,5.36221292350092e-06,4.028096893681424e-06,4.813930291402358e-06
1723,3.1565319426994796e-06,4.283472308088676e-06,3.984876418821336e-06,4.817643806109118e-06
1724,4.612253575133865e-06,2.5449344184380606e-06,3.948178530774587e-06,4.812574251354817e-06
1725,5.197530209544412e-06,7.21749072909006e-06,3.926005721859838e-06,5.191308731536991e-06
1726,3.773447327198988e-06,2.4136423007803386e-06,4.009440803757671e-06,5.202252894832781e-06
1727,3.781027931432214e-06,8.605092607467669e-06,4.015469580058885e-06,5.1463904029333194e-06
1728,3.5710886277229294e-06,8.399589951295639e-06,3.999558343427149e-06,4.989880650373378e-06
1729,4.012326415047735e-06,8.810143372102175e-06,4.021647021656666e-06,5.278853782965597e-06
1730,3.070576379589814e-06,7.2746524347167e-06,3.968599133855201e-06,5.247382026936975e-06
1731,4.005188283271208e-06,2.7859197643920195e-06,3.955874306514791e-06,5.1038819266977945e-06
1732,4.096491896537676e-06,2.766627749224426e-06,3.934318914465015e-06,5.128012243949341e-06
1733,3.128951038888772e-06,3.448174038567231e-06,3.997678662229495e-06,5.042399935882712e-06
1734,3.2619102674086914e-06,2.4600418123554847e-06,3.969766718293815e-06,5.3899022848781894e-06
1735,3.5114686337086216e-06,2.5705365669637105e-06,4.0040225215913476e-06,5.304079410780105e-06
1736,3.0664551518889817e-06,2.860700355995505e-06,4.026312587636009e-06,5.31781920508365e-06
1737,3.7072808431225387e-06,1.7629903086344713e-05,4.078647233988401e-06,5.3239244913129355e-06
1738,5.869830588886139e-06,3.864878117383341e-06,4.049128953930551e-06,5.140343518542067e-06
1739,4.083719591613367e-06,2.521502324270841e-06,4.0573449423189035e-06,5.183848484011832e-06
1740,3.380299867785652e-06,2.2973379327595467e-06,4.059016578503361e-06,5.1136748821591024e-06
1741,4.5259375454204725e-06,1.0779159183584852e-05,4.126873733528354e-06,5.37420730033773e-06
1742,3.7057746638108962e-06,2.305394425548002e-06,4.101248284314352e-06,5.12695710931439e-06
1743,4.152502024731398e-06,5.020969729230273e-06,4.125744794570589e-06,5.203636024816661e-06
1744,5.231289472046936e-06,4.179588950137259e-06,4.120229410465173e-06,5.190852323903528e-06
1745,6.547516333941732e-06,3.2180141852222733e-06,4.090915418661704e-06,5.223859657235154e-06
1746,3.1515523389518623e-06,1.112757785449503e-05,4.11858366141031e-06,5.205005459356472e-06
1747,3.4996120893993066e-06,3.216641071048798e-06,4.11487137334916e-06,5.250524254461198e-06
1748,3.71378359381601e-06,4.626967165677343e-06,4.12613990004805e-06,5.300794905360817e-06
1749,5.920619733943668e-06,2.697566574170196e-06,4.164445983264563e-06,5.38630519176877e-06
1750,4.459573208098138e-06,2.6279664098183275e-06,4.187558831047985e-06,4.798460293113749e-06
1751,3.978847036907812e-06,3.501266437524464e-06,4.141058209057115e-06,4.7510358518593425e-06
1752,3.822818836043654e-06,6.85075256114942e-06,4.138931849977073e-06,4.9368056720595635e-06
1753,5.26751750334774e-06,1.491290040576132e-05,4.113941088123991e-06,4.948996509574499e-06
1754,3.371690184697703e-06,2.6288885965186638e-06,4.10934679120045e-06,4.608888065286009e-06
1755,3.68298913599574e-06,9.191625322273467e-06,4.205648194288692e-06,4.775329548101581e-06
1756,3.867303680635814e-06,2.466327241563704e-06,4.1920502412419095e-06,4.982857333197898e-06
1757,3.3636421014509527e-06,3.5918110825150505e-06,4.210603002057824e-06,4.930420510754629e-06
1758,3.820657107603943e-06,2.9768190916001914e-06,4.092150203157669e-06,4.897598640309297e-06
1759,3.1691030658799316e-06,3.598011689973646e-06,4.103297934489092e-06,4.573491152405041e-06
1760,3.7931818011808596e-06,3.827302839454205e-06,4.077043612030847e-06,4.638162364790333e-06
1761,4.0241072323018064e-06,4.998457516194321e-06,4.0917562692306505e-06,4.637763145728969e-06
1762,4.285102037708081e-06,2.933780619969184e-06,3.9812176957639174e-06,4.627186427023844e-06
1763,4.7073150391143925e-06,2.6792670860231737e-06,3.942727173610668e-06,4.786094570772548e-06
1764,4.0305606146123155e-06,7.1657478292763695e-06,3.949462301493946e-06,4.7645150378230036e-06
1765,2.755530821458605e-06,2.6021088706329465e-06,3.94925977145451e-06,4.581571420294495e-06
1766,4.411080122331946e-06,2.276448076372617e-06,3.932766843435174e-06,4.075364301479566e-06
1767,6.113309741016969e-06,6.466431495937286e-06,3.940420744260742e-06,4.155318985885969e-06
1768,3.8125531985618484e-06,1.0209164356638212e-05,3.945140221245917e-06,3.934497413956706e-06
1769,5.695108492444787e-06,2.8686683890555287e-06,3.919901989219297e-06,3.957988883939834e-06
1770,3.586196361437841e-06,2.3974674240889727e-06,3.959399302321901e-06,4.042771218610142e-06
1771,3.430245622237433e-06,3.0248906568886015e-06,3.972999042788515e-06,4.037260664608766e-06
1772,2.8432540279431527e-06,4.833421380681102e-06,4.017357970971919e-06,3.994540413350478e-06
1773,4.0816000238111075e-06,4.616986689143232e-06,3.994260822603085e-06,3.993150800215517e-06
1774,3.157155397275346e-06,2.4331486065420905e-06,4.041294111670545e-06,4.066764651634003e-06
1775,3.4973101542669206e-06,6.600670003535924e-06,4.015538255043794e-06,4.043493632889295e-06
1776,4.147225233989755e-06,2.96177811378584e-06,3.9973863240043605e-06,4.154963646942633e-06
1777,3.8177555850577645e-06,2.2771621229367155e-06,3.98078076105877e-06,4.023563359078253e-06
1778,4.855194302864321e-06,2.257722435388132e-06,4.04315663453316e-06,4.031174366355117e-06
1779,3.563037705336885e-06,4.627755706678727e-06,3.979501602114195e-06,4.03008068606141e-06
1780,3.8009760606251396e-06,3.6710860240418697e-06,3.858740084989323e-06,4.029444006300764e-06
1781,3.2363478799703037e-06,3.0536139911419012e-06,3.838648941635053e-06,3.7745052177342588e-06
1782,4.351074929016048e-06,5.711369449272752e-06,3.7273719151218956e-06,3.7556452562057536e-06
1783,4.160650619269291e-06,2.839055241565802e-06,3.7411981766834082e-06,3.880107874101668e-06
1784,4.278076270465034e-06,2.530005408516445e-06,3.7290656477024538e-06,3.847786095502671e-06
1785,3.21575309196002e-06,3.7925625110801776e-06,3.872633299447948e-06,3.82546281143732e-06
1786,5.199939458988309e-06,6.838803801656468e-06,3.853455680887742e-06,3.830682525222074e-06
1787,3.641205622039302e-06,2.3520051513514774e-06,3.9286880175192585e-06,3.8292482942779324e-06
1788,4.253516763128573e-06,5.466017437356641e-06,3.945842899894261e-06,3.878438032916165e-06
1789,3.6154215409725212e-06,3.880740632666857e-06,3.942721726657004e-06,4.238733855709143e-06
1790,4.314927658318387e-06,2.792384052554553e-06,3.9263490910747755e-06,4.263351068493649e-06
1791,2.819704311857802e-06,2.249106069029949e-06,3.914984150196687e-06,4.514136105626676e-06
1792,3.0942718128951834e-06,6.450514501921134e-06,3.919489013514977e-06,4.460836726775596e-06
1793,3.3102746147051222e-06,3.835694642475574e-06,3.904067282938841e-06,4.412512323415285e-06
1794,2.9131828296158347e-06,2.3971693508428872e-06,3.9170056615148495e-06,4.418499959228938e-06
1795,3.931852900475658e-06,5.509032871486852e-06,3.876338758113384e-06,4.349673289925704e-06
1796,3.126932397713568e-06,2.2168461919136462e-06,3.93270448695249e-06,4.374196942171694e-06
1797,6.432445321580518e-06,4.27533927904733e-06,3.875707631525277e-06,4.363795825429407e-06
1798,3.602159559805942e-06,4.747479533762089e-06,3.901213821659945e-06,4.676064945761027e-06
1799,5.037963813063268e-06,2.397292832938547e-06,3.863034651274373e-06,4.52245852075066e-06
1800,3.926182213641975e-06,7.83041346949176e-06,3.9059534985426585e-06,4.976935934610081e-06
1801,4.069195903058345e-06,1.196917368361028e-05,3.929243437778496e-06,4.871057771742926e-06
1802,3.4084396955020364e-06,2.8925924425493576e-06,3.949067116981395e-06,5.003876032424159e-06
1803,4.571070780912123e-06,8.527348363713827e-06,3.959127610738102e-06,5.1738315052716635e-06
1804,3.6756592882941025e-06,3.295271235401742e-06,3.962684464315519e-06,5.174517274281242e-06
1805,3.4154327962217696e-06,2.4629759400340845e-06,3.995241567614963e-06,5.003330028102937e-06
1806,3.5598073443705085e-06,3.2033048864832383e-06,3.97519113516359e-06,5.2564858781806825e-06
1807,3.33440234397939e-06,3.990702716691885e-06,4.000770431119034e-06,5.260596517018711e-06
1808,5.569793840246954e-06,3.452146547715529e-06,4.0316723599062245e-06,5.525831008253589e-06
1809,2.853154884784696e-06,2.269977489959274e-06,4.058659414163736e-06,5.523054599143506e-06
1810,3.853407845326728e-06,1.1599290519370698e-05,4.018622507697324e-06,5.670681919764319e-06
1811,4.245460199349003e-06,2.9986431763973087e-06,4.016885078746983e-06,5.573245415143901e-06
1812,4.714176803746442e-06,1.3713940497837029e-05,3.934400416124441e-06,5.705299137298426e-06
1813,4.835765244024515e-06,2.819063365677721e-06,3.914782696857502e-06,5.8098870822504986e-06
1814,4.111013521045e-06,7.201197149697691e-06,3.9313305930591e-06,5.423769308981719e-06
1815,4.5664400022360495e-06,7.041270873742178e-06,3.975529386752896e-06,5.429683788497642e-06
1816,2.908625651293227e-06,2.2662502942694117e-06,3.952215985241815e-06,5.178916288332403e-06
1817,3.908199395381315e-06,2.1708333474634854e-06,3.947171188449122e-06,5.351867143235723e-06
1818,2.809013803420789e-06,1.0164590894419235e-05,3.972995220030701e-06,5.3413765581353805e-06
1819,3.552665228501913e-06,2.4999353217936005e-06,4.026251000838481e-06,5.4167373276868604e-06
1820,4.704401120155429e-06,1.2139895152358805e-05,4.048531867303811e-06,5.3519701517871e-06
1821,3.801608754151352e-06,2.1474359641615592e-06,3.947475883220856e-06,5.301760176462267e-06
1822,5.4315226599202205e-06,7.966022294567666e-06,3.952288304137457e-06,5.330417160894286e-06
1823,3.5587238360474457e-06,2.3115669182516286e-06,3.937466498650287e-06,5.1020053198044475e-06
1824,2.975847247499688e-06,5.6986358868016395e-06,3.942785539038596e-06,5.1117210480697394e-06
1825,3.4357392319685056e-06,1.0445112093293573e-05,3.9395351371543565e-06,4.670158654789702e-06
1826,4.482893308098331e-06,2.3162293518907972e-06,3.9355215176935115e-06,4.6768108798460165e-06
1827,4.5134095378469085e-06,3.0404544304474257e-06,3.91297380608901e-06,4.6243285430136896e-06
1828,3.988235743135091e-06,2.2581608595828584e-06,3.855960245497651e-06,4.437788609811832e-06
1829,3.5495393684767704e-06,7.619042607984739e-06,3.938941939739178e-06,4.435267406734055e-06
1830,4.061033585761228e-06,2.2007113125255275e-06,3.913535485086565e-06,4.438788286734051e-06
1831,4.891201864565017e-06,5.087324125270243e-06,3.924147306325823e-06,4.138215371949627e-06
1832,3.89142400561266e-06,2.3715233191978767e-06,3.90670015772735e-06,4.134840690676356e-06
1833,3.0433942381730755e-06,2.1968971645947022e-06,3.886626960320426e-06,4.269570396718336e-06
1834,2.973465407699728e-06,2.986402100759733e-06,3.888345300391746e-06,4.2927966699608076e-06
1835,3.482862708147473e-06,5.888994492124766e-06,3.820157599663313e-06,4.117084580593654e-06
1836,4.3784362090567205e-06,3.241536383029597e-06,3.8115327772478237e-06,4.591038168200611e-06
1837,4.632916756640447e-06,2.674880665836099e-06,3.908616128086982e-06,4.453410593760055e-06
1838,4.7354247575034e-06,2.9853689920855685e-06,3.905055449478014e-06,4.194511592413619e-06
1839,3.547320730932471e-06,5.88913872888952e-06,3.908644963232493e-06,4.441637742002058e-06
1840,3.1411009874520663e-06,2.3777725436957554e-06,3.857908024807935e-06,4.444099269585423e-06
1841,4.9831680073313894e-06,2.203220217324997e-06,3.918239991182619e-06,4.625270067663224e-06
1842,3.2730380290660025e-06,2.2588553474633956e-06,3.9133484805259075e-06,4.424815625316115e-06
1843,3.074309334402238e-06,2.6502680248086106e-06,3.9045188555670995e-06,4.473628589857981e-06
1844,3.1164865135401163e-06,2.4155682899618113e-06,3.861076488313605e-06,4.397280999819485e-06
1845,4.202571184982339e-06,1.5508137803408317e-05,3.825782169294851e-06,4.385240812734991e-06
1846,3.8445672559343315e-06,2.728092795223347e-06,3.922419749172452e-06,4.583373135665169e-06
1847,3.726830141709393e-06,3.5732200603888485e-06,3.966279669930373e-06,4.556718991716478e-06
1848,3.3431032756602185e-06,1.4160406608425547e-05,3.957963077310625e-06,4.409782215043378e-06
1849,5.402931018478638e-06,2.257946525787702e-06,3.917353544066928e-06,4.470452568057226e-06
1850,3.3467222667443113e-06,3.9726370596326885e-06,3.838073727143233e-06,4.4434201102376385e-06
1851,4.572631151960296e-06,8.494383091601776e-06,3.785524027433793e-06,4.46362755183145e-06
1852,3.244986077232978e-06,3.101992620031524e-06,3.7780057960339444e-06,4.413264603226707e-06
1853,5.496534902502188e-06,6.787430811527883e-06,3.7937414881930133e-06,4.409153726101066e-06
1854,3.4272516020589846e-06,2.607681549307017e-06,3.7188622977232124e-06,4.503329771432617e-06
1855,3.840292961791016e-06,3.4210354260721942e-06,3.764433533170733e-06,5.3919438005323175e-06
1856,3.805142683227637e-06,3.178634374307876e-06,3.776955868104577e-06,5.468657782876107e-06
1857,3.0090660301438117e-06,2.070518642085517e-06,3.803622260683268e-06,5.471396832763276e-06
1858,5.459333735113129e-06,7.15020523784915e-06,3.7889637048566435e-06,4.941747913289873e-06
1859,4.069963426647721e-06,2.3200485020424823e-06,3.78451879063909e-06,5.313399822443898e-06
1860,3.2749478926537755e-06,2.215575075297238e-06,3.76925834562927e-06,5.2600758884182145e-06
1861,3.3631978779643153e-06,4.758295208375785e-06,3.7780926245128893e-06,4.803666747557145e-06
1862,2.650921333548063e-06,1.999069220346428e-06,3.6861014708241175e-06,4.856318332258524e-06
1863,3.421682264767393e-06,3.4905550319308533e-06,3.6921814392068583e-06,4.7857887218924585e-06
1864,3.3593649459362494e-06,4.630065013770946e-06,3.6330684265420948e-06,4.529962693868584e-06
1865,3.534493291428791e-06,2.275000615554745e-06,3.646906771589582e-06,4.785718502080271e-06
1866,3.1111882455863653e-06,4.557621350613772e-06,3.5933750213795674e-06,4.6996117601338475e-06
1867,4.412318915254016e-06,2.4474206074955873e-05,3.5896865909813245e-06,4.677889953836711e-06
1868,3.3873677077483284e-06,4.568117583403364e-06,3.5498752396253832e-06,4.746671694829274e-06
1869,3.783146328007408e-06,2.484044537141017e-06,3.5648742802146045e-06,4.9597687352616046e-06
1870,3.836107289316715e-06,2.2669148165732624e-06,3.565547050301474e-06,5.075873220084759e-06
1871,3.7334444004955e-06,1.201939052407397e-05,3.535810319014369e-06,5.1122603736075686e-06
1872,3.3453190164638928e-06,2.2401217097467453e-06,3.5523636340460346e-06,5.101759639819648e-06
1873,3.5639602477507045e-06,2.7501780868988136e-06,3.5520390854293918e-06,5.110882698136265e-06
1874,3.103152176259351e-06,3.574236143322196e-06,3.534980962659676e-06,5.016849392814038e-06
1875,3.4987214763128174e-06,2.209396800481045e-06,3.5648347453489914e-06,5.0183471072159584e-06
1876,3.0948058353412002e-06,2.098732391004887e-06,3.573640500700196e-06,5.006383699583238e-06
1877,3.590944703420165e-06,9.495887825323735e-06,3.6300783756915844e-06,4.917814572218049e-06
1878,4.1582411472518285e-06,4.634762262867298e-06,3.6177394854348685e-06,4.936356410507869e-06
1879,3.335040842102899e-06,2.064636391878594e-06,3.644103979877401e-06,4.849635780283278e-06
1880,2.8450091778924818e-06,5.1405789508862654e-06,3.5898453786305466e-06,4.022542261463969e-06
1881,4.180118697958177e-06,8.506060385116144e-06,3.6208921343637087e-06,4.202945107044797e-06
1882,3.0258852823155595e-06,4.973130762664368e-06,3.6081398399599293e-06,4.1930811185920905e-06
1883,4.715915452935506e-06,8.059884075919399e-06,3.567286692537487e-06,4.204428346474743e-06
1884,4.483796302439361e-06,2.057530157344445e-06,3.666207361604595e-06,3.81288268008575e-06
1885,3.266834177237696e-06,2.4436515332126873e-06,3.640566374502264e-06,3.819187042336125e-06
1886,2.9367448087214143e-06,2.4074625753200964e-06,3.6809876777119317e-06,4.097413971521746e-06
1887,3.397265900780945e-06,2.036512080394459e-06,3.7296165531188303e-06,4.216169720075413e-06
1888,3.641826148547504e-06,3.1914698411128485e-06,3.73276087794794e-06,4.310528114547196e-06
1889,4.770311820720963e-06,2.4158368296411937e-06,3.7509897464790103e-06,4.497315525350132e-06
1890,3.226021035010894e-06,2.73854657280026e-06,3.7547588359807887e-06,4.364337730203261e-06
1891,3.770300606649673e-06,2.3896055949990115e-06,3.715919880677474e-06,4.3600242845968755e-06
1892,3.0558538840826563e-06,3.7968681044731055e-06,3.7273163434090546e-06,4.3681646702680155e-06
1893,4.16353660107739e-06,9.078188722924097e-06,3.7444605151500175e-06,4.460989252584113e-06
1894,3.464338967912934e-06,2.2374448258233315e-06,3.717005623487542e-06,4.265120489253605e-06
1895,2.814778603755662e-06,2.550595513639564e-06,3.722302203176595e-06,4.158409944739106e-06
1896,6.2064611271731944e-06,2.2307488643491524e-06,3.6865733131384734e-06,3.919769949243345e-06
1897,2.704294338905634e-06,2.397730766006134e-06,3.6170089852829634e-06,3.943141348918288e-06
1898,4.574492827992395e-06,9.705851316539339e-06,3.5847353739073803e-06,4.101111945146841e-06
1899,4.31887406143182e-06,6.543129857163877e-06,3.617324112848211e-06,4.123815758157435e-06
1900,3.5773295970405646e-06,4.5683566622756185e-06,3.738538987717119e-06,4.183650010236307e-06
1901,3.550527548617942e-06,6.768417661078274e-06,3.7225051126572203e-06,4.137008584166324e-06
1902,3.6851719409646144e-06,6.171442946651951e-06,3.6718019186284647e-06,4.132072975971824e-06
1903,3.1872672646689657e-06,4.526926122707664e-06,3.7026336764231227e-06,4.714970812256069e-06
1904,3.619952410392418e-06,2.2681460336571035e-06,3.7268291569691636e-06,4.858924588188529e-06
1905,3.2736134714165625e-06,7.46119350878871e-06,3.7193732363852583e-06,4.791191001640982e-06
1906,3.4937464063962883e-06,3.6093413018534193e-06,3.7487921393120715e-06,4.509993674309953e-06
1907,3.1582997745418755e-06,2.3053671498018956e-06,3.753198621961929e-06,4.569922188966302e-06
1908,3.822693201982474e-06,2.093884188525408e-06,3.7821046992475106e-06,4.546931333061365e-06
1909,2.744688106051601e-06,2.6418151492180187e-06,3.6405257731530583e-06,4.536744901179189e-06
1910,2.45999389284811e-06,6.392916438926477e-06,3.6504854557177976e-06,4.5229965668113426e-06
1911,3.7514632822421845e-06,2.975057900584943e-06,3.585873398666687e-06,4.2152280235313815e-06
1912,6.427637772503658e-06,3.5323683823662576e-06,3.537906157978594e-06,4.096775814832654e-06
1913,3.2409792720500264e-06,2.0254341893632953e-06,3.5621864488247313e-06,4.394391866298974e-06
1914,3.5027319700020596e-06,2.292446624778677e-06,3.6221229054818753e-06,4.365251223862287e-06
1915,3.996814979877349e-06,1.7310992479906417e-05,3.5735988471969903e-06,4.2352205504357696e-06
1916,4.375187620300696e-06,5.9884499933104965e-06,3.562571306014838e-06,4.141075383995484e-06
1917,2.8694558694850358e-06,2.10352844078443e-06,3.5597596560768983e-06,4.266524125250725e-06
1918,4.899009174247719e-06,2.0482555396483805e-06,3.584434045872816e-06,4.335237920440704e-06
1919,3.574501034159362e-06,3.7356576922320526e-06,3.6424254159505328e-06,4.2681590284701085e-06
1920,3.537430535895207e-06,1.975824116016156e-06,3.6453384203620465e-06,4.299578035079321e-06
1921,2.666987974811895e-06,1.976088067294768e-06,3.6699922580333397e-06,4.3148260717316586e-06
1922,2.9532864030241198e-06,2.0540224068099633e-06,3.6823698370830646e-06,4.287965352705214e-06
1923,2.9591914017146337e-06,2.0116377345402726e-06,3.7169711273236324e-06,4.108368527522543e-06
1924,3.1196930442294817e-06,3.5818246396956964e-06,3.7534252279429997e-06,4.117734914871108e-06
1925,4.184336868193996e-06,1.2008757948933635e-05,3.625524773673937e-06,4.054435799571366e-06
1926,5.048938965046545e-06,6.039901600161102e-06,3.6280329076867526e-06,4.0572319711827735e-06
1927,2.472070483842496e-06,2.920676110989007e-06,3.591852535808155e-06,4.051841313503246e-06
1928,2.911578735115149e-06,2.1732969617005436e-06,3.5554145002404574e-06,3.4888202088950495e-06
1929,3.5496611619439336e-06,5.404364565038122e-06,3.5492061407340884e-06,3.427986129918282e-06
1930,3.890473216314502e-06,9.179038388538174e-06,3.5802492884411353e-06,3.432457420149149e-06
1931,4.943530658339215e-06,1.93236900258853e-06,3.497686713954965e-06,3.442696376987442e-06
1932,3.2311248848297208e-06,3.090842315032205e-06,3.4855319625421545e-06,3.4015174172964183e-06
1933,4.439039143764805e-06,2.475085104833852e-06,3.533870126334983e-06,3.5836469287460203e-06
1934,3.0541275822947175e-06,1.9702971735569007e-06,3.6297645442068138e-06,3.5892957753276282e-06
1935,3.3250261488622833e-06,1.9029958093597088e-06,3.6313193195484116e-06,3.640725982131698e-06
1936,4.662815797726378e-06,3.20921758429904e-06,3.621613694718285e-06,3.833880113688792e-06
1937,3.2301264157770977e-06,1.9498904998727083e-06,3.6737189911238803e-06,3.954572290695068e-06
1938,3.3036826223704135e-06,2.0953384796484897e-06,3.7046430145083926e-06,3.7372398547631745e-06
1939,2.5982226730371216e-06,2.1576801827905003e-06,3.6601271055385743e-06,3.5761140532486025e-06
1940,3.0858640906848854e-06,3.2354648647014985e-06,3.6946274892822354e-06,3.6812822956562744e-06
1941,4.219978632641465e-06,4.467598018891294e-06,3.7223581182135802e-06,3.6735761127602015e-06
1942,3.6455345621612246e-06,2.2153106965561166e-06,3.698906940169561e-06,3.5618014614556157e-06
1943,2.834944812093454e-06,2.304229460605711e-06,3.674545800863092e-06,3.282100491560413e-06
1944,3.2706322488391176e-06,2.7061836999564546e-06,3.675132104439803e-06,3.3048508918909645e-06
1945,4.745884630715914e-06,6.529061902256217e-06,3.7442409312966953e-06,3.256404322291928e-06
1946,5.064348421607671e-06,2.117309231834952e-06,3.6633835090368745e-06,3.2398436776020386e-06
1947,2.9921557865640755e-06,3.3397775769117286e-06,3.6540458462594764e-06,3.4160430859628832e-06
1948,2.716550780961471e-06,6.840491023467621e-06,3.6634158982653587e-06,3.4709645889961393e-06
1949,4.422325454369356e-06,6.599129064852604e-06,3.5887784953653552e-06,3.616762614547042e-06
1950,4.957437452806819e-06,6.575447050636285e-06,3.596987153256729e-06,3.679824893606565e-06
1951,3.936041240801084e-06,2.011756562296796e-06,3.6216004535668214e-06,3.7793394973050454e-06
1952,3.3345800774340102e-06,5.549882171180798e-06,3.676581728228081e-06,4.07888613463001e-06
1953,3.604844458398778e-06,1.9806423892987367e-06,3.7070808697636595e-06,4.025876057403365e-06
1954,2.9633817108434515e-06,2.6099982824234757e-06,3.703535777003708e-06,3.952109110105085e-06
1955,3.281444733652784e-06,2.1865141411581136e-06,3.695160898082072e-06,3.9423115988938665e-06
1956,4.958188247756981e-06,2.50112901085231e-06,3.710732251531429e-06,3.926452683208482e-06
1957,4.9588455562520215e-06,1.8796780750562902e-06,3.6947131836111817e-06,4.1697265239236e-06
1958,2.4176035872692916e-06,2.0610689875866227e-06,3.6568804169999366e-06,4.004307497689296e-06
1959,2.820686012859773e-06,6.375282382578007e-06,3.558889538413092e-06,3.994031041747802e-06
1960,3.5592774490093387e-06,3.2760333851911126e-06,3.5755144317893918e-06,3.9412733571225535e-06
1961,2.7968807252263002e-06,6.854168223071611e-06,3.630562353979865e-06,3.744162138445972e-06
1962,3.4353428630614265e-06,3.526447476360772e-06,3.5864093862882233e-06,3.5561201386371976e-06
1963,3.919015130122716e-06,4.583203572110506e-06,3.573278894459186e-06,3.4897057406851674e-06
1964,3.972754539568592e-06,9.64634611591464e-06,3.5598288885517432e-06,3.5564673663429854e-06
1965,3.848342629074372e-06,1.9102129340353713e-06,3.5486720416378786e-06,3.5134164852024698e-06
1966,4.1313513136426785e-06,2.6234243364342547e-06,3.5236170852082677e-06,3.6172600248391974e-06
1967,3.43616258912031e-06,1.9703729162756646e-06,3.525201180779429e-06,3.6373229402670404e-06
1968,3.224228648327375e-06,1.907756568471086e-06,3.5428667762213684e-06,3.7307585952476074e-06
1969,2.8701555508329573e-06,8.788029717834433e-06,3.4874202333968344e-06,3.708485369497794e-06
1970,3.8000654654347776e-06,2.393586246398627e-06,3.421843471232932e-06,3.728427325859229e-06
1971,2.6145764569365483e-06,1.8603978332976113e-06,3.436906664546768e-06,3.725242926520877e-06
1972,3.4077781209715693e-06,2.0208354612805123e-06,3.4761712215640727e-06,3.7830884852155575e-06
1973,4.092748835723291e-06,1.9127105565530656e-06,3.5038582354344625e-06,3.872973455145257e-06
1974,3.3185012620783203e-06,1.8980790696332406e-06,3.551906908619963e-06,3.713529601918708e-06
1975,4.629175157080883e-06,4.915087101835525e-06,3.5688800845239005e-06,3.690806533450086e-06
1976,3.599791093115022e-06,3.680797203742259e-06,3.527869979193889e-06,3.703255426989926e-06
1977,3.055658904587391e-06,4.473610142667894e-06,3.554717533132943e-06,3.5820679115204252e-06
1978,2.978470547658516e-06,4.5767308802169285e-06,3.5674089420808742e-06,3.6661205224845613e-06
1979,3.002984100122477e-06,3.1115711681195536e-06,3.4944871698876847e-06,3.679837731760926e-06
1980,3.72308461970129e-06,4.52240551567229e-06,3.47752209899631e-06,3.678974884223862e-06
1981,3.57202467714362e-06,1.944298367106967e-06,3.5128408276806215e-06,3.7453124571584343e-06
1982,3.3194265021544803e-06,2.37822698409218e-06,3.538651382551608e-06,3.5918190135816985e-06
1983,2.7941834201151828e-06,1.981459004127828e-06,3.5287899136013342e-06,3.6232558951269316e-06
1984,3.8022999382923847e-06,7.821421349945013e-06,3.5515435690841614e-06,3.627083700121148e-06
1985,4.251452795769081e-06,5.523157633433584e-06,3.5391185854324346e-06,3.7963997773658777e-06
1986,3.998097554863812e-06,2.8680718924078974e-06,3.4938212214759306e-06,3.8070061499638544e-06
1987,3.8596722606598635e-06,2.958370764645224e-06,3.507521242141189e-06,3.820773402367195e-06
1988,2.893762496872417e-06,4.894425910606515e-06,3.4598498790779157e-06,3.911620613325795e-06
1989,4.643943388044944e-06,6.616658229177119e-06,3.441786775111824e-06,3.889958415493312e-06
1990,4.16562785277266e-06,4.0115282081387706e-06,3.4380516779341025e-06,3.786495611939245e-06
1991,2.308307008812941e-06,2.9663545683433766e-06,3.431499251726362e-06,3.6837657814885466e-06
1992,3.0120358168359313e-06,1.948801727849059e-06,3.4265493457496634e-06,3.6641866255649804e-06
1993,4.107196865435173e-06,3.5661958918353776e-06,3.3975766318892265e-06,3.816307476472503e-06
1994,3.5154194226076167e-06,4.950693628416047e-06,3.399385231346565e-06,3.816584374226295e-06
1995,3.5535287416779384e-06,3.179508285029442e-06,3.3583961396288944e-06,3.8177405116130104e-06
1996,3.1834178440072314e-06,1.956092958153022e-06,3.378519202548584e-06,3.823184004113501e-06
1997,3.0971535296784065e-06,6.253737392398762e-06,3.3603069093563444e-06,3.5866229040493636e-06
1998,2.9603147368106875e-06,2.1778698715024803e-06,3.3057458214948892e-06,3.484748877644961e-06
1999,3.6610017787097603e-06,2.242260379716754e-06,3.341140003314852e-06,3.5782319943336913e-06
2000,3.4373910804990576e-06,7.186267375800526e-06,3.327825924300973e-06,3.534373598995444e-06
2001,3.1482134939627333e-06,3.139242257930164e-06,3.3391892525641097e-06,3.4127670894577016e-06
2002,2.962281475144361e-06,1.8870400538162357e-06,3.285832032982702e-06,3.2718685107738564e-06
2003,2.8146598924649877e-06,2.008485118949466e-06,3.3174666111689374e-06,3.198643364657982e-06
2004,2.8792364507050175e-06,2.622092270030407e-06,3.3536910493795506e-06,3.1826750313030055e-06
2005,2.998766773190356e-06,8.325426788360347e-06,3.3431949292056136e-06,3.4142149077069915e-06
2006,3.617239663577089e-06,1.9512208109517816e-06,3.3084860943492663e-06,3.3760658492155926e-06
2007,2.29469920921272e-06,2.4071304187600615e-06,3.3042358239021673e-06,3.317420182020214e-06
2008,3.29725999310742e-06,2.117546316640073e-06,3.2720821031287206e-06,3.2729394143188987e-06
2009,3.3469926084863902e-06,1.9073938483415985e-06,3.2796291014821887e-06,3.4625990434051347e-06
2010,2.8874255992327057e-06,2.976306973323517e-06,3.316806324482968e-06,3.332560304943399e-06
2011,4.882952100362875e-06,5.205149809626164e-06,3.3532053449511696e-06,3.3192764732575597e-06
2012,3.5268202853128767e-06,1.8619108811890329e-06,3.3957602899590704e-06,3.4232159011935433e-06
2013,3.1778457034508593e-06,1.8542631721629732e-06,3.3725529703941795e-06,3.2891335232761774e-06
2014,3.31001289850974e-06,3.0941937620809768e-06,3.4215218963709043e-06,3.3905173531366024e-06
2015,4.9564923074285614e-06,2.180899555241922e-06,3.4771532247911327e-06,3.4213555390124384e-06
2016,3.213917964078266e-06,2.567146234468964e-06,3.4963432657958845e-06,3.4195469717815288e-06
2017,2.7496328124875114e-06,7.737298637948698e-06,3.496701901829308e-06,3.395812582675717e-06
2018,3.2394759940264825e-06,2.6124694295504015e-06,3.522908191911887e-06,3.1964773443178273e-06
2019,3.4091626614301478e-06,3.484551948531589e-06,3.544340272810586e-06,3.294006438954966e-06
2020,2.749685722341787e-06,2.0674890924965438e-06,3.56799810934313e-06,3.3416057643989924e-06
2021,3.3720928028439326e-06,6.697583685308927e-06,3.538466821105936e-06,3.339242354559247e-06
2022,4.026584104697879e-06,3.0027689308553818e-06,3.5528823895775637e-06,3.367381363568712e-06
2023,3.8702902485157315e-06,1.845774079356488e-06,3.6022137098775105e-06,3.458087452781911e-06
2024,4.724875403907289e-06,4.840746078116353e-06,3.5799290906955632e-06,3.3363231176736013e-06
2025,2.8572080913767824e-06,3.834207927866373e-06,3.606743873802367e-06,3.5277222364584306e-06
2026,4.372436643380853e-06,5.673838004440768e-06,3.5968630772610297e-06,3.526256058921717e-06
2027,4.353064685650073e-06,2.657994700712152e-06,3.5721297673868935e-06,3.4781931051838907e-06
2028,3.294410917583769e-06,1.96327093817672e-06,3.507075137763929e-06,3.5141340558766388e-06
2029,2.8882023515406115e-06,2.0287325423851144e-06,3.479274987118213e-06,3.6566757271430107e-06
2030,3.653924025254835e-06,3.3420458294131095e-06,3.529563756425585e-06,3.5810744784612326e-06
2031,4.153041686044566e-06,4.38944817688025e-06,3.5466880326263598e-06,3.6487734374532005e-06
2032,2.8861451225263105e-06,3.597113554860698e-06,3.5745954376984125e-06,3.6575759893821664e-06
2033,2.558977787177557e-06,2.0584610706464444e-06,3.5825639280725833e-06,3.647695171821397e-06
2034,3.707381820277078e-06,2.6108690735782146e-06,3.54114365991336e-06,3.4565804494377515e-06
2035,4.120708606731367e-06,5.243959203653503e-06,3.499813314061208e-06,3.4549847453490657e-06
2036,4.325836620814193e-06,2.1610414319184202e-06,3.5168032785501663e-06,3.6545662847856877e-06
2037,4.197189862982972e-06,6.6468888508097735e-06,3.457369223926637e-06,3.6697399335025697e-06
2038,2.930825789917435e-06,1.8176087337451463e-06,3.4917351468417718e-06,3.798420899511257e-06
2039,2.6916801516563282e-06,1.8926199186353187e-06,3.4467919156668366e-06,3.6495595470114494e-06
2040,3.330126566854435e-06,3.079423322560615e-06,3.4213606918759377e-06,3.830575776191836e-06
2041,2.5189141979353737e-06,6.1306880161282604e-06,3.4444802989835612e-06,3.857971724755772e-06
2042,4.006852045171804e-06,5.847267420904245e-06,3.4782427928601266e-06,4.067683586072235e-06
2043,3.667582899045859e-06,4.304943404349615e-06,3.4707611142140296e-06,4.096841051250521e-06
2044,4.106847788231486e-06,3.704615746755735e-06,3.4462321176963298e-06,4.109418272673793e-06
2045,2.9488979816960638e-06,1.8204686534772917e-06,3.4366967420889223e-06,4.048088403123984e-06
2046,2.3365860988633358e-06,1.9197156257177993e-06,3.513879681647975e-06,4.327114028819779e-06
2047,2.9933254583940855e-06,2.962876328638231e-06,3.525034558010197e-06,4.30379803165124e-06
2048,4.295039360739692e-06,6.835312565272033e-06,3.463817311967432e-06,4.1648171702036044e-06
2049,3.2390240383190557e-06,5.2200872960384e-06,3.423156522694626e-06,4.154480531406079e-06
2050,3.7163561642551538e-06,7.051232078083558e-06,3.3877753770866544e-06,4.115918303477884e-06
2051,3.2488558640074593e-06,1.9523041919455865e-06,3.4130714327451037e-06,4.698736132695559e-06
2052,3.7172840908776075e-06,7.183400430221809e-06,3.5132881329951087e-06,4.781681531540016e-06
2053,3.87240109527435e-06,2.648169652275101e-06,3.512969848391853e-06,4.732993713196265e-06
2054,3.7322646984547545e-06,7.271529075296712e-06,3.5362303462534334e-06,4.564154941863307e-06
2055,3.4668820591024186e-06,4.070982458870276e-06,3.508632781469917e-06,4.456314494700564e-06
2056,3.5398167731020494e-06,4.703878712462028e-06,3.492078975391956e-06,4.3577241969160245e-06
2057,2.647760732341137e-06,2.0638668161154783e-06,3.4278111549711966e-06,4.282456147529957e-06
2058,4.488551276153885e-06,9.03410171304131e-06,3.4624356364575864e-06,4.578146217272662e-06
2059,3.986253729332627e-06,2.0279691443647605e-06,3.565696917171913e-06,4.6544764002192104e-06
2060,2.5902774556622413e-06,1.7694376674626256e-06,3.5493817069234664e-06,4.608431532824398e-06
2061,3.3093168889940394e-06,1.9026254619802786e-06,3.5008472656752727e-06,4.513603719124148e-06
2062,3.3126612227836933e-06,5.682833152604871e-06,3.5153104423544494e-06,4.428099882670721e-06
2063,3.563227181378655e-06,1.638805446418701e-05,3.5738022329294637e-06,4.222501692083824e-06
2064,5.197097657906448e-06,3.966254889746779e-06,3.5922577576861342e-06,4.253563170595953e-06
2065,3.322169451773031e-06,1.8622278639668365e-06,3.572160490643405e-06,4.1380352336545915e-06
2066,3.1004266444748887e-06,1.909718732804322e-06,3.515619851805241e-06,4.240584078206666e-06
2067,3.3169129255838926e-06,3.1512562418356537e-06,3.504492274229658e-06,4.023020352042295e-06
2068,3.2537377470968448e-06,1.8401859597361182e-06,3.504667289558307e-06,4.080054194719196e-06
2069,2.5001522777125095e-06,1.8229145121040346e-06,3.469419962736235e-06,4.071540541053763e-06
2070,3.814510018855799e-06,9.212720397044904e-06,3.5232561838104934e-06,4.065599791692875e-06
2071,4.9181181167215175e-06,3.827970199381525e-06,3.474084719285505e-06,3.7897895350852182e-06
2072,2.585445202182907e-06,1.8117546437679267e-06,3.4394540581767316e-06,3.8753934594296866e-06
2073,3.0816783295348515e-06,4.46461722276581e-06,3.4458485955737063e-06,3.87460693586945e-06
2074,3.60060345529847e-06,3.0824913847027348e-06,3.433304992278055e-06,3.8987880321656115e-06
2075,5.178650928630507e-06,1.9112773134111193e-06,3.4122044033412955e-06,3.79446292445209e-06
2076,3.710243982924213e-06,2.728841154748807e-06,3.4099865961050258e-06,3.2652360177962683e-06
2077,3.214852414809381e-06,4.295202006687759e-06,3.424735355070476e-06,3.3252172475840774e-06
2078,2.458885124320255e-06,5.2118907660769764e-06,3.390474082092018e-06,3.536290792726504e-06
2079,3.4540752590651714e-06,1.8324359211874253e-06,3.400933502113428e-06,3.540904297369707e-06
2080,3.47125744231865e-06,5.496828525792807e-06,3.374468701905345e-06,3.5308047521539267e-06
2081,2.6586336025502533e-06,4.491037370826234e-06,3.3764132889094376e-06,3.533626784428634e-06
2082,3.993666259197603e-06,1.91534808209326e-06,3.4177906149125198e-06,3.5902945079214993e-06
2083,3.259264663029171e-06,2.1388452978499116e-06,3.405367839412874e-06,3.3007692925821185e-06
2084,3.1204872016132867e-06,4.168067252976471e-06,3.3854695475788e-06,3.2889553400309535e-06
2085,2.75014089058661e-06,1.7497745784567088e-06,3.4239915242829335e-06,3.291804652144493e-06
2086,2.995726806602761e-06,2.507152869384299e-06,3.4337592776157384e-06,3.2418019074611953e-06
2087,2.7851464993647015e-06,3.0747054597668464e-06,3.417494074255956e-06,3.194141140374996e-06
2088,3.5077820004719088e-06,3.1573817977914587e-06,3.334303221132966e-06,3.204765858845349e-06
2089,5.5658166320426976e-06,5.465785634442e-06,3.3389054381789018e-06,3.2564733058279676e-06
2090,2.465637627311581e-06,7.139066492527491e-06,3.3115325691950504e-06,3.157431759427709e-06
2091,3.3619121450101376e-06,2.025056348884391e-06,3.3781238719913947e-06,3.1433447749805055e-06
2092,2.6552929203818267e-06,2.898767611441144e-06,3.3788896991609366e-06,3.184246520777379e-06
2093,3.3023524221991666e-06,1.9107367666038044e-06,3.381084628391464e-06,3.3070762948227636e-06
2094,3.5345854277895543e-06,3.2396075994256535e-06,3.4247931642615494e-06,3.2088506846776e-06
2095,3.5039406313646597e-06,1.9745900135603735e-06,3.4047023741146003e-06,3.3604954275688215e-06
2096,4.42066082086967e-06,3.532621385602397e-06,3.443698485565013e-06,3.346625720541851e-06
2097,3.548494619786248e-06,1.8829874466064212e-06,3.454759447736756e-06,3.504182833012237e-06
2098,3.3258721628549716e-06,3.214548605683376e-06,3.488760579885921e-06,3.608580496575087e-06
2099,3.1939733713039056e-06,1.8909722075477475e-06,3.4901152680908525e-06,3.5787262651865603e-06
2100,3.0988796005557457e-06,2.1768952751699544e-06,3.4900759812545506e-06,3.6375128844156277e-06
2101,3.825299409072613e-06,4.021527329314267e-06,3.5086278204491666e-06,3.590470874314633e-06
2102,2.530530690213103e-06,1.8191633466813073e-06,3.4535988504911878e-06,3.47025802520875e-06
2103,4.123667694228869e-06,4.859716154896887e-06,3.475720465308364e-06,3.2882742035326377e-06
2104,3.4732209383037117e-06,2.8549795661092503e-06,3.4942276239184542e-06,3.3240485652640927e-06
2105,3.5261306730818532e-06,8.567572876927443e-06,3.5408821723093648e-06,3.2891192147872058e-06
2106,3.751346999302364e-06,2.035397117197135e-06,3.540492348388903e-06,3.3775259123103756e-06
2107,3.4913965055238806e-06,5.706466654373799e-06,3.5232137852037537e-06,3.3800378171690683e-06
2108,4.234167449289493e-06,1.7921026221756619e-06,3.5094935192470684e-06,3.61626846197396e-06
2109,3.3970112559068687e-06,8.106995064736111e-06,3.552274479721341e-06,3.72569951823607e-06
2110,3.6001691943157414e-06,4.3597161675279495e-06,3.6044434472235785e-06,4.109642616640486e-06
2111,3.029594011726052e-06,1.7607970846711395e-06,3.6502742611295013e-06,4.057502268733515e-06
2112,2.7841643284571345e-06,4.5443709404935366e-06,3.663722948694057e-06,4.058109687639444e-06
2113,3.971577980337315e-06,1.9813315452665845e-06,3.660819846618324e-06,4.062420206128081e-06
2114,4.19009238309324e-06,2.4604644067949267e-06,3.623857821927838e-06,4.056724044085058e-06
2115,3.018677997740977e-06,2.5894709506246726e-06,3.6400642790239454e-06,4.077809311593228e-06
2116,3.824591110262392e-06,2.9194153921707765e-06,3.655232486941411e-06,3.9609431795724965e-06
2117,3.821656630154596e-06,2.025533849518979e-06,3.6518698943281287e-06,3.989733784601413e-06
2118,3.292606824187614e-06,4.120904204683029e-06,3.622103031845352e-06,3.722669887065422e-06
2119,3.1026213481608364e-06,3.3024052208929788e-06,3.58841055454933e-06,3.7313937898034063e-06
2120,3.1609339824475077e-06,7.880356133682653e-06,3.5530247280550817e-06,3.5817510857668825e-06
2121,5.4901848327265014e-06,6.268397792155156e-06,3.537206535358767e-06,3.6152698652131226e-06
2122,4.852718807342171e-06,1.1481564906716812e-05,3.5298885514698165e-06,3.3906097148701524e-06
2123,4.471642510503039e-06,1.9110399080091157e-06,3.50050485795287e-06,3.290046835081739e-06
2124,3.5301905604177996e-06,1.9061576801959745e-06,3.494020538674805e-06,3.2871718241949564e-06
2125,3.026302048662425e-06,2.2846582373858836e-06,3.5336848759117048e-06,3.3979543426539756e-06
2126,2.901248791810455e-06,3.8791232782386945e-06,3.50310104271456e-06,3.388002453584704e-06
2127,2.935692117615771e-06,2.346295034385548e-06,3.4559721546985303e-06,3.359201599050721e-06
2128,4.502872892165518e-06,1.938062854378586e-06,3.4498469526321666e-06,3.3242071236600174e-06
2129,3.3891561229716497e-06,3.5747446918321657e-06,3.432533625628922e-06,3.3133411499875364e-06
2130,2.7819591110124342e-06,1.8909754385276755e-06,3.3981515435395215e-06,3.3185913307534066e-06
2131,2.9090350669018033e-06,2.2534946856467285e-06,3.3869202551411737e-06,3.224363830486255e-06
2132,2.6067508431676997e-06,1.9653990534607145e-06,3.4417956040063773e-06,3.308380256021337e-06
2133,3.838712631881612e-06,2.6300721083316605e-06,3.451719869220445e-06,3.097432950562506e-06
2134,3.214061658683123e-06,2.490491306161857e-06,3.3523517538621187e-06,2.921860812512022e-06
2135,2.86557685639208e-06,1.8456441728176287e-06,3.281418573220031e-06,2.580191424476652e-06
2136,2.867486029774429e-06,1.6889218125015758e-06,3.276161747443338e-06,2.579343437901116e-06
2137,3.7757727593796316e-06,7.313933901968994e-06,3.254375910879996e-06,2.5747270905412734e-06
2138,3.206982150408698e-06,1.7325343185348174e-06,3.2376575725619553e-06,2.5560579188095284e-06
2139,3.011870182692494e-06,1.7404430434453389e-06,3.2859207761046286e-06,2.544701958322548e-06
2140,2.8655479460818848e-06,1.7146090658570756e-06,3.297263509830372e-06,2.527026390998799e-06
2141,3.3917579351812797e-06,2.6477660503587686e-06,3.281561201048235e-06,3.093393612334694e-06
2142,2.962104577919591e-06,2.1567883686657298e-06,3.321708322406872e-06,3.2401185255821474e-06
2143,3.011824614228923e-06,1.7652166980042238e-06,3.337049111147886e-06,3.3255699779601858e-06
2144,4.474505069790919e-06,5.4028158592700496e-06,3.342642570886608e-06,3.4443533511421265e-06
2145,3.409040612799193e-06,2.6066734972118864e-06,3.3624284457902016e-06,3.501972336061954e-06
2146,3.005981948768345e-06,1.8790943408930615e-06,3.3418608784712784e-06,3.477651546518245e-06
2147,3.079389291289974e-06,2.93983020583255e-06,3.3261880785074835e-06,3.470935062205172e-06
2148,4.340221866085711e-06,1.8898402436207107e-06,3.3561915749790687e-06,3.7428050169182828e-06
2149,2.985544646334246e-06,1.790748996199909e-06,3.3493484519971792e-06,3.742158415798258e-06
2150,2.608343590711431e-06,1.817928944092273e-06,3.3590434655100883e-06,3.583710853627054e-06
2151,4.107828880377282e-06,3.5952242660641785e-06,3.34717969754921e-06,3.675197976735945e-06
2152,3.219260460759364e-06,1.9044058512918127e-06,3.3359130606893616e-06,4.06309721515754e-06
2153,4.110315172612091e-06,1.6097243387775962e-05,3.4474815078182376e-06,4.107044487000166e-06
2154,4.3928341569375735e-06,7.242867523018503e-06,3.462644262102307e-06,4.14074670266018e-06
2155,3.1654788295377835e-06,4.027261747978628e-06,3.4545183514738818e-06,4.2243208863965276e-06
2156,3.048871560369864e-06,5.223079015195254e-06,3.4518349724951098e-06,4.228037708207922e-06
2157,3.1013977157575333e-06,3.4058736764563946e-06,3.376834877680166e-06,4.124660589377527e-06
2158,3.3245234489085204e-06,2.022052369738958e-06,3.3635365314694355e-06,4.13041734759645e-06
2159,2.822241659588245e-06,2.3225791983350063e-06,3.3759013702163223e-06,4.164322686619927e-06
2160,3.6156642681817173e-06,8.642393040645402e-06,3.4342598346888225e-06,4.291564280674721e-06
2161,2.696407955227187e-06,1.6727567845009616e-06,3.378851144003015e-06,4.304018392440412e-06
2162,4.018148097202356e-06,3.352744847688882e-06,3.386317586248171e-06,4.456327826210327e-06
2163,2.9103879513867368e-06,4.019712396257091e-06,3.4114437597155396e-06,4.479944360900844e-06
2164,2.730204261196276e-06,1.1437924003985244e-05,3.369964075651902e-06,4.823553825190174e-06
2165,5.654759124303787e-06,2.813290861922724e-06,3.365521066563006e-06,4.921379196548514e-06
2166,3.7708267922830095e-06,3.490321441859123e-06,3.315734536924234e-06,4.357352020315375e-06
2167,2.758956812208958e-06,4.2461429620743725e-06,3.2744725304635517e-06,4.183726173732793e-06
2168,2.9447401397596373e-06,1.858137243289093e-06,3.270656152916571e-06,4.09891661461188e-06
2169,2.599502699417321e-06,2.8183878885101875e-06,3.2980246797099723e-06,4.072412097821144e-06
2170,3.076581957530935e-06,2.750592452684941e-06,3.3683474116818007e-06,4.060606733992244e-06
2171,3.3151029174405267e-06,2.726727816479979e-06,3.345337267678082e-06,4.054816275083794e-06
2172,4.538350903102482e-06,6.12087005720241e-06,3.3543322883916617e-06,4.063785870448555e-06
2173,2.9550045989405285e-06,2.201193037763005e-06,3.342768718094804e-06,3.8013294814390973e-06
2174,3.172205702463139e-06,5.598484840447781e-06,3.3714611408059784e-06,4.004073710211741e-06
2175,3.236497927395653e-06,2.408342311355227e-06,3.377927816897379e-06,3.964099709219227e-06
2176,3.0708367787863406e-06,1.2185460873297416e-05,3.379690500838074e-06,4.168176977645999e-06
2177,3.1081852335369654e-06,4.35004013525031e-06,3.403351582760984e-06,3.781615774323655e-06
2178,2.8656519316427876e-06,1.9965639819474747e-06,3.333262392566717e-06,3.74984963859788e-06
2179,3.3612839954205103e-06,2.9022213584539712e-06,3.312463058733152e-06,3.7209896731383202e-06
2180,3.0700693908632576e-06,1.9070227699558017e-06,3.3121973686724637e-06,3.6187341050208494e-06
2181,3.7330847302049127e-06,4.560466095426818e-06,3.339750127138864e-06,3.6488490452939006e-06
2182,4.859466015053234e-06,3.1107395807339343e-06,3.333606168669374e-06,3.621470255257009e-06
2183,2.7492698488155534e-06,1.8772908970277057e-06,3.364297876184234e-06,3.5839849304920796e-06
2184,3.0471171774277334e-06,2.5468190824540214e-06,3.3432020465726155e-06,3.544194673213497e-06
2185,3.3265750107602797e-06,2.0809833154089575e-06,3.3113749832712832e-06,3.372581429266575e-06
2186,3.413718523006537e-06,6.741362503817072e-06,3.3607132345726627e-06,3.3586628701414154e-06
2187,4.179814999487361e-06,2.3533948228759984e-06,3.3306969111739213e-06,3.203512117079299e-06
2188,2.954455049904128e-06,9.121644106926396e-06,3.287479179370065e-06,3.178591448477163e-06
2189,3.3217313092690247e-06,1.773893920926639e-06,3.296842401929704e-06,2.8140258869370884e-06
2190,3.902529369447115e-06,2.0191374687783537e-06,3.303400118521596e-06,2.747912051700041e-06
2191,3.250843446443873e-06,2.768822305370122e-06,3.306857298796078e-06,2.7730013875952867e-06
2192,2.752314560691755e-06,1.6897537591376022e-06,3.317168259652842e-06,2.877003570301895e-06
2193,3.6335591014196527e-06,2.6110107501153836e-06,3.326659230656838e-06,2.9053162389573118e-06
2194,2.4459037376800553e-06,2.133918137587898e-06,3.2750483508910594e-06,2.791236055099944e-06
2195,3.8438746454024414e-06,1.8134593335616956e-06,3.2313477986159944e-06,2.8004166155824352e-06
2196,2.7877071771500698e-06,1.7319713845154183e-06,3.2824891981262125e-06,2.8501112903995824e-06
2197,3.742674320569171e-06,1.8305389585293598e-06,3.283650831356984e-06,2.83955586405682e-06
2198,4.18846088147499e-06,1.8532290596340316e-06,3.2518546041501394e-06,3.3189629969911043e-06
2199,2.4217976174946266e-06,1.7197160138948674e-06,3.2855430603073426e-06,3.116875209661885e-06
2200,2.1560546322992497e-06,1.7853255963018455e-06,3.2461952823622497e-06,3.1309137461448702e-06
2201,3.3049173427773187e-06,3.071321834795526e-06,3.2387126333661503e-06,2.944387933393955e-06
2202,3.272128148334256e-06,2.697194254324131e-06,3.2618864930858155e-06,2.9455761430199347e-06
2203,2.952081438504845e-06,2.6237973793286074e-06,3.280099716792191e-06,2.928056085056597e-06
2204,3.6190580168396184e-06,5.5022759261191826e-06,3.244911177888652e-06,2.969904732253781e-06
2205,3.307343665963142e-06,2.614839486341225e-06,3.2377047422920044e-06,2.9674147246623766e-06
2206,2.4428127360604576e-06,1.7084614989926194e-06,3.2061899305921946e-06,2.9383782063632683e-06
2207,3.7669522081766144e-06,3.3402535927962163e-06,3.3020285940336984e-06,2.9314978943148167e-06
2208,4.027804836570997e-06,3.1196577674563743e-06,3.2718408601694034e-06,3.016303242702634e-06
2209,3.076158008197025e-06,2.28293342388497e-06,3.2751099565555506e-06,3.043707233882742e-06
2210,2.531669330589163e-06,1.4066161638766061e-05,3.259764707591886e-06,3.1765034527779792e-06
2211,4.2559299269366115e-06,1.68916782058659e-06,3.196542809776777e-06,3.1891268282379316e-06
2212,3.1961205508600366e-06,2.7043582349506325e-06,3.2455903644606424e-06,3.2159054864223435e-06
2213,2.7673888250016415e-06,4.45849878815352e-06,3.304845341992606e-06,3.2179798443849e-06
2214,3.901077802260665e-06,1.8035991615761304e-06,3.272878118483883e-06,3.2648058244831192e-06
2215,4.357859962106482e-06,1.5811360196948953e-06,3.2955267606767955e-06,3.3873229111577526e-06
2216,2.3711299738554065e-06,3.8150384852997375e-06,3.274958777011408e-06,3.349086757862096e-06
2217,2.572153670775555e-06,1.627503569352484e-06,3.2360878237341245e-06,3.2270150788463062e-06
2218,2.845688808924428e-06,1.8850977926376799e-06,3.213259780861538e-06,3.2593532827377193e-06
2219,4.841870323717659e-06,1.9619103363766044e-06,3.2450781227150103e-06,3.256889106978632e-06
2220,3.089181298795059e-06,3.933593043257133e-06,3.224051820284836e-06,3.3108119278949736e-06
2221,2.8694345868037393e-06,2.4170711640181254e-06,3.231791131656792e-06,3.3491765946564553e-06
2222,3.35904309647756e-06,5.150444430910284e-06,3.234294400701604e-06,3.354490466244896e-06
2223,2.6079134360972806e-06,2.1688134461328446e-06,3.255943203172744e-06,2.9252737466777035e-06
2224,3.647986484591254e-06,2.3891824685051686e-06,3.196259329585398e-06,2.9489819584341603e-06
2225,3.6374290705983486e-06,1.8371845453657443e-06,3.1986316641551746e-06,2.9436372007694442e-06
2226,2.5057367550592364e-06,4.2419713372510156e-06,3.2295112593096245e-06,2.8296061217133682e-06
2227,3.838344203157046e-06,5.760121421189979e-06,3.193898597843752e-06,2.983372655990024e-06
2228,2.4378818468701663e-06,1.6678935469371935e-06,3.1615575690415835e-06,2.99524209494848e-06
2229,2.647284184907524e-06,2.450483950724447e-06,3.19024919341852e-06,2.910744819155298e-06
2230,2.7366425941484827e-06,3.4232945836265573e-06,3.211889104325869e-06,2.990356562258967e-06
2231,3.2382712823972625e-06,1.6468571050154423e-06,3.2064824536064416e-06,2.993187162064715e-06
2232,3.2412946474222632e-06,4.688324115704745e-06,3.1220092033335183e-06,3.0756455137634482e-06
2233,4.221287620869892e-06,4.078774436493404e-06,3.1481965269550636e-06,3.261927510993701e-06
2234,3.1387397343173185e-06,2.4157802135960083e-06,3.168464995299777e-06,3.2445305760120393e-06
2235,3.0728893923676677e-06,3.3357436495862204e-06,3.1544658064275516e-06,3.1166661685347216e-06
2236,2.7638330872529575e-06,2.281873114498012e-06,3.142555426357932e-06,3.137335018891464e-06
2237,3.2554289151044537e-06,2.5707392933327356e-06,3.136655878400537e-06,3.1130332813518194e-06
2238,3.5393787038628944e-06,1.6077218117516167e-06,3.079648405107744e-06,3.1124271302815046e-06
2239,3.010761265613837e-06,5.647762518492527e-06,3.118040874515928e-06,3.127325718332942e-06
2240,3.5493342420522822e-06,1.8778719936562993e-06,3.0726681658355415e-06,2.98889925356889e-06
2241,3.088420583278801e-06,1.702606590470168e-06,3.146012083288951e-06,3.0669446980027727e-06
2242,3.1131514434592747e-06,3.6177971469442125e-06,3.185605928441267e-06,3.0729172299288635e-06
2243,2.7105225409387558e-06,1.9558627877813705e-06,3.269806456723421e-06,3.7935263243525707e-06
2244,2.7300390668945813e-06,4.023369128844933e-06,3.285407684931366e-06,3.7987833436545775e-06
2245,3.743864389333693e-06,8.590642974013463e-06,3.2812082838972846e-06,3.748029307780598e-06
2246,3.3761462954215756e-06,1.982147789476585e-06,3.219431315210385e-06,3.6703270857742607e-06
2247,3.00906337467192e-06,1.953834243977326e-06,3.2014134082197008e-06,3.7379378179593915e-06
2248,2.310153934356802e-06,2.6855347050513954e-06,3.1836090272412944e-06,3.832539061795614e-06
2249,3.5004977856563833e-06,1.7816390300140484e-06,3.2007750655187306e-06,3.87078521694093e-06
2250,2.2122422382785268e-06,1.8220307686078741e-06,3.2181087196679267e-06,3.838312861171289e-06
2251,3.4655484902638516e-06,4.614436038536951e-06,3.168629162357521e-06,3.920769519254463e-06
2252,2.7040264861473893e-06,2.299459802088677e-06,3.1698432726443566e-06,3.876730676574879e-06
2253,4.271479783205399e-06,3.6190296577842673e-06,3.1850578883778427e-06,3.898649952452615e-06
2254,3.6371303137154125e-06,2.599797248876712e-06,3.1733928398757088e-06,3.964210983940574e-06
2255,4.841655801202352e-06,2.1438521944219247e-05,3.1767106649264564e-06,4.051749082464084e-06
2256,3.628301987595882e-06,1.7782825875656272e-06,3.2017910413742357e-06,4.050868877948232e-06
2257,3.1363096215702374e-06,3.4194732188552734e-06,3.2264337874241594e-06,4.017302143529377e-06
2258,2.6768634036974013e-06,2.136218886334973e-06,3.1867923523754553e-06,3.8918362554795745e-06
2259,2.6882920595501977e-06,4.10604851822427e-06,3.198773762849467e-06,3.8965059071415445e-06
2260,2.6277798679075204e-06,5.700774745491799e-06,3.184670312495857e-06,4.042560736525047e-06
2261,3.19298404418886e-06,3.238026993130916e-06,3.226027629474023e-06,4.1110979589575436e-06
2262,3.688770268834358e-06,1.758930399091696e-06,3.234827557914994e-06,4.136241787091421e-06
2263,2.302389771102753e-06,3.6691382638309734e-06,3.284636564826036e-06,4.1269966422078135e-06
2264,3.041114022784718e-06,4.546791451502941e-06,3.2461997740837328e-06,4.082622766418352e-06
2265,3.929699635389423e-06,2.425853890599683e-06,3.240211370292753e-06,4.058266065294446e-06
2266,2.7967943707254665e-06,3.341632377669157e-06,3.1666315924667284e-06,3.98222003018418e-06
2267,3.196097069727936e-06,5.806249610031955e-06,3.1851209752049826e-06,3.969929045479148e-06
2268,3.3375319521332536e-06,1.9338576748850755e-06,3.1016209524750587e-06,3.28058876052637e-06
2269,3.3461077181426745e-06,3.1842007683735574e-06,3.1380869527209946e-06,3.280906876216249e-06
2270,2.752828513116078e-06,5.453995772768394e-06,3.142069945857252e-06,3.218497887382909e-06
2271,3.6756815572718753e-06,2.0988890810258455e-06,3.1317099591534415e-06,3.1953033524132475e-06
2272,2.656477115831674e-06,5.60520497856487e-06,3.1379924901153167e-06,3.1695672553269107e-06
2273,3.3440868588109475e-06,4.398965265863808e-06,3.132489337056338e-06,3.1516154720975467e-06
2274,3.7204959966806605e-06,2.4102347333609943e-06,3.1225308803995073e-06,3.1130281828609442e-06
2275,3.457467411054596e-06,1.590902146517692e-06,3.07915465230811e-06,3.1119933378249706e-06
2276,2.5046287217062654e-06,3.505089143800433e-06,3.1309818617753785e-06,3.1367637008770554e-06
2277,2.554316391372898e-06,1.6905422739910136e-06,3.150323382194781e-06,3.0689265050568794e-06
2278,2.431985337554781e-06,1.7178787800276042e-06,3.1184640318315356e-06,3.0544481553988596e-06
2279,4.099364882171762e-06,2.292522631250904e-06,3.1353090757875173e-06,3.2789249012239454e-06
2280,2.7541552329542657e-06,4.205014820399811e-06,3.139428523081733e-06,3.492040158289456e-06
2281,4.539951993744277e-06,1.7862354798126034e-06,3.1358758521693943e-06,3.5165614312063557e-06
2282,3.2358844499766646e-06,1.8592484980217705e-06,3.155647133027944e-06,3.5492652647008074e-06
2283,2.4178637361021377e-06,1.5563555120934324e-06,3.2073999774992342e-06,3.423489201668417e-06
2284,2.845355333597076e-06,3.4626460910658353e-06,3.1581421166164445e-06,3.444108421717829e-06
2285,2.490201041433061e-06,5.251980164757697e-06,3.165309684613426e-06,3.3480882702860983e-06
2286,2.9440226277680875e-06,2.2733447622158565e-06,3.1687493599848603e-06,3.2714667029722478e-06
2287,2.6043645665494195e-06,1.7330592731923389e-06,3.129495796565607e-06,3.425089271331672e-06
2288,3.5980700077844733e-06,4.288397340133088e-06,3.12973660194176e-06,3.5243364622601808e-06
2289,3.5246520332697803e-06,2.850861555998563e-06,3.202134503529427e-06,3.6610757939797623e-06
2290,3.1332158763082894e-06,2.063895149149175e-06,3.2687551908465046e-06,3.6852493647984376e-06
2291,3.2179204696250156e-06,8.953551023296314e-06,3.327276165550252e-06,3.725531406144001e-06
2292,3.299083252083316e-06,1.1134131036669714e-05,3.2885027359144367e-06,3.7119994785825844e-06
2293,3.2487151793247906e-06,2.5468894978075697e-06,3.2960714972634585e-06,3.6297857029239825e-06
2294,3.840389739606407e-06,4.001796605734853e-06,3.247543132884959e-06,3.802635050578829e-06
2295,4.046649624898338e-06,2.309594196958642e-06,3.2391688804232726e-06,3.804910807139095e-06
2296,2.4442350352021296e-06,2.6143695822611334e-06,3.2367367982765755e-06,3.825926376794087e-06
2297,2.8356663157561947e-06,3.2047011927716086e-06,3.2519049656709994e-06,3.848158927485201e-06
2298,3.4300787430968032e-06,2.483426083017548e-06,3.266719252698951e-06,4.222180837587075e-06
2299,2.73915691119934e-06,6.250798942346592e-06,3.2853972562305794e-06,4.199469523064181e-06
2300,3.463487545458419e-06,4.072081919730408e-06,3.3172264165033183e-06,4.3629302132103475e-06
2301,4.314576261397936e-06,6.923572436789982e-06,3.3250571395910805e-06,4.277998955785733e-06
2302,4.21983357429983e-06,2.294881544457894e-06,3.2840849005879136e-06,4.2828692102375496e-06
2303,3.8950097051484696e-06,2.7249298136666768e-06,3.2928840143439526e-06,4.278371631698974e-06
2304,3.130029141276383e-06,1.954224442215491e-06,3.280557442718014e-06,4.252102348436893e-06
2305,2.9433742666798126e-06,2.149670428934769e-06,3.3036208101495707e-06,4.006113708055637e-06
2306,3.3267428842817833e-06,6.107469171183766e-06,3.290954198554472e-06,4.101389071638551e-06
2307,3.0265281384345143e-06,1.9161424120284208e-06,3.287196479696933e-06,4.1204492145880064e-06
2308,2.3570616824347074e-06,2.0817447534682287e-06,3.256633504083261e-06,4.702262135924684e-06
2309,3.2245595184576815e-06,4.0184598583437035e-06,3.2851706023999827e-06,4.676661118264747e-06
2310,2.8605582171318624e-06,1.4602527917304542e-05,3.272937374387969e-06,4.627446514496114e-06
2311,3.4109727160587987e-06,1.7055618991435039e-06,3.272464296333056e-06,4.832215030364751e-06
2312,3.4000935733678894e-06,5.8195765268465035e-06,3.3346095442134863e-06,5.133553117957491e-06
2313,3.7938380849785366e-06,2.1651159045177336e-06,3.3642025777226083e-06,5.124581689415209e-06
2314,2.5003460581905934e-06,2.9726179172939736e-06,3.3177649352486095e-06,4.931386231601208e-06
2315,3.35319372020927e-06,1.9514556856847774e-06,3.2604219513814315e-06,5.030999433620309e-06
2316,2.9097561789765474e-06,8.296818941744278e-06,3.2240500375135325e-06,5.011772031139117e-06
2317,3.875667437872228e-06,4.984415027138312e-06,3.2794517955456593e-06,5.0023500443330705e-06
2318,2.932049889447323e-06,4.92877358738042e-06,3.280068219242417e-06,5.095280887189801e-06
2319,3.74644676816792e-06,4.478300179471262e-06,3.249266942293616e-06,5.00213902764699e-06
2320,3.282575234556538e-06,1.6854917230375577e-05,3.291202386289014e-06,5.059192992075623e-06
2321,3.1576624931201674e-06,1.974344140762696e-06,3.298381221874378e-06,5.064241275658787e-06
2322,2.5298356154558456e-06,1.9743360985557957e-06,3.3130590531274925e-06,5.002270528666486e-06
2323,3.4182517917239846e-06,7.602638979733456e-06,3.317551426011455e-06,4.526118955027414e-06
2324,4.292788108210112e-06,1.3784251132165082e-05,3.3276970309088943e-06,4.599295179059482e-06
2325,4.203313383186469e-06,3.8477962061733705e-06,3.319044184404953e-06,4.4378229958510925e-06
2326,3.153635199547959e-06,2.0936859914399973e-06,3.268595183271828e-06,4.438606321537008e-06
2327,2.7862589776203903e-06,4.78521159493539e-06,3.298884186157618e-06,4.38585580182007e-06
2328,2.9857118584509913e-06,2.2442447516368704e-06,3.36608071007605e-06,4.3773251383299785e-06
2329,4.515073092079547e-06,1.7186747720643325e-06,3.3855946567857454e-06,4.126068309187758e-06
2330,2.9587848590987655e-06,4.472941500353045e-06,3.4063528668462423e-06,3.990520142065181e-06
2331,2.556710960561759e-06,3.7789226826134838e-06,3.4078142047746956e-06,3.8673705728115245e-06
2332,4.074914238319454e-06,3.3424915227442397e-06,3.351279426356592e-06,3.753529610753504e-06
2333,2.536532572068811e-06,2.20795184304734e-06,3.3422368843023136e-06,3.210461802723331e-06
2334,3.591505299785543e-06,2.469191183536168e-06,3.31501658539916e-06,3.3588636566719292e-06
2335,2.9728675392309215e-06,2.6987385763277415e-06,3.347252478412581e-06,3.455391642569339e-06
2336,3.664612838494779e-06,3.5349674999451964e-06,3.3644785525767577e-06,3.2184633981387387e-06
2337,3.183772410769355e-06,1.7827719466367854e-06,3.2987860128489254e-06,2.771970718299599e-06
2338,2.5326130566504112e-06,2.184699046665628e-06,3.2559439563202537e-06,2.6816057644964532e-06
2339,3.2575711303353374e-06,1.6538549243705347e-06,3.245377455464728e-06,2.7187984572037745e-06
2340,5.033106818170078e-06,1.7381890984324855e-06,3.2698168528491405e-06,2.590930532960555e-06
2341,3.397604846718928e-06,2.015398213188746e-06,3.2813026226752604e-06,2.5983516330143167e-06
2342,4.394622689384657e-06,1.5957108490738391e-06,3.2273016782861908e-06,2.63650991146278e-06
2343,2.968583337658654e-06,1.8500343560390319e-06,3.2319816262265197e-06,2.541187237011399e-06
2344,2.333077307715333e-06,1.6322761280207487e-06,3.2448309530637843e-06,2.6612984895564297e-06
2345,3.056511683199561e-06,3.2782220296212474e-06,3.191076543948334e-06,2.6583659382140462e-06
2346,2.4771550205413304e-06,5.684390489477665e-06,3.193177523073448e-06,2.668375950770496e-06
2347,3.3357329407913818e-06,4.387535745991045e-06,3.1824181994781813e-06,2.7716640001472113e-06
2348,3.848903645828412e-06,1.6794328689684335e-06,3.181755183529984e-06,2.76585460055685e-06
2349,2.650474615014294e-06,2.62193413618661e-06,3.149747409694707e-06,2.7317196103922476e-06
2350,3.132261969969679e-06,1.5886723610947228e-06,3.139959891425153e-06,2.8991260231578056e-06
2351,2.8894726781598163e-06,3.0235033091230434e-06,3.1906168392045705e-06,2.914445122451071e-06
2352,3.397243912230705e-06,1.5885134888549145e-06,3.1774191131211812e-06,2.9950236732929624e-06
2353,3.2728561041039937e-06,2.429772252980911e-06,3.104733190351302e-06,3.4019514616829845e-06
2354,3.1650494823528183e-06,2.672631733275921e-06,3.1092292289637646e-06,3.4620659797383275e-06
2355,3.075783557606984e-06,2.089874639068512e-06,3.049049371171956e-06,3.610979522932212e-06
2356,2.8779441314933744e-06,6.78170399623923e-06,3.0294380330006886e-06,3.708777744463988e-06
2357,2.731054010433177e-06,3.26917773918467e-06,3.0649619241456903e-06,3.7123228625432604e-06
2358,2.5890570501966672e-06,2.4582021569585777e-06,3.063005414514919e-06,3.6882711207226747e-06
2359,3.322522209903885e-06,5.051392417954048e-06,3.087189753003056e-06,3.670528513998761e-06
2360,2.956292140525976e-06,2.553503586568695e-06,3.0702202547925275e-06,3.567333965224862e-06
2361,2.8644184926128624e-06,2.68159274583013e-06,3.030694501689545e-06,3.6480250759495905e-06
2362,2.93908445403051e-06,5.967932265775744e-06,3.1076205018204444e-06,3.6343647410149063e-06
2363,3.7990367511358475e-06,2.567676528997254e-06,3.118245709689897e-06,3.6341505696327662e-06
2364,2.9276279782506106e-06,3.6683186954178382e-06,3.0918236674147524e-06,3.5959128739705195e-06
2365,3.2159587489230843e-06,1.1911383808183018e-05,3.050433780279289e-06,3.6116077528959068e-06
2366,3.510005812030512e-06,3.518261164572323e-06,3.0373029032388232e-06,3.7061070916706743e-06
2367,2.890126244589434e-06,5.3185494289209604e-06,3.0752415869958186e-06,3.6913992145628075e-06
2368,2.478299883376975e-06,4.294989894333412e-06,3.0898690933908153e-06,3.833050835714858e-06
2369,3.2211745863403646e-06,1.7209040800025831e-06,3.148977385737655e-06,3.6287523144210354e-06
2370,3.007598942430276e-06,2.676928484106611e-06,3.180407121403227e-06,3.5661109484180996e-06
2371,3.0817634827447666e-06,5.240825321379816e-06,3.1810052035426555e-06,3.634451251787141e-06
2372,2.9114954855281717e-06,1.8076720266435587e-06,3.1522646792937952e-06,3.5990639447163638e-06
2373,2.8607598182538316e-06,3.6967106370866532e-06,3.1381733578200512e-06,3.663592190901e-06
2374,4.573624618286784e-06,2.2804257628195047e-06,3.127756982262832e-06,3.7229968707151788e-06
2375,3.3978921667059895e-06,1.5833180765412181e-06,3.1143539682489066e-06,3.6509479697315335e-06
2376,2.228921621281188e-06,2.0675609175668797e-06,3.066552862350768e-06,3.7149092982190277e-06
2377,2.3624967338441316e-06,1.980885461989601e-06,3.053608107368039e-06,3.7348449400496986e-06
2378,2.9445841780923526e-06,4.792255722350091e-06,3.0291301215584114e-06,3.425057977369762e-06
2379,4.113516576277713e-06,2.3049348055792508e-06,2.9928902532244856e-06,3.450995920434254e-06
2380,3.4414712174819013e-06,5.631165167869767e-06,2.981445567588203e-06,3.4049223329247994e-06
2381,4.355651440164366e-06,1.6742409638936806e-06,2.986473936400419e-06,3.399791126798847e-06
2382,3.5167974020724713e-06,1.7031435891112778e-06,2.9617873170941e-06,3.4976233532461275e-06
2383,2.6040091036823774e-06,4.166709741184604e-06,2.945643723544184e-06,3.5572146035292475e-06
