epoch,train_loss,val_loss,train_loss_smooth,val_loss_smooth
1,0.3674172631237242,0.22250986278057097,0.21519367156691022,0.1364245685696602
2,0.12403722898827658,0.05803762838244438,0.20197017284300592,0.12892348368167877
3,0.04911572206351492,0.04537031441926956,0.188684359419677,0.12135858813226222
4,0.04629765777124299,0.04487776458263397,0.17533647992610935,0.11373638940453527
5,0.04577313077118662,0.04435377433896065,0.16193700113164058,0.10606510039865968
6,0.045234966774781546,0.0438702417910099,0.14849362210432693,0.09835784484148023
7,0.04459567445847723,0.043208924382925035,0.13501771191789047,0.09062331836223601
8,0.04395164108938641,0.04235419437289238,0.12151732946932317,0.08286640770137307
9,0.04308503321475453,0.04152424916625023,0.1079971751978,0.07509405439496038
10,0.042153104444344835,0.04049621269106865,0.09445891747706468,0.06730492107868194
11,0.041000611152913834,0.0393891741335392,0.08090280728472606,0.05949668811857701
12,0.03977037469546,0.03799550756812096,0.06732683783074221,0.05166914208531379
13,0.038402223140001294,0.036508012264966964,0.053728326752119596,0.04383260849416256
14,0.0368297950261169,0.034982740581035614,0.04010653851926327,0.03596311157941818
15,0.03527192754050096,0.033387474045157434,0.03619223198559549,0.03464774720966816
16,0.03372027578453223,0.03195489458739757,0.035246229958203104,0.033806543400883675
17,0.032430293262004854,0.030727637633681297,0.034379124674532156,0.032952745863795284
18,0.03133278744088279,0.02982847385108471,0.033498853665921424,0.03208733267188072
19,0.030519508462813167,0.02914670079946518,0.03260171377791299,0.031207362884283066
20,0.029907701909542082,0.028587096258997916,0.031693139269948004,0.03032060369551182
21,0.02941340633564525,0.028201030120253563,0.03077166590905852,0.029431246158480646
22,0.028960820105340745,0.02778152987360954,0.029847419927683142,0.028546441504359244
23,0.028514508315258556,0.027304038777947424,0.02892757826132907,0.027673068803548813
24,0.028018026774128277,0.02682121194899082,0.02802563488102621,0.02681612040102482
25,0.027454486158159045,0.026596523001790048,0.027148288382258676,0.025997060936689378
26,0.026872557302316028,0.025772439911961556,0.02630915544380744,0.025223820653557775
27,0.02617956564658218,0.02515351913869381,0.025519626371728048,0.02450176252126694
28,0.025465671378705236,0.02434021919965744,0.024784135759207935,0.023838808342814446
29,0.02462002567946911,0.023532826155424118,0.024105402527583964,0.023229853352904322
30,0.02376635555591848,0.022718444541096686,0.023475409711400663,0.02266632231771946
31,0.022806469574570654,0.021870997101068497,0.02288774730281697,0.022137085849046712
32,0.021881311759352685,0.021039944663643836,0.022332192274431385,0.021633268553018576
33,0.020914807067149214,0.020120255947113037,0.021800729652411407,0.021151399660110478
34,0.019978883680370117,0.019404132813215257,0.0212877479231192,0.020684026062488557
35,0.019157062785493003,0.018661895170807838,0.020791333109885454,0.0202347949385643
36,0.01845202664534251,0.01796546407043934,0.020312820762809776,0.0198037033110857
37,0.01783671222627163,0.017519020959734916,0.019853062941382324,0.019389059847593305
38,0.017423899678720368,0.017177005186676978,0.019413465207566816,0.018985109895467752
39,0.01709156822413206,0.01693128727376461,0.018998330332421588,0.0186100987970829
40,0.01688466222749816,0.016813619583845137,0.018608394960479602,0.018261120221018796
41,0.01675194499393304,0.016731019839644434,0.01824777751523587,0.017941978293657304
42,0.016680472857422298,0.016639361754059792,0.017919618797633385,0.017654639485478404
43,0.01664122722629044,0.0165975621342659,0.017624380179742972,0.01739754767715931
44,0.01663063275317351,0.01655126839876175,0.01736722717235486,0.01718496488928795
45,0.016621136359042592,0.01654037393629551,0.01714568211717738,0.016992975786328315
46,0.016588863103340068,0.01651669017970562,0.016961341329912345,0.01684252610206604
47,0.016550449774497086,0.016550751775503157,0.01681304959704478,0.01673109013140202
48,0.0165516996383667,0.016526748090982438,0.016699638911750577,0.01663112059831619
49,0.016524081238442,0.016455125361680985,0.016610534726083277,0.016566924649477007
50,0.016464542812771266,0.016497774198651314,0.016545064053104984,0.01651235843598843
51,0.016494185423685446,0.016397162452340127,0.01649485065713525,0.01646864953935146
52,0.016431181348032422,0.016429054737091064,0.016455927800718282,0.01643752923607826
53,0.016450235247612,0.016361671015620232,0.016428210030744475,0.016413594093918796
54,0.016416057739406825,0.016349355950951577,0.016401026893903815,0.016388858696818352
55,0.016385390108658207,0.01629114933311939,0.016374904710965026,0.01636316539049149
56,0.016377644389867784,0.016556427404284476,0.016346351880249053,0.016350167149305345
57,0.016342685379915768,0.016240217089653015,0.01632234962590867,0.016322455024719237
58,0.01630628738552332,0.016359013840556144,0.016292167841643095,0.0162958026021719
59,0.01627159035868115,0.016618233546614646,0.01626375550594595,0.016267715969681743
60,0.016321795653137895,0.016162656843662263,0.01623469197832876,0.016234037321805953
61,0.016224422003659936,0.01636056534945965,0.01620202523312635,0.016201586917042734
62,0.01619994540181425,0.016154865622520446,0.016171003336624967,0.016167600890994074
63,0.016168564779476986,0.016084282770752908,0.016142324555168553,0.016132055881619454
64,0.016118496813707882,0.016153279691934586,0.016108307987699907,0.01609976669549942
65,0.016191717978152963,0.01621524102985859,0.01607347499256333,0.016060936948657036
66,0.016072366572916507,0.016112634912133217,0.016038362333426873,0.016022368392348288
67,0.016027418283952606,0.015997029095888137,0.016001990296112167,0.015983964422345162
68,0.015927406458391084,0.016272606104612352,0.015966466920905642,0.01594353226721287
69,0.016030576394663917,0.015858465284109117,0.015925746995376217,0.015897609548270703
70,0.015866591752403313,0.015874063372612,0.015886838389436404,0.015863135679066182
71,0.01587855471091138,0.015814524367451666,0.01584298473894596,0.015812133257091045
72,0.015823861584067345,0.01570878557860851,0.0157992577885588,0.015747303359210492
73,0.015735031008306477,0.015715487971901893,0.015750526930888492,0.01569820677191019
74,0.01574853382590744,0.015605474710464478,0.01570277721716298,0.015646683682501317
75,0.01574757327636083,0.01560914896428585,0.015652956693536706,0.015594181476533416
76,0.015643771236969365,0.015589932799339295,0.015603125580896932,0.015539324219524862
77,0.01556035646961795,0.015458311066031455,0.015548906443764764,0.01548729219585657
78,0.015572418769200643,0.015397457107901573,0.015487722786847086,0.015418363739550113
79,0.015506756806539165,0.015389256700873375,0.015426794684016042,0.015369007332623004
80,0.015497305728495121,0.01528034545481205,0.015366787175254687,0.015306552593410013
81,0.015359646251632107,0.015408359430730344,0.015307845747222501,0.015236969639360904
82,0.015369970231420465,0.015378370359539985,0.015239562091231347,0.015166957618296147
83,0.015209946123262246,0.01508395329117775,0.015170439378917218,0.015091055709123613
84,0.01517841659900215,0.014997486099600792,0.01510010266751051,0.015014507043361667
85,0.015103524211380217,0.014935242161154747,0.015024503046108617,0.014948677995800973
86,0.01503067916052209,0.015072488114237786,0.014950978046407302,0.014869335880875589
87,0.014954432311157385,0.014842310473322868,0.014867733687245184,0.014782668368518354
88,0.014922786963482699,0.014712851345539093,0.014777043015675412,0.014695497126877309
89,0.014763018385403686,0.014852479100227356,0.014686159248567287,0.014599878437817097
90,0.014662126555211014,0.014492029622197151,0.014595269159558744,0.014500380809605123
91,0.014549164002140362,0.014878724738955497,0.014493090999374784,0.014397213295102122
92,0.014527230564918782,0.014435660615563393,0.014389646618151,0.01429191044420004
93,0.014453870757586426,0.01453303225338459,0.014279035597294567,0.014199448056519032
94,0.014323484994884995,0.014108164757490159,0.014166463493721353,0.014076475965976717
95,0.014138523944550091,0.013976515643298626,0.014046438616928126,0.013944877389073372
96,0.014120136925743685,0.013900807723402978,0.013924362569467887,0.013816382125020026
97,0.013933871049020025,0.014063059389591216,0.013794276303963527,0.01368196837902069
98,0.013896906015773614,0.01373193509876728,0.013661173852843543,0.013541554966568949
99,0.013667424846854475,0.013438786901533604,0.01351887959877236,0.013387466770410538
100,0.01348030648711655,0.013429867923259736,0.01337305445528279,0.013233144888281824
101,0.013371677059266302,0.013199465572834015,0.013219058107729588,0.01307989755421877
102,0.013288104244404369,0.012970870360732079,0.013061914648012155,0.012905679258704186
103,0.013017964764601654,0.01281826924532652,0.012895930956200594,0.012737344172596931
104,0.01292064727594455,0.012756685428321361,0.012726328296110864,0.012540025605261329
105,0.012732030207084286,0.012968785762786865,0.012551596491680379,0.012348786668479444
106,0.0125453436623017,0.012334057167172431,0.012361312672889067,0.012143599818646909
107,0.012369348311589824,0.012088405936956405,0.012167580765547852,0.01194336582571268
108,0.012158044936756292,0.01187157168984413,0.011967883060934643,0.011769402959942816
109,0.011926259961393144,0.011637142449617386,0.011756263300921353,0.011632658341526984
110,0.01177596293338057,0.011424906849861145,0.01154178121584571,0.011394790127873422
111,0.011473322808742524,0.011220283210277557,0.011317307314421567,0.011164882887899874
112,0.011308803723918067,0.01098426342010498,0.0110872922272111,0.01095195430368185
113,0.011072878274652692,0.010881667993962764,0.010852244491026633,0.01070360301733017
114,0.010834431892467869,0.010497021712362766,0.010605311465573806,0.01045084984228015
115,0.010512534259921975,0.0102836524695158,0.010354028911453981,0.010193381105363369
116,0.010309097499897084,0.009945760555565357,0.01009792915282564,0.009927771360427141
117,0.010158935454156665,0.009654687196016311,0.009834400933794677,0.009653643590956927
118,0.009696775287803676,0.00940336100757122,0.009569463896316787,0.009366094601154328
119,0.00948018731135461,0.009102314934134484,0.009294844241750738,0.00908066949620843
120,0.00914608132921987,0.009627443999052047,0.009012341511973906,0.008794062818586827
121,0.008829642925411463,0.010482192263007164,0.008724106626647216,0.008507029343396423
122,0.008571818922128943,0.008116354048252106,0.008431194113381208,0.008225507870316505
123,0.008285058480170039,0.007984254099428654,0.00813560011382732,0.007928161022812127
124,0.00791704766659273,0.008115572296082974,0.007838218938600684,0.007636881425604224
125,0.007604113082504934,0.007221085764467716,0.0075370771749979915,0.0073350090242922305
126,0.007198351422945658,0.00688063619658351,0.007233790505822333,0.007030301465839149
127,0.007006040391408735,0.0065341519378125665,0.006929554897236328,0.006727520275861026
128,0.006615470798893107,0.006178025621920824,0.006631155680885746,0.006423637855052949
129,0.0063324418001704744,0.005903491191565991,0.006328110782243311,0.006126926526986064
130,0.006108604270137019,0.005780061017721891,0.0060231990156695255,0.005846512090228499
131,0.00567985229815046,0.00519842954352498,0.005733425994279485,0.005556678407453002
132,0.005306780067169004,0.0049232389964163304,0.005441779210604728,0.005268728508241476
133,0.004952172803589039,0.004695734810084105,0.005156722517828975,0.004957662231661381
134,0.0046034471297429665,0.00459910562261939,0.004877708076954716,0.004607446604967118
135,0.004386112944533427,0.003991235662251711,0.004604982379410002,0.004342157633230091
136,0.004038793428076638,0.003938293280079961,0.004335636783142885,0.004077132308483123
137,0.0037802596338507204,0.0034374533873051407,0.004076981777490841,0.0038068035574629904
138,0.0034907115452612438,0.0032639790326356886,0.00382688786012845,0.0035724696187302467
139,0.0032285416778177023,0.0029274919629096985,0.0035901337823727067,0.003342412400431931
140,0.003052553851157427,0.002686591949313879,0.003358530097496179,0.0031281224576756358
141,0.0027329750338362323,0.0025279773538932205,0.0031387020366576814,0.0029211861082818367
142,0.002536141289811995,0.0026443262770771982,0.0029264789348985585,0.0027258540643844754
143,0.0024524497530526586,0.0021575189381837843,0.0027218834881670775,0.0025317977470811458
144,0.0021890177194856934,0.0019035674538463354,0.002532063315736337,0.002356951734190807
145,0.002019664009826051,0.0018507870845496655,0.0023573792856910994,0.00219658324806951
146,0.001854281903554996,0.0017268015956506133,0.002195002001192835,0.0020397154436446728
147,0.0017536764835110968,0.0014841297548264265,0.0020455279181400936,0.0018888302989071236
148,0.0015514185734921031,0.0013586209807544946,0.0019025165123865008,0.001757254512072541
149,0.0014506725252916416,0.0013573535205796362,0.001772662586398009,0.0016295972511870785
150,0.001351765148445136,0.0013627372961491347,0.0016517790863497391,0.001519315222161822
151,0.0012794994790520933,0.0011292057391256093,0.0015410649485989578,0.0014143933662446216
152,0.0012159482694955336,0.0011769033689051868,0.0014398276554731032,0.0013275687197456137
153,0.0011197692779306735,0.0010046168870758265,0.0013462662058985897,0.0012448034631321206
154,0.0010268642561924127,0.0010201900941319763,0.0012629044881918364,0.0011678702548844737
155,0.0009937181018499865,0.0009286530851386487,0.0011868155610385454,0.0010847384884255006
156,0.0009343479873819483,0.0008272792212665081,0.0011134051723664417,0.0010243124660337347
157,0.0009396793160380589,0.0009140268433839083,0.0010501454425406538,0.0009689583736239003
158,0.0008927406911324295,0.0007740396994631737,0.0009945755569005592,0.0009198780514765532
159,0.0008665950534244379,0.0008269770041806623,0.0009429298107952087,0.0008713455040007831
160,0.0008108278006936113,0.0007018409913871437,0.0008946297611239263,0.0008322366526350381
161,0.0007924452783643371,0.0007468617579434067,0.0008545798985002977,0.0008062634964473547
162,0.0007581721326439745,0.0006804026616737247,0.0008186402442270064,0.0007698570596752689
163,0.0007228581014917129,0.0006409326347056776,0.0007843309123457099,0.0007341658314457164
164,0.0006976093496713373,0.0007568758004345,0.0007527965865123811,0.0007057888839859515
165,0.0007135176117945876,0.0006174605339765548,0.0007235357110000528,0.0006752695583272726
166,0.0006489320911674036,0.0006046471477020532,0.0006960366192817066,0.0006559537299675867
167,0.000633918110979721,0.0005660321156028658,0.0006730025404055293,0.0006302154939621686
168,0.0006171900362500714,0.0006468683783896267,0.0006501262109442097,0.0006075695648556574
169,0.0006075244738409916,0.0005197151436004788,0.0006286699179637557,0.0005891598557354882
170,0.000630416868823684,0.0006237790308659896,0.000607014628352287,0.0005663477367954329
171,0.000563138250921232,0.0005134879087563604,0.0005866688451859067,0.0005485217258334159
172,0.0005461752417290376,0.0005064084706827998,0.0005678345373495379,0.0005284039912978188
173,0.000550172007901387,0.0007092920760624111,0.000549658126371085,0.0005125284506939352
174,0.0005521811684593558,0.0004471926012774929,0.0005321308615539844,0.0004954325541155414
175,0.0004940318514127284,0.00047045659041032193,0.000515583557374258,0.000481239835987799
176,0.0004911413332188709,0.00041978205263148993,0.0004995217410174923,0.00046672452497296046
177,0.0004844263816873232,0.00041392022743821146,0.00048391898033312627,0.00044761162044014793
178,0.0004322919849720266,0.0005217211780836806,0.0004673329155167772,0.00043371105375699704
179,0.0004510122842879759,0.0003767341939965263,0.0004538541141173078,0.00042069114355836073
180,0.00042180986531699697,0.00036250485747586937,0.0004413812747069944,0.000409496953804046
181,0.0003979406628705975,0.0003670364932622761,0.00042887285002765965,0.00039666137744206944
182,0.00039829707575134106,0.000343723869882524,0.0004165910197447778,0.00038522097377572214
183,0.00038409611197291976,0.00032838942541275174,0.0004018072583065885,0.0003697406397899613
184,0.00039573735751522083,0.0003240336407907307,0.00038991883712975923,0.0003582714629592375
185,0.00035641752623228565,0.00030495247629005464,0.0003784179599981548,0.0003483712504152209
186,0.00035426365793682634,0.0003194643434835598,0.00036645953213640804,0.00033091845456510786
187,0.0003444895281508151,0.0003255847084801644,0.00035466223839515204,0.0003212681331904605
188,0.0003213126925725697,0.0002780498593347147,0.00034506290083130206,0.0003122549064923078
189,0.00030754033256218664,0.0002790531871141866,0.00033465958407355684,0.00030663505487609654
190,0.00029886599138586055,0.00026994636689778415,0.000325430666246555,0.0002979853817261756
191,0.0003119620561806692,0.00027914939273614435,0.0003170421489139295,0.0002851792106870562
192,0.0003220971257218884,0.0002861773717449978,0.00030810901634265774,0.0002777469543041662
193,0.00030447941926670157,0.00032597896934021263,0.00030013898633187634,0.0002712003721157089
194,0.00030047871676894527,0.00023370505194179715,0.00029292521956506077,0.0002643521737074479
195,0.0002608228328689519,0.00023677068122196943,0.00028646911333392685,0.0002657342680031434
196,0.0002659277215005002,0.00022675848798826338,0.0002802863607998006,0.00026174730125349014
197,0.0002586533134389255,0.0002589031570823863,0.00027256787227233876,0.000255848522670567
198,0.0002512113113577167,0.0002729721798095852,0.0002665195932236707,0.00025154089755378663
199,0.0002572488249279559,0.00020593456691130995,0.00026038557027932254,0.00024713968597352506
200,0.0002540484123164788,0.00024512592295650393,0.00025487523895377913,0.00024283207785338168
201,0.00023105841427524057,0.00027928576222620906,0.0002504998842202541,0.00023851683025714014
202,0.00025370343601227634,0.00019767839869018643,0.0002460596900161666,0.00023446784792467956
203,0.00022257905165638982,0.00020156690210569649,0.00024206410934243146,0.00023654820171650502
204,0.00022768397000618278,0.00019092778442427515,0.00023711589511044118,0.0002323090955382213
205,0.00022255911504746311,0.0001988403027644381,0.00023221782307890763,0.0002283594240667299
206,0.00021759649370020877,0.00019583153305575252,0.000227679024286206,0.00022223116517998282
207,0.00023689441997299177,0.0003782762272749096,0.0002230507226311602,0.00021911695579765366
208,0.00022952729861976372,0.00022871525667142123,0.00021967156919676603,0.00021583149051293733
209,0.00020277514432867367,0.00017656417621765287,0.00021656505543247073,0.00021290229849983008
210,0.0002052105500155853,0.0001972618483705446,0.00021360846265063935,0.00021015851304400716
211,0.00020091308432812285,0.00020943405397702008,0.00021051610064330616,0.000206896549416706
212,0.0002067312450122295,0.00021789450547657908,0.00020775828559675978,0.00020525213668588552
213,0.0002119288242344434,0.00017016866942867637,0.00020507933406624943,0.00020155385343823587
214,0.00019653547745999983,0.00017782862880267203,0.00020289870420367353,0.0001974702254869044
215,0.0001989764745424812,0.000321955211693421,0.000200860593889633,0.00019692413713783024
216,0.00018825670038091226,0.00017317173827905208,0.00019892282761090126,0.00019460791156161578
217,0.0001996453249335496,0.0001874355849577114,0.00019633436601919436,0.00019280963460914792
218,0.00019100944944916087,0.00017277249717153608,0.00019452195902122185,0.00019078557098982856
219,0.00018477117539279992,0.00015584981738356874,0.00019267315053665598,0.0001893036675755866
220,0.00017634399700909852,0.00015463404910406097,0.00019071581373249905,0.000181808205076959
221,0.0001882648773931174,0.00015352868766058236,0.00018853929368908414,0.00017911497295135633
222,0.0001847384938931403,0.0001903085206868127,0.0001876927770467268,0.00017753361541545022
223,0.0001739022611743874,0.0001914230891270563,0.00018608552506322866,0.00017532909138826656
224,0.00018830344876429687,0.00016482424864079802,0.0001847049237668721,0.00017268841249169783
225,0.00018707462405371996,0.00015266884176526219,0.0001826811991088713,0.00016999472418101504
226,0.00017654266771084318,0.00017719506344292312,0.00018071677152248512,0.00016886409366270527
227,0.00020275067816126263,0.00018402618996333332,0.00017912505738074992,0.00016713974808808414
228,0.0001741348946880963,0.0001436612627003342,0.0001778739475347619,0.00016450372904073445
229,0.00016297243021350975,0.0001459708606125787,0.0001769089327724133,0.0001632917784503661
230,0.00017724894009815115,0.00014823871228145436,0.00017492182406260526,0.00016203015581704676
231,0.00017137628158606175,0.0001587839476997033,0.00017411711165849636,0.00016037498706718907
232,0.00018796099986906887,0.00019088966480921955,0.00017311211276165625,0.00016088333737570792
233,0.00017511429753439087,0.00016138445353135465,0.00017278374793693526,0.00016272683556890115
234,0.00018161222826974053,0.00013703023781999946,0.00017164514043381334,0.0001623189595527947
235,0.0001650292504281323,0.00014214874769095332,0.0001712425060783668,0.00016005715081701053
236,0.00016639805191920863,0.0001434170815628022,0.00017038599390782313,0.0001575193912605755
237,0.00015613812856220952,0.00015055229770950972,0.0001692764180938765,0.0001566395291825756
238,0.00016281813457478872,0.00014190290647093207,0.0001686542391718831,0.0001570936111966148
239,0.0001567426239166202,0.00013471998943714425,0.00016785683855737764,0.00016126495513599367
240,0.00016769872839278023,0.00025605473550967874,0.000165676512819482,0.0001599141685059294
241,0.00016413133132219728,0.00014287297351984308,0.00016506761817921262,0.00015956339477561413
242,0.00014996760718834898,0.0001558950191247277,0.0001645439769264259,0.0001601270633516833
243,0.00017089163934643793,0.00013139327842509374,0.00016363474573849492,0.00016088473597774283
244,0.00015964620297179662,0.00016855857509654015,0.00016302131800588945,0.00016052869568811728
245,0.0001681348763910743,0.00020072150393389166,0.00016168059503413843,0.00016014929205412044
246,0.00015979968981506923,0.00014333178725792095,0.0001606814524915535,0.00015880939255002888
247,0.00017467263500697702,0.00013376330229220913,0.00015909064957393438,0.00015818160569760952
248,0.00015248945691079523,0.0001279791002161801,0.0001587015789720075,0.00015740994851803412
249,0.00016056405341563124,0.00014282769669080153,0.00015781953070610248,0.00015803405527258296
250,0.00017152015100388478,0.00016402089211624117,0.0001573113915361723,0.00015905591238988566
251,0.00015660765234820753,0.00028147866192739456,0.00015695706193348291,0.00015840295859379696
252,0.00014824253471387136,0.0001502565242117271,0.00015618376156069445,0.00015793983231997117
253,0.00015891252868136183,0.00013489191944245248,0.00015480230355104948,0.00015240193087374794
254,0.00014988139889384104,0.0001600625750143081,0.00015390624173257185,0.00015227109834086152
255,0.00015451816039987735,0.00016718052793294192,0.00015351090396094753,0.0001511253393837251
256,0.00015604058827092457,0.00014988294045906514,0.0001530924411949753,0.00015075146468589083
257,0.00015444292557529278,0.00018140457395929844,0.0001525560389615647,0.00014941899416735398
258,0.0001501357339697683,0.0001278869659290649,0.00015160308226153978,0.0001475325557286851
259,0.00014184215532926222,0.00012133556650951504,0.00015105035322550168,0.00014647068328922614
260,0.00015530248537995957,0.00012285731820156797,0.0001501344211069712,0.0001476090356707573
261,0.00014434684527158323,0.00015901975042652337,0.00014986138739946507,0.00015163830430246894
262,0.00014343464931395526,0.00017609872564207762,0.00014928430808100124,0.00015099429790861905
263,0.00015395989450755424,0.00012557906156871468,0.00014846391160196315,0.00015073176852893085
264,0.0001374101145969083,0.00012314183259150014,0.00014739711025548685,0.00014436190229607748
265,0.00013316227815165702,0.00011760719935409725,0.0001470118444128376,0.00014351017039734875
266,0.00014172978586025743,0.00013960216019768268,0.00014581967747847858,0.0001431881580152549
267,0.0001400841628977408,0.00012725104519631714,0.000145520763801566,0.00014517935594776643
268,0.0001604300701971321,0.00012204641097923741,0.0001450325722237014,0.0001431677288026549
269,0.00014623614713653093,0.0001352468121331185,0.00014460642505307786,0.00014266759724123403
270,0.00014431095889045131,0.00015356054296717048,0.00014369988863149454,0.0001400678011123091
271,0.0001459814639141162,0.0001167849762714468,0.00014306599442045104,0.00013978990773903205
272,0.00015177433204371482,0.00016222211183048786,0.00014288699597818778,0.00014006835476029663
273,0.00014566361422314205,0.00022871081600897014,0.00014191762694390492,0.00013974758483236658
274,0.0001461370704540362,0.00012672753684455528,0.00014143963985196832,0.0001382810981827788
275,0.00015101023902793208,0.00015745765762403607,0.00014106263616575033,0.00013564158348599448
276,0.0001299376186863002,0.00012223200610606,0.00014053365424236594,0.00013601504238322374
277,0.0001386108886476399,0.00012896322674350814,0.00014112691067404943,0.0001353600722970441
278,0.00012910835532238706,0.00012684160989010707,0.00014111668536271382,0.00013503328822553156
279,0.00014240855697102638,0.0002098425233270973,0.00014076491591016142,0.00013400162979960442
280,0.00014231337095326228,0.0001168898493051529,0.00014051633540010597,0.00013346115549793468
281,0.00014538690900533564,0.0001373796514235437,0.00013974374349927528,0.00013770643591415137
282,0.00013177951503570915,0.00011640967073617503,0.0001392227217742604,0.00013653400087496265
283,0.00013428837869368078,0.00012093963159713894,0.0001388766283796738,0.00013467999486019836
284,0.00013736719427268125,0.00012829674204112963,0.0001385301852320683,0.00013434032248333096
285,0.000131068259522888,0.00011483807000331581,0.00013765805334745287,0.0001336934829829261
286,0.0001323971679731686,0.00012235758418682963,0.00013746333696633683,0.00012889698805520315
287,0.00013400955715850513,0.00011011085822246968,0.0001371639660436712,0.00012810531900031495
288,0.00014073534642294462,0.00013491553399944678,0.00013614117140597147,0.00012626982904039323
289,0.0001522415253889954,0.00010676758043700829,0.00013603045241389835,0.000126363629673142
290,0.00013290664536826725,0.00010943759756628425,0.00013565534908816009,0.00013013761283364148
291,0.00013293554954644707,0.00011381069954950362,0.00013607242776003355,0.00012957486675586552
292,0.0001338696501463548,0.00011373918765457347,0.00013539972866807753,0.0001264617330394685
293,0.00014111527267636524,0.00022817842138465495,0.00013502777603118578,0.0001269896974088624
294,0.00013321060401115878,0.00010593593615340068,0.00013439851916886657,0.00012584773654816675
295,0.00013565862402578608,0.00010721039259806275,0.0001342366093239333,0.0001257737001986243
296,0.00013732038522397893,0.0001082931668497622,0.00013370136835276047,0.0001249698967207223
297,0.00012997103492832845,0.00014605112432036549,0.00013290802936923382,0.00012394673663657156
298,0.00014079570469524092,0.00010879844281589612,0.00013314757994117426,0.0001242989975144155
299,0.00013865279738739547,0.00010693581047235057,0.0001331329621296997,0.00012568571417359632
300,0.00012544037308543922,0.00011157040862599387,0.00013281112013630467,0.00012545069273328405
301,0.00012716964388447298,0.00012457702192477882,0.0001321591256968936,0.00012461826920043674
302,0.0001292333055041834,0.00022331280575599522,0.00013154422915734662,0.000125345818081405
303,0.00013953532211922315,0.00011277295794570819,0.0001310535771377747,0.00012540812591323627
304,0.0001255910796721259,0.00013201418041717262,0.00013064872356351572,0.00012667431827867405
305,0.00013301455503096803,0.00013008895854000002,0.0001306088219519653,0.00012663466369267556
306,0.0001296554874473562,0.00010883062990615145,0.00012988961509027936,0.00012257760512875392
307,0.00012773176891237703,0.00011455876199761405,0.00013001092226736042,0.00012273488420760258
308,0.00012090735441435957,0.0001008445446495898,0.0001297442692707086,0.00012370142455911263
309,0.00011753371968451473,0.00010271773993736133,0.00013006221340296586,0.00012335682375123723
310,0.00013705702382139863,0.00012364459194941446,0.00012970199799553183,0.00012252219740767033
311,0.00013203172268630523,0.00015702550066635013,0.00012897326803714454,0.0001224074328551069
312,0.00012596350732362933,0.00010423532221466303,0.00012821510796202348,0.0001226194619666785
313,0.00012443548543766763,0.0001141049456782639,0.00012798794025762215,0.00012209258783841507
314,0.0001368691119003213,0.00012495630246121437,0.00012790580240931986,0.0001213416393264197
315,0.00012064034487896909,0.00011099529336206616,0.00012765008568401553,0.00011633916582213719
316,0.00012281421018997207,0.00014546550868544728,0.000127072149155558,0.00011913629998452964
317,0.0001328721098575948,0.00011274782300461084,0.0001272902668117442,0.00011875367955071853
318,0.0001231351011342162,0.00012675195728661492,0.00012672987519634062,0.00011991081571904945
319,0.00013624328343818585,0.00010986791312461719,0.00012672686929711036,0.00012060995420906693
320,0.00012899229910949038,0.00013137390138581395,0.0001262442580359574,0.00012003969479119405
321,0.00014526898853041024,9.967814665287733e-05,0.00012648704121173877,0.00012015182342147454
322,0.00012096564974247788,0.00012518546573119237,0.00012674972091077102,0.00012005600631237031
323,0.00012257745573555844,0.0001059293290018104,0.00012601749559528087,0.00011900206475984305
324,0.00011969879550936943,0.00011223653826164081,0.0001267305820701747,0.00011656203912571071
325,0.00011976118047540594,9.839855541940779e-05,0.0001265289683981488,0.0001162693717633374
326,0.00012511619767691527,0.00010580330912489444,0.000126390454251345,0.00011561263371258973
327,0.00012284038737157566,9.825096814893186e-05,0.00012560765833348136,0.00011525302104419097
328,0.00012508690890778476,0.00018270131200551987,0.00012557634966021093,0.00011539354840060695
329,0.00013104402107678146,0.00012244866957189515,0.0001252570807241783,0.00011346614607609806
330,0.00011900476464587781,0.00015901736274827273,0.00012523194485951938,0.00011586143185850232
331,0.00012958033996660054,0.00012630909215658904,0.0001250497353968159,0.00011483452873071655
332,0.00011566648738355272,0.00010030227655079216,0.00012431041016437423,0.00011435771606629715
333,0.0001269769338088938,0.00010364776040660218,0.00012395219177253444,0.00011294810482067986
334,0.00012410071216032115,0.00010032231220975518,0.0001228554014097123,0.0001128298642928712
335,0.0001187513909341457,9.729605313623325e-05,0.00012240748085379084,0.0001122361309477128
336,0.00014985888455865077,9.602485981304199e-05,0.00012215877150948575,0.0001117712752195075
337,0.00012092316552298144,9.691863815532997e-05,0.00012209588937435505,0.00011111468359595165
338,0.00012097263176757325,9.768649440957234e-05,0.00012172223779877337,0.0001109593176981434
339,0.00011729921395373013,0.00011596598575124518,0.00012123781287745158,0.00011085159020731225
340,0.00011985762804720757,0.00011450847727246582,0.0001206402978064337,0.00011223140414804218
341,0.00011483248678915616,9.728045057272539e-05,0.00012026960822404361,0.00010902411906281486
342,0.00013224371324112224,0.00017262996756471692,0.00012011665807868767,0.00010801191728096452
343,0.00011857986456662831,0.00010107937909197062,0.00011979934933478943,0.00010761984433047472
344,0.00011776015262714483,9.794759651413187e-05,0.00011919781621610228,0.00010632873722352087
345,0.00012003683931349467,9.613362024538219e-05,0.00011904002931809775,0.00010606596858706322
346,0.00011784922945985777,9.672213345766068e-05,0.00011853829700719668,0.00010572790812002494
347,0.00010976763584444092,0.00011034213210223243,0.00011805036641308107,0.00010661675474839285
348,0.00011635972212793098,9.430793579667807e-05,0.00011803590479863083,0.00011025222381576897
349,0.00011812674213110262,9.58217476727441e-05,0.00011689950323909417,0.0001107794740004465
350,0.00011041989108586374,9.451440797420219e-05,0.00011672081661462371,0.00011074495367938654
351,0.00011300557464387061,0.00010311012185411528,0.00011649214394274167,0.0001111745177069679
352,0.0001079025105961288,0.0001327463166671805,0.00011609233655100173,0.00011029549957020209
353,0.00011581966934803252,0.00010251918487483636,0.00011592946884726797,0.00010951582187553868
354,0.00012722026744288288,9.714362502563745e-05,0.00011587523333146238,0.00010986574287526309
355,0.00011107204604842183,0.00014921553898602724,0.00011502201793676556,0.00010680406258907169
356,0.00011454201199942165,9.403141448274254e-05,0.00011481619893262785,0.00010660531973699107
357,0.00011172181493343993,9.37330606393516e-05,0.00011493151247721271,0.00010716570211807265
358,0.00011443362603636666,9.519624873064459e-05,0.0001145211890695565,0.00010789467793656513
359,0.00011190244730743062,0.0001225434779189527,0.00011439475927618332,0.00010769991039996966
360,0.00011838985057288988,0.00018818277982063592,0.0001143341542046983,0.00010764816212467847
361,0.00012144884557023438,0.00010920611442998052,0.00011439724804691246,0.00010878417139174417
362,0.0001164559999112195,9.605563012883067e-05,0.00011452265804788719,0.00011339088283712045
363,0.0001152558149705227,0.00010842559509910643,0.00011487195090869339,0.0001138524050009437
364,0.00010730402916023094,9.399053233209998e-05,0.00011447009963125715,0.0001166986044496298
365,0.00011578593545386361,9.501653490588068e-05,0.00011459115406808754,0.00011551759367575871
366,0.00011347659889401661,0.00010602847556583584,0.0001145099452677338,0.0001160948959295638
367,0.00011091332837370121,9.608796040993184e-05,0.00011368433376709517,0.00011584160238271579
368,0.00011343438946318605,9.611080778995529e-05,0.00011382070920210228,0.00011344704739749431
369,0.00012064299124176615,0.0001119571560411714,0.00011333614436120519,0.00011327323809964582
370,0.0001097787541220896,0.000114358015707694,0.00011307297841930348,0.00011541328966850414
371,0.00011468848462552867,9.185294504277409e-05,0.00011299599572214194,0.00011757110657636075
372,0.00010825250905731486,0.00010904842521995306,0.00011304085687087435,0.00011713877329602837
373,0.0001179370681832855,0.00012270816747331993,0.00011281065211579618,0.00011356222199974581
374,0.00012126199215547078,0.000210989533807151,0.00011240381736295401,0.0001126828612643294
375,0.00011915221260601862,0.00010605246206978336,0.00011203203180209838,0.0001139050192781724
376,0.00010295929270796477,0.0001742651080712676,0.00011193962673941213,0.00011330489999381825
377,0.00011092887151688854,0.00010322104732040316,0.00011200678273000651,0.00011371269291266798
378,0.00011378944933918926,0.00011695174121996388,0.00011189063306665048,0.00011394223032984884
379,0.00010657997992691687,9.081128635443747e-05,0.00011205730031942948,0.00011368431121809408
380,0.0001144814319235997,8.935166435549036e-05,0.00011178645549548996,0.00011670055958675221
381,0.0001024278909769944,8.968618203653023e-05,0.00011213368996654429,0.00011877743324730544
382,0.00010514266638589712,0.00014723434986080975,0.00011212618149972209,0.00011784308499190956
383,0.00011250905860732826,0.0001491416714270599,0.00011180497856176871,0.000117237637960352
384,0.00011302397602574072,0.00011173514591064304,0.00011197379476377844,0.00011703836721135303
385,0.00011263473169593555,9.876899741357193e-05,0.00011188440685380355,0.00011783619575435296
386,0.0001112779767491803,8.72220960445702e-05,0.00011158614296453177,0.00011778628430329263
387,0.00010716136088982845,0.00012660958047490566,0.00011075337122569586,0.00011276906866114588
388,0.00011294568840336675,9.342261299025267e-05,0.00011025531274952098,0.00011394910652888939
389,0.00010898292892509037,0.00010418535530334338,0.00011046165160563155,0.00011336523542413488
390,0.00011288219386996287,0.00010075497033540159,0.00011034596626543338,0.00011389092090539636
391,0.00011764328021349179,9.95804977719672e-05,0.00011036149260924301,0.00011374759646132588
392,0.00010414220777521323,0.00017149416962638497,0.00011123714909060963,0.00011366073137614875
393,0.0001221152512395444,0.00014803264930378645,0.00011073908063246766,0.00011552317769965157
394,0.00012045527957121118,8.859844965627416e-05,0.00011088221055947037,0.00011634705486940222
395,0.00010174868067325507,9.9221839918755e-05,0.00011075782899473174,0.00011401328274514524
396,0.0001189088896757716,8.687117631779984e-05,0.00011011404457256303,0.0001114991180715151
397,0.0001060178113079423,0.00012899413879495115,0.00011019235350540841,0.00011319460616214199
398,0.00011048047095149135,0.00012146038119681179,0.00010964424240907346,0.00011269588714931156
399,0.00010044269868457276,8.555914275348186e-05,0.00010940048801712693,0.00011316585356835272
400,0.00010670075070164683,0.0001355534087633714,0.00010928434237009951,0.00011141896016197277
401,0.00010811776411072868,0.0001596683304524049,0.00010896818261438361,0.00011106297760270533
402,0.00010803673801193427,0.0001163631843519397,0.0001087042026195882,0.00011218173020752144
403,0.00011417760793443045,0.00011336863011820242,0.00010815037285727968,0.00011669492489891125
404,0.00012847139196108198,8.863965922500938e-05,0.00010830703932378028,0.00011634678833652288
405,0.00010202972047005056,0.00013591282244306056,0.00010796488916061612,0.00011285400612978264
406,0.00010600613915206243,0.000110283111280296,0.00010700563273082177,0.00011155090327374636
407,0.00010203312726743105,8.889004675438628e-05,0.00010695155461111832,0.00011152723792474717
408,9.641444805311039e-05,8.628755458630621e-05,0.00010671684221888427,0.0001110059947706759
409,0.00011498169934687514,0.00015412234817631541,0.00010640852795687454,0.00011183403176255526
410,9.89319542875617e-05,8.630102209281176e-05,0.00010638088812540648,0.00011056706983363257
411,0.00010518411695051732,9.897125652059913e-05,0.00010616555113196631,0.0001097380315186456
412,0.00010425771971414279,8.293724531540647e-05,0.00010603151289364581,0.00010986777232028547
413,0.00010504169451046942,8.452304900856689e-05,0.00010640276758705214,0.00010912834770279007
414,0.00010238342905520566,0.0001321541704237461,0.00010608160319356506,0.00010658161486499014
415,9.903644981224918e-05,0.00021358483762014656,0.00010565257602946883,0.00010592166269198061
416,0.00012155994187600703,9.087708371225744e-05,0.00010544512844870849,0.00010515514699509367
417,9.558845369610935e-05,8.417461445787921e-05,0.00010432777683373489,0.00010513226368930192
418,9.813384049468571e-05,0.00011545507790287957,0.00010453317500165818,0.00010295003735227512
419,0.00011910332657862455,8.800681593129411e-05,0.00010409041878592688,0.00010182757439324634
420,9.588087086740416e-05,8.619076106697321e-05,0.00010390263401107706,0.00010336457770317793
421,0.00011120103312552803,0.00010757210111478344,0.00010421986105049856,0.0001031651709927246
422,0.00010532681552124106,9.732009057188407e-05,0.00010342975931804783,0.00010025752936489883
423,0.0001050970461154874,0.00010073442332213745,0.00010327214580514313,0.00010101372534409165
424,9.709174272656026e-05,8.880266279447823e-05,0.00010301696646654615,0.00010226920410059395
425,0.00011598211803680493,0.00011706779332598671,0.00010445467748633946,0.00010237767937360334
426,0.00010008865427355178,9.60000095074065e-05,0.0001041226844875685,0.00010326828281395138
427,9.731105890952879e-05,9.986438002670184e-05,0.00010397958775316106,0.00010129586970433594
428,0.00010899141841542183,9.420573769602925e-05,0.00010372482480727032,9.858959817793221e-05
429,0.0001005376015867417,8.806757658021525e-05,0.00010257596318778166,9.863646399462597e-05
430,0.00010716467466813305,8.135716401739046e-05,0.0001027521107404027,9.855145306792114e-05
431,9.493723375877986e-05,8.222153730457648e-05,0.0001028984231479828,9.728166742715986e-05
432,9.733850789618574e-05,0.00012731512950267643,0.00010194806118638046,9.754526687320323e-05
433,0.00010434512403864775,8.130238682497293e-05,0.00010194138758266086,9.729969635372982e-05
434,9.522915603560655e-05,8.143130748067051e-05,0.00010117568367891684,9.66331403935328e-05
435,9.499161646494434e-05,0.00010520592157263309,0.00010074699527305912,9.58828306174837e-05
436,9.880463348559311e-05,0.00013035822543315588,0.00010060672363065856,9.500887774629518e-05
437,0.00014020049520897576,8.564912714064122e-05,0.00010053057830308615,9.483485614182426e-05
438,9.674186954119553e-05,0.00010678813501726836,9.988971444901027e-05,9.338202528888361e-05
439,9.880601069501912e-05,8.284384268335997e-05,9.976080921252207e-05,9.289747492875906e-05
440,9.266737616498076e-05,0.00014592804946005343,9.960857490109952e-05,9.348603651160374e-05
441,9.283840138879088e-05,9.204872912960127e-05,9.921863709945076e-05,9.4193941866979e-05
442,9.99921425116352e-05,8.204934129025787e-05,9.922150347233078e-05,9.378059959271924e-05
443,0.00010179165068418823,8.371043688384816e-05,9.898812541084933e-05,9.483495501335711e-05
444,9.534427753856613e-05,9.459680208237842e-05,9.918082496248341e-05,9.756253983359784e-05
445,9.571403077441371e-05,8.005149808013811e-05,9.904866148944065e-05,9.603382453788072e-05
446,9.20584355319281e-05,9.09082021098584e-05,9.902222209687655e-05,9.788845494622365e-05
447,9.460960537479776e-05,7.856234617065639e-05,9.89019232882937e-05,9.851991068571805e-05
448,0.00010159025505547309,7.888560154242441e-05,9.879480222815698e-05,9.738877355121074e-05
449,9.518810953725025e-05,8.445212268270552e-05,9.872699634320774e-05,9.522445451002565e-05
450,9.99605216849078e-05,8.074702200246974e-05,9.708951781471517e-05,9.514375703874973e-05
451,9.686602336134658e-05,8.388625050429255e-05,9.695974388386174e-05,9.590524667873977e-05
452,9.350520112396528e-05,0.00011457841959781945,9.665715952578465e-05,9.744351792614907e-05
453,9.924297337420285e-05,0.00011190337158041074,9.769718240390323e-05,9.698477052152155e-05
454,0.00010060926090874192,7.773401972372085e-05,9.801614717774402e-05,9.733557249419391e-05
455,0.00010133022313109702,0.00010771604953333735,9.780815927143622e-05,9.726449629524723e-05
456,9.975472254963177e-05,0.0001504111578105949,9.739377998630515e-05,9.708036377560348e-05
457,9.403442107011668e-05,8.909724710974843e-05,9.704453326606501e-05,9.701208175392822e-05
458,0.0001036841392245454,0.00012766814703354612,9.680942686067687e-05,9.69146321876906e-05
459,9.222168582103525e-05,9.721770096803084e-05,9.683492478410093e-05,9.750069727888333e-05
460,9.23135899615267e-05,7.692749320995063e-05,9.67441396729555e-05,9.966269347351046e-05
461,9.710948636186206e-05,7.625024940352887e-05,9.642753278603777e-05,9.970631343312562e-05
462,9.92635319966616e-05,8.363169035874307e-05,9.604778607156024e-05,9.93515576585196e-05
463,9.349752126985954e-05,0.00012582537601701915,9.56111777612629e-05,9.940255928086119e-05
464,9.124140174309206e-05,0.00012130062386859209,9.542163273436018e-05,9.99634776264429e-05
465,0.00011866794811794534,0.0001344593643443659,9.52340050160678e-05,9.988027029903607e-05
466,0.00010081252073481057,0.00010081877844640985,9.525254037257078e-05,0.00010006283215479926
467,9.479244485393995e-05,8.027243631659076e-05,9.534172503497556e-05,0.00010358228490222245
468,9.143216855591163e-05,7.910712389275432e-05,9.5263811039816e-05,0.0001026246038498357
469,8.66131095325626e-05,9.288975154049695e-05,9.479026485738967e-05,9.97297834022902e-05
470,8.983637063970996e-05,7.761525892419741e-05,9.452948421369204e-05,9.90742982598022e-05
471,9.269588361752944e-05,0.00010555982938967645,9.404472825117411e-05,9.74033568054438e-05
472,9.23399775961621e-05,0.00013261225103633478,9.426980439036722e-05,9.663107946980746e-05
473,9.367508288252995e-05,7.997610053280369e-05,9.409398138167389e-05,9.77651795372367e-05
474,8.569444167531199e-05,7.558322831755505e-05,9.413402724862357e-05,9.818538943072783e-05
475,8.904531392747433e-05,8.202206256100908e-05,9.367742118613225e-05,9.85255902982317e-05
476,9.212739768877832e-05,9.790920914383605e-05,9.345540508802515e-05,9.650840549729765e-05
477,8.88145081666557e-05,0.00011249823641264812,9.355845456787697e-05,9.501841999590397e-05
478,9.970635728677735e-05,0.00011646741797449067,9.251565895715936e-05,9.26197194843553e-05
479,0.00010283887746886143,0.00016572033840930089,9.220779980920878e-05,9.211738909361884e-05
480,9.938237325210745e-05,8.377402322366834e-05,9.178392761128231e-05,9.247248137835415e-05
481,8.791606798897394e-05,7.804064662195743e-05,9.193976750086426e-05,9.315904036629945e-05
482,8.751490497767615e-05,7.27101185475476e-05,9.209796413229521e-05,9.234361456474289e-05
483,9.15652401615969e-05,8.589461067458615e-05,9.1942030681336e-05,9.396804663119838e-05
484,9.784858930086355e-05,7.791076757712289e-05,9.240066040042117e-05,9.314947302918883e-05
485,8.791801474419319e-05,0.00010527999489568174,9.225843721295761e-05,9.077185508795083e-05
486,9.811063303560433e-05,8.675549674080685e-05,9.20715341690488e-05,9.290324054891243e-05
487,8.784838043437857e-05,9.21367120463401e-05,9.244401339512682e-05,9.282627266366034e-05
488,8.794711881718185e-05,7.5395755993668e-05,9.20376880589174e-05,9.381027609342708e-05
489,9.38176387393873e-05,8.405098633375019e-05,9.214027565418898e-05,9.346877059433608e-05
490,9.259805785000531e-05,7.449185155564919e-05,9.209068975598915e-05,9.215717604383824e-05
491,9.311604203604575e-05,8.826051867799834e-05,9.165300374960578e-05,9.090135261649265e-05
492,8.419563990577849e-05,8.914974343497306e-05,9.095218497451343e-05,8.73008660855703e-05
493,9.532816579546004e-05,9.627109859138727e-05,9.04679211726438e-05,8.80152591620572e-05
494,9.056802531833657e-05,7.2504106501583e-05,9.018782106803783e-05,8.813548018224536e-05
495,8.593803436572973e-05,0.00011822606058558448,9.00218340707296e-05,8.873695435468107e-05
496,0.00010416162659465853,8.509548933943734e-05,8.969751886518982e-05,8.819813801674171e-05
497,8.878439790957296e-05,7.317180250538514e-05,8.897936918494653e-05,8.856001993408427e-05
498,8.900250678481016e-05,0.00013326073705684392,8.875658912099122e-05,8.780412927735597e-05
499,9.500642232726225e-05,7.365903118625283e-05,8.868575155275823e-05,8.747353703947738e-05
500,7.888718052223946e-05,0.00010662214830517769,8.866350478589691e-05,8.662708168849348e-05
501,9.469208757056752e-05,8.937157166656106e-05,8.842904558308268e-05,8.665342809399589e-05
502,8.757486071165962e-05,7.970837265020237e-05,8.810498640587967e-05,8.610001514898613e-05
503,8.87642071271936e-05,8.507183229085058e-05,8.798399416910899e-05,8.617233040276914e-05
504,8.531840809155256e-05,7.570817513624206e-05,8.781283628971628e-05,8.728166287764906e-05
505,8.72757782053668e-05,0.00010163385013584048,8.799581831101225e-05,8.797156076179816e-05
506,8.091356537382428e-05,8.104617212666199e-05,8.745241722240787e-05,8.692013904219493e-05
507,8.33652300449709e-05,8.774697285844012e-05,8.704373621504703e-05,8.708915426395833e-05
508,8.345736002310231e-05,7.242420222610236e-05,8.701571850849885e-05,8.654761414509265e-05
509,7.989484729478135e-05,8.695781551068649e-05,8.611657859647596e-05,8.642090308712795e-05
510,8.234851314531018e-05,8.638272847747431e-05,8.576584402051394e-05,8.71857965248637e-05
511,9.633969382977941e-05,7.849069079384208e-05,8.57529437127394e-05,8.46403886913322e-05
512,8.729221126284553e-05,7.097532827174291e-05,8.560694781125576e-05,8.472800210583956e-05
513,8.208563874682618e-05,7.60544161312282e-05,8.573328164994665e-05,8.321561039192602e-05
514,8.571615930931229e-05,7.021566270850598e-05,8.52776884790122e-05,8.32630940945819e-05
515,8.957325193073808e-05,7.629973290022462e-05,8.529853108759401e-05,8.324353810166941e-05
516,8.883709505122776e-05,0.00011599383054999634,8.485067703133811e-05,8.278517018770799e-05
517,8.877019043817806e-05,0.00010639719053870067,8.47258908095278e-05,8.484262858983131e-05
518,8.17431385803502e-05,6.998555560130626e-05,8.456797890798446e-05,8.781445187050851e-05
519,8.035100013431575e-05,7.672948704566807e-05,8.472000852699339e-05,8.7325718998909e-05
520,8.523759170202539e-05,0.00010468755761394277,8.455773695119812e-05,8.646970914560372e-05
521,8.168312879408606e-05,8.192771289031952e-05,8.457755659086008e-05,8.635283597395755e-05
522,8.001603351052229e-05,9.229413844877855e-05,8.451363483586142e-05,8.549780861358158e-05
523,8.867999909044657e-05,6.962554121855646e-05,8.482152953123054e-05,8.532440482522361e-05
524,9.135652479017153e-05,7.584936654893682e-05,8.441679637051291e-05,8.569697422790342e-05
525,8.204552648951196e-05,6.881235545733943e-05,8.399386393397839e-05,8.56201138580218e-05
526,8.330225829720601e-05,9.05586642329581e-05,8.387863972392451e-05,8.567155629862102e-05
527,8.809592592620497e-05,7.921947282738983e-05,8.379112314626886e-05,8.602684756624514e-05
528,7.756785572079632e-05,7.361263444181531e-05,8.358441947040976e-05,8.633905435563067e-05
529,8.219875254629491e-05,0.00012714463518932463,8.341789708291697e-05,8.46638510527555e-05
530,8.332798066678353e-05,0.00017592943215277045,8.31955131272682e-05,8.344102891278454e-05
531,8.471430584904737e-05,6.88278503366746e-05,8.391486564198406e-05,8.412350345752203e-05
532,7.930844065008892e-05,6.634672652580775e-05,8.369764345342346e-05,8.379794882494025e-05
533,8.395285101465157e-05,6.950237293494866e-05,8.32065374237977e-05,8.266384914168156e-05
534,7.829680341981455e-05,6.558213150128722e-05,8.323701119095658e-05,8.418888064916244e-05
535,9.0045880529538e-05,8.204763376852497e-05,8.330787851365233e-05,8.382356565562075e-05
536,8.622136481183891e-05,8.78049258608371e-05,8.31383271191347e-05,8.36978002625983e-05
537,7.671890034948269e-05,6.905381902470253e-05,8.274498323088566e-05,8.363577492418697e-05
538,7.920503349547896e-05,7.734047714620829e-05,8.246022057363816e-05,8.409582351450809e-05
539,8.352824486792088e-05,7.90979443991091e-05,8.250542598511353e-05,8.350658141425811e-05
540,8.440566003426081e-05,8.410490263486282e-05,8.201397117389005e-05,8.334007297526117e-05
541,8.467403536390824e-05,7.411374797811732e-05,8.202690012759478e-05,8.295201709843243e-05
542,8.32105915469583e-05,7.582663703942672e-05,8.190229478156349e-05,8.347572429920549e-05
543,9.972695144824684e-05,8.704741921974345e-05,8.157389027862033e-05,7.941808872274123e-05
544,7.49204454203007e-05,6.85906212311238e-05,8.142916881317635e-05,7.938264815020376e-05
545,7.2959940961381e-05,7.63350655324757e-05,8.150309661448571e-05,7.922785637783818e-05
546,8.244497297305821e-05,0.00012005350057734177,8.138763229718381e-05,7.909157502581366e-05
547,8.17877165779161e-05,8.316126361023634e-05,8.140734649269791e-05,7.899916225578636e-05
548,8.444121422750565e-05,6.648140639299527e-05,8.091702029374171e-05,7.911486536031588e-05
549,8.15229275839455e-05,7.429873308865353e-05,8.038350470305887e-05,7.806007111212237e-05
550,7.492646005832487e-05,8.031357021536677e-05,8.157636723642807e-05,7.784463786520062e-05
551,8.443239358408997e-05,7.582761172670871e-05,8.124782609229443e-05,7.755260686972177e-05
552,7.580955564561817e-05,7.505676185246558e-05,8.068896549229975e-05,7.705752757028678e-05
553,7.789107956341468e-05,6.391123752109706e-05,8.01392368994938e-05,7.621472253231333e-05
554,7.90836188955129e-05,0.00014023731520865112,7.95983181590499e-05,7.66794628580101e-05
555,7.511786809320459e-05,7.448854274116456e-05,7.917197819947938e-05,7.676647090120243e-05
556,8.109626921294775e-05,6.794183602323756e-05,7.807617510326156e-05,7.721834554104136e-05
557,8.115663568282293e-05,6.24769322166685e-05,7.799859520746396e-05,7.699720908422023e-05
558,8.106624308210384e-05,6.609533913433552e-05,7.82853932081101e-05,7.701420837547629e-05
559,7.8789658307667e-05,6.327181225060485e-05,7.807108413932535e-05,7.489849278936162e-05
560,7.778772555563289e-05,8.494021138176322e-05,7.805241106090965e-05,7.40719803085085e-05
561,7.28834750447681e-05,6.143506965599954e-05,7.768864564131947e-05,7.598898886353708e-05
562,0.00010654046368371281,6.366798785165883e-05,7.726584840889297e-05,7.547797100851312e-05
563,7.099150489213773e-05,7.003970225923695e-05,7.743719568890003e-05,7.487907194299622e-05
564,6.955672986805439e-05,6.672096191323362e-05,7.697182360441528e-05,7.439467415679246e-05
565,7.066244521411135e-05,6.30347766855266e-05,7.694128876513181e-05,7.405467829084955e-05
566,7.11510668528111e-05,8.573225612053648e-05,7.67791090416722e-05,7.393701627734116e-05
567,7.255209255769539e-05,7.800183811923489e-05,7.649190024045915e-05,7.0685629802756e-05
568,7.233187404280114e-05,9.834428521571681e-05,7.659572347377737e-05,7.13413277408108e-05
569,7.29809480253607e-05,6.306220981059595e-05,7.662748393033528e-05,7.153937818948179e-05
570,8.012989097753436e-05,7.676004781387747e-05,7.646397339154242e-05,7.285292612505143e-05
571,7.708724625343975e-05,6.71606109244749e-05,7.615286130975519e-05,7.564254108001476e-05
572,8.132088961752338e-05,6.24984515889082e-05,7.584263226276058e-05,7.544881619978696e-05
573,7.534707873775107e-05,0.00011440662026870996,7.551062573458895e-05,7.517102650599555e-05
574,7.09529967732831e-05,6.152328671305441e-05,7.577843761084497e-05,7.513023397768848e-05
575,7.921014205850143e-05,6.534109357744455e-05,7.459276243138851e-05,7.525977189070545e-05
576,7.279809147197132e-05,6.371766707161442e-05,7.451128203538245e-05,7.606463057454677e-05
577,7.504618466353147e-05,6.655686520389281e-05,7.466657357937137e-05,7.581587632885205e-05
578,7.383658647692452e-05,6.096968718338758e-05,7.491552175811697e-05,7.55873628833797e-05
579,7.190339886518713e-05,5.895265334402211e-05,7.473935253413705e-05,7.498641488491558e-05
580,7.77134489261597e-05,9.088099119253457e-05,7.4646593132315e-05,7.459570145583711e-05
581,8.189028062689531e-05,7.289309724001214e-05,7.462388429202191e-05,7.365107955993152e-05
582,7.706887221300146e-05,9.531563060590997e-05,7.448743170987453e-05,7.435606557992287e-05
583,7.328844103742287e-05,0.00013583571300841867,7.456464593770863e-05,7.360455573070795e-05
584,7.103393213280166e-05,5.8428690244909376e-05,7.442648854953912e-05,7.36189030809328e-05
585,6.94875623513427e-05,7.799546903697774e-05,7.38286065322528e-05,7.339712103712374e-05
586,7.957877195116857e-05,6.041525644832291e-05,7.362091774444304e-05,7.137211820227095e-05
587,7.68985841973012e-05,6.690643567708321e-05,7.344282086705789e-05,7.266925565199928e-05
588,6.895449499198649e-05,9.016116935526952e-05,7.314605008319227e-05,7.229619110003114e-05
589,7.343901846777752e-05,6.050210577086545e-05,7.308559473539289e-05,7.216700366698207e-05
590,7.688614968275134e-05,5.732194054871797e-05,7.299510857038614e-05,7.187751433812084e-05
591,6.674683625331252e-05,7.07085561589338e-05,7.259829933496399e-05,7.25762433372438e-05
592,7.023310751214417e-05,6.82340023922734e-05,7.272332858281314e-05,7.248783725081013e-05
593,7.176415303547401e-05,7.47287378180772e-05,7.263963642116222e-05,7.121437352616341e-05
594,6.956963347167605e-05,8.068686031037942e-05,7.199389389328037e-05,7.053751316270792e-05
595,8.206024667338675e-05,5.7972301583504304e-05,7.163460903878632e-05,6.908922921866178e-05
596,7.36333115492016e-05,6.75192946800962e-05,7.13348696415778e-05,6.609056357992813e-05
597,6.63738391853662e-05,5.6953900493681434e-05,7.126011577978109e-05,6.662802646169437e-05
598,7.015485904250656e-05,6.378154939739034e-05,7.130406791499505e-05,6.575971820275297e-05
599,6.650057483865465e-05,9.395172295626253e-05,7.070051555702876e-05,6.564835358876733e-05
600,7.1790872461861e-05,5.601447977824137e-05,7.043952688044454e-05,6.537907547899522e-05
601,7.128670777698669e-05,6.0487981245387344e-05,7.030274790659961e-05,6.434977751341649e-05
602,7.278403053836276e-05,5.9319631982361895e-05,7.002352186698569e-05,6.535722247790545e-05
603,6.391635559137083e-05,7.843791216146201e-05,6.967314493829487e-05,6.543495360529051e-05
604,7.502913006141574e-05,5.674250118318014e-05,6.975690775046434e-05,6.52849056525156e-05
605,7.562114488488684e-05,5.9044398076366635e-05,6.958538442850111e-05,6.525078788399696e-05
606,6.574671742984922e-05,5.597158815362491e-05,6.961301713955537e-05,6.452915244153702e-05
607,6.808675085065059e-05,5.9108532004756855e-05,6.922899699841058e-05,6.39418299717363e-05
608,6.579495610720995e-05,6.0869072040077296e-05,6.862074201667889e-05,6.440880761947483e-05
609,6.916508558788337e-05,7.186526228906586e-05,6.839889567798107e-05,6.398973835748621e-05
610,7.058636573169174e-05,5.628776256344281e-05,6.840351055337427e-05,6.383351167314686e-05
611,6.448996300201138e-05,5.7631141098681835e-05,6.828175875610517e-05,6.38803930603899e-05
612,7.037386728269565e-05,6.017448293277994e-05,6.869330036214606e-05,6.32959495880641e-05
613,6.553502064586307e-05,6.442872021580116e-05,6.833133433635036e-05,6.33419265563134e-05
614,6.645836747742983e-05,8.568822988308967e-05,6.791517984982217e-05,6.31799540889915e-05
615,6.812672646548082e-05,5.9265218733344225e-05,6.75158391308893e-05,6.306884701480157e-05
616,6.884090655754942e-05,6.695735733956098e-05,6.754878535252323e-05,6.212976031238213e-05
617,6.594502446306353e-05,6.738105817930772e-05,6.710617764587774e-05,6.206888311426154e-05
618,7.245497081183001e-05,5.668785175657831e-05,6.653114830939255e-05,6.387628253432922e-05
619,5.996912994305603e-05,6.600379856536165e-05,6.651235830536785e-05,6.384425849537365e-05
620,6.685387213009462e-05,6.964674277696758e-05,6.612387080515165e-05,6.353219739394262e-05
621,6.80871530817563e-05,5.7042563130380584e-05,6.623458377919936e-05,6.320412798668257e-05
622,6.648921107019608e-05,5.3048233385197816e-05,6.601868133584503e-05,6.241049038362689e-05
623,6.71110641107791e-05,6.495358407846651e-05,6.550562881683517e-05,6.247085838695055e-05
624,7.678911498967662e-05,7.934063614811748e-05,6.541843693186012e-05,6.335595484706572e-05
625,6.27417218169689e-05,5.7163903984474016e-05,6.53036499939238e-05,6.318377077113837e-05
626,6.0882845613782085e-05,5.643866956233978e-05,6.532041445542644e-05,6.263235724763944e-05
627,6.280051256504117e-05,5.6541955127613617e-05,6.516276923680885e-05,6.148276729509235e-05
628,6.474001113221877e-05,5.4960744600975884e-05,6.488630232504673e-05,6.235979574266821e-05
629,6.396393739527815e-05,5.522057123016566e-05,6.472113020394723e-05,6.399829386500642e-05
630,6.124541147275725e-05,0.00010422938357805833,6.461053974635433e-05,6.399658313021064e-05
631,6.527696732923181e-05,5.517098717973568e-05,6.396470783737541e-05,6.374335613218136e-05
632,5.837456334524581e-05,5.130700446898118e-05,6.387208243929006e-05,6.501905401819387e-05
633,6.856278045840251e-05,5.2667336858576165e-05,6.381812680111681e-05,6.445324973901734e-05
634,6.376752450402516e-05,5.2024322212673726e-05,6.380124229148757e-05,6.492139623151161e-05
635,5.776005275644517e-05,5.7796962646534663e-05,6.3573232118506e-05,6.575580525095576e-05
636,6.231016587763508e-05,7.975855260156095e-05,6.367345109012806e-05,6.514824952464551e-05
637,6.750419383428784e-05,5.5869881034595895e-05,6.301733761081577e-05,6.409026143955999e-05
638,6.595413218342906e-05,5.064338212832809e-05,6.294041372829169e-05,6.375006974558347e-05
639,6.251723701198999e-05,5.694848106941208e-05,6.274422968401471e-05,6.387190422974528e-05
640,6.12150536714277e-05,8.11909299227409e-05,6.24870396419687e-05,6.380162029527128e-05
641,6.471160353006174e-05,0.00010791981039801613,6.237765335277396e-05,6.424161448958329e-05
642,6.318026302324143e-05,6.733828980941325e-05,6.243050492776092e-05,6.440937479492277e-05
643,5.6309173087356614e-05,5.035717680584639e-05,6.241218674468757e-05,6.330015944549813e-05
644,5.7653494990922306e-05,9.789624571567402e-05,6.200594487114965e-05,6.346548276487737e-05
645,6.550498117576354e-05,5.550163579755463e-05,6.199135439981345e-05,6.34037066833116e-05
646,6.76650403410248e-05,6.874622544273734e-05,6.153217556582402e-05,6.359655542764813e-05
647,6.078895674565703e-05,7.390845887130127e-05,6.140826175461472e-05,6.345654828473925e-05
648,6.961653840133093e-05,4.9764690920710564e-05,6.146717592944495e-05,6.30568366148509e-05
649,6.038627800686906e-05,5.289093402097933e-05,6.119441420693572e-05,6.276545672444627e-05
650,6.081862475386717e-05,4.865911163506098e-05,6.0957118820968194e-05,6.364964545937254e-05
651,5.597824450685746e-05,5.948453166638501e-05,6.0416704639404394e-05,6.48519595270045e-05
652,5.6370761513891114e-05,5.478485676576383e-05,6.0344022134086126e-05,6.558029621373862e-05
653,6.200535390235017e-05,6.596059945877641e-05,6.0028093237067686e-05,6.437874372932128e-05
654,6.528522676995231e-05,5.941457886365242e-05,5.9469800326365255e-05,6.275973640731538e-05
655,6.078745689592324e-05,7.649899984244258e-05,5.915581211383041e-05,6.205944130197167e-05
656,5.512092049078395e-05,5.930407016421668e-05,5.9150841733854683e-05,6.212091276538558e-05
657,5.8009801561840705e-05,4.976260242983699e-05,5.897739646089678e-05,6.0062547377310696e-05
658,5.7083309608666845e-05,5.748855546698906e-05,5.843788048821605e-05,5.9632825053995475e-05
659,6.0669679223792626e-05,4.852414363995194e-05,5.830182600895771e-05,5.874895661836489e-05
660,5.9232907127200936e-05,4.780417089932598e-05,5.798097868618141e-05,5.811915076919831e-05
661,5.549112281490428e-05,7.247405534144491e-05,5.758850818221819e-05,5.801198981353081e-05
662,6.157180918509969e-05,7.797459940775297e-05,5.738768506853375e-05,5.766915902495383e-05
663,5.244377764433415e-05,8.070123381912708e-05,5.705944325600285e-05,5.762369799776933e-05
664,6.070017437903314e-05,7.515689823776483e-05,5.737083476851694e-05,5.71207005996257e-05
665,5.331683124596667e-05,5.115211781230755e-05,5.703177386959497e-05,5.669572367332875e-05
666,5.075428076250116e-05,6.744462734786794e-05,5.6564936104243514e-05,5.591470736544579e-05
667,5.5330557709870236e-05,4.983091217582114e-05,5.6288550700668966e-05,5.533568200771696e-05
668,5.6184913587963414e-05,5.189396339119412e-05,5.603714914856633e-05,5.4322302358923475e-05
669,5.3317363166974654e-05,4.643711101380177e-05,5.585265824370758e-05,5.371206433046609e-05
670,5.201708185874546e-05,4.4758577714674175e-05,5.569269815233484e-05,5.346263641840778e-05
671,6.426367835956625e-05,4.664951455197297e-05,5.530199363808302e-05,5.2976640406996004e-05
672,5.276777367624972e-05,5.816331264213659e-05,5.533718923139127e-05,5.548498771386221e-05
673,5.9804775802250436e-05,4.708566702902317e-05,5.512708974581781e-05,5.5356320808641604e-05
674,5.5365700164758084e-05,4.432016430655494e-05,5.49911185044847e-05,5.419395990902558e-05
675,5.261257944059455e-05,4.752258595544845e-05,5.449030454522774e-05,5.316775275277905e-05
676,6.376303231970977e-05,4.6909596712794154e-05,5.444721086435795e-05,5.1615202223183585e-05
677,4.789423904084187e-05,4.41604336083401e-05,5.397699706793193e-05,5.028175297193229e-05
678,5.0334409768563796e-05,4.64351917617023e-05,5.387589312966964e-05,4.9961735523538666e-05
679,5.8375591680588614e-05,4.493894492043182e-05,5.380831502487934e-05,4.993841999676079e-05
680,5.450241809335744e-05,5.116450862260535e-05,5.370692781580146e-05,4.983609235496261e-05
681,5.050864786931521e-05,4.404811945278198e-05,5.3485909763710676e-05,4.9629040173022077e-05
682,5.4010799277522083e-05,4.352690462837927e-05,5.3821571574210086e-05,4.987318978528492e-05
683,4.731569675237147e-05,4.533865518169478e-05,5.3693277484207e-05,4.9784579646075146e-05
684,6.154956905649872e-05,0.00011123282631160692,5.316958827283493e-05,5.124434886965901e-05
685,5.398041998786438e-05,4.458749826881103e-05,5.307224198639032e-05,5.052240812801756e-05
686,5.209184178157658e-05,4.3415032851044086e-05,5.257109240176054e-05,5.031967140967027e-05
687,4.905146020367586e-05,5.231942050158978e-05,5.218047432944231e-05,5.049609408015386e-05
688,5.1366435622589456e-05,4.188747057924047e-05,5.207949877076317e-05,5.1058948843274274e-05
689,4.894482946838252e-05,4.1820666956482456e-05,5.1676003411153546e-05,5.127217987901532e-05
690,5.078923278940945e-05,4.315168160246685e-05,5.1629743212834005e-05,5.1264653017278776e-05
691,4.906482814274366e-05,6.686173917842098e-05,5.160824257246632e-05,5.1224832877051096e-05
692,5.279587748292316e-05,4.727272113086656e-05,5.116698637268402e-05,5.105139923398384e-05
693,5.065946228569374e-05,4.671765884268097e-05,5.0799912399896934e-05,5.068005881039426e-05
694,6.170890842945987e-05,5.2540851320372895e-05,5.0661439899704426e-05,5.0822177249938253e-05
695,4.880972960866832e-05,4.2543324234429747e-05,5.036131960837843e-05,5.099725736072287e-05
696,5.117144807526428e-05,8.314374514156953e-05,5.02304105783373e-05,5.14123167085927e-05
697,5.0334116515134356e-05,4.011479410110042e-05,4.9819311191418424e-05,4.8750923323677856e-05
698,4.727603618650594e-05,4.201724907034077e-05,4.9507480075569933e-05,4.8518725897883996e-05
699,4.5600248356802494e-05,4.873073106864467e-05,4.933393489886334e-05,4.8583188944030546e-05
700,5.0088190473616126e-05,6.159395503345877e-05,4.9246370713485194e-05,4.861782139050773e-05
701,5.367564832946907e-05,5.2240372606320304e-05,4.919218260135192e-05,4.8470712773269045e-05
702,4.673773408285342e-05,4.3972262064926324e-05,4.929103875700903e-05,4.9657571234274654e-05
703,4.979689375937192e-05,4.5439688256010415e-05,4.96866222441895e-05,5.0099765608319996e-05
704,4.734418668603111e-05,4.060310384375043e-05,4.947351120063104e-05,4.9151843471918244e-05
705,4.5325568773680264e-05,4.1880998032866046e-05,4.907392463582154e-05,4.8741029098164294e-05
706,4.704683536450223e-05,4.760108044138178e-05,4.887542208566124e-05,4.9320371920475735e-05
707,4.650779199437238e-05,4.7903907397994774e-05,4.8188710322008576e-05,4.868537880247459e-05
708,4.404297100134297e-05,5.5715138878440484e-05,4.808831843773886e-05,4.8427982302382585e-05
709,5.127208438352682e-05,4.4697991688735784e-05,4.7843558230670174e-05,4.668858902878129e-05
710,4.618464209165217e-05,3.8782562623964625e-05,4.763001091907629e-05,4.670744877075777e-05
711,4.77532123639119e-05,4.5026609004708004e-05,4.771987394423275e-05,4.704129518941045e-05
712,4.686235556922232e-05,5.318523166351952e-05,4.7745644751962064e-05,4.678178256726824e-05
713,5.00117328192573e-05,3.820975514827296e-05,4.747252926592611e-05,4.575129798031412e-05
714,5.141623335981017e-05,7.149212848162279e-05,4.702961707759338e-05,4.575486607500351e-05
715,6.067881996892134e-05,5.420654095360078e-05,4.6873590919292634e-05,4.5436403743224214e-05
716,4.373705205378226e-05,4.3163685768377035e-05,4.665769162109225e-05,4.530968901817686e-05
717,4.280621336268572e-05,3.7002361787017434e-05,4.663220369063007e-05,4.570455201319419e-05
718,4.56968985316861e-05,6.120122940046713e-05,4.6611506494163117e-05,4.550757792894729e-05
719,4.4541114338143316e-05,3.666602337034419e-05,4.635659929384322e-05,4.500128017389216e-05
720,4.629993250192557e-05,3.6108411732129755e-05,4.6367547558555895e-05,4.458266498986632e-05
721,4.505244289854697e-05,3.9658913301536814e-05,4.6256042687067144e-05,4.4334174098912634e-05
722,4.499543372528731e-05,4.0586287650512534e-05,4.580576568938947e-05,4.4658689183415853e-05
723,4.95226118154177e-05,5.0363409536657854e-05,4.5527165353996676e-05,4.4530987855978315e-05
724,4.6244518550035234e-05,4.2242915515089405e-05,4.542609009561906e-05,4.414515286334791e-05
725,4.326030332271734e-05,3.5831840359605846e-05,4.5627369649203806e-05,4.3472152919275685e-05
726,4.2602843621150696e-05,5.232957497355528e-05,4.5300804613442676e-05,4.392385950777679e-05
727,4.2837080125334776e-05,3.60107037704438e-05,4.503216746864685e-05,4.254129334585741e-05
728,4.439941130436233e-05,4.227182012982666e-05,4.412978736412091e-05,4.1986637742957104e-05
729,4.670698842447665e-05,5.047467871918343e-05,4.392352808596721e-05,4.177811843110248e-05
730,4.480813886200647e-05,3.6956645926693456e-05,4.369542447934186e-05,4.1967016767011946e-05
731,4.067415535650475e-05,3.494363656500354e-05,4.359788110725478e-05,4.248858289211057e-05
732,4.6781498612189255e-05,3.74385277973488e-05,4.374425572782962e-05,4.336241375422105e-05
733,4.125534921412408e-05,4.950286660459824e-05,4.337749350880687e-05,4.337461772956886e-05
734,4.001515944158503e-05,5.281086880131625e-05,4.310400068352465e-05,4.362596386345104e-05
735,3.921963370683241e-05,3.559002943802625e-05,4.30180560529051e-05,4.3587823069537996e-05
736,4.522633090447117e-05,3.538073418894783e-05,4.252323572420412e-05,4.2891325446544225e-05
737,5.189434440884118e-05,3.63602330617141e-05,4.219652040693392e-05,4.2548878831439655e-05
738,4.184760692522913e-05,4.950241986080073e-05,4.210907007056651e-05,4.2389535901020287e-05
739,4.4700304739914525e-05,3.6927974433638157e-05,4.2129889013206905e-05,4.18432107049739e-05
740,3.811931735577269e-05,4.0340150881092996e-05,4.188977715902083e-05,4.173870220547543e-05
741,3.858057009994001e-05,3.795070297201164e-05,4.159590018098243e-05,4.169643183704466e-05
742,3.71036231970518e-05,4.172482018475421e-05,4.119774899429306e-05,4.148739380179905e-05
743,4.325831422950917e-05,7.424038252793253e-05,4.087213283459682e-05,4.1569295921362936e-05
744,4.8200479852514236e-05,5.851179492310621e-05,4.068366720764768e-05,4.148599216714502e-05
745,3.7130877026356756e-05,3.6413511115824806e-05,4.032634130546486e-05,4.1330980372731576e-05
746,3.821512226649146e-05,4.594256664859131e-05,4.0177585557588215e-05,4.055852690944448e-05
747,4.28468179597985e-05,3.963276780268643e-05,4.004778697611375e-05,4.0702367539051925e-05
748,3.715210359789328e-05,3.295096896181349e-05,4.003065423183013e-05,4.051463395589963e-05
749,3.8076635618280204e-05,3.368175013747532e-05,3.988652338949678e-05,4.033935250190553e-05
750,4.107404491353211e-05,3.1848267099121585e-05,3.934020482783024e-05,4.033984602720011e-05
751,4.312331718716046e-05,3.867144507239573e-05,3.911459869947672e-05,4.0140999431605446e-05
752,3.683428377068291e-05,3.339799128298182e-05,3.888448332323201e-05,3.9937931569875216e-05
753,3.705248685340242e-05,4.121506091905758e-05,3.887268831717342e-05,3.957949203904718e-05
754,3.675320875724234e-05,4.524872783804312e-05,3.869848330100972e-05,3.928010429081042e-05
755,3.666773486960058e-05,3.900419891579077e-05,3.859415010811062e-05,3.906110105745029e-05
756,3.59625146827764e-05,3.286104270955548e-05,3.819744020988259e-05,3.729163980460726e-05
757,3.7848351057618855e-05,3.35632329370128e-05,3.775632621238602e-05,3.715305596124381e-05
758,3.753645551720789e-05,3.019153002242092e-05,3.7736025971470437e-05,3.692579766793642e-05
759,3.6770194904723514e-05,5.640688454150222e-05,3.772596603230339e-05,3.6208013343275516e-05
760,3.8791315099741846e-05,3.0896689859218894e-05,3.7633394546153585e-05,3.6024206219008184e-05
761,4.162305984613744e-05,3.0998697839095256e-05,3.740467840026314e-05,3.595574087812565e-05
762,3.823638036717764e-05,3.6372571194078774e-05,3.722618560083599e-05,3.623502640693914e-05
763,3.620745371639108e-05,4.453125497093424e-05,3.695696320420313e-05,3.7030421578674574e-05
764,3.89474203337967e-05,3.185127789038233e-05,3.661480665953908e-05,3.663550067867619e-05
765,3.782444220430787e-05,3.137916261039208e-05,3.665223227467828e-05,3.708681510179304e-05
766,3.422544469584763e-05,3.0466009266092443e-05,3.6574372059840245e-05,3.682183269120287e-05
767,3.449529337457433e-05,3.6249739350751044e-05,3.66636468964215e-05,3.625756073452066e-05
768,3.3340566773808356e-05,3.000385120685678e-05,3.664809397305363e-05,3.704999225155916e-05
769,3.717262991510021e-05,5.504719883901999e-05,3.657460619805433e-05,3.688068574410864e-05
770,3.662337100346728e-05,3.073205378314014e-05,3.644818993343507e-05,3.6625926813576375e-05
771,3.7963623787315254e-05,2.799795853206888e-05,3.6164958979740434e-05,3.776749560784084e-05
772,4.053253080605322e-05,3.5037589696003125e-05,3.6066142494544494e-05,3.685359838709701e-05
773,3.1434199950631916e-05,3.1239335439749996e-05,3.579280587501772e-05,3.7603296581073664e-05
774,3.3614315632601375e-05,4.066388835781254e-05,3.538547425058721e-05,3.7491445994237436e-05
775,3.4343484997710524e-05,5.173314639250748e-05,3.5021343543646956e-05,3.734922045259736e-05
776,3.456940357055929e-05,2.879842257243581e-05,3.48673682785981e-05,3.715905995341018e-05
777,3.776992414916296e-05,4.46808518609032e-05,3.478779102863175e-05,3.739256304688751e-05
778,3.5105981482451576e-05,3.459050065430347e-05,3.444430578124917e-05,3.727121700940187e-05
779,3.898507967177365e-05,3.1141928920987994e-05,3.423136744531803e-05,3.766839897725731e-05
780,3.627891178540368e-05,5.881498684175313e-05,3.418515990811607e-05,3.7499331601429734e-05
781,3.4125320307794024e-05,2.8628380023292265e-05,3.4016137447583284e-05,3.7438640781329015e-05
782,3.468794444213725e-05,2.7194259673706255e-05,3.3733901110827e-05,3.650404024810996e-05
783,3.04556816748421e-05,5.873074987903237e-05,3.380782416530161e-05,3.646925608918536e-05
784,3.4299782774825066e-05,3.355945402290672e-05,3.356409961124882e-05,3.643025228811893e-05
785,3.195789961157263e-05,4.963914470863528e-05,3.311288428732142e-05,3.654541706491727e-05
786,3.1439769235374923e-05,2.82024331681896e-05,3.301571749260701e-05,3.654510830237996e-05
787,2.9133112693671137e-05,3.2816932653076946e-05,3.304231984269185e-05,3.591730979387649e-05
788,3.235807209016962e-05,3.9777242491254584e-05,3.2956725293964456e-05,3.5793631459819154e-05
789,3.695798908463783e-05,3.76888552273158e-05,3.281443047485987e-05,3.605209043598734e-05
790,2.9237311019743276e-05,2.8345511673251167e-05,3.2733684677643594e-05,3.6336600827053195e-05
791,2.8901986297569238e-05,4.039555846247822e-05,3.2410554575876124e-05,3.626476835634094e-05
792,3.334010494452539e-05,3.2023054955061526e-05,3.1991373279662286e-05,3.599527589394711e-05
793,2.911500526048864e-05,2.8486580704338848e-05,3.1693766936465794e-05,3.464575853722636e-05
794,3.0116721496192944e-05,3.1682185508543625e-05,3.1827720757509176e-05,3.481342502054758e-05
795,3.84714473653326e-05,2.9862449810025283e-05,3.162622259858634e-05,3.4700814943062146e-05
796,3.187050993599567e-05,2.702286350540817e-05,3.150960465233462e-05,3.334985657711514e-05
797,2.9252147707868262e-05,3.791670911596157e-05,3.1319381504565375e-05,3.301562484703027e-05
798,2.9005030082771554e-05,3.1231616376317106e-05,3.144242323404696e-05,3.1960589566733696e-05
799,3.427937438472226e-05,2.496892564522568e-05,3.134944372577593e-05,3.182643392356113e-05
800,3.220362127952588e-05,4.8641188041074205e-05,3.128686434615197e-05,3.1428566382965076e-05
801,3.101203309294457e-05,3.525989697664045e-05,3.1244806764556827e-05,3.080190495529678e-05
802,3.575127921875618e-05,5.179361163754948e-05,3.100997708065229e-05,3.0238709872355685e-05
803,2.702772893826477e-05,3.279468888649717e-05,3.1000995264104056e-05,3.006246965669561e-05
804,2.8505547266427636e-05,2.44046173611423e-05,3.0972975839459756e-05,2.9431163382832887e-05
805,2.883875320549123e-05,2.50770529237343e-05,3.066456380313159e-05,2.9335932878893803e-05
806,3.747416583387854e-05,3.2820042106322946e-05,3.0579815965676164e-05,2.9076975214411504e-05
807,2.9650490469066425e-05,2.4379007736570202e-05,3.042966975772287e-05,2.9006168336491102e-05
808,2.7540233018549366e-05,2.495679073035717e-05,2.9962283981149084e-05,2.889607691322453e-05
809,2.9544204080593774e-05,2.5203660770785062e-05,2.982414177838816e-05,2.867589600209613e-05
810,3.503394284861214e-05,2.326326270122081e-05,2.9698556251888578e-05,2.8043988466379236e-05
811,2.911528152859925e-05,2.4848542088875548e-05,2.9509049496846273e-05,2.7679501113016165e-05
812,2.756862820307207e-05,2.287024413817562e-05,2.9195133610887244e-05,2.8027298153028828e-05
813,3.130663255029099e-05,2.411070679954719e-05,2.8987759612047937e-05,2.6999142731074247e-05
814,3.108724698702443e-05,2.3608978153788485e-05,2.884296682685898e-05,2.756122876890004e-05
815,2.9012765606037446e-05,2.3939506281749345e-05,2.8418702321909625e-05,2.8733028803253552e-05
816,2.8201500681461768e-05,2.461290161591023e-05,2.8589817185032492e-05,2.9359502450097355e-05
817,2.5629804036321326e-05,2.9642292356584222e-05,2.8562333212984313e-05,2.9242156192776753e-05
818,2.6996309324102994e-05,2.201263909228146e-05,2.8448678952150252e-05,2.914232416951564e-05
819,2.6363066297360798e-05,2.9912013560533522e-05,2.808178026688337e-05,2.9009945533471184e-05
820,2.6786802950987798e-05,2.71101642283611e-05,2.7874522583766114e-05,2.9049668548395855e-05
821,2.841695486697265e-05,2.1518340727197938e-05,2.80503768266903e-05,2.8921521664597095e-05
822,2.6112509545378595e-05,2.2119020723039285e-05,2.7927438110540002e-05,2.875625946035143e-05
823,2.426736120671396e-05,2.2119432542240248e-05,2.7565467414549656e-05,2.8767629648791626e-05
824,2.643147723574657e-05,3.366385164554231e-05,2.7434660854244912e-05,2.893500289937947e-05
825,2.7019271308543265e-05,2.293730249220971e-05,2.7349144924018114e-05,2.9725625409628268e-05
826,2.739221346322059e-05,4.931204792228527e-05,2.723554659832088e-05,2.961318414309062e-05
827,2.51446665950223e-05,8.108861249638721e-05,2.6951861915262676e-05,2.9500781151000413e-05
828,3.13056005163364e-05,4.845653005759232e-05,2.6743537555739747e-05,2.9313658064347692e-05
829,2.7818447965223134e-05,2.147096092812717e-05,2.6617479101049767e-05,2.970228587219026e-05
830,2.5997396684639776e-05,2.2581252342206426e-05,2.6618791880739287e-05,2.9323525098152463e-05
831,2.8301698702206422e-05,2.951057620521169e-05,2.649186001233627e-05,2.923144263622817e-05
832,2.44690483911351e-05,2.537208310968708e-05,2.660491261970795e-05,2.9184110200731086e-05
833,3.193658909165404e-05,2.175311863538809e-05,2.652636236307444e-05,2.8953269988414833e-05
834,2.6470736176836202e-05,2.107210566464346e-05,2.624855723778536e-05,2.8852641771663913e-05
835,2.5984675448853523e-05,2.3547517412225715e-05,2.6192288802930205e-05,2.875143905985169e-05
836,2.5845117520980744e-05,2.903287335357163e-05,2.6263156316417732e-05,2.8968018721207047e-05
837,2.5430729947402143e-05,4.26358068943955e-05,2.6165778773429334e-05,2.8584723672247492e-05
838,2.8466674407860007e-05,2.129967513610609e-05,2.5955515814065514e-05,2.8528002378880047e-05
839,2.399512991056933e-05,2.0798903351533225e-05,2.5885060398690657e-05,2.7687145324307497e-05
840,2.3804656617964307e-05,1.9261429115431384e-05,2.5853799185359903e-05,2.5600010569905864e-05
841,2.5050039314212173e-05,3.432859681197442e-05,2.5484529493324873e-05,2.4497125609195794e-05
842,2.566262352855928e-05,2.01732730056392e-05,2.5355956972796573e-05,2.46567775553558e-05
843,2.38230126140277e-05,1.9710577544174156e-05,2.5233085008868428e-05,2.4672628991538664e-05
844,2.918938148165277e-05,2.8728702673106455e-05,2.506079845156313e-05,2.4345490365521986e-05
845,2.4823046535150044e-05,2.1339158920454792e-05,2.5249314891374926e-05,2.4050032265949995e-05
846,2.1471826734745667e-05,1.9002635308424943e-05,2.4856460942020122e-05,2.4030844905064446e-05
847,2.4705798673999703e-05,1.958895292773377e-05,2.4631809073293373e-05,2.3951089452020828e-05
848,2.6039049043902195e-05,2.7533924076124094e-05,2.4612933767881865e-05,2.378179348161211e-05
849,2.399703866103664e-05,2.4081475421553476e-05,2.4364873651453918e-05,2.331343905243557e-05
850,2.17626973244478e-05,2.1519270158023575e-05,2.4174893253883867e-05,2.2763200846384282e-05
851,2.5630828078849137e-05,2.8290621557971462e-05,2.3899609882533296e-05,2.263713763677515e-05
852,2.4363136261753326e-05,2.891024363634642e-05,2.382662560477103e-05,2.325120621535461e-05
853,2.2073858215460656e-05,2.0884406039840543e-05,2.377844155352149e-05,2.315344808012014e-05
854,2.4604134952015658e-05,2.5462259582127445e-05,2.3662503862578893e-05,2.244598009565379e-05
855,2.2925597586436198e-05,2.297753824677784e-05,2.3567517190854742e-05,2.2739447202184237e-05
856,2.3994534769574076e-05,2.1332110554794782e-05,2.344449694404224e-05,2.2629211741150356e-05
857,2.9181959386429906e-05,1.7985630620387383e-05,2.3091312053697443e-05,2.2398614790290594e-05
858,2.2115240357783882e-05,2.1273434613249264e-05,2.3037424269649723e-05,2.2275284437637312e-05
859,2.085443945866751e-05,1.9078219338553026e-05,2.297437320844943e-05,2.2237634129123764e-05
860,2.551279281356579e-05,1.9315118152007926e-05,2.2845643187368605e-05,2.2848902372061278e-05
861,1.964361461028198e-05,1.732401262415806e-05,2.266276084701531e-05,2.247773181297817e-05
862,2.0681220008150882e-05,2.887985174311325e-05,2.255421524945026e-05,2.2289058440946977e-05
863,2.1584590124095686e-05,1.8148094895877875e-05,2.2566442069526405e-05,2.2319621390488463e-05
864,2.2170522966512685e-05,3.6150617816019804e-05,2.235784975249165e-05,2.2400093202304563e-05
865,2.2600055336725847e-05,1.68174757345696e-05,2.2180316571838277e-05,2.203675666969502e-05
866,2.2151597040647175e-05,1.6641897200315725e-05,2.210541165841278e-05,2.193106611521216e-05
867,2.3287956735455534e-05,2.7509950668900274e-05,2.18879566636234e-05,2.16432696863194e-05
868,2.0747506443715086e-05,1.695469101832714e-05,2.1830869076883473e-05,2.135039405548014e-05
869,2.0359759223033e-05,2.2963778901612388e-05,2.171229798906198e-05,2.1191617957083512e-05
870,2.347585193395692e-05,1.8255900104122703e-05,2.1461418420626106e-05,2.171494293725118e-05
871,1.9895550204738458e-05,1.8061377595586236e-05,2.131806194390972e-05,2.2059047958464362e-05
872,2.148754814697895e-05,3.487065900117159e-05,2.1215281510699747e-05,2.216954376490321e-05
873,2.1466990535069878e-05,1.8254660099046304e-05,2.0989346387149353e-05,2.2855620815244034e-05
874,2.1283398721910394e-05,1.936464112077374e-05,2.1046043742292874e-05,2.301268505689222e-05
875,2.2068367826351378e-05,2.2283343896560835e-05,2.0972328120519204e-05,2.315685213834513e-05
876,2.041602015298041e-05,3.030241685337387e-05,2.088031350900161e-05,2.3068859906925356e-05
877,1.9924806745418917e-05,1.982683032110799e-05,2.075574729452557e-05,2.2292594460304826e-05
878,2.0201235379823226e-05,1.8242142177768984e-05,2.066681509265133e-05,2.243036727741128e-05
879,1.9167760082281245e-05,1.8267348859808408e-05,2.0496755302560315e-05,2.268578335933853e-05
880,2.1498407917937987e-05,1.5655647475796287e-05,2.0394401649375348e-05,2.2424570217845033e-05
881,2.103025757403682e-05,1.7362708094879055e-05,2.0270412677362203e-05,2.2637298854533585e-05
882,2.290997017553309e-05,3.106875512457919e-05,2.0211188955646425e-05,2.2872881754301492e-05
883,1.853132843987421e-05,2.9876060143578797e-05,2.0256329621932112e-05,2.2754664061358202e-05
884,1.828492862841813e-05,2.1840614499524237e-05,2.0159709529737787e-05,2.2688531386666003e-05
885,1.986441472480591e-05,3.6467044410528615e-05,2.0131294116112664e-05,2.2138614603318275e-05
886,2.1061048488869953e-05,2.125061866536271e-05,2.000065444258831e-05,2.281573101063259e-05
887,1.8838329463809107e-05,3.24840287794359e-05,1.994549323143373e-05,2.2646466987498573e-05
888,1.9284224836155773e-05,1.5948289110383485e-05,1.9791437748467114e-05,2.2384299620171082e-05
889,1.90563676046117e-05,1.674398165050661e-05,1.972289419508242e-05,2.1833707082259937e-05
890,2.037675028986996e-05,2.0261796162230894e-05,1.959703202406268e-05,2.1638352658192164e-05
891,1.7900102288371676e-05,2.3027299248497003e-05,1.9599977452809173e-05,2.2424038591270805e-05
892,2.0729115405831383e-05,2.0979622131562792e-05,1.9589988474763232e-05,2.30023072406766e-05
893,1.7647782143386494e-05,2.227290693554096e-05,1.9439240800258834e-05,2.301373463124037e-05
894,1.887916618013858e-05,2.8853351395810022e-05,1.93588813064303e-05,2.3338699221494607e-05
895,2.4604368591099046e-05,1.5300457780540454e-05,1.9159445118485667e-05,2.3547814702033067e-05
896,1.7480047899880448e-05,1.640806072828127e-05,1.9144692771482773e-05,2.2975264719570987e-05
897,2.077716280635084e-05,2.1122739417478444e-05,1.9095462335179848e-05,2.286166716949083e-05
898,1.8200998696961e-05,3.518257028190419e-05,1.8998994727007812e-05,2.2062507383816412e-05
899,1.990436844304592e-05,1.5133040542423259e-05,1.8926058759340477e-05,2.1830871279235e-05
900,1.821698075218592e-05,1.572915971337352e-05,1.8966336311536404e-05,2.106689133215696e-05
901,1.870243131836307e-05,1.653760340559529e-05,1.8886586142131517e-05,2.1131034022255338e-05
902,1.677825246992547e-05,1.4942969719413669e-05,1.881095123236365e-05,2.1555692312540493e-05
903,2.027487109848557e-05,3.7884290504734965e-05,1.898617993000597e-05,2.1278814262768724e-05
904,1.8918035631132726e-05,3.27240650949534e-05,1.8879972281138176e-05,2.131550108169904e-05
905,1.7729716055328027e-05,1.594133223989047e-05,1.8763015776817657e-05,2.1037733700359242e-05
906,1.9021270228323475e-05,2.5486822851235045e-05,1.875031316166213e-05,2.076789748534793e-05
907,1.7924065476917247e-05,3.629664213804062e-05,1.872257145918815e-05,2.0243293925886972e-05
908,1.81625197648019e-05,1.556231058202684e-05,1.8439261540495662e-05,2.0428763052041174e-05
909,1.7054167720844916e-05,1.9000675747520292e-05,1.8388136391634668e-05,2.036352797731524e-05
910,1.7452724520505096e-05,1.6488049768668135e-05,1.8187636810358125e-05,2.1779460755351464e-05
911,1.9237649297186484e-05,1.545971605082741e-05,1.8210718256563675e-05,2.0884923743142283e-05
912,1.984526826870731e-05,1.338453010248486e-05,1.822183805246217e-05,2.0829010549641683e-05
913,1.7290470601033625e-05,1.7551856362842955e-05,1.8146045603013287e-05,2.0720645668916405e-05
914,1.716549486041509e-05,2.7360438907635397e-05,1.8105378054638596e-05,2.056451037497027e-05
915,2.4757467730928004e-05,1.3339844917936716e-05,1.8163791164988648e-05,2.0539292129979005e-05
916,1.5244911066676852e-05,2.3944469721755012e-05,1.80108176043076e-05,1.9561276410240682e-05
917,1.780520279781841e-05,1.4035437598067801e-05,1.788282873668423e-05,1.8768357335648037e-05
918,1.7330216764498297e-05,1.5527001560258215e-05,1.784372175979014e-05,1.8634085211670027e-05
919,1.818562361828905e-05,1.5738262409286107e-05,1.774505001990797e-05,1.8263499911699907e-05
920,1.752162062378678e-05,1.993718593439553e-05,1.7699673325437792e-05,1.7337659739132506e-05
921,1.6201919178355537e-05,1.4777183860132937e-05,1.763602418424044e-05,1.7375505337258803e-05
922,1.5764673274437277e-05,5.6521058868383987e-05,1.760418405352135e-05,1.722208685532678e-05
923,1.877803485209976e-05,1.281914497667458e-05,1.7539897690100286e-05,1.7275438511569517e-05
924,2.0182363340508245e-05,1.3735210704908241e-05,1.739323626978957e-05,1.7132296241470612e-05
925,1.6322169515963953e-05,1.3020037695241626e-05,1.722756202450708e-05,1.709093714598566e-05
926,1.76857426089959e-05,1.2634221056941897e-05,1.727272574409856e-05,1.6888906677195337e-05
927,1.823858022867676e-05,1.4312513594632036e-05,1.7230089426690634e-05,1.6292304190574218e-05
928,1.645053208145934e-05,1.3433897511276882e-05,1.69966269435665e-05,1.6292323962261435e-05
929,1.5718313940548492e-05,1.2901088230137247e-05,1.6952756312174543e-05,1.5799790481105448e-05
930,1.675204163297571e-05,1.258452914044028e-05,1.693399622042004e-05,1.593271112215007e-05
931,1.655447673126926e-05,1.6222190351982137e-05,1.6907488972760298e-05,1.5861255196796264e-05
932,1.678964811516279e-05,1.3150637823855504e-05,1.68026610124798e-05,1.6001482281717473e-05
933,1.657129123486811e-05,1.650845053518424e-05,1.6775954199369557e-05,1.5694864078250248e-05
934,1.6258164452867478e-05,1.5165213699219749e-05,1.6732576788328716e-05,1.7052609886741267e-05
935,1.5845565434978602e-05,1.782184117473662e-05,1.6753989008025707e-05,1.5657465672120452e-05
936,1.557111378941853e-05,1.188115929835476e-05,1.661383962160067e-05,1.6020377606037075e-05
937,1.5703412136645055e-05,1.2350552715361119e-05,1.6398115797993445e-05,1.592036656657001e-05
938,1.841956359082057e-05,1.2501094643084798e-05,1.6366251915961685e-05,1.6003081332019067e-05
939,1.6099586925217106e-05,1.2445376742107328e-05,1.621928493283728e-05,1.5975468492251824e-05
940,1.8920905652824634e-05,1.3340339210117236e-05,1.6202546862203035e-05,1.653847424022388e-05
941,1.4148145281877886e-05,1.1631132692855318e-05,1.6197527925073195e-05,1.6542042377113834e-05
942,1.7336200503955803e-05,1.7358453624183313e-05,1.620743450403097e-05,1.6481702362943908e-05
943,1.6667535573004797e-05,1.3740603426413145e-05,1.6087259324801078e-05,1.674236213148106e-05
944,1.5564924611276688e-05,1.924393953231629e-05,1.59831584223462e-05,1.6585473726445344e-05
945,1.6853950296030637e-05,1.2271730847714934e-05,1.5887732981435773e-05,1.6568371589528395e-05
946,1.5117483902334547e-05,4.8720829072408376e-05,1.5794704462314256e-05,1.6350375799811447e-05
947,1.6299978766861993e-05,2.1642453502863647e-05,1.580979065272711e-05,1.6472925305424724e-05
948,1.5274300191473838e-05,2.18919433245901e-05,1.575494687753639e-05,1.6284662672842386e-05
949,1.4789267750327579e-05,1.123493471823167e-05,1.572854096593801e-05,1.72660153140896e-05
950,1.552557246517002e-05,1.508790683146799e-05,1.572957345051691e-05,1.7528996452165307e-05
951,1.401156803088573e-05,1.1943900062760804e-05,1.559723637037678e-05,1.7658641855814496e-05
952,1.7820128462820624e-05,2.8387657293933445e-05,1.550404413218429e-05,1.87883185557439e-05
953,1.6325058653213393e-05,1.3523100933525712e-05,1.539239555147813e-05,1.879100118967472e-05
954,1.596597841449289e-05,1.1392587875889148e-05,1.5401056144198974e-05,1.9383847605786286e-05
955,1.374766215222836e-05,1.9101023353869097e-05,1.5287546345886464e-05,1.9484089397883507e-05
956,1.3951954169897362e-05,1.2299980226089246e-05,1.5214569514177534e-05,1.996723662014119e-05
957,1.4404012092402102e-05,1.2723084400931839e-05,1.5099777682593818e-05,1.9675593254214614e-05
958,1.4245578256830211e-05,1.1058555792260449e-05,1.49257371245767e-05,1.975716858723899e-05
959,1.6635319213188874e-05,1.8228951339551714e-05,1.4906271440688419e-05,1.8669524021970575e-05
960,1.4474471055210516e-05,1.3115275360178202e-05,1.478652073274134e-05,1.826836520267534e-05
961,1.491096599945902e-05,3.641497532953508e-05,1.4810095793412379e-05,1.827767738941475e-05
962,1.5729224251117558e-05,1.8925081167253666e-05,1.4918277162683404e-05,1.890436003377545e-05
963,1.5111136587317257e-05,1.5742229734314606e-05,1.4873071841914983e-05,1.8746664838545256e-05
964,1.3769780970404907e-05,4.068729424034245e-05,1.4890831744641119e-05,1.883786142352619e-05
965,1.612969113517061e-05,1.3407405058387667e-05,1.4687827739382758e-05,1.860290333352168e-05
966,1.4364660099898982e-05,2.6452293095644563e-05,1.4591682504235199e-05,1.8505478179577037e-05
967,1.4498455546143102e-05,1.9864498426613864e-05,1.4489220326423596e-05,1.8676810386386935e-05
968,1.4843114780281515e-05,2.581928398285527e-05,1.449497849486458e-05,1.8350108192680637e-05
969,1.2695128821683789e-05,1.1952855384151917e-05,1.4492196185326774e-05,1.8310933221800952e-05
970,1.2502936345602695e-05,1.4311114173324313e-05,1.452427654148778e-05,1.917848837692873e-05
971,1.4630841805127501e-05,2.1529714940697888e-05,1.4570202114151066e-05,1.912876624264755e-05
972,1.3306211068184995e-05,1.1613483020482817e-05,1.445933069771854e-05,1.9021917205827778e-05
973,1.586367670824984e-05,2.212474799307529e-05,1.4380767159066937e-05,1.909100404154742e-05
974,1.7493801982103224e-05,2.690200082724914e-05,1.4360535122331283e-05,1.8071949048317036e-05
975,1.4395439445959507e-05,1.1145526950713247e-05,1.4303724839232422e-05,1.8541523866588246e-05
976,1.4455565599039094e-05,1.4223814687284176e-05,1.4275009004389477e-05,1.8316614325158295e-05
977,1.2745028331361633e-05,2.2513705043820665e-05,1.4272643367520583e-05,1.7437627710751256e-05
978,1.3921427774524393e-05,1.1087472084909678e-05,1.4211984234376964e-05,1.7492101198877208e-05
979,1.3404423969202779e-05,1.567589304613648e-05,1.4263867273661567e-05,1.7193225491791962e-05
980,1.389161636325298e-05,1.0933468511211686e-05,1.4280656177854525e-05,1.685598778858548e-05
981,1.3882396431452232e-05,1.1320605954097119e-05,1.4156261780266907e-05,1.6222864004521396e-05
982,1.5206020996427266e-05,3.441196327912621e-05,1.4113647858822435e-05,1.6264007215067975e-05
983,1.5393717573412382e-05,9.815502435230883e-06,1.4160124144998714e-05,1.650306213196018e-05
984,1.3863533802375767e-05,1.5557725419057533e-05,1.4171147301951553e-05,1.747741389626754e-05
985,1.2510382588920442e-05,1.4842446253169328e-05,1.4182530150881373e-05,1.745415280893212e-05
986,1.4405165081067631e-05,1.0938600498775485e-05,1.4008938846220392e-05,1.7050732501957098e-05
987,1.4308967173646023e-05,3.066445162403397e-05,1.3956965166693812e-05,1.6384869312605588e-05
988,1.439324071624368e-05,1.0119491198565811e-05,1.3846213810514503e-05,1.6318398818111743e-05
989,1.371064004868256e-05,1.8712628880166448e-05,1.3803991260243088e-05,1.6167897659033768e-05
990,1.4613212806580123e-05,1.4769242261536419e-05,1.399540904725048e-05,1.57957951152639e-05
991,1.5661736082014007e-05,1.8980400418513455e-05,1.3912622035341984e-05,1.6423811291315363e-05
992,1.4918178150967126e-05,1.1433555846451781e-05,1.3858330014126193e-05,1.6211944857786878e-05
993,1.1733254840591042e-05,9.991189381253207e-06,1.3777346746145565e-05,1.6163521083944946e-05
994,1.1629780785571913e-05,1.2981435647816397e-05,1.3721836589441712e-05,1.6462365261395463e-05
995,1.3664843500009738e-05,2.028748709562933e-05,1.3746790702700511e-05,1.5579519739549146e-05
996,1.4906420728948433e-05,4.588850904838182e-05,1.3582652214326017e-05,1.6571653690334645e-05
997,1.3590782291430514e-05,1.1031955837097485e-05,1.3514320865781178e-05,1.650053651901544e-05
998,1.1523894091725298e-05,1.203924031869974e-05,1.3463010260844994e-05,1.6343072432937336e-05
999,1.6194459993938733e-05,1.0255421093461337e-05,1.343605665792388e-05,1.631710376750562e-05
1000,1.1626655541476794e-05,9.483764588367193e-06,1.3454548346635422e-05,1.5632205439760586e-05
1001,1.3400001842253713e-05,1.0461285710334777e-05,1.3392630202482303e-05,1.570449993523653e-05
1002,1.7530473006546447e-05,1.3211141449573916e-05,1.3414171603572973e-05,1.5325838187709452e-05
1003,1.1851752476811977e-05,2.6787876486196182e-05,1.3281873912071915e-05,1.5197315328987318e-05
1004,1.2047123438808032e-05,1.037923220792436e-05,1.3160070618323517e-05,1.49562097794842e-05
1005,1.1867034663737286e-05,9.722874165163375e-06,1.306016240584237e-05,1.5019743199809459e-05
1006,1.2494642513855879e-05,1.8791710390360093e-05,1.3185776780058705e-05,1.5004017371393277e-05
1007,1.5829873827897245e-05,1.23408252329682e-05,1.3307864461077972e-05,1.4860321330343142e-05
1008,1.1290255364050002e-05,3.4618851204868404e-05,1.3169239627152111e-05,1.4447443198878323e-05
1009,1.2155250088754757e-05,1.3779796136077493e-05,1.2994786199932501e-05,1.2970448140549708e-05
1010,1.1227617465515829e-05,1.0905844101216644e-05,1.2855523657668122e-05,1.3021323551220124e-05
1011,1.3731325008039776e-05,1.0289383862982503e-05,1.2846472705536547e-05,1.2896488393744224e-05
1012,1.4771259391434594e-05,1.3541993430408184e-05,1.28074790737527e-05,1.378871947381413e-05
1013,1.2845287112415665e-05,1.1926853585464414e-05,1.2922875121391066e-05,1.3957142853178087e-05
1014,1.42491750759493e-05,9.24608519198955e-06,1.2931792614270105e-05,1.3975905808911194e-05
1015,1.1305770519053719e-05,1.1556170793483034e-05,1.274892790049004e-05,1.3802498693257805e-05
1016,1.2616653738304094e-05,1.295276168093551e-05,1.2696420584688894e-05,1.3353855223249412e-05
1017,1.242047283893852e-05,1.3021891354583205e-05,1.2733228512742144e-05,1.3429068886034656e-05
1018,1.487361419599943e-05,9.59804367084871e-06,1.2715138166984413e-05,1.38021273247432e-05
1019,1.4681972811053533e-05,9.389034621563042e-06,1.2654284021684563e-05,1.341239309840603e-05
1020,1.0199222651863238e-05,9.965533809008776e-06,1.258593216835935e-05,1.32736614861642e-05
1021,1.0545085048458229e-05,8.963632590166526e-06,1.268318563743378e-05,1.2359752492920961e-05
1022,1.0109218734820994e-05,1.2303841103857848e-05,1.2691116819203466e-05,1.2195942996913802e-05
1023,1.1297620288435913e-05,8.918361381802241e-06,1.2822779145305198e-05,1.2114109729009216e-05
1024,1.521961919934256e-05,3.256119809520897e-05,1.2734302580469778e-05,1.2150910326454323e-05
1025,1.4511556732435969e-05,1.3694349072466138e-05,1.2592532096702295e-05,1.2149391441198532e-05
1026,1.3622939164229642e-05,1.093035960366251e-05,1.262591863034888e-05,1.2163770709594247e-05
1027,1.2958855162044832e-05,8.875963558239164e-06,1.2511496069055284e-05,1.2117206219409128e-05
1028,1.0539069581783325e-05,1.5571789735986385e-05,1.2459104659016398e-05,1.20103783927334e-05
1029,1.2967321640139239e-05,1.2259573777555488e-05,1.236181598085548e-05,1.204357444148627e-05
1030,1.1414776019794064e-05,1.9049335132876877e-05,1.2294536297041406e-05,1.2394218322151573e-05
1031,1.0973288881359622e-05,9.048354731930886e-06,1.2205139896509032e-05,1.2386234282894291e-05
1032,1.4121077494766925e-05,8.872534926922526e-06,1.2125742927714279e-05,1.2405100386240518e-05
1033,1.372159209091074e-05,1.177112637378741e-05,1.2212563409977724e-05,1.2776723555725766e-05
1034,1.2353529632996975e-05,9.684558735898463e-06,1.2258561246643595e-05,1.2895425962051377e-05
1035,1.4519175618059106e-05,8.860012403602013e-06,1.229634240339187e-05,1.3072491773345971e-05
1036,1.151941088715426e-05,1.1209398799110204e-05,1.2224417335285886e-05,1.3098972869192948e-05
1037,1.1226997297247484e-05,1.3504021299013402e-05,1.2086661471807425e-05,1.2215546198422087e-05
1038,1.3679950453580305e-05,1.2286335295357275e-05,1.1972284251694671e-05,1.1993210351647576e-05
1039,1.1388611043609369e-05,8.08197293736157e-06,1.1977198197079514e-05,1.201861717054271e-05
1040,9.995985268081616e-06,8.885475126589882e-06,1.1912860630278981e-05,1.2056568080151917e-05
1041,1.0184436784281084e-05,1.3782662899757269e-05,1.1904652957511848e-05,1.1785357409826246e-05
1042,1.0738480743586681e-05,2.178798837121576e-05,1.182202905220038e-05,1.1741656797676113e-05
1043,1.263870418269006e-05,9.398442689416697e-06,1.186169018745002e-05,1.1810389860329451e-05
1044,1.2697048591184689e-05,9.86068720521871e-06,1.1872847246842058e-05,1.176110454980517e-05
1045,1.2369734708449364e-05,1.9256113046139944e-05,1.1895459366537075e-05,1.205461717763683e-05
1046,1.169503096510501e-05,1.1931192748306785e-05,1.1771397116899609e-05,1.1915617433260195e-05
1047,1.1053747653527858e-05,1.6730486386222765e-05,1.1811526654774854e-05,1.186561458016513e-05
1048,9.49949358578629e-06,9.580388777976622e-06,1.1774277493411017e-05,1.1850318522920134e-05
1049,1.1775722612381085e-05,1.0475531325937482e-05,1.1728820197418423e-05,1.1814296426018701e-05
1050,1.165212622961715e-05,8.135952903103316e-06,1.1836762311617754e-05,1.1680721442098729e-05
1051,1.3745787798850668e-05,1.1565530076040887e-05,1.1761116376267943e-05,1.1533258533745537e-05
1052,1.1350415992031534e-05,9.824736298469362e-06,1.1702550718028864e-05,1.2525999482750195e-05
1053,1.033387776260497e-05,8.79152297784458e-06,1.1822156165443529e-05,1.2524973702966233e-05
1054,1.0901724007352539e-05,1.1167058473802172e-05,1.1838076779329438e-05,1.2367003446706803e-05
1055,1.240630440103511e-05,2.0767661699210293e-05,1.1866152423115434e-05,1.1808707645832327e-05
1056,1.1252215366160574e-05,7.81622196882381e-06,1.1793234918837293e-05,1.2565535563044248e-05
1057,1.4686380487142337e-05,1.621035062271403e-05,1.1752392736889307e-05,1.248801569236093e-05
1058,1.0620035849974051e-05,8.296132764371577e-06,1.16973075754989e-05,1.2020998069056077e-05
1059,1.335676807987814e-05,8.434487408521818e-06,1.1625831408471438e-05,1.1876488408597651e-05
1060,1.3587946583963155e-05,8.477610972477123e-06,1.1621042629364336e-05,1.1757122637936845e-05
1061,1.0382978487339439e-05,1.0308846376574366e-05,1.1698796521037973e-05,1.210675526599516e-05
1062,1.392555015223075e-05,1.0164646701014135e-05,1.1666681467290295e-05,1.2051371420238866e-05
1063,1.1788802069834977e-05,8.599762586527505e-06,1.1620265900597182e-05,1.214222910348326e-05
1064,9.924469587632404e-06,3.290049666247796e-05,1.1592964333653475e-05,1.2054044049727965e-05
1065,1.2986121453448302e-05,8.859830631990918e-06,1.1576127436799451e-05,1.1972669758688427e-05
1066,1.0582452131428808e-05,9.833406493271468e-06,1.1521271899942398e-05,1.1942038148117716e-05
1067,1.144037183823659e-05,7.830593349353875e-06,1.160025873149506e-05,1.2167922857042867e-05
1068,1.0815766575736537e-05,2.8319140619714743e-05,1.1526536531447266e-05,1.1679743120475905e-05
1069,1.1675994042484996e-05,7.92269043813576e-06,1.1490652667877539e-05,1.1691210476419656e-05
1070,1.0992605673689266e-05,7.580672463518567e-06,1.1257218622591206e-05,1.1363878962583841e-05
1071,9.908126789418424e-06,8.318451236846158e-06,1.1282598204019854e-05,1.1321196791686815e-05
1072,1.093402817585027e-05,1.3746342119702604e-05,1.1181399498349896e-05,1.1343787100486223e-05
1073,1.1443340877627229e-05,1.8321204479434527e-05,1.1093791557626295e-05,1.1403505306952865e-05
1074,1.0972846268689156e-05,9.09093518203008e-06,1.1093380641452515e-05,1.1275591209414417e-05
1075,1.0491737062289354e-05,1.040739498421317e-05,1.1228652071804387e-05,1.1269355299009477e-05
1076,1.3063248625257984e-05,9.360903732158476e-06,1.116798744571699e-05,1.1337724552140574e-05
1077,1.0929493570680886e-05,7.79037902248092e-06,1.125607463307258e-05,1.0955990335787647e-05
1078,8.962489341178702e-06,8.025732713576871e-06,1.1121760099639584e-05,1.1042095096490814e-05
1079,1.2876394796169027e-05,1.681417619693093e-05,1.1116864560083032e-05,1.0927218609140256e-05
1080,1.0563249399840263e-05,8.563168285036226e-06,1.1022425935314258e-05,1.0960440233611735e-05
1081,1.0355118776917353e-05,8.102905867417576e-06,1.1013713943935324e-05,1.0117052938585403e-05
1082,8.850529354984045e-06,8.027062776818638e-06,1.0906218853334496e-05,1.0194329780642875e-05
1083,1.125452538569031e-05,7.229078491945984e-06,1.0817949062725852e-05,1.0290745293605141e-05
1084,1.0826800438129187e-05,8.999245128507028e-06,1.0773040259260193e-05,1.0309907095506787e-05
1085,1.13977480658731e-05,9.970566134143155e-06,1.0772469615524945e-05,1.005039448427851e-05
1086,1.0372705582994968e-05,7.110993938113097e-06,1.0764244624038434e-05,9.913541230343979e-06
1087,1.730733591102762e-05,1.0008748940890655e-05,1.0735808411199185e-05,9.85663863320951e-06
1088,1.0272186417650018e-05,1.0308993914804887e-05,1.0751014001127461e-05,9.865190769778563e-06
1089,1.2126649271522184e-05,2.3357141253654844e-05,1.0616218942272503e-05,9.90421849055565e-06
1090,9.628258117623368e-06,1.1012449649570044e-05,1.051495551275568e-05,9.958226018352436e-06
1091,1.0460063642515e-05,6.961494309507544e-06,1.0499005150712846e-05,1.0203180694952608e-05
1092,9.079406219017175e-06,8.661133961140877e-06,1.0418291625036444e-05,9.952158809028335e-06
1093,1.0597966791263186e-05,7.234458244056441e-06,1.040929510151424e-05,1.015467360848561e-05
1094,8.988616777464308e-06,9.854611489572562e-06,1.0378678891235418e-05,1.0114818477450173e-05
1095,8.785860908473196e-06,9.991060287575238e-06,1.0363225602527057e-05,1.0262343072099611e-05
1096,8.785406702776931e-06,8.797496284387308e-06,1.0295381506512058e-05,1.042186719205347e-05
1097,1.091976208246908e-05,7.258526838995749e-06,1.037873964002453e-05,1.0389841309370241e-05
1098,1.1237716090464447e-05,1.4899873131071217e-05,1.0295779778445852e-05,1.0305195995169925e-05
1099,1.026194094770795e-05,7.6683702536684e-06,1.0272092587830331e-05,1.0312372086627874e-05
1100,1.0871876810496258e-05,1.0621198398439447e-05,9.935897960005807e-06,1.0223848102032206e-05
1101,9.693372153884007e-06,1.0336596751585603e-05,9.895942612598042e-06,1.0315243460354394e-05
1102,8.397907832760312e-06,9.14056721740053e-06,9.915526364582345e-06,9.68343892454868e-06
1103,8.563730290107844e-06,1.41495996285812e-05,9.893849376425757e-06,9.74447004846297e-06
1104,1.0858556654258993e-05,1.0538629048824077e-05,9.89662549266844e-06,9.741473118629073e-06
1105,1.0338336311785193e-05,1.3626038271468132e-05,9.969689328904173e-06,9.661360239260832e-06
1106,9.589713519946802e-06,7.10652759153163e-06,1.0013754119952662e-05,9.647016131930287e-06
1107,8.464197137275026e-06,1.171517764305463e-05,1.0049393182392426e-05,9.570506976160688e-06
1108,9.558422985315298e-06,1.1217181490792428e-05,1.0058828240653384e-05,9.711974536185154e-06
1109,1.2910753775940976e-05,8.19859806142631e-06,1.008372952686235e-05,9.619148614729058e-06
1110,9.323751526406138e-06,7.854433279135265e-06,1.0004859601435281e-05,9.673336946434577e-06
1111,9.78052581760696e-06,7.290396224561846e-06,1.0240709003038422e-05,9.37837370001944e-06
1112,8.902470215414522e-06,7.795649325998966e-06,1.0177876019669285e-05,9.400348464987474e-06
1113,9.273302732455907e-06,1.2593877872859594e-05,1.0092073915034742e-05,9.331801503140014e-06
1114,1.2616243071129753e-05,7.56202785851201e-06,1.005612667722744e-05,9.614698369114193e-06
1115,9.086333413708618e-06,1.2538227747427299e-05,1.0053006138857907e-05,9.509949543280526e-06
1116,1.05294665485821e-05,6.886571063660085e-06,1.016024991764021e-05,9.260409275157142e-06
1117,1.0906002124910528e-05,6.6583119769347835e-06,1.0112003384589723e-05,9.123040285339811e-06
1118,1.1699586567475409e-05,6.8758555607928426e-06,1.0110786267816571e-05,8.876966735260792e-06
1119,9.879593338458411e-06,7.941882595332572e-06,1.0083996376528782e-05,1.067300506911124e-05
1120,9.02173736499713e-06,1.3527749288186897e-05,1.0205576120885478e-05,1.0547236513230019e-05
1121,9.407938858001015e-06,6.47684824798489e-06,1.0326884831010832e-05,1.0488337859715103e-05
1122,8.948013946792344e-06,8.6132351316337e-06,1.017125808688838e-05,1.0576138355099828e-05
1123,1.713395113054301e-05,7.525791970692808e-06,1.0131154090130522e-05,1.0546357982093467e-05
1124,8.691116363479523e-06,8.217739377869293e-06,1.0127015217828255e-05,1.0551851260970579e-05
1125,8.726824194632677e-06,8.907524352252949e-06,1.0085582881745523e-05,1.0683446493203517e-05
1126,8.794691208701503e-06,1.7409018400940113e-05,1.0078150045026431e-05,1.0456857871758983e-05
1127,8.319894373521997e-06,6.521846571558853e-06,9.922476020195369e-06,1.1218574138911206e-05
1128,1.1244824759665385e-05,7.911092925496632e-06,9.894845043567736e-06,1.1010972173971821e-05
1129,9.652393327996833e-06,7.104404303390765e-06,9.810549619093462e-06,1.1077329833642579e-05
1130,1.0307908392456335e-05,7.474199519492686e-06,9.709717005494492e-06,1.1065287791643642e-05
1131,8.919966237752104e-06,5.200748593779281e-05,9.596942663241258e-06,1.1340470145296422e-05
1132,1.1503690746192457e-05,8.570963746024064e-06,9.52124092202414e-06,1.144033165583096e-05
1133,1.2591140738449112e-05,9.744715152919525e-06,9.55401173766101e-06,1.1266464382424601e-05
1134,9.020085172879691e-06,1.0393610446044476e-05,9.600129817247053e-06,1.1264456135177171e-05
1135,8.321151607459695e-06,7.109923953976249e-06,9.592922483312173e-06,1.1325295613278287e-05
1136,9.677054010050293e-06,7.427728196489624e-06,9.378715903666387e-06,1.1313165855608532e-05
1137,7.866661813346178e-06,1.1085530131822451e-05,9.388683219246254e-06,1.1519778058936936e-05
1138,9.087481814478654e-06,6.92916233674623e-06,9.453377028290155e-06,1.1582132546391221e-05
1139,8.724392450353156e-06,2.6604934537317603e-05,9.5660714401068e-06,1.1955985346503438e-05
1140,8.395558998017805e-06,7.348178623942658e-06,9.655744090196093e-06,1.2033625280673731e-05
1141,8.422080936725251e-06,8.545512555429013e-06,9.510834293218471e-06,1.2170110638180631e-05
1142,8.385186784936297e-06,6.357260926961316e-06,9.456304289819349e-06,1.2165534771702369e-05
1143,8.880228011144533e-06,1.3755414402112365e-05,9.356407067914712e-06,1.211523308593314e-05
1144,7.987049808030457e-06,1.0438420358696022e-05,9.454067299157032e-06,1.028884195984574e-05
1145,9.841007755918933e-06,9.181067453027936e-06,9.422570090787808e-06,1.0352181386406299e-05
1146,1.0560890847652142e-05,6.426642066799104e-06,9.298611619508142e-06,1.021680017474864e-05
1147,8.767830598420308e-06,1.0134222084161592e-05,9.254293859177981e-06,1.0060877878640894e-05
1148,1.1778786639398378e-05,7.22254802894895e-06,9.21025762573764e-06,1.0245498937365482e-05
1149,8.940299252976224e-06,1.3383044461079407e-05,9.110544208427504e-06,1.0188638123872805e-05
1150,1.0344169420730193e-05,1.0466386538610094e-05,9.069728210872402e-06,1.0082301927104706e-05
1151,1.1612051504117618e-05,2.6755338403745554e-05,9.096211340268686e-06,1.0113906761034739e-05
1152,1.0561710625754333e-05,8.462844925816171e-06,9.123938577027324e-06,9.749560572890913e-06
1153,7.622079835224819e-06,1.1323226863169111e-05,9.206803969916814e-06,9.689107054509803e-06
1154,8.289143243018771e-06,6.9900076414342036e-06,9.253659864548855e-06,9.642770350546923e-06
1155,7.810477844840433e-06,6.216657375262003e-06,9.342756215422316e-06,9.821269552776358e-06
1156,1.1361472018810067e-05,6.347707785607781e-06,9.275002290350029e-06,9.535145743575414e-06
1157,1.0716260536961878e-05,1.0154449410038068e-05,9.363327692638752e-06,9.582817627233455e-06
1158,9.492178956457388e-06,6.3601848614780465e-06,9.318043540143765e-06,9.585619887366194e-06
1159,7.91214116462571e-06,6.49555304335081e-06,9.433510279450275e-06,1.0567444723710653e-05
1160,7.2202457714512196e-06,1.1725450422090944e-05,9.44444778245573e-06,1.0466292493947548e-05
1161,7.184218577296836e-06,6.0062078591727185e-06,9.418254378377041e-06,1.0426899542653701e-05
1162,6.846261874468635e-06,8.427125212620013e-06,9.453845059579182e-06,1.0273992267320862e-05
1163,9.749560049385764e-06,7.719283184997038e-06,9.41486111945172e-06,1.0142334333795587e-05
1164,9.417573369319144e-06,1.749627983372193e-05,9.307786153031985e-06,9.469031753542369e-06
1165,1.0467193820255084e-05,5.8368406644149215e-06,9.19590085850359e-06,9.727489968645389e-06
1166,9.593478302526313e-06,7.387094956357032e-06,9.265646641971316e-06,9.512953394369108e-06
1167,1.0612595556772754e-05,1.0819740982697112e-05,9.303863484597564e-06,9.544142616869066e-06
1168,7.186379884337334e-06,6.6023191720887555e-06,9.36337231220629e-06,9.575670115009415e-06
1169,1.0195184865248545e-05,1.163021745014703e-05,9.206038728431545e-06,9.558346155245088e-06
1170,8.708903943544202e-06,9.251123956346418e-06,9.112116792534328e-06,9.6926791149599e-06
1171,1.3447559330314915e-05,3.097226297541056e-05,9.047449320355047e-06,9.828279035355079e-06
1172,9.041268173556697e-06,7.605416340084048e-06,9.071295109303414e-06,9.886836645819129e-06
1173,1.1123951537431114e-05,6.237724246602738e-06,9.155004115928021e-06,1.0419317005653283e-05
1174,9.830066283029737e-06,9.560362577758497e-06,9.324194465948999e-06,1.0661607025031117e-05
1175,9.36957091754367e-06,7.17493820047821e-06,9.479011709986984e-06,1.0550453631367418e-05
1176,8.93517734362427e-06,9.922773897415026e-06,9.388501610070912e-06,1.0489401943414122e-05
1177,7.764578262544496e-06,1.4924300303391647e-05,9.339028503826639e-06,1.0706294619376422e-05
1178,9.365724421917953e-06,5.959812506262097e-06,9.259844616382097e-06,1.0717651417144224e-05
1179,9.244564308674955e-06,7.76973820393323e-06,9.179435591108308e-06,1.0673095720630952e-05
1180,9.29819853505857e-06,7.004844828770729e-06,9.030700884330955e-06,1.0538878006263985e-05
1181,7.428132424441477e-06,5.914608791499631e-06,9.024885921624244e-06,1.0862847707539913e-05
1182,8.368212139531453e-06,1.3512773402908352e-05,8.927634164663485e-06,1.0665724198770477e-05
1183,7.875492151975372e-06,9.750182871357537e-06,8.960273555365145e-06,1.052884868295223e-05
1184,8.508285888334892e-06,7.959493304952047e-06,8.680252725793655e-06,9.523967032509972e-06
1185,9.312970937066388e-06,2.5037459417944776e-05,8.614145478794751e-06,9.599216052083648e-06
1186,1.141397732782126e-05,1.206345834361855e-05,8.494723280980705e-06,9.623769039535547e-06
1187,1.071669297541828e-05,5.648290371027543e-06,8.503928258829143e-06,9.868473432652537e-06
1188,7.48680755148396e-06,6.192990986164659e-06,8.476389663580145e-06,9.94349395587051e-06
1189,8.18074571321227e-06,2.2918596732779407e-05,8.441013004590381e-06,9.871040535290378e-06
1190,8.487596634141584e-06,6.1207606086099986e-06,8.487413216628029e-06,1.0342642998512023e-05
1191,7.583252670681557e-06,6.273202543525258e-06,8.639834956071959e-06,1.06361921869393e-05
1192,6.894227887338881e-06,7.4642981235228945e-06,8.563957131668253e-06,1.0877295279351532e-05
1193,7.041005816669591e-06,1.4701561703986953e-05,8.629377778884698e-06,1.1579134036583128e-05
1194,7.763890941229572e-06,6.702129730911111e-06,8.676580589841858e-06,1.164415578095941e-05
1195,9.524888711085724e-06,5.829236060890253e-06,8.64923557395135e-06,1.1470992778049551e-05
1196,6.4470385910277e-06,5.85022171435412e-06,8.760387880425294e-06,1.1362692415059431e-05
1197,7.3885869985840855e-06,9.486641829425935e-06,8.842805725241004e-06,1.1788748252365626e-05
1198,8.13839659207992e-06,6.851548932900186e-06,8.915584250361363e-06,1.1074446528436967e-05
1199,1.006019072924068e-05,1.567797240568325e-05,8.71293023644992e-06,1.0818788562755801e-05
1200,8.68110603631875e-06,9.050451280927518e-06,8.527150812086702e-06,1.0806431422679453e-05
1201,8.050760868880187e-06,8.111438382911729e-06,8.544089784926554e-06,1.0817782137019096e-05
1202,8.924583563485713e-06,2.6714361883932724e-05,8.52609607184907e-06,1.0148776281857863e-05
1203,1.3176267908016193e-05,1.3298542216944043e-05,8.492947221505651e-06,1.0123643840051956e-05
1204,7.34761869858226e-06,1.3797315514239017e-05,8.532289602185807e-06,1.0160135004116455e-05
1205,1.0933714715469654e-05,2.4550813759560696e-05,8.61391775680305e-06,1.0281405491696205e-05
1206,8.608202698370507e-06,7.540152400906664e-06,8.655281840118632e-06,1.019313358265208e-05
1207,7.684586742268745e-06,9.18369833016186e-06,8.674720773059461e-06,1.0247815310503937e-05
1208,1.0654299813823956e-05,7.042673796604504e-06,8.662295371242282e-06,1.0409616030665345e-05
1209,1.0568732008727643e-05,1.86108892376069e-05,8.684112705183604e-06,1.0444516800635025e-05
1210,1.1132434065075358e-05,7.179916319728364e-06,8.735903388797952e-06,1.0351152862131129e-05
1211,6.347626980035177e-06,5.67200920158939e-06,8.749208654707116e-06,1.0321274030138736e-05
1212,6.072207366337858e-06,5.339361869118875e-06,8.760191419181257e-06,1.015356988937128e-05
1213,7.91028187248028e-06,6.476758844655706e-06,8.728129950921153e-06,1.0248325711290816e-05
1214,7.730902886275241e-06,6.1934503537486305e-06,8.737274596731166e-06,1.0527205467951717e-05
1215,7.65887537555601e-06,5.492449563462287e-06,8.728907938186441e-06,9.676164323172999e-06
1216,8.566812187685476e-06,7.18548164513777e-06,8.48761871376256e-06,9.582015320484062e-06
1217,8.934931752769948e-06,1.0496060313016641e-05,8.491896321437606e-06,9.351993830205176e-06
1218,8.075107899559145e-06,1.2494763977883849e-05,8.470135432394776e-06,8.646118110482349e-06
1219,8.24986426475031e-06,8.069172927207547e-06,8.413286435097689e-06,8.591257832813427e-06
1220,9.21425366565624e-06,9.87425406492548e-06,8.500302097834517e-06,8.748125874626569e-06
1221,6.9924719395607506e-06,6.7227409635961524e-06,8.341268969040052e-06,8.714096696348862e-06
1222,8.683354088942804e-06,7.152543366828467e-06,8.213973814943325e-06,8.55936760926852e-06
1223,8.471028239809028e-06,6.104578133090399e-06,8.213473174813165e-06,8.527229949322646e-06
1224,1.0334759841094232e-05,1.1485368886496872e-05,8.254899206602002e-06,8.530564283864806e-06
1225,7.87956932981615e-06,1.1419346828915877e-05,8.328868431676206e-06,8.533392397293938e-06
1226,8.279377014130457e-06,1.5083432299434207e-05,8.324744606458506e-06,8.621401277559926e-06
1227,8.715417099867612e-06,5.4383332644647454e-06,8.292764972874367e-06,8.789754397366777e-06
1228,7.144037297419143e-06,1.0944817149720621e-05,8.327396214210441e-06,8.88425795819785e-06
1229,7.454558890458429e-06,8.046778257266851e-06,8.257680789069531e-06,9.245852278036179e-06
1230,1.0389692489398941e-05,6.903920766490046e-06,8.161311477306299e-06,9.337947177482418e-06
1231,7.186977765943286e-06,6.168645459183608e-06,8.123307267992964e-06,9.495623574548517e-06
1232,9.85997831068946e-06,1.3105399375490379e-05,8.088855192868826e-06,9.396491158622667e-06
1233,6.678471593962361e-06,6.191944339661859e-06,8.056623151706945e-06,9.245710782852257e-06
1234,7.386353156309471e-06,1.4742662060598377e-05,8.126479554145287e-06,9.240148519165815e-06
1235,1.1119918061821307e-05,6.376474821081501e-06,8.082752092983962e-06,9.223993027262624e-06
1236,7.383277774756102e-06,5.755367565143387e-06,8.078783985628334e-06,9.220316305800227e-06
1237,7.921437993192942e-06,5.410064704847173e-06,8.173116655962077e-06,9.01254729142238e-06
1238,7.807186242037763e-06,8.676980851305416e-06,8.220924427223508e-06,8.790832700469766e-06
1239,6.931412046671741e-06,1.0402278348919936e-05,8.253820117736015e-06,8.485440771619325e-06
1240,8.52465640895793e-06,7.855038584239082e-06,8.206292583135009e-06,8.470348870105227e-06
1241,6.823926559162727e-06,1.6225339641096072e-05,8.184215822095414e-06,8.25662550596462e-06
1242,6.52569895868914e-06,1.2798432799172587e-05,8.144068225616746e-06,8.28985965163156e-06
1243,7.125002666725777e-06,1.643667390453629e-05,8.003320438527026e-06,8.378858890137055e-06
1244,7.388562386646906e-06,5.590862529061269e-06,8.090306343567339e-06,8.708307093911571e-06
1245,8.408452636609177e-06,6.104744670665241e-06,8.075117499498043e-06,8.39612814306747e-06
1246,8.738882000519273e-06,6.583684371435083e-06,8.189555859361363e-06,8.372567031983634e-06
1247,7.590167559909686e-06,6.748656069248682e-06,8.278302899028253e-06,8.029710620030529e-06
1248,8.371825555918298e-06,6.012660096530454e-06,8.11155259240574e-06,8.437503174718585e-06
1249,1.269307659943782e-05,6.291143527050735e-06,8.090059917433085e-06,8.54315742435574e-06
1250,9.074763611351954e-06,5.876482055100496e-06,8.07204196931303e-06,8.535231844871305e-06
1251,9.101769276943136e-06,7.4486340781732e-06,8.107207244676023e-06,8.426331082591786e-06
1252,7.527228734842437e-06,5.061035726612317e-06,8.073529011421166e-06,8.459520025644452e-06
1253,6.592118271429273e-06,5.601733046205482e-06,8.097874756317146e-06,8.538170822430403e-06
1254,6.4508689784916995e-06,8.877631898940308e-06,8.380132527761615e-06,8.126341149909423e-06
1255,6.8709978121559185e-06,9.128901729127392e-06,8.492870183343056e-06,7.87014310626546e-06
1256,9.36162539195114e-06,1.4404850553546566e-05,8.500689633405676e-06,8.08184795168927e-06
1257,9.480257208957079e-06,5.300925604387885e-06,8.504989680497804e-06,8.070154380038732e-06
1258,9.539430590545332e-06,5.602916562565952e-06,8.465868464190862e-06,8.056972314079759e-06
1259,9.605029147981743e-06,6.171251761770691e-06,8.413153333135093e-06,8.120756773132599e-06
1260,6.951160396258476e-06,1.657128868828295e-05,8.408242993068094e-06,8.118581054441166e-06
1261,6.8459609004397255e-06,8.39672380607226e-06,8.36888975880154e-06,8.27539491110656e-06
1262,7.470989290191534e-06,5.2119252177362795e-06,8.209926295522665e-06,8.226063122856431e-06
1263,8.686318126112585e-06,5.9544617943174675e-06,8.26913088906925e-06,8.33884030034824e-06
1264,6.089456215300338e-06,1.1232001925236546e-05,8.244679913453487e-06,8.344302803379833e-06
1265,9.133300031357471e-06,9.82130850388785e-06,8.235765412407798e-06,8.417240319977283e-06
1266,1.388037084527443e-05,5.929597828071564e-06,8.25519704020634e-06,8.52013657713542e-06
1267,9.344140348225159e-06,6.393481708073523e-06,8.360477796910953e-06,8.383692829374923e-06
1268,7.320488918291327e-06,2.1729295040131545e-05,8.389705385424249e-06,8.229524226771901e-06
1269,7.4960635639500755e-06,5.298523237797781e-06,8.26552063942169e-06,7.900800506467932e-06
1270,7.43042222893564e-06,5.7751930216909385e-06,8.17356041382785e-06,8.359050659782952e-06
1271,7.421003724125007e-06,8.17829584775609e-06,8.070525406623752e-06,8.352051978727106e-06
1272,7.467409058234706e-06,6.694263101962861e-06,7.973351329241673e-06,8.300756406970324e-06
1273,7.387994699254503e-06,9.93300651316531e-06,7.943978494828723e-06,7.848448849108534e-06
1274,8.718990017465936e-06,5.057848820797517e-06,7.907164993391942e-06,7.722130819820449e-06
1275,1.0554878450016581e-05,8.695911492395681e-06,7.972486165494453e-06,8.09015433442255e-06
1276,8.490494886549035e-06,7.5851966539630666e-06,7.963170977786326e-06,8.04767029658251e-06
1277,7.30436620870023e-06,6.884473641548539e-06,8.038486421679004e-06,7.804873970599147e-06
1278,7.0779089663927964e-06,8.174139475158882e-06,7.990654614008641e-06,7.83099822438089e-06
1279,9.082887896107018e-06,5.466538204927929e-06,7.832347239875365e-06,7.796289058387628e-06
1280,7.601687524988342e-06,5.274686664051842e-06,7.740519131443257e-06,7.984369538826287e-06
1281,6.257006741887178e-06,6.18675754594733e-06,7.725186281459174e-06,7.412225885855151e-06
1282,7.181251569111029e-06,1.6757179437263404e-05,7.711593656858897e-06,7.4618643790017815e-06
1283,6.9635554104428995e-06,5.427949536169763e-06,7.735403105956116e-06,7.445050623209681e-06
1284,7.175677213429784e-06,4.8888624678511404e-06,7.785610911539859e-06,7.465899702947353e-06
1285,6.2168395359347215e-06,5.26359974173829e-06,7.772385798145681e-06,7.4965026986319564e-06
1286,5.925623364520207e-06,5.238773073870107e-06,7.747638871013706e-06,7.309959509802866e-06
1287,9.104018592754275e-06,1.4412513082788792e-05,7.699627347190271e-06,7.339871748263249e-06
1288,8.45343843340945e-06,4.892360848316457e-06,7.552825214426979e-06,7.192972053599077e-06
1289,7.972342312617306e-06,5.162093775652465e-06,7.506174274708934e-06,7.212072094989709e-06
1290,7.937504839598357e-06,1.0474414848431479e-05,7.5262463849261015e-06,7.428669391083532e-06
1291,9.922686491942537e-06,5.061868678239989e-06,7.552357110762388e-06,7.379215247055982e-06
1292,7.048437637422466e-06,1.109549371903995e-05,7.5234995160927725e-06,7.5512385490583265e-06
1293,6.93716766868925e-06,7.42570371585316e-06,7.578379909884664e-06,7.598597658943618e-06
1294,7.15624794894312e-06,6.539485566463554e-06,7.756977081266492e-06,7.549064729755628e-06
1295,8.02565845636612e-06,5.354849126888439e-06,7.72050190191496e-06,7.170120376031264e-06
1296,8.676198863718634e-06,8.699522841197904e-06,7.719179045104992e-06,7.176856965816114e-06
1297,7.13678122338024e-06,7.459337994077942e-06,7.85026017498846e-06,7.203902570108767e-06
1298,6.769321520955095e-06,5.269426792438026e-06,7.885418166794504e-06,7.492477784035146e-06
1299,7.518701921880064e-06,5.805654782307102e-06,7.990469929144536e-06,7.601702814281453e-06
1300,6.884825130934284e-06,5.0234191257914065e-06,7.985050816771239e-06,7.329798491991824e-06
1301,7.324221393597933e-06,8.062697688728803e-06,7.990175727374864e-06,7.701172606175532e-06
1302,7.806168964129432e-06,1.2299406043894124e-05,8.025052352887644e-06,7.6831569254864e-06
1303,7.730677112299924e-06,6.937785874470137e-06,7.956519220614508e-06,7.744148437632248e-06
1304,8.361448029366633e-06,9.767120754986536e-06,7.910339746861914e-06,7.731551921460777e-06
1305,8.973697369785644e-06,6.458664411184145e-06,7.85782117297155e-06,7.47456718600006e-06
1306,1.0721936026432862e-05,4.9484343162475855e-06,7.858340839973405e-06,7.457487385545392e-06
1307,6.269372085322781e-06,7.283570594154298e-06,7.850240936063023e-06,7.493095636164073e-06
1308,6.930483990193655e-06,5.5963642807910215e-06,7.871007229186943e-06,7.589152892614949e-06
1309,1.0452705460516476e-05,5.565002575167455e-06,7.877224241585484e-06,7.449769817685595e-06
1310,7.0957893310858504e-06,1.2477980089897755e-05,7.83543495296423e-06,7.338224574777999e-06
1311,8.55191742327103e-06,7.969398830027785e-06,7.841651152638303e-06,7.325738347208246e-06
1312,8.96854078342181e-06,7.614905025548069e-06,7.836649181343899e-06,7.675221275349033e-06
1313,8.581561198500114e-06,1.4176713702909183e-05,7.881190367253212e-06,7.663337188205333e-06
1314,8.844257950436764e-06,4.7117017584241695e-06,7.920816208368503e-06,7.536704164522235e-06
1315,6.22417653276999e-06,1.1999202652077656e-05,7.873271840354493e-06,7.320376444113209e-06
1316,8.768199648127645e-06,4.746955773953232e-06,7.856394667639203e-06,7.234886973310495e-06
1317,5.735473290163403e-06,4.670875332521973e-06,7.790535045084349e-06,7.029197331212345e-06
1318,6.950159343735626e-06,6.998708704486489e-06,7.759658823690391e-06,7.063137969453238e-06
1319,6.953750351183569e-06,7.42969183193054e-06,7.646428115468653e-06,7.124749509239337e-06
1320,8.544815784464137e-06,7.756280538160354e-06,7.633951078282229e-06,7.1267633393290446e-06
1321,8.831624173682131e-06,5.2149459679640135e-06,7.676771028895423e-06,7.105592983498354e-06
1322,6.092049007848901e-06,4.670706921388046e-06,7.723355959832487e-06,7.626121871362557e-06
1323,6.924726512806956e-06,4.957271103194216e-06,7.751510753930939e-06,7.3252572543424335e-06
1324,7.393652639519941e-06,1.4542727985826786e-05,7.68730105355644e-06,7.745706176137902e-06
1325,7.99835477866711e-06,4.726316947198939e-06,7.70367894351188e-06,7.647800469931097e-06
1326,8.314867421480207e-06,4.89687209665135e-06,7.5775900188091325e-06,7.414554629576742e-06
1327,6.617559763779152e-06,6.891213033668464e-06,7.489390981350476e-06,7.654528750572355e-06
1328,7.30874779441769e-06,4.800549104402307e-06,7.525568231378404e-06,7.407673527632142e-06
1329,6.7149574654952935e-06,4.62487970253278e-06,7.417140077955588e-06,7.510817386719282e-06
1330,8.201791834936658e-06,7.307180367206456e-06,7.418169686712241e-06,7.749395210339572e-06
1331,7.891168320889442e-06,6.488722810900071e-06,7.448850350333993e-06,8.306082688432071e-06
1332,5.957446155662183e-06,7.333916346397018e-06,7.508487968577053e-06,8.854498712389614e-06
1333,8.000982755523486e-06,5.067105385023751e-06,7.42481331841797e-06,8.747357994070626e-06
1334,1.1617328733943093e-05,1.857822477177251e-05,7.340669921520911e-06,8.760509981584619e-06
1335,7.799659183547192e-06,4.956364664394641e-06,7.5099906968413665e-06,8.911803412047446e-06
1336,6.946674913908484e-06,1.8480621874914505e-05,7.471931438522006e-06,8.960051665053468e-06
1337,9.377988032307864e-06,5.1672623703780115e-06,7.436551673991844e-06,8.558493456439464e-06
1338,5.429338080931403e-06,8.34556769405026e-06,7.364973162576561e-06,8.561015185114229e-06
1339,6.639282013970336e-06,1.0711054783314466e-05,7.473201407325784e-06,9.10533583992219e-06
1340,7.128607783468195e-06,5.827822078572353e-06,7.4677502426210475e-06,9.017058503013686e-06
1341,6.057495812557236e-06,7.325552251131739e-06,7.537849767221713e-06,9.717516866294319e-06
1342,5.7612135090797284e-06,1.0635320923029212e-05,7.554008255687626e-06,9.934865221293878e-06
1343,7.717175934279416e-06,2.0915895656798967e-05,7.526043610677232e-06,1.011875542899361e-05
1344,8.444690807260081e-06,2.114009243086912e-05,7.684733631059419e-06,1.0231753766856856e-05
1345,6.452949530487078e-06,5.077762580185663e-06,7.732547733414524e-06,1.0199097723671003e-05
1346,6.728039251255622e-06,5.543745655813836e-06,7.669918974817037e-06,1.0328683795160033e-05
1347,1.03250683908603e-05,8.453042682958767e-06,7.525681429029243e-06,9.8436653304816e-06
1348,5.973245054822959e-06,6.1634774283447765e-06,7.552234360223843e-06,9.958689195991611e-06
1349,6.509158526265916e-06,4.503772770476644e-06,7.519843521307244e-06,9.479274324621657e-06
1350,6.208891993285054e-06,4.7893601640680576e-06,7.446265390555912e-06,9.501018541413941e-06
1351,1.1020573540210736e-05,1.8504888466850388e-05,7.504015431044942e-06,9.886743026800105e-06
1352,6.4812806461607884e-06,4.684279610955855e-06,7.541981087767151e-06,9.728497555988724e-06
1353,9.061235909434294e-06,2.23120081864181e-05,7.553049571712715e-06,9.930432877808925e-06
1354,7.1189196771431145e-06,1.0058588577521732e-05,7.565219535556227e-06,9.824506681979982e-06
1355,7.502675709676825e-06,1.1904435559699778e-05,7.634842948047866e-06,1.0159045133696055e-05
1356,1.1858418830444053e-05,9.313681257481221e-06,7.627066898910724e-06,9.529580461821753e-06
1357,7.152798714539838e-06,6.517515266750707e-06,7.532721285295135e-06,8.904044618611806e-06
1358,6.435263790586355e-06,8.30675717224949e-06,7.587582708806117e-06,9.364704451945726e-06
1359,8.011390089248177e-06,6.452763154811692e-06,7.630355520511027e-06,9.555783680843886e-06
1360,8.46348246341222e-06,7.831961302144918e-06,7.47567856970919e-06,9.440183986589543e-06
1361,6.136903940993458e-06,6.49525009066565e-06,7.500697291733457e-06,9.409913837225758e-06
1362,7.538534763524594e-06,5.710867790185148e-06,7.548187339085012e-06,9.407274640034301e-06
1363,6.873089093157129e-06,1.7988679828704335e-05,7.568189569873439e-06,9.941057300602551e-06
1364,7.588423432025593e-06,6.754918013029965e-06,7.435013010480261e-06,9.389013530380906e-06
1365,7.405319882107304e-06,1.0876205124077387e-05,7.455236977855546e-06,9.442004942320635e-06
1366,6.361744908645051e-06,4.677397355408175e-06,7.357713317388617e-06,8.787486931032617e-06
1367,7.5017988213706605e-06,1.8998782215930988e-05,7.349278840976897e-06,9.023222376345074e-06
1368,7.522774705850881e-06,5.179278859941405e-06,7.395429657076925e-06,8.724961265397723e-06
1369,6.086050466870397e-06,5.501696350620478e-06,7.188129039180542e-06,8.529946790440591e-06
1370,7.82448511826159e-06,1.659425841353368e-05,7.255633120116222e-06,8.797321962993012e-06
1371,7.797359543878379e-06,1.0320726378267864e-05,7.2621302036471525e-06,9.139074507766054e-06
1372,6.458144620814386e-06,5.563050326600205e-06,7.30499557418322e-06,9.092175149999093e-06
1373,6.5987131054296494e-06,5.406723694250104e-06,7.254278254751828e-06,9.206676577741746e-06
1374,7.696409710054771e-06,4.437792840690236e-06,7.371420583816265e-06,9.159640865254914e-06
1375,6.7089477629957e-06,1.813392667827429e-05,7.326192383031109e-06,9.31404504663078e-06
1376,7.691159555381294e-06,4.7037942113092865e-06,7.324276276772758e-06,8.813925564754754e-06
1377,6.986879830542926e-06,6.00906490944908e-06,7.382076678974651e-06,8.736071323073702e-06
1378,6.623144397761078e-06,5.949057904217625e-06,7.365015421378808e-06,8.5252551267331e-06
1379,6.908057766850106e-06,1.595197471033316e-05,7.390243604923954e-06,8.55297310554306e-06
1380,8.656446112177542e-06,4.447907786016003e-06,7.312539395024942e-06,8.265245873917593e-06
1381,6.675903383034489e-06,4.43831938355288e-06,7.300668451049813e-06,8.22648659523111e-06
1382,8.84040073793181e-06,1.3201894580561202e-05,7.376822156321497e-06,8.20290674273565e-06
1383,6.597690878859592e-06,1.685057079157559e-05,7.468424936188158e-06,8.391231458153926e-06
1384,9.083024352649874e-06,5.2802792106376725e-06,7.4213890634685715e-06,8.562025444189204e-06
1385,7.195549477627436e-06,1.0694496995711234e-05,7.480792882112534e-06,8.699998444717496e-06
1386,9.065462167604387e-06,5.3193572784948626e-06,7.518246351961959e-06,8.65905794853461e-06
1387,6.407829743895692e-06,9.570972324581816e-06,7.4974684357584915e-06,9.144351166833076e-06
1388,6.825186436698358e-06,5.485692781803664e-06,7.52594004281693e-06,8.666377581539566e-06
1389,9.033433487072923e-06,4.808561971003655e-06,7.460717076739658e-06,8.682028617113249e-06
1390,6.978788442211226e-06,5.6058002155623395e-06,7.475246872693079e-06,9.924327380213071e-06
1391,6.992449497273709e-06,5.37034682565718e-06,7.5534708807228715e-06,9.923086566777783e-06
1392,5.559193573895351e-06,1.1805601425294298e-05,7.5549691506845794e-06,9.56035703966336e-06
1393,7.226001106472621e-06,4.210296892779297e-06,7.485762229245868e-06,9.57446489665017e-06
1394,7.98989309866253e-06,4.912200038234004e-06,7.454393672257235e-06,9.82194098032778e-06
1395,1.0114554614928138e-05,2.1302376298990568e-05,7.364892637916556e-06,9.948473569238557e-06
1396,6.621462725888705e-06,1.4590576029149815e-05,7.343688989001547e-06,9.71213144730427e-06
1397,7.943240086913446e-06,9.012375339807477e-06,7.267415888822548e-06,9.676440591283606e-06
1398,7.53504985166526e-06,4.383211289678002e-06,7.331476397949801e-06,9.874936469714155e-06
1399,7.176961804968111e-06,1.6570123298151883e-05,7.280050547665775e-06,9.833528202580054e-06
1400,7.420737939456659e-06,6.184587045936496e-06,7.3078694843085646e-06,9.615129488884122e-06
1401,6.060585403449497e-06,5.095070100651356e-06,7.2596027155668714e-06,9.63580995776283e-06
1402,7.3501247293784725e-06,3.70665339869447e-05,7.153874573365707e-06,9.72146203093871e-06
1403,8.57874459850589e-06,5.9180375683354215e-06,7.181036343859483e-06,9.703314524449523e-06
1404,6.945514515892784e-06,6.88373653247254e-06,7.185205498576074e-06,9.6721079236886e-06
1405,6.9262730762097315e-06,4.800604210686288e-06,7.201159920603257e-06,9.661421478813281e-06
1406,5.891689458318675e-06,1.0625221475493163e-05,7.211618660868326e-06,1.0012560627001221e-05
1407,6.602874879414837e-06,1.636520930333063e-05,7.311045336246024e-06,1.0028195800987306e-05
1408,6.067599655984345e-06,1.0942017743218458e-05,7.211247566050992e-06,9.522191414725966e-06
1409,7.176196848174893e-06,4.388007810121053e-06,7.15591992104439e-06,9.257723500195424e-06
1410,8.797062205808793e-06,1.565689395647496e-05,7.113101385483687e-06,9.071834297719761e-06
1411,7.779815910503708e-06,4.284150600142312e-06,7.083877514176291e-06,9.39727026016044e-06
1412,7.103303159965435e-06,4.1110044821834894e-06,7.1118844103087524e-06,8.915895525933592e-06
1413,5.618517218156032e-06,6.002704503771384e-06,7.10747287893254e-06,8.841969288550899e-06
1414,6.390229932043844e-06,6.949863800400635e-06,7.119219732865329e-06,8.799559323233552e-06
1415,7.657832704555606e-06,5.1521125533327e-06,7.117257957522978e-06,7.769221502530854e-06
1416,7.096678365188483e-06,4.5901818066340634e-06,6.992513381192113e-06,7.817920304660219e-06
1417,5.958054124574927e-06,1.1538440303411334e-05,6.945082824151745e-06,7.860366166278253e-06
1418,7.487469613099368e-06,1.2988775597477798e-05,6.909983148903445e-06,8.574084887004574e-06
1419,1.0475559983104985e-05,5.303079387886101e-06,6.985059679613592e-06,8.496932084744914e-06
1420,7.6196103600523205e-06,8.652266642457106e-06,6.98988552584423e-06,8.201461856879178e-06
1421,5.238271600723642e-06,7.978878165886272e-06,7.055147548413112e-06,8.235719039294053e-06
1422,6.8727766978958645e-06,4.365145277915872e-06,7.109569126219465e-06,8.323357650078833e-06
1423,6.804453068980365e-06,1.2519110350694973e-05,7.019796023693442e-06,7.923730086622528e-06
1424,7.877134208279636e-06,4.535754942480707e-06,7.069275478433057e-06,7.923256515641697e-06
1425,7.3104496550513435e-06,4.336431111369165e-06,7.071793356792317e-06,7.94388570866431e-06
1426,6.354256751769248e-06,4.0348209677176786e-06,7.1630953825661e-06,8.023235858854605e-06
1427,7.3010803458196785e-06,1.1308088469377253e-05,7.2615766253471135e-06,8.07137780211633e-06
1428,5.460130190234244e-06,7.135507621569559e-06,7.32129199103737e-06,8.355155130993809e-06
1429,5.759750589883576e-06,7.944883072923404e-06,7.296799305792472e-06,8.363985205141944e-06
1430,6.0487811950022456e-06,2.264357222884428e-05,7.345908716443876e-06,8.162745090157842e-06
1431,7.768602726072357e-06,8.696401419001632e-06,7.308869211232782e-06,7.80445444397628e-06
1432,6.723521035180763e-06,8.978453606687254e-06,7.150249598675551e-06,7.778307248372583e-06
1433,7.699150220206422e-06,1.1798447303590365e-05,7.114044773738392e-06,8.139410809235414e-06
1434,8.536736293333685e-06,6.578973079740536e-06,7.123090626919294e-06,8.049775254039559e-06
1435,6.552734642658228e-06,5.666204870067304e-06,7.102831844208091e-06,8.101532359069095e-06
1436,9.016802278994066e-06,4.272311325621559e-06,7.203550059501949e-06,7.796076002341578e-06
1437,7.166250118946967e-06,4.6267343077488476e-06,7.244044484549604e-06,7.840481950188406e-06
1438,7.901067862500592e-06,7.986458258528729e-06,7.164092948813859e-06,8.146612875862048e-06
1439,8.852261001569181e-06,8.153412381943782e-06,7.372155323173502e-06,8.169166654988659e-06
1440,9.150716846812025e-06,1.2246545775269624e-05,7.435045144443899e-06,7.893418125240715e-06
1441,6.484361234066051e-06,4.810933660337469e-06,7.5264540493056615e-06,7.871284061911867e-06
1442,7.185789390860009e-06,6.507437428808771e-06,7.536256713683544e-06,7.953181619450334e-06
1443,6.5614819828220385e-06,4.031509442938841e-06,7.537973381214317e-06,7.383226938327427e-06
1444,6.510069669174199e-06,4.649399497793638e-06,7.508782536286971e-06,7.349175834315249e-06
1445,6.714489736623364e-06,1.7679855664027854e-05,7.468677302575896e-06,7.165346100373428e-06
1446,5.464417930246176e-06,5.737989285989898e-06,7.469293554277101e-06,7.366548758727733e-06
1447,6.366307130115779e-06,5.659072903654305e-06,7.5813827987480584e-06,7.326515476233908e-06
1448,9.322408451326838e-06,4.8827014325070195e-06,7.621386197853199e-06,7.38242025508953e-06
1449,8.889494834471002e-06,5.645903638651362e-06,7.488530539315736e-06,7.385145656735404e-06
1450,5.311661261657719e-06,1.198970425321022e-05,7.411710485858848e-06,7.362374242075021e-06
1451,1.1555816110760336e-05,4.598665445882943e-06,7.333488272646111e-06,7.218399783232599e-06
1452,8.873325877579595e-06,4.414375225678668e-06,7.227728116999463e-06,7.575334055218263e-06
1453,7.7453528117783e-06,6.58215603834833e-06,7.122058220738835e-06,7.27173074701568e-06
1454,6.0048171993306214e-06,9.992322011385113e-06,7.134879626412131e-06,7.278682535616098e-06
1455,6.091697883271586e-06,8.394705200771569e-06,7.174473600328686e-06,7.349311772486544e-06
1456,7.038831602888725e-06,7.845123818697174e-06,7.1820427387340005e-06,7.351931658195099e-06
1457,5.720890192403911e-06,4.382710258141742e-06,7.1946946626162065e-06,7.351059667780646e-06
1458,7.714556512736535e-06,1.6828513762447982e-05,7.233786764178756e-06,7.188200053133187e-06
1459,1.1338967405107623e-05,5.578141017394955e-06,7.4117411378109775e-06,7.669437660297262e-06
1460,7.552819620286755e-06,7.063824341457803e-06,7.398458588209502e-06,7.660073457009275e-06
1461,5.695410815557504e-06,4.340446366768447e-06,7.295800799147401e-06,7.634999704896471e-06
1462,5.245748782524768e-06,4.057448941239272e-06,7.141469361542681e-06,7.567996261786902e-06
1463,5.945512532182167e-06,4.387096787468181e-06,7.223494558618567e-06,7.24928701929457e-06
1464,6.208257110402984e-06,1.7076769181585406e-05,7.060437570766631e-06,7.231800318913883e-06
1465,6.508969440296318e-06,4.656463070205064e-06,6.98184646700813e-06,7.274519123529899e-06
1466,6.804896375898453e-06,4.984728375347913e-06,6.9193688991314664e-06,7.19128298733267e-06
1467,8.175638738773867e-06,8.273168350569905e-06,6.916333283354308e-06,7.623174017498968e-06
1468,6.750710442954894e-06,4.097006585652707e-06,7.043059676652774e-06,7.549599575577303e-06
1469,6.826367766229345e-06,4.6275997374323194e-06,7.042826422063323e-06,7.4620488983782705e-06
1470,7.691792275687072e-06,1.3608365297841375e-05,7.122634519974882e-06,7.5682226291974074e-06
1471,9.91327727105171e-06,1.7768929465091786e-05,7.0903104752990955e-06,7.086405109657789e-06
1472,6.034243390078902e-06,5.4249678214546295e-06,6.9160273494263595e-06,7.039644798715017e-06
1473,6.755963724774321e-06,4.2558576296869434e-06,6.853755979055778e-06,6.996593273288453e-06
1474,5.031208894352959e-06,3.97081756091211e-06,6.901881944799647e-06,7.062032210524194e-06
1475,7.36229118855489e-06,4.0219731909019174e-06,6.918371328316021e-06,7.054542061814573e-06
1476,7.479391414461942e-06,4.161497936365777e-06,6.956488802865755e-06,7.067748377448878e-06
1477,6.908548283617064e-06,5.482345341079054e-06,6.962196147934365e-06,6.928907081601209e-06
1478,6.183413614861719e-06,4.501252633417608e-06,6.968270194475838e-06,6.901322400517529e-06
1479,5.928926804901696e-06,2.0789597765542567e-05,7.004798891486846e-06,6.935152544610901e-06
1480,9.259857715733233e-06,6.555344152729958e-06,6.921423119234128e-06,7.15366141521372e-06
1481,7.033000238152454e-06,5.656356888721348e-06,6.997894697875988e-06,7.16039275539515e-06
1482,7.716092640192882e-06,7.037053528620163e-06,6.987923670991829e-06,7.165426679785014e-06
1483,6.90645539584188e-06,4.783075773957534e-06,6.898551775237947e-06,7.015879379105172e-06
1484,6.981889258289205e-06,4.4091332438256355e-06,6.697261684813486e-06,6.625966013598372e-06
1485,5.9960353610222224e-06,5.987536205793731e-06,6.703255209261747e-06,6.5627576892438805e-06
1486,6.8985599591542265e-06,5.976419797661947e-06,6.7115433693187615e-06,7.798084610476508e-06
1487,5.657983370434117e-06,3.8701952234987406e-06,6.854791854049028e-06,7.793297916578012e-06
1488,6.898449395925531e-06,4.717254678325844e-06,6.792873924051593e-06,7.86028155198437e-06
1489,6.350940737118233e-06,1.3605736785393675e-05,6.73697793980763e-06,7.859025141078747e-06
1490,6.660820603833094e-06,3.966846043113037e-06,6.707706092250496e-06,7.84455835528206e-06
1491,7.718113801173684e-06,5.830481977682212e-06,6.690850975145523e-06,7.889383863584953e-06
1492,6.091244432455924e-06,1.373589011564036e-05,6.715981122639886e-06,7.4065181015612335e-06
1493,8.662499909001377e-06,4.2652900901885e-06,6.603726139615497e-06,7.5216681365418495e-06
1494,6.577092094125368e-06,4.753447847178904e-06,6.581308958710805e-06,7.5720142085629054e-06
1495,5.4574948818400214e-06,9.869682780845324e-06,6.622837093729888e-06,7.840622241201345e-06
1496,4.881025010440175e-06,8.02109532742179e-06,6.6757105413368365e-06,8.114488501814777e-06
1497,6.1840815012854166e-06,3.844759712592349e-06,6.639241346541288e-06,8.286143480654573e-06
1498,6.963167726199673e-06,3.513903066050261e-05,6.685624777027341e-06,8.508617335610324e-06
1499,8.612421012609654e-06,3.851150213449728e-06,6.636399817458975e-06,8.42135950188094e-06
1500,5.814342938619019e-06,5.696564076060895e-06,6.6786729094827825e-06,8.506136017967944e-06
1501,6.081991808362848e-06,4.130087663725135e-06,6.716589987081533e-06,8.507466484661563e-06
1502,6.176752094688709e-06,5.120675696161925e-06,6.705563345187531e-06,8.208106158053853e-06
1503,5.762035687237383e-06,5.621890340989921e-06,6.848151241885919e-06,8.329270884860307e-06
1504,6.557180492260765e-06,8.717953714949545e-06,6.754665360393927e-06,8.251510442642028e-06
1505,6.453483140123555e-06,9.434095027245348e-06,6.7088387160563585e-06,7.86050723399967e-06
1506,6.472570715535161e-06,6.91500868924777e-06,6.661489563602016e-06,8.115329064094113e-06
1507,8.754296015669955e-06,1.3752254344581161e-05,6.704344054236975e-06,8.105524655184126e-06
1508,8.22829158601558e-06,1.1629732289293316e-05,6.744223090997061e-06,7.890608727757353e-06
1509,6.070159388400498e-06,8.70050771482056e-06,6.834115723561101e-06,7.765732341795228e-06
1510,7.155621123173559e-06,1.1549382579687517e-05,6.804532627837842e-06,7.845212343454477e-06
1511,5.667935969945069e-06,3.7949739544274055e-06,6.887015229767712e-06,6.6324628824077086e-06
1512,6.714810671029328e-06,5.98960812567384e-06,6.776203355245041e-06,6.722471978719114e-06
1513,7.846376335894294e-06,4.750516345666256e-06,6.8159637261891894e-06,7.094971054902999e-06
1514,6.075274689768169e-06,6.1217286202008834e-06,6.790128924795784e-06,7.156814061090699e-06
1515,1.0225518021292777e-05,6.995964213274419e-06,6.784911209676163e-06,7.117565975568142e-06
1516,5.380966763873908e-06,3.886470922225271e-06,6.795433302835995e-06,7.404252339256346e-06
1517,4.945578324016727e-06,3.9608098995813635e-06,6.8378743738826925e-06,7.223753586731618e-06
1518,7.478771097642796e-06,1.0635835842549568e-05,6.802757574870258e-06,7.0540157175855715e-06
1519,7.648454359999354e-06,4.508337624429259e-06,6.7730915867084865e-06,7.3325729295902425e-06
1520,6.454470800842197e-06,4.496784595175996e-06,6.699565498577917e-06,7.071223459934118e-06
1521,7.128340824541131e-06,4.899185678368667e-06,6.614335496548545e-06,6.756148334534374e-06
1522,5.4445041082039505e-06,5.831759754073573e-06,6.624316156072989e-06,6.611600118048956e-06
1523,9.02523277444642e-06,4.820294134333381e-06,6.569423022362268e-06,6.4405134566186476e-06
1524,5.842124149542845e-06,6.10137762123486e-06,6.619148832255127e-06,6.584733612908168e-06
1525,6.8083522122227195e-06,1.5009040980658028e-05,6.571971417947173e-06,6.652358846986317e-06
1526,5.436121773527702e-06,5.676162818417651e-06,6.5162025855695694e-06,6.616561761984487e-06
1527,6.046309216698217e-06,4.139473558097961e-06,6.486862222138571e-06,6.872431495503407e-06
1528,6.025088016233187e-06,1.2789049433195033e-05,6.36431484320686e-06,6.798376560618636e-06
1529,7.6182072684282e-06,4.205484901831369e-06,6.4250526684595056e-06,7.698956897002064e-06
1530,5.575563164812694e-06,5.1906482985941695e-06,6.497545908172873e-06,7.763755032647168e-06
1531,5.730921011490864e-06,1.3878938989364543e-05,6.4721480330869466e-06,7.989187369821594e-06
1532,6.916143812405708e-06,7.218517603178043e-06,6.475348101028228e-06,8.300236349168701e-06
1533,6.0975415352812785e-06,3.7528541542997116e-06,6.620552917431471e-06,8.345771095991948e-06
1534,6.31967587651161e-06,5.086802302685101e-06,6.610822949409743e-06,8.298464192921527e-06
1535,5.783292780405544e-06,7.272216043929802e-06,6.648555381899415e-06,8.236095057509372e-06
1536,6.911081217266554e-06,7.400477861665422e-06,6.666519474472605e-06,8.870934207152458e-06
1537,5.5353753133305064e-06,7.680238977627596e-06,6.788465161258097e-06,9.434373082694948e-06
1538,6.4521555264541855e-06,3.855589220620459e-06,6.818505423830681e-06,9.149899037220165e-06
1539,5.34176560399323e-06,1.2518471958173905e-05,6.82741819998935e-06,9.34505741643079e-06
1540,7.161833547999979e-06,5.14459084115515e-06,6.8399871526910134e-06,9.870424264954635e-06
1541,6.8994123951900595e-06,2.640097933181096e-05,6.8101758826135974e-06,9.78313471932779e-06
1542,6.7579093168509035e-06,5.580763290709001e-06,6.71232905875109e-06,9.800011809784336e-06
1543,6.843824220494652e-06,1.627164427191019e-05,6.716606884219801e-06,9.770708801079306e-06
1544,7.728456058531366e-06,1.2284562108106912e-05,6.68878975100395e-06,9.67476146543049e-06
1545,1.0084591210923261e-05,5.6351532657572534e-06,6.680508083849823e-06,9.891416649770689e-06
1546,6.88509162399795e-06,3.7165131016081433e-06,6.748769667319722e-06,9.961852196647666e-06
1547,6.387814920445736e-06,4.272531368769705e-06,6.67896197949934e-06,9.930343916857964e-06
1548,9.474335088776165e-06,2.0691272875410506e-05,6.69626000209165e-06,9.793536118013433e-06
1549,8.890766319180127e-06,2.018734950979706e-05,6.768086177584741e-06,9.664595258072952e-06
1550,7.559358776537313e-06,7.89718984378851e-06,6.854076854506275e-06,9.647480436979092e-06
1551,5.658941177494449e-06,1.0555122298683272e-05,6.861138643459222e-06,9.68669310605037e-06
1552,6.3605330342397795e-06,1.7273644771194087e-05,6.885837081992779e-06,9.517761871393305e-06
1553,5.279806264297804e-06,1.0606810792523903e-05,6.894254353958078e-06,9.70225787277741e-06
1554,5.172036671865499e-06,4.6274121632450264e-06,6.859140247817979e-06,9.021301631219104e-06
1555,5.6825088015304775e-06,4.458073080968461e-06,6.828854781310332e-06,8.944545424310493e-06
1556,5.035492681094588e-06,1.148025559814414e-05,6.779443091404068e-06,8.496685303543928e-06
1557,6.7091021335525305e-06,1.2634897211682983e-05,6.758684063566357e-06,8.372430028975942e-06
1558,7.804081122028745e-06,5.513742826224188e-06,6.684988997908981e-06,8.360161379823694e-06
1559,4.574483681002069e-06,4.29909530794248e-06,6.603505864647256e-06,8.508282507318654e-06
1560,6.215743345213316e-06,3.852021072816569e-06,6.543097634413344e-06,8.505788565889818e-06
1561,8.706735604593834e-06,4.1769563631532945e-06,6.376179121677221e-06,7.842407698626631e-06
1562,7.685142236368847e-06,7.252368450281211e-06,6.334505595077646e-06,7.19058671838866e-06
1563,6.628700250277891e-06,4.835905947402353e-06,6.2555500536594396e-06,7.04702656603331e-06
1564,5.959226567332128e-06,8.295191091747256e-06,6.292935809162576e-06,7.080985501124815e-06
1565,7.372265347132472e-06,9.756990875757765e-06,6.2326440105405515e-06,6.7224867629192896e-06
1566,6.021559741687573e-06,9.37707329285331e-06,6.275899891544316e-06,6.473056496724895e-06
1567,6.000772654159745e-06,3.6618581179936883e-06,6.29360233316321e-06,6.64085266962502e-06
1568,5.608531972838035e-06,5.075141252746107e-06,6.2863392173716845e-06,6.746172559542175e-06
1569,7.209480362588591e-06,9.178180243907264e-06,6.3400047285136286e-06,6.520119582091866e-06
1570,8.242214569488877e-06,5.328437036951073e-06,6.446207944948886e-06,6.217537716474909e-06
1571,4.848013292454804e-06,7.419541288982145e-06,6.368077693372875e-06,6.212841927299451e-06
1572,4.8776091645979454e-06,4.210182833048748e-06,6.512407159021273e-06,6.498502231079329e-06
1573,5.301372270373072e-06,4.10675119383086e-06,6.513823752074031e-06,6.5712115587302835e-06
1574,7.848928154190717e-06,3.891825003847771e-06,6.554233356453349e-06,6.581155826825125e-06
1575,5.5854702410821724e-06,4.308186034904793e-06,6.495767606571058e-06,6.48395660227834e-06
1576,6.593585065072855e-06,1.1404095675970894e-05,6.422323027517349e-06,6.458147900229961e-06
1577,4.853238068689178e-06,8.311176316055935e-06,6.538646539572963e-06,6.392258182859224e-06
1578,6.3612032893919e-06,4.371054137664032e-06,6.420668062815417e-06,6.15451771318476e-06
1579,5.614597712337854e-06,8.822316485748161e-06,6.435583275459875e-06,5.959205369981647e-06
1580,5.5009309067423196e-06,7.091070328897331e-06,6.481398839484124e-06,6.179084601717478e-06
1581,6.377130459643215e-06,5.82893116188643e-06,6.512429898389706e-06,6.1278300543563095e-06
1582,9.364182544433991e-06,5.0703505712590415e-06,6.412522987132737e-06,5.979203900096764e-06
1583,5.8508248326284555e-06,5.396348096837756e-06,6.290945337524237e-06,5.928586548361637e-06
1584,8.182720322212036e-06,1.1440602902439423e-05,6.369384551241336e-06,5.842854775437445e-06
1585,6.251158171532249e-06,5.669754264090443e-06,6.371274638594414e-06,5.983921010374616e-06
1586,9.716975714076801e-06,4.425563065524329e-06,6.472910296926987e-06,6.117805888607109e-06
1587,6.223498489311573e-06,4.822387836611597e-06,6.360337809302212e-06,6.144978751035524e-06
1588,4.792585773935166e-06,4.190688396192854e-06,6.470066843394308e-06,6.268326694043935e-06
1589,8.867314368722469e-06,6.647948157478822e-06,6.472903953787561e-06,6.021245289957733e-06
1590,4.422803428193826e-06,3.8134791338961803e-06,6.51817322981919e-06,5.83203684509499e-06
1591,6.394440057799026e-06,4.494264712775475e-06,6.494633685037521e-06,6.072379319448374e-06
1592,7.146161754765975e-06,9.158838911389467e-06,6.511316952269731e-06,5.860381187449093e-06
1593,6.384308445477573e-06,3.793777568716905e-06,6.5252266037633595e-06,5.83209876458568e-06
1594,4.71180758116437e-06,5.4625263874186205e-06,6.512621690773005e-06,5.768949855337268e-06
1595,5.202773329276371e-06,4.063003243572893e-06,6.354632008272651e-06,6.407790823868709e-06
1596,6.808993635382244e-06,5.276246965877362e-06,6.366130859613704e-06,6.336134255980141e-06
1597,4.924861348424909e-06,7.73683870647801e-06,6.3823417211501196e-06,6.032245666938251e-06
1598,7.84226372868741e-06,7.453873149643187e-06,6.403659910008881e-06,5.993734304865938e-06
1599,5.0346159635713166e-06,4.571146564558148e-06,6.250641535734758e-06,6.165290049102621e-06
1600,8.328696093384577e-06,7.391884610115085e-06,6.270292784716326e-06,6.86556211367133e-06
1601,6.6645128249041994e-06,5.227060573815834e-06,6.364269130507535e-06,6.899728543430682e-06
1602,5.98496996947991e-06,3.5809651944873623e-06,6.253686753593178e-06,6.839266681345178e-06
1603,5.77271466985015e-06,1.0379615996498615e-05,6.276381937318041e-06,7.225546799236325e-06
1604,6.031679393143147e-06,3.522363185766153e-06,6.285890159051632e-06,7.223609377979301e-06
1605,5.8486721940830145e-06,6.384009757312015e-06,6.2056356434267294e-06,7.024953122527222e-06
1606,6.0620076348843415e-06,4.250208430676139e-06,6.271776559515273e-06,7.2839644963096354e-06
1607,5.414440481925138e-06,2.104137478454504e-05,6.322775889930198e-06,7.227277293350197e-06
1608,6.1382961161547835e-06,3.604933899623575e-06,6.397391951153016e-06,7.21030892964336e-06
1609,8.587991860622424e-06,3.843388176392182e-06,6.335681383805221e-06,7.701243435803917e-06
1610,6.784112893001293e-06,4.706970212282613e-06,6.37666679778906e-06,7.533553350367582e-06
1611,5.891516357223736e-06,8.714456671441439e-06,6.267213273410259e-06,7.385627501753332e-06
1612,6.714779713850779e-06,2.232918945082929e-05,6.262506499074839e-06,7.794783722602005e-06
1613,7.141994418715411e-06,5.044849140176666e-06,6.1934203498013735e-06,7.727255947065712e-06
1614,6.1027549458635295e-06,5.136401605341234e-06,6.151048546275383e-06,7.748877818630716e-06
1615,4.9901830213154124e-06,1.347048208117485e-05,6.252338678394961e-06,7.789036613939968e-06
1616,6.632145601138796e-06,4.445829181349836e-06,6.33121566849392e-06,7.775622085137002e-06
1617,5.139798864143409e-06,4.192432525087497e-06,6.357941829951919e-06,7.91192159285856e-06
1618,8.03783134769118e-06,1.0269061913277256e-05,6.364742479773769e-06,7.920987250508915e-06
1619,5.986790841537489e-06,4.0453463134326736e-06,6.348482328919797e-06,8.875635302865703e-06
1620,7.0681748598468e-06,3.6387941509019583e-06,6.379856794066856e-06,8.221371203217132e-06
1621,5.266229451687347e-06,1.754960961989127e-05,6.4369312575662554e-06,8.311866038093287e-06
1622,5.949496698020893e-06,3.5445865705696632e-06,6.358773344295009e-06,8.641193770199607e-06
1623,5.105925619217386e-06,3.7557269342869404e-06,6.28848441701848e-06,8.631015566606949e-06
1624,4.9169466051858355e-06,1.480005208577495e-05,6.301056609016895e-06,9.274401765105723e-06
1625,6.6015423615479245e-06,5.703690221707802e-06,6.28943179172994e-06,8.826190488434805e-06
1626,5.605217736754437e-06,5.767607362940908e-06,6.256071549392397e-06,8.844117461740098e-06
1627,8.517223272469386e-06,4.584935077218688e-06,6.219699033802802e-06,8.79924173004838e-06
1628,7.744639422324124e-06,1.0044252776424401e-05,6.269669764676818e-06,8.474859224406828e-06
1629,6.699833429593127e-06,6.929850878805155e-06,6.2139795436248996e-06,8.753374129628356e-06
1630,6.018688439629234e-06,6.61065119857085e-06,6.301373133222418e-06,8.741977823774506e-06
1631,5.6555038635350585e-06,2.811640973959584e-05,6.307131387358015e-06,8.47366518664785e-06
1632,6.198802110601618e-06,4.684772293330753e-06,6.300133973652717e-06,8.503037964510441e-06
1633,7.565157703639771e-06,5.867304771527415e-06,6.296732919104721e-06,8.497377656567551e-06
1634,6.634044028841244e-06,1.2076581479050219e-05,6.28373254447878e-06,7.945827049297805e-06
1635,5.026889711088087e-06,4.452515122466139e-06,6.268421603211512e-06,7.956378849303292e-06
1636,6.205821157184093e-06,2.47991116339108e-05,6.294738378346665e-06,8.046440291218461e-06
1637,6.424159281676919e-06,1.1123907534056343e-05,6.3928160642010185e-06,7.651974017426256e-06
1638,6.307988360276795e-06,5.493023472809e-06,6.526123141197281e-06,8.108731060565331e-06
1639,5.193442056123685e-06,4.014508313048282e-06,6.55446158460917e-06,8.081778285486506e-06
1640,6.2394512931657825e-06,5.360919440136058e-06,6.401346401212829e-06,8.038900295650818e-06
1641,5.2398900748408375e-06,1.1408701811888023e-05,6.2611709771873505e-06,7.802438536600673e-06
1642,7.324638604081378e-06,3.907524878741242e-06,6.252642893842778e-06,8.292195991816697e-06
1643,8.181787701081096e-06,3.5612459851108725e-06,6.243256010060981e-06,8.470491450862028e-06
1644,5.811855498905061e-06,4.7796657599974424e-06,6.221768657653431e-06,7.534211151505587e-06
1645,6.983148496146896e-06,3.4972864523297177e-06,6.2451228461617975e-06,7.613929733997792e-06
1646,4.9412200860388115e-06,3.7608444381476147e-06,6.209935553548954e-06,7.559893206780544e-06
1647,5.5667231663392155e-06,3.8083815707068423e-06,6.147536921242943e-06,7.23892961286765e-06
1648,5.763844997596203e-06,6.007262982166139e-06,6.156317592568585e-06,7.635460776509716e-06
1649,7.368888751544647e-06,4.93839524096984e-06,6.136282944114807e-06,6.782932416535913e-06
1650,9.934219286454512e-06,1.7122616300184744e-05,6.167391362335668e-06,6.520986440227715e-06
1651,6.313678822051669e-06,5.093787985970266e-06,6.139660460879289e-06,6.448742014617891e-06
1652,4.689343687560823e-06,3.5129853313264905e-06,6.145142185535709e-06,6.671795645161182e-06
1653,4.2402538216871715e-06,4.132708800170803e-06,6.172092542894663e-06,6.741762745150482e-06
1654,6.4866313459788215e-06,1.917378725920571e-05,6.242740475701997e-06,6.683166806396912e-06
1655,5.784016345084334e-06,1.10680376747041e-05,6.14521024112441e-06,6.968279482316575e-06
1656,5.1183200533463e-06,4.709402255684836e-06,6.0374833049637446e-06,6.992426332362812e-06
1657,6.782656823310794e-06,6.677736855635885e-06,6.02154124256534e-06,6.949015545251314e-06
1658,6.685475388318688e-06,4.516391591096181e-06,5.998561248513094e-06,6.972898893218372e-06
1659,5.07407822119098e-06,4.052491631227895e-06,6.045541176798805e-06,6.981177194029443e-06
1660,5.246406494229126e-06,1.4365794213517801e-05,6.017827057884359e-06,7.172618889671868e-06
1661,5.704954945839644e-06,3.4859026345657185e-06,6.039027823256522e-06,7.089104110127665e-06
1662,7.201869737198447e-06,4.5752581263514e-06,5.986189644338285e-06,7.303657513693907e-06
1663,5.6147158238673e-06,3.6869128325633936e-06,5.807309504881333e-06,6.825737216422568e-06
1664,5.3304851725341805e-06,9.590849076630548e-06,5.822801401195142e-06,6.863497501763051e-06
1665,6.913210227139644e-06,7.110096939868526e-06,5.9630166233142104e-06,6.861787962043311e-06
1666,7.006088395024158e-06,9.943803343048785e-06,5.991161781417354e-06,6.8859070983307915e-06
1667,4.886382739641703e-06,1.103534177673282e-05,5.981109608506408e-06,6.321264569851337e-06
1668,5.488614297064487e-06,4.164917236266774e-06,5.982379317113858e-06,6.673757434327854e-06
1669,5.413303938944914e-06,3.6943960822100054e-06,6.026421862851647e-06,6.707538074260811e-06
1670,6.4086486448407715e-06,4.094370151506155e-06,6.0187859564191764e-06,6.5890208552445984e-06
1671,6.1157182931815945e-06,3.967801958424388e-06,5.955606713177986e-06,6.5727642686397305e-06
1672,4.8738701934780694e-06,8.594423961767461e-06,5.9453124102825935e-06,6.55613358503615e-06
1673,6.293864131900288e-06,3.919393493561074e-06,5.945933965954789e-06,6.114547420838789e-06
1674,6.047934278588703e-06,1.0302230330125894e-05,5.9028178139366615e-06,6.164321266442129e-06
1675,5.462215800030713e-06,5.174608868401265e-06,5.939140729686997e-06,6.1217910588311485e-06
1676,6.7009762298968986e-06,6.037795119482326e-06,5.931118542159515e-06,6.632082144278683e-06
1677,8.194724240537552e-06,3.4702468383329688e-06,6.006387824992192e-06,6.909812316371244e-06
1678,4.943882774265755e-06,4.735687207357842e-06,6.0308822184298275e-06,6.787283706216841e-06
1679,6.235327023205173e-06,5.057724047219381e-06,6.095168272097203e-06,6.666099490757916e-06
1680,5.815759060270567e-06,1.988035928661702e-05,6.154775755304502e-06,6.392707777558826e-06
1681,6.219383696791031e-06,5.55391825400875e-06,6.173424454654096e-06,6.670597128322698e-06
1682,6.591759162499026e-06,3.7148063802305842e-06,6.162100626554296e-06,6.652590616613453e-06
1683,5.105994307288913e-06,4.109976925974479e-06,6.099297389603939e-06,6.698201660583437e-06
1684,4.816720648806141e-06,3.636724541138392e-06,6.09835554086102e-06,7.220494345710905e-06
1685,5.26194538603401e-06,3.326140108583786e-06,6.208426691207731e-06,7.176828066621965e-06
1686,4.627051145386456e-06,4.730248774649226e-06,6.15858616779911e-06,7.1945724810575476e-06
1687,8.109942630956841e-06,3.5120029360768967e-06,6.095116774627564e-06,7.206805854184494e-06
1688,5.414161135680236e-06,1.6444189968751742e-05,6.186411327265281e-06,7.300573592328875e-06
1689,7.212217243351107e-06,1.6534103378944566e-05,6.11289715790109e-06,7.189532897427852e-06
1690,7.525570063080522e-06,4.046881686008419e-06,6.025169274956474e-06,7.321982852045038e-06
1691,8.613239736708541e-06,6.914197956575663e-06,6.161260358021538e-06,7.579681566676299e-06
1692,6.376569819824201e-06,4.200548946755589e-06,6.152004167274249e-06,7.5325164632886294e-06
1693,5.954831780804347e-06,1.1112151005363558e-05,6.133991703690198e-06,7.083448845696695e-06
1694,5.130208236449915e-06,3.2442332894788707e-06,6.216140667149578e-06,7.015374165166576e-06
1695,4.838567721081846e-06,5.234646250755759e-06,6.166815484337147e-06,7.278974871042009e-06
1696,6.092172074608647e-06,1.7025119086611083e-05,6.178590653204691e-06,7.3087244078124055e-06
1697,7.625648952145841e-06,7.502766984543996e-06,6.17880892898231e-06,7.313036287632712e-06
1698,5.047851046684729e-06,4.363003854450653e-06,6.212144449717825e-06,7.315778166594099e-06
1699,4.461199449300087e-06,1.0608064658299554e-05,6.454235790139744e-06,7.281592305298546e-06
1700,7.744579615973635e-06,7.5188023220107426e-06,6.41385973429149e-06,7.613952377323585e-06
1701,4.863121995792123e-06,3.2617777469567955e-06,6.425289608705498e-06,7.113498976650589e-06
1702,6.0015271669221365e-06,6.78149570376263e-06,6.3709024048269685e-06,6.877897226331697e-06
1703,8.346159850892339e-06,1.1178155073139351e-05,6.2984864271331594e-06,6.960997006717662e-06
1704,6.0039222545229775e-06,3.878596462527639e-06,6.192610700499143e-06,6.970258787441708e-06
1705,5.365447470669298e-06,8.653668846818618e-06,6.249184023322919e-06,7.213220298035594e-06
1706,8.273107783275515e-06,3.852051240755827e-06,6.313594620526904e-06,7.368414459961059e-06
1707,5.358629592188259e-06,1.030482402711641e-05,6.473813386340529e-06,7.583994442393306e-06
1708,5.400373528977475e-06,4.853715345234377e-06,6.566755712608736e-06,7.623845615307801e-06
1709,4.822177543246653e-06,3.7445215366460618e-06,6.493557429368796e-06,7.084750225840254e-06
1710,6.095333404421884e-06,3.394687082618475e-06,6.3616318281977645e-06,7.38821182276297e-06
1711,1.0679334655934428e-05,3.875602242260357e-06,6.356404728224637e-06,7.486734487611103e-06
1712,7.100541234750482e-06,1.182100473670289e-05,6.40878271790118e-06,7.277845004864504e-06
1713,5.699907996030459e-06,3.932854951926856e-06,6.368845699297608e-06,7.23137492677779e-06
1714,5.85253714638788e-06,1.0644059620972257e-05,6.373462841131389e-06,7.254083507723408e-06
1715,5.715170620735282e-06,6.1243761956575325e-06,6.3821983253647995e-06,7.67919129866641e-06
1716,5.9663465708581495e-06,7.145742474676809e-06,6.292920115083691e-06,7.670659373980017e-06
1717,7.790902890418592e-06,1.0274586711602752e-05,6.291682641676744e-06,7.700833049239009e-06
1718,7.565096710903971e-06,1.499200505350018e-05,6.30095496946726e-06,7.522694515500917e-06
1719,9.135677381790528e-06,8.633732850285014e-06,6.265921135531648e-06,7.640904138315819e-06
1720,7.1621258777870225e-06,6.230925573618151e-06,6.319378852478824e-06,7.360361738028588e-06
1721,4.262214993610137e-06,3.5477343499223934e-06,6.304010141421814e-06,7.299125127610752e-06
1722,4.327508922870038e-06,1.50893069076119e-05,6.302657499307113e-06,7.306913677894046e-06
1723,4.91717354735657e-06,6.826070475653978e-06,6.249531970085324e-06,7.304110291443067e-06
1724,5.770649191213629e-06,5.385827589634573e-06,6.00372827153074e-06,7.379879631480436e-06
1725,6.746154150884346e-06,6.357050369842909e-06,5.9758788021200515e-06,7.72501003011712e-06
1726,4.97855054163665e-06,3.829492270597257e-06,6.007054580024689e-06,7.719717615327682e-06
1727,6.219914272757402e-06,1.7409190477337688e-05,5.987221983680986e-06,7.44137222864083e-06
1728,6.114204593864593e-06,1.0964856955979486e-05,5.992323117627368e-06,7.423952239332719e-06
1729,5.972985419349344e-06,4.632938344002469e-06,6.029781834533625e-06,7.66537374802283e-06
1730,5.5972556654321835e-06,4.2002055033663055e-06,5.926522821775709e-06,7.400074800898436e-06
1731,7.397261934885238e-06,6.80729181112838e-06,5.9280966462514095e-06,6.948626122539281e-06
1732,6.695072515867651e-06,3.2912640199356247e-06,5.832997216526161e-06,6.742361899887328e-06
1733,5.016155752552247e-06,3.3228000847884687e-06,5.7940110505215775e-06,6.652834722990518e-06
1734,4.7883614903791265e-06,3.939235293728416e-06,5.821000323339831e-06,6.840205010666977e-06
1735,4.767195173877149e-06,3.324602421344025e-06,5.87386760412806e-06,6.512133481737692e-06
1736,4.534242192069845e-06,5.769835743194563e-06,5.854275578248133e-06,6.423826137324795e-06
1737,6.4043044994832596e-06,2.0449264702619985e-05,6.2054111107702034e-06,6.549175011605258e-06
1738,6.479302443646399e-06,3.8005445821909234e-06,6.188462720294612e-06,6.472273305189447e-06
1739,5.356722237795313e-06,3.685424953800975e-06,6.2031614308782286e-06,6.450212218260278e-06
1740,5.84269896939481e-06,5.688876462954795e-06,6.1448278318291875e-06,6.3927905324817415e-06
1741,6.902814493514597e-06,1.3181280191929545e-05,6.09568899676055e-06,6.242884946186678e-06
1742,5.209427571470668e-06,3.642113033492933e-06,6.099628353775997e-06,6.270484707420111e-06
1743,7.6044423227964824e-06,3.7057880945212674e-06,6.136551634335774e-06,7.1329857571981854e-06
1744,6.7581916386593045e-06,3.477127283986192e-06,6.088199703218479e-06,7.0199069359659926e-06
1745,6.187471727672447e-06,3.992746151197935e-06,6.038932179702291e-06,7.023052838121658e-06
1746,4.936946814066484e-06,8.23199154183385e-06,6.048311135358138e-06,7.10792734316783e-06
1747,5.6491909425757414e-06,6.887518684379756e-06,6.04248276722501e-06,7.247291062594741e-06
1748,4.427372900358427e-06,4.618386865331558e-06,6.065829857066597e-06,7.413029649978852e-06
1749,1.454903750426537e-05,8.519549446646124e-06,6.112863456696181e-06,7.621458045468898e-06
1750,6.322444388994579e-06,4.434507709447644e-06,6.1005106393268866e-06,7.008049185969866e-06
1751,5.346018306227052e-06,3.2779650973679966e-06,6.0849388085747094e-06,7.018190199960372e-06
1752,4.761574296531358e-06,1.597364833287429e-05,6.097032709415847e-06,7.2109936132619616e-06
1753,4.885733717148671e-06,7.217217298602918e-06,6.0436436773064396e-06,7.1151566087792155e-06
1754,6.0714693447355075e-06,5.322932374838274e-06,5.969016129246383e-06,6.86576480657095e-06
1755,6.520337679426626e-06,2.576273174781818e-05,5.983908450919747e-06,6.8798789034190105e-06
1756,6.18846365695289e-06,3.980321280323551e-06,5.88672154796465e-06,6.870876127868542e-06
1757,5.463384427962915e-06,3.3699115738272667e-06,5.868343675420975e-06,6.855318313682801e-06
1758,5.250629643948438e-06,5.444662710942794e-06,5.8380055355478864e-06,6.838129909738199e-06
1759,4.642652287050926e-06,7.4233282794011755e-06,5.883460146065367e-06,6.802302659343694e-06
1760,5.350872419916817e-06,7.46806710594683e-06,5.86203021656628e-06,6.964379328564973e-06
1761,5.7100821828094515e-06,1.0980545630445704e-05,5.931991716574379e-06,6.908999980078079e-06
1762,6.0954840652508814e-06,5.114043215144193e-06,5.525657199642511e-06,6.697816295491066e-06
1763,6.090006674841991e-06,4.054069931953564e-06,5.553980990144838e-06,6.70383113065327e-06
1764,5.6590697588237365e-06,8.505510286340724e-06,5.6328137874920175e-06,6.7077653086016665e-06
1765,4.507973166659617e-06,3.2929513508861417e-06,5.6358489611334834e-06,6.192620745241585e-06
1766,5.037125792013184e-06,6.946485136722913e-06,5.660380196180388e-06,6.037142814784603e-06
1767,5.581735613304772e-06,3.9949654546944655e-06,5.6101188899548205e-06,6.085256215556002e-06
1768,5.174769748919061e-06,3.4807187057595e-06,5.554872533644408e-06,5.33354295675963e-06
1769,6.298744825067438e-06,3.0881819293426815e-06,5.542840328113623e-06,5.303556317630865e-06
1770,5.429018230845233e-06,3.5630360525829018e-06,5.6013988996104064e-06,5.436007104253805e-06
1771,6.073312077003518e-06,7.336310281971237e-06,5.578975831364612e-06,5.38190776223928e-06
1772,5.1134427050985525e-06,1.0939435414911713e-05,5.619867887415037e-06,5.362126552972768e-06
1773,6.176410400560902e-06,3.23390315315919e-06,5.643394137849909e-06,5.210572397299984e-06
1774,4.390674580968657e-06,3.2399573319707995e-06,5.7324759006910925e-06,4.943335185998876e-06
1775,7.030539151552754e-06,4.584878588502761e-06,5.71514996704031e-06,5.118577897701471e-06
1776,7.31683823990655e-06,3.376319546077866e-06,5.679094236661006e-06,5.132563158440463e-06
1777,4.8374536375680086e-06,3.0950342488722527e-06,5.637755830179633e-06,4.972003500552092e-06
1778,5.4990145933212865e-06,3.330269037178368e-06,5.665270414647238e-06,5.009965020690289e-06
1779,4.814936689096309e-06,6.52576739412325e-06,5.638091633894267e-06,4.960567429770891e-06
1780,5.13917877166629e-06,6.969900277908892e-06,5.649281140944771e-06,5.097873175145651e-06
1781,5.8876585186832626e-06,3.2306553021044236e-06,5.630035094691266e-06,5.46847789137246e-06
1782,6.927348715382525e-06,6.6811812394007574e-06,5.599604314294185e-06,5.633769847008808e-06
1783,4.690052937803557e-06,4.09217916057969e-06,5.661701464062692e-06,5.710822060973442e-06
1784,5.6649536883115714e-06,6.928798047738382e-06,5.619586774971847e-06,5.5995508448177135e-06
1785,5.939028680788599e-06,3.6792132141272304e-06,5.655321667189937e-06,5.375226724754611e-06
1786,7.937126253839071e-06,4.299615347918007e-06,5.7096632955613636e-06,5.40761922729871e-06
1787,5.662335723981313e-06,9.495111007709057e-06,5.816212795677227e-06,5.4472059766339955e-06
1788,5.188613415359416e-06,4.4037014504283435e-06,5.737218821236133e-06,5.396589566589682e-06
1789,4.62560959678942e-06,4.491518839131459e-06,5.71337670195741e-06,6.024802944375551e-06
1790,5.195837778349718e-06,4.241989354341058e-06,5.740840389363358e-06,6.0563320630535595e-06
1791,4.3576562731888976e-06,5.711545363737969e-06,5.915939058569267e-06,6.141334633684891e-06
1792,5.861473289567382e-06,7.42760908906348e-06,5.91614396210692e-06,6.0450633262007605e-06
1793,4.693618592581414e-06,1.2745836611429696e-05,5.903973999799443e-06,5.900454320180869e-06
1794,5.537975315140405e-06,7.220480820251396e-06,5.863964035597747e-06,6.022077299894589e-06
1795,6.9814469750579316e-06,5.4893414016987664e-06,5.800999927871291e-06,6.027862096561874e-06
1796,5.0204448497323834e-06,4.554529878078028e-06,5.950136078778693e-06,6.004399532503155e-06
1797,6.006815010550781e-06,5.331332413334167e-06,5.965363432834339e-06,5.852430756021929e-06
1798,7.5349511098465885e-06,4.0437157167616535e-06,5.91645584253355e-06,6.405082986930209e-06
1799,7.054412083865221e-06,4.229626065352932e-06,5.821796491909481e-06,6.388317940763953e-06
1800,5.055689790525422e-06,3.3194683373949375e-06,5.843341752895665e-06,7.2341623965257894e-06
1801,6.720785257938486e-06,1.908165399072459e-05,5.873076663333955e-06,7.343135532391898e-06
1802,5.524045822716694e-06,3.883262215822469e-06,5.883957923085997e-06,7.587901447004697e-06
1803,9.876481323469003e-06,5.455333302961663e-06,5.909557244336206e-06,7.723146148964587e-06
1804,4.820059277537641e-06,4.11898470701999e-06,5.931413505014562e-06,8.156807803061384e-06
1805,4.834929713979364e-06,3.3546751274116105e-06,5.936624437830081e-06,7.99468941640953e-06
1806,4.8874094136408534e-06,6.2712297949474306e-06,5.922780636744087e-06,7.838256266586541e-06
1807,5.353246022221154e-06,6.825801156082889e-06,5.880764874645036e-06,7.68067152475851e-06
1808,8.4184567104886e-06,3.505615059111733e-06,5.8397284402720585e-06,7.656483771825152e-06
1809,6.045637539702713e-06,3.1295786357077305e-06,5.850182534029751e-06,7.704295607800305e-06
1810,4.7163389232688736e-06,1.7495518986834212e-05,5.8017004410026445e-06,7.650493939763693e-06
1811,5.570642488237354e-06,3.880489193761605e-06,5.767276163189509e-06,7.63155356708012e-06
1812,6.20096724863591e-06,3.064122240175493e-05,5.6987383912403145e-06,7.77810534436867e-06
1813,5.931986176316665e-06,7.128029847081052e-06,5.683393054783259e-06,7.825708737073003e-06
1814,4.897641090590494e-06,1.0610666704451432e-05,5.6337429891452e-06,7.223455173880211e-06
1815,5.835820809604936e-06,7.623106903338339e-06,5.654833898713858e-06,7.270410832643394e-06
1816,4.904062790147792e-06,1.655308671615785e-05,5.453843260875147e-06,7.25470525540004e-06
1817,5.991746609955347e-06,3.3746494227671063e-06,5.505652199341664e-06,7.2340044112934255e-06
1818,4.347523565431604e-06,8.835007865855005e-06,5.60061001574973e-06,7.269922838531783e-06
1819,4.487581262664106e-06,3.2808622745506e-06,5.615196368449284e-06,7.39111713883176e-06
1820,5.955536115733493e-06,4.88464757836482e-06,5.589341405256063e-06,7.4763862106919995e-06
1821,5.28179719367472e-06,5.749825777456863e-06,5.451369163084666e-06,7.476124670574791e-06
1822,4.794762684873099e-06,3.98629071241885e-06,5.413709810636647e-06,7.493717163015389e-06
1823,6.6743441645182125e-06,3.5702063996723156e-06,5.4154529704950005e-06,7.2760072878736545e-06
1824,5.340967785135339e-06,7.893420497566694e-06,5.474966054902729e-06,7.2653415714739825e-06
1825,4.672056379099053e-06,4.509553155003232e-06,5.4723718220783564e-06,6.650180584983901e-06
1826,5.4795336169869795e-06,4.0253149109048534e-06,5.517788079123421e-06,6.773375574994134e-06
1827,6.051318561933133e-06,5.057153684902005e-06,5.493264172380602e-06,6.481333679039381e-06
1828,4.851715377501225e-06,5.062693871877855e-06,5.454023841573669e-06,6.366125931526767e-06
1829,6.115282739200565e-06,3.6014636043546487e-06,5.483860476407345e-06,5.936651638330659e-06
1830,7.208875124181051e-06,4.252635808370541e-06,5.440475412898296e-06,5.931668971606996e-06
1831,5.2520682311296694e-06,9.301087302446832e-06,5.526906035285922e-06,5.713373573053105e-06
1832,4.706871942390636e-06,8.957527952588862e-06,5.553523758135271e-06,5.830885969589873e-06
1833,4.969150656203662e-06,3.499076556181535e-06,5.500852383233401e-06,6.313550107188349e-06
1834,5.1041537285022465e-06,3.569390946722706e-06,5.585256668685665e-06,6.218109930341597e-06
1835,4.7599179197277405e-06,1.205277210829081e-05,5.673290335916036e-06,6.322418607669533e-06
1836,7.0584695984305455e-06,3.613846283769817e-06,5.6309203890123175e-06,7.050393559620716e-06
1837,6.136111428026602e-06,1.526219773950288e-05,5.6848998681541875e-06,6.890447561090696e-06
1838,7.067392602443255e-06,1.0207904597336893e-05,5.685534107639495e-06,6.8364888800715565e-06
1839,4.284543422020053e-06,3.3096193055826008e-06,5.684266888703053e-06,7.0655816958606015e-06
1840,4.854812539431603e-06,4.742913215523004e-06,5.6460496433121295e-06,6.992163274662745e-06
1841,5.649978660989695e-06,5.816229386255145e-06,5.786961332463155e-06,7.227855970086239e-06
1842,4.907120022229113e-06,3.2500827546755316e-06,5.788758807729109e-06,7.2326790466831895e-06
1843,6.508289125122247e-06,3.377622902007715e-06,5.688438585699866e-06,7.31495818745316e-06
1844,5.1530243338978224e-06,6.218672187969787e-06,5.690811075065641e-06,7.3825448444040395e-06
1845,4.638751743186731e-06,1.695125101832673e-05,5.71861704304158e-06,7.162747516849778e-06
1846,7.391904329981318e-06,3.363821356288099e-06,5.708407858946884e-06,7.165610084848597e-06
1847,6.995604365632365e-06,6.594007645617239e-06,5.745364102424193e-06,7.316749417077518e-06
1848,5.615095491925281e-06,2.1769580198451875e-05,5.819547471239477e-06,7.027985236345559e-06
1849,6.69045476368208e-06,3.8947705343161944e-06,5.717583283815959e-06,7.075677946704674e-06
1850,4.687912366231709e-06,3.1605861295247452e-06,5.65969487437946e-06,6.678898111204035e-06
1851,5.4478531435759374e-06,9.752635305630974e-06,5.601024432002708e-06,6.4338580494222714e-06
1852,5.095887427160051e-06,3.221693154955574e-06,5.632786602493272e-06,6.725536078374718e-06
1853,8.374507606276893e-06,1.095501125746523e-05,5.634489161416747e-06,6.672171586433252e-06
1854,6.160219620849401e-06,3.72204051927838e-06,5.646046666919979e-06,7.1686860204863496e-06
1855,4.700869573449988e-06,6.309614327619784e-06,5.706044514590758e-06,7.643162698695961e-06
1856,5.3113804652740425e-06,1.0990753726218827e-05,5.618529465613796e-06,7.726001416813236e-06
1857,5.4020211417890904e-06,3.4625947637323407e-06,5.621821579875864e-06,7.603543786535739e-06
1858,4.7139210538363035e-06,3.570640756151988e-06,5.6456845977663776e-06,7.0517830030439655e-06
1859,6.028059815434972e-06,7.347874252445763e-06,5.559421512185106e-06,7.043519406033738e-06
1860,6.614502140109834e-06,4.833667589991819e-06,5.489010425177792e-06,6.906048357450343e-06
1861,4.509364912842607e-06,4.806164042747696e-06,5.473819693118762e-06,6.161554406753565e-06
1862,4.688901192114119e-06,5.34270185198693e-06,5.41561459018946e-06,6.1320528426222126e-06
1863,5.600631543024469e-06,4.081903052792768e-06,5.4375111831581746e-06,6.13191865468252e-06
1864,5.078597684284129e-06,1.060157002939377e-05,5.429010145033117e-06,5.8681024996985765e-06
1865,4.8973765125184505e-06,3.4088009169863654e-06,5.434587735564697e-06,5.86552403074165e-06
1866,5.938916298570499e-06,1.8229090237582568e-05,5.309020518931602e-06,5.553612837684338e-06
1867,6.407066213998607e-06,1.5111999709915836e-05,5.272024821715607e-06,5.531020474154499e-06
1868,4.320412900698203e-06,5.448590854939539e-06,5.293403126395589e-06,5.404925158291005e-06
1869,5.235327190449526e-06,3.1572314310324145e-06,5.290360995402608e-06,5.091584266483548e-06
