epoch,train_loss,val_loss,train_loss_smooth,val_loss_smooth
1,0.29991654819912383,0.11147356063127517,0.17605299278232786,0.07708877942562103
2,0.060970135662290786,0.0463019035756588,0.16533937248587607,0.07389094938039778
3,0.045994711518287656,0.045066265165805815,0.15457433260944156,0.07064218380749225
4,0.04502657610509131,0.04401989072561264,0.1437607852584786,0.06735421847701072
5,0.043985569592979216,0.04289620995521545,0.13289889301757016,0.06404057142734527
6,0.04282021737760967,0.041773318201303485,0.12199796993136408,0.060672796645760536
7,0.04162602312035031,0.040716052800416944,0.11106208328273562,0.057274393105506895
8,0.04043542467885547,0.039436204880476,0.10009278886384437,0.05384975788891314
9,0.03911084082391527,0.0382603457570076,0.08909440294537282,0.05039721980094909
10,0.03771793233023749,0.03685476899147034,0.07807228832244874,0.04692220868766308
11,0.036319053123394646,0.035579774081707004,0.06702399206823773,0.04342416341900825
12,0.03493278216984537,0.03426494434475899,0.05594720227552786,0.03990354779064655
13,0.03347042646672991,0.032893518954515456,0.04484679497844644,0.036367471960186956
14,0.032076040787829295,0.031527809500694275,0.0337229885439078,0.032802318534255026
15,0.030790551288260352,0.030254421308636665,0.03213171202937762,0.03182819929420948
16,0.029577864425049886,0.029274427369236945,0.031115880160364845,0.030876090848445885
17,0.028369242176413536,0.0286323843896389,0.030113831497066555,0.02994881106615066
18,0.02739347104397085,0.027279191091656683,0.02913250727868743,0.02904481263160705
19,0.026519381983412638,0.026513472124934198,0.028175662731296493,0.028166144084930414
20,0.02568418772684203,0.025857680216431617,0.027248576205803295,0.0273113338202238
21,0.0249569002373351,0.025160108432173728,0.02634677286860016,0.026493468213081354
22,0.02436368262602223,0.024598282799124717,0.025484410127003993,0.025711092960834497
23,0.023709141843848758,0.024022428914904595,0.024660357930925164,0.024967689794301987
24,0.022996803381376798,0.023458169922232628,0.02387848982463281,0.024272453680634496
25,0.02240636577208837,0.02307166486978531,0.02314414305802849,0.023617671450972554
26,0.021821387335658072,0.022344724982976915,0.02246229784190655,0.02300624266862869
27,0.02118822279903624,0.02194892257452011,0.02182653240511815,0.022448380032181737
28,0.020598914792968166,0.02126355402171612,0.0212341544782122,0.0219290275901556
29,0.019975359522634083,0.020837896168231965,0.020683357032305665,0.02144527187347412
30,0.019452464133501053,0.020296249091625213,0.0201758387554023,0.020981828907132148
31,0.018899103692836233,0.019806604534387588,0.0197043487937914,0.020569700378179546
32,0.018448859983020358,0.019345796182751656,0.019266613886257014,0.020193816193938254
33,0.017890341248777177,0.018989564701914787,0.01885818053616418,0.01983173748254776
34,0.017551772284011048,0.01870096445083618,0.01847497047301796,0.019492010191082956
35,0.017116627428266737,0.018269689828157423,0.018112897029187947,0.019176108744740485
36,0.016772350466085804,0.018198871240019798,0.017771784082717366,0.018875068986415864
37,0.01657411300473743,0.01789538860321045,0.017458557339178192,0.018593346297740936
38,0.016424296063681443,0.017607799395918847,0.017164947984781534,0.018322193568944933
39,0.016181904868119292,0.017581243589520453,0.016890900734729236,0.018076953625679015
40,0.015981103115611607,0.017270610257983206,0.0166404470667243,0.017846826377511026
41,0.01580792827738656,0.017180534452199935,0.016409643823073968,0.017640682336688043
42,0.015681285253829426,0.01704631023108959,0.016200927262670466,0.017445686456561093
43,0.015606222003698348,0.016975977867841722,0.016007107390132214,0.017266874332726004
44,0.015576009295052953,0.017116367518901825,0.01583338974730836,0.017107207202911378
45,0.01547335397452116,0.016805712431669236,0.015673314659794175,0.016956923307478427
46,0.015376648658679591,0.01666692614555359,0.01552982618941201,0.016825114613771435
47,0.015311846530271902,0.01670074664056301,0.015401032401124639,0.01670005811750889
48,0.015181318182084295,0.016496434956789017,0.015281994284192725,0.01658150060176849
49,0.015166134792897436,0.01641510270535946,0.015170279261138704,0.016461199904978276
50,0.015066131912171842,0.016292846649885177,0.015066574970550011,0.01634624971151352
51,0.014970206084350745,0.01621372640132904,0.014962620597581069,0.016234202481806282
52,0.014926881098912822,0.01619574137032032,0.01486238960739639,0.016119689413905146
53,0.014828833701709907,0.01610995300114155,0.014764317562845021,0.016010773245990276
54,0.014757445512546433,0.015962999165058136,0.014672327070103752,0.015927185809612273
55,0.014606967320044835,0.015825945995748044,0.014575697979165449,0.01581612888276577
56,0.014556162622239854,0.01581492628902197,0.014475600606948138,0.015699830973148348
57,0.014446982795165644,0.01558869879692793,0.01437454126584861,0.01557599711716175
58,0.014303129489223161,0.015694347359240055,0.014267529941515788,0.01545493336468935
59,0.014331927576826678,0.015574552044272423,0.014159354028022951,0.015336230015754699
60,0.014140674504968856,0.01530575193464756,0.014050055509391758,0.015203320191800592
61,0.013979474889735381,0.01519135382026434,0.013936332087798252,0.015076702110469338
62,0.01398150574002001,0.015021633766591548,0.01381613116355406,0.014941174533963202
63,0.013825436739457977,0.01480661865323782,0.013693333320236872,0.014806857091188428
64,0.013676130113502343,0.014718416891992093,0.013564619196040763,0.014667319801449774
65,0.013529302001827294,0.014547706060111522,0.013430905455930366,0.014524473944306372
66,0.013508165958854887,0.015090848542749882,0.013293020345353417,0.014373233832418918
67,0.013265557980371847,0.014269887059926987,0.013155389219936397,0.014215630550682543
68,0.01310378769826558,0.01406853012740612,0.013015683210641145,0.01405529233366251
69,0.013049525767564773,0.014020521119236946,0.012868530415743588,0.013886960323154925
70,0.01279807086620066,0.01377911861985922,0.012717453360309203,0.013723019856214524
71,0.012672250821358628,0.013699342422187328,0.012560733854356737,0.01354658023864031
72,0.012579383564492067,0.013378001041710377,0.012400343909611304,0.013374273587763311
73,0.012338232642246618,0.01333098292350769,0.012233653553409708,0.013193713618814946
74,0.012161111686792639,0.013026913292706013,0.012065989211781158,0.01301169331818819
75,0.01199618582924207,0.012934910580515862,0.011889427002767721,0.012823702858388426
76,0.011752352979448107,0.012725294157862664,0.01171106685085429,0.012627284228801728
77,0.011584037596152888,0.012624594941735267,0.011525750766611763,0.012429513110220433
78,0.011381705937286218,0.012328950203955174,0.011340873083141115,0.01222424579560757
79,0.011316667377120919,0.01202291712164879,0.01114423862654302,0.011998566687107087
80,0.011114317087663545,0.011817490570247174,0.01095018409424358,0.011784420435130597
81,0.010877342749800947,0.011606626026332379,0.010752787019312381,0.011567384526878595
82,0.010670056409305996,0.011490187123417855,0.010548540027025674,0.011354119838774204
83,0.010385141840411557,0.011283356919884682,0.010346737142652274,0.011130745814740658
84,0.010322178958190813,0.01126688577234745,0.010139118799815574,0.010903266655653714
85,0.009973415599928962,0.010791752710938454,0.009925700583722854,0.010671623250842095
86,0.009787866349021594,0.010640846304595471,0.009710427986085414,0.01045884143486619
87,0.009567450514684122,0.010321872271597386,0.009493979877812994,0.010221976874768734
88,0.009366432941622205,0.009896152913570403,0.009275883616010347,0.009978053492307664
89,0.00904322800743911,0.009774138927459717,0.009056038128998545,0.009740805997699501
90,0.00890735991506113,0.009416023194789886,0.008832818454338446,0.009488180381059648
91,0.008592304543902477,0.009448870830237866,0.008611550340967049,0.009237307856976988
92,0.008414194672885868,0.008916230760514737,0.008381552161193559,0.009006114570051434
93,0.008168860824985637,0.0086426324211061,0.008152062967833546,0.008767072024196389
94,0.007943350960397059,0.008688903916627168,0.007923017227235768,0.008518506555259231
95,0.00775299875686566,0.008194768019020558,0.007694259068866571,0.008277247612178327
96,0.00748179225044118,0.008012363445013762,0.007472629219541947,0.008022595065459607
97,0.007243928162174092,0.007586915921419859,0.007238626854411429,0.007759521666169166
98,0.006956417701310582,0.008011437524110078,0.007011096497252583,0.007506661588326097
99,0.006749908979982138,0.007105299290269613,0.006784686376340688,0.007250152213871479
100,0.006543779284175899,0.006836826018989086,0.00655845519086967,0.006999638310074807
101,0.006256215804153018,0.0067941067926585675,0.006336533501723574,0.006764981180429459
102,0.006003545729650391,0.006308954525738954,0.0061181451019934495,0.006538292637839914
103,0.00585000310300125,0.006057137101888657,0.0059058459434451335,0.006323037639260293
104,0.0055667128827836775,0.0062430849485099315,0.005693189504556358,0.006090355893969537
105,0.005377087253663275,0.005841426923871041,0.005482281940906413,0.005862532137706876
106,0.005151199234856499,0.005392489302903414,0.005274974700084164,0.005637551409937443
107,0.004951102450076077,0.005458713546395302,0.005070370444758898,0.0054048990890383725
108,0.004844395607295963,0.004917043251916766,0.0048707152218247455,0.0051865131562575705
109,0.004472119829927882,0.004690050790086389,0.004675851563384962,0.0049717190887779
110,0.004285156670957804,0.004470250764861703,0.004484286185767915,0.004774815766699613
111,0.004127613326224188,0.004228111943230033,0.0043004972787780895,0.004551046389527619
112,0.003911670877908667,0.0040590246766805645,0.0041206602554975285,0.00435784985050559
113,0.003818390712969833,0.004029724672436714,0.0039456503134220845,0.004171936577931047
114,0.0035835180141859583,0.004106925362721086,0.0037797262993123797,0.003985571915376932
115,0.0035998809513532455,0.004034648230299353,0.003621607862909635,0.0038166151721961803
116,0.003275893571683102,0.0036318271979689596,0.0034672700324199267,0.0036554003546945754
117,0.0031415055816372234,0.0032206368539482357,0.0033198863519148694,0.0034817463709972806
118,0.002986179804429412,0.003018114226870239,0.0031789885176242223,0.0033222380583174532
119,0.002828244577265448,0.002872595894150436,0.003045015965474562,0.0031778963950462647
120,0.002761618183511827,0.002735119699500501,0.002917108789924532,0.003030644035432488
121,0.0026102007894466322,0.0026425117580220103,0.0027916034912173113,0.0029111349090002485
122,0.002454793721747895,0.0026643328694626687,0.002682297594214065,0.0028004959923215215
123,0.002361695026564929,0.0024172030948102475,0.0025757215544270967,0.0026849513074383145
124,0.0022539833979681135,0.002275385814718902,0.0024780460248701275,0.0025778343149460855
125,0.0021685307322897845,0.0021889942046254872,0.002384078589340465,0.0024758194985799497
126,0.0021081154514104128,0.002134990228805691,0.002293877318139292,0.002374969268683345
127,0.0020505848195817734,0.0020850359462201594,0.0022114965937307315,0.002269797299429775
128,0.001991557340758542,0.0020267666643485425,0.002128551660426375,0.0021668325661681597
129,0.0018821208701572485,0.0019017353560775519,0.0020579890235534145,0.0020800728323869403
130,0.001854641396397104,0.00185371910687536,0.001991218786717703,0.00201163661563769
131,0.0018018854311149981,0.0017839477211236954,0.0019312031891300446,0.001955236655566841
132,0.0017534230613253184,0.0017774045560508967,0.0018793898846229745,0.0018987035593949258
133,0.0017067631396154562,0.0019293150911107659,0.0018282416805935405,0.0018466969262808562
134,0.0017394724048467147,0.0019240778731182218,0.0017829436608279745,0.0017962951864115896
135,0.0016207556762836046,0.0015816336427815257,0.0017414311425346467,0.0017478186246939007
136,0.001685725087299943,0.0015501871309243143,0.0017044655416781705,0.0017097349594347184
137,0.0015624849896671044,0.001508654267527163,0.0016719571286915905,0.0016769775194115939
138,0.0015633589329404963,0.0015084689250215888,0.001642285003958063,0.0016440146883018318
139,0.0015239999039719503,0.0014776261313818395,0.001615254182689306,0.0016118199868127708
140,0.00152625761874434,0.0014605298987589777,0.0015900353587956892,0.0015810272377915684
141,0.0015118276498590907,0.0014628338534384965,0.0015682455661810107,0.0015553894382901493
142,0.0014722496607444352,0.0015097314352169632,0.001548981308212711,0.0015373690619133417
143,0.0014857898647379544,0.0016081152250990271,0.0015299566023155222,0.0015200198178179566
144,0.001532911964588695,0.0014592684898525477,0.0015141641145675548,0.0015007699617184704
145,0.0014829130827759703,0.0014349538716487587,0.0014998757627171775,0.0014801744586788118
146,0.0014777502953074873,0.0013824682612903416,0.001484844066657954,0.001453872307389975
147,0.0014169807644147012,0.001452418826520443,0.0014696356466246977,0.0014330409565940499
148,0.0014375550051530202,0.0014651114633306862,0.0014586728413071898,0.0014226044835522773
149,0.0014412730733036167,0.0014564498141407967,0.0014455130884734294,0.00141153185069561
150,0.001426727613951597,0.0013649234268814326,0.0014365606303430266,0.0014059970077127217
151,0.0014323449196914832,0.001330122691579163,0.0014259326522755955,0.001396118673402816
152,0.0014201142222413587,0.0013152172206901014,0.0014159851509767275,0.0013864054836332798
153,0.0014468125253915788,0.001385821676813066,0.0014072438284858234,0.0013762558145448565
154,0.0014005144209497504,0.0014512259466573597,0.0013995595523052747,0.0013668698989786209
155,0.0013790237489673827,0.0014199880044907332,0.0013939393249340355,0.0013539899511262777
156,0.001407073237415817,0.0013027013186365365,0.0013850002899248569,0.001344560660608113
157,0.0013962142650658885,0.0012625169800594448,0.0013745926387504573,0.0013340758099220694
158,0.0013309707381348643,0.0012717613088898362,0.001365329502347029,0.0013304947569966318
159,0.0013592619040153093,0.0014032941032201052,0.0013563004929210165,0.0013219357320107521
160,0.0013466855433459082,0.0013207218167372047,0.0013487924524531183,0.0013178900781087581
161,0.0013567312664559319,0.0012733713095076382,0.0013442538832366053,0.0013095007586758586
162,0.001338673536407037,0.0013702831929549575,0.0013342610160147566,0.0012968881219159816
163,0.0012976594812547167,0.0012615105672739446,0.0013256405447351024,0.0012918165612965827
164,0.0012753123715002503,0.001234796387143433,0.0013162260203777505,0.0012838163117878142
165,0.0013077245564717386,0.0012067881715483965,0.0013062964103960745,0.0012760549436323346
166,0.0013197207453453706,0.001228185964282602,0.0012949342533687335,0.0012725155820138756
167,0.0013317439764634603,0.0011877327389083802,0.001284753485318894,0.001258250780310482
168,0.0012623139895084831,0.0013723829621449114,0.0012764185852629855,0.0012437178200110795
169,0.0012727206852287053,0.00119714722270146,0.0012663093122498442,0.0012340632686391475
170,0.0012513346726902657,0.0013454275485128165,0.0012553186925697243,0.0012269018997903916
171,0.0012520250596571713,0.0011684926366433502,0.0012495031648470712,0.0012233433330897242
172,0.0012292797527172499,0.0013512774789705873,0.0012406812103723903,0.0012078204983379693
173,0.001324090774740196,0.0012553784775082022,0.0012313219625554566,0.001196131384326145
174,0.0011914513927573959,0.0011411338951438665,0.001220583472913131,0.0011869676686357706
175,0.001211215831960241,0.0012381344113964587,0.0012104498582219498,0.0011725884030107407
176,0.0011969818107576834,0.001130116453859955,0.001201773448728232,0.0011618761709425596
177,0.00117187397269946,0.0011211830168031155,0.0011930082645525949,0.0011640844298992305
178,0.0011627585997080637,0.0012973376363515853,0.001182391204115831,0.0011537683408241717
179,0.0011459952197037638,0.001094605904072523,0.0011709699970152644,0.001144318905984983
180,0.0011706512475696703,0.0010566639970056712,0.0011579309688674081,0.0011356427894905212
181,0.0011543414120872815,0.0010613375343382359,0.0011493104815276133,0.0011171041880734267
182,0.0011214487730628914,0.001083482758840546,0.0011388299545583625,0.001105793181154877
183,0.0011855825450685289,0.0011827971413731575,0.0011282196113115382,0.0010880113489925862
184,0.0011387130421482855,0.0010152232344262302,0.0011182543514037713,0.0010780755543615668
185,0.0011127043479225703,0.0010284939664416016,0.0011076359980894876,0.0010608786810655144
186,0.0010882690253977974,0.001044278417248279,0.0010954618292188065,0.0010469552719965577
187,0.001085333169127504,0.0010108015523292125,0.0010872484828397218,0.0010371316835284233
188,0.0010807492439117697,0.0009937047655694186,0.0010760093061822572,0.001022220392758027
189,0.0010561827671093245,0.001290002861060202,0.001064205883148437,0.0010122208744753152
190,0.0010422980455526462,0.0009488859446719289,0.0010530464144992745,0.0010020720653701573
191,0.0010341905678311984,0.0009919500933028757,0.0010422297921290414,0.00098277015783824
192,0.0010057682727670505,0.0009708298265468329,0.00103277418158638,0.0009701350995805115
193,0.0010468018060136172,0.0009089179267175496,0.0010209600327588204,0.0009589401713106781
194,0.0010107075109974377,0.0009143720497377216,0.0010084023537269482,0.0009466199514921755
195,0.0009860760915196603,0.0009008817444555461,0.000997873849892575,0.0009343803917989135
196,0.001002893561962992,0.0009200977708678692,0.0009836412040982398,0.0009163018694147468
197,0.0009638209198601544,0.0009213556465692818,0.000971851476116313,0.0009064339480828494
198,0.0010197365529731744,0.0009072932507842779,0.0009624442879317537,0.0008954591646324843
199,0.000986117733280278,0.0008955441834405065,0.0009512506897354292,0.0008824695598799735
200,0.0009302364155236218,0.000865352142136544,0.0009406616484642857,0.0008707203717436641
201,0.000901896234912177,0.0008801284967921674,0.0009289572999812662,0.0008633971497882158
202,0.0008928872564704054,0.0008674627891741693,0.0009183941841228969,0.000837980394391343
203,0.0008923430404522353,0.000814789948053658,0.0009055959798136934,0.0008265690694563091
204,0.0009096049561372234,0.0007787294476293027,0.0008928982509765772,0.0008124358653090894
205,0.0008752975268806848,0.0007767907902598381,0.0008811682784878132,0.0008024006878491489
206,0.0008403994362904794,0.0007533320388756693,0.0008671471251743951,0.0007973707730881868
207,0.0008582361772035559,0.0007774937665089964,0.0008556741062189558,0.0007845883078873158
208,0.0008297664002101454,0.0007308340817689896,0.00084374841049624,0.0007724069190677256
209,0.0008439698426001188,0.0007685252011287957,0.0008304331034370182,0.0007619122465606778
210,0.0008775246433085865,0.0007541243801824748,0.000818356262644132,0.0007506147171836347
211,0.000808429070489688,0.0007195382984355092,0.0008034382454843985,0.000737662979075685
212,0.0008206071373489167,0.0007170718489214778,0.0007889057886062397,0.0007231401477474719
213,0.0007881405318362845,0.0008106242166832089,0.0007771260942953328,0.000712986816558987
214,0.0007921048706500894,0.0006545839761383832,0.0007654815497911639,0.000699117584200576
215,0.0007223429378225572,0.000663602821296081,0.0007534616060089319,0.0006842804986983538
216,0.0007167473469033009,0.0006386199896223844,0.0007413245470263064,0.0006724021507427097
217,0.0007125189605479439,0.000719950390048325,0.0007288861100561917,0.000662265189597383
218,0.0006962729731781615,0.0007831700576934964,0.0007163426660854993,0.0006512551259249448
219,0.0007238820371114546,0.0005948104197159409,0.0007059311073764953,0.0006499994107522069
220,0.0006879336984517674,0.0005963470239657908,0.0006944843430149681,0.0006366702983621507
221,0.000670010885482447,0.0006577309581916779,0.0006827231084074206,0.000624994872417301
222,0.0006618999000380022,0.0006389174121432007,0.0006700639867404893,0.0006124760731123388
223,0.0006467861239798367,0.0005834997980855405,0.000655575415877522,0.000599392622569576
224,0.0006228063113263084,0.000532473400235176,0.0006436587482302761,0.0005872869693674149
225,0.0006357440577509502,0.0006115188624244184,0.0006310849408179316,0.0005749588850419971
226,0.0006107826223079529,0.0005333976878318936,0.000618662026237386,0.0005630730466451497
227,0.0005923886619146085,0.0004965356516186147,0.000607587575322638,0.0005538615498691798
228,0.0005889165658865952,0.0005178312491625547,0.00059756412390723,0.0005428416438866407
229,0.0005986440318843557,0.0005253054189961404,0.0005879208752885462,0.0005325438123662024
230,0.0005617114276133684,0.0005015391984488815,0.0005777839190559464,0.0005193819523323328
231,0.0005801104685653829,0.0007219391595572233,0.0005679519024341265,0.0005025237554218619
232,0.0005720670681653751,0.00044426595675759015,0.0005567023872113271,0.0004953613913152366
233,0.0005357355350214574,0.00043894843314774335,0.0005461144182132557,0.0004861947113182395
234,0.0005274918009268327,0.00045555521850474176,0.0005363491551459042,0.00047303525684401384
235,0.0005153103717344088,0.000427038116613403,0.0005268844496795079,0.00046039208802394567
236,0.0005105123793085416,0.0004168969683814794,0.0005180899497664844,0.00045092721297405663
237,0.0005062619520403031,0.0004088697407860309,0.0005096192285185681,0.00044233599966391927
238,0.00047756766732264726,0.0005134782567620277,0.0004993562471897652,0.0004311693582218141
239,0.0005152435977813891,0.00042429655673913657,0.0004907242338483532,0.0004228177777025849
240,0.00047175665243735744,0.0003881051717326045,0.0004827296980656684,0.00041489530531689533
241,0.0004756661314362039,0.00038117420161142945,0.00047393464760130485,0.0004061429842840881
242,0.00045909505473294606,0.00039090388920158146,0.00046502754725515847,0.0003971990808844568
243,0.0004504725576326665,0.00036171513493172825,0.0004572044037023767,0.00038812872590497145
244,0.0004426441565414684,0.000415751317050308,0.0004480898463684652,0.000370109321223572
245,0.00042323447349998687,0.00036718002404086293,0.00043957600292439267,0.0003628299925010652
246,0.00042587930879866084,0.00032874459633603693,0.00043278996422369453,0.0003558930683415384
247,0.0004252822633780953,0.00032283819164149465,0.0004254222574824882,0.0003506799212889747
248,0.00042692362615424727,0.00034687792183831336,0.00041885925645474345,0.0003464106237282977
249,0.00041103828012839787,0.0003176930674817413,0.000411836143476992,0.00034009256532881415
250,0.00037916952453088016,0.000332352826371789,0.00040493991363845357,0.00033486339135561146
251,0.0003949822887726542,0.00032460817485116425,0.00039957310700685614,0.0003283440276281908
252,0.0003925252673474865,0.00029847384197637436,0.0003921250109845358,0.0003229319728212431
253,0.00036904030427750614,0.000299023223342374,0.0003859736734225104,0.0003193231455050409
254,0.0003759665232306967,0.00030170783400535584,0.00038006669775220674,0.0003135348351672292
255,0.00036613283879382327,0.00027478032396174965,0.00037451125218584724,0.0003085209175944329
256,0.00035224653521759644,0.00027145404252223673,0.0003691667337203399,0.00030321953264065085
257,0.0003592209820635617,0.0002622827386949211,0.00036419257336140924,0.00029590362436138093
258,0.00036608456750400367,0.0002655253291595727,0.00035935903255982947,0.00029010170162655413
259,0.000343299132396674,0.0003252265421906486,0.00035566628485038463,0.0002856163125950843
260,0.0003512353460407919,0.00032030567759647963,0.0003501982657264711,0.0002812234661076218
261,0.0003349345548647559,0.00025894550839439034,0.0003455698986589495,0.00027981856004334984
262,0.00033385620607684054,0.00027814039145596326,0.00034060447383930703,0.0002766564821824432
263,0.0003433975015327127,0.0003504941635765135,0.00033722431884768107,0.00027168319332413377
264,0.00032904119722338185,0.0002889951865654439,0.000333455396257341,0.00026814485462382435
265,0.0003179732133867219,0.0002978844888275489,0.00032956942120670454,0.0002646219143178314
266,0.00032799173967861054,0.00023646644316613674,0.0003257111999723647,0.00026090409178286793
267,0.0003202089155739587,0.0002655559498816729,0.0003219858438940719,0.00025705566867254676
268,0.00031685959599498243,0.0002291805110871792,0.0003188880546923934,0.00025432995120063423
269,0.00031829014756820266,0.00023285361006855965,0.00031550965971416904,0.00025147472261451186
270,0.000302395953460493,0.00022213195567019283,0.0003118048542282648,0.000248989535914734
271,0.00033356061606254017,0.00021660987054929139,0.0003081282393360097,0.0002459171669790521
272,0.0002885817852802575,0.00021301702945493163,0.0003053508579161846,0.00024301078878343103
273,0.00031121444946620615,0.00031175527023151516,0.0003015116904810485,0.00023988665924407543
274,0.0002869026596373361,0.00023864112095907332,0.0002988640528353345,0.00023748156079091132
275,0.00029466564974023237,0.00020802060491405426,0.0002958628530148417,0.00023411684127058833
276,0.0003007592240141498,0.00023614970734342933,0.0002923405499106997,0.00022758533705491573
277,0.0002953758910815749,0.00021040033432655038,0.0002894115278148092,0.00022325247244443745
278,0.000272584773419011,0.00020607765996828677,0.00028677494816042274,0.00021843268296215684
279,0.0002828326212733777,0.00020549725624732673,0.0002834942573073527,0.0002168448633281514
280,0.00028868810875186076,0.00020663738716393708,0.0002825541211253343,0.00021467100931331517
281,0.00026778666076198636,0.00020007332786917687,0.00027985817985221127,0.00021264165034517646
282,0.00026660084491595624,0.0002001530712004751,0.0002767029702314176,0.00021127006842289122
283,0.0002741691951976261,0.00018871610576752572,0.0002747517688574994,0.00021516988521907477
284,0.00027386459690104754,0.00025256708730012176,0.00027117733860181433,0.00021391016056295485
285,0.0002552561601623893,0.00024220243911258878,0.0002692352056917217,0.0002121194504434243
286,0.0002687436137219063,0.00019881804706528783,0.0002663649623851395,0.00020632437453605234
287,0.0002588262105645198,0.00019402240344788878,0.00026474964532018124,0.00020677376505918798
288,0.0002553399239291644,0.00018720655818469823,0.0002629765207129013,0.0002106536916224286
289,0.00025581564482611915,0.00018067357130348681,0.00025993116737032927,0.00020813373252749447
290,0.00025205872202706004,0.00017738975177053362,0.0002587318540085107,0.00021006574369966988
291,0.0002459744683518592,0.00019677095231600107,0.0002572665550797764,0.0002085511326091364
292,0.0002967055110234974,0.00021120959951076657,0.0002559479355605112,0.00020674120744224636
293,0.0002494610641669068,0.00017844653688371182,0.000253052450905347,0.0002051732441643253
294,0.00023940990704836117,0.00019856406201142817,0.0002514770035424994,0.00020338655645027755
295,0.0002536159191125383,0.0003196273755747825,0.00024936872745812355,0.00020173562900163233
296,0.0002441998596704151,0.0001851167541462928,0.00024732521598279063,0.00020091284823138268
297,0.00024002846252794066,0.00016824927646666766,0.0002451799699273478,0.00020038889863062653
298,0.0002394583668016518,0.0001668783725472167,0.0002446503292549298,0.00019689026041887705
299,0.00024651973301337824,0.00024987588403746486,0.00024282847868614934,0.00019500288912095132
300,0.00025033753455823497,0.00030501876899506896,0.0002408799136057496,0.00019339235229417684
301,0.00022462539044984926,0.0001731507299700752,0.00023884269416513332,0.0001920225748792291
302,0.0002653930570361101,0.00025870061363093556,0.0002370082566527546,0.00019135855280328547
303,0.00023595230020065274,0.00016821238270495087,0.0002356384600887799,0.00019202555038500576
304,0.00024986713329174865,0.0001602491270750761,0.00023454079752296413,0.0001907803572947159
305,0.0002163009923727562,0.0001674383052159101,0.0002312339723666405,0.00018883104885462668
306,0.0002284004766907957,0.0001554061350179836,0.00022950252477312456,0.0001927766733104363
307,0.0002138939428065593,0.00015887988498434425,0.00022883256555715985,0.00019348809432704
308,0.0002230814083143034,0.0001681465865112841,0.000226821272364921,0.0001866289004217833
309,0.00022023344551497657,0.00023946834728121757,0.00022506948429185688,0.0001854531747056171
310,0.00024201514335193982,0.0001547364838188514,0.0002232846929808147,0.0001845571193378419
311,0.0002231973495023946,0.00015163376461714507,0.00022176766416652955,0.0001847464043647051
312,0.0002101120835545266,0.00015375898277852684,0.000219584043810351,0.00018104535145685075
313,0.00020440943791375806,0.0001529621228110045,0.0002172418132657185,0.00017433412678074094
314,0.000209954707016651,0.0001640730194048956,0.0002160440310318437,0.00017483205755706877
315,0.00021781380792769292,0.0001940646913135424,0.00021293804901134639,0.00017021859334781766
316,0.00021853290420646468,0.00016564112505875527,0.00021105110920681102,0.00017072417631279677
317,0.00021403488211540713,0.00016247688850853592,0.00020957354979925892,0.00016989303566515443
318,0.00020617487432900817,0.00027708714827895164,0.00020898578853424017,0.0001686367039568722
319,0.00022266092664924346,0.00021634958742652088,0.00020711700982388315,0.0001681324461009353
320,0.00020333358930656686,0.00014814752794336527,0.0002063620851802019,0.0001671918438049033
321,0.00020040515784381163,0.00015572361124213785,0.00020509071621862754,0.00016649615829810496
322,0.00019540867975188626,0.00014584789227228611,0.00020442700514104216,0.00016349586944561445
323,0.00020153264644452268,0.00017161049821879716,0.00020302712123116686,0.0001637948593590408
324,0.00019192922410891494,0.00015734956134110689,0.0002023739863937307,0.0001630421987501904
325,0.00019178177094242226,0.0001372381520923227,0.00020165623126991298,0.0001622289576102048
326,0.0001946808346029785,0.0001855989993782714,0.00020056001599748723,0.0001628905132645741
327,0.00018774350652367704,0.00014336400839965791,0.00019920367461422254,0.00016148205425124617
328,0.00018877880508726876,0.00018085195682942867,0.00019787711305155727,0.00015887434927280996
329,0.00021292814810294658,0.00013947061088401825,0.0001969932474402918,0.0001575739894062281
330,0.0002016069607472875,0.00013603001250885426,0.00019555617783529062,0.00015615895716473462
331,0.00018168100893187027,0.0001427996886195615,0.00019432905273085148,0.00015043544000945986
332,0.00019502082671452728,0.00013536482758354394,0.00019238213961620608,0.0001468928558751941
333,0.00019129718427494583,0.00015075444884132594,0.00019119659589357779,0.00014897585036233068
334,0.00020364066857534151,0.00016446112596895545,0.00019061825733774132,0.00014828527129720896
335,0.00020701804560505682,0.00016221123165450992,0.00019004127927344398,0.0001502763786353171
336,0.00020686897856649013,0.00013281724939588459,0.00018865256033928342,0.0001483761616051197
337,0.00019216820545908477,0.0001334279542788863,0.0001877554375193237,0.00014937095989007505
338,0.0001770040561031136,0.00016950101417023689,0.00018715585747591427,0.00014877168699167667
339,0.00017604617243503323,0.0001288615440716967,0.0001862748865122234,0.0001462309854803607
340,0.0001846497688610624,0.00012887206685263664,0.00018545822785300616,0.00014562923363409936
341,0.00019643626392482676,0.00013313212839420884,0.00018490111239435563,0.00014569900883361697
342,0.0001781081419903785,0.00012710108247119935,0.00018351278506452214,0.00014505823021754622
343,0.0001754967467180298,0.00013399921939708293,0.0001829986500411501,0.00014440620169043538
344,0.0001739880987831081,0.00012778498406987638,0.00018264790847380126,0.00014369108797982334
345,0.00017369499624085924,0.00020022239012178035,0.00018149161321473205,0.00014304712782613934
346,0.00018594669394790092,0.00013845913461409508,0.00018070542240877533,0.00014300725935027006
347,0.00018098422814445157,0.00019562557572498916,0.0001790183260415991,0.00014120747488923375
348,0.00016681467309050883,0.0001241050724638626,0.0001778719878820185,0.00014244226149749014
349,0.00016950115360992235,0.00018221951846498997,0.00017632699567669385,0.000141773345367983
350,0.0001767922698571864,0.0001222563296323642,0.00017500196627030773,0.0001411316398298368
351,0.0001726565605107074,0.00012208146159537137,0.0001750944761067836,0.0001430487245786935
352,0.0001673270400432456,0.00012832021224312484,0.00017514915766530777,0.00014455355734098704
353,0.00017485091862100592,0.00018259633681736887,0.00017472813970978478,0.00014584245579317214
354,0.00017821996485710973,0.00012345114548224955,0.0001738778768754047,0.00014555076987016947
355,0.00018875358516298648,0.00011972929933108389,0.00017483284728110046,0.00014547553351148965
356,0.0001729124697481489,0.00012492184585426004,0.00017431996982066066,0.0001460948797874153
357,0.00016611344523779635,0.00011926582374144346,0.00017387791127936606,0.00014644764421973378
358,0.0001716424141260278,0.0001497577369445935,0.0001731267468195357,0.0001438544964650646
359,0.0001614632593959363,0.00011946651444304735,0.00017211722076883437,0.00014595375342760236
360,0.00017835959161554153,0.00019308089686091988,0.00017249781048352212,0.00014424869888462127
361,0.00016824417343337295,0.00011609434615820646,0.00017202877761834923,0.00014595160882454364
362,0.00015904247029943186,0.00011738531582523138,0.00017168937718896714,0.00014312004786916076
363,0.0001793168020150107,0.00021742813289165496,0.00017063856009432736,0.00014271511062979698
364,0.0001774132113981371,0.00016648236312903465,0.000170426262668722,0.0001429869832471013
365,0.0001741243199729878,0.000161094528157264,0.00016979310633938037,0.00014284964557737112
366,0.00017517969306532502,0.00012583998031914234,0.000169720304162345,0.00014536045002751051
367,0.00020198240213277233,0.00012522017350420357,0.00016923532922131322,0.00014583906081970782
368,0.00016267481020703497,0.00014948287629522382,0.00016790539470966907,0.00014736761518288405
369,0.00016293663525074307,0.0001366040948778391,0.0001674346290399424,0.00015116387647576632
370,0.0001549158847451003,0.0001353936962550506,0.00016705566801958615,0.00015270916072186085
371,0.00016070854268036784,0.00019094055867753922,0.0001662988288431532,0.00015200340948067604
372,0.00019049897101164486,0.00015299921215046198,0.00016591236173020056,0.00015154867540113627
373,0.00015508885146118701,0.00016667782096192242,0.00016519322752202344,0.000148863890953362
374,0.00016101614287537005,0.00011143049458041788,0.00016447609481207718,0.0001487496990710497
375,0.00015052184249119213,0.00011213289864826948,0.00016415068164222048,0.00014880061026196925
376,0.00016734912487057348,0.0001288782770279795,0.00016357571584133744,0.00014555991003289815
377,0.00015149813180970442,0.00012488677049987017,0.00016253554485544253,0.000145201391284354
378,0.00017303086419512208,0.000245366448070854,0.00016192932006476137,0.00014309154595248402
379,0.0001660955913313147,0.00013541641528718172,0.0001613726444341915,0.00014235467677935958
380,0.00015550522237188285,0.00015794315841048955,0.00015912375694671134,0.00014207785346079618
381,0.00016114332800498232,0.0002198283781763166,0.0001582736397808832,0.00014026694633066655
382,0.00015663941972889007,0.00015789792989380656,0.00015814356615947975,0.00013923694300465287
383,0.00015272143471520394,0.0001321139559149742,0.000158038539704608,0.00013971681654220447
384,0.0001518015815721204,0.00010809816245455295,0.00015761090411494177,0.0001364031591336243
385,0.00016038123641111372,0.00012596128566656263,0.000155774188390933,0.0001356651343521662
386,0.00015031585568471605,0.00011323954910039901,0.00015529486317860172,0.00013329254150157798
387,0.00015090714105301433,0.00011865809559822083,0.0001550534811207197,0.00013307209558552133
388,0.00016494265699293465,0.00013641062716487795,0.00015505756213226253,0.00013378990122582765
389,0.00015140893675076464,0.00015751939441543072,0.00015444021836285378,0.00013316019382327794
390,0.00015896870020595897,0.00010834839486051351,0.0001541008060901529,0.00013685025193262845
391,0.0001612628023010782,0.00010741825099103153,0.00015358974524359737,0.0001330617180326954
392,0.00014576021494576706,0.00011829959054011851,0.0001528195216747311,0.00013187590445159003
393,0.00014142188106133188,0.00010421019804198295,0.00015232742176546403,0.0001330436283373274
394,0.00015968479471565743,0.00011085401172749698,0.0001517609006945147,0.00012957086892565712
395,0.00015229022337330712,0.0001473905346938409,0.00015137635878054425,0.00012757663343800231
396,0.00015001765293871157,0.00010809912346303463,0.00015124678995667235,0.00012925858855014668
397,0.00014458107791142538,0.00013454859261401,0.00015068152073719024,0.0001316484306822531
398,0.00014310572115290495,0.00010736299969721586,0.00015074189432586236,0.0001317968630581163
399,0.00015498159142831962,0.00010591934667900205,0.00015096749283386292,0.0001313201410812326
400,0.0001506238677797632,0.00013007803965592757,0.00015042070320018362,0.00013068155121291055
401,0.00015191553063535442,0.00011313559196423739,0.00014929988115909508,0.00012998191601363944
402,0.0001430128249921836,0.00021713822323363274,0.00014890340119794323,0.00012847537441411987
403,0.00016025434303123298,0.00015065310057252646,0.0001482503460054027,0.00012854294589487834
404,0.0001468400021096588,0.0001057710757595487,0.0001475707879632763,0.00012830361971864475
405,0.00014320272464020593,0.00018713625555392355,0.00014722436841305657,0.00012773662850959226
406,0.00014698030123124934,0.00013300939288455994,0.00014713846226352162,0.0001313412489253096
407,0.00014702587187962813,0.00010804204270243644,0.00014645870913518593,0.0001317849928862415
408,0.00014948221411840578,0.000174162833718583,0.00014641386319417504,0.00013050406025722622
409,0.00013766985108506761,0.00016784421575721353,0.00014560028383922243,0.0001303865785012022
410,0.00016189057612791657,0.00012967209506314247,0.0001454125973383068,0.000129225341998972
411,0.00015595581838473055,0.00010132149967830629,0.00014547954998755204,0.0001288708498934284
412,0.00013723740021103165,0.00010269334889017046,0.0001449065692994433,0.00012863125079311434
413,0.00013692210596572194,0.00011891974718309939,0.0001447352832933474,0.0001285284931538627
414,0.0001414969377219677,0.00011985585442744195,0.00014397858158012646,0.00012811835997272284
415,0.00014264232039244639,0.00011003768187947571,0.0001440377081382192,0.0001233851528959349
416,0.00014427385124791828,0.00010143509658519178,0.0001433111884036205,0.00012138458336703482
417,0.00013709972619027313,0.00010412481031380594,0.0001427274776545043,0.00012102507158415392
418,0.00013927422732295882,0.00019432570843491703,0.00014226754427525322,0.00011911317242775111
419,0.00014269096650726472,0.00012194761075079441,0.00014216212747333987,0.00011833708074409513
420,0.00015116907484803555,0.00011536721896845847,0.00014232194527285174,0.00011822490005288273
421,0.0001296781690648964,0.00010516207956243307,0.00014160528838013612,0.00011507408965844659
422,0.00013988891538853446,0.00010551768005825579,0.00014170725149516432,0.00011409337039804085
423,0.0001447795373840361,9.850069705862552e-05,0.00014159666254547323,0.00011522241469938307
424,0.0001406570742256008,9.992936917115003e-05,0.00014129260941279223,0.00011526520904153585
425,0.00014634171762736514,0.00012750909867463632,0.0001412186621649501,0.0001151127440156415
426,0.0001329979878048309,0.00010288226243574173,0.00014102725471602754,0.00011575653902254998
427,0.00014449098894450194,9.880804631393403e-05,0.0001407436244733011,0.00011852470680605618
428,0.00014209134966626557,0.00010063886235002428,0.0001408335331426416,0.000118222645833157
429,0.0001322472333817536,9.678328118752689e-05,0.00014023236794811155,0.00011813538338756186
430,0.0001317043901589285,0.00013933877664385364,0.0001399529405015831,0.0001186965850065462
431,0.00014434488118341606,0.00011360710079316049,0.0001394469166885958,0.00011574157314607872
432,0.00015102131686742522,0.00010523752542212605,0.0001391297055201398,0.00011593350003240629
433,0.00013156579180051469,9.539257385767996e-05,0.00013862779474325685,0.00011566334936069321
434,0.00014021892896077284,0.0001433262342470698,0.00013882625345011345,0.00011577416985528542
435,0.00015912585238563932,0.00015789820259669795,0.00013867379860926625,0.00011543688258389008
436,0.00014835449006770634,0.00010239135823212563,0.00013818073530500336,0.00011856422618729991
437,0.00013538871901497864,9.888172324281186e-05,0.0001384464970479409,0.00011931417918531222
438,0.00013213691974265707,0.0001350146223558113,0.00013812459899733464,0.00011799253494245931
439,0.0001344061816538063,0.00018906004901509733,0.00013840224150076717,0.00011878284303238614
440,0.0001448900371259596,0.00010248615755699575,0.00013769707687832935,0.00011852123743155968
441,0.00012924472138466726,9.92535354453139e-05,0.00013710464808844137,0.00012015026378212493
442,0.0001301140400270621,0.00011815485078841447,0.00013706202032109208,0.00012031951189273966
443,0.0001266236319982757,0.0001204504119232297,0.00013700142365738024,0.00011907475532498209
444,0.00013476068729586485,0.00012674578290898354,0.00013646321866932944,0.00011833082261728122
445,0.00013862130542596182,0.00010861345217563211,0.0001356050115434401,0.00011791389464633539
446,0.00013463963673631145,0.00010793259192723781,0.00013550038278077004,0.00011779272715793922
447,0.0001360775443673548,9.708549827337265e-05,0.00013534808856331638,0.00011580203038174658
448,0.0001324529547774647,0.00017668428714387118,0.00013450736369446126,0.00011448429113952443
449,0.00014730111779903785,0.00011867819412145764,0.00013356963934557927,0.00011728961258195342
450,0.00013829426636220886,9.446799260331317e-05,0.00013373366470914333,0.00011704385584453123
451,0.00013993905039064378,0.00012263996468391268,0.00013344922498411806,0.00011572952448623256
452,0.00012686187338355618,9.226790629327298e-05,0.0001328650417828208,0.00011187929160660135
453,0.0001272806299190658,0.00014136452111415565,0.00013216845464452895,0.0001134311678237282
454,0.0001311815391980215,0.00010101448395289481,0.00013207343456387105,0.00011494735626038165
455,0.00013018947356613353,0.00010821986244991422,0.00013195991344982757,0.00011405083029530944
456,0.00013088975648214627,9.500878310063854e-05,0.00013190741065579153,0.00011667981154751034
457,0.0001295661387201916,9.481432614848018e-05,0.00013185025103157384,0.00011671256211120637
458,0.00012895007273376299,9.236338664777576e-05,0.00013194221934536475,0.00012107089553028345
459,0.00013641157352443163,9.355881484225392e-05,0.00013179226505647724,0.00012083732655737548
460,0.0001381077306642611,0.00012495472154114395,0.0001318158368599446,0.00012103070165030658
461,0.00012491138134565618,0.00017252439429285004,0.00013178510956220435,0.00012031551632098854
462,0.00013948935310408058,9.27378048072569e-05,0.0001310566784962753,0.00012040967594366522
463,0.0001250259266170259,0.00010215633839834482,0.00013100421024395877,0.00012062774279620498
464,0.00011980160162137407,9.280422702431679e-05,0.00013019588312664483,0.00011980981479864567
465,0.00012747535866866302,0.0001412830629851669,0.000129911777157233,0.0001197183335782029
466,0.0001268692193682202,0.00013715824636165053,0.00012957697189024957,0.00011769499434158208
467,0.00012727601217597516,9.574170166160911e-05,0.00012952541446753055,0.00011741754307877273
468,0.00012531106214737518,0.00018617494322825223,0.00012917928395585884,0.0001167114920099266
469,0.00013333169669042238,0.0001275645470013842,0.00012911800924274655,0.0001221635912777856
470,0.00014092051327073326,0.00021757178765255958,0.00012972100494791652,0.00012331462156726046
471,0.0001308907795141244,0.0001020933676045388,0.00012987419686655304,0.00012344401794252917
472,0.00013666683945403848,0.00010191987559664994,0.0001296819253572418,0.00012389584687771276
473,0.0001316847723339581,0.00015880465391092003,0.00012905158544308508,0.00012254568008938804
474,0.00012909034115081238,0.0001210321846883744,0.00012912727644628225,0.00011934203226119278
475,0.0001369825600542956,9.991966391680762e-05,0.00012856702609311067,0.00012045257600257173
476,0.00011973087245779525,0.00010219176474492996,0.00012820759140951042,0.00012100888217100873
477,0.00011975922414826022,8.998087578220293e-05,0.00012917821665436754,0.0001221250040340237
478,0.00011891049824448095,9.078104019863531e-05,0.00012923985181906677,0.00012215361550915984
479,0.00012989260363004482,9.40782023826614e-05,0.00012932931036727194,0.00012031453945674003
480,0.00012153621077434056,9.056858572876081e-05,0.00012959094327266534,0.0001218617390259169
481,0.00012935788865434006,0.00023131126479711384,0.00013037634707224142,0.00011867199409753083
482,0.00014464103134944,0.00012359008338535204,0.00012979524821469867,0.0001171219921321608
483,0.0001327798706996772,9.559829602949321e-05,0.00012885078321624963,0.00011203549402998758
484,0.00013160478579165,0.00010485453822184354,0.00012848271595236537,0.00011161084213526918
485,0.0001223492328103425,9.120055183302611e-05,0.00012847226359170033,0.00011324019230669362
486,0.00012680365642558578,9.243319858796895e-05,0.0001282112847606186,0.0001105040790978819
487,0.00012548309427479074,0.00012050139834173024,0.0001278772932470828,0.00011035296646878122
488,0.00011604005952702008,0.00011606399260926991,0.00012701183287103454,0.00011005998818436636
489,0.00014406723274280214,0.00012070727359969168,0.00012715883772988393,0.00010953207133570685
490,0.00012901623778614318,0.0001419983498635702,0.00012751431281148043,0.00010959578339243307
491,0.00012910568307334972,9.11813450511545e-05,0.00012750286485340134,0.00010969474522862584
492,0.0001338168348108108,0.00013442169089103117,0.0001276689144646904,0.0001108832050813362
493,0.0001449461571367768,0.00010643132001860067,0.0001277891535797001,0.00011103298619855196
494,0.00011880422525185471,8.881449786713347e-05,0.00012736345830877932,0.00010656673945486546
495,0.00011730888830950588,9.040933509822935e-05,0.00012629687837519064,0.0001051892839721404
496,0.00012168909791701784,9.147707023657859e-05,0.00012592757854209695,0.00010658581106690688
497,0.00013640553043741318,0.00014265362988226117,0.00012545947815977143,0.00010605065622366964
498,0.0001251603015569142,9.040182369062676e-05,0.00012535866015888234,0.0001066718070534989
499,0.00012074055331241753,0.00011725436896085739,0.00012589672263129615,0.00011137490766122936
500,0.00011534605065308926,9.259520680643618e-05,0.00012588641553560996,0.00011127282883971928
501,0.00012340599392902935,8.899384352844209e-05,0.0001262015701239256,0.0001112786503974348
502,0.00012864610118817332,9.157367720035836e-05,0.0001253138425533608,0.00010996244930429382
503,0.00011862429929250438,9.325508610345423e-05,0.00012496794250651467,0.00010923410949762908
504,0.00013404384391227115,0.00012378969870042056,0.00012483471880938546,0.00011325200954452158
505,0.0001245421886495832,9.431311365915463e-05,0.00012429601649378632,0.00011140794481616468
506,0.00011871550688132023,0.0001196550962049514,0.00012326302515510985,0.00011129916715435682
507,0.00011797653300972242,8.91536963172257e-05,0.0001234116179887981,0.00011160148540511728
508,0.00012354737487233554,0.00013051147339865566,0.00012341830821242181,0.00011147940907394514
509,0.00011990227623351125,9.147566714091227e-05,0.000124130191520736,0.00011444932989543305
510,0.00011982878278811565,0.000106729322578758,0.00012321099165128545,0.00011304827119456604
511,0.00014025521823593105,0.00021001071378123014,0.00012287523610931306,0.00011290814360836521
512,0.00012522541688263623,0.00011794942780397832,0.00012253568612698775,0.0001120714377379045
513,0.00012391892423491098,0.0001162095315521583,0.00012278131455790978,0.00011294088917784393
514,0.00012187404347868222,8.780224627116695e-05,0.00012242304871906527,0.00011297845082590356
515,0.00012036873661499057,0.0001237898546969518,0.0001221842280065175,0.00011464829526375979
516,0.00012577509064511913,0.00019162884622346609,0.00012185007728338761,0.00011443176676984876
517,0.00012034927692083228,8.832007268210873e-05,0.00012142593525544122,0.00011493619449902325
518,0.00011912137366986523,0.00010371187847340479,0.00012127504275995307,0.00011542142094112932
519,0.0001225190460940616,9.637245413614437e-05,0.0001214367019407089,0.00011601635189726948
520,0.00011747614390009807,8.735742681892589e-05,0.00012124686364162094,0.00011602529961382968
521,0.00013948618062487286,0.00016572509077377617,0.00012109510991722345,0.00011430154102854429
522,0.0001134255337011483,0.00010762716236058623,0.00012129966752319081,0.00011418626205995679
523,0.00011676641300760416,8.689863403560594e-05,0.00012188665181165563,0.00011615228888113052
524,0.0001122518037542856,9.633672219933941e-05,0.00012101732925899947,0.00011119094701716676
525,0.0001214867614261392,0.00011433149280492217,0.00012042156156126616,0.00011011984603246675
526,0.00011444934795791697,8.9932884729933e-05,0.000120052895843724,0.00010889873685082421
527,0.00012267558337447957,0.00013331978814676404,0.00012076690888497977,0.00011237927144393325
528,0.00011027053121425626,8.784187375567853e-05,0.00012067584176677176,0.00011165233845822512
529,0.00012344029321361127,0.00013640039192978293,0.0001206438698611843,0.00010892367777414619
530,0.00012076987626238002,0.00010644377471180633,0.00012064052963784583,0.00010876522896578536
531,0.000122756986400216,0.0001345283701084554,0.00012034702549507425,0.00010840784200699999
532,0.00011323057553252309,8.937738923123106e-05,0.00011992280868580562,0.00010901085173245518
533,0.00011975353176239878,8.741750876652077e-05,0.00011976721471356639,0.0001090812775772065
534,0.00012501621638269473,8.859369292622432e-05,0.00011893023266457019,0.00010801244205795228
535,0.0001345033899997361,0.0001558799931081012,0.00011902679906666485,0.00010996597674675286
536,0.0001185221544195277,8.597716718213633e-05,0.00011889448892971913,0.00010991901267552749
537,0.0001103312244393035,9.117190318647773e-05,0.00011949198725956697,0.00011021533890161664
538,0.00011470228129635668,8.568180201109498e-05,0.00011950687188978515,0.00010989781211828813
539,0.00013972436951007695,0.000174815611098893,0.00012014739863483957,0.00011069402960129083
540,0.00011809205865978988,0.00010561653005424887,0.00011979641123196213,0.00011069897341076286
541,0.00012497579300543293,0.0001234123291214928,0.00012011254249567476,0.00011242276174016299
542,0.0001202657713373709,8.435885247308761e-05,0.00011974052606577364,0.00011099913911893965
543,0.00011178377010057577,9.477720450377092e-05,0.00011986339140437648,0.00011169603866292164
544,0.00011191362586234593,0.00011144769727252424,0.00011953705021943379,0.00010988455171464013
545,0.00011358629459411734,8.911807293770835e-05,0.00011954022961953241,0.00010978404941270128
546,0.0001185616293999677,0.00013900420279242098,0.00011935897694590192,0.00011068033148767428
547,0.00011583969375351443,0.00015646552958060056,0.00011934542675864779,0.00011044585895724595
548,0.00011345865958396138,8.572453225497156e-05,0.00011888999406429421,0.00010889342373702674
549,0.0001271892620004817,0.00010374487785156816,0.00011857947073230107,0.00010944129545241592
550,0.00012185887718159292,0.00010639332322170958,0.0001188042090578367,0.00010955452853813766
551,0.0001304625165842784,0.0001098383218050003,0.0001187570717075788,0.00010996093004941941
552,0.00011390089830254309,0.00013344338338356466,0.00011831411124116535,0.0001063286492950283
553,0.00011817381280707196,0.0001309365819906816,0.00011803866702959769,0.0001056813009432517
554,0.00011413988246608318,0.00010080982639919966,0.00011793623584089802,0.00010649427174357697
555,0.0001238415097274507,0.00012386626331135632,0.00011772842809506177,0.0001078620132058859
556,0.00011459845677664917,8.924119640141726e-05,0.00011769925853586759,0.00010738289383007213
557,0.00011331006053498842,8.686483168276027e-05,0.00011790861550705613,0.0001063024442177266
558,0.0001152222149216363,0.00010982456064084545,0.00011775446596762374,0.00010629543773829937
559,0.0001246774617013418,8.273187966551632e-05,0.00011779101615797522,0.00010421549236634746
560,0.00012311757264089668,0.00011706911260262132,0.00011798908345453027,0.00010134363683173431
561,0.0001107590711196988,9.967396006686613e-05,0.0001182420416004283,0.00010181787149049342
562,0.00011594968257769425,9.4002730329521e-05,0.00011783568195468332,0.000101056441036053
563,0.00011352384753990919,9.584183979313821e-05,0.00011770419546519405,0.00010209816783899441
564,0.00012865035784974074,8.400859223911539e-05,0.00011750523434473305,0.00010159117842558772
565,0.00011120595337059866,8.943282125983387e-05,0.00011773189108288432,0.00010054147262126208
566,0.00012241501328794077,0.00014373659912962468,0.00011774412191071961,9.901257622987033e-05
567,0.00011507057769146438,0.00011855238903081044,0.00011751360711318234,9.821482482366265e-05
568,0.00011105453112072105,8.279922010842711e-05,0.00011705639189070401,9.659777386114001e-05
569,0.00011714755014205972,8.443645696388557e-05,0.00011679691731502923,9.70979062607512e-05
570,0.00010973255610830772,8.894291095202788e-05,0.0001164969302461638,9.735625400207936e-05
571,0.00011947538415875493,8.700556849362328e-05,0.0001164923295527438,9.649753281846643e-05
572,0.00012079137616739091,8.466914121527225e-05,0.00011642385101941829,9.83182413270697e-05
573,0.00011978261323141244,9.758039872394875e-05,0.00011605675985532193,9.792422318132595e-05
574,0.00011703027085685689,8.470911649055779e-05,0.00011599755319702025,9.731788628268985e-05
575,0.0001185717149443614,0.00013243649329524487,0.00011600490031026617,9.687254559248686e-05
576,0.00012548848857275313,9.716358646983281e-05,0.00011570308257165989,9.644100958248599e-05
577,0.00011956731675632506,0.00010720073827542364,0.00011468982336098433,9.725822766777128e-05
578,0.00011847958350295407,9.271417220588774e-05,0.00011452434907356899,9.703036457067356e-05
579,0.00010837701252765126,8.086604124400765e-05,0.00011429872532607989,9.462196857202798e-05
580,0.00011241112916549254,8.343998924829066e-05,0.00011400376384845005,9.664641317212954e-05
581,0.00010811159238477961,0.00010174450639169664,0.00011451593077573409,9.706151217687875e-05
582,0.00010581038381335223,9.332352521596477e-05,0.00011425029959775403,0.00010042582686292007
583,0.00011510719758613656,8.835653105052188e-05,0.00011466540848551732,0.00010033047799952329
584,0.00012296549836820404,0.0001282495923805982,0.00011420908441715356,0.00010069392017321661
585,0.00011394029353848762,0.00010721865895902737,0.00011435946953586405,0.00010070897513069212
586,0.0001092789046621571,8.45155376009643e-05,0.00011382886648061685,0.00010009034395916388
587,0.00011613336040884153,8.286921307444572e-05,0.00011398743154455183,0.0001009910531458445
588,0.00010597840407475209,8.505343954311684e-05,0.00011408824861153133,9.984741848893466e-05
589,0.00010331887758285222,0.0001044390443712473,0.00011350943271665732,9.9165885115508e-05
590,0.00010706909618521523,8.373624383239076e-05,0.00011301546929300661,9.813419936690483e-05
591,0.00011677441960071317,8.352669916348531e-05,0.00011265585949877277,9.759361965116116e-05
592,0.00010769654075071837,0.00016916350403334946,0.00011307543461702557,9.764519198797647e-05
593,0.00012385870430282214,9.317669522715733e-05,0.00011310034974271226,9.81789540033788e-05
594,0.00011050677069255875,0.0001685443241149187,0.00011337253347931741,9.786120025673885e-05
595,0.00012011027830238972,8.655918936710805e-05,0.00011406641445161466,9.775576932588594e-05
596,0.00010806728244966103,9.609162283595651e-05,0.00011390825599600146,9.745094783138485e-05
597,0.00012455100413515335,8.504551515216008e-05,0.00011326254131337112,9.707201593555512e-05
598,0.00010651753685023222,8.211461943574249e-05,0.00011304456577054223,9.600654623936863e-05
599,0.00012099439745523139,0.00010722684615757316,0.00011296184374692124,9.582403189269825e-05
600,0.00012109214161884867,0.00010384562687249854,0.00011285007275033015,9.624807360814885e-05
601,0.00011101809120090264,8.012525213416666e-05,0.00011300529456089456,9.60067263804376e-05
602,0.00010721823116505726,8.140859456034377e-05,0.00011332934937996064,9.670643508434294e-05
603,0.00010948933864710852,7.91996793122962e-05,0.00011316304835232182,9.702738294145093e-05
604,0.00011886639048397127,8.215534966439008e-05,0.00011290739915825221,9.763213673140853e-05
605,0.00011303400730765942,9.678403963334858e-05,0.00011309299229178578,9.741684999316932e-05
606,0.00011491618579990851,9.38006627256982e-05,0.00011299689427897746,9.760857411893085e-05
607,0.00012315740812078325,9.068775194464252e-05,0.0001130030082642204,9.43862036219798e-05
608,0.00011115323619580724,8.073599368799478e-05,0.00011283301553016322,9.521684033097701e-05
609,0.00010682263130244489,0.00011877629498485476,0.00011280980506756652,9.489730156492442e-05
610,0.00010849090496776625,8.05819165543653e-05,0.00011214082522007326,9.552686766255649e-05
611,0.00010721085407163224,7.995267893420532e-05,0.00011217306532845315,9.588494381168858e-05
612,0.00011333908549406462,9.347025596071035e-05,0.00011202829292095783,0.0001025984541862272
613,0.00010985894933886206,7.901975885033608e-05,0.00011159223487678292,0.00010162008684128524
614,0.00011142024805950414,0.00012193176196888089,0.0001120989865752765,0.00010208537870785222
615,0.00010291157049424428,9.175994026008993e-05,0.00011191226069996546,0.0001030621419195086
616,0.00011038318974897265,9.864554391242564e-05,0.00011162271623551431,0.00010321011189371349
617,0.00011233636908905788,0.00016378133557736873,0.00011120655142391722,0.00010326910034054892
618,0.00012145625398261472,9.79697983711958e-05,0.00011117462437315328,0.00010360773742431778
619,0.00011065962032363233,8.798506169114262e-05,0.00011130077418185668,0.00010303855504607784
620,0.00011586045995095951,0.0001073251070920378,0.00011069951731802172,0.00010293046652805063
621,0.00010748702088474399,8.810315368464217e-05,0.00011106577504672008,0.00010279061305336657
622,0.00010782650794782159,0.00010078466759296134,0.00011095323909733756,0.00010355310901068153
623,0.0001073235395597294,9.106652316404507e-05,0.00011101069285780089,0.0001039667586563155
624,0.00011737508726784855,0.0002750646055210382,0.00011069323984362808,0.00010438239715294914
625,0.00011019069051447635,7.938644324894994e-05,0.0001106954005132947,0.00010572563160676511
626,0.00012368688366324123,9.175754879834131e-05,0.0001112275584212815,0.00010733482150826606
627,0.00010255008428228192,0.00010582767485175282,0.00011111971463671784,0.00010641726020257922
628,0.00010225072703582959,8.289892866741866e-05,0.00011107642323477195,0.00010633788161212579
629,0.00010846227019404371,8.363006083527579e-05,0.00011101679327807185,0.00010839473580708729
630,0.00011223583103856072,0.0001052499667275697,0.0001110867908890618,0.00010537337218411268
631,0.00011806993101749362,7.957110326969996e-05,0.00011057453984912074,0.00010654965715948494
632,0.00010812598652490932,8.798553899396211e-05,0.00011104741151987888,0.00010611506269779056
633,0.00012030967941326606,7.723965682089328e-05,0.00011050646054403238,0.00010606332464376465
634,0.00010400923256788196,0.00013783869391772896,0.00011104799811987,0.00010689352019689978
635,0.00010992724897934951,9.09231576952152e-05,0.00011119813066777878,0.00010621365008410067
636,9.927452871731172e-05,9.03436413500458e-05,0.00011100290944515211,0.00010643440489657223
637,0.00011339310223572991,0.00012705111730610953,0.000110475713946572,9.919825355755164e-05
638,0.00012316289703853222,0.00011924950638785958,0.00011018836306757295,9.983588702743873e-05
639,0.00010872415344541272,9.89927293267101e-05,0.0001094415984808519,9.981749873841181e-05
640,0.00010182928544559723,8.977547549875453e-05,0.00010980749014286427,9.89831493003294e-05
641,0.00010889244083146978,0.00015006689878646284,0.00010976831045894262,9.890216372441502e-05
642,0.00011408630936380682,8.824724500300363e-05,0.00011002937097994921,0.0001005066313315183
643,0.00010864997798408796,0.00012737692275550217,0.00011007755381352681,9.960010781651363e-05
644,0.00012248141209258593,7.712020014878362e-05,0.00010979531033210354,9.958994854241609e-05
645,0.00010233668555479703,0.00010603165574138985,0.00010982159865024085,9.960501419845967e-05
646,0.00012102546028068496,0.00010885804251302033,0.00010933485700710055,0.00010013731016078965
647,0.00011157982164554091,8.378791477298364e-05,0.00010956395299807707,9.794096400728451e-05
648,0.00010244300899406275,9.658539347583428e-05,0.0001093402461504512,9.827482101973146e-05
649,0.00010419519980334573,9.416082204552367e-05,0.0001093700444293467,9.990531587973236e-05
650,0.00010300691853950007,9.532727999612689e-05,0.00010945470434704069,9.865301797399297e-05
651,0.0001050177689952155,9.129784157266841e-05,0.00010874080753872273,9.827293382259087e-05
652,0.0001116973758325912,8.496893889969214e-05,0.00010858577835153683,9.77923377067782e-05
653,0.0001012712349377883,8.087428926955908e-05,0.00010863850865538956,9.789309573825449e-05
654,0.00011498878321920832,0.00012374175101285802,0.00010832975475027019,9.86445822985843e-05
655,0.00011344040187800095,8.258687885245308e-05,0.00010854410853223979,9.820537259802225e-05
656,0.00011101384398191132,7.931712141726166e-05,0.00010818215367617086,9.907408002763988e-05
657,0.00010878319447834252,8.836218039505183e-05,0.00010754717601392057,9.970136185875165e-05
658,0.00010814113833475859,9.054705587914213e-05,0.00010773053006948128,9.856321591651069e-05
659,0.0001097366323422951,8.29300400801003e-05,0.00010720928048152322,9.767231745645406e-05
660,0.00010433457778870232,9.926958300638944e-05,0.00010679699245536339,9.851647609611975e-05
661,0.00010001948568969965,0.0001311060128500685,0.00010668598327805135,9.829498401377352e-05
662,0.00011550960017807989,9.57436696626246e-05,0.00010679470905484375,9.779311468591914e-05
663,0.00010531547683058307,0.00010974740260280669,0.00010672071443760716,9.705633834237235e-05
664,0.0001048484237657653,8.697782643139362e-05,0.00010672400741378725,9.651981320930646e-05
665,0.00010314754304191511,9.229442628566175e-05,0.00010655999362319966,9.623605066444727e-05
666,0.00010117359320348543,0.0001688540627947077,0.00010666709368071882,9.861785254906865e-05
667,0.00011944515391304676,7.726700248895214e-05,0.00010656783565290325,9.785337466746571e-05
668,9.960110658236469e-05,0.00014909460849594325,0.00010609916253371114,9.756704277824612e-05
669,0.00010660697053632854,9.28022459265776e-05,0.00010566294100361928,9.776558101875708e-05
670,0.00010692053694381482,7.7578007185366e-05,0.0001057595993466546,9.908683792455123e-05
671,0.00010799422058173351,8.658558101160452e-05,0.0001054571923460268,0.00010010654421057554
672,0.000101272620991545,0.00010489188076462597,0.00010546048971171128,9.988201457308607e-05
673,9.966777956126154e-05,9.104809141717851e-05,0.00010554182646349848,9.927727981703356e-05
674,0.00010691334422315574,8.161408884916455e-05,0.00010603285398069096,9.831492460798473e-05
675,0.00010115705310858579,7.690787140745669e-05,0.00010541399939134457,9.76547002210282e-05
676,0.00010510009339971778,7.788471324602142e-05,0.00010532256700454227,9.643817683681848e-05
677,0.0001075970310679016,7.787487527821213e-05,0.00010524704468779317,9.59968669107184e-05
678,0.00010394873637576691,0.00014041933638509363,0.00010513888399226643,9.735497841611506e-05
679,0.00011250733252381905,0.00010462980397278443,0.00010521968863419413,9.415361232822762e-05
680,0.00010172357389819808,7.542858162196353e-05,0.00010440427685033581,9.473754678620026e-05
681,0.00010010830572961519,8.428057743003591e-05,0.00010463069737274457,9.194644116796554e-05
682,0.00011119965305422537,0.00012139360303990543,0.000104849380714586,9.127447510836647e-05
683,0.00010058096331906402,0.0001160397130297497,0.00010438761188351135,9.131518884096296e-05
684,0.00010981906648440701,7.731679914286361e-05,0.00010411075204158099,9.07782648690045e-05
685,0.00010636799658338229,8.41512141050771e-05,0.00010425273823849338,8.996214790968225e-05
686,0.00011229517361951164,0.00010704713262384758,0.00010476751152374263,9.040102236904205e-05
687,0.00010003823544442033,7.923805998871102e-05,0.00010487014662422653,9.01778007624671e-05
688,0.00010302966716052551,7.933431799756363e-05,0.0001048524305056263,9.048858831520194e-05
689,0.00010296036584703769,7.594507827889174e-05,0.00010469263125818944,9.40287764009554e-05
690,0.00010044352565374639,0.00012624721392057837,0.00010463418532615629,9.645250697503798e-05
691,0.00010319370925167783,8.881991059752182e-05,0.00010473168300425944,9.63180267426651e-05
692,9.90598593165891e-05,9.186536393826828e-05,0.00010450387779079998,9.652860800852068e-05
693,0.00010526161964258386,7.931696804007515e-05,0.00010459900155676426,9.719816777505912e-05
694,0.00011207405408236405,7.60030944366008e-05,0.00010478213369109048,9.941789939184674e-05
695,9.537631616694853e-05,7.859585050027817e-05,0.00010447333048149529,9.838957585743629e-05
696,0.00010107272453347428,7.316248171264306e-05,0.00010448691949196574,9.69817423436325e-05
697,0.00010482227591435528,8.448895678156987e-05,0.00010395061585715868,9.678799131070264e-05
698,0.00011253711169249275,0.00010201995290117339,0.00010348371227996217,9.639181732782161e-05
699,0.0001094792217352531,7.603354868479073e-05,0.00010302816368898171,9.586847854661753e-05
700,0.0001007141501435803,8.467756022582762e-05,0.00010332344186285304,9.599691053736023e-05
701,0.00010110511221379662,0.0001663894153898582,0.00010314122765816541,9.596619877847843e-05
702,0.00010613588276707258,0.0001384681396302767,0.00010314707346066521,0.00010166630506864748
703,0.00010638617832834522,0.00013705733057577162,0.00010312991422575174,9.979716891539282e-05
704,0.00010681220218733264,0.00010989433561917395,0.00010278247303407019,9.951259275549091e-05
705,0.00010410166804730478,9.216757578542456e-05,0.00010345759210952868,0.00010089281787513755
706,0.0001046866090877706,0.00013977386784972624,0.00010339195378150584,0.00010084594003274105
707,0.00010347957281434598,9.568551467964426e-05,0.00010273067396354035,0.000100943131436361
708,0.00010092068858082509,8.084387518465519e-05,0.000103338188511811,0.00010134643951314502
709,9.641147561423067e-05,7.247302331961692e-05,0.0001034374282080939,0.0001020330551022198
710,9.46954071534694e-05,7.424686453305184e-05,0.00010402848712401464,0.00010189102945732885
711,0.00010090645884499989,9.39636630937457e-05,0.00010341525369698907,0.00010080984526430257
712,0.00010742018979120379,8.244885975727811e-05,0.00010279263889986194,0.00010080159074277619
713,9.847431204333488e-05,7.856652402551845e-05,0.00010285747618763707,0.00010040284456918017
714,0.00010310651090953293,0.00021844773553311825,0.00010278478162557198,0.0001007848269538954
715,0.0001000145447809094,7.95188100892119e-05,0.00010267000915029915,0.0001003270711633377
716,9.45076794596389e-05,8.170550659997389e-05,0.0001023678458664411,0.00010109383870149034
717,0.00011593783620305153,0.00012637099192943423,0.00010195274709969655,9.976104930974546e-05
718,0.00010362066144201284,7.81450219801627e-05,0.00010188816187760999,9.935546738561244e-05
719,9.554205863322649e-05,7.843287952709944e-05,0.00010168373292544856,9.680686579085888e-05
720,0.00011056417987371485,8.867855241987854e-05,0.00010159430018069946,9.67330949380994e-05
721,0.00010355371694054662,9.032787143951281e-05,0.00010148293073418445,9.661330751841888e-05
722,0.00011959874881237435,8.093831565929577e-05,0.00010141207195119931,9.693942193407567e-05
723,9.720627601685312e-05,7.499034807551653e-05,0.00010151798002835775,9.817860688781367e-05
724,9.391385180707504e-05,7.582718564663082e-05,0.00010145599369037275,9.84242725884542e-05
725,0.00010233508233795873,7.470890588592738e-05,0.00010098036139582593,9.886034894734622e-05
726,9.9287748162169e-05,0.00017593897500773893,0.00010082054654291519,9.923328472068535e-05
727,0.00010326657088525179,0.0001270242448663339,0.00010059870404915677,9.399162901099772e-05
728,9.883209623189437e-05,0.00015622651902958752,0.00010050347475464353,9.406531356507915e-05
729,9.643473301871886e-05,7.65746008255519e-05,0.0001007205609516758,9.36076141195372e-05
730,0.00010248703749514082,8.202802768209949e-05,9.987794542103073e-05,9.406798634445295e-05
731,9.957588528373485e-05,7.605882798088715e-05,9.957392096920456e-05,9.529319237917663e-05
732,0.00010124375419561855,9.384124336065724e-05,9.946220218811909e-05,9.528079080046155e-05
733,9.813645241795004e-05,7.784918969264254e-05,9.897915409334625e-05,9.600454536848702e-05
734,9.464000603960206e-05,8.06258837110363e-05,9.917087978812763e-05,9.567349090939387e-05
735,9.73431090824306e-05,0.00010522648837650194,9.821943412728919e-05,9.578358733560889e-05
736,9.935680039537449e-05,0.00010010530560975894,9.826982369090223e-05,9.563195368973537e-05
737,9.552938242753346e-05,9.335076872957871e-05,9.842018357141772e-05,9.585665131453423e-05
738,9.447894072056644e-05,8.788991835899651e-05,9.800532085808098e-05,9.60890177055262e-05
739,9.756044856557209e-05,8.740634279092773e-05,9.771467811078765e-05,9.187814660836011e-05
740,9.763381241807817e-05,8.136092394124717e-05,9.769441934703435e-05,9.087661204393953e-05
741,9.993483438544596e-05,7.026302046142519e-05,9.78630398988672e-05,8.829817436635495e-05
742,9.4872447936925e-05,0.00013788029755232856,9.79519729502499e-05,8.814047628547997e-05
743,9.602005014635829e-05,0.00010877517284825444,9.795045235789276e-05,8.816133176442236e-05
744,9.274908910608953e-05,7.812284005922266e-05,9.78031666981729e-05,8.856357074109837e-05
745,9.848797750439391e-05,0.00010677241662051528,9.75496891387997e-05,8.792745799291879e-05
746,0.00010834685931008103,8.205150996218436e-05,9.748260542983189e-05,8.783294431632385e-05
747,9.581260729141327e-05,8.369072631467134e-05,9.7377832394947e-05,8.765356076182797e-05
748,9.846601510717948e-05,7.119950692867861e-05,9.71753688393316e-05,8.648556501138953e-05
749,9.767284881996197e-05,8.144462626660242e-05,9.702948837657458e-05,8.579862220212818e-05
750,9.19635145045403e-05,8.051806566072628e-05,9.735667776549236e-05,8.500578934326769e-05
751,9.202167947983576e-05,7.066719757858664e-05,9.800193813215529e-05,8.42989320284687e-05
752,0.0001027601017914195,0.00010198588075581939,9.788842476361123e-05,8.360904721776024e-05
753,0.00010304761002771556,9.17655770899728e-05,9.812151888359545e-05,8.333774089114742e-05
754,9.86580593032866e-05,7.26321488036774e-05,9.811580740950173e-05,8.513830736046657e-05
755,0.00010244902268621243,8.254941465565935e-05,9.829665515895208e-05,8.246322664199398e-05
756,9.589374379073787e-05,8.611480239778757e-05,9.861642895525114e-05,8.116160897188819e-05
757,9.490681521128863e-05,7.793842465616762e-05,9.881108027055032e-05,8.085828869370744e-05
758,9.645935969375488e-05,7.548634777776897e-05,9.857696812897404e-05,7.962885969900525e-05
759,9.202068016747944e-05,7.614129484863952e-05,9.79166493117292e-05,7.957390075316652e-05
760,9.228152019204572e-05,7.60265946155414e-05,9.795060572473126e-05,7.89543638122268e-05
761,9.570978882644946e-05,8.29317353782244e-05,9.78309653123789e-05,8.170939839910715e-05
762,0.00010370911715047745,7.352994725806639e-05,9.79812153207604e-05,8.291945381788535e-05
763,0.00011061044988713952,7.021848548902199e-05,9.840720641336197e-05,8.550490841735154e-05
764,9.472261435197045e-05,7.015922252321615e-05,9.863545966670951e-05,8.552659756969659e-05
765,0.00010346116541768425,7.457826577592642e-05,9.859029999804786e-05,8.652294781059028e-05
766,9.979204753310315e-05,0.0001152771821944043,9.838365099211741e-05,9.062008918263018e-05
767,9.939364167318369e-05,7.100327959051355e-05,9.819862109790038e-05,9.053408749750815e-05
768,0.00010401439505383476,7.623473109561019e-05,9.785594184132705e-05,9.017013351549395e-05
769,9.761537198856887e-05,7.053983310470357e-05,9.796163437681065e-05,8.95142118970398e-05
770,9.263517396498678e-05,7.60366917529609e-05,9.768378964896935e-05,8.960261687752793e-05
771,9.183888887895995e-05,8.067753631621599e-05,9.730124904437817e-05,8.957217354909518e-05
772,9.666151761646486e-05,6.820230279117822e-05,9.732532639172858e-05,8.932372817653232e-05
773,9.547500479837051e-05,0.0001400753716006875,9.738283600244256e-05,8.908672842080705e-05
774,0.00010142909902949921,0.0001116960117360577,9.721762499539181e-05,8.858709564083257e-05
775,0.0001026132918195799,0.00014515443064738064,9.659272513623967e-05,8.836752127972433e-05
776,9.772801081352454e-05,7.120942638721316e-05,9.5912739967591e-05,8.853786261170174e-05
777,0.00010163111007487816,0.00012689463677816092,9.610671905166881e-05,8.881585411145354e-05
778,9.788138487945415e-05,0.00019419411139097066,9.574963836801339e-05,8.936113064992244e-05
779,9.403231194786107e-05,7.048210667562671e-05,9.549704940485145e-05,9.024914553738201e-05
780,9.388204127187943e-05,7.345056510530413e-05,9.536695389607402e-05,9.163615882280284e-05
781,9.853605717782758e-05,6.971676193643362e-05,9.497510941647408e-05,9.194009510101752e-05
782,8.79606970152559e-05,8.014854916837067e-05,9.473820005077869e-05,9.193156803958119e-05
783,8.689584457897581e-05,7.47252645669505e-05,9.465174607466906e-05,9.465271649532951e-05
784,9.262261385123969e-05,6.993016053456813e-05,9.468168923049234e-05,9.411722145159729e-05
785,9.371926045989514e-05,7.010160072240979e-05,9.456350856344217e-05,9.42319535126444e-05
786,9.157951365018056e-05,7.044091587886214e-05,9.430304798168234e-05,9.320830334327184e-05
787,8.808662067167462e-05,6.80405882303603e-05,9.381396421490031e-05,9.149373870459386e-05
788,9.36108206709226e-05,7.447701878845691e-05,9.362169611526446e-05,8.858500046771951e-05
789,9.957209145391566e-05,7.710901001701132e-05,9.355674437570593e-05,8.929541950928979e-05
790,9.453414832629885e-05,8.821017923764885e-05,9.30217593035195e-05,8.713272961904295e-05
791,9.347732345405449e-05,0.0001374775543808937,9.284598565168886e-05,8.268119689892047e-05
792,9.614125395374787e-05,0.00010567861172603444,9.280781554730816e-05,8.322647790191697e-05
793,9.421828306383557e-05,8.383313805097714e-05,9.28119141724892e-05,8.30236649257131e-05
794,9.169263784618428e-05,7.032665656879544e-05,9.280454118011727e-05,8.398558578919619e-05
795,9.047382456224619e-05,0.00014406540314666926,9.326306146039213e-05,8.370900218142198e-05
796,9.258746777454184e-05,6.729016022291034e-05,9.325636194229851e-05,8.352243657573127e-05
797,9.370700094021029e-05,7.10706043173559e-05,9.29809553600434e-05,8.372800162178464e-05
798,8.896349025437506e-05,0.00011448411736637353,9.302811925622842e-05,8.530456991284155e-05
799,8.920200485994832e-05,6.883189576910809e-05,9.304463920222286e-05,8.535779870580882e-05
800,9.780658932868391e-05,7.24359747255221e-05,9.310842988973795e-05,8.635741218458861e-05
801,9.610421732456112e-05,8.896990242647007e-05,9.328668692356184e-05,8.599550545914099e-05
802,8.825648327021756e-05,7.282738952198997e-05,9.290861800804529e-05,8.658203154336661e-05
803,9.348704358368802e-05,8.290579338790849e-05,9.26871494170175e-05,8.603224502876402e-05
804,9.307805933834364e-05,8.411413175053895e-05,9.251173303734202e-05,8.330806620651856e-05
805,9.398450690140533e-05,6.838024070020766e-05,9.244852222230597e-05,8.193113525630905e-05
806,9.835173236852926e-05,9.376478352351115e-05,9.234413621015848e-05,8.149200809421018e-05
807,9.942370402212772e-05,7.323395897401497e-05,9.243180667593454e-05,8.180846666218712e-05
808,8.6728356626635e-05,7.006112442468292e-05,9.249231127840985e-05,7.912167354370466e-05
809,8.573744929486162e-05,7.506928668590262e-05,9.243318157969044e-05,8.170520003768614e-05
810,9.489835786452103e-05,0.00010951580799883231,9.231474605233719e-05,8.338384873350149e-05
811,9.19925123000414e-05,7.177163570304401e-05,9.291662815634885e-05,8.246932366746476e-05
812,8.968138785955186e-05,9.303092519985512e-05,9.294334964037665e-05,8.24035116995219e-05
813,9.806724651651974e-05,6.54293506522663e-05,9.256520641178616e-05,8.231626997585408e-05
814,9.012036856600187e-05,9.177216212265193e-05,9.245710265887383e-05,8.136877505457961e-05
815,8.89974335506041e-05,7.446551637258381e-05,9.255142950051877e-05,8.12495533900801e-05
816,8.909191396216759e-05,6.937308382475748e-05,9.21384400106035e-05,8.054802772239784e-05
817,9.456098357784665e-05,7.125533797079697e-05,9.191517692266238e-05,8.064559399499559e-05
818,9.160863276014828e-05,7.285495899850503e-05,9.196180358089301e-05,8.058840558514931e-05
819,9.388439949058617e-05,7.823812076821923e-05,9.136321350686357e-05,7.943486795411446e-05
820,9.198643962412866e-05,7.689557518460788e-05,9.084194997623047e-05,8.135111624724233e-05
821,9.110922530655645e-05,0.00013187832257244736,9.118713772234818e-05,8.485965236322954e-05
822,9.074611275637936e-05,0.00011303682171273977,9.140430332174422e-05,8.546031267615035e-05
823,0.00010401054285466671,9.162099071545526e-05,9.094802042818628e-05,8.425544428173453e-05
824,8.98700419606434e-05,6.718659657053649e-05,9.102278696049728e-05,8.399014919996262e-05
825,8.83530086139217e-05,7.025493163382634e-05,9.100023565956183e-05,8.314742746297269e-05
826,9.340162350175281e-05,6.528252939460799e-05,9.055474493135181e-05,8.317297237226739e-05
827,9.061465431134113e-05,6.984684790950268e-05,9.078112958361291e-05,8.426859787432476e-05
828,8.316230633580643e-05,6.536765169585124e-05,9.08405198974328e-05,8.537932962644846e-05
829,8.749648213981548e-05,8.655328856548295e-05,9.07618789571441e-05,8.617941119009627e-05
830,9.515017335717049e-05,6.695053045405075e-05,9.03239112140404e-05,8.589996112277731e-05
831,8.338698051779324e-05,6.492634274763986e-05,9.000780690629555e-05,8.694471255294047e-05
832,8.639211575630017e-05,0.00012114016630221158,8.979409816933592e-05,9.11468895326834e-05
833,9.535805027957799e-05,0.0001577745273243636,9.014796420880079e-05,9.064395003952085e-05
834,9.116658927976257e-05,9.008579450892285e-05,8.984432476572695e-05,8.835647717351093e-05
835,8.34912855255728e-05,7.939409813843667e-05,8.991049584486369e-05,8.637363781454041e-05
836,9.386167560781663e-05,6.513925865874625e-05,8.923032953656126e-05,8.581522284075617e-05
837,8.911760533616568e-05,7.196288177510724e-05,8.900256598620521e-05,8.644823184004053e-05
838,8.692997831126882e-05,6.606797338463365e-05,8.894519082419318e-05,8.639059681445359e-05
839,9.57799848725295e-05,0.00011916279967408628,8.875791303936343e-05,8.751613909844308e-05
840,9.048219139610107e-05,0.0001022338101756759,8.876549741479621e-05,8.727886967244558e-05
841,8.712589045495001e-05,8.93751229159534e-05,8.879022173512365e-05,8.727817870094441e-05
842,8.361179000025408e-05,6.426908628782258e-05,8.860257360793185e-05,8.673514634720049e-05
843,8.370602506652682e-05,9.897374475258403e-05,8.852069072082589e-05,8.80070080223959e-05
844,8.854168106659523e-05,0.00018329254526179285,8.868930012977217e-05,8.797295980039052e-05
845,0.00010083309061075043,6.432208785554394e-05,8.906001969428165e-05,8.565459051751532e-05
846,8.351823922971057e-05,7.469150092219934e-05,8.852730528742541e-05,8.230609724414535e-05
847,9.24003897347979e-05,6.34658377384767e-05,8.836360251071811e-05,8.171795537346043e-05
848,8.70063851471059e-05,7.766061637084931e-05,8.873307670809382e-05,8.164647308294662e-05
849,8.417595320174263e-05,8.301182155264542e-05,8.898225918108237e-05,8.359792575938628e-05
850,8.691862956362052e-05,6.881405599415302e-05,8.899153424976653e-05,8.417123662075029e-05
851,8.8719678881009e-05,9.342108649434521e-05,8.894937095238776e-05,8.54836287791841e-05
852,9.080426369716102e-05,6.391511225956493e-05,8.845262532219446e-05,8.342240562196823e-05
853,8.378041434399266e-05,6.535037740832195e-05,8.802065238867526e-05,8.328249800251797e-05
854,8.280527896002038e-05,7.297747972188517e-05,8.792130450116627e-05,8.218131794128568e-05
855,9.310310117952112e-05,9.874707233393564e-05,8.787767291554097e-05,8.257179697975517e-05
856,8.760221574145059e-05,6.407513719750569e-05,8.858626094459197e-05,8.115981022710913e-05
857,9.566010486903704e-05,6.318093423033133e-05,8.890283033413452e-05,7.850842098123394e-05
858,8.204019010817219e-05,7.40621954901144e-05,8.813960816122646e-05,7.853989661089144e-05
859,8.70740198620802e-05,7.53822477417998e-05,8.823324817834268e-05,7.842248500674032e-05
860,9.272814045996508e-05,7.760704087559134e-05,8.808880525110808e-05,8.18369607150089e-05
861,0.00010009123743253036,0.00011392557556973771,8.827696736423403e-05,8.153139395290055e-05
862,8.934948205326994e-05,8.62956533092074e-05,8.835806003318998e-05,8.074305620393716e-05
863,8.587589587679961e-05,9.887777734547854e-05,8.835947292391211e-05,8.066227337694728e-05
864,8.336134411769712e-05,6.763222074368969e-05,8.80880045335895e-05,7.973643363802696e-05
865,7.968286805812062e-05,9.873611968941987e-05,8.77523442924333e-05,8.158807057188825e-05
866,8.464219326722539e-05,6.184562138514594e-05,8.766890177050502e-05,8.179058777168395e-05
867,8.252100035962131e-05,7.403106224955991e-05,8.773576283711008e-05,8.23964891897049e-05
868,0.00010142072579280163,6.367407593643292e-05,8.746299023494229e-05,8.161570150987246e-05
869,9.645591580515934e-05,0.00011700781411491334,8.785061686131586e-05,8.158720499486663e-05
870,8.175253628804866e-05,6.510897859698162e-05,8.727746978305124e-05,8.147552625159733e-05
871,8.585923965761644e-05,7.175621081842109e-05,8.717392439494789e-05,8.194088248419576e-05
872,8.878931655393292e-05,0.00014882773044519126,8.710062275802354e-05,8.147006804938429e-05
873,9.171043797525474e-05,7.002144731814041e-05,8.670005440395067e-05,8.167776958434843e-05
874,8.62032699256411e-05,6.330337782856077e-05,8.63996773799752e-05,7.991972286836244e-05
875,8.695395183167421e-05,6.67944853194058e-05,8.611965257667989e-05,7.907002913416361e-05
876,8.193296912294399e-05,7.027509302133694e-05,8.588911199314884e-05,7.994960512151009e-05
877,8.241275766825613e-05,0.00011020603560609742,8.607061003211938e-05,7.99698469636496e-05
878,8.169435129578536e-05,7.041330740321427e-05,8.595402033113514e-05,7.886347966850735e-05
879,8.447680562514709e-05,8.812501517240889e-05,8.597840286642572e-05,7.958437799825333e-05
880,8.628378612532591e-05,7.922738033812493e-05,8.604617363469314e-05,7.993540823808872e-05
881,9.729288140079007e-05,6.336272432236e-05,8.518982178227614e-05,7.987096936558373e-05
882,8.133142791242183e-05,6.038896564859897e-05,8.474079372277225e-05,7.803737329086289e-05
883,7.94515554055882e-05,8.569610130507499e-05,8.482910471599705e-05,7.796552943764255e-05
884,8.524147893897154e-05,6.361188687151298e-05,8.458348539263372e-05,7.791680516675115e-05
885,8.271393160814316e-05,8.279957924969494e-05,8.477005948370788e-05,7.446549220476299e-05
886,9.258181183314365e-05,6.997440767008811e-05,8.426798044982006e-05,7.406377546722068e-05
887,8.2348861970887e-05,6.505330995423719e-05,8.412078452432373e-05,7.460061546880751e-05
888,8.011238128852306e-05,0.0001208671770291403,8.405298677745224e-05,7.43749011773616e-05
889,8.7898795091961e-05,6.81382667971775e-05,8.424972712754326e-05,7.692165374755859e-05
890,7.676812553351435e-05,7.107693731086329e-05,8.421213448067041e-05,7.704209593357518e-05
891,8.525175664949024e-05,7.986807962879538e-05,8.433478219505762e-05,7.724674564087764e-05
892,8.421526956630663e-05,8.280681824544444e-05,8.446518981525314e-05,7.620354914688506e-05
893,8.001192948237683e-05,6.206310412380844e-05,8.446006430733379e-05,7.58822804724332e-05
894,8.523021431756207e-05,7.116791224689223e-05,8.368998110397822e-05,7.596830984693953e-05
895,8.396031111866856e-05,6.331288226647302e-05,8.37833352739431e-05,7.600289163528943e-05
896,7.971875657353343e-05,7.053810404613614e-05,8.365245078037129e-05,7.51942111819517e-05
897,9.345366883078694e-05,6.254490639548749e-05,8.343112161738743e-05,7.620329633937219e-05
898,7.91584621280587e-05,5.9978528879582884e-05,8.327338785974358e-05,7.527451692731122e-05
899,8.25233717882333e-05,7.672437786823138e-05,8.301657574451785e-05,7.54592520708684e-05
900,8.525900815988683e-05,6.115162803325802e-05,8.292364351574279e-05,7.52812814724166e-05
901,8.685147787521904e-05,0.0001339439072762616,8.295237431529029e-05,7.281331617268734e-05
902,8.147294149643535e-05,0.00011321709025651217,8.264413018251717e-05,7.252025869092903e-05
903,8.476054415546565e-05,7.552955008577556e-05,8.311411339964252e-05,7.27223513473291e-05
904,8.773699613003474e-05,6.204510282259434e-05,8.305381494800612e-05,7.208756550098769e-05
905,8.615564842734279e-05,7.119566347682849e-05,8.314478668261372e-05,7.122155061806553e-05
906,7.80408013169007e-05,6.551345868501812e-05,8.306477842690786e-05,7.274727250332944e-05
907,8.366528216154418e-05,6.125351035734638e-05,8.309913483131419e-05,7.50814447994344e-05
908,7.617944306629295e-05,6.547908997163176e-05,8.307195849386821e-05,7.49295216985047e-05
909,7.970824986437542e-05,8.883901580702513e-05,8.329377476960267e-05,7.505161647568458e-05
910,7.877058766704673e-05,5.958009394817054e-05,8.279921478792354e-05,7.536779697402382e-05
911,8.616150895250029e-05,7.459278625901789e-05,8.323994079999265e-05,7.529710747185164e-05
912,8.002555625151015e-05,6.060404499294236e-05,8.31486722826311e-05,7.472970295930282e-05
913,8.083065127721056e-05,5.916804453590885e-05,8.29877659869251e-05,7.470821389579215e-05
914,8.019269177263292e-05,6.081182975322008e-05,8.257521001796705e-05,7.168845774722287e-05
915,8.851770596164797e-05,7.612925372086466e-05,8.245616571803113e-05,7.05432511458639e-05
916,8.374429535858022e-05,6.399843347026036e-05,8.239793694778606e-05,6.988271487061865e-05
917,8.648956293149644e-05,6.115644617239014e-05,8.209568893232953e-05,7.054084168630653e-05
918,7.801172308973037e-05,0.00010020615125540644,8.1800065962145e-05,7.000228689867073e-05
919,8.608912442772028e-05,0.00012952221964951605,8.201859555944489e-05,7.063593789353035e-05
920,8.3280902682519e-05,5.9514804743230346e-05,8.175838949456293e-05,7.114151507266796e-05
921,8.52641634668948e-05,7.359047347563319e-05,8.200085302685491e-05,7.094371063285507e-05
922,8.108966928880868e-05,7.044941885396838e-05,8.232530515847933e-05,7.270029581268316e-05
923,9.017661242978648e-05,5.821129132527858e-05,8.239077111680268e-05,7.261551265255548e-05
924,8.024165885419481e-05,6.253926505451091e-05,8.211790117719728e-05,7.262059839558787e-05
925,8.123635076723682e-05,6.061440144549124e-05,8.245457789032822e-05,7.811227284255438e-05
926,7.653757865126762e-05,5.845000356202945e-05,8.258755492149955e-05,7.805832470185125e-05
927,7.84968339980373e-05,8.458692522253841e-05,8.23625341976165e-05,7.863019963842818e-05
928,8.33048248993388e-05,5.901614320464432e-05,8.18218270006279e-05,7.805076814838684e-05
929,8.018079574362168e-05,7.849827321479097e-05,8.146564084842491e-05,7.814714259584433e-05
930,7.876507417272983e-05,5.773179378593341e-05,8.112790133842889e-05,7.843945999629794e-05
931,8.350404124939814e-05,8.135473355650901e-05,8.161684444575156e-05,7.677543114405126e-05
932,7.716013053949508e-05,7.389293983578682e-05,8.12250959525247e-05,7.420666162506677e-05
933,8.22410313735923e-05,6.05339789763093e-05,8.111696152417507e-05,7.438160457531922e-05
934,8.781955315498635e-05,0.0001327536453027278,8.069788731453529e-05,7.420660946518183e-05
935,8.040723662512998e-05,5.746051494497806e-05,8.03880587679386e-05,7.376460357918405e-05
936,7.933976046236542e-05,7.471992983482779e-05,7.986184196520804e-05,7.452677520341242e-05
937,8.8442474079784e-05,0.00019789590616710483,7.978824592040232e-05,7.44045207859017e-05
938,8.415507705649362e-05,5.7819341018330304e-05,7.970655935803534e-05,7.516284280573018e-05
939,7.456717367555635e-05,7.51087031676434e-05,8.005763472109621e-05,7.538594281650148e-05
940,7.500002603693348e-05,6.164346646983176e-05,8.026080673056035e-05,7.550828583771362e-05
941,7.483964155350502e-05,6.640779465669767e-05,8.005704415457635e-05,7.557122167781925e-05
942,7.804607518159578e-05,6.846438118373044e-05,7.997988276765683e-05,7.485914450953713e-05
943,9.023530077279753e-05,5.8605429949238896e-05,7.98325976906603e-05,7.499528683256357e-05
944,7.629541209704864e-05,6.530298167490401e-05,7.951211192606329e-05,7.39572172111366e-05
945,8.057754197377815e-05,6.388837849954144e-05,7.967330284235586e-05,7.388492418103851e-05
946,7.478730822589973e-05,6.921559572219848e-05,7.938166351652602e-05,7.442399911233224e-05
947,7.334395562389141e-05,5.9399271704023706e-05,7.894071184693734e-05,7.176557026687078e-05
948,7.702119236152309e-05,7.726558193098754e-05,7.85904834971815e-05,7.184339444502257e-05
949,7.84017577340516e-05,5.948290461674333e-05,7.850479108488395e-05,7.136643577250652e-05
950,7.919418670806206e-05,7.957245194120332e-05,7.801913684169348e-05,6.596953825210221e-05
951,8.531446272778945e-05,6.402750383131205e-05,7.785357910842221e-05,6.612122759106569e-05
952,8.357613423464095e-05,8.764550075284206e-05,7.775872682298846e-05,6.594757724087687e-05
953,7.821076049973878e-05,6.058953920728527e-05,7.774309476113155e-05,6.590709579177201e-05
954,7.825176107063373e-05,6.0696344007737935e-05,7.79991665389389e-05,6.5500504267402e-05
955,7.508294724781687e-05,6.113535186159424e-05,7.804060425648157e-05,6.687422682298347e-05
956,7.549189713447252e-05,5.54029930208344e-05,7.797933960682714e-05,6.769715080736207e-05
957,8.11899034468095e-05,7.20856140833348e-05,7.776119522103627e-05,6.749155951547438e-05
958,7.495004822784622e-05,7.401085225865245e-05,7.753471273139844e-05,6.735441301134415e-05
959,7.679576141526923e-05,6.629292416619136e-05,7.778471437826131e-05,6.689743708702737e-05
960,7.165152788123426e-05,5.9406119398772716e-05,7.806660443602595e-05,6.869424154283481e-05
961,7.719745015492663e-05,6.279596302192658e-05,7.80104707535227e-05,6.86956107558217e-05
962,7.630111800002245e-05,6.297346815699712e-05,7.79253931292462e-05,6.87632608693093e-05
963,8.001613372471183e-05,6.161157449241728e-05,7.772622355162942e-05,6.948805366409942e-05
964,7.219586653971217e-05,7.076744441292249e-05,7.737478023078034e-05,7.007742134155705e-05
965,7.460922449051091e-05,6.063143024221063e-05,7.704846182443565e-05,6.890482394373975e-05
966,8.124143599868856e-05,5.6243006547447294e-05,7.687078442767314e-05,6.867955221096054e-05
967,7.90820181201626e-05,0.00010280744507326745,7.677632895938588e-05,6.90398742328398e-05
968,8.870368453143682e-05,7.91785295587033e-05,7.670474916263227e-05,6.910259429714644e-05
969,7.084180245227698e-05,6.0163199377711863e-05,7.67871820325834e-05,6.947069179732354e-05
970,7.491547973283256e-05,6.045971589628607e-05,7.659783895457321e-05,6.896506589837373e-05
971,8.10373493974718e-05,5.779119761427864e-05,7.659428914355685e-05,6.886644281912596e-05
972,8.039120706800734e-05,0.00010431938309920952,7.656300668442986e-05,6.905751290614716e-05
973,7.561785029894155e-05,7.729981225566008e-05,7.701836173817154e-05,6.881902200402692e-05
974,7.627481712713941e-05,6.117415745393373e-05,7.68080861517875e-05,6.872331969207153e-05
975,7.421494726764245e-05,9.76922718109563e-05,7.662578068136808e-05,6.842806468484924e-05
976,7.65283797065624e-05,7.876169576775282e-05,7.639952978772474e-05,6.87077597831376e-05
977,7.541817407602341e-05,5.8330565807409584e-05,7.63556491030613e-05,6.830001823836939e-05
978,7.37688255806764e-05,5.495774588780478e-05,7.645003446474826e-05,6.91808309929911e-05
979,7.589037436345178e-05,6.970439455471932e-05,7.629010294298902e-05,7.042276166030206e-05
980,7.329345232897646e-05,6.270335346926003e-05,7.59279657268457e-05,6.888361419551075e-05
981,7.755271888325095e-05,6.460543052526191e-05,7.535443293066541e-05,6.890620552003383e-05
982,7.645632649655454e-05,5.9444966609589756e-05,7.529231498839283e-05,6.887469690991567e-05
983,7.486130295243735e-05,7.154527527745813e-05,7.510810695983107e-05,7.016752532217651e-05
984,7.601369993709441e-05,7.106967634172178e-05,7.480033474502205e-05,7.023456670576708e-05
985,8.303540422477656e-05,5.344384684576653e-05,7.457787939735378e-05,6.8174709106097e-05
986,7.194056049532567e-05,6.040340522304177e-05,7.455658414013062e-05,6.736834194744006e-05
987,7.174348123953678e-05,5.5592092976439745e-05,7.466247389351742e-05,6.736771168070846e-05
988,7.435986138362851e-05,6.86039519496262e-05,7.458081829633253e-05,6.594958933419547e-05
989,7.109884942312621e-05,6.057390579371713e-05,7.430632454731192e-05,6.509226794005372e-05
990,7.696885853268517e-05,8.265174910775386e-05,7.419908709966372e-05,6.520983841037378e-05
991,7.724314795470694e-05,8.729127323022112e-05,7.414552845811058e-05,6.554421171313152e-05
992,7.002858771657984e-05,6.432875845348463e-05,7.406561260253915e-05,6.53622750658542e-05
993,7.436536462692957e-05,7.974331267178058e-05,7.384788759777115e-05,6.560022544581442e-05
994,6.928885389546243e-05,5.937548412475735e-05,7.35905260746626e-05,6.586521649733186e-05
995,7.03102790187889e-05,9.278042620280757e-05,7.333432323777944e-05,6.565509166684933e-05
996,7.334304402724633e-05,5.9467232204042376e-05,7.32571604292995e-05,6.509317185846158e-05
997,7.482982337630043e-05,5.282294310745783e-05,7.354951125647252e-05,6.435882797231898e-05
998,7.508546886836283e-05,5.7140633289236574e-05,7.306296993758427e-05,6.431850508088246e-05
999,7.892206096180921e-05,6.11584007856436e-05,7.339444813874758e-05,6.397689931909554e-05
1000,7.217355733802025e-05,6.223921314813197e-05,7.36371960665565e-05,6.393618037109263e-05
1001,6.966603598104686e-05,5.732866091420874e-05,7.345985583120234e-05,6.339062252664007e-05
1002,7.273723788481827e-05,6.126982756541111e-05,7.345330559829666e-05,6.315849907696248e-05
1003,7.242985954184809e-05,6.331707845674828e-05,7.350511994898423e-05,6.234176608850248e-05
1004,7.389247797416627e-05,6.51559783727862e-05,7.326325578615069e-05,6.089148739119992e-05
1005,6.785032720977647e-05,6.865211296826601e-05,7.314702783284398e-05,6.046385246445426e-05
1006,7.111868080553702e-05,7.123020681319758e-05,7.335777544325942e-05,5.951806745142676e-05
1007,7.005125557447576e-05,5.4191845847526566e-05,7.323587898669453e-05,5.9255077032139525e-05
1008,7.293223274043864e-05,5.749728006776422e-05,7.321098700890111e-05,5.8122221456142145e-05
1009,8.33224706164199e-05,5.271107918815687e-05,7.321102542078332e-05,5.9420377429341893e-05
1010,7.08718712525701e-05,5.24357745598536e-05,7.2920977645683e-05,5.983932456001639e-05
1011,8.022751552440847e-05,5.18632611783687e-05,7.275816691431424e-05,5.969570367597044e-05
1012,7.781217943475996e-05,5.457411927636713e-05,7.22962741752983e-05,6.236486471025274e-05
1013,6.992635549977421e-05,5.496500583831221e-05,7.222039193665194e-05,6.211665328592063e-05
1014,7.093509360048402e-05,5.4770819551777095e-05,7.208474795786766e-05,6.227283618063666e-05
1015,7.826421729987487e-05,6.223342439625413e-05,7.189220355487324e-05,6.294248441117816e-05
1016,7.11965438838686e-05,5.1034305797657e-05,7.167122125004728e-05,6.296274465275929e-05
1017,6.712288888391211e-05,5.3637885284842925e-05,7.18212731706444e-05,6.24869761406444e-05
1018,7.963405488731547e-05,5.6098687346093356e-05,7.190602051495161e-05,6.232776178512722e-05
1019,6.624144248134043e-05,5.280072364257649e-05,7.186299859895373e-05,6.183140630600975e-05
1020,6.968797957395307e-05,6.445903680287302e-05,7.190890007639408e-05,6.20835329813417e-05
1021,7.334400432430104e-05,9.192113153403624e-05,7.182253059064452e-05,6.279977472731844e-05
1022,6.757862899879304e-05,6.329662137432024e-05,7.149577330241705e-05,6.321248529711738e-05
1023,7.101520058414381e-05,5.3550111188087614e-05,7.13488254249872e-05,6.33624962239992e-05
1024,6.737474248641067e-05,0.00012788742664270102,7.106266157611066e-05,6.572683510603383e-05
1025,7.027650137186154e-05,5.603392753982917e-05,7.085098846970747e-05,6.698117691557856e-05
1026,6.627493651144e-05,6.123323328210972e-05,7.096159444190563e-05,6.759645187994466e-05
1027,6.79236278099577e-05,7.801103332894854e-05,7.0959044093292e-05,6.751921172253789e-05
1028,6.690530192119898e-05,6.382358449627645e-05,7.040869854325946e-05,6.715431251213886e-05
1029,7.764377598909454e-05,5.3261765569914135e-05,7.022866944704827e-05,6.744729049969466e-05
1030,6.996901081745616e-05,6.467175408033654e-05,7.017128803029969e-05,6.806477796053515e-05
1031,7.004313290558963e-05,5.882131983526051e-05,6.978684320800112e-05,6.793920879717917e-05
1032,7.119879251048487e-05,6.0495012730825694e-05,7.023577358082144e-05,6.80218558292836e-05
1033,7.077299559669983e-05,7.54033237171825e-05,7.006350806073492e-05,6.796809800434857e-05
1034,7.515353841073294e-05,6.302884343313053e-05,7.012503428591621e-05,6.693769603734835e-05
1035,6.719817431682411e-05,5.618604773189872e-05,7.030763687346026e-05,6.672490151249803e-05
1036,7.307341930249498e-05,0.00011097173322923482,7.012648347687598e-05,6.674840908381155e-05
1037,7.252035177468012e-05,8.593266451498494e-05,7.029258979148128e-05,6.466700828750619e-05
1038,7.269150480472793e-05,7.034687994746492e-05,7.031619044751602e-05,6.48427027685102e-05
1039,7.087133488514358e-05,5.2839815616607666e-05,7.036694422745818e-05,6.549869027221574e-05
1040,6.450557854906138e-05,5.3110944136278704e-05,7.022419289989759e-05,6.507952019455843e-05
1041,6.669581647858851e-05,5.8358755486551674e-05,7.023745061952569e-05,6.557919533224776e-05
1042,6.56883534651974e-05,6.907507180585526e-05,6.987533862605536e-05,6.65614900761284e-05
1043,7.002293432985121e-05,5.2959458262193945e-05,7.004644521673778e-05,6.67114268988371e-05
1044,7.746470180184891e-05,5.48668994451873e-05,6.99837391785372e-05,6.630071606487036e-05
1045,6.538134157179026e-05,6.311509117949754e-05,6.970960805224928e-05,6.608175075962208e-05
1046,7.488215995383346e-05,6.616108235903084e-05,6.971667512326448e-05,6.534767634002493e-05
1047,7.214369368739426e-05,5.797675825306215e-05,6.92487137020281e-05,6.477621957310477e-05
1048,6.64863656695363e-05,5.4137800470925865e-05,6.949013105768245e-05,6.464135947753676e-05
1049,7.152740035154339e-05,7.585240673506633e-05,6.934480144377124e-05,6.236962510738522e-05
1050,7.086651777272992e-05,6.04262895649299e-05,6.918522839065797e-05,6.13820182683412e-05
1051,6.754378100999424e-05,7.763292087474838e-05,6.886639576890352e-05,6.052114861086012e-05
1052,6.435484462094286e-05,6.753178138751536e-05,6.85669889657422e-05,6.056234444258736e-05
1053,6.723674491190144e-05,7.631546293850988e-05,6.85389386389741e-05,6.0763689858140435e-05
1054,6.859097615233623e-05,7.781913416692987e-05,6.84684364936806e-05,6.087853871867993e-05
1055,7.4246675584517e-05,6.842017464805394e-05,6.882962590348648e-05,6.041334684705362e-05
1056,6.847548195057444e-05,4.855354898609221e-05,6.875712630086734e-05,6.071055288775825e-05
1057,6.43455143532871e-05,5.5020880099618805e-05,6.836342797905673e-05,6.1025807139230905e-05
1058,7.094967237208039e-05,5.705146322725341e-05,6.841302677607422e-05,6.198730224859901e-05
1059,6.345450287982304e-05,4.874242426012643e-05,6.81567277578223e-05,6.12828277400695e-05
1060,7.323360820818279e-05,5.281454534269869e-05,6.825381948664369e-05,6.0927967843599624e-05
1061,6.944017895471511e-05,5.4178373975446444e-05,6.871791314657051e-05,6.0718957404606045e-05
1062,6.853102544684791e-05,6.124249353888445e-05,6.857336230071571e-05,5.9712142322678125e-05
1063,6.47206892608665e-05,4.8825138510437685e-05,6.831688285294352e-05,5.921283097122796e-05
1064,6.338616480611058e-05,5.386971140978858e-05,6.8141697421864e-05,5.8392448461381724e-05
1065,6.380432037985883e-05,5.8144579525105656e-05,6.873489715346497e-05,5.770708582713269e-05
1066,6.493326284625154e-05,6.122997700003908e-05,6.891219331333155e-05,5.6881689012516285e-05
1067,7.47180887103443e-05,5.74452750151977e-05,6.87140322946814e-05,5.58723405119963e-05
1068,6.82104442643726e-05,6.038960927980952e-05,6.866387812220234e-05,5.5355588538805026e-05
1069,6.762224375658359e-05,6.27482557320036e-05,6.861577680586682e-05,5.5435903952457016e-05
1070,6.66213114972278e-05,8.715246891370043e-05,6.860207969730254e-05,5.511933700181545e-05
1071,6.847468449753554e-05,4.854921964579262e-05,6.816305289361885e-05,5.5500982550438506e-05
1072,7.457098690792918e-05,4.910526084131561e-05,6.814062600315083e-05,5.547010899754242e-05
1073,7.808870716770698e-05,4.891253949608654e-05,6.798396807894782e-05,5.619581926730462e-05
1074,6.791362920517308e-05,5.068202968686819e-05,6.78379528816246e-05,5.6022153969388454e-05
1075,6.44545315784247e-05,4.79435057786759e-05,6.775383418070205e-05,5.599100824329071e-05
1076,6.316414523300612e-05,5.712335812859237e-05,6.788686794752721e-05,5.684063868829981e-05
1077,7.918483791096757e-05,5.039771553128958e-05,6.816746832304892e-05,5.733037978643552e-05
1078,7.166914890856585e-05,5.5680542573099956e-05,6.852990108988403e-05,5.735349250026047e-05
1079,6.363695068608245e-05,5.25854216539301e-05,6.845224632448258e-05,5.822552990866824e-05
1080,7.299282127254022e-05,5.550137531827204e-05,6.811250043780697e-05,5.847159757977351e-05
1081,6.727294904218676e-05,5.056143432739191e-05,6.788409907118572e-05,5.79025766288396e-05
1082,6.400308663918015e-05,4.7106706333579495e-05,6.797228304106588e-05,5.740377205074765e-05
1083,5.997400227998797e-05,6.659260194282978e-05,6.793988793700314e-05,5.712070906884037e-05
1084,6.289383061812259e-05,4.7970585437724364e-05,6.789590978134787e-05,5.810682794544846e-05
1085,6.931716010310791e-05,7.095730208675377e-05,6.738659514521713e-05,5.8222925657173625e-05
1086,6.578979902163459e-05,4.983674152754247e-05,6.691215125902089e-05,5.8531214640242983e-05
1087,6.642805792378366e-05,6.0463850386440756e-05,6.662039797940652e-05,5.872895389911718e-05
1088,6.804653343149565e-05,7.006589963566512e-05,6.653151081829694e-05,6.061302603920922e-05
1089,7.04011741941536e-05,6.611323886318132e-05,6.658317998032242e-05,6.083981299307197e-05
1090,7.286513955073638e-05,5.8722397370729594e-05,6.613401134349663e-05,6.0702926613157605e-05
1091,6.29918937112153e-05,8.303091221023351e-05,6.589915246942028e-05,6.106762365088797e-05
1092,6.62244415434543e-05,6.359696679282934e-05,6.613512745211161e-05,6.085343093145637e-05
1093,6.250041009884121e-05,4.616408550646156e-05,6.592332865402569e-05,6.080279060988686e-05
1094,6.982684300358718e-05,5.027814127970487e-05,6.58632395831066e-05,6.073802557657472e-05
1095,6.581143389565921e-05,8.007589436601847e-05,6.572593875494526e-05,6.121775285573676e-05
1096,6.737523060615381e-05,7.320219156099483e-05,6.584147415738294e-05,6.066322962869889e-05
1097,6.183812100466134e-05,5.200770363444463e-05,6.581910162446244e-05,6.17112264735624e-05
1098,6.622761001280095e-05,5.6619764072820545e-05,6.565605294729014e-05,6.069111407850868e-05
1099,6.061979721481394e-05,5.5625511158723384e-05,6.539980968195273e-05,6.113678369438276e-05
1100,6.223235255068478e-05,9.504530928097665e-05,6.521243064004616e-05,6.0658802068792284e-05
1101,6.445587428364282e-05,6.279303197516128e-05,6.507146516911841e-05,6.019017138169147e-05
1102,6.795562199032349e-05,4.697555603343062e-05,6.50958957787629e-05,6.180200416711158e-05
1103,6.579767705665695e-05,6.479796851635911e-05,6.473914176943556e-05,6.124426272581331e-05
1104,6.953632525336514e-05,4.723060366814025e-05,6.498542860628934e-05,5.9706125850789256e-05
1105,6.769785132039235e-05,5.423536727903411e-05,6.48167892643768e-05,5.898167960112915e-05
1106,6.577072226920992e-05,4.894230849458836e-05,6.490077386454991e-05,5.9602687874576076e-05
1107,6.0570565935146685e-05,5.9099888312630354e-05,6.462199115647107e-05,5.942240202566608e-05
1108,6.286238734092978e-05,5.272952126688324e-05,6.432044231494527e-05,5.809909366653301e-05
1109,6.233451729511014e-05,7.417050655931235e-05,6.405715039355628e-05,5.711432347306981e-05
1110,6.524094317380028e-05,4.5454492210410534e-05,6.392040272443812e-05,5.68849531642627e-05
1111,5.938371738819923e-05,6.097848192439415e-05,6.379289998601758e-05,5.641321607399732e-05
1112,6.174358187611991e-05,4.851430974667892e-05,6.373479356568876e-05,5.612348873983138e-05
1113,6.452239665830146e-05,5.8350132458144796e-05,6.374200857212093e-05,5.6455804593861115e-05
1114,7.101193943526596e-05,0.00010640905849868432,6.405804712978554e-05,5.635680598206819e-05
1115,6.394628931755303e-05,4.477886133827269e-05,6.372084529882866e-05,5.6314211676362904e-05
1116,6.91490646325595e-05,4.4577490334631876e-05,6.347290324790973e-05,5.6905186694348225e-05
1117,6.200845799564074e-05,4.548581055132672e-05,6.326494024801327e-05,5.7341293460922316e-05
1118,6.460002510316877e-05,6.168929234263487e-05,6.337720515374612e-05,5.747511836816557e-05
1119,6.285727530161644e-05,4.5770995056955145e-05,6.305756431732638e-05,5.7271751447115085e-05
1120,5.827271285751421e-05,4.699318538769148e-05,6.303458702039077e-05,5.7311317627318206e-05
1121,6.0792932571429344e-05,4.858293672441505e-05,6.339457059835292e-05,5.8711525908438496e-05
1122,5.8419429276707684e-05,4.6273445914266634e-05,6.33564586376047e-05,5.751880295574666e-05
1123,6.304004155228743e-05,4.482633681618609e-05,6.295033044880256e-05,5.772807415924036e-05
1124,5.916713670659293e-05,4.838232780457474e-05,6.306613090435147e-05,5.706634014495649e-05
1125,6.241272771148943e-05,0.0001033532056317199,6.333163238499157e-05,5.738599846372382e-05
1126,7.235683822525769e-05,6.0318066680338233e-05,6.320192333142687e-05,5.700568284373731e-05
1127,5.9525576216401535e-05,4.591069839079864e-05,6.27216513223377e-05,5.450024491292425e-05
1128,5.959912578368353e-05,7.957234396599233e-05,6.243905648395109e-05,5.652078356943093e-05
1129,6.433725025595373e-05,5.8133272832492364e-05,6.20457580426268e-05,5.653886251384392e-05
1130,7.050447396371359e-05,5.75809899601154e-05,6.194016163709521e-05,5.668458423460833e-05
1131,5.777970135871631e-05,4.385813546832651e-05,6.17364005033677e-05,5.601427928195334e-05
1132,5.999613351175665e-05,6.0089042817708106e-05,6.199375338328538e-05,5.6093520898139096e-05
1133,7.18619767899832e-05,8.773472829489038e-05,6.202789351906782e-05,5.778022477170452e-05
1134,6.138171827640488e-05,4.435243274201639e-05,6.207543538702238e-05,5.7599618734093375e-05
1135,5.508773845374688e-05,5.068627229775302e-05,6.204705665392492e-05,5.798929267330094e-05
1136,6.227872877692183e-05,4.4435131567297507e-05,6.20504454541434e-05,5.8321232104208316e-05
1137,6.83811188921229e-05,5.650576771586202e-05,6.207063995469879e-05,5.817153006792068e-05
1138,6.127967031918363e-05,4.884224195848219e-05,6.18561375226515e-05,5.600776992505416e-05
1139,5.900513920803658e-05,4.3773110228357836e-05,6.161658485782229e-05,5.537928325356915e-05
1140,5.688141835788782e-05,9.529232775093988e-05,6.161868569389399e-05,5.9537461487343534e-05
1141,5.931660359945252e-05,4.502946394495666e-05,6.207408139663232e-05,6.0975961602525795e-05
1142,5.936854785735098e-05,4.912885357043706e-05,6.202330527529637e-05,6.138615565141663e-05
1143,5.9505996759980916e-05,4.493166852626018e-05,6.156678415427451e-05,6.114442343241536e-05
1144,6.9291097299558e-05,4.775203546159901e-05,6.149810620797023e-05,6.190516750211828e-05
1145,5.912621625207572e-05,8.916078222682699e-05,6.147665528211898e-05,6.288258585263976e-05
1146,6.198147927029317e-05,4.4067785784136506e-05,6.104119004545889e-05,6.314712896128185e-05
1147,5.770996094927088e-05,5.601529439445585e-05,6.142492554014705e-05,6.3070657273056e-05
1148,6.312476155774978e-05,5.31248225888703e-05,6.155670168906606e-05,6.277226724196226e-05
1149,5.9671999220477626e-05,4.463977689738385e-05,6.148558741131434e-05,6.301711136475207e-05
1150,5.7050166910307276e-05,4.925920206005685e-05,6.120697628260434e-05,6.312400135793724e-05
1151,6.636802160452741e-05,4.4605899893213065e-05,6.102020959272825e-05,6.38937833136879e-05
1152,5.957809711819411e-05,0.00014986515423515812,6.0838963854863926e-05,6.486196218174881e-05
1153,7.098401835214139e-05,0.0001155348468455486,6.0734989198843116e-05,6.317335923667997e-05
1154,6.306784722255543e-05,6.838812405476346e-05,6.0680601833478745e-05,6.337370303226636e-05
1155,5.909144593816664e-05,5.1537684485083445e-05,6.047101533396117e-05,6.349959296057933e-05
1156,5.606275270110927e-05,6.28767372108996e-05,6.040434969634386e-05,6.378924043965526e-05
1157,5.945986036547563e-05,8.452450158074498e-05,5.986197768134945e-05,6.364564365358093e-05
1158,6.097534587348087e-05,9.43483060109429e-05,5.987667603023712e-05,6.319068299490028e-05
1159,7.09751056436087e-05,4.2440640536369754e-05,5.9752184963629895e-05,6.32717657252215e-05
1160,5.838214217672228e-05,4.322652152040973e-05,5.963676432600348e-05,6.279120446415618e-05
1161,6.050087183312927e-05,5.055623463704251e-05,5.943747763521969e-05,6.26373635372147e-05
1162,6.14158406743728e-05,5.9178017545491456e-05,5.923544489131826e-05,6.248294519027695e-05
1163,5.661050307228126e-05,6.808679085224866e-05,5.9316211273997184e-05,6.300317872664891e-05
1164,5.4473995761428444e-05,6.797758192988113e-05,5.9061739675881745e-05,6.283443549764342e-05
1165,5.428205195736761e-05,5.3077254124218596e-05,5.9076658826799954e-05,5.8860730798915024e-05
1166,5.7956919465343366e-05,5.00380588346161e-05,5.829371026354944e-05,5.619774673250503e-05
1167,5.412888536941157e-05,5.227610177826136e-05,5.801620244876376e-05,5.5588310962775715e-05
1168,5.783935581954817e-05,5.2172855503158645e-05,5.7935601574394635e-05,5.528729899669997e-05
1169,5.573179692469744e-05,4.41621158097405e-05,5.8053303051403614e-05,5.4780848708469416e-05
1170,5.949367497426768e-05,7.77867657598108e-05,5.803892932599409e-05,5.311792460270227e-05
1171,5.886920260511235e-05,4.6094854042166844e-05,5.78781302287502e-05,5.1722649642033504e-05
1172,5.4824445008610686e-05,4.400126286782324e-05,5.714039572436983e-05,5.187835441902281e-05
1173,5.814259428815502e-05,4.92787994153332e-05,5.698873558527945e-05,5.1814203406684104e-05
1174,5.462118062294192e-05,4.077931822394021e-05,5.682187924297371e-05,5.175783524173313e-05
1175,5.9069326477280506e-05,6.226504046935588e-05,5.6546575860314387e-05,5.105270710773767e-05
1176,6.0006231651641426e-05,4.038731916807592e-05,5.647480516377579e-05,4.999579582363367e-05
1177,5.995107589114923e-05,5.052253676694818e-05,5.683297967027304e-05,4.910458005033434e-05
1178,5.141030427087875e-05,4.896024518529885e-05,5.7092215608766614e-05,4.917836080421694e-05
1179,5.613015185291361e-05,5.315222981153056e-05,5.703858527898168e-05,5.139651935896837e-05
1180,5.707642407893824e-05,4.401238533318974e-05,5.714259705273435e-05,5.0915863778209315e-05
1181,5.900528962633365e-05,5.0215480005135756e-05,5.7196630486416526e-05,5.053243770380504e-05
1182,5.910051723023773e-05,4.295139893656597e-05,5.71115394252249e-05,5.10395452089142e-05
1183,5.6955368442383285e-05,5.9466431994223965e-05,5.6786846850041516e-05,4.959940643748267e-05
1184,5.253174303409954e-05,4.6333259961102156e-05,5.673253442898083e-05,5.039366593700832e-05
1185,5.459063869946274e-05,4.162274621194228e-05,5.679645614517439e-05,5.040041501051746e-05
1186,5.632946327548577e-05,4.914703051326797e-05,5.6610097403043064e-05,5.0300244335085153e-05
1187,5.453325610788953e-05,4.1549814195605e-05,5.654150043135613e-05,5.0946033053332935e-05
1188,5.481623565881616e-05,4.166400874964893e-05,5.638738268236113e-05,5.0148156529758124e-05
1189,6.342835842385992e-05,4.569718759739771e-05,5.644906396499007e-05,5.033079208224081e-05
1190,6.076295041970702e-05,5.4921772971283644e-05,5.622114385251837e-05,5.0824042304884646e-05
1191,5.6616161220719935e-05,0.00010549202270340174,5.622788422624581e-05,5.071247561136261e-05
1192,5.6729179713228306e-05,4.025971225928515e-05,5.62466665597943e-05,5.027169890818187e-05
1193,5.9190191661602714e-05,4.258720364305191e-05,5.617235080604183e-05,5.0443646049825485e-05
1194,5.360452039490661e-05,5.6839803437469524e-05,5.598128544871644e-05,5.000007224734874e-05
1195,5.137636059468302e-05,4.178329647402279e-05,5.565498429382893e-05,4.982159620849416e-05
1196,5.7511392078595236e-05,6.595134153030812e-05,5.5551597746024435e-05,4.9068317789351575e-05
1197,5.642248791344981e-05,4.416998970555142e-05,5.580239473589852e-05,4.949296729173512e-05
1198,5.348362573487167e-05,4.677453252952546e-05,5.5873659589754734e-05,4.956386312260293e-05
1199,5.290625633076868e-05,5.692403618013486e-05,5.570995116367056e-05,4.9728862091433256e-05
1200,5.521638275240548e-05,4.2318127379985524e-05,5.559083261080863e-05,5.032209526980295e-05
1201,6.154826371736514e-05,4.495320798014291e-05,5.560339352135392e-05,5.172909899265505e-05
1202,5.4253073079356305e-05,6.285379233304411e-05,5.530888417852111e-05,5.226597714354284e-05
1203,5.1578813614065036e-05,4.6171077847247944e-05,5.4964559257496146e-05,5.161368096014484e-05
1204,5.65997101916259e-05,4.213281223201193e-05,5.4804320440356e-05,4.901773668825626e-05
1205,5.521853023512651e-05,4.831106387428008e-05,5.489265296718157e-05,4.94395371992141e-05
1206,5.4228655693198864e-05,3.912613494321704e-05,5.490451389503303e-05,4.93187193875201e-05
1207,5.0942988358049965e-05,3.848949796520174e-05,5.4731491178002515e-05,4.874121778993867e-05
1208,5.437070474727079e-05,4.0634471515659244e-05,5.4874934325926005e-05,4.8589200270362196e-05
1209,5.88016677809517e-05,5.694949752069078e-05,5.4588187193601494e-05,4.7570931311929594e-05
1210,5.6372260045868135e-05,4.339514198363759e-05,5.4333085054531685e-05,4.732999803964048e-05
1211,5.2236752623381714e-05,5.327200473402627e-05,5.434839903609826e-05,4.7915379388723526e-05
1212,5.1555292286340974e-05,5.638064365484752e-05,5.467257306057338e-05,4.7491325280861935e-05
1213,5.51302584224484e-05,7.683910182095133e-05,5.483631841812488e-05,4.770601707859897e-05
1214,5.606562485303989e-05,5.91191413695924e-05,5.451544466098614e-05,4.763825726695359e-05
1215,5.215482739408294e-05,3.861436838633381e-05,5.4365371450613654e-05,4.845908504212276e-05
1216,5.261019079221619e-05,4.0593415906187144e-05,5.4337622734601595e-05,4.842911926680245e-05
1217,5.893749288386769e-05,5.080472503323108e-05,5.430502518946822e-05,4.836854723398574e-05
1218,5.948671485788913e-05,3.9566758350702005e-05,5.430379866124389e-05,4.8739584919530897e-05
1219,4.927895246914381e-05,4.2402263497933743e-05,5.4481273733351065e-05,4.919973877258598e-05
1220,5.496243929277019e-05,3.798285848461092e-05,5.449819250853681e-05,4.988007348729296e-05
1221,5.0342713770482484e-05,4.049461756949313e-05,5.4508829684345973e-05,5.123690459877251e-05
1222,5.0044934436704755e-05,3.814665789832361e-05,5.4361264945408843e-05,5.052532191621139e-05
1223,5.386647527403612e-05,6.140906625660137e-05,5.41314343695477e-05,5.058997557498514e-05
1224,6.101060694264662e-05,4.6322683483595026e-05,5.4169455669923786e-05,5.001145423739217e-05
1225,5.931001669119319e-05,4.768542232341133e-05,5.418765083854345e-05,4.9341742869000886e-05
1226,5.352641978889652e-05,4.325921268900856e-05,5.3990890933265385e-05,4.79812897334341e-05
1227,5.050124282004415e-05,8.33744867122732e-05,5.380000879457737e-05,4.749094262369909e-05
1228,5.08850957137636e-05,4.542193346424028e-05,5.3927854437238736e-05,4.8316802678164105e-05
1229,5.578477156329124e-05,4.061851141159423e-05,5.3840664788408e-05,4.838266415754334e-05
1230,5.51878670295183e-05,5.758700601290911e-05,5.335807194480569e-05,4.787931548198686e-05
1231,5.8665532495878224e-05,5.062998126959428e-05,5.3054853018450855e-05,4.7769619838800285e-05
1232,5.136595773769336e-05,5.549786583287641e-05,5.309506884983017e-05,4.805962438695134e-05
1233,5.463663414250025e-05,7.4555249302648e-05,5.305890388133573e-05,4.8097666102694355e-05
1234,5.511254930752329e-05,3.915993045666255e-05,5.296805819735811e-05,4.8119088757084694e-05
1235,5.062649564933963e-05,4.5011483452981336e-05,5.28744759409973e-05,4.817217123927549e-05
1236,5.3187285132783775e-05,3.880897129420191e-05,5.274945623855779e-05,4.732992652570829e-05
1237,5.20101715018326e-05,3.963785944506526e-05,5.2601694582457034e-05,4.72028240619693e-05
1238,5.0211260790496854e-05,4.282777343178168e-05,5.2296888023233305e-05,4.674098544055596e-05
1239,5.129357138583954e-05,4.68604636262171e-05,5.2128150387013904e-05,4.6772555768257e-05
1240,5.535096846061707e-05,5.926086974795908e-05,5.213916398012467e-05,4.5331613824237136e-05
1241,5.043044957144755e-05,4.2239952890668064e-05,5.212973619426419e-05,4.498389966320246e-05
1242,4.687267179380999e-05,3.822100814431906e-05,5.196878761036918e-05,4.513965724618174e-05
1243,5.190624169901841e-05,3.682436727103777e-05,5.169627460337426e-05,4.444706962676718e-05
1244,5.028434825362638e-05,4.9652377201709895e-05,5.147118164443074e-05,4.404698604485019e-05
1245,5.405831508040945e-05,3.893390137818642e-05,5.1370761901651136e-05,4.335919317090884e-05
1246,4.8071571671041764e-05,4.103018392925151e-05,5.115829310234403e-05,4.2581669782521205e-05
1247,4.770537802768457e-05,3.9473719953093676e-05,5.1117262463958464e-05,4.356230626581237e-05
1248,5.074098271304845e-05,4.035294841742143e-05,5.115261037701404e-05,4.317750092013739e-05
1249,5.7316565540127666e-05,4.314512189012021e-05,5.101260984972921e-05,4.33952119841706e-05
1250,5.1689852710599856e-05,3.613945678807795e-05,5.127958605767667e-05,4.664495064062067e-05
1251,4.930797888341153e-05,4.404847088153474e-05,5.141449056245619e-05,4.701810733531602e-05
1252,5.077658264781348e-05,4.7350938111776485e-05,5.1352833530432283e-05,4.773137982119807e-05
1253,5.064940106725165e-05,3.672907943837345e-05,5.1232952730464996e-05,4.7012084280140704e-05
1254,5.1761056965915486e-05,4.4512450986076144e-05,5.1089152596250636e-05,4.6921500947792085e-05
1255,4.837504185464544e-05,4.027231552754529e-05,5.117123586516957e-05,4.7522192390169954e-05
1256,5.303820852229061e-05,4.0627891721669584e-05,5.098039344059848e-05,4.7657231986522685e-05
1257,4.885546416820337e-05,3.830304398434237e-05,5.096229626231232e-05,4.7110778733622286e-05
1258,4.932491415982238e-05,5.5117164592957124e-05,5.069150395914524e-05,4.701090249000118e-05
1259,5.4086783347884196e-05,6.367584253894165e-05,5.067431167715565e-05,4.685033135465346e-05
1260,5.151019347572906e-05,3.539134981110692e-05,5.0761472936493296e-05,4.6733217703877015e-05
1261,4.9687271950662965e-05,4.425174789503217e-05,5.065563818578893e-05,4.6530102903489024e-05
1262,5.868457670051915e-05,0.00012088132585631683,5.0441867902635644e-05,4.633920519263484e-05
1263,5.358387340998484e-05,5.215669079916552e-05,5.042383691955668e-05,4.658412653952837e-05
1264,4.9752145585241834e-05,6.469227577326819e-05,5.0485415808280875e-05,4.730409692274406e-05
1265,5.2353948461435115e-05,4.1278481221525e-05,5.062266995195791e-05,4.729414717294275e-05
1266,4.6835446216088406e-05,3.997536958195269e-05,5.070937922589817e-05,4.7414932609535744e-05
1267,4.892475351678311e-05,5.323829420376569e-05,5.0701324702014165e-05,4.709742238046601e-05
1268,4.713518108474091e-05,4.0200357179855925e-05,5.065962807679575e-05,4.741915733320638e-05
1269,4.9831918796472665e-05,3.59910458792001e-05,5.0440817268261324e-05,4.7965664457296956e-05
1270,4.728850750123254e-05,3.643699528765865e-05,5.027901088776869e-05,4.804418782005087e-05
1271,4.764176462130207e-05,3.701590554555878e-05,5.012377486354025e-05,4.9308318138355384e-05
1272,4.988440951112554e-05,3.654587868368253e-05,4.9976928742802964e-05,4.850295881042257e-05
1273,4.809511394543935e-05,3.5275078407721596e-05,4.980121085197122e-05,4.8706781270448114e-05
1274,5.1972308461295646e-05,3.837267911876552e-05,4.967232620288592e-05,4.867197462008334e-05
1275,5.1239078133625704e-05,4.22624904604163e-05,4.9319997178746334e-05,4.5243682264117523e-05
1276,5.084745110151643e-05,6.204773046192714e-05,4.897559380074704e-05,4.458795966347678e-05
1277,5.420793623973926e-05,4.710219436674379e-05,4.911119904556674e-05,4.336844811332411e-05
1278,5.281713291575822e-05,3.974871535319835e-05,4.887319349703224e-05,4.309781550546176e-05
1279,5.1559693868815275e-05,3.6574695259332656e-05,4.886293347646844e-05,4.2953568522352724e-05
1280,4.733262622418503e-05,4.831568934605457e-05,4.872197907890141e-05,4.227492958889343e-05
1281,4.7567938308930026e-05,5.429056982393376e-05,4.870579979065547e-05,4.2301787174073985e-05
1282,4.48103046558875e-05,4.026612805319019e-05,4.861317995010824e-05,4.221578779979611e-05
1283,4.544401355411133e-05,8.672042255057021e-05,4.857951781499045e-05,4.2183185368776345e-05
1284,5.041563032945204e-05,4.354185934062116e-05,4.851145791051548e-05,4.248452480533162e-05
1285,4.711724620493543e-05,4.048691131174564e-05,4.831296628916688e-05,4.240080821909943e-05
1286,4.646515572353059e-05,4.338158163591288e-05,4.8427626627866026e-05,4.3134181940695275e-05
1287,4.987635109702953e-05,3.517401695717126e-05,4.823920383043718e-05,4.363256236538292e-05
1288,4.497378896000252e-05,3.576362578314729e-05,4.8075033132045064e-05,4.3732474301941696e-05
1289,5.314227670573423e-05,3.420448701945134e-05,4.795284127434975e-05,4.3902117834659294e-05
1290,4.640380974807259e-05,3.451266602496617e-05,4.777623968515804e-05,4.3555215577362106e-05
1291,4.657894570199359e-05,3.636919500422664e-05,4.743728151564331e-05,4.3471118866000326e-05
1292,4.540089357760735e-05,3.627232086728327e-05,4.733095739082072e-05,4.404010352445766e-05
1293,4.6730698878592295e-05,4.08717968093697e-05,4.721469391370193e-05,4.3448541651014244e-05
1294,4.751642278279178e-05,3.384106152225286e-05,4.710505344005974e-05,4.257976223598235e-05
1295,4.644695412328777e-05,3.5621934512164446e-05,4.741044160457224e-05,4.360916673904285e-05
1296,4.594026700942777e-05,4.4549391459440814e-05,4.736250092133155e-05,4.151276836637407e-05
1297,4.4922118977410716e-05,3.44529640278779e-05,4.749395754447e-05,4.2546983395004645e-05
1298,5.096162241291798e-05,5.3609421447617935e-05,4.755427809884875e-05,4.30700974422507e-05
1299,4.72617385255742e-05,5.083218973595649e-05,4.760062395750234e-05,4.270511485519819e-05
1300,4.713481067382317e-05,4.476028887438588e-05,4.736341443494893e-05,4.26054764771834e-05
1301,4.779265465913341e-05,6.628881877986715e-05,4.7473429931334163e-05,4.345322679146193e-05
1302,4.9792896509946636e-05,3.8429637934314085e-05,4.7090159711175754e-05,4.348656886140816e-05
1303,4.4343178677890035e-05,3.764629756915383e-05,4.697623117066946e-05,4.366730712354183e-05
1304,4.8901590748250276e-05,5.079931172076613e-05,4.684325566583236e-05,4.5029079413507134e-05
1305,4.4426039296215294e-05,3.352664250996895e-05,4.6782212454935596e-05,4.516322785639204e-05
1306,4.4826926467875535e-05,3.257108444813639e-05,4.6562761916397404e-05,4.483256443636492e-05
1307,5.2445008768700064e-05,6.60012406297028e-05,4.635485437999403e-05,4.557276376872324e-05
1308,4.4245496473094035e-05,3.43104632338509e-05,4.6488710025409506e-05,4.646581678534859e-05
1309,5.370204590791319e-05,6.93972350563854e-05,4.661195764896952e-05,4.59673967503477e-05
1310,4.862526006440425e-05,5.356476249289699e-05,4.649160497695751e-05,4.6182348555885265e-05
1311,4.7623802189870426e-05,3.425701695960015e-05,4.6336661897172845e-05,4.599738933029585e-05
1312,4.3946113033194305e-05,3.268305750680156e-05,4.623738542852355e-05,4.5241347927367326e-05
1313,4.772417636963332e-05,5.6957383640110494e-05,4.6024737854087215e-05,4.4871128757949924e-05
1314,4.3560521201773854e-05,3.503803876810707e-05,4.593338727362506e-05,4.424710521125234e-05
1315,4.355559623541517e-05,3.9031122578307984e-05,4.560953300905466e-05,4.684952815296128e-05
1316,4.325455808106603e-05,7.041350225335919e-05,4.552411275767049e-05,4.672952225082554e-05
1317,4.387481330518818e-05,3.962603193940595e-05,4.547996814265692e-05,4.6609607007121664e-05
1318,4.124443541513756e-05,3.260521130869165e-05,4.5448934112533203e-05,4.685725815652404e-05
1319,4.231873437270729e-05,5.234604483121075e-05,4.565919682144239e-05,4.860268681368325e-05
1320,4.9793345258674687e-05,5.7948259927798064e-05,4.5405916935609035e-05,4.806237654702272e-05
1321,4.902145759842824e-05,3.208889058441855e-05,4.544145789889929e-05,4.866129782458302e-05
1322,4.191330217711058e-05,3.982675916631706e-05,4.498309918950933e-05,4.798307636228856e-05
1323,4.708804541830129e-05,4.8985440807882694e-05,4.4766921466281125e-05,4.717864668054972e-05
1324,4.477982680934171e-05,3.1931154662743214e-05,4.451718410871562e-05,4.7061727344407694e-05
1325,4.181862131291483e-05,3.550480963895097e-05,4.464830649667421e-05,4.724211930588353e-05
1326,4.550889014757963e-05,5.0688230112427844e-05,4.447674402229799e-05,4.6872356254607447e-05
1327,4.169653989568663e-05,0.00010349021147703751,4.454836703565282e-05,4.707379894680344e-05
1328,4.2207672393285775e-05,3.464615001576021e-05,4.454750927721357e-05,4.7113021282712e-05
1329,4.779797537291112e-05,4.7801430628169325e-05,4.454843029994259e-05,4.580344280111603e-05
1330,4.365018854312236e-05,3.971792124502827e-05,4.4368070871375194e-05,4.5499959721928454e-05
1331,5.0083494190605255e-05,7.620680087711663e-05,4.4488758308256775e-05,4.576427702850197e-05
1332,4.61130116228661e-05,5.2493483963189647e-05,4.4591128450701946e-05,4.5073525243788025e-05
1333,4.513402055535052e-05,4.928349517285824e-05,4.426287920052548e-05,4.417618317820598e-05
1334,4.224307817316407e-05,5.2441698499023915e-05,4.390562117526618e-05,4.4309395932941705e-05
1335,4.322081698369907e-05,3.345402044942602e-05,4.40008608142509e-05,4.4005527519038884e-05
1336,4.138036825073262e-05,3.133403355604969e-05,4.4230777449815316e-05,4.327668378537057e-05
1337,4.722417273215898e-05,3.719285654369742e-05,4.424701828748867e-05,4.3380869246902886e-05
1338,4.343511451022803e-05,4.7713307358208114e-05,4.428330128689089e-05,4.350222858192866e-05
1339,4.535109653564481e-05,4.007410607300699e-05,4.423014502519638e-05,4.2903344632941304e-05
1340,4.3534152274433934e-05,4.001168097602203e-05,4.439000000194129e-05,4.015040999220218e-05
1341,4.327758364929145e-05,3.7674040213460104e-05,4.4375692355161946e-05,4.019027786271181e-05
1342,3.936582759100323e-05,3.203895495971665e-05,4.420963055195494e-05,3.957644275214988e-05
1343,4.4261621337177024e-05,3.921314397302922e-05,4.409412758120905e-05,3.92881189007312e-05
1344,4.487798793383667e-05,3.5077250213362274e-05,4.382016689374318e-05,3.788727520150132e-05
1345,4.1587114004263034e-05,3.5514708288246765e-05,4.3754016352209464e-05,3.729002148611471e-05
1346,4.0090006966945816e-05,3.541920945281163e-05,4.3747956909161684e-05,3.7515199906192724e-05
1347,4.42942931517286e-05,3.223004881874658e-05,4.3818736086703004e-05,3.6699325748486435e-05
1348,5.283596130741191e-05,3.076434746617451e-05,4.381328402830857e-05,3.676798596279695e-05
1349,4.5185847751175366e-05,3.4535791201051325e-05,4.380653702699218e-05,3.675374304875731e-05
1350,4.2725696297970394e-05,3.8538793014595284e-05,4.369435698253154e-05,3.696172287454828e-05
1351,4.417998360521678e-05,3.57161313877441e-05,4.359926343442769e-05,3.7621021401719194e-05
1352,4.5692914314309345e-05,3.466684545855969e-05,4.3547219508521564e-05,3.725107382342685e-05
1353,4.184998122380219e-05,3.564284677850082e-05,4.339754389010422e-05,3.8006175970076586e-05
1354,4.364643029273591e-05,3.245555286412127e-05,4.334879334039417e-05,3.784481428156141e-05
1355,4.0762614274475104e-05,3.250982495956123e-05,4.339043549811727e-05,3.805212657025549e-05
1356,4.32344770039587e-05,4.118570839636959e-05,4.324132390352639e-05,3.800079353968613e-05
1357,4.4459248084523196e-05,3.7562141078524294e-05,4.309173185902183e-05,3.7994724576128646e-05
1358,4.498253447915582e-05,5.4912955674808473e-05,4.3128699896624324e-05,3.7922633875859896e-05
1359,4.401255761169725e-05,3.204484455636703e-05,4.321655933615856e-05,3.780495951068588e-05
1360,4.3084515523838085e-05,3.517052580718882e-05,4.311274659703487e-05,3.8140460493741565e-05
1361,4.121169321782266e-05,3.097796070505865e-05,4.2631641713604854e-05,3.8199301215354354e-05
1362,4.4419671620643285e-05,4.23923521884717e-05,4.2590362561168165e-05,3.8168031763052574e-05
1363,4.1057775807631614e-05,6.419577053748071e-05,4.2615198245039225e-05,3.8174426020123066e-05
1364,4.4049998387991866e-05,3.0825416615698487e-05,4.253616825185924e-05,3.830382793094032e-05
1365,3.979226181400009e-05,5.8889234642265366e-05,4.230387085246751e-05,3.8475290406495347e-05
1366,4.205881990654032e-05,3.363999800058082e-05,4.223106657154858e-05,4.0064139594323935e-05
1367,4.040688153408054e-05,3.722176217706874e-05,4.2122445381796243e-05,4.005292578367517e-05
1368,4.053383147240513e-05,3.792981820879504e-05,4.198387744141251e-05,3.99120859859977e-05
1369,4.113818682122251e-05,3.492552612442523e-05,4.196710206467995e-05,4.062900777207688e-05
1370,4.2511314944325326e-05,3.371244078152813e-05,4.177591942506196e-05,4.055808544217143e-05
1371,4.228649295530178e-05,3.2477350323460996e-05,4.152338788569776e-05,3.96924395376118e-05
1372,4.169897467363626e-05,4.061757339513861e-05,4.1373260644064036e-05,3.976180884346832e-05
1373,4.0808339221661706e-05,3.223536550649442e-05,4.1179803755140826e-05,3.9654463701299394e-05
1374,4.415386894025788e-05,3.3754054893506694e-05,4.1104980172854595e-05,3.970461799472105e-05
1375,4.334658839474691e-05,3.86986494413577e-05,4.082284179118385e-05,3.949064191256184e-05
1376,4.220423377571731e-05,3.895117915817536e-05,4.087137976101886e-05,3.851480455195997e-05
1377,3.9885479329516076e-05,3.895340734743513e-05,4.0648152983663357e-05,3.9290999766672036e-05
1378,4.0029874200829204e-05,7.536407647421584e-05,4.059790992161854e-05,3.8414324028417476e-05
1379,4.093090054892754e-05,3.217520759790205e-05,4.045309974349544e-05,3.863025501777884e-05
1380,3.729841576488171e-05,2.8988830017624423e-05,4.080820092559507e-05,3.872786308347713e-05
1381,4.2815092585644584e-05,5.910875304834917e-05,4.076047000918254e-05,3.83486384380376e-05
1382,3.967968209407344e-05,3.578908283088822e-05,4.064385834806469e-05,3.8116210047155625e-05
1383,3.866924599505081e-05,3.3271808060817424e-05,4.069204108818667e-05,3.79171728156507e-05
1384,4.025937657085402e-05,3.377907720278017e-05,4.064827979131627e-05,3.81305321236141e-05
1385,3.824809330075772e-05,3.248689725296572e-05,4.0585558186446885e-05,3.768375050858595e-05
1386,3.934110366066711e-05,3.2231818040600045e-05,4.052945838209578e-05,3.768966064963024e-05
1387,3.736621207887462e-05,3.7042950134491547e-05,4.0322750378173725e-05,3.754875397135039e-05
1388,4.2271225053506595e-05,3.9799836522433906e-05,4.038779574152108e-05,3.7885601274319926e-05
1389,3.8469328954104435e-05,5.023029698350001e-05,4.0301609523238664e-05,3.820874939556233e-05
1390,3.853618526287998e-05,3.697234118590131e-05,4.022842153030474e-05,3.7759372638538484e-05
1391,3.843856545346272e-05,3.903827273461502e-05,4.018140600738762e-05,3.598866107058711e-05
1392,4.9284411086571506e-05,3.9661963819526135e-05,4.001797009485825e-05,3.703606793424115e-05
1393,3.934055856209145e-05,2.8449202072806657e-05,4.000398896427618e-05,3.706624507904053e-05
1394,3.8222895293276656e-05,2.9114816352375784e-05,3.979644035732943e-05,3.589939517551101e-05
1395,4.3715883447374735e-05,2.87365099939052e-05,3.967261164539701e-05,3.6101268554921254e-05
1396,4.119246053354194e-05,3.7811333022546023e-05,3.983724334587653e-05,3.660085650917608e-05
1397,4.013093455190149e-05,2.944803301943466e-05,3.997827970080026e-05,3.7017312014359046e-05
1398,3.940584411288405e-05,3.238311903260183e-05,4.007107100559451e-05,3.826248370751273e-05
1399,3.89861688422065e-05,3.0231387936510144e-05,4.002434373218825e-05,3.8184412478585724e-05
1400,4.497272247843082e-05,4.711983201559633e-05,3.995778126344602e-05,3.7830766566912644e-05
1401,4.004957831865694e-05,4.702988218923565e-05,3.964839382420501e-05,3.7348550205933855e-05
1402,3.805577950616781e-05,2.771898842183873e-05,3.953778790892102e-05,3.7420800060499456e-05
1403,3.8854486127901406e-05,3.1096287275431676e-05,3.941771063028783e-05,3.706887354492209e-05
1404,3.6845002735693315e-05,5.8360379189252856e-05,3.952817494638212e-05,3.749290396517608e-05
1405,3.694888750032987e-05,2.974325863760896e-05,3.897645827770854e-05,3.7368326660362075e-05
1406,3.762637741197573e-05,2.9937505460111424e-05,3.895258697901024e-05,3.7896068659028974e-05
1407,3.65839642957629e-05,4.0835917316144334e-05,3.879837664782018e-05,3.7987064925255257e-05
1408,4.278503850703904e-05,4.5761506917187945e-05,3.848748785708773e-05,3.823652289574966e-05
1409,4.378528544394713e-05,4.419046483235434e-05,3.843095438755377e-05,3.8001990818884225e-05
1410,4.056787592061381e-05,6.36161895818077e-05,3.8483577713648435e-05,3.791517209610902e-05
1411,3.817292182551076e-05,3.0280037317425014e-05,3.839371305188657e-05,3.794335559941829e-05
1412,3.5702150360318934e-05,2.8201802342664452e-05,3.865192347649202e-05,3.7812739689252344e-05
1413,3.45365390724813e-05,2.7744427497964353e-05,3.838557316937821e-05,3.730709725350608e-05
1414,3.5704181072004656e-05,5.203654334763996e-05,3.81148097685784e-05,3.668532692827285e-05
1415,3.5534253297050275e-05,2.817417829646729e-05,3.803162018545359e-05,3.742678403505125e-05
1416,4.1200173355820074e-05,4.963903324096464e-05,3.80165271889483e-05,3.748563397093677e-05
1417,3.549149436973191e-05,3.654753119917587e-05,3.799236212847366e-05,3.689547306275927e-05
1418,3.8743776094634086e-05,4.164275203947909e-05,3.793021138909454e-05,3.6780117684975274e-05
1419,3.4367637013524975e-05,3.1389723008032886e-05,3.795541473777525e-05,3.70260930096265e-05
1420,3.594366367906332e-05,3.497295925626531e-05,3.797227028715295e-05,3.728073599631898e-05
1421,3.9779123795192894e-05,3.194803110091016e-05,3.785112082017198e-05,3.658016883418895e-05
1422,4.144651770426814e-05,2.727756495005451e-05,3.754204105724866e-05,3.641248380881734e-05
1423,3.71592275688373e-05,3.308770661533344e-05,3.727492183857572e-05,3.520271499291994e-05
1424,4.544142945734267e-05,2.6965990182361567e-05,3.727048573701824e-05,3.530508617695887e-05
1425,3.831396480058579e-05,3.447877112193964e-05,3.750978739424479e-05,3.524034829461016e-05
1426,3.3280493298661895e-05,3.1485624058404935e-05,3.750148020545667e-05,3.662577347713523e-05
1427,3.5976039928047816e-05,4.625541609129869e-05,3.777834927071429e-05,3.6301299423212194e-05
1428,3.8477161215269004e-05,3.2567535672569644e-05,3.7868635008312084e-05,3.752020257816185e-05
1429,3.62408762238273e-05,4.360635648481548e-05,3.7666059066638504e-05,3.681427119590808e-05
1430,3.539511901585178e-05,2.6859374193008988e-05,3.7588754923813715e-05,3.6495692192693235e-05
1431,3.825646112899348e-05,3.6086888576392086e-05,3.733840535391613e-05,3.610370868409517e-05
1432,3.700535303020539e-05,4.7201991983456536e-05,3.734890619250815e-05,3.599117421836125e-05
1433,3.9756301832514715e-05,2.8247327863937245e-05,3.7297777458540315e-05,3.627687940315808e-05
1434,3.605829137086403e-05,3.999833919806406e-05,3.708874245785409e-05,3.6670590340509075e-05
1435,3.388989545379041e-05,3.337196918437257e-05,3.6802874165328426e-05,3.6733775041648185e-05
1436,3.806201928657376e-05,3.283931691839825e-05,3.6726621214054624e-05,3.696715049445629e-05
1437,4.168469179098287e-05,2.658335528394673e-05,3.646453774062037e-05,3.7538251190562734e-05
1438,3.432885935277833e-05,6.238005706109106e-05,3.6319260265898056e-05,3.720701221027411e-05
1439,4.262590770344509e-05,4.392469199956395e-05,3.6327930392387014e-05,3.803565778653137e-05
1440,3.779139673699522e-05,5.864675717020873e-05,3.638942825685565e-05,3.7386703514494006e-05
1441,3.6135774813980484e-05,3.199074868462048e-05,3.638074788905214e-05,3.725133846164681e-05
1442,3.35588907991122e-05,2.858305611880496e-05,3.6246868495557764e-05,3.7448918388690805e-05
1443,3.248503684719455e-05,3.1843164324527604e-05,3.6274710186666594e-05,3.7787070515332745e-05
1444,3.463015797832567e-05,2.8576361364685e-05,3.6230309549460395e-05,3.741353082004934e-05
1445,3.46654453298672e-05,4.211558887618594e-05,3.614176548176652e-05,3.668763971654698e-05
1446,3.4553248778037314e-05,4.179080453468487e-05,3.593750320659537e-05,3.6676708166487506e-05
1447,3.429981039112641e-05,2.8857182478532195e-05,3.5891596653123595e-05,3.607094782055355e-05
1448,3.525290378699234e-05,3.8922092935536055e-05,3.6043298708197344e-05,3.583654870744794e-05
1449,3.888934262148622e-05,4.1243507585022595e-05,3.593370655758513e-05,3.614138727134559e-05
1450,3.4682027932528094e-05,2.619779661472421e-05,3.569916581553924e-05,3.609458748542238e-05
1451,3.349724646088564e-05,5.2201763464836405e-05,3.5713838754842675e-05,3.50945165992016e-05
1452,3.751348653976391e-05,3.0031559290364385e-05,3.539507878174643e-05,3.448720300511923e-05
1453,3.8260152020181216e-05,2.9183409351389857e-05,3.5204017731787945e-05,3.406798578216695e-05
1454,3.289389138646786e-05,4.854585466091521e-05,3.507303406303335e-05,3.4119018251658414e-05
1455,3.6091161293572645e-05,3.531317735905759e-05,3.519743982518169e-05,3.423375974234659e-05
1456,3.714644519883829e-05,2.6748396194307134e-05,3.517660300308813e-05,3.404701755207498e-05
1457,3.479175133785854e-05,2.9054714395897463e-05,3.5167967642094785e-05,3.489254552114289e-05
1458,3.464974495323582e-05,2.7974039112450556e-05,3.5349265809216173e-05,3.479194703686516e-05
1459,3.491062753406974e-05,2.4854330549715088e-05,3.562342685779893e-05,3.475123964308295e-05
1460,3.768244683063434e-05,2.7511991356732322e-05,3.56003899756211e-05,3.462222525849939e-05
1461,3.532221552126834e-05,4.0460281015839426e-05,3.54703774754954e-05,3.401467253570445e-05
1462,3.582117323983564e-05,2.541336063586641e-05,3.540386680801425e-05,3.392264674184844e-05
1463,3.46956828353642e-05,3.737828490557149e-05,3.536033831139018e-05,3.396533872000873e-05
1464,3.46569083760389e-05,2.8741852147504688e-05,3.545063862547977e-05,3.2968337353668174e-05
1465,3.3014870488033116e-05,4.816632659640163e-05,3.54323078889542e-05,3.2795314778923054e-05
1466,3.286118309511545e-05,3.326656042190734e-05,3.5369142690615264e-05,3.270497239718679e-05
1467,3.666903485282092e-05,3.1451593386009336e-05,3.5217411323456976e-05,3.197111956251319e-05
1468,3.196411629485536e-05,2.7174609567737206e-05,3.5200253820868154e-05,3.1540751195279876e-05
1469,3.4414273953492134e-05,4.9714560591382904e-05,3.508735391547412e-05,3.183870625216513e-05
1470,3.9197899507901945e-05,3.960062676924281e-05,3.49822066260256e-05,3.1960797769715996e-05
1471,4.1407274992606186e-05,4.0773119690129536e-05,3.487172386327681e-05,3.295675137778744e-05
1472,3.372388833668083e-05,2.5631822863942945e-05,3.491993436812967e-05,3.340174337499775e-05
1473,3.2002591283849644e-05,2.373327486566268e-05,3.464963443548185e-05,3.3843849643017164e-05
1474,3.7226575934457486e-05,3.894286273862235e-05,3.4563182252168185e-05,3.3515630953479554e-05
1475,3.359381551692624e-05,2.726509606873151e-05,3.4466322075362154e-05,3.34579442976974e-05
1476,3.575475431312548e-05,2.727672930632252e-05,3.44066027812207e-05,3.2929837284609676e-05
1477,3.7055218126624825e-05,2.570599492173642e-05,3.446251003236587e-05,3.292710950481706e-05
1478,3.668102206170766e-05,2.6924849807983266e-05,3.4434752143149835e-05,3.206093574408442e-05
1479,2.910060720751062e-05,3.019953379407525e-05,3.457848708769435e-05,3.171168630942703e-05
1480,3.566222372885224e-05,2.455396817822475e-05,3.436173070367658e-05,3.142579895502422e-05
1481,3.432394756398733e-05,3.419727261643857e-05,3.431264344787147e-05,3.147182947432157e-05
1482,3.2163069101645504e-05,3.210700233466923e-05,3.420624353893799e-05,3.109382367401849e-05
1483,3.188767588451608e-05,5.2872879314236344e-05,3.39266185155591e-05,3.2276316036586645e-05
1484,3.6115890155391145e-05,3.597913047997281e-05,3.352567873775519e-05,3.196239953686017e-05
1485,3.092494851443916e-05,3.856464805721771e-05,3.350943835636524e-05,3.227752756210976e-05
1486,3.316091093842665e-05,3.225481377739925e-05,3.343455732473457e-05,3.226036017003934e-05
1487,3.339966881968495e-05,2.3971194241312333e-05,3.318987961279669e-05,3.167784928809851e-05
1488,3.320270048182768e-05,2.41756095783785e-05,3.3209424733164885e-05,3.167574684775899e-05
1489,3.6054589654668236e-05,2.8673657652689144e-05,3.3088721381015306e-05,3.166527213761582e-05
1490,3.232092325763208e-05,2.6511982578085736e-05,3.2946699332064276e-05,3.1689840549370274e-05
1491,3.645455670872858e-05,2.453532455547247e-05,3.290594767200269e-05,3.152314558974467e-05
1492,3.1250125252376566e-05,2.4304409525939262e-05,3.2962477443409936e-05,3.1242846601526246e-05
1493,3.0736934899727606e-05,2.832537255017087e-05,3.2839667455118615e-05,3.1238498090533535e-05
1494,3.175427623015518e-05,4.026441558380611e-05,3.2771773628741765e-05,3.1179357427754434e-05
1495,3.220727392342976e-05,6.916293583344668e-05,3.28030307080351e-05,3.1003197413519953e-05
1496,3.138378054750825e-05,3.292520719696767e-05,3.276405413360206e-05,2.978261529933661e-05
1497,3.331787880193183e-05,3.351002349518239e-05,3.275074289364663e-05,2.9488131694961336e-05
1498,3.0130565493083042e-05,2.330409006390255e-05,3.284881475960396e-05,2.8966574443620628e-05
1499,3.110963313601032e-05,2.4380090690101496e-05,3.271331760188332e-05,2.8651930033811368e-05
1500,3.40824435261311e-05,2.721253506024368e-05,3.265345684663367e-05,2.902765784529038e-05
1501,3.2737170509386085e-05,2.701486155274324e-05,3.256212850570188e-05,2.9138449055608366e-05
1502,3.3504666902849245e-05,2.6320205215597525e-05,3.2471433252309606e-05,2.925142907479313e-05
1503,3.5662230560168e-05,2.275747581734322e-05,3.255227541812929e-05,2.9711377102648845e-05
1504,3.051385149269158e-05,2.319205908861477e-05,3.2570386423968665e-05,2.985610446194187e-05
1505,3.2591974021569414e-05,2.4445255403406917e-05,3.251586359434036e-05,2.9793648995109834e-05
1506,3.2626601904565986e-05,3.271875604696106e-05,3.247277003408979e-05,3.0121734441490848e-05
1507,3.294449608397877e-05,2.7703001978807152e-05,3.24675107863085e-05,2.9683561041019856e-05
1508,3.0913261523690176e-05,2.2358326459652746e-05,3.240646150338256e-05,2.7976677502738316e-05
1509,3.5783109156505415e-05,2.8617040370590985e-05,3.244202933565248e-05,2.7590833988506346e-05
1510,3.337674516337251e-05,2.5525716773699968e-05,3.234641913829061e-05,2.727608984860126e-05
1511,2.9773481995410595e-05,2.438870353216771e-05,3.2326233258936555e-05,2.8289523543207908e-05
1512,3.1903149938443676e-05,3.3364389528287577e-05,3.241999293257121e-05,2.8205361354048363e-05
1513,3.091949195853279e-05,2.6945389836328105e-05,3.222858078046961e-05,2.9385389722301625e-05
1514,3.3787208319861544e-05,3.149815813230816e-05,3.2134132128622795e-05,2.9923381897970104e-05
1515,3.434197740312407e-05,3.8010683274478653e-05,3.195801946696722e-05,2.9884380905423316e-05
1516,3.6907331854712944e-05,2.815350853779819e-05,3.1672481903418284e-05,2.9846706206444653e-05
1517,2.9887054511669298e-05,2.2743022855138405e-05,3.160361608913971e-05,2.987389815680217e-05
1518,2.965959589346312e-05,3.6527508709696124e-05,3.159627470643803e-05,3.182035889185499e-05
1519,3.162279503562281e-05,2.9310080572031437e-05,3.155414694386612e-05,3.153927321254742e-05
1520,3.068104185028157e-05,2.6490847376408054e-05,3.1420583609077664e-05,3.1355840372270904e-05
1521,3.227297635425607e-05,2.327911934116855e-05,3.1316573588022344e-05,3.133163838647306e-05
1522,3.0927623867885104e-05,2.5641419997555205e-05,3.104512122550255e-05,3.1068626407068226e-05
1523,2.9625918509231674e-05,4.863993242906872e-05,3.118153873559398e-05,3.0911446298705406e-05
1524,3.3453624976876505e-05,2.2276035961112938e-05,3.11639977644922e-05,3.17056747211609e-05
1525,2.9297139723591195e-05,5.6713244266575205e-05,3.113121349387156e-05,3.194300565228332e-05
1526,3.0375954213215865e-05,4.046466594445519e-05,3.1211908459307675e-05,3.193913357681595e-05
1527,2.9101850361459784e-05,2.534518040192779e-05,3.10575148347804e-05,3.173260409676004e-05
1528,2.8523791471444483e-05,2.1815608342876657e-05,3.090542191235323e-05,3.145791551214643e-05
1529,2.8792206135727206e-05,2.3871857847552748e-05,3.05847745217357e-05,3.140957481809892e-05
1530,3.2408439454027555e-05,7.310677377972752e-05,3.05050234604601e-05,3.205002383911051e-05
1531,3.1573407840268275e-05,2.569161406427156e-05,3.0487136865202854e-05,3.142894447373692e-05
1532,2.960541271426741e-05,2.3117180971894414e-05,3.0471860021579126e-05,3.1502247956814245e-05
1533,2.8313010997307074e-05,2.1753276814706624e-05,3.053957992508205e-05,3.137386892049108e-05
1534,2.89968000935106e-05,2.204174088547006e-05,3.0344568990403783e-05,3.1309899760526604e-05
1535,3.678718291565828e-05,2.159621406462975e-05,3.0342648359752878e-05,3.2033562290598634e-05
1536,2.933495771786612e-05,4.424441409355495e-05,3.0440067229210402e-05,3.126381563488394e-05
1537,3.108354317292752e-05,3.9297662806347947e-05,3.022277629319837e-05,3.162152084696572e-05
1538,3.293686609443587e-05,2.6848587949643843e-05,3.0361825073810498e-05,3.0353548092534766e-05
1539,2.9927367706679636e-05,2.6334921130910516e-05,3.0646494564522674e-05,2.9641906314645894e-05
1540,3.053965434244472e-05,3.114346865913831e-05,3.065047496897427e-05,2.9647504870081325e-05
1541,2.8891147089274857e-05,2.6944991186610424e-05,3.068334626991095e-05,2.9643843532539904e-05
1542,2.7893277979779263e-05,3.875424838042818e-05,3.0670449772636245e-05,2.974181852478069e-05
1543,2.9212431012031933e-05,2.1000524575356395e-05,3.041903596426386e-05,2.805227148055565e-05
1544,3.124087394502971e-05,3.1142667648964564e-05,3.0421688542992342e-05,2.783359266759363e-05
1545,3.237403943785466e-05,2.328137146832887e-05,3.0554678596187535e-05,2.7825711053446875e-05
1546,2.7397702987299353e-05,2.167989034205675e-05,3.0489725473550302e-05,2.790781260409859e-05
1547,3.0879608101612475e-05,4.373298324935604e-05,3.042145260276609e-05,2.787334960594308e-05
1548,3.2061390245669625e-05,2.939626603620127e-05,3.0020170963608607e-05,2.8512412143754777e-05
1549,2.8021351576575803e-05,3.1218666263157504e-05,2.9997408719565202e-05,2.7578436714247802e-05
1550,3.277335923889445e-05,2.5013925405801274e-05,2.988542881939793e-05,2.695925648149569e-05
1551,3.7492691481020303e-05,2.26736214972334e-05,3.0031935812924833e-05,2.685293930990156e-05
1552,2.9201360472749608e-05,2.5485144287813455e-05,2.9919828891191476e-05,2.6848687851452274e-05
1553,2.9345573994861398e-05,2.172407490434125e-05,2.977530589349852e-05,2.6469208695925775e-05
1554,2.8469793703859775e-05,2.6321232653572224e-05,2.9868721159679502e-05,2.6629415180650542e-05
1555,2.6123094244717828e-05,3.086809767410159e-05,2.988928523619607e-05,2.624225727922749e-05
1556,3.163972230848029e-05,2.0224643740220928e-05,2.9810763654596587e-05,2.63358401862206e-05
1557,3.29301640441473e-05,2.292014061822556e-05,2.968306447324317e-05,2.625500355206896e-05
1558,2.6689182931376208e-05,2.3805815580999478e-05,2.9608747180383135e-05,2.6502451821579606e-05
1559,2.7289978323905315e-05,2.118016593158245e-05,2.9608221589619966e-05,2.690726074506529e-05
1560,2.6755141936721176e-05,3.757277750992216e-05,2.9558109456330485e-05,2.6693565005552957e-05
1561,2.8765901616780967e-05,2.089502835588064e-05,2.9403063388276175e-05,2.657315689430107e-05
1562,2.8284045668745724e-05,2.381815698754508e-05,2.9303365525265692e-05,2.6127395557705313e-05
1563,3.659954093260846e-05,2.4190658659790643e-05,2.9023468849320326e-05,2.609070395119488e-05
1564,2.712469466334571e-05,2.6228634669678286e-05,2.8527995127013934e-05,2.6025414132163864e-05
1565,2.6926579400120925e-05,2.1656489770975895e-05,2.852118824003911e-05,2.5798030637088233e-05
1566,3.122652874379936e-05,3.095015330472961e-05,2.8541594203529208e-05,2.6527031115256248e-05
1567,2.8407379892693523e-05,2.907530084485188e-05,2.849246476010497e-05,2.6497404702240602e-05
1568,2.724939147204471e-05,2.3340097250184045e-05,2.8476178731943948e-05,2.688882608199492e-05
1569,2.8048394411194344e-05,2.912175179517362e-05,2.836561133396269e-05,2.7119344245875257e-05
1570,3.051610711635375e-05,2.9467578206094912e-05,2.8035847645110662e-05,2.7421756001422184e-05
1571,2.7384563218220137e-05,3.180011342919897e-05,2.8091709782408245e-05,2.7745268054422927e-05
1572,2.9626804769375466e-05,3.839058976154775e-05,2.8073663492493027e-05,2.7827911474741996e-05
1573,2.8185238544311788e-05,2.6386063254904e-05,2.8110340980735303e-05,2.712134727044031e-05
1574,2.5528905001313737e-05,2.0074632848263717e-05,2.8033561844980192e-05,2.7206955733709035e-05
1575,2.5775942340260372e-05,2.409663524304051e-05,2.790461122850603e-05,2.7341125768725757e-05
1576,2.5105848423360536e-05,2.1041376021457837e-05,2.747525870945538e-05,2.7511009253794326e-05
1577,2.9031188298378968e-05,1.980055691092275e-05,2.742244919209043e-05,2.725293610419612e-05
1578,2.9855723082113806e-05,3.994908685854171e-05,2.7370432052056364e-05,2.7207187522435557e-05
1579,2.7241557618253864e-05,2.5580572328181005e-05,2.7151155255624978e-05,2.6819890891783866e-05
1580,2.5715943540692226e-05,4.065363216795959e-05,2.7155461871653743e-05,2.6708731238613835e-05
1581,2.8875537358948754e-05,2.598759783722926e-05,2.7166002925271947e-05,2.6986681300331837e-05
1582,2.4686071822846617e-05,3.0480434506898746e-05,2.7077886641200172e-05,2.6790978651843032e-05
1583,2.8085736363815765e-05,3.1893616906018e-05,2.6847873130544844e-05,2.6454989443300293e-05
1584,2.683882107602484e-05,2.3246251439559275e-05,2.691895103432924e-05,2.6736682988121177e-05
1585,2.7672079142778077e-05,1.9908672402380035e-05,2.675910332448742e-05,2.6054428730276414e-05
1586,2.6846423222903267e-05,2.3035239937598817e-05,2.6779171258951667e-05,2.625571131065954e-05
1587,2.5060280256891727e-05,2.7172407862963154e-05,2.677403047346161e-05,2.6416623088880448e-05
1588,2.5865727956342098e-05,2.843774578650482e-05,2.6794770579322683e-05,2.6308115106076007e-05
1589,2.5804456729221987e-05,1.9776805929723194e-05,2.6763843686866393e-05,2.621603398001753e-05
1590,2.5626150899269203e-05,2.051277522696182e-05,2.6741769093415415e-05,2.626202317478601e-05
1591,2.5744608833014758e-05,2.1267737538437358e-05,2.658238356404278e-05,2.545339337957558e-05
1592,2.8515045293412793e-05,2.6296309515601022e-05,2.6607199133933238e-05,2.544565426651389e-05
1593,2.7512917812499734e-05,3.0288848793134095e-05,2.6625408639423162e-05,2.472110862727277e-05
1594,2.5845487309399888e-05,2.4229185582953506e-05,2.6537136328180268e-05,2.443344792118296e-05
1595,2.476576934997057e-05,2.1067847992526367e-05,2.6684640993254207e-05,2.5087248912313953e-05
1596,2.9161510812830078e-05,3.884245204972103e-05,2.6576502950855582e-05,2.4829641307587732e-05
1597,2.5630612023329982e-05,2.133423331542872e-05,2.657785679087586e-05,2.464559273794293e-05
1598,2.868693690591802e-05,3.141812776448205e-05,2.665698610491947e-05,2.466911645024084e-05
1599,2.5400385364062256e-05,2.409742730378639e-05,2.6699547593468904e-05,2.5400527953752318e-05
1600,2.629444498678721e-05,2.1383935672929512e-05,2.6867167093183123e-05,2.5039408629527312e-05
1601,2.4332676111953333e-05,1.873934786999598e-05,2.6951090787123472e-05,2.4960880103753878e-05
1602,2.847932346210453e-05,2.0950286780134776e-05,2.6957205870389264e-05,2.5535389798460527e-05
1603,2.587108484779795e-05,1.9733341978280806e-05,2.6858772461774707e-05,2.5959605650859885e-05
1604,2.7861946865515265e-05,2.5387094501638786e-05,2.6813415732370532e-05,2.597918784013018e-05
1605,2.6171181177940324e-05,2.2539991186931728e-05,2.664483210246544e-05,2.6393667189404367e-05
1606,2.6668729577876448e-05,1.879608018498402e-05,2.6558520848629992e-05,2.65145486977417e-05
1607,2.8373688449695087e-05,4.6825459285173566e-05,2.6625216937585107e-05,2.6352908904664217e-05
1608,2.538228530385014e-05,2.5453426787862553e-05,2.6590603490977722e-05,2.6267302987980657e-05
1609,2.68726670765318e-05,1.864503719843924e-05,2.643233977036693e-05,2.5419671629788353e-05
1610,2.9650311993868348e-05,2.0496765209827572e-05,2.6381178458703083e-05,2.5648673134855926e-05
1611,2.7910460436639064e-05,4.132052752538584e-05,2.6233179631607424e-05,2.515376087103505e-05
1612,2.925076774974716e-05,1.814442475733813e-05,2.627862528291492e-05,2.4893508435343395e-05
1613,2.7963820304850945e-05,2.6474532642168925e-05,2.6180906878127844e-05,2.4864729700493627e-05
1614,2.5957333810866758e-05,3.413954829738941e-05,2.6134785673881803e-05,2.5142346479697154e-05
1615,2.316531568390524e-05,3.1118171536945736e-05,2.6170326069324e-05,2.5213153389631774e-05
1616,2.4610690597910434e-05,2.175729227019474e-05,2.6103480781522295e-05,2.5202141981571916e-05
1617,2.4300454545785517e-05,3.665829324745573e-05,2.5903331321913152e-05,2.532825462985784e-05
1618,2.5355136466613556e-05,3.331088650156744e-05,2.585569129838e-05,2.525680826802273e-05
1619,2.7512889533277807e-05,2.018819075601641e-05,2.5913169511639152e-05,2.5259494551573884e-05
1620,2.3900433184785976e-05,1.8927700075437315e-05,2.5851743544464826e-05,2.412466691748705e-05
1621,2.520491779756008e-05,1.7651668094913475e-05,2.577627155502948e-05,2.396584527159575e-05
1622,2.435157923173392e-05,2.7059270942118018e-05,2.567765083513223e-05,2.4420335658942352e-05
1623,2.49869662285265e-05,1.904532116896007e-05,2.575436610883723e-05,2.4434432398993523e-05
1624,2.6536526646749635e-05,1.759111641149502e-05,2.5627530570232518e-05,2.3882726603187617e-05
1625,2.385148486711033e-05,2.066446730168536e-05,2.533791700665865e-05,2.3845192207954827e-05
1626,2.317964600580227e-05,2.567976735008415e-05,2.51298304477435e-05,2.3606768235913477e-05
1627,2.9367833348159263e-05,2.2720459528500215e-05,2.5103152299965997e-05,2.3385236738249657e-05
1628,2.4199952652755503e-05,1.945805677678436e-05,2.5197476784200675e-05,2.4284737379639404e-05
1629,2.285821037528674e-05,2.853991070878692e-05,2.5259349987835683e-05,2.4120374495396387e-05
1630,2.4980180589611537e-05,2.0753832141053864e-05,2.5232548632387386e-05,2.34664954157779e-05
1631,2.8105684909355155e-05,1.8863237273762933e-05,2.509049466461875e-05,2.285793186747469e-05
1632,2.6838039270337e-05,1.8454768433002755e-05,2.5102788767253523e-05,2.2796645612106656e-05
1633,2.3495485567966374e-05,2.1482885640580206e-05,2.520156430853402e-05,2.2736300420365295e-05
1634,2.440714907910054e-05,3.000729688210413e-05,2.5142281779456733e-05,2.2748107864754275e-05
1635,3.1568193836493365e-05,2.084918371110689e-05,2.510714172094595e-05,2.2359679700457492e-05
1636,2.4739571971521298e-05,2.752788263023831e-05,2.5079776046428987e-05,2.257764733512886e-05
1637,2.201042866040047e-05,1.720606487651821e-05,2.4954759901771064e-05,2.27779266278958e-05
1638,2.276165633197201e-05,2.051393334113527e-05,2.4941839581070882e-05,2.2635399553109893e-05
1639,2.5290380116429232e-05,2.8601260855793952e-05,2.5031618659462165e-05,2.233102360914927e-05
1640,2.5523427789772135e-05,5.3605687571689484e-05,2.47645658078707e-05,2.2470709000481294e-05
1641,2.6157520688785654e-05,1.7648220164119267e-05,2.4722764496820878e-05,2.2676234145183115e-05
1642,2.3630420659578198e-05,2.031131625699345e-05,2.4830365267633978e-05,2.3022260470315812e-05
1643,2.1803787272397634e-05,1.809679779398721e-05,2.4918994107995078e-05,2.3023341069347223e-05
1644,2.7820242099147033e-05,1.865603437181562e-05,2.4871699092909694e-05,2.3080255245440638e-05
1645,2.636982171679847e-05,1.741907028190326e-05,2.4624665685243802e-05,2.318721045157872e-05
1646,2.3722854570627937e-05,1.794685420463793e-05,2.4560612492172773e-05,2.319088042131625e-05
1647,2.347307776896438e-05,1.7348566834698432e-05,2.4457399552274082e-05,2.2703485717647712e-05
1648,2.4302824365602445e-05,2.4494512035744265e-05,2.4065075297807605e-05,2.260259759787005e-05
1649,2.3411123030301597e-05,2.2598098730668426e-05,2.407692055648012e-05,2.3442391844582745e-05
1650,2.3528476849605794e-05,1.7101290432037785e-05,2.4298598283914747e-05,2.3440308435237965e-05
1651,2.54241229655842e-05,1.8070368751068598e-05,2.429140285336568e-05,2.3350287607172502e-05
1652,2.269151205837261e-05,2.6212594311800784e-05,2.4196835129825764e-05,2.3078278909088108e-05
1653,2.315491987651007e-05,2.459618539432995e-05,2.409154519425809e-05,2.2239387125591744e-05
1654,2.5548229645614306e-05,3.719056883710437e-05,2.393978598912428e-05,2.2195766589720732e-05
1655,2.7195901598639063e-05,2.078084711683914e-05,2.3905041548197106e-05,2.2078072474687358e-05
1656,2.6923309532220526e-05,2.0286091676098294e-05,2.386500200906691e-05,2.202801091771107e-05
1657,2.0662204078689684e-05,2.1128648586454802e-05,2.368023455088001e-05,2.1965122639085164e-05
1658,2.1894155741190642e-05,2.1574634884018453e-05,2.349267990632345e-05,2.207436487369705e-05
1659,2.182682558163328e-05,1.7822429290390572e-05,2.346852714512756e-05,2.2298430124646985e-05
1660,2.176008747483138e-05,1.8326980716665274e-05,2.3501777702282805e-05,2.251067961915397e-05
1661,2.5035703438334166e-05,4.85227387980558e-05,2.3436347191293158e-05,2.2250293570687066e-05
1662,2.7552371846266194e-05,1.7153979642898774e-05,2.3415788916625185e-05,2.1995718538528307e-05
1663,2.2581770568245296e-05,1.826341263949871e-05,2.3385154538199356e-05,2.2027899316162803e-05
1664,2.2926187027931317e-05,2.180104340368416e-05,2.323386259360834e-05,2.1990423795068636e-05
1665,2.2891179400580263e-05,3.263339298428036e-05,2.324562480353052e-05,2.1653330328990707e-05
1666,2.236354056044042e-05,1.6557706767343917e-05,2.3182843539365826e-05,2.1364596401690506e-05
1667,2.2761809636398944e-05,1.736896338115912e-05,2.2970638109189974e-05,2.0712146122241393e-05
1668,2.0802798794142693e-05,1.6845258869579993e-05,2.2771724495881547e-05,2.053649158915505e-05
1669,2.3201055644474563e-05,1.7083827406167983e-05,2.261788038578945e-05,2.038058000034653e-05
1670,2.1680955602884447e-05,2.0150126147200353e-05,2.2789420286102942e-05,2.1077114506624643e-05
1671,2.311903554073069e-05,2.3548485478386284e-05,2.2801249097554118e-05,2.097348710813094e-05
1672,2.4304341697845504e-05,2.265480419737287e-05,2.272289178072242e-05,2.089977592695505e-05
1673,2.2667061590861217e-05,1.7984860824071804e-05,2.3065347300628977e-05,2.1737322609988046e-05
1674,2.289716616360238e-05,1.6233722926699557e-05,2.2887875323229107e-05,2.0543855312280358e-05
1675,2.276261738896008e-05,1.7905809872900136e-05,2.265005394244023e-05,2.058254036528524e-05
1676,2.1641824350808747e-05,1.7133480723714457e-05,2.2685797230062437e-05,2.1318062959471717e-05
1677,2.298556730642708e-05,1.7785257659852506e-05,2.266370361418618e-05,2.1060521021718162e-05
1678,2.158538827239277e-05,1.7377837211824952e-05,2.2563935329607274e-05,2.0413622949854467e-05
1679,2.0243093891218045e-05,2.0879311850876548e-05,2.2582596342545e-05,2.047155952022876e-05
1680,2.222306126592836e-05,1.6389483789680526e-05,2.252893929738396e-05,2.0455289087840353e-05
1681,2.3077206779918115e-05,1.6388301955885253e-05,2.2500754954267502e-05,2.0486831254675048e-05
1682,2.4950701586527027e-05,3.854201124340762e-05,2.239835221051989e-05,2.049621859041508e-05
1683,2.2189876027469936e-05,1.8983949921675957e-05,2.23413687430568e-05,2.0405361897428517e-05
1684,1.986789266084088e-05,1.5979649760993196e-05,2.229174791864353e-05,2.0205984968924894e-05
1685,3.032147547249527e-05,3.92656477924902e-05,2.2226088510554602e-05,2.0034750871127474e-05
1686,2.059890400333744e-05,1.8686056355363688e-05,2.2121245536254723e-05,2.024025256978348e-05
1687,2.1606837326544336e-05,1.8121105968020855e-05,2.2148333935991918e-05,2.019385383027838e-05
1688,2.3475352758800403e-05,3.6651477494160644e-05,2.2116204913537435e-05,2.0267869420058555e-05
1689,2.2373846631025016e-05,1.5362494959845207e-05,2.2078927192261392e-05,2.0256515037908678e-05
1690,2.0396972286107484e-05,1.6460941187688148e-05,2.200022913829243e-05,2.036514969804557e-05
1691,2.283006588388364e-05,1.8006121026701295e-05,2.1949347430523227e-05,2.0331484336929862e-05
1692,2.1420383507372914e-05,1.696220257144887e-05,2.1974853155229037e-05,2.00882606281084e-05
1693,2.009819021623116e-05,1.7633813040447422e-05,2.201129905814823e-05,2.0166420894383917e-05
1694,2.0640987050784235e-05,1.731851079966873e-05,2.1941030626152905e-05,2.0229246273811442e-05
1695,2.025636891630711e-05,1.787870882253628e-05,2.1775696594785487e-05,1.9822475117689465e-05
1696,2.187851493039893e-05,1.8564062265795656e-05,2.1678648391712667e-05,1.972332063742215e-05
1697,2.2662856495622287e-05,1.837395175243728e-05,2.1688368246961746e-05,1.971282849408453e-05
1698,2.0045987233364335e-05,2.3122403290471994e-05,2.1347337670643658e-05,1.906800887809368e-05
1699,2.357437615703222e-05,1.5073754439072217e-05,2.1492555355265112e-05,1.906417012069141e-05
1700,2.1959391827598058e-05,1.975619961740449e-05,2.1507583957928643e-05,1.8955513126275035e-05
1701,2.070988131890772e-05,1.6849621169967576e-05,2.1380498708458615e-05,1.845889126852853e-05
1702,2.1018115957202906e-05,2.0501124163274652e-05,2.1353611708845063e-05,1.8564288968627805e-05
1703,2.0313345578162827e-05,1.653620318393223e-05,2.1324011855095808e-05,1.8585970388085115e-05
1704,2.0880737008863234e-05,1.4798719130340032e-05,2.126433722902827e-05,1.9647911451465917e-05
1705,2.3134208838908104e-05,1.8343490446568466e-05,2.1193629717082436e-05,1.9621076654584614e-05
1706,2.1320495980035046e-05,1.7958936441573316e-05,2.1198402973742407e-05,1.9699239650799428e-05
1707,2.081735080234163e-05,2.83727323403582e-05,2.1137552341921645e-05,1.9687999786401637e-05
1708,1.976367095064941e-05,1.6505087914993054e-05,2.1093169038148418e-05,1.9673934295133222e-05
1709,2.0110889042067963e-05,1.5717346177552826e-05,2.103645473309573e-05,1.9728427128575278e-05
1710,2.179571106454306e-05,2.314515739271883e-05,2.0928284115911485e-05,1.9739449401095044e-05
1711,2.4229346118873865e-05,1.85900874203071e-05,2.104656501946415e-05,1.967429306387203e-05
1712,2.1982552393132613e-05,1.5404681107611395e-05,2.097220072893025e-05,1.968107477005106e-05
1713,2.0298221522049667e-05,2.423593105049804e-05,2.0865863007929877e-05,1.9708079798147086e-05
1714,2.1701671640686173e-05,1.7997437462327072e-05,2.075342300708548e-05,1.9721754570491617e-05
1715,1.9656975942376043e-05,1.7002976674120872e-05,2.087862681873958e-05,2.0198224417981694e-05
1716,2.133820023219515e-05,4.4554647611221296e-05,2.096408558160571e-05,2.047790451033507e-05
1717,1.965269570872705e-05,1.629133264941629e-05,2.0873726000152402e-05,2.0662321557756516e-05
1718,2.0217521632730496e-05,1.9587887945817782e-05,2.0895005238627266e-05,2.0738787524169314e-05
1719,1.9119721255265176e-05,1.703751418972388e-05,2.083762577118856e-05,2.1612220534007067e-05
1720,1.914678632197643e-05,1.7527071540826e-05,2.0876641902254455e-05,2.1200884284917264e-05
1721,2.0460657304081702e-05,1.9926383101847024e-05,2.0877661267635027e-05,2.1143346696044317e-05
1722,1.99585910660163e-05,1.864950856543146e-05,2.0915791460154446e-05,2.1218233881518244e-05
1723,2.3003009822180805e-05,2.14934948598966e-05,2.0790782935364404e-05,2.1164954476989808e-05
1724,2.171526889368478e-05,1.5243297093547881e-05,2.072246522188329e-05,2.1084950427757577e-05
1725,1.9300948802588713e-05,2.0431325319805184e-05,2.0539754163069625e-05,2.102393987879623e-05
1726,1.7898881297797845e-05,1.7191490478580817e-05,2.0502457980748863e-05,2.074848151532933e-05
1727,2.4148211248555324e-05,3.241287035052665e-05,2.0438951430050013e-05,2.0984811472590086e-05
1728,2.2449814649816187e-05,2.3528205492766574e-05,2.0527592890236216e-05,2.0874271402135494e-05
1729,1.862174747253044e-05,1.940914531587623e-05,2.0604193732045435e-05,1.9674290926195683e-05
1730,2.3666189800779748e-05,2.0255139606888406e-05,2.063756024371186e-05,1.9603045776602817e-05
1731,1.9886009294067563e-05,3.979476168751717e-05,2.083055860404986e-05,1.9633292334037836e-05
1732,2.1792754078988865e-05,1.80893261131132e-05,2.0836227945660033e-05,1.967924590862822e-05
1733,1.9789155085163658e-05,1.5066648193169386e-05,2.090138021675456e-05,1.9700827353517525e-05
1734,2.1064143855053568e-05,1.7589525814400986e-05,2.0829634624371666e-05,1.9477254936646206e-05
1735,1.8670497944791956e-05,2.1813172279507852e-05,2.084385921205265e-05,1.933954537380487e-05
1736,2.252140328184598e-05,1.658998618950136e-05,2.0720139328073453e-05,1.9140686115133573e-05
1737,1.7414775922790998e-05,1.3879417383577675e-05,2.073442211128875e-05,1.9093174341833218e-05
1738,1.9365816964030576e-05,1.7349471963825636e-05,2.0705633789637233e-05,1.8899825584958307e-05
1739,2.0114007873214885e-05,2.3905686393845827e-05,2.0712168318116007e-05,1.930146713566501e-05
1740,2.1873012447031214e-05,1.4239474912756123e-05,2.0530069491845402e-05,1.8889847598620693e-05
1741,2.3253221277425635e-05,1.4555135712726042e-05,2.0589893901989046e-05,1.952580546785612e-05
1742,2.0486858500387624e-05,1.4510203909594566e-05,2.069029948963564e-05,1.960603302868549e-05
1743,2.5042480641180493e-05,2.0344051881693305e-05,2.0513051672686642e-05,1.958856084092986e-05
1744,1.9261454795519564e-05,1.8186353554483502e-05,2.052005684793888e-05,1.8583554204087707e-05
1745,2.0775593099339555e-05,1.8066607663058675e-05,2.036975444942881e-05,1.8724671029485764e-05
1746,1.866701749450941e-05,1.433707268006401e-05,2.0423049925415802e-05,1.86778418297763e-05
1747,2.0314205758040772e-05,1.5206769494398032e-05,2.030786400937359e-05,1.853129188384628e-05
1748,1.991001272270094e-05,1.652201339311432e-05,2.031006872041164e-05,1.822126276820199e-05
1749,2.2072338474067186e-05,1.4055502761038952e-05,2.0163932183075105e-05,1.810180643224157e-05
1750,1.8581240761300755e-05,1.5597606397932397e-05,2.0247023023208995e-05,1.84650642768247e-05
1751,1.806224450976717e-05,2.7232529246248304e-05,2.0240139881287986e-05,1.863036927243229e-05
1752,1.9595740591790267e-05,2.2122381924418733e-05,2.0321737236372428e-05,1.88678258942673e-05
1753,2.3945424903407305e-05,3.942715222365223e-05,2.019100474289088e-05,1.9036249138298444e-05
1754,2.1131887163695258e-05,2.141483433661051e-05,2.015303056048449e-05,1.905534917023033e-05
1755,1.9234994377054844e-05,1.981833491299767e-05,2.0103677887285202e-05,1.9167197754723022e-05
1756,2.0061138675373512e-05,1.4669595766463316e-05,1.9902195338525215e-05,1.894163321412634e-05
1757,1.8035194116237108e-05,2.1617246748064645e-05,1.9896608849699584e-05,1.9226088494178838e-05
1758,2.1121541984838485e-05,1.3895918200432789e-05,1.9941294848669915e-05,1.9152538990601895e-05
1759,1.8184495953998217e-05,1.392577716615051e-05,2.000170262674348e-05,1.92214582246379e-05
1760,1.872561572074321e-05,1.4062444388400763e-05,2.0079632198596504e-05,1.9946631515631454e-05
1761,1.8867989848432543e-05,1.3603577790490818e-05,2.0169028114711788e-05,1.9920282193925232e-05
1762,1.949204692613825e-05,2.2960863498155958e-05,1.9922848769136992e-05,1.996910098969238e-05
1763,1.9193738416005442e-05,2.1482096854015255e-05,1.9944960933046084e-05,2.0152951341879087e-05
1764,2.2153941750325936e-05,2.984210193972103e-05,1.9905009284250106e-05,1.977723251475254e-05
1765,1.860470010999254e-05,1.8450056013534778e-05,1.992951170080536e-05,1.9454797729849812e-05
1766,2.230386671726592e-05,1.5032636511023157e-05,1.973960634544104e-05,1.853865654557012e-05
1767,1.9253041670405462e-05,1.7306418521911836e-05,1.9667659993865525e-05,1.8331835509161464e-05
1768,2.0005416922180708e-05,1.4704938366776333e-05,1.9632844784225905e-05,1.9433408905752003e-05
1769,1.9121792574878783e-05,2.529773555579595e-05,1.982649357992664e-05,1.9568900475860577e-05
1770,2.189274307359786e-05,1.622787007363513e-05,1.9907287849895915e-05,1.935067954764236e-05
1771,2.0177211946348608e-05,1.606005353096407e-05,1.9790282367547562e-05,1.9336289397324436e-05
1772,2.2262445054366253e-05,3.333610176923685e-05,1.9752449005803404e-05,1.9346547000168357e-05
1773,2.2144910625583077e-05,1.5863280350458808e-05,1.9668765088944285e-05,1.940920652705245e-05
1774,1.591785483469721e-05,1.5275972655217628e-05,1.9593106197054216e-05,1.938549920741934e-05
1775,1.9134044859028008e-05,2.0193865202600138e-05,1.955037348662801e-05,1.9041663700772912e-05
1776,1.706345328986774e-05,1.783955856808461e-05,1.9453684115190605e-05,1.9034002853732087e-05
1777,2.0208301005671577e-05,1.4061512301850598e-05,1.92784319294636e-05,1.850348964362638e-05
1778,1.9197791019299378e-05,1.652362261665985e-05,1.9199439844831232e-05,1.8319118315412194e-05
1779,1.9333228374307508e-05,1.6244308426394127e-05,1.9056966991289906e-05,1.8448263571190183e-05
1780,1.8364614136064322e-05,4.735766982776113e-05,1.9005449623849317e-05,1.847654888551915e-05
1781,2.49023585678919e-05,1.805688501917757e-05,1.893555265859403e-05,1.8520687318232377e-05
1782,2.005505086546893e-05,1.6161723542609253e-05,1.8946424289525664e-05,1.8152413166535556e-05
1783,1.8196404926129617e-05,1.3536164442484732e-05,1.8774249223820834e-05,1.8161110764776824e-05
1784,1.723866191039431e-05,1.4182217237248551e-05,1.8639503596043338e-05,1.8160123327106705e-05
1785,1.6633517799265164e-05,1.5628932560503016e-05,1.8423842431042832e-05,1.7379795924352953e-05
1786,1.6976517551180828e-05,1.3010894799663219e-05,1.8285747053434733e-05,1.7241790308617058e-05
1787,1.842372916548306e-05,1.4364975831995253e-05,1.8312186226588282e-05,1.71521019510692e-05
1788,1.6776504130070358e-05,2.1290575677994638e-05,1.8284223496690782e-05,1.6872081741166767e-05
1789,1.7772637107150834e-05,1.657927168707829e-05,1.8305361545208145e-05,1.6739337766193785e-05
1790,1.6629897994183316e-05,1.3840772808180191e-05,1.839878194902364e-05,1.6809080318489575e-05
1791,1.8742045378732857e-05,1.8261267905472776e-05,1.8353312355773396e-05,1.6712409765750633e-05
1792,1.7965107484390805e-05,1.801355138013605e-05,1.8398718756038257e-05,1.6587776249798478e-05
1793,1.8257992790798503e-05,1.5808399184606968e-05,1.8346133013660115e-05,1.536811153782765e-05
1794,1.9393583348169664e-05,1.6090881763375366e-05,1.811092632641602e-05,1.5149616438429805e-05
1795,1.7588366430977153e-05,1.6445310029666872e-05,1.8061026196584055e-05,1.5262766493833625e-05
1796,1.6808571251911215e-05,1.6035367589211092e-05,1.8045808431472527e-05,1.5346990652324166e-05
1797,1.6870915929353537e-05,1.382791670039296e-05,1.799171970358455e-05,1.5373709847335707e-05
1798,1.8692526185380606e-05,1.2413139957061504e-05,1.797402141382918e-05,1.5376536910480356e-05
1799,1.6578834163535954e-05,1.3033763716521207e-05,1.7959491933611893e-05,1.5348692663246766e-05
1800,1.8434976611590375e-05,1.319335995503934e-05,1.7837952209487815e-05,1.5472140531346668e-05
1801,1.7591904502801804e-05,1.4520959193760064e-05,1.7871353872113912e-05,1.5228806449158584e-05
1802,2.2543811101058965e-05,1.580507610924542e-05,1.787367351256156e-05,1.5588845843740275e-05
1803,1.8061051188043267e-05,1.4106858798186294e-05,1.7996530086545844e-05,1.556616331508849e-05
1804,2.0468388380929052e-05,1.3128470527590252e-05,1.7981569239054808e-05,1.546441529644653e-05
1805,1.704997057661078e-05,1.686605202849023e-05,1.7972472284681215e-05,1.5373805256967897e-05
1806,1.9022191386789522e-05,1.2594507534231525e-05,1.7970178406944294e-05,1.535888901416911e-05
1807,1.8807547619669803e-05,1.899047492770478e-05,1.7902238207979176e-05,1.5291099053865767e-05
1808,1.7815960798341418e-05,1.564176840474829e-05,1.7954239100961582e-05,1.5450038165727167e-05
1809,1.5886443713194845e-05,1.485019711253699e-05,1.7983618051059445e-05,1.6166423638060224e-05
1810,1.6191060555380925e-05,1.5699609139119276e-05,1.793708072574292e-05,1.625289956718916e-05
1811,1.6613280545748743e-05,1.2314788618823513e-05,1.7881758174108758e-05,1.6229857532016465e-05
1812,1.5385236062381105e-05,1.74511725344928e-05,1.7933174260219355e-05,1.67193524655886e-05
1813,1.7611545695722775e-05,1.520722362329252e-05,1.783093728881795e-05,1.6731405215978156e-05
1814,1.7830628118341943e-05,2.558025655162055e-05,1.7834789932951227e-05,1.6630069358507166e-05
1815,1.9701312343790453e-05,1.3273709591885562e-05,1.7596590801743633e-05,1.6509290986869017e-05
1816,1.836802419145695e-05,1.5717567439423874e-05,1.7559822159172555e-05,1.644850959710311e-05
1817,1.7737683625051028e-05,1.574830039317021e-05,1.743473582149212e-05,1.66772922151722e-05
1818,1.8200645847375402e-05,1.543549311463721e-05,1.7487450850522792e-05,1.6593534837011246e-05
1819,1.7695078374041865e-05,1.4396132755791768e-05,1.7365646141438952e-05,1.677207076427294e-05
1820,1.888838875553726e-05,2.041878782620188e-05,1.7266696769284963e-05,1.670102567150025e-05
1821,1.7543045004357637e-05,3.394500439753756e-05,1.7329054216841336e-05,1.655255046498496e-05
1822,1.570748279644047e-05,1.5989814928616398e-05,1.732906634359905e-05,1.6870895988540722e-05
1823,1.7309462394526537e-05,1.1837089077744167e-05,1.7421779138061945e-05,1.6758897944237105e-05
1824,1.7864236316300875e-05,2.527113705582451e-05,1.7377555330070513e-05,1.674019074707758e-05
1825,1.587905232655531e-05,1.3494678714778274e-05,1.741049852684632e-05,1.657716303598136e-05
1826,1.7688220606133754e-05,1.1987562756985426e-05,1.728685478075123e-05,1.6468064402579334e-05
1827,1.6588832820869154e-05,1.27856168182916e-05,1.7263485353032593e-05,1.5988109260797502e-05
1828,1.7141835123766213e-05,1.2587324054038618e-05,1.7125843953140753e-05,1.6230201550934002e-05
1829,1.734122993891813e-05,1.88480359793175e-05,1.72375605728626e-05,1.6451947668974756e-05
1830,1.836784630237768e-05,1.4772117574466392e-05,1.713860501145569e-05,1.6332932688237636e-05
1831,1.597707365969351e-05,1.7057905715773813e-05,1.7001854419827904e-05,1.6264842114469505e-05
1832,1.6333813315820105e-05,1.721434760838747e-05,1.6876988143000444e-05,1.621052960254019e-05
1833,1.93748969872508e-05,1.1929888241866138e-05,1.684797252900252e-05,1.6340853933070315e-05
1834,1.5886746882137636e-05,2.2808835201431065e-05,1.6805640430538915e-05,1.5535985735186838e-05
1835,1.8508880416953212e-05,1.2899658031528816e-05,1.6834257101355534e-05,1.6302680432272606e-05
1836,1.550768534596298e-05,1.1847108689835295e-05,1.6754449637826635e-05,1.6295726885437033e-05
1837,1.6208815981776246e-05,1.3375479757087305e-05,1.6713655919011214e-05,1.5731316713208796e-05
1838,1.452045204334556e-05,1.2479757788241842e-05,1.6740669102000537e-05,1.57685325742932e-05
1839,1.7246392425376043e-05,1.3581378007074817e-05,1.67021194982226e-05,1.628128555312287e-05
1840,1.626027734649445e-05,1.9326016845297998e-05,1.6607439492509e-05,1.626317275513429e-05
1841,2.1160939684503116e-05,2.1261220390442758e-05,1.6537503967427053e-05,1.6398077982012183e-05
1842,1.5263794589878266e-05,1.2772925874742213e-05,1.6578799542589372e-05,1.6089585273584816e-05
1843,1.4781881056680707e-05,1.3733228770433926e-05,1.6447927624135952e-05,1.5976846302510243e-05
1844,1.4573421453355372e-05,1.3038319957558997e-05,1.6489468028400247e-05,1.5762674572761175e-05
1845,1.8162998405589153e-05,2.367689608945511e-05,1.6452265456043988e-05,1.567307768855244e-05
1846,1.6484742542767586e-05,1.3823299450450577e-05,1.6327427397724628e-05,1.62256799012539e-05
1847,1.6422899566855955e-05,3.5157182355760594e-05,1.630539111219049e-05,1.579087623686064e-05
1848,1.5314275806304068e-05,1.1663250406854786e-05,1.615573701023499e-05,1.635739817575086e-05
1849,1.6844393345915403e-05,1.1160882750118616e-05,1.6175845250998263e-05,1.6440375943784602e-05
1850,1.6554381901288352e-05,1.4425075241888408e-05,1.620176282320042e-05,1.657475786632858e-05
1851,1.6724480511685316e-05,2.48063872277271e-05,1.6232933192562385e-05,1.654742888349574e-05
1852,1.4221832678029184e-05,1.2332796868577134e-05,1.614481069385268e-05,1.6740619018673894e-05
1853,1.5393446996717506e-05,1.595995472598588e-05,1.6115918765636806e-05,1.652420479222201e-05
1854,1.8373619317976085e-05,1.1135718268633355e-05,1.592015142345594e-05,1.6311508152284655e-05
1855,1.5096048341042155e-05,1.1953643297601958e-05,1.592489047826449e-05,1.656173734954791e-05
1856,1.7015583766300957e-05,1.1703612472047098e-05,1.5885652572130008e-05,1.6687145437754225e-05
1857,1.5403749006913534e-05,1.4974425503169187e-05,1.5949946687113774e-05,1.663645039952826e-05
1858,1.625394552926688e-05,2.57449435594026e-05,1.5858765595556985e-05,1.702164549205918e-05
1859,1.5335839743784164e-05,1.1938743591599632e-05,1.5831432697854727e-05,1.6900346435431856e-05
1860,1.4767527868065776e-05,2.7062706503784284e-05,1.5824850136575858e-05,1.6151573495881167e-05
1861,1.60103913650447e-05,1.3921552890678867e-05,1.606877431655044e-05,1.6641841347154698e-05
1862,1.685675528683027e-05,1.673502782068681e-05,1.5968131727842976e-05,1.6932308190735058e-05
1863,1.5299711277394737e-05,1.1796533217420801e-05,1.5911190338859644e-05,1.6861307722865605e-05
1864,1.504332995763333e-05,1.8411131386528722e-05,1.5849893637480113e-05,1.656304888310842e-05
1865,1.553797914109762e-05,1.3915661184000782e-05,1.5921334098756133e-05,1.6494785816757942e-05
1866,1.6266756129981432e-05,1.5943804392009042e-05,1.5909670905885934e-05,1.6360585440997966e-05
1867,1.5382270960091976e-05,1.9028655806323514e-05,1.5942110539617716e-05,1.6585013015719593e-05
1868,1.3800933403318696e-05,1.6868430975591764e-05,1.6030126607074634e-05,1.6611401627596934e-05
1869,1.618077432794962e-05,1.1770944001909812e-05,1.5901592689058614e-05,1.6581553730065936e-05
1870,1.588347111666937e-05,3.330677340272814e-05,1.5865334993415872e-05,1.665690099180211e-05
1871,1.580142010021114e-05,1.0790823034767527e-05,1.5919642427050147e-05,1.6195318917743864e-05
1872,1.625833553488418e-05,1.643785886699334e-05,1.600124930458454e-05,1.6441310824302495e-05
1873,2.1412380305668597e-05,2.3919946688693016e-05,1.5976646518457627e-05,1.579512135940604e-05
1874,1.4328328628228822e-05,1.8422553839627653e-05,1.6014183029862275e-05,1.5727080826763997e-05
1875,1.5130847176705074e-05,1.265006354515208e-05,1.5946898089573046e-05,1.5649754283367654e-05
1876,1.5192062977196959e-05,1.7349916233797558e-05,1.5914730553292127e-05,1.5699669826426543e-05
1877,1.6007844209929723e-05,1.0626220209815073e-05,1.610323372434424e-05,1.5565780384349638e-05
1878,1.5101867174962536e-05,1.2604945331986529e-05,1.606472099738312e-05,1.5738679608330133e-05
1879,1.9184610161270635e-05,1.6746407636674123e-05,1.599003997697663e-05,1.560465576767456e-05
1880,1.7296450027465148e-05,1.2613358594535384e-05,1.5961500508274185e-05,1.5619333428912797e-05
1881,1.380223581590043e-05,1.0957415033772122e-05,1.6001468082847874e-05,1.540432564652292e-05
1882,1.449730661584504e-05,1.6858107046573422e-05,1.5969698988919848e-05,1.5348275972064583e-05
1883,1.761163137012368e-05,1.4205391707946546e-05,1.5980422871345785e-05,1.4437937350885478e-05
1884,1.737601168214395e-05,1.808854125556536e-05,1.603820808830076e-05,1.5150886966148395e-05
1885,1.4152458214893057e-05,1.0907969881372993e-05,1.5980757092863014e-05,1.4940710553491955e-05
1886,1.6948804150160866e-05,1.2220539574627764e-05,1.572329975331539e-05,1.4471730355580802e-05
1887,1.5174631779599521e-05,1.4801864235778339e-05,1.5754859477520874e-05,1.5176325383072255e-05
1888,1.449552287037174e-05,1.3044421793892979e-05,1.578008347941149e-05,1.5432366146706047e-05
1889,1.975590923393611e-05,1.5063895334606059e-05,1.5818234299109062e-05,1.53296824923018e-05
1890,1.4575160967069679e-05,1.823814178351313e-05,1.5745684761269435e-05,1.547520719032036e-05
1891,1.4399730619819214e-05,1.2593208375619724e-05,1.5783406437710965e-05,1.5971131628612056e-05
1892,1.4668784242530819e-05,1.939559733727947e-05,1.557979112791751e-05,1.586077039974043e-05
1893,1.4800122767660974e-05,1.1493236415844876e-05,1.5441947813653517e-05,1.577630046813283e-05
1894,1.538654697974885e-05,1.0369702140451409e-05,1.5501659236987407e-05,1.692861600167816e-05
1895,1.615156817731784e-05,1.0548307873250451e-05,1.5617392389119938e-05,1.6714143511489967e-05
1896,1.7246050524085553e-05,2.8614563416340388e-05,1.5504405834508363e-05,1.6625082102837042e-05
1897,1.4822060648940453e-05,1.1183448550582398e-05,1.5397287378032668e-05,1.6553679321077654e-05
1898,1.497594681697794e-05,1.2195441740914248e-05,1.5496923855729015e-05,1.677407803508686e-05
1899,1.5117321733365923e-05,3.603742952691391e-05,1.5390289014208572e-05,1.6961319143592845e-05
1900,1.576144722397051e-05,1.9051082635996862e-05,1.546451689896963e-05,1.6906452126568183e-05
1901,1.6145833469636273e-05,1.4782824873691425e-05,1.539877861481121e-05,1.7152815559529698e-05
1902,1.4194105763939055e-05,1.4264337660279124e-05,1.5159949814632354e-05,1.7297347437124698e-05
1903,1.6044909086000794e-05,2.5003056289278903e-05,1.5209741568105528e-05,1.706276004842948e-05
1904,1.4094227416434377e-05,1.3987376914883499e-05,1.5190341697032433e-05,1.705821405048482e-05
1905,1.385036717086526e-05,1.0501610304345377e-05,1.5163853715300019e-05,1.6684090159833434e-05
1906,1.5295021399247668e-05,3.976530337240547e-05,1.5198349800953619e-05,1.7484644001524428e-05
1907,1.739063541915837e-05,1.1496294791868423e-05,1.5238403992245568e-05,1.7636545491404836e-05
1908,1.478696750483424e-05,1.1978856491623446e-05,1.5119481256907522e-05,1.7654688410402743e-05
1909,1.4698050270251568e-05,1.630347171158064e-05,1.4970009548172434e-05,1.694613116560504e-05
1910,1.6643370157301735e-05,1.6417937731603162e-05,1.4919105175633579e-05,1.7060478622443046e-05
1911,1.42829331121498e-05,1.6901567287277432e-05,1.4861047884510803e-05,1.7149275206611492e-05
1912,1.7030328898625966e-05,1.343018881016178e-05,1.484253903399804e-05,1.6148180516029244e-05
1913,1.2852065766411316e-05,1.9203507617930883e-05,1.4732957503211866e-05,1.5810079067887274e-05
1914,1.3785189229464676e-05,1.8677192274481056e-05,1.4629295705607444e-05,1.5612441657867744e-05
1915,1.5819954803899033e-05,1.2373457066132687e-05,1.4610813032858358e-05,1.5878951469494494e-05
1916,1.3914733842991861e-05,1.2479558427003212e-05,1.456985593338484e-05,1.552423562534386e-05
1917,1.4006584699220386e-05,1.004250007099472e-05,1.4634869516966218e-05,1.5764320106245578e-05
1918,1.5662524909000946e-05,3.150708245811984e-05,1.4618548341645186e-05,1.575944887154037e-05
1919,1.6387901762047677e-05,1.416723938746145e-05,1.4544302538625843e-05,1.5192052039492408e-05
1920,1.3178499793866649e-05,1.1001880848198198e-05,1.4472566423258587e-05,1.5714393844245935e-05
1921,1.350925780570833e-05,1.0900632296397817e-05,1.4475145488945093e-05,1.6504508446087126e-05
1922,1.3549451335469105e-05,1.4042134971532505e-05,1.4478916419223726e-05,1.6289405964198523e-05
1923,1.3524514538908584e-05,1.4415356345125474e-05,1.4309327236292623e-05,1.6025318409083408e-05
1924,1.4654600470546737e-05,1.1010062262357679e-05,1.430457904247709e-05,1.584119239269057e-05
1925,1.3021908954316233e-05,1.0598546432447619e-05,1.4142942340307243e-05,1.611355867353268e-05
1926,1.355428852952577e-05,9.841889623203315e-06,1.4233389484029932e-05,1.57653510075761e-05
1927,1.3732038945211874e-05,2.0927082950947805e-05,1.4280061358779976e-05,1.5418232018419072e-05
1928,1.502098159916285e-05,1.6135160185513085e-05,1.4242202889969726e-05,1.5359015703143084e-05
1929,1.5719567005968808e-05,1.9989488937426358e-05,1.4258074203745409e-05,1.528902991558425e-05
1930,1.344233778783948e-05,1.0379829436715227e-05,1.4354567627338431e-05,1.5338005540252194e-05
1931,1.343887632376411e-05,2.5580382571206426e-05,1.4356628598114993e-05,1.4559820090653375e-05
1932,1.5597232534976988e-05,2.4554839910706505e-05,1.4274297176355805e-05,1.4483022633066865e-05
1933,1.4851444146996881e-05,3.1731721537653354e-05,1.4291645724087072e-05,1.488461355183972e-05
1934,1.4792323527217378e-05,1.0925909664365464e-05,1.4360636988809953e-05,1.4893866165948567e-05
1935,1.2403640584024186e-05,9.815748853725381e-06,1.4359094576987747e-05,1.4825277653289958e-05
1936,1.416422826676151e-05,1.2298416877456475e-05,1.441322388838873e-05,1.4806016779039057e-05
1937,1.2989411344379833e-05,2.023934583121445e-05,1.44627475781211e-05,1.4954552082053853e-05
1938,1.511324435947851e-05,1.0498315969016403e-05,1.4471788006873493e-05,1.4910708858224099e-05
1939,1.495198609821576e-05,9.99921754555544e-06,1.442449815545438e-05,1.4947027603921017e-05
1940,1.4873493083642743e-05,1.089304918423295e-05,1.440826948431398e-05,1.4543754191254267e-05
1941,1.4311516687383927e-05,1.0729913738032337e-05,1.4390625292758665e-05,1.4315790867840407e-05
1942,1.6418920289045976e-05,1.1266890687693376e-05,1.428346540504006e-05,1.3919554678432181e-05
1943,1.5714049178414927e-05,1.205244621814927e-05,1.4304809845634737e-05,1.3956225955917037e-05
1944,1.4329616218068017e-05,1.2247302947798744e-05,1.4326810431763687e-05,1.3302839793323075e-05
1945,1.3612213487148337e-05,2.1041653817519545e-05,1.4290703243427239e-05,1.2743453260918613e-05
1946,1.523403942378031e-05,1.1131947649118957e-05,1.4161561120514914e-05,1.1941294212010689e-05
1947,1.3510891039913987e-05,1.2327422155067325e-05,1.4123922660170746e-05,1.2013136825407854e-05
1948,1.4877747323933161e-05,1.393383448885288e-05,1.4228997064977499e-05,1.2010523705976084e-05
1949,1.5892692713855972e-05,1.4723444837727585e-05,1.4165822313710428e-05,1.1979333132330794e-05
1950,1.3247919673125985e-05,9.502465836703777e-06,1.4209511635272066e-05,1.1850591002439614e-05
1951,1.2372042244048013e-05,1.0749858265626244e-05,1.416474336624055e-05,1.1925454737502148e-05
1952,1.3326322166701883e-05,1.0845247634279077e-05,1.4100011490922448e-05,1.1903829644143114e-05
1953,1.4579876810279934e-05,1.0436077100166585e-05,1.4038180025414072e-05,1.1834386356349568e-05
1954,1.304056981300366e-05,1.0083584202220663e-05,1.4040459599750142e-05,1.1837300486513413e-05
1955,1.3975948802706423e-05,1.129661137383664e-05,1.3970656574221924e-05,1.2147932861989826e-05
1956,1.398889097698783e-05,9.245728506357409e-06,1.3910585358502835e-05,1.2058996586711145e-05
1957,1.4694552826565794e-05,1.0570176600595005e-05,1.385002482946018e-05,1.198637112684082e-05
1958,1.1622891074188779e-05,1.1677745314955246e-05,1.382667790110443e-05,1.1612221880932337e-05
1959,1.3851362018613144e-05,1.2721974999294616e-05,1.3762276544245346e-05,1.1638538268744014e-05
1960,1.5030500704192997e-05,9.750420867931097e-06,1.3785375348056226e-05,1.2544938479550185e-05
1961,1.258485948508476e-05,1.1518652536324226e-05,1.3743830456789714e-05,1.237094051029999e-05
1962,1.4081644383420805e-05,1.7020792583934962e-05,1.360448522456055e-05,1.2291709147393703e-05
1963,1.3994037633690621e-05,1.23699093455798e-05,1.3588212679557423e-05,1.2562472812714988e-05
1964,1.3333689215263197e-05,9.458590211579576e-06,1.3629629101018911e-05,1.2707048971788027e-05
1965,1.3327706445933371e-05,9.156966989394277e-06,1.3578308773301413e-05,1.2824132865353022e-05
1966,1.4368506045785681e-05,1.0802766992128454e-05,1.3590009111228736e-05,1.292910312768072e-05
1967,1.467384465084049e-05,1.903270007460378e-05,1.3657306957045673e-05,1.2971253920113668e-05
1968,1.4212268785437725e-05,9.829039336182176e-06,1.3634665408204052e-05,1.319957075029379e-05
1969,1.281560299200161e-05,1.0431666451040656e-05,1.3789417209853938e-05,1.3383774102840108e-05
1970,1.3028540278254594e-05,1.168792266980745e-05,1.3790871131237104e-05,1.3343316434475125e-05
1971,1.3624005502303286e-05,1.1789857344410848e-05,1.3852729642773434e-05,1.362748772080522e-05
1972,1.4088361135185956e-05,3.498742742522154e-05,1.3779007289768845e-05,1.3532089916407131e-05
1973,1.38391250422703e-05,9.583885257598012e-06,1.370004374184646e-05,1.3659279323474036e-05
1974,1.2409061908126912e-05,1.2742660765070468e-05,1.3658009860632271e-05,1.3578369698370807e-05
1975,1.2841106048047854e-05,1.6271557469735854e-05,1.3657782475962047e-05,1.3265889647300357e-05
1976,1.3407452780585219e-05,1.4364262242452241e-05,1.370657942962781e-05,1.3461320655187592e-05
1977,1.2043313973764371e-05,1.377234497340396e-05,1.3653294575083742e-05,1.3697046827292069e-05
1978,1.4872385258463004e-05,1.3060333658359014e-05,1.3610061526479615e-05,1.4313218364259226e-05
1979,1.4723015958427115e-05,1.1137354013044387e-05,1.3619363229776758e-05,1.4238188789749982e-05
1980,1.3409910081665859e-05,1.7004532128339634e-05,1.3495447536519754e-05,1.441558219230501e-05
1981,1.7857686018234947e-05,1.3850812320015393e-05,1.356606392663606e-05,1.4511309569934381e-05
1982,1.4730900861145023e-05,9.558734891470522e-06,1.3547079289613369e-05,1.453717559488723e-05
1983,1.3169353862597038e-05,1.8782027473207565e-05,1.3502597645128843e-05,1.4439359153038822e-05
1984,1.2008303193498351e-05,1.0337029889342376e-05,1.3395884509615522e-05,1.4473992826242465e-05
1985,1.3056412006133339e-05,1.2930156044603791e-05,1.3391593780721047e-05,1.3469635414367078e-05
1986,1.1534012454730044e-05,9.495911908743438e-06,1.3315647953762285e-05,1.343534708576044e-05
1987,1.4075959766665214e-05,9.208791307173669e-06,1.3555214174185594e-05,1.3565269070386423e-05
1988,1.5213961475334751e-05,1.725568454276072e-05,1.3613660299355008e-05,1.3285958422056866e-05
1989,1.2001567851661498e-05,1.5351744514191525e-05,1.3547970543974465e-05,1.3118462107377128e-05
1990,1.2246880230830154e-05,2.4561255413573237e-05,1.3694755027164421e-05,1.2993890563666354e-05
1991,1.4601048628214307e-05,8.927027629397344e-06,1.3577409830516748e-05,1.3101539613853674e-05
1992,1.157595231941539e-05,2.3467535138479435e-05,1.3459995702982675e-05,1.333245197747601e-05
1993,1.597767853834537e-05,1.2222223776916508e-05,1.3408921318801328e-05,1.3272953465639147e-05
1994,1.2340987066434334e-05,1.1078317074861843e-05,1.3141116479123918e-05,1.313207195344148e-05
1995,1.1916499166141471e-05,9.242511623597238e-06,1.3066013036910188e-05,1.3097317170468158e-05
1996,1.095617711447024e-05,1.2655699174501933e-05,1.2984070047807312e-05,1.2746260716812685e-05
1997,1.3981092912824048e-05,9.878492128336803e-06,1.2968699271085724e-05,1.2887027305259833e-05
1998,1.1940479368301263e-05,8.72667704243213e-06,1.294865270837262e-05,1.2762525535072199e-05
1999,1.8398217418709666e-05,1.5990710380719975e-05,1.296474348726204e-05,1.2970744063204617e-05
2000,1.4302259177283203e-05,9.288791261496954e-06,1.2943133949415319e-05,1.2966642731043976e-05
2001,1.1765208896071676e-05,1.0176854375458789e-05,1.2816967101389311e-05,1.2689449937897734e-05
2002,1.5712926053513205e-05,1.0658056380634662e-05,1.2841921299776812e-05,1.2761083390796557e-05
2003,1.193875534227118e-05,1.5751559913042003e-05,1.2886810402414996e-05,1.2370617690612563e-05
2004,1.1787662770075257e-05,1.6910163103602827e-05,1.2809948184035926e-05,1.2549229714204559e-05
2005,1.2133050477132201e-05,1.5517069332418032e-05,1.2866268009626463e-05,1.1991190264234322e-05
2006,1.1162565026299692e-05,1.0328774515073746e-05,1.2763433189603449e-05,1.1890900161233731e-05
2007,1.2853314805801751e-05,8.689865317137447e-06,1.2958872006856837e-05,1.1911668111861218e-05
2008,1.1120779135025157e-05,1.0005616131820715e-05,1.3040703300147372e-05,1.2176889486727307e-05
2009,1.1624033775458681e-05,1.3856194600521121e-05,1.3131746258780675e-05,1.2525905828806572e-05
2010,1.2555247938305709e-05,9.817611789912917e-06,1.3109357713256034e-05,1.2504753741086458e-05
2011,1.1936281926965521e-05,1.4701375112053939e-05,1.3131145002100516e-05,1.2551011682080571e-05
2012,1.3535721320497234e-05,9.106258003157564e-06,1.2901623070744488e-05,1.2727370012726168e-05
2013,1.2059790274684525e-05,1.0325864714104682e-05,1.2838236736408563e-05,1.294029898563167e-05
2014,1.2625422811349078e-05,1.7142580836662092e-05,1.2870253574672258e-05,1.2913113020476885e-05
2015,1.3369107796784698e-05,1.4799612908973359e-05,1.2729647319873844e-05,1.2841381918406115e-05
2016,1.2679493168737585e-05,1.3392328219197224e-05,1.273639197905949e-05,1.3230929130804725e-05
2017,1.29839479591788e-05,9.516548889223486e-06,1.2756467301207722e-05,1.2959707686968614e-05
2018,1.3406808037770033e-05,9.71497120190179e-06,1.2731335721926168e-05,1.2694634300714825e-05
2019,1.7226957497769034e-05,1.1597515840549022e-05,1.2775756598178608e-05,1.2808224569016605e-05
2020,1.3962281498404789e-05,1.5873045995249413e-05,1.277412498998779e-05,1.2904559625894764e-05
2021,1.323225108030278e-05,2.1381107726483605e-05,1.2827412331777547e-05,1.2852294120239094e-05
2022,1.3421379274708064e-05,9.349689935334027e-06,1.2871479793506702e-05,1.2744973633380142e-05
2023,1.2485161589413313e-05,9.883125567284879e-06,1.28440481056815e-05,1.2804555871116462e-05
2024,1.2660169134809015e-05,2.0399668646859935e-05,1.2859400307125828e-05,1.3317039997491518e-05
2025,1.2717600818885128e-05,1.4612015584134496e-05,1.280726493973311e-05,1.3440806719881946e-05
2026,1.2565629852664036e-05,9.497205246589146e-06,1.2965360527838737e-05,1.3749854585330466e-05
2027,1.2197769683552906e-05,8.864778828865383e-06,1.2899026421655436e-05,1.3804475787037517e-05
2028,1.2107371821912238e-05,2.5490240223007276e-05,1.2802900530126259e-05,1.3702011026907711e-05
2029,1.228954582378113e-05,1.0129627007700037e-05,1.2813777994678176e-05,1.3679875653178899e-05
2030,1.150476099509332e-05,8.890234676073306e-06,1.2746571218061341e-05,1.3640063752245624e-05
2031,1.2273086932610669e-05,1.3168531222618184e-05,1.2707822953638648e-05,1.3681584160076455e-05
2032,1.2812524601031327e-05,1.1098241739091463e-05,1.2502198795603666e-05,1.3554970652330669e-05
2033,1.2452962679769069e-05,8.698978490428999e-06,1.2470649864877085e-05,1.3585887150838974e-05
2034,1.272572031868751e-05,1.1173182429047301e-05,1.240882509535166e-05,1.3277424400439488e-05
2035,1.1869455742675604e-05,1.1307167733320967e-05,1.2566412041148097e-05,1.3292574082151988e-05
2036,1.2320086963073765e-05,2.751347827143036e-05,1.2543447537447924e-05,1.321880003088154e-05
2037,1.2232337135679295e-05,1.2200426062918268e-05,1.2494328182462296e-05,1.284087540698238e-05
2038,1.6012179977325207e-05,1.805206135031767e-05,1.2419171809758865e-05,1.2729542126180605e-05
2039,1.0967070156766568e-05,1.8508110879338347e-05,1.2387292772715836e-05,1.2857323160278611e-05
2040,1.0965960508555226e-05,1.2237993905728217e-05,1.2345213983078594e-05,1.3001927666482517e-05
2041,1.2951429782535544e-05,1.2838943875976838e-05,1.2333751787405671e-05,1.2457332214398775e-05
2042,1.1303778543757896e-05,8.521251365891659e-06,1.230597155340042e-05,1.2831733236089348e-05
2043,1.2438101427202734e-05,1.0752981397672556e-05,1.2255736964855009e-05,1.2842621961317489e-05
2044,1.2086353546894518e-05,8.432178146904334e-06,1.2213377788066282e-05,1.2688512142631224e-05
2045,1.3173558230240208e-05,1.664595845795702e-05,1.2178996340056376e-05,1.3182831497397272e-05
2046,1.1686631842167116e-05,1.3669538966496474e-05,1.2285721693519412e-05,1.3297066041559447e-05
2047,1.7361052919618993e-05,9.728431978146546e-06,1.2259985018843307e-05,1.3193055565352552e-05
2048,1.1911048996909005e-05,8.038774285523687e-06,1.2307962966911466e-05,1.3528233973192981e-05
2049,1.1432185260168302e-05,1.0951553049380891e-05,1.2284105203919653e-05,1.2960531494172754e-05
2050,1.0838691501299359e-05,1.182868356409017e-05,1.2274543757505143e-05,1.3172674887755419e-05
2051,1.1768653926588336e-05,1.2691731099039316e-05,1.2104304495894918e-05,1.2851540175324771e-05
2052,1.1145799942621832e-05,1.2479891483963002e-05,1.214847467086252e-05,1.244321445992682e-05
2053,1.1820816930089172e-05,1.1875353920913768e-05,1.2197843553925244e-05,1.2302151587209663e-05
2054,1.1595039973649868e-05,1.9489652549964377e-05,1.2138978445000248e-05,1.2504840578185395e-05
2055,1.0248896281458049e-05,9.162452806776855e-06,1.2131868082441441e-05,1.2511842997628262e-05
2056,1.1214107512892547e-05,9.315785755461547e-06,1.2151295499966686e-05,1.244171755388379e-05
2057,1.19529884007837e-05,2.3456225608242676e-05,1.2138432834035486e-05,1.2634469574550167e-05
2058,1.5121096516344955e-05,1.155484209448332e-05,1.2080067585257995e-05,1.255063143617008e-05
2059,1.2082303451784861e-05,8.572920523874928e-06,1.2106880795585717e-05,1.2907118018483743e-05
2060,1.3068904444379668e-05,1.9686627929331735e-05,1.1912478775532995e-05,1.3142020333907568e-05
2061,1.1723642888278441e-05,1.3320916295924689e-05,1.1924287097725838e-05,1.4175884884025435e-05
2062,1.199330097531654e-05,1.750401090248488e-05,1.1944300765106974e-05,1.4056389212782962e-05
2063,1.1756198437069543e-05,1.0023693539551459e-05,1.1981661942829508e-05,1.448385440016864e-05
2064,1.2071324530956594e-05,8.29996799438959e-06,1.2026835374611743e-05,1.4794549917860424e-05
2065,1.2200182585123305e-05,8.711422087799293e-06,1.2025588551073775e-05,1.4724730703164822e-05
2066,1.1479802059410657e-05,1.7906168650370092e-05,1.2027502942025117e-05,1.463448702415917e-05
2067,1.1126019479787727e-05,8.6963118519634e-06,1.2025727371413573e-05,1.4297754697327034e-05
2068,1.2923786865333872e-05,8.999845304060728e-06,1.2023434948706483e-05,1.450209995382465e-05
2069,1.1764786898614451e-05,1.3250978663563728e-05,1.198361873697043e-05,1.45208494446706e-05
2070,1.1714427010802966e-05,1.4550004998454824e-05,1.1996083999312961e-05,1.4194117361330423e-05
2071,1.2356962100360155e-05,2.2581703524338083e-05,1.1808154485050989e-05,1.4057137153577057e-05
2072,1.250100241830094e-05,1.5600989863742144e-05,1.1753967444019507e-05,1.4221681145136244e-05
2073,1.2206257051730063e-05,3.3885388038470407e-05,1.1660353270094168e-05,1.3752523534640204e-05
2074,1.1932526944696696e-05,7.964161268319003e-06,1.1680905965962057e-05,1.3604706911428366e-05
2075,1.1772720944362745e-05,2.2515313248732126e-05,1.1720323553890919e-05,1.434033818222815e-05
2076,1.2897989721144162e-05,2.0459119041333907e-05,1.1796206908992542e-05,1.4315527715370989e-05
2077,1.1114629354172696e-05,1.0734411116573028e-05,1.1897947439218921e-05,1.4365148011711427e-05
2078,1.1868676703872754e-05,9.61926194577245e-06,1.1785135136354558e-05,1.4648396951088217e-05
2079,1.1550650708361193e-05,1.107134437916102e-05,1.1771849099184489e-05,1.431723618588876e-05
2080,1.0191585713780822e-05,1.42710842192173e-05,1.1767219305248645e-05,1.4482160774059592e-05
2081,1.0218702219491307e-05,9.784523026610259e-06,1.1665425204248296e-05,1.4503783665713854e-05
2082,1.2264619959346924e-05,1.528792352473829e-05,1.1641348607534181e-05,1.4328122550796253e-05
2083,1.0422858659795667e-05,8.130336900649127e-06,1.1621711369823768e-05,1.4142982476914768e-05
2084,1.0727627425997829e-05,1.2686520312854554e-05,1.1539759067495147e-05,1.367327579500852e-05
2085,1.0728550096246181e-05,7.957687666930723e-06,1.1506289097451371e-05,1.337586093432037e-05
2086,1.2237460284975694e-05,9.625500715628733e-06,1.1382547195535152e-05,1.2644947120861617e-05
2087,1.297874067353809e-05,3.589479267247953e-05,1.1397723065682737e-05,1.2744165257026906e-05
2088,1.3653282314610098e-05,9.403431868122425e-06,1.1355586813361797e-05,1.229261857806705e-05
2089,1.4614837786616085e-05,9.540475402900484e-06,1.1253841854179174e-05,1.2062164640519768e-05
2090,9.379875013514216e-06,1.5792645572219045e-05,1.1404228900856753e-05,1.2380416403175331e-05
2091,1.1147651130158919e-05,9.627149520383682e-06,1.1391317632175436e-05,1.2303311287541874e-05
2092,1.1010274631391641e-05,1.2819426556234248e-05,1.152657694854295e-05,1.2275608506752177e-05
2093,1.0378934340325132e-05,9.540417595417239e-06,1.1554281027767704e-05,1.2149129369936418e-05
2094,1.116287198076154e-05,8.859450790623669e-06,1.1634954441655685e-05,1.2179448593815323e-05
2095,1.122349606804265e-05,9.92150315141771e-06,1.1603462576588046e-05,1.1914644653734287e-05
2096,1.030815454214462e-05,1.083903647668194e-05,1.1636687410080211e-05,1.194080436398508e-05
2097,1.1664253167206576e-05,8.165618346538395e-06,1.1639859890500603e-05,1.1913227244804147e-05
2098,9.11270950382459e-06,1.5612542702001518e-05,1.1666688811722754e-05,1.2238577255629933e-05
2099,1.2311923698386333e-05,1.044461467245128e-05,1.1710932921010278e-05,1.2154609571734908e-05
2100,1.0719314636339227e-05,1.1226646274735685e-05,1.1633402593401521e-05,1.1031494893541092e-05
2101,1.0354365741578578e-05,1.4697770602651871e-05,1.1516812838575182e-05,1.0951615998055784e-05
2102,1.4874305521112143e-05,1.869070518296212e-05,1.1360008068246922e-05,1.1041107731580267e-05
2103,1.1545894986839914e-05,7.691634054936003e-06,1.1465052714225344e-05,1.0756286529067435e-05
2104,1.493213361754897e-05,1.0378774859418627e-05,1.1483430964290164e-05,1.0882126173237336e-05
2105,1.088418769439967e-05,1.1109105798823293e-05,1.1500004820603257e-05,1.0701812776096629e-05
2106,1.223553756669086e-05,1.0542503623582889e-05,1.1463622971011015e-05,1.1045456785359419e-05
2107,1.1477323332655943e-05,8.66782502271235e-06,1.1418339037886148e-05,1.1171094793826338e-05
2108,1.1253479497099761e-05,8.784329656918998e-06,1.1399087120015692e-05,1.1074109034962018e-05
2109,1.0806939436507592e-05,1.1997092333331238e-05,1.1392021198844304e-05,1.1083689876249987e-05
2110,1.1399273126800026e-05,1.6091437937575393e-05,1.1398576622256467e-05,1.1064965208061039e-05
2111,1.3343563017163736e-05,7.526308618253097e-06,1.1495242466238174e-05,1.0767474040039814e-05
2112,1.1040482483319163e-05,7.81692571763415e-06,1.1421289017986663e-05,1.1439852873445488e-05
2113,1.0738538443951661e-05,7.406459480989725e-06,1.1616799536891957e-05,1.1324253944621887e-05
2114,1.0694718528409592e-05,1.177776874101255e-05,1.1563575782201954e-05,1.118465622275835e-05
2115,1.2005991162974776e-05,8.672115509398281e-06,1.1604306489526708e-05,1.1235021743050314e-05
2116,1.1607107381779417e-05,1.2773140624631197e-05,1.1620286109003551e-05,1.1876179440878332e-05
2117,1.1424621039218942e-05,8.311591627716553e-06,1.1524209184103206e-05,1.185569971712539e-05
2118,9.469388100519104e-06,1.8131517826986965e-05,1.1544437220921585e-05,1.1780729510064704e-05
2119,1.0030773652639862e-05,1.2000401002296712e-05,1.1536012617499284e-05,1.1704765091417358e-05
2120,1.0742198121281237e-05,7.496859179809689e-06,1.1507999988114333e-05,1.1669340678781736e-05
2121,1.013150651285994e-05,1.1078557508881205e-05,1.147345682353868e-05,1.233219185087364e-05
2122,1.1828138752510616e-05,7.697501641814597e-06,1.1507471869036737e-05,1.2196349234727674e-05
2123,1.1529355603367246e-05,8.175263501470908e-06,1.1432718280007573e-05,1.2056577502517025e-05
2124,1.0463087492098566e-05,2.725408550759312e-05,1.1278129058983826e-05,1.2318293347198046e-05
2125,1.5607077608971548e-05,8.33667305414565e-06,1.1238937049185756e-05,1.2300871072511651e-05
2126,9.023771874328507e-06,1.1207827556063422e-05,1.125953460505116e-05,1.2410567638289645e-05
2127,1.5892573204231062e-05,1.994984319026116e-05,1.1427167448790798e-05,1.2276178400497878e-05
2128,1.1945385473760931e-05,2.3720576500636525e-05,1.1420287203185986e-05,1.2498447499820026e-05
2129,1.253021049504039e-05,9.866781765595078e-06,1.1357495234309077e-05,1.2684815906686705e-05
2130,1.1389888614859148e-05,9.234850622306113e-06,1.1327109009370261e-05,1.2652959594561249e-05
2131,1.2024922481133317e-05,8.643393157399259e-06,1.1358716543084787e-05,1.225009386107558e-05
2132,1.0777007598032165e-05,7.782214706821833e-06,1.1339715368942255e-05,1.2270765799621581e-05
2133,1.0389900382708422e-05,2.5355608959216624e-05,1.130360848765122e-05,1.2287243906757792e-05
2134,1.1657315573959043e-05,8.60102692968212e-06,1.1370763233895157e-05,1.21415679983329e-05
2135,9.530433401070898e-06,1.259714463230921e-05,1.1275941353556442e-05,1.2368159208563155e-05
2136,9.478832491570049e-06,1.4069204735278617e-05,1.1265378415151241e-05,1.2927639923873355e-05
2137,1.0060682238367412e-05,7.381368850474246e-06,1.1262292274558503e-05,1.2158022660878483e-05
2138,1.1253477340586768e-05,1.0148873625439592e-05,1.1049115806801838e-05,1.2118975249177308e-05
2139,1.4885539621900535e-05,8.418037796218413e-06,1.111679891093647e-05,1.3315548734681214e-05
2140,1.18339850228545e-05,1.4228842992451974e-05,1.096203728173148e-05,1.283978032588493e-05
2141,1.0037308159856669e-05,1.7432350796298123e-05,1.085383363186136e-05,1.2229010846931488e-05
2142,1.0664965415748561e-05,7.515183824580163e-06,1.0764572103653336e-05,1.2774280062876642e-05
2143,1.025957644338228e-05,8.059874489845243e-06,1.0758721375411067e-05,1.2681704451097174e-05
2144,9.555744299076549e-06,1.251719946594676e-05,1.0697052184453547e-05,1.2666731799254194e-05
2145,9.839526089005327e-06,7.908811858214903e-06,1.065563047312834e-05,1.3236428979143965e-05
2146,1.1810375168958368e-05,7.4366597982589155e-06,1.076522426689432e-05,1.2671951286029072e-05
2147,9.457591744042778e-06,1.3362281897570938e-05,1.0722687335186898e-05,1.2726421293336896e-05
2148,1.1265282143237225e-05,2.2162281384225933e-05,1.0726249438367734e-05,1.260079191124532e-05
2149,1.0385933977280123e-05,8.013653932721354e-06,1.0747751299479408e-05,1.2322402495192362e-05
2150,1.0277665915054967e-05,7.360487761616241e-06,1.0825823316069243e-05,1.2667334984871557e-05
2151,1.0715849477694267e-05,4.1122164693661036e-05,1.083650709705479e-05,1.2781262291537131e-05
2152,1.2023532474106308e-05,8.055632970354053e-06,1.0625404541335432e-05,1.2756435724440962e-05
2153,9.240294227007932e-06,8.451339526800439e-06,1.0539383500791802e-05,1.2683689361438154e-05
2154,1.029867228983979e-05,2.349851216422394e-05,1.0491836418320116e-05,1.2382932945911308e-05
2155,1.1243620408802397e-05,6.920460327819455e-06,1.0515506084225815e-05,1.2476585077820348e-05
2156,1.0483192707195283e-05,8.26907686132472e-06,1.0563458731404456e-05,1.2440063660324087e-05
2157,9.741464814902024e-06,2.2024644204066134e-05,1.0620844293589472e-05,1.2229973402281758e-05
2158,1.3129745226857873e-05,1.124366663134424e-05,1.064963461645271e-05,1.2209539515606594e-05
2159,1.0593892281273535e-05,9.962777112377807e-06,1.0588748053689617e-05,1.231454108201433e-05
2160,9.619485980591788e-06,9.45641008001985e-06,1.0632212152187196e-05,1.2089575904246886e-05
2161,1.001637901936192e-05,7.109469333954621e-06,1.0539189750529153e-05,1.1527977106743493e-05
2162,1.2012482653113288e-05,1.600468109245412e-05,1.0588903258515832e-05,1.1517838232975918e-05
2163,1.152057186522547e-05,1.2997056292078923e-05,1.0542645650518049e-05,1.1596677933994214e-05
2164,9.607975728916547e-06,7.797373618814164e-06,1.0513168233996515e-05,1.0420051087567116e-05
2165,9.683459009263768e-06,1.24101839173818e-05,1.0405364021021845e-05,1.0521535003499593e-05
2166,8.84863109806449e-06,9.913440408126917e-06,1.058561980050096e-05,1.1326025384187234e-05
2167,1.1256707063391029e-05,9.856487122306134e-06,1.0637976056750631e-05,1.0769517032895238e-05
2168,1.14583926228483e-05,7.146839052438736e-06,1.0678489133473098e-05,1.0837597206409555e-05
2169,1.0990383353701974e-05,7.264943014888559e-06,1.0727689927039641e-05,1.1111494641227184e-05
2170,1.0559284160586281e-05,7.397964691335801e-06,1.0742981136960831e-05,1.0706805897643792e-05
2171,1.0288211099881057e-05,1.0061698958452325e-05,1.069719940205687e-05,1.0629056477046107e-05
2172,1.054419420648224e-05,7.738152453384827e-06,1.0663739310095683e-05,1.0625321898260155e-05
2173,8.939722101786174e-06,8.122311446641107e-06,1.0658184402079012e-05,1.0524053074186669e-05
2174,1.1628771676947104e-05,7.760182088532019e-06,1.065292827050952e-05,1.0791379342845177e-05
2175,9.121225715110388e-06,9.331480287073646e-06,1.0566017580438509e-05,1.1199761640455109e-05
2176,9.978914064655934e-06,1.1706493532983586e-05,1.0498466099347249e-05,1.1085921488120223e-05
2177,9.328427149739581e-06,1.0592730868665967e-05,1.0462627814397114e-05,1.1054012611566577e-05
2178,1.3746688713985754e-05,2.8563599043991418e-05,1.054250214931219e-05,1.0877645479922648e-05
2179,1.160757869608157e-05,9.585803381924051e-06,1.0711772080362103e-05,1.0844424543029163e-05
2180,1.2256447326864063e-05,8.622464665677399e-06,1.0662121928099724e-05,1.072017645201413e-05
2181,1.1713212546358893e-05,1.5116512731765396e-05,1.0625258420380608e-05,1.071330398117425e-05
2182,1.0123745062931752e-05,1.1907425614481326e-05,1.0583967697877798e-05,1.0707237073802388e-05
2183,1.1985201854258776e-05,9.29993111640215e-06,1.0566732579819573e-05,1.0961371220764703e-05
2184,9.757389982243896e-06,9.869412642729004e-06,1.0533887313795275e-05,1.1703351319010832e-05
2185,9.48061328017502e-06,6.924689478182699e-06,1.0596285324653662e-05,1.1695392083493059e-05
2186,9.884975730124602e-06,1.3792626050417312e-05,1.059031972706887e-05,1.1961833490931892e-05
2187,9.839715401338052e-06,2.6214238532702437e-05,1.0530202511533085e-05,1.2211378000210968e-05
2188,9.831784837943915e-06,1.0151052483706735e-05,1.0566985597041721e-05,1.2396455100679303e-05
2189,8.712018605163192e-06,6.999651704973076e-06,1.054972892387822e-05,1.237789007864194e-05
2190,1.1680317382140654e-05,8.001005626283587e-06,1.0593863707456169e-05,1.229106151877204e-05
2191,1.308037937431234e-05,9.08291698578978e-06,1.039530406766668e-05,1.151451426121639e-05
2192,1.0015453256831581e-05,6.750284846930299e-06,1.0317247494377726e-05,1.1435499995423014e-05
2193,1.0536804929870413e-05,6.9750272814417255e-06,1.0199634798199339e-05,1.1513015843229367e-05
2194,9.958115291131737e-06,7.113270330592059e-06,1.0095748224840566e-05,1.1268268544517921e-05
2195,1.0128406209130642e-05,1.3751318365393672e-05,1.0086457610264512e-05,1.1148415169736835e-05
2196,9.46707944927362e-06,2.8611201414605603e-05,9.99566576311837e-06,1.106026575580472e-05
2197,1.2104144477941898e-05,7.539171565440483e-06,9.997000561876727e-06,1.0973479678796138e-05
2198,8.790582162166376e-06,1.4783346632611937e-05,9.968697361465376e-06,1.110722209123196e-05
2199,1.012584128855249e-05,1.399879482050892e-05,9.952077621346688e-06,1.09161179541843e-05
2200,1.0040802852826245e-05,1.395840779878199e-05,1.0039674850405489e-05,1.0128984968469014e-05
2201,9.547497235568395e-06,1.1242367982049473e-05,9.999306972774017e-06,9.98627317894716e-06
2202,1.0431796739188333e-05,8.422016871918459e-06,9.996616840079595e-06,1.001554223475978e-05
2203,8.782697719248567e-06,9.1499176051002e-06,9.925826162402195e-06,1.0139750300731976e-05
2204,9.656164363857696e-06,7.61044673708966e-06,9.782815467729557e-06,1.0275075552635827e-05
2205,9.316129922404393e-06,1.0560360860836227e-05,9.740116257348242e-06,1.0534876790188721e-05
2206,9.116048212389514e-06,8.997830263979267e-06,9.807201652155428e-06,1.0889763846353165e-05
2207,9.891479698530424e-06,8.91109124495415e-06,9.830731744578873e-06,1.1038429933250884e-05
2208,9.715405675605224e-06,7.096195768099278e-06,9.806459320235362e-06,1.1020632542204114e-05
2209,9.790759951202845e-06,7.699760717514436e-06,9.886205101833588e-06,1.0234707030758729e-05
2210,8.77303326989123e-06,1.0268249789078253e-05,9.798807077580325e-06,1.0343664162792267e-05
2211,9.469482227157439e-06,9.01502262422582e-06,9.822182509823405e-06,1.0387994235497902e-05
2212,1.2029646127808115e-05,6.535913889820222e-06,9.794415142702444e-06,1.017015937541146e-05
2213,8.822587897157064e-06,6.583257745660376e-06,9.788456674100923e-06,9.92123249161523e-06
2214,8.644765287802632e-06,7.731378100288565e-06,9.773648875246487e-06,1.0011762293288486e-05
2215,9.91055044020565e-06,1.110620727558853e-05,9.700282650535681e-06,1.0053606417204722e-05
2216,9.505112007496387e-06,1.2466048283386043e-05,9.736299332709879e-06,9.95542503806064e-06
2217,8.94797299729867e-06,1.324531578575261e-05,9.778382022179558e-06,1.0199443111196161e-05
2218,1.2213939800050058e-05,1.5847203685552812e-05,9.80285963612712e-06,1.0195702542841901e-05
2219,1.0546367601717873e-05,1.082992250303505e-05,9.80041015662007e-06,1.0132324466394493e-05
2220,9.521595600542948e-06,1.3306383589224425e-05,9.786081478604399e-06,1.0322338749392656e-05
2221,1.1460723989229235e-05,8.96306362847099e-06,9.80822688717227e-06,1.038954871110036e-05
2222,9.919193871610332e-06,1.0263099866278936e-05,9.839631171214732e-06,1.0358161951444344e-05
2223,9.374967968243356e-06,1.5891598450252787e-05,9.905816393115353e-06,1.021197721202043e-05
2224,9.43165711052845e-06,8.552923318347894e-06,9.950785696613215e-06,1.0197076286567608e-05
2225,9.891841137788206e-06,7.735235703876242e-06,9.799920684599782e-06,1.0214381140394835e-05
2226,9.177302264207457e-06,1.350561302388087e-05,9.877107333805827e-06,1.0201035220961787e-05
2227,8.597641121418242e-06,9.468119969824329e-06,1.0000381270381494e-05,1.0422167341312163e-05
2228,9.683114773603545e-06,6.6953831264982e-06,9.991707939237434e-06,1.0253654547705084e-05
2229,1.0708231600599699e-05,1.3710898565477692e-05,9.99253301997669e-06,1.0069225087499947e-05
2230,9.928070271093424e-06,1.0466846651979722e-05,1.0095645744715713e-05,9.941654805879808e-06
2231,9.054811224713276e-06,7.413378352794098e-06,1.0003867912746499e-05,9.570115381939105e-06
2232,9.533262748138642e-06,1.3661448319908231e-05,9.88256659636843e-06,9.867717471934154e-06
2233,1.0269040889801949e-05,8.776444810791872e-06,9.855123851027908e-06,9.736275653267512e-06
2234,1.0575867052264382e-05,6.915091726114042e-06,9.813941594135636e-06,9.726605036848923e-06
2235,1.0427663817406736e-05,6.61363130348036e-06,9.803899300701838e-06,9.619723317882744e-06
2236,1.0593714814604026e-05,8.642499487905297e-06,9.851192644257227e-06,9.919645787886113e-06
2237,8.25802082747234e-06,6.968535235500894e-06,9.8837859270538e-06,1.0057235418207712e-05
2238,1.0752254127308132e-05,6.249609759834129e-06,9.838687250238661e-06,1.003233853625716e-05
2239,1.1726613702194299e-05,1.3259681109047961e-05,9.838765639708275e-06,9.815766089741376e-06
2240,9.693717161604178e-06,6.8933874354115684e-06,9.892554213163544e-06,9.801473856350642e-06
2241,9.525739025977802e-06,7.855311778257602e-06,9.950059857591338e-06,9.79583012740477e-06
2242,1.1525791115774255e-05,1.0056058745249174e-05,9.994946664260672e-06,9.525074017437874e-06
2243,9.919494000819719e-06,6.558718087035231e-06,1.0172536152175677e-05,9.38775425820495e-06
2244,7.513834692266149e-06,1.8269974752911366e-05,1.0203669760893617e-05,9.642862006148788e-06
2245,8.835526967029889e-06,1.0020338122558314e-05,1.0148931634951927e-05,9.368867323792074e-06
2246,1.0431167566922442e-05,8.721298218006269e-06,1.0070200027257672e-05,9.511434928572272e-06
2247,9.66813653576537e-06,7.591056892124471e-06,1.010916038568313e-05,9.504767569160322e-06
2248,1.0557301557128085e-05,2.3389660200336947e-05,1.0040971874049222e-05,9.494673035078448e-06
2249,1.0246489180442749e-05,1.1992664076387882e-05,9.99420576764452e-06,9.429287839884637e-06
2250,8.76437421740977e-06,7.112813655112405e-06,1.006756140389674e-05,9.435009248409188e-06
2251,9.179262000947752e-06,8.091301860986278e-06,9.993546919738746e-06,9.521120861609233e-06
2252,9.942355457800053e-06,9.110814135055989e-06,9.864174609214793e-06,9.278704764437862e-06
2253,1.1120755884298383e-05,6.554289902851451e-06,9.937848938392968e-06,9.664067388803235e-06
2254,1.1830401767333065e-05,6.94199581630528e-06,9.971255691602387e-06,9.627161189564505e-06
2255,1.4367807468968547e-05,7.033852671156637e-06,9.946174445131975e-06,9.531290430459193e-06
2256,9.8331514426617e-06,1.3791072051390074e-05,9.891245764124001e-06,9.546192426932976e-06
2257,8.164809599596387e-06,6.811581260990351e-06,9.95124790416513e-06,9.225898617296479e-06
2258,8.300750697445538e-06,1.23406349302968e-05,1.0013993621153833e-05,9.091926713881548e-06
2259,1.1549876012900819e-05,6.74840774081531e-06,9.941841664597936e-06,8.998965214414057e-06
2260,8.722951026559005e-06,6.361267951433547e-06,9.942391813496621e-06,8.94228867982747e-06
2261,9.424562154486516e-06,7.007869608059991e-06,9.883130619790691e-06,8.256049033661839e-06
2262,1.0091911733777831e-05,7.111570448614657e-06,9.953130040068775e-06,8.038191604282474e-06
2263,8.901892023358313e-06,8.402400089835282e-06,9.946369014424919e-06,8.140821340930415e-06
2264,8.492305939095483e-06,7.1992786797636655e-06,9.95660884129595e-06,8.116223855904536e-06
2265,1.153557539105855e-05,1.6527453044545837e-05,1.0005915258322299e-05,8.416614201996709e-06
2266,1.036090785621329e-05,6.9326567972893825e-06,1.00525955098015e-05,8.419617621257203e-06
2267,1.0898759954013965e-05,7.659289767616429e-06,9.926831436961139e-06,8.43387310669641e-06
2268,8.546276975620357e-06,6.931267998879775e-06,9.665583750352703e-06,8.67633044181275e-06
2269,9.013888193294407e-06,1.0262629511998967e-05,9.613848372019775e-06,8.505201803200179e-06
2270,1.0404169891747491e-05,6.671040537185035e-06,9.688535801817325e-06,8.649457548017379e-06
2271,8.62736865302496e-06,6.397260731318965e-06,9.693913586104625e-06,8.499615597975206e-06
2272,9.681890258232469e-06,6.1741435274598185e-06,9.547046901004958e-06,8.723383127653505e-06
2273,9.075771714479844e-06,6.233669046196155e-06,9.53673729980235e-06,8.795514865778387e-06
2274,1.1996474687394867e-05,6.54622834190377e-06,9.486162011024944e-06,8.778768291813322e-06
2275,8.595348576313376e-06,9.678557071310933e-06,9.396341944334887e-06,8.808606419188437e-06
2276,9.435257672723513e-06,7.4763647353393025e-06,9.342191698912454e-06,8.74890695558861e-06
2277,1.1175015883458805e-05,1.6620572787360287e-05,9.377688120326235e-06,8.821402637840946e-06
2278,1.2287762171278397e-05,6.629375384363812e-06,9.342384282677409e-06,8.503167480375849e-06
2279,8.686299946324046e-06,7.298382952285465e-06,9.319704474667864e-06,8.847298533510182e-06
2280,7.836615303757653e-06,1.309528604906518e-05,9.372020496205854e-06,9.516238187643466e-06
2281,8.53976698433851e-06,9.512856086075772e-06,9.500455111143918e-06,9.73814724056865e-06
2282,1.0031995344535164e-05,1.0417974881420377e-05,9.500207374003368e-06,1.0151715421670815e-05
2283,8.435195304627996e-06,8.594586179242469e-06,9.46294737849611e-06,1.0174497586558572e-05
2284,7.878208885409144e-06,1.2342595982772764e-05,9.494142466064659e-06,1.0959727942827156e-05
2285,8.465210996493827e-06,8.16456140455557e-06,9.480700499948906e-06,1.1029071938537528e-05
2286,8.160179935051322e-06,6.5892052589333615e-06,9.482107004563056e-06,1.1045285726868315e-05
2287,7.846410066526409e-06,7.857523632992524e-06,9.306529618778667e-06,1.1089258758875074e-05
2288,7.548135887797495e-06,6.909913499839604e-06,9.286938825122585e-06,1.111564831517171e-05
2289,9.379716474440001e-06,9.011670736072119e-06,9.284276279059766e-06,1.1389240600692575e-05
2290,1.0652979449837908e-05,8.571574107918423e-06,9.205653119837126e-06,1.1433077741821763e-05
2291,9.79391265597466e-06,1.5535933125647717e-05,9.053677978590711e-06,1.1456988473946694e-05
2292,1.2206660492463722e-05,2.4382781120948493e-05,9.083054312173366e-06,1.1500862940738443e-05
2293,1.175714234907193e-05,1.2478994322009384e-05,9.108080592462405e-06,1.1262064668699166e-05
2294,9.007694764780656e-06,2.0601834039553067e-05,9.15371879325701e-06,1.2092304065299688e-05
2295,9.472670004066054e-06,7.2405946593789845e-06,9.157138414391538e-06,1.1920753077720293e-05
2296,9.407245842238707e-06,2.6028019638033582e-05,9.156367498467769e-06,1.1894663913699335e-05
2297,9.345841105338574e-06,7.907743420219049e-06,9.15271151021039e-06,1.176869702903787e-05
2298,9.110934329833577e-06,6.63901375446585e-06,9.302502001284868e-06,1.2005893433524765e-05
2299,7.6070400427852296e-06,7.645554142072797e-06,9.343971514155985e-06,1.1988936823036056e-05
2300,8.105578734911332e-06,1.033829597872682e-05,9.393343122549897e-06,1.1920859288511566e-05
2301,9.368694021153109e-06,1.4316171873360872e-05,9.432735335455314e-06,1.1890784253773749e-05
2302,9.209436902892777e-06,1.7716501315589994e-05,9.379637367278015e-06,1.1982050696678927e-05
2303,8.488383640118021e-06,7.227143687487114e-06,9.292464372790872e-06,1.1882296820112972e-05
2304,9.420708285890416e-06,8.39524462207919e-06,9.232769538478656e-06,1.1496255285601365e-05
2305,8.462272310983583e-06,7.12532924808329e-06,9.174236498559672e-06,1.097516699010157e-05
2306,9.680722004203644e-06,3.026884100108873e-05,9.150877265266094e-06,1.0767303739703494e-05
2307,1.0117485872898316e-05,6.129200191935524e-06,9.187569174213829e-06,1.023868205738836e-05
2308,8.415922406533758e-06,7.942357078718488e-06,9.11145670518939e-06,1.0253469823510388e-05
2309,7.786809178974687e-06,9.193423866236116e-06,9.127931414291703e-06,9.790109346795363e-06
2310,1.2209973273355799e-05,1.4094471516727936e-05,9.147280658847497e-06,9.951939411985223e-06
2311,9.196917756829256e-06,6.165289996715728e-06,9.145496963093239e-06,1.0095625979738543e-05
2312,9.080700276374248e-06,6.155585269880248e-06,9.202123469003709e-06,1.023861849316745e-05
2313,8.53294121043291e-06,6.158037631394109e-06,9.25372889897618e-06,1.0318822759290924e-05
2314,8.052267270007482e-06,1.1293331808701624e-05,9.254755340710594e-06,1.0033096159895647e-05
2315,8.473654587659338e-06,6.077727193769533e-06,9.192448306324273e-06,9.565601264330326e-06
2316,8.301541798169233e-06,5.884894762857584e-06,9.31306973806285e-06,9.529124997789039e-06
2317,1.0743334494489116e-05,1.1355573733453638e-05,9.336243369842931e-06,9.619011425820646e-06
2318,1.1173161516732458e-05,7.282413062057458e-06,9.37919814099991e-06,9.731358474527952e-06
2319,9.924992488474042e-06,7.386291981674731e-06,9.334177857292361e-06,8.765547535585939e-06
2320,7.5698582784550835e-06,7.610288812429644e-06,9.26875662820142e-06,8.774334444024132e-06
2321,9.819113569796576e-06,1.444400772015797e-05,9.34763100635286e-06,8.797533479810224e-06
2322,9.829572219233443e-06,1.1953495049965569e-05,9.561892203782916e-06,8.748809027019886e-06
2323,9.066341935977108e-06,1.0231177948298863e-05,9.433982996900642e-06,8.835720030765514e-06
2324,9.022702690546996e-06,1.1220366977795494e-05,9.490081516964385e-06,8.884404675336555e-06
2325,9.395714484223087e-06,1.2343402631813661e-05,9.485867667778316e-06,8.885868453944569e-06
2326,9.394355064513446e-06,7.173006888478995e-06,9.457710328085037e-06,8.878930601349566e-06
2327,7.651761043234728e-06,6.029128926456906e-06,9.47402716774377e-06,8.69346358522307e-06
2328,1.1503919433582471e-05,6.315237023954978e-06,9.498572001434189e-06,8.860894972167442e-06
2329,1.0000049080392475e-05,1.0642405322869309e-05,9.507183854051013e-06,8.848713545739882e-06
2330,9.536141589908058e-06,9.934005465765949e-06,9.507480237759108e-06,8.770002863457192e-06
2331,8.555214911514971e-06,6.1235675275383985e-06,9.378589315989907e-06,9.093520350143081e-06
2332,8.48195514562475e-06,6.3488729028904346e-06,9.357118892755047e-06,9.087869521317773e-06
2333,1.0387781860319794e-05,8.522332973370794e-06,9.354233930854306e-06,9.060502453212393e-06
2334,1.3143339114726081e-05,7.975312546477654e-06,9.283853108354376e-06,8.91779148732894e-06
2335,9.012243101298938e-06,1.6267246610368603e-05,9.257826504633864e-06,8.79819608599064e-06
2336,1.0599380758422841e-05,7.382406110991724e-06,9.201712024696462e-06,9.048278639238563e-06
2337,8.975354046722512e-06,6.192179735080572e-06,9.187310977500197e-06,8.996727743215162e-06
2338,7.82900771810091e-06,5.9845913165190725e-06,9.173314553744503e-06,8.962017164594727e-06
2339,8.460188261475803e-06,6.656656405539252e-06,9.194515399030932e-06,9.121801664150552e-06
2340,9.087275429919828e-06,1.0263511867378839e-05,9.253746999638679e-06,9.399796676734695e-06
2341,8.516838113589781e-06,5.580359102168586e-06,9.134979713437336e-06,9.471274675161112e-06
2342,1.075074408719148e-05,9.38780667638639e-06,9.089102194027672e-06,9.286981218610892e-06
2343,7.950888472502507e-06,1.5370350229204633e-05,9.031611583911095e-06,9.423380870430264e-06
2344,9.388231907602555e-06,7.245021261041984e-06,9.055433652752576e-06,9.40800164171378e-06
2345,7.497734230936557e-06,6.9261121097952126e-06,9.15305402823934e-06,9.693596995202825e-06
2346,8.059593007298342e-06,1.0876233573071658e-05,9.135983816930903e-06,9.63057207118254e-06
2347,9.178907126220615e-06,8.963610016508027e-06,8.9686523432748e-06,9.550945449154821e-06
2348,7.663479937542029e-06,1.6483241779496893e-05,8.94816577806018e-06,9.123964691389118e-06
2349,8.662676510640369e-06,9.93159457721049e-06,8.852402503038726e-06,9.142379678814904e-06
2350,9.045803890330717e-06,1.1475638166302815e-05,8.853065612068653e-06,9.318173406063578e-06
2351,9.924376196674227e-06,1.1167619377374649e-05,8.865763866500252e-06,9.563040959619683e-06
2352,9.132551058428362e-06,1.2979004241060466e-05,8.865107693964094e-06,9.539172666700326e-06
2353,8.534737278548871e-06,8.102186984615401e-06,8.860720338169713e-06,9.407115220528795e-06
2354,8.85311109515088e-06,6.035068909113761e-06,8.914551102882089e-06,9.628971848724178e-06
2355,8.098876336993675e-06,1.334399676125031e-05,8.870408857041588e-06,9.4744412410364e-06
2356,9.150766632552e-06,5.7390868096263145e-06,8.901561941962023e-06,9.144502804701914e-06
2357,1.0922464532793836e-05,1.3488756740116515e-05,8.87910241158857e-06,9.53986112072016e-06
2358,9.961026577608815e-06,6.946709872863721e-06,9.060953057774493e-06,9.616255474247735e-06
2359,8.960052273323527e-06,5.984646995784715e-06,9.04640680631322e-06,9.479014918179017e-06
2360,8.500078970933423e-06,5.5927276662259825e-06,9.05773392981549e-06,9.99203155442956e-06
2361,8.205298882886484e-06,7.842780796636361e-06,9.07449318098467e-06,9.966826739400857e-06
2362,8.991931772470706e-06,1.0587022916297429e-05,9.198079590957301e-06,9.792347627080744e-06
2363,8.146464078890859e-06,1.2106280155421701e-05,9.151739276017503e-06,1.0068885923101332e-05
2364,8.443783948071844e-06,6.05994908255525e-06,9.064956694136428e-06,9.897221443679881e-06
2365,8.97759153506033e-06,6.962075713090599e-06,8.999461487837836e-06,9.60623812788981e-06
2366,9.862607231399225e-06,1.1126774807053152e-05,9.020680688425073e-06,1.0283447929396062e-05
2367,9.647187941178951e-06,5.524541484192013e-06,9.030956608411443e-06,1.0292723143356854e-05
2368,8.729715595513376e-06,7.121889320842456e-06,9.049363267210235e-06,1.0111919998598752e-05
2369,8.826743648266226e-06,1.712897916149814e-05,9.066946338457962e-06,1.0161333252472106e-05
2370,1.2044000385584594e-05,8.835970947984607e-06,8.937502409874772e-06,9.870360732020346e-06
2371,7.69593672076654e-06,7.4452196713536974e-06,8.871258333399762e-06,9.812442081602059e-06
2372,9.462085213777351e-06,2.1789025922771543e-05,8.875972634430379e-06,9.865333939524136e-06
2373,8.082461216771562e-06,1.585312140377937e-05,8.801086280557986e-06,1.0475864761974663e-05
2374,1.1752336759956152e-05,5.569616769207642e-06,8.813372490072248e-06,1.037845533574e-05
2375,7.887296016835738e-06,1.8389095566817558e-05,8.876259789596791e-06,1.0203125241969246e-05
2376,7.754811649647309e-06,6.876007391838357e-06,8.96007740759362e-06,1.0419040615670384e-05
2377,7.495170900963583e-06,5.704421346308663e-06,8.897447762339855e-06,1.061594739148859e-05
2378,9.065217293229781e-06,2.5032432022271676e-05,8.914339352446e-06,1.0593546152085764e-05
2379,9.110009094810165e-06,6.266949258133536e-06,8.808752816589224e-06,1.0445885484659813e-05
2380,8.559042806963488e-06,8.82391814229777e-06,8.72370017685979e-06,1.0438403161970202e-05
2381,9.590343413745157e-06,6.974418156460161e-06,8.742011587876024e-06,1.0793462499714225e-05
2382,7.686366318214115e-06,6.214443728822516e-06,8.716020964129712e-06,1.0425777475029461e-05
2383,8.304924665733576e-06,5.4987436124065426e-06,8.5842429431068e-06,1.0410020624840398e-05
2384,9.077909799088958e-06,7.3069434438366445e-06,8.588888155201048e-06,1.0365887710213428e-05
2385,6.627920124123598e-06,2.085599822748918e-05,8.542904197343483e-06,1.0074540969071676e-05
2386,8.512454120743011e-06,5.407545140769798e-06,8.526071961629593e-06,9.650391749164555e-06
2387,1.0564114260584271e-05,6.203770572028588e-06,8.343817116959449e-06,9.641967399511485e-06
2388,1.0241904528811573e-05,1.7504164497950113e-05,8.350277588558837e-06,9.154123749613064e-06
2389,6.878042816727733e-06,1.098261847801041e-05,8.362036361884546e-06,9.120667796378256e-06
2390,9.399881287713974e-06,6.402044728019973e-06,8.494336284517582e-06,9.105034198000793e-06
2391,7.222943834979863e-06,7.435258121404331e-06,8.435756216972046e-06,8.331903530051931e-06
2392,7.520871947943104e-06,5.337483416951727e-06,8.482254504997398e-06,8.549531954486156e-06
2393,9.187500870919191e-06,1.5998372764443046e-05,8.457903359885677e-06,8.470308149117045e-06
2394,8.1769780546084e-06,7.936853544379119e-06,8.377395277582561e-06,8.43201930183568e-06
2395,8.749549860011837e-06,8.442049693258014e-06,8.354801465167031e-06,8.558182888373266e-06
2396,7.812067023122735e-06,6.341896805679426e-06,8.404040456136702e-06,8.747227164712967e-06
2397,8.312486267338196e-06,1.4505357394227757e-05,8.373236374245607e-06,8.823693123849807e-06
2398,7.661655323924303e-06,5.249390906101325e-06,8.42083457937406e-06,8.70949636082514e-06
2399,7.195965643202524e-06,5.359008027880918e-06,8.522322938814695e-06,8.827268146706044e-06
2400,8.048807806820454e-06,6.193004319356987e-06,8.409754908037334e-06,9.375219002686207e-06
2401,8.048780982790049e-06,6.03960856096819e-06,8.316332875377461e-06,8.950871026172535e-06
2402,1.0802668966789498e-05,5.313581386872101e-06,8.32887002806173e-06,8.915772444015603e-06
2403,7.6007156045913385e-06,5.704165323550114e-06,8.310512363136191e-06,9.018636158725713e-06
2404,1.0272466295444044e-05,1.170765986898914e-05,8.352483926662696e-06,9.028361598029733e-06
2405,7.950264179170417e-06,6.843323008070001e-06,8.391087659523083e-06,9.476851519139017e-06
2406,7.57764135616728e-06,6.017196974426042e-06,8.371850757046356e-06,9.108945033949565e-06
2407,7.1215210078258275e-06,9.36853339226218e-06,8.482372236216583e-06,9.084332542988704e-06
2408,9.53589943997536e-06,1.0224850520899053e-05,8.410210202944453e-06,9.405575834534829e-06
2409,8.307807751811602e-06,9.218592422257644e-06,8.439776438374087e-06,9.387768127635354e-06
2410,7.817875252334893e-06,1.8001079151872545e-05,8.40487167640984e-06,9.034460536349799e-06
2411,1.1049663106758898e-05,8.351839787792415e-06,8.450893467185476e-06,9.125893130840269e-06
2412,7.749913491150236e-06,1.9902541971532628e-05,8.471158137156938e-06,9.158993800519965e-06
2413,7.90635371231474e-06,6.895465085108299e-06,8.451619163517736e-06,9.598462896974526e-06
2414,7.191471633834428e-06,1.0105153924087063e-05,8.474959412463553e-06,9.56421142036561e-06
2415,8.94093966457553e-06,8.973637595772744e-06,8.41296052951495e-06,9.563504636025756e-06
2416,8.272232923142535e-06,7.678394104004837e-06,8.409614258723903e-06,1.0648296186991502e-05
2417,8.485965269452814e-06,1.6549731444683857e-05,8.338196877674718e-06,1.042180372896837e-05
2418,8.706578309000987e-06,6.800710634706775e-06,8.301018425279634e-06,1.0389879514696075e-05
2419,1.0940015033864053e-05,7.3215412703575564e-06,8.30937455244162e-06,1.036729221668793e-05
2420,6.9454990282085625e-06,1.6473131981911138e-05,8.33920086042781e-06,1.0334033581602852e-05
2421,8.551222908863565e-06,5.896704133192543e-06,8.350194227831606e-06,1.025941642874386e-05
2422,7.43986721823199e-06,5.672667612088844e-06,8.364134516846712e-06,1.0582663246896116e-05
2423,8.812200093315267e-06,7.535205768363085e-06,8.402163746884779e-06,1.0395141939807216e-05
2424,7.702582392489098e-06,6.186524769873358e-06,8.292494382678545e-06,1.0326276301930192e-05
2425,7.560333465840409e-06,1.717973173072096e-05,8.339009333616963e-06,1.000724096520571e-05
2426,8.632287206435446e-06,5.183321645745309e-06,8.43388737889149e-06,1.0369181213900448e-05
2427,9.252696893074446e-06,5.295911778375739e-06,8.501733928440243e-06,1.017802747737733e-05
2428,7.5170588348151396e-06,3.282395409769379e-05,8.439815805791619e-06,1.0056772694952088e-05
2429,8.487031769214404e-06,6.045348418410867e-06,8.433203681165147e-06,9.962992385408144e-06
2430,7.0208028692933215e-06,6.045217651262646e-06,8.426458589706779e-06,9.514622684218922e-06
2431,7.786544535216913e-06,5.452514524222352e-06,8.387434203096846e-06,9.452310606138783e-06
2432,7.867178707480586e-06,8.537067515135277e-06,8.239803828352401e-06,9.607086205505766e-06
2433,9.810733625070296e-06,8.359421699424274e-06,8.295607322967649e-06,9.232075560430531e-06
2434,8.656314977189242e-06,1.7299762876064052e-05,8.229436383771827e-06,9.852971584768968e-06
2435,8.76860600328655e-06,1.3313046474650037e-05,8.245765430587604e-06,9.871474483952628e-06
2436,8.307929001603042e-06,6.6301988408667964e-06,8.283406309702614e-06,1.0927787729451667e-05
2437,8.912787264610718e-06,1.1926658553420566e-05,8.339650169606708e-06,1.0892843944748165e-05
2438,1.027830484417791e-05,1.594397130247671e-05,8.34886515626244e-06,1.0435098095331341e-05
2439,8.887635372553227e-06,5.326310511009069e-06,8.302376157047952e-06,1.0515280650724889e-05
2440,7.392986598359938e-06,5.942268035141751e-06,8.284835133155056e-06,1.0548314490006305e-05
2441,8.10692980748071e-06,5.333886365406215e-06,8.356789797673828e-06,9.444458196958295e-06
2442,8.3173379829936e-06,5.340488914953312e-06,8.332214386205629e-06,9.412061364855616e-06
2443,7.73096864375273e-06,5.242908682703273e-06,8.386388417986584e-06,9.552867135062117e-06
2444,7.249255665252955e-06,1.1190931254532187e-05,8.390185465759713e-06,9.628674010309625e-06
2445,8.340586393589749e-06,7.09786585503025e-06,8.335451300445129e-06,9.754354116012111e-06
2446,6.896949428967977e-06,2.1419104741653426e-05,8.345226273902678e-06,9.671256487490609e-06
2447,7.848093388626391e-06,6.1352400916803165e-06,8.300479094395997e-06,9.301236049213912e-06
2448,9.753222071190572e-06,3.3943036905839106e-05,8.40864424046433e-06,9.396461967844515e-06
2449,9.108678890091445e-06,5.3129301522858445e-06,8.403101065859018e-06,9.334478188247885e-06
2450,7.790708132233703e-06,5.736085495300358e-06,8.400953623640817e-06,9.081892976246307e-06
2451,7.470062226073222e-06,7.187885530584026e-06,8.27802850597234e-06,8.693107690487522e-06
2452,8.814171295752103e-06,6.121757760411128e-06,8.222195435802052e-06,8.699977887590648e-06
2453,9.315925447784442e-06,5.2275467714935075e-06,8.2227812384695e-06,8.677822135359748e-06
2454,7.87264648250938e-06,5.235427615843946e-06,8.228697509023025e-06,9.02987428344204e-06
2455,8.375153663817199e-06,9.565361906425097e-06,8.229035874278957e-06,9.51022638619179e-06
2456,7.881470729545173e-06,7.3476864054100585e-06,8.192697092130805e-06,1.0039331363077509e-05
2457,6.4988245746159614e-06,1.1679070157697424e-05,8.295469429261477e-06,9.805737040733221e-06
2458,1.005510796150904e-05,6.28198098638677e-06,8.226823065948944e-06,9.870381895598258e-06
2459,7.537635489522169e-06,8.049251919146627e-06,8.38380397128478e-06,9.379036883910884e-06
2460,1.1472734654994888e-05,1.569369444041513e-05,8.36351030609674e-06,9.383203023025998e-06
2461,8.169349636470239e-06,5.080604350951034e-06,8.244270156461022e-06,8.245566773257451e-06
2462,8.859101209155698e-06,5.612028253381141e-06,8.144879706055185e-06,8.363744355301605e-06
2463,7.205176902466014e-06,6.224339158507064e-06,8.109893867731445e-06,8.500976777577308e-06
2464,7.4918086182959894e-06,5.498065438587218e-06,8.15226701807761e-06,8.486080976581433e-06
2465,7.407631665046211e-06,5.3883742293692195e-06,8.128566719339385e-06,8.557506127544912e-06
2466,8.25483657131877e-06,1.4135190067463554e-05,8.16001510813496e-06,8.568108348117675e-06
2467,8.325797114391914e-06,1.7349291483697015e-05,8.115679982115075e-06,8.650472404406173e-06
2468,6.82249909004895e-06,1.8470533104846256e-05,8.103830589930618e-06,8.478493169968715e-06
2469,9.818564093519752e-06,5.351073195924983e-06,8.042888927148951e-06,8.793095571309098e-06
2470,6.6244273107764055e-06,8.713987226656172e-06,8.174630782135256e-06,8.70254928522627e-06
2471,1.0821472062363885e-05,9.135479449469131e-06,8.11415562497536e-06,8.72289814215037e-06
2472,7.340751758925358e-06,6.239393569558161e-06,8.106308700452145e-06,8.622135990299284e-06
2473,6.772218330297619e-06,5.502130661625415e-06,7.965705821981019e-06,8.214063277409879e-06
2474,6.6239176299455316e-06,8.267369703389703e-06,7.962361695535946e-06,8.23993868471007e-06
2475,6.916062174140178e-06,9.166896052192897e-06,7.92033364996314e-06,8.2196659532201e-06
2476,8.529390984727393e-06,6.8154905056871936e-06,8.22281222309458e-06,8.172247283800972e-06
2477,8.22166382729645e-06,7.907386534498073e-06,8.202726566903745e-06,8.388104577898048e-06
2478,1.0102135167673824e-05,5.492602285812609e-06,8.222170749933058e-06,8.413156482129125e-06
2479,6.764268332012256e-06,7.294529023056385e-06,8.187930636106306e-06,8.506252573715756e-06
2480,8.078918859205765e-06,5.265881045488641e-06,8.142515762786693e-06,8.025040583015652e-06
2481,6.35792916000355e-06,1.5212746438919566e-05,8.159500943859003e-06,7.488808705238625e-06
2482,9.792370949273593e-06,9.41541300562676e-06,8.138349216056264e-06,7.55159268155694e-06
2483,8.54322903251159e-06,6.790702409489313e-06,8.195801602616686e-06,7.70771918905666e-06
2484,7.3414623764417936e-06,5.530198122869478e-06,8.073447595719092e-06,7.561462526064133e-06
2485,7.957662693216763e-06,5.4918766181799585e-06,8.121384130895926e-06,7.652051543118432e-06
2486,8.085746475343411e-06,5.7274895334558094e-06,8.17384579628803e-06,7.732249319087714e-06
2487,7.808400069835544e-06,5.105209966131951e-06,8.235370709452481e-06,7.911884499480947e-06
2488,1.4767141230752005e-05,5.0388724230288065e-06,8.262856161147486e-06,8.10899311036337e-06
2489,6.989667213525131e-06,1.0894497791014146e-05,8.274332987518089e-06,8.30432751463377e-06
2490,7.89373624077901e-06,6.014671835146146e-06,8.337212482446273e-06,8.250299677456497e-06
2491,7.398833725649941e-06,1.6462592357129323e-05,8.176752850825625e-06,8.79780524628586e-06
2492,7.190425281401581e-06,5.3189917161944324e-06,8.253202786525231e-06,8.773551079502793e-06
2493,7.247128616856773e-06,5.06473616042058e-06,8.190657108611454e-06,8.781330924102804e-06
2494,9.289770898451227e-06,6.920672603882849e-06,8.20585970060266e-06,8.40657259177533e-06
2495,8.06073697478698e-06,1.2617149914149194e-05,8.084628248697197e-06,8.237580204877305e-06
2496,7.762621889924048e-06,5.479062874655938e-06,8.023941700715414e-06,8.278499930747786e-06
2497,8.539165138346208e-06,8.504118995915633e-06,7.993727968439794e-06,8.390041783422933e-06
2498,8.083759965100195e-06,7.50707506085746e-06,7.980218338869033e-06,8.458771666482789e-06
2499,8.162040459056799e-06,1.2758249213220551e-05,7.989883623748836e-06,8.668845592183058e-06
2500,7.603198466515298e-06,1.4094611324253491e-05,8.094619564104101e-06,8.769993382156825e-06
2501,8.816311643992472e-06,1.169885061244713e-05,7.762012555556592e-06,8.766720662970328e-06
2502,9.793651200501093e-06,6.556690605066251e-06,7.788727861386885e-06,8.593871151970235e-06
2503,6.0906443771576355e-06,1.9180241506546735e-05,7.7919273872289e-06,8.662394660495922e-06
2504,8.675516724502409e-06,6.688174853479722e-06,7.831420682466865e-06,8.337552654120374e-06
2505,6.515276911361272e-06,5.46037716048886e-06,7.947422000365298e-06,8.458843529660953e-06
2506,6.737993959783732e-06,5.843788130732719e-06,7.974313753361962e-06,8.503635282249887e-06
2507,6.761584651637046e-06,5.1906033331761134e-06,7.894941145200897e-06,8.4258878363471e-06
2508,7.026065332967038e-06,7.813695556251331e-06,7.902355998157871e-06,8.19656828607549e-06
2509,6.586119069551286e-06,8.318744439748116e-06,7.874874090258447e-06,8.215884262608596e-06
2510,7.619921953947697e-06,7.21012369467644e-06,7.792515188015791e-06,8.07310968884849e-06
2511,8.327378597338489e-06,1.0979337675962597e-05,7.841777305172097e-06,8.198876486130758e-06
2512,1.0426798578717151e-05,7.633904715476092e-06,7.920060752197363e-06,7.960712002386572e-06
2513,6.451966017064276e-06,4.95705444336636e-06,7.89304187108226e-06,7.652938917453867e-06
2514,7.657549859282477e-06,6.573260016011773e-06,7.817034023456573e-06,7.378863612393616e-06
2515,7.973724386829417e-06,7.727759548288305e-06,7.728100468173377e-06,7.416322873905302e-06
2516,8.386166106599072e-06,8.341542197740637e-06,7.785813698582286e-06,7.0532361176447015e-06
2517,1.0090458228862391e-05,8.351263604708947e-06,7.749098375522104e-06,7.033939120447031e-06
2518,7.91942244177335e-06,6.18452997514396e-06,7.803335125734319e-06,7.6114484007121064e-06
2519,7.305455694424583e-06,4.976986456313171e-06,7.811562383034874e-06,7.60331747806049e-06
2520,8.246108298711382e-06,6.884161157358904e-06,7.882040805634459e-06,7.594628561491845e-06
2521,7.075574192438378e-06,5.9619622879836246e-06,8.033889249094903e-06,8.115780387743143e-06
2522,6.480192582279819e-06,4.934754651912954e-06,8.104617058820118e-06,8.039757167716745e-06
2523,9.315312894007851e-06,1.0651244992914145e-05,8.106905032602502e-06,8.0893105819996e-06
2524,1.0119126634688452e-05,6.804137119615916e-06,8.066946517444902e-06,7.852280535007593e-06
2525,6.927726438637668e-06,6.400284200935858e-06,7.929388795350356e-06,7.759137958782957e-06
2526,6.916115453350358e-06,4.8469679859408644e-06,8.060280384395608e-06,7.809030554199125e-06
2527,7.570312318421202e-06,7.4931721428583845e-06,8.047598686668304e-06,7.993455311952857e-06
2528,7.533475137380366e-06,1.0103072600031738e-05,8.002331140455176e-06,7.890579019294819e-06
2529,7.757633647997864e-06,6.205749923537951e-06,8.015042403813923e-06,7.807138352654874e-06
2530,7.871195666666608e-06,1.989810916711576e-05,7.93810377433854e-06,7.7546839529532e-06
2531,6.9436753922976395e-06,5.640515064442298e-06,8.063594158233575e-06,8.037839171447557e-06
2532,8.523545216626695e-06,4.973380418960005e-06,8.040367941005872e-06,8.277273117710138e-06
2533,1.0822276419478133e-05,2.0842491212533788e-05,8.078575277532865e-06,8.823787105939118e-06
2534,8.354314312681608e-06,6.418163939088117e-06,8.125959588505794e-06,8.819410786964e-06
2535,7.677121298507296e-06,8.448959051747807e-06,8.13512330864291e-06,8.8215644012962e-06
2536,7.3284157183984964e-06,5.053586501162499e-06,8.031507753993436e-06,8.621248771669342e-06
2537,6.987855526353491e-06,5.305340309860185e-06,7.930101364521154e-06,8.565741433994844e-06
2538,9.7242557431956e-06,6.2043693287705535e-06,7.929441653848496e-06,8.52567626425298e-06
2539,7.340507416099879e-06,1.1183878959855066e-05,7.895006525925257e-06,8.527502666402143e-06
2540,6.842035731501205e-06,5.155852231837344e-06,7.850188900314e-06,8.431266770639924e-06
2541,8.703947690567778e-06,6.255525531742023e-06,7.86052707323203e-06,8.338502007973147e-06
2542,8.166992491977806e-06,7.039903612167109e-06,7.840814268072588e-06,8.301416916947347e-06
2543,1.1056682039149261e-05,1.3263410437502898e-05,7.854285021595489e-06,7.707248746010009e-06
2544,6.724800263731999e-06,1.0962835112877656e-05,7.890494261785836e-06,7.848605898470851e-06
2545,9.201291711886167e-06,2.0547010863083414e-05,7.86050268284776e-06,7.875846430397359e-06
2546,8.260181966761592e-06,5.852554313605651e-06,7.702575028815773e-06,7.2525623509136485e-06
2547,6.7092855857077265e-06,4.9885950102179775e-06,7.689197491951443e-06,7.216922016959869e-06
2548,6.724924027771017e-06,5.643354252242716e-06,7.700127859425266e-06,7.324311340198619e-06
2549,7.583966897881408e-06,5.416453677753452e-06,7.680615765800919e-06,7.760062593297335e-06
2550,6.911233671821214e-06,5.3986549573892265e-06,7.773691780352642e-06,7.751884808385513e-06
2551,6.055237255269377e-06,4.892628039669944e-06,7.654687163610813e-06,7.941206046962179e-06
2552,6.449871678139769e-06,5.087274748802884e-06,7.641149238043e-06,7.738260008773068e-06
2553,7.791929460331124e-06,7.783953533362364e-06,7.708915150255455e-06,7.82639976023347e-06
2554,7.264813519011821e-06,5.278622647892917e-06,7.633428757011038e-06,8.057653332070912e-06
2555,8.207964504739115e-06,5.043904893682338e-06,7.65051964465076e-06,8.141415631689597e-06
2556,7.848906397056352e-06,9.174443875963335e-06,7.501924274644505e-06,7.85189473463106e-06
2557,7.773755743174762e-06,5.6543937171227296e-06,7.5328890213212535e-06,7.6085772008809725e-06
2558,6.874085068678444e-06,5.260389225441031e-06,7.470454575175408e-06,7.038382302562241e-06
2559,8.019875891073349e-06,5.5271555902436374e-06,7.429651338113926e-06,7.123135615256614e-06
2560,7.950380485352879e-06,1.1133692132716534e-05,7.49411183161202e-06,7.134511976619252e-06
2561,6.8406133777898505e-06,1.5947367828630376e-05,7.500237611505631e-06,9.153853987663751e-06
2562,9.314755890146544e-06,5.100895687064622e-06,7.648128967371628e-06,9.491236709436633e-06
2563,6.7491403246498924e-06,1.0937400293187239e-05,7.631424550062447e-06,9.58340556535404e-06
2564,7.002059276904523e-06,6.110228005127283e-06,7.661679446957554e-06,9.593492477142716e-06
2565,8.536183536812638e-06,7.359346018347423e-06,7.680670253911457e-06,9.812848976434906e-06
2566,6.816787859457287e-06,1.2036864827678073e-05,7.754143650082471e-06,9.714140633877833e-06
2567,8.59426468297089e-06,9.133961102634202e-06,7.754805772411702e-06,9.751541929290396e-06
2568,7.3417977889928604e-06,6.025388011039467e-06,7.690831882428029e-06,9.741416727774776e-06
2569,7.498918930650688e-06,4.87989676912548e-06,7.680743688211402e-06,9.629123438207896e-06
2570,7.640430558240041e-06,6.292138405115111e-06,7.674824685616639e-06,9.746183858078438e-06
2571,7.240101040224545e-06,7.971387130965013e-06,7.69441049326108e-06,9.774894081056117e-06
2572,8.32079792316007e-06,5.27300404428388e-06,7.724425475721039e-06,1.0426856341655367e-05
2573,6.878068525111303e-06,5.612690452835522e-05,7.746121396202296e-06,1.0256517769448689e-05
2574,1.1281250794531338e-05,1.3851021722075529e-05,7.742876082678169e-06,1.0048823756369528e-05
2575,6.493623239091701e-06,7.702876355324405e-06,7.707430387462308e-06,1.034036681448924e-05
2576,6.811609677647034e-06,5.144800834386842e-06,7.748499192449448e-06,1.012817479931982e-05
2577,6.924641851987366e-06,1.0571187231107614e-05,7.72644679487308e-06,1.059662203551852e-05
2578,9.628764364606469e-06,5.316244969435502e-06,7.711496739244066e-06,1.0813468925334746e-05
2579,7.281366577242604e-06,6.213655033207033e-06,7.716901568629611e-06,1.0868977971404092e-05
2580,6.608617255147288e-06,4.790774855791824e-06,7.703151398042488e-06,1.0708116032037651e-05
2581,7.596701541640666e-06,6.3671116367913785e-06,7.712346491583352e-06,1.1078646770329216e-05
2582,7.625780678305697e-06,8.580904213886243e-06,7.712896677023512e-06,1.1184870231954848e-05
2583,7.363730259789413e-06,5.9781447998830115e-06,7.753043843412242e-06,1.1126386882824593e-05
2584,8.770250452572427e-06,2.182621210522484e-05,7.780348815423267e-06,1.1033588572900042e-05
2585,8.49277849738428e-06,6.87522782754968e-06,7.688874596998277e-06,1.1030534061137588e-05
2586,6.759480539686693e-06,1.075501750165131e-05,7.72889268583741e-06,9.018936436768854e-06
2587,8.428613509749994e-06,1.2389472140057478e-05,7.609083839027637e-06,9.696663142676698e-06
2588,7.77586044932832e-06,5.632599913951708e-06,7.642908020211002e-06,9.647557364223759e-06
2589,6.45074933749533e-06,1.782140891009476e-05,7.725821230855622e-06,9.632318274088903e-06
2590,8.162432146087263e-06,1.2780518263753037e-05,7.721664494177579e-06,9.595482015720336e-06
2591,6.951908594095989e-06,1.3424590979411733e-05,7.681724612262365e-06,9.591953938797814e-06
2592,8.250510418292834e-06,5.112412618473172e-06,7.659738679426987e-06,9.634422696399268e-06
2593,7.571675127514431e-06,1.5288656468328553e-05,7.668425328079645e-06,9.80620470800204e-06
2594,7.512673566654687e-06,7.535483309766277e-06,7.636774683022749e-06,9.75442337730783e-06
2595,8.644109717958296e-06,4.8300546768587085e-06,7.5903575580620475e-06,9.783624730334851e-06
2596,7.922725340500216e-06,5.651429382851348e-06,7.562935100920892e-06,9.756545588606971e-06
2597,6.033942462535277e-06,5.196641250222456e-06,7.469921774726471e-06,9.064985899749447e-06
2598,7.878520746089634e-06,5.836963919136906e-06,7.422054223873905e-06,9.335146439843812e-06
2599,8.286029624287039e-06,3.079418936977163e-05,7.47139040837889e-06,9.195260868000334e-06
2600,7.339227768675806e-06,6.475231894000899e-06,7.48004456361539e-06,9.143483989464585e-06
2601,8.884439943762522e-06,4.763823581015458e-06,7.461431393332733e-06,9.151768642914248e-06
2602,6.820723435036295e-06,9.650280771893449e-06,7.44358994005678e-06,9.241304310125996e-06
2603,8.630267316726126e-06,5.228043046372477e-06,7.448368980213773e-06,8.920898654469054e-06
2604,6.731718256358161e-06,7.275373973243404e-06,7.457738402384469e-06,8.585278050304623e-06
2605,6.825783471463688e-06,9.085325145861134e-06,7.41530459965563e-06,8.635572887578747e-06
2606,6.805435415218299e-06,5.0725783694360874e-06,7.4579429587781e-06,8.714737113768933e-06
2607,6.4653525542881754e-06,9.310938039561734e-06,7.489501921797151e-06,8.597089164686623e-06
2608,6.678168831260539e-06,5.3011662566859744e-06,7.3850300680634155e-06,8.596352086169646e-06
2609,6.444917297711881e-06,4.537219883786747e-06,7.328796133737745e-06,8.547202646150255e-06
2610,7.296089726070123e-06,1.3629241329908837e-05,7.465411180136369e-06,8.588402280292941e-06
2611,7.992885152311323e-06,7.257878205564339e-06,7.3914842270824e-06,8.702087573328755e-06
2612,8.644967390662513e-06,1.109505017666379e-05,7.343481366458743e-06,7.856738559348742e-06
2613,7.310531192261907e-06,5.839716250193305e-06,7.328406876897335e-06,7.809992311376846e-06
2614,6.004713005596487e-06,2.0059800590388477e-05,7.261723597346443e-06,7.891591369843809e-06
2615,8.281908150012088e-06,4.770376872329507e-06,7.294270480674134e-06,7.68307018224732e-06
2616,7.186144148363382e-06,5.034075875300914e-06,7.217211587339989e-06,8.41908813090413e-06
2617,7.189665350071866e-06,6.369783550326247e-06,7.431637387708179e-06,8.79254180836142e-06
2618,8.637634105576177e-06,1.726776212308323e-05,7.474611049959398e-06,8.860860454296927e-06
2619,8.301647642130977e-06,4.594284582708497e-06,7.4842853643026e-06,8.930230596160982e-06
2620,6.032313374614912e-06,4.811627713934286e-06,7.526153097488633e-06,8.732958849577698e-06
2621,6.5168769823584524e-06,4.42269338236656e-06,7.618365458216026e-06,8.738473215635168e-06
2622,9.449318622500868e-06,6.226632103789598e-06,7.663534843757386e-06,9.043002041289582e-06
2623,6.0303469197404204e-06,8.67909624503227e-06,7.615011334928566e-06,8.833020864403805e-06
2624,7.085958108695599e-06,9.66046402027132e-06,7.591418553581913e-06,9.029298211680724e-06
2625,6.962365529640616e-06,5.306575694703497e-06,7.511012083624437e-06,9.377026798028964e-06
2626,7.217357954990196e-06,6.803800042689545e-06,7.500432825771793e-06,9.320002474851208e-06
2627,7.634395518228605e-06,4.437251081981231e-06,7.5597316605934684e-06,9.029425399057803e-06
2628,6.703794983372468e-06,2.3628491762792693e-05,7.506705258250197e-06,9.142864556633871e-06
2629,1.2092363265562906e-05,1.6611715909675696e-05,7.502090576680429e-06,9.131658773549137e-06
2630,7.900125027744152e-06,1.0793291294248774e-05,7.491410284233601e-06,9.154706737172093e-06
2631,7.047293273798358e-06,6.806831916037481e-06,7.395840205410623e-06,8.803830446413486e-06
2632,7.512045883939006e-06,4.37914437497966e-06,7.33487494496027e-06,8.833815901743946e-06
2633,8.983477849445384e-06,5.439025408122688e-06,7.3428073069307065e-06,8.865575525123856e-06
2634,7.5741519362458754e-06,1.2150440525147133e-05,7.3256481421291625e-06,8.867668546008641e-06
2635,6.0830020053496505e-06,8.37971190776443e-06,7.219666204461343e-06,9.515712275606344e-06
2636,7.403065618644986e-06,1.2164811887487303e-05,7.337665202976495e-06,9.410342737101015e-06
2637,6.634805641725607e-06,1.9788264835369774e-05,7.34041922064029e-06,9.231144394289003e-06
2638,7.046049745945816e-06,4.4141081707493866e-06,7.341137018112122e-06,9.40432970164693e-06
2639,7.487183876138362e-06,1.279537369555328e-05,7.418119000815042e-06,9.331870393361897e-06
2640,6.9562480914303e-06,7.6063558117311915e-06,7.381506532025619e-06,9.335646325052949e-06
2641,7.0707771091191614e-06,4.753931298182579e-06,7.385099551356688e-06,8.601557218207747e-06
2642,6.922658038901217e-06,6.945982640900183e-06,7.233123995299845e-06,8.272699462395398e-06
2643,6.248382135001722e-06,8.495854854118078e-06,7.32978445652811e-06,8.291167490096998e-06
2644,6.777516130872148e-06,5.343920965970028e-06,7.322058404861309e-06,8.208580563223225e-06
2645,6.230622423875806e-06,5.605618298432091e-06,7.3309550228966855e-06,8.28135955380276e-06
2646,6.087897862319854e-06,4.475018904486206e-06,7.274792600765068e-06,8.36045851610834e-06
2647,6.799770180805353e-06,2.2427725343732164e-05,7.226168778995797e-06,8.25457117316546e-06
2648,8.980321882619238e-06,6.044857782399049e-06,7.232817734762243e-06,8.315411723742726e-06
2649,7.154808550290505e-06,5.180505449970952e-06,7.1910845058179506e-06,8.223366489983163e-06
2650,6.980310466436398e-06,9.636208378651645e-06,7.1755803922820226e-06,7.612170377979055e-06
2651,9.14190752256319e-06,4.992317335563712e-06,7.18254646956969e-06,8.108985923900036e-06
2652,6.719083798493052e-06,4.53164937425754e-06,7.219465291624752e-06,8.168373966327637e-06
2653,6.79362046664917e-06,5.276264091662597e-06,7.241586398655878e-06,8.17705398949329e-06
2654,8.29297436414183e-06,8.390272014366929e-06,7.244039233672891e-06,8.166835963493213e-06
2655,1.0316636558450732e-05,1.125499198678881e-05,7.237881918647164e-06,8.13691154398839e-06
2656,6.854141982128365e-06,4.742158744193148e-06,7.323975571913857e-06,8.11878731692559e-06
2657,7.734461334823412e-06,6.198619139468065e-06,7.336215767706258e-06,8.094347511359957e-06
2658,7.579417296154942e-06,7.416499465762172e-06,7.348102009301428e-06,8.079308230662719e-06
2659,6.358556392014078e-06,9.503256951575167e-06,7.343958700948861e-06,8.087877235084306e-06
2660,6.249225899510848e-06,9.900725672196131e-06,7.378622700667217e-06,7.846660526411142e-06
2661,6.3597348950376425e-06,9.863681043498218e-06,7.331115855534639e-06,8.137444152816897e-06
2662,6.24720280332743e-06,4.5083620352670554e-06,7.356606249353112e-06,8.154517279035646e-06
2663,7.220201678137528e-06,1.6834496818773914e-05,7.399372137378023e-06,8.537675393017709e-06
2664,8.410154427514903e-06,1.4280074756243266e-05,7.353871590304254e-06,8.549236134422246e-06
2665,7.509275767208439e-06,7.823356390872505e-06,7.358089468834806e-06,8.674292407522444e-06
2666,7.132097984544493e-06,4.498480648180703e-06,7.405244784200072e-06,8.655311664915644e-06
2667,6.768725163258043e-06,6.197872153279604e-06,7.3359296065367135e-06,8.631921691994649e-06
2668,8.400723466669054e-06,8.042749177548103e-06,7.21648028698433e-06,8.466905191744445e-06
2669,7.083521025682179e-06,4.73292582682916e-06,7.167707637482737e-06,8.576943728985498e-06
2670,6.527778463755062e-06,5.229636281001149e-06,7.182519088504098e-06,8.510124497115613e-06
2671,5.984315153505628e-06,4.6892440150259065e-06,7.164683554462195e-06,8.433521717233817e-06
2672,7.666370173764235e-06,1.6397307626903056e-05,7.3061995090635404e-06,8.237460557575105e-06
2673,7.792650754304809e-06,1.3314448442542926e-05,7.306883061311155e-06,8.055729873740348e-06
2674,7.792068395752318e-06,5.607333605439635e-06,7.312979447063601e-06,7.986762861401076e-06
2675,8.049457667059161e-06,1.9215161228203214e-05,7.306238927695732e-06,8.005904139281483e-06
2676,8.004393845718976e-06,5.28133587067714e-06,7.277506946573138e-06,7.508103712461889e-06
2677,6.824530761756857e-06,7.65805620176252e-06,7.205995389651636e-06,7.295382670417893e-06
2678,7.97250335078085e-06,4.801745526492596e-06,7.158007308923212e-06,7.337124018522446e-06
2679,6.560094922557861e-06,7.80552269134205e-06,7.1377500274037516e-06,7.5151439923502055e-06
2680,7.3304035696411225e-06,7.129579480533721e-06,7.090290130266416e-06,7.559145306004211e-06
2681,5.634825744588549e-06,7.493122175219469e-06,7.075589617145145e-06,7.549069767264881e-06
2682,8.10474761035746e-06,4.528138342720922e-06,7.0543076233055525e-06,7.59231141928467e-06
2683,7.133528945107375e-06,5.501429968717275e-06,7.013902044895481e-06,7.592241117527011e-06
2684,9.896455257047717e-06,4.601727960107383e-06,7.052204782869215e-06,7.599317778658589e-06
2685,6.2663147057012085e-06,5.35745857632719e-06,7.0918329420237574e-06,7.383306724659634e-06
2686,6.51214453884879e-06,8.139505735016427e-06,7.161780727579349e-06,8.346144425740933e-06
2687,6.078689819130684e-06,4.986893982277252e-06,7.22456161674927e-06,8.29783356821281e-06
2688,6.501902150072662e-06,4.389486148284049e-06,7.1918504289998155e-06,7.729856704099802e-06
2689,6.62236550447738e-06,8.962048705143388e-06,7.173530466388911e-06,8.641886569239432e-06
2690,6.309573748997839e-06,8.86689009348629e-06,7.210133972209102e-06,8.841644002677641e-06
2691,6.6256659465580015e-06,8.948979993874673e-06,7.141531119648588e-06,8.829673602303955e-06
2692,5.582227734824604e-06,7.2979049946297895e-06,7.1629801300635635e-06,8.70956420621951e-06
2693,8.033210638637279e-06,7.790860709064872e-06,7.193858729442581e-06,8.610145181592087e-06
2694,6.551471179692372e-06,5.813967127323849e-06,7.232525769520887e-06,8.50797595194308e-06
2695,5.517639003503266e-06,5.227878737059655e-06,7.209912051297984e-06,8.72216178686358e-06
2696,6.941883602848975e-06,4.866160543315345e-06,7.215416579533161e-06,8.709620477748102e-06
2697,8.657074152627805e-06,1.0997031276929192e-05,7.096997925529851e-06,8.716993904818083e-06
2698,9.54134539319461e-06,3.738539096957538e-05,7.127112044165389e-06,8.693333766132128e-06
2699,9.361590625000341e-06,4.399562167236581e-06,7.091696820013263e-06,8.593785167613534e-06
2700,7.231677973322803e-06,5.015739625378046e-06,7.086094210495099e-06,8.590195066062733e-06
2701,7.546394780446361e-06,2.808208249916788e-05,7.104284382391295e-06,8.679874722292879e-06
2702,7.739618407261636e-06,1.2651992037717718e-05,7.109120634211447e-06,8.498065482126548e-06
2703,6.257432036767973e-06,4.502485517150489e-06,7.106330270714049e-06,8.32018618675647e-06
2704,7.0963201829322825e-06,4.802787789230933e-06,7.115871581966834e-06,8.13990738170105e-06
2705,8.102368554116563e-06,4.644103864848148e-06,7.172542065786224e-06,8.070986249367707e-06
2706,6.601501746546193e-06,4.938891433994285e-06,7.081053718239775e-06,7.942785347404424e-06
2707,7.539404654784853e-06,9.882784215733409e-06,7.084460956583724e-06,7.969748550385703e-06
2708,7.271142150986836e-06,5.187897240830352e-06,7.166608039046373e-06,7.972506927035284e-06
2709,6.93598890696497e-06,4.786063636856852e-06,7.126505316025739e-06,7.958098377275746e-06
2710,7.019167671589659e-06,4.765955109178321e-06,7.172269970336251e-06,7.941367346211339e-06
2711,5.626763935045649e-06,5.650790772051551e-06,7.09329513853542e-06,6.646390122477897e-06
2712,5.938624581176555e-06,4.89714144350728e-06,6.92833645183176e-06,6.784862465428887e-06
2713,6.956656447477548e-06,6.631477554037701e-06,6.8696680335859935e-06,6.8469949990685555e-06
2714,6.743271799981206e-06,4.4168177009851205e-06,6.919746482425481e-06,5.993969400878995e-06
2715,6.239814661562883e-06,4.419907709234394e-06,6.876530140471005e-06,5.6704316317336635e-06
2716,6.864198727877616e-06,4.442009867489105e-06,6.920993962052713e-06,5.743010062724353e-06
2717,6.998989830309357e-06,5.574876686296193e-06,6.870005571767657e-06,5.763712129555643e-06
2718,5.746001949976037e-06,4.585838159982813e-06,6.805474337327016e-06,5.955954070668667e-06
2719,6.636652138291134e-06,6.4880472018558065e-06,6.849761609373673e-06,5.94081948584062e-06
2720,7.571316065069469e-06,5.296838153299177e-06,6.82832521567131e-06,6.125991704902845e-06
2721,5.939315527333141e-06,4.505946799326921e-06,6.817619322120866e-06,6.498959402961191e-06
2722,9.801190510390573e-06,1.0578755500318948e-05,6.820319558331297e-06,6.888000445178477e-06
2723,7.566974598173854e-06,5.010960376239382e-06,6.8196926439567404e-06,7.277845828502905e-06
2724,5.237623457408821e-06,7.861370741011341e-06,6.874761879043943e-06,7.632297785312402e-06
2725,5.764967517178674e-06,6.569052966369782e-06,6.917356688285911e-06,8.016895715263673e-06
2726,8.798356001433503e-06,6.756442544428864e-06,6.919230222875839e-06,8.332120200793725e-06
2727,6.6592098583997645e-06,4.563547809084412e-06,6.92963914336562e-06,8.73593108044588e-06
2728,7.36902757631065e-06,6.3169462919177025e-06,6.960186349392134e-06,9.139618359768063e-06
2729,5.82161042580588e-06,5.320339460013201e-06,6.96575819276606e-06,9.54242155276006e-06
2730,6.489087693100575e-06,9.450152392673771e-06,6.965938392042717e-06,9.899910072999772e-06
2731,7.708683547712603e-06,4.5605268132931085e-06,7.016238106532705e-06,1.0296960134292019e-05
2732,7.003494812225755e-06,1.4512089692289009e-05,7.03091181349009e-06,1.0617921833909347e-05
