epoch,train_loss,val_loss,train_loss_smooth,val_loss_smooth
1,0.2967605104049047,0.15256600797176362,0.177473185269369,0.100178123998642
2,0.089019316352076,0.05023958519101143,0.16718249560428985,0.09558170618414882
3,0.04804321370191044,0.04518690302968025,0.15683170632753102,0.09091926679015162
4,0.046507836249139574,0.044978135228157044,0.14641259124378359,0.08618943188786508
5,0.046156127005815506,0.04458056747913361,0.13591547866033182,0.0813786613404751
6,0.045779215809371734,0.0442117865383625,0.12533524356451303,0.07648293735384942
7,0.04534123346209526,0.04379514619708061,0.11466685231460468,0.07150016338825224
8,0.0448113757206334,0.0432506887614727,0.10390656384130321,0.06643089841008187
9,0.04429679205020269,0.042660769820213315,0.09305856202443442,0.06128098135292531
10,0.043596465620729656,0.04183277621865272,0.08213013276457788,0.05606238775849343
11,0.042762662644187606,0.041174160540103914,0.07113148281905388,0.05078062369227411
12,0.041901433914899824,0.0400722348690033,0.06007361684971385,0.04545188749730588
13,0.0407273239394029,0.03911224246025086,0.048967637407448555,0.040081587976217276
14,0.03949326877792676,0.037655562609434125,0.03782675776332617,0.034685199084877966
15,0.03799077848593394,0.036005023121833804,0.034966312317881325,0.03336292208731175
16,0.036282633311218684,0.03432013541460037,0.03372649227612549,0.032228172385692595
17,0.03433269581860966,0.032296744287014005,0.03253645758943425,0.031093716284632686
18,0.03225463300943374,0.030172908306121828,0.031352130280103946,0.02997647150456905
19,0.03005072915719615,0.027996658831834793,0.030178685261640283,0.02886613537967205
20,0.027753298572368093,0.025834383517503737,0.02901964212639464,0.027772485083341597
21,0.025560464983185132,0.02381808154284954,0.02788221834782097,0.02669775858521461
22,0.023549778908491133,0.02210116811096668,0.026763496805065207,0.025646767488121988
23,0.02179426176680459,0.020521906316280366,0.025672603191269766,0.0246298636674881
24,0.02031386117140452,0.019347603097558022,0.02461460916052262,0.02363777109980584
25,0.019111024348272217,0.018308519944548608,0.023590176410476366,0.022690129384398464
26,0.018238519301844967,0.017656285688281058,0.022612767059604324,0.021779707112908366
27,0.01750818021595478,0.01718266025185585,0.021684519104659555,0.020927481266856198
28,0.017047712658014563,0.016818160489201546,0.020814285972383287,0.020139735075831416
29,0.016756969081858794,0.0166167327016592,0.020012839958071706,0.01941925775110722
30,0.016547944272557895,0.016649447977542878,0.019288971006207994,0.018779505255818372
31,0.01644309034778012,0.016453383415937425,0.018648009481446605,0.01822330956757069
32,0.016365155080954232,0.016453888788819312,0.01809403386372659,0.01775553935170174
33,0.0163757812562916,0.01638252630829811,0.017633234511233036,0.01737173141539097
34,0.01632875348130862,0.016385992392897605,0.017257721895558967,0.01707038750052452
35,0.016324125275843673,0.01641018070280552,0.016962829625027046,0.016835183173418047
36,0.01631281187550889,0.016371846348047257,0.01673679879663719,0.01666219381392002
37,0.016290615163743496,0.01638119198381901,0.01657051610706581,0.01653613519370556
38,0.016292090167601903,0.01635168567299843,0.016451710301720435,0.016449823573231697
39,0.016287069904307526,0.016349916458129884,0.016364989228132697,0.01639909526705742
40,0.016234950179027187,0.016311368346214293,0.01630861003920436,0.01636061922907829
41,0.01624648295342922,0.016308202296495437,0.016269500356995398,0.016332008212804793
42,0.016235972022016845,0.016302931904792786,0.016242269214573835,0.016318643903732298
43,0.016230594890399113,0.01626801609992981,0.01622225795297159,0.01629687290787697
44,0.016201338714195622,0.016302403435111044,0.016204578008337155,0.016282088431715965
45,0.016233314760029316,0.016239185109734534,0.016188869349741276,0.016265636390447615
46,0.016172649591333337,0.016284483671188354,0.016171502658310865,0.01624997663497925
47,0.016177472145193154,0.016221059933304787,0.016156332578841186,0.016232783097028733
48,0.016143491057058177,0.016197172328829765,0.01613985361630718,0.016213493824005124
49,0.016156793932120005,0.016196137592196465,0.01612295748682486,0.016194896936416625
50,0.016140879214637808,0.016150729432702064,0.016104545520328813,0.016175055131316188
51,0.01607049246215158,0.016388078033924103,0.016085530300024485,0.016159604209661487
52,0.0160987004927463,0.0162207593023777,0.016067224426484773,0.016141023924946783
53,0.016069970602790515,0.01610288508236408,0.016048055438780125,0.016122262859344483
54,0.016076190521319707,0.01628262497484684,0.01602573007287251,0.01611180116534233
55,0.016047662732501824,0.016105173081159593,0.016002525370071335,0.016087942504882814
56,0.016001091731919184,0.016083771511912346,0.015979676377773283,0.016063955864310264
57,0.01597243861605724,0.016042587757110597,0.0159564151422845,0.016038060846924784
58,0.015941613970531357,0.015991032421588898,0.01593230013218191,0.01601271607875824
59,0.0159495014945666,0.015956153944134712,0.01590735724882947,0.01598581042289734
60,0.015912151212493578,0.015927948877215384,0.01588029307838943,0.01595748538374901
61,0.015890408638450836,0.015906924158334734,0.015856258736550805,0.01592877090573311
62,0.015830316001342402,0.015885146856307982,0.015827762002083988,0.015911079037189482
63,0.015816709659993648,0.0159654126316309,0.015795831794705655,0.015879751965403557
64,0.015829423065814707,0.01588540934026241,0.015765668968856335,0.015850016424059865
65,0.01575572548641099,0.01584234170615673,0.015733360967867902,0.015812045636773107
66,0.01568834880573882,0.016046659946441652,0.01569889072527488,0.015776221248507496
67,0.01565585445198748,0.015706465393304826,0.015661767787734666,0.01574592760503292
68,0.015659370082947942,0.015668350085616112,0.015626153192586367,0.01570751848220825
69,0.015619807826975982,0.015655028000473976,0.015589676509466438,0.01566516777575016
70,0.015630439507464566,0.015605565905570985,0.015545972154703408,0.01562337826490402
71,0.015549077507522371,0.015611842274665833,0.015500974959135059,0.015605074259638784
72,0.015500867884192202,0.01551293395459652,0.01545612628526158,0.015566829964518546
73,0.015542632511092556,0.015479310378432275,0.015408280685875153,0.015518119552731512
74,0.015444375570449564,0.015753840878605842,0.015360101838078767,0.015467705434560775
75,0.015342624030179448,0.015367552638053894,0.015308181606729828,0.015456034798920153
76,0.015316421815918552,0.01564468950033188,0.015260592180656065,0.015402799929678438
77,0.015291000468035538,0.01527148962020874,0.015203446387913495,0.015341944037377833
78,0.015208214537964927,0.015207275375723838,0.01514851818399297,0.015280399034917354
79,0.015148117082814376,0.015525283887982369,0.015086286504732238,0.015208159881830214
80,0.015157297853794363,0.01514494501054287,0.015021535080340171,0.01514223935306072
81,0.015089174653920862,0.015025003850460052,0.01495252200282282,0.015071965277194975
82,0.014879829746981462,0.014997849985957146,0.014880672878192527,0.014997583550214766
83,0.014816684081322617,0.015533432289958,0.014804293069905702,0.01492246135175228
84,0.014828284647729662,0.01500004656612873,0.01472482149832778,0.014838084624707697
85,0.0147160112278329,0.014710188582539559,0.014647558441427014,0.014766555032134055
86,0.014685937443541157,0.014646571204066277,0.014554830770525664,0.01467922782599926
87,0.014532310217618942,0.015593380965292454,0.014462696794668831,0.01457011861205101
88,0.01462697400814957,0.014634540900588036,0.014366772301081153,0.014477570465207099
89,0.01440077824725045,0.014364012032747269,0.014264129883299271,0.01435902723968029
90,0.014382520388397905,0.014303716644644738,0.014152602154761555,0.014249811533093454
91,0.014132556824220552,0.014240681119263172,0.014037215447011921,0.014135406211018563
92,0.014037068842185868,0.014058452174067497,0.013921246871269412,0.013996567307412628
93,0.01393404314501418,0.013911498188972473,0.0137931141294539,0.013864999222755433
94,0.013823579711218675,0.013795484825968742,0.01366089015180866,0.01372856439948082
95,0.013720944300293922,0.013727510944008828,0.013522975612928473,0.013584489430487156
96,0.013562288218074375,0.013502424098551274,0.01338046731013391,0.013410878548026086
97,0.013569291461673048,0.01372469414025545,0.013225377077857653,0.01325095136910677
98,0.013224440738558768,0.01329613022506237,0.013063064192732177,0.013088174441456794
99,0.013141026174028715,0.013026110529899597,0.012893253701180222,0.012913400518894195
100,0.012944511690487465,0.013053848966956138,0.012723340253780286,0.012688081841170788
101,0.01275036137137148,0.012681108862161637,0.012528684769074124,0.012499717178940772
102,0.012502807254592577,0.012541096955537796,0.012332762579537101,0.012303953713178635
103,0.012323546844224135,0.012347142323851585,0.012123495065752003,0.01208948276489973
104,0.012248902689251634,0.012054311297833919,0.011910322928511432,0.01186578871756792
105,0.011953979308406512,0.011855742894113064,0.011689963003744681,0.011636657659709454
106,0.011783575212789906,0.011614133268594742,0.01146225548096829,0.011395558765530587
107,0.01143196627497673,0.011395975761115552,0.011217028369257849,0.0111437793135643
108,0.011253976511458557,0.011193160228431224,0.010962715027978022,0.010879069429636
109,0.010951028840823307,0.011001867093145847,0.010697643958114914,0.010613243989646432
110,0.010658189099695948,0.010640765391290188,0.010415631826221941,0.010317563506960867
111,0.010440675154742268,0.010277223140001297,0.010132489781992302,0.010038125600665805
112,0.010284474032620589,0.00996041402220726,0.009837311608923805,0.009737433965504166
113,0.009760586890495486,0.009925424344837666,0.009536937765777109,0.009425200054794547
114,0.009502723508824905,0.00946992538869381,0.009225376172074012,0.009106550331413745
115,0.009150832543770472,0.008941942937672137,0.008907929047114318,0.008778029052913187
116,0.00880325339320633,0.008648329935967923,0.008582248201014265,0.008444850708916781
117,0.008528070723017056,0.00833017572760582,0.008241440315130683,0.008104474584385752
118,0.008241355075604386,0.007884025834500789,0.007901204527955917,0.007757608350366352
119,0.007692901918457614,0.0075009985268116,0.007555162355841862,0.007409676636755464
120,0.007363110768298308,0.007109763845801353,0.00720445522112358,0.007058930749073622
121,0.006935511471496688,0.006856788098812103,0.006849334455726462,0.006699305180832743
122,0.006518988164348735,0.006332682073116302,0.006497012097026326,0.00633968501538038
123,0.006145889632817772,0.006310182567685843,0.006144197575365091,0.005980914134532211
124,0.005761571847316292,0.00550881965085864,0.005789866715038403,0.005628207727521658
125,0.005435165611820088,0.0052480011992156505,0.005432918477420593,0.0052786805707961335
126,0.004961321528794037,0.004714865777641535,0.005086690266792561,0.00492246833620593
127,0.004566629130600228,0.004328064993023873,0.004744641706243986,0.004578322913870216
128,0.00418152569172283,0.004017683723941445,0.004410351112557369,0.004250446279812605
129,0.0037287055421620606,0.0035449081845581533,0.004084458324504602,0.003928449386265128
130,0.003448084629037314,0.0031840870436280967,0.003765936181595963,0.0036150045265909286
131,0.0031325209099385474,0.0029158404283225535,0.0034550177995167266,0.0033161586113739762
132,0.0026642879070196716,0.0026273285690695046,0.003162997365957644,0.0030302829474210743
133,0.002375957376530601,0.0022025210224092006,0.0028821570439290056,0.0027591618294594816
134,0.0021429698733198975,0.0020113629568368195,0.002616595108918329,0.0024970566534204416
135,0.0018378260581650668,0.0016714933700859547,0.002366760767745372,0.002254540859954432
136,0.00158240364657508,0.0014595629647374154,0.0021310118445428093,0.0020113169350195674
137,0.0013607680921753247,0.0012222351040691137,0.0019102944433508032,0.0018012108846334743
138,0.0011048816247946685,0.0010201184800826013,0.0017017312041535562,0.0015996988053200768
139,0.0009515094951105615,0.000866289830300957,0.0015119549710562246,0.001419755338598043
140,0.0007935677016050451,0.0007450270862318576,0.0013377295377069258,0.001254778549517505
141,0.000655933691887185,0.0005984075972810388,0.0011789364453120574,0.0011016434764256702
142,0.0005650171503010724,0.0004940542357508093,0.0010381760206978974,0.0009684563052374871
143,0.0004683955236234599,0.0004128779540769756,0.0009085935786780384,0.0008491362393833698
144,0.00039239107948055285,0.00035410692798905076,0.0007915448063467114,0.0007408386617666111
145,0.00034210271758234337,0.0003317358967615291,0.000693402828074371,0.0006452377879293637
146,0.00029646309622977346,0.00030415869783610104,0.0006065929289493297,0.0005646335272351281
147,0.0002731296350248158,0.0002697872364660725,0.0005290933638345451,0.000491798573336564
148,0.0002521665527537051,0.00022958444431424142,0.0004636860149809056,0.00043283145169261837
149,0.00024363681751613816,0.00025616839120630176,0.00040861504132497234,0.0003816237382823601
150,0.00022108463188892023,0.00021019921638071537,0.00036249378363394905,0.00034289523314218965
151,0.0002169157013607522,0.00021627910959068686,0.000326203963785277,0.0003102491884957999
152,0.0002109932968677539,0.00020364526601042597,0.00029627911752063985,0.0002829423774732277
153,0.00021169838185111683,0.00018930689664557577,0.0002726050196862262,0.0002605648698052392
154,0.00020969492680807082,0.00021522890485357494,0.0002542331271339208,0.0002439050801796839
155,0.00020852357854083593,0.00020108539727516471,0.00023921183799910877,0.00023150954889133575
156,0.00020630160165536733,0.00020840098790358752,0.00022849617201783177,0.0002228623083792627
157,0.00021073845021116238,0.00023730672313831746,0.00022054700079477495,0.00021603658464737242
158,0.00020570989840457008,0.0001874145050533116,0.00021528113006303706,0.0002108441706746817
159,0.0002054807454502831,0.00019048910937272012,0.00021192382972997923,0.00020565431693103168
160,0.000202642336824081,0.0001973153289873153,0.0002085233190278005,0.00020341710310894996
161,0.00020562930517674735,0.00017937012948095798,0.00020622505783620806,0.00020132252094335855
162,0.0002077366498997435,0.0002540224755648524,0.00020385158428301413,0.00019954112747218463
163,0.00019763612857786938,0.00020396736392285674,0.00020253772273814925,0.00019841337418183684
164,0.00020338833849463197,0.0001836195547366515,0.00020167052903626527,0.00019729384824167937
165,0.00020171525574470353,0.00018558939453214407,0.00020112346065385888,0.00019599261013790965
166,0.0001966363780795493,0.00018191285664215684,0.0002004131411228122,0.00019550769731868056
167,0.00018948492193077173,0.00018416595354210587,0.0001999877220200789,0.00019601686019450425
168,0.00020050387409153498,0.0001966969412751496,0.0001994550215261471,0.00019643221159931272
169,0.00019366179890413252,0.00018346383469179274,0.000198827761098639,0.00019516393835656345
170,0.0002104559492888964,0.00020192554744426162,0.00019762065211155762,0.0001930018125101924
171,0.00021253058790332742,0.00017441235424485059,0.00019649467107632924,0.00019257332221604882
172,0.00018811686747034805,0.00021385689091403038,0.0001955143062501318,0.0001918411964783445
173,0.0001947100229638939,0.00017721989017445593,0.00019519058888157207,0.0001909727139631286
174,0.00018429997868628966,0.00021163355442695318,0.0001944306153273727,0.00019113080108072608
175,0.0001882380932672984,0.0001820053841220215,0.0001932062823597031,0.00018781026524957266
176,0.00019523585881365256,0.00018829096108675003,0.00019267273416949648,0.00018631756627000864
177,0.0001973165873075939,0.000171114313416183,0.00019195359346534438,0.00018523220419883725
178,0.00019394039357494976,0.0001771840761648491,0.0001911262378225931,0.00018483758277725428
179,0.00019905944923973747,0.00022795797674916686,0.00019033644004699053,0.0001842102373484522
180,0.0001952060661925417,0.00021146918239537627,0.00018988236097955248,0.00018430634890682996
181,0.0001906200909676651,0.00017669415683485568,0.00018864735481976015,0.00018293173881247642
182,0.0001805607255341278,0.0001832535769790411,0.00018809836020227522,0.00018227462498471143
183,0.00017756037252385996,0.00017670224769972265,0.00018665925088442035,0.00018044387423433365
184,0.00018097162479534744,0.0001721859659301117,0.0001850050972774625,0.0001828755528666079
185,0.00019454940261008839,0.00017560326610691846,0.0001843060780187241,0.0001813639935804531
186,0.00018662996632176347,0.0001833223074208945,0.00018360227027701008,0.00018044615788385273
187,0.0001771283257080035,0.00017100907978601754,0.00018277170995198604,0.00017867014412768187
188,0.0001842974238227018,0.00016664988943375646,0.00018205858884224045,0.00017791088088415564
189,0.0001854098208908302,0.00015648550295736642,0.00018076981103254687,0.00017644158533075826
190,0.0001810313646759217,0.00017572385899256916,0.00017967711033610003,0.00017574326269095765
191,0.0001768914336894846,0.00016622922092210502,0.00017881010125986194,0.00017586248965235427
192,0.00017813294524482142,0.00018656874250154941,0.00017744216959949372,0.00017332080566557123
193,0.0001696287200967264,0.00016233168891631068,0.00017616968769192072,0.00017260501874843614
194,0.00017993693346700943,0.00016703598899766802,0.00017523329886866523,0.00017236780322855342
195,0.00017447821634252453,0.00015615677868481724,0.00017463110991391455,0.00017074324255809189
196,0.00017117674772938092,0.00023520432005170734,0.0001739659427406473,0.0001695709625259042
197,0.00017064138600188824,0.00017606790876016022,0.00017319002104664426,0.00017170313806273046
198,0.0001771148294210434,0.0001542739977594465,0.0001719697760702628,0.0001704910620348528
199,0.00016353597056068895,0.00016723321052268148,0.00017104318205189578,0.00016966003775596619
200,0.0001704100655236592,0.00016302380303386598,0.00017044096363889465,0.00017635883884504436
201,0.00016301641357131303,0.00015155857225181534,0.00017002094261115414,0.00017660644722636794
202,0.00016999906989642315,0.0001536562474211678,0.00016926797498793651,0.00017651519768405706
203,0.00017226516666899746,0.00018016475019976496,0.00016828280800255016,0.0001750891822972335
204,0.0001648611577305322,0.00016441587707959114,0.00016750096623113176,0.00017404504597652703
205,0.0001633940185032164,0.00019357450946699828,0.0001666650535228352,0.00017219619143288582
206,0.00016721037038627804,0.0001707637688377872,0.00016606254658480695,0.00017126504922052843
207,0.0001655060016653604,0.00014263956021750345,0.00016527299984849786,0.0001703178436961025
208,0.000160931193192179,0.00014739524689503014,0.00016435948640444425,0.0001699039530009031
209,0.0001615735824452713,0.00022549035435076803,0.00016389794982581715,0.00016663491848157715
210,0.00016404327820055187,0.00014530136540997774,0.0001632638149364438,0.0001648832147475332
211,0.00016346511586258809,0.0001625467004487291,0.00016265689835029965,0.00016426500108791516
212,0.00016207286538297516,0.00033847910701297225,0.00016219100327386212,0.0001631782435113564
213,0.00017379689812918917,0.00017284009896684438,0.00016122943605813715,0.0001620687484042719
214,0.0001665856303103889,0.00015420426439959555,0.00016082751725593375,0.00016147228474728764
215,0.00015640219004126266,0.00014007347432198002,0.00015996436225121014,0.00016078306384151802
216,0.00015734538940402368,0.00014012581290444358,0.0001589791580232688,0.0001592194389551878
217,0.0001572351275374078,0.00014034737891051918,0.00015843701127450912,0.00016074674734845758
218,0.00015456604664602005,0.00013905313360737637,0.00015756839378607563,0.00015807806574739516
219,0.00016019826505928196,0.0001433558508870192,0.00015708667001712858,0.00015725447561126205
220,0.00015164038024118376,0.000145809511304833,0.00015617321145901868,0.00015746450776932765
221,0.00015963833326370353,0.00015347845706855878,0.0001559286434061101,0.00015693449605023492
222,0.00015478801376755453,0.00013227531540906058,0.00015507506859204214,0.0001535728754941374
223,0.00016194191476744083,0.00013881865626899525,0.0001541581708135911,0.0001529928861767985
224,0.00015188859364975038,0.000140064271108713,0.00015338281298366685,0.0001543741126661189
225,0.0001463708851305354,0.00013528642535675316,0.00015274618531370328,0.00014599345135502516
226,0.00015296844351622794,0.0001366469808272086,0.0001520005797760354,0.00014713251914363356
227,0.0001484201947783327,0.00013642572477692738,0.0001512109521194361,0.00014638699020724745
228,0.0001476350609704645,0.00014107412804150954,0.00015041339580331825,0.00014596928150858733
229,0.00015130748901154018,0.0002025985869113356,0.00014953404335925975,0.00014552192107075826
230,0.00014167858129237882,0.00012685746944043785,0.0001492055616587297,0.00014481937407981608
231,0.00015516727616260242,0.00015017401543445885,0.00014839461263941805,0.00014836340331239627
232,0.0001426695377126129,0.00014789036416914313,0.00014751066091961952,0.00014778121135896073
233,0.00015481699186946368,0.00013414495391771196,0.00014698612944792126,0.0001471855573821813
234,0.00014023421209357264,0.00014144984044833108,0.00014596064692207918,0.00014606580155668777
235,0.00014112083373927614,0.0001308016324765049,0.00014500455937813966,0.00014571209072601046
236,0.00014408117011448162,0.00019707736268173904,0.00014417555005703534,0.00014481313572032374
237,0.0001461571736338859,0.00012896257423562928,0.00014334894675864943,0.00014448910573264582
238,0.00015515675968749243,0.0002013167936820537,0.00014277225726335826,0.0001474906684714369
239,0.00014684493889540641,0.00013556604098994285,0.00014188594699112908,0.0001468157073832117
240,0.00013646328213831618,0.00012963075685547664,0.0001418338540605166,0.0001460761078749783
241,0.0001353615783025614,0.0001289418019587174,0.0001409722073469311,0.0001453372836927883
242,0.0001490230850241561,0.00012278370413696394,0.00014024471992937226,0.00014183678015833719
243,0.00013429232116322963,0.00022765386442188173,0.00013955540895048115,0.00014162079220404847
244,0.00013809947206431793,0.0001288010520511307,0.00013849382798006348,0.00014091996458591893
245,0.00013852709344872792,0.00013091816188534722,0.00013830338102739515,0.0001409373092814349
246,0.0001340012701176521,0.00012548456143122167,0.00013707389414258718,0.00014088887462858113
247,0.00013088582516906577,0.00012343254464212806,0.00013656133481482462,0.00014006835159379992
248,0.0001412166817398328,0.00011634478112682701,0.00013644492452084608,0.00014148502867901698
249,0.0001312235111901019,0.00013196352141676472,0.00013569883569143715,0.0001380512399482541
250,0.00013195364774825673,0.00021032549382653089,0.0001347595148991483,0.000139519572397694
251,0.00013081068671049758,0.00011977295362157747,0.00013363837167982843,0.00013633136104326696
252,0.0001471178715130211,0.00011793573707109317,0.00013277386363414639,0.0001353223582613282
253,0.00012609389313082727,0.00012260352348675952,0.0001322771481600487,0.0001344206556910649
254,0.00013312030357256945,0.0001150859985500574,0.00013196935346867475,0.0001343506772071123
255,0.0001244458068201008,0.00012145777058321983,0.00013107797428706867,0.00013578702135710047
256,0.00012862775190215973,0.00013265332498122007,0.00013039842868585967,0.00013096692585386335
257,0.00013790836389590468,0.0001483239815570414,0.00012949152174664453,0.0001304029833874665
258,0.00012407981974926467,0.00013293408759636804,0.0001286688285931531,0.0001295882021309808
259,0.0001274202288995083,0.00012093676457880064,0.00012791032340093,0.00012863227331545203
260,0.00013821057638981277,0.0001662185596069321,0.0001272834699575065,0.00012774118710076436
261,0.00012542894937925869,0.00011123264441266656,0.00012657018387302139,0.00012742394518572837
262,0.00012267415382666514,0.00016567088547162712,0.00012586708560249666,0.00012730915986467153
263,0.000127128179204495,0.0001216115098213777,0.0001253941937427347,0.00012292574809398503
264,0.00012523223775335484,0.00011034097144147382,0.00012474364323619136,0.00012372429583920166
265,0.0001240453952858742,0.00010708819259889423,0.00012323193612456736,0.00012378139758948236
266,0.00012766671101821378,0.00012719233985990285,0.0001229291824132411,0.00012316259912913664
267,0.00012673860548400423,0.00015869230788666754,0.00012256975073962368,0.00012343757634516805
268,0.00011730368113300453,0.00010715147684095427,0.00012200457320626207,0.00012257872781483458
269,0.00011542679858393967,0.00011470249039120972,0.00012131660656951781,0.00012179034301079812
270,0.00011795976461144164,0.00011054863047320396,0.00012020809384347459,0.00012043685922399165
271,0.00011503864031207438,0.0001015863410430029,0.00011969961978158812,0.0001191570309456438
272,0.00011521448908347844,0.00010115538927493617,0.00011944032060629174,0.00011997421673731878
273,0.00012338452962770436,0.00010841373325092717,0.00011841106313772294,0.00011738533623283731
274,0.00011364605442698424,0.00012909388839034365,0.00011797908727959213,0.00011703556200955065
275,0.0001201313512542078,0.00010074019955936819,0.00011751443929711565,0.000114245884900447
276,0.00011454692404691337,0.0001397366472519934,0.00011729080394272592,0.00011310698862653227
277,0.00010932519372242192,0.00011936328082811088,0.000116656181049378,0.00011251317049609498
278,0.00011852505034767092,0.00010713356197811664,0.00011622900649931076,0.00011203404234256597
279,0.00012413451173213415,0.00012196042895084247,0.00011533554540106304,0.00011075039862189444
280,0.00011031636848605962,9.99865573248826e-05,0.00011458958485875177,0.00010869817719794811
281,0.00011142858598355411,0.00011294370488030836,0.00011416448524234716,0.00010853513316251337
282,0.0001101955457448235,0.0001144868868868798,0.00011380884067685759,0.00010771965841995551
283,0.00011136796820210293,0.0001009383806376718,0.0001132804895809386,0.00010874904881929978
284,0.00012093774951709849,0.00014136640937067568,0.00011284137460752391,0.0001110810577753
285,0.00011247913967559321,0.00010149654699489474,0.0001127464387921565,0.00011086694947443902
286,0.00011462955292598862,0.0001024882888305001,0.00011209496898486071,0.00011049789311364293
287,0.00011105795426475298,9.592895774403587e-05,0.00011163985841299614,0.00010887685434427112
288,0.00012153729534475133,9.313910297350958e-05,0.00011069262843229809,0.00010929401894100011
289,0.00010936666541965678,9.54955181805417e-05,0.00011040190302495223,0.00010722325366223229
290,0.0001133660315341937,9.510998876066879e-05,0.00010997158347874777,0.00010588711762102318
291,0.00010533018356202067,9.51012468431145e-05,0.00010954694877598539,0.00010562863887753335
292,0.00010808959192622246,0.00010738677228800952,0.00010841308179402,0.00010437501709675415
293,0.00010667619072288896,0.00010307537595508621,0.00010844880914018075,0.00010425534631358458
294,0.00010653568444670074,9.431562182726338e-05,0.0001079652137220061,0.0001031650605262257
295,0.00010475098721346714,0.00013628339045681058,0.00010752174864561919,0.0001022724109236151
296,0.00010406076597670714,0.00015988656494300813,0.00010679836435463383,0.0001018049383885227
297,0.00011284109369929259,9.580268175341189e-05,0.00010587415040612946,9.947457853704691e-05
298,0.00010709778444531064,9.918732423102483e-05,0.00010510458837509051,9.90155496634543e-05
299,0.00010226829013036978,8.856791915604844e-05,0.00010416632026058826,9.840339714428412e-05
300,9.645060173675625e-05,0.00011116931447759271,0.00010337328387799465,9.826334546087311e-05
301,0.00010727878886326734,8.796751528279856e-05,0.00010231714715806044,9.800867927260698e-05
302,9.856720506731006e-05,8.595987979788333e-05,0.00010157980913904289,9.743690638570117e-05
303,0.00010790918277861136,0.00010067159339087084,0.00010075054190690732,9.698516225907954e-05
304,9.578783718299949e-05,9.061988443136215e-05,0.00010010327533236704,9.691825833870099e-05
305,0.00011120955214007861,9.69947877456434e-05,9.947879829689757e-05,9.629105452913791e-05
306,9.933870052918791e-05,8.568656019633636e-05,9.915143446285381e-05,9.55611702054739e-05
307,9.910891883515029e-05,9.217064682161436e-05,9.867118973892907e-05,9.506859468529e-05
308,9.32833609274692e-05,8.925156726036221e-05,9.830713955905392e-05,9.409352147486062e-05
309,9.783240080448903e-05,8.310741308378056e-05,9.788462884737076e-05,9.152716821990908e-05
310,9.324008889961988e-05,9.002082515507936e-05,9.70524548184282e-05,9.176888725487515e-05
311,9.117285006343284e-05,8.718447585124522e-05,9.643770874568468e-05,9.115592420566827e-05
312,9.123204469991227e-05,9.242766565876082e-05,9.578717317975436e-05,9.100366667844355e-05
313,9.513387734639562e-05,8.677244826685638e-05,9.542080571150614e-05,9.014534517191352e-05
314,9.093321494421818e-05,8.120119600789622e-05,9.45381410743317e-05,9.036229498451578e-05
315,9.263435073080473e-05,8.381638559512794e-05,9.409789498636706e-05,8.992560132173823e-05
316,8.91485191985137e-05,9.34286488336511e-05,9.31211640411574e-05,8.883161868434401e-05
317,9.247766603948549e-05,9.170667704893277e-05,9.26179146536419e-05,8.812247567111627e-05
318,9.849209487179501e-05,8.482826786348596e-05,9.151571181395817e-05,8.714710944332183e-05
319,9.452956634858209e-05,8.200123382266611e-05,9.114613881619234e-05,8.716632287250832e-05
320,9.564973271658851e-05,0.00011190656019607559,9.05064171775141e-05,8.638351557310671e-05
321,9.349799818462796e-05,9.57277335692197e-05,9.009734761784787e-05,8.58137256698683e-05
322,9.203674297572838e-05,0.00010184565762756392,8.989484133263534e-05,8.616151578025893e-05
323,9.172913262672308e-05,8.386324800085276e-05,8.947757233076524e-05,8.557138427859173e-05
324,8.60049009821119e-05,8.476148097543046e-05,8.910481896988738e-05,8.503292881650851e-05
325,8.729141503055063e-05,8.971127681434155e-05,8.865920668855931e-05,8.467931451741608e-05
326,8.521217293390591e-05,9.339126059785485e-05,8.813268257201546e-05,8.400532918749378e-05
327,8.756105286819447e-05,7.504253822844475e-05,8.770874618397405e-05,8.392157951602714e-05
328,8.349090914836982e-05,7.332202745601535e-05,8.724195802804185e-05,8.439072024775672e-05
329,8.320660249511194e-05,7.289130910066888e-05,8.715882155876088e-05,8.335418706992643e-05
330,8.365448114798508e-05,7.261063205078244e-05,8.661884329501642e-05,8.253241647034885e-05
331,9.009937558504235e-05,8.616689592599869e-05,8.609397025041592e-05,8.252712815301494e-05
332,8.311587786819371e-05,7.260046433657408e-05,8.581994256043496e-05,8.24599908781238e-05
333,8.305662193581359e-05,7.500681967940182e-05,8.497211386372025e-05,8.149389944737778e-05
334,9.276974367417602e-05,9.180216584354639e-05,8.442052718536515e-05,8.072491366183386e-05
335,8.280836385286724e-05,7.526753761339932e-05,8.397355014070247e-05,8.009662255644799e-05
336,8.185401604148663e-05,7.372308929916471e-05,8.338474039402273e-05,7.946290043182672e-05
337,8.00917376667106e-05,8.358730818144977e-05,8.292538320787974e-05,7.88185321725905e-05
338,8.197077443279947e-05,6.992281501879915e-05,8.254592941569473e-05,7.812918960116804e-05
339,8.033480524318293e-05,7.910745422123e-05,8.238595399889163e-05,7.798334365943448e-05
340,8.096464683250007e-05,9.554490388836711e-05,8.207889645062904e-05,7.762439498910681e-05
341,8.707010746648949e-05,6.751531938789412e-05,8.185832639056672e-05,7.773588917916643e-05
342,7.89782094458739e-05,7.116241205949336e-05,8.152694028362426e-05,7.751449133502321e-05
343,8.537026875678243e-05,8.469605993013829e-05,8.119017449175267e-05,7.733330905903132e-05
344,8.7678874099058e-05,8.032280195038766e-05,8.064809208897512e-05,7.696536413859577e-05
345,7.445401529872065e-05,8.775427442742512e-05,8.023774413385481e-05,7.66127060749568e-05
346,7.970833122575035e-05,7.650308893062175e-05,7.986467543620772e-05,7.616945527261122e-05
347,8.086231685916168e-05,8.613837999291719e-05,7.931815368323846e-05,7.511219015577807e-05
348,7.700888895972943e-05,6.802019488532096e-05,7.911547348129617e-05,7.502747261896728e-05
349,7.45209713285375e-05,6.865227449452504e-05,7.861633409144512e-05,7.471840888028964e-05
350,7.780507022592549e-05,7.247771252878011e-05,7.851846858749115e-05,7.459779367782176e-05
351,8.121278751382811e-05,8.974511205451563e-05,7.829730968708949e-05,7.461244768928737e-05
352,7.988461416162964e-05,6.606882147025317e-05,7.793549623877173e-05,7.435993468388916e-05
353,7.797665764681167e-05,7.61093822075054e-05,7.738563924956705e-05,7.458331504603848e-05
354,7.49219498215502e-05,6.735636299708857e-05,7.688300741881703e-05,7.429195487638935e-05
355,7.523533635119545e-05,6.808107515098528e-05,7.646700184139063e-05,7.471593897789716e-05
356,7.654731551560366e-05,7.696827291511e-05,7.589762860993183e-05,7.408693159231916e-05
357,7.285717899018588e-05,6.37840127456002e-05,7.534826898902086e-05,7.335515376180412e-05
358,7.372990449463639e-05,6.392554962076247e-05,7.512530823231727e-05,7.222326038172469e-05
359,7.910669984994456e-05,6.537053792271763e-05,7.478321029500674e-05,7.162823270773516e-05
360,7.774135880430953e-05,7.314959919312968e-05,7.434253693241367e-05,7.066670163767411e-05
361,6.937553129521096e-05,6.599649583222345e-05,7.417464360445997e-05,7.051606357563288e-05
362,7.764510006786118e-05,8.057192811975256e-05,7.392072705260944e-05,7.012726806569845e-05
363,7.644180192275801e-05,7.028916530543938e-05,7.337078238100125e-05,7.015395929338411e-05
364,7.128946903523886e-05,7.279462908627466e-05,7.287514559381331e-05,7.164669963531198e-05
365,6.721822210238315e-05,0.00010112941294210031,7.244760883493454e-05,7.163014048710466e-05
366,7.450431169773865e-05,6.023131514666602e-05,7.206365208257922e-05,7.203495346475394e-05
367,6.85780700102138e-05,8.176201459718869e-05,7.183038930331048e-05,7.183931604376995e-05
368,7.113593797031272e-05,6.897087529068813e-05,7.181595756458896e-05,7.170897599426098e-05
369,7.394488357628386e-05,6.202835618751123e-05,7.137297224997181e-05,7.091430757427587e-05
370,6.88799963811309e-05,5.945693992543965e-05,7.105359231581033e-05,7.096409425721505e-05
371,7.115588279298714e-05,6.162739708088339e-05,7.072578698765332e-05,7.105377225088887e-05
372,6.984548279433512e-05,6.210010324139147e-05,7.011825273350243e-05,7.063139810343274e-05
373,7.281155576088672e-05,6.425424333428965e-05,6.966050465093253e-05,7.023210442275742e-05
374,6.817305753227427e-05,5.893238674616441e-05,6.972594638710788e-05,6.982919898582623e-05
375,6.405645343572057e-05,7.314499322092161e-05,6.914941566744042e-05,6.9186089100549e-05
376,6.882186783412989e-05,0.00012706362060271203,6.881130746494617e-05,7.003103901515715e-05
377,6.919619518966e-05,6.56548427650705e-05,6.867831779753842e-05,6.942036618129351e-05
378,6.837773883792883e-05,8.62297066487372e-05,6.86263483085592e-05,6.887456869590098e-05
379,6.909038033983153e-05,6.246542747248896e-05,6.821105638357243e-05,6.879229352343829e-05
380,7.487454288315752e-05,6.48225739132613e-05,6.802794457148089e-05,6.770193026168272e-05
381,6.547268265017516e-05,5.710156241548248e-05,6.798644570420341e-05,6.831841559614984e-05
382,6.487268063614869e-05,6.502867981907911e-05,6.752257531657557e-05,6.819334218744188e-05
383,6.553477129071123e-05,6.616749946260825e-05,6.728423267777545e-05,6.812988987076097e-05
384,6.391834349617258e-05,5.4811184236314146e-05,6.699707159002882e-05,6.799959948402829e-05
385,6.629765674006194e-05,6.31672571762465e-05,6.66057215469967e-05,6.787754436954856e-05
386,7.101157469959515e-05,5.5923859908944e-05,6.626416016855122e-05,6.744821602478623e-05
387,6.323183207617451e-05,6.44941809878219e-05,6.626489490251212e-05,6.792943002656102e-05
388,6.798909686040133e-05,9.141291317064314e-05,6.614595138170342e-05,6.704863214399665e-05
389,6.7964727350045e-05,5.752780823968351e-05,6.587324668006557e-05,6.592789154965431e-05
390,6.591898487790281e-05,8.74844758072868e-05,6.567569655793099e-05,6.693384358659387e-05
391,6.412201357306912e-05,5.817443583509885e-05,6.53696679419631e-05,6.559677626355551e-05
392,6.40002747079254e-05,5.4502933053299785e-05,6.496903917351219e-05,6.535967448144221e-05
393,7.009846628837597e-05,8.43830086523667e-05,6.438045975778045e-05,6.543667468358763e-05
394,6.234812388558768e-05,5.890152096981183e-05,6.448793173767627e-05,6.632621734170243e-05
395,6.292143041112771e-05,5.7870632008416575e-05,6.423329737024485e-05,6.58547340077348e-05
396,6.397685559932143e-05,5.837013741256669e-05,6.42211406300905e-05,6.563213387271388e-05
397,6.006173171853233e-05,5.904872537939809e-05,6.396026821037393e-05,6.723434922751038e-05
398,6.427252129974982e-05,5.352103471523151e-05,6.381304511806877e-05,6.668867314001544e-05
399,6.81914258812968e-05,7.09627367905341e-05,6.336000015499951e-05,6.646491370047442e-05
400,6.108286541550317e-05,5.112504615681246e-05,6.316686745623076e-05,6.612129009445197e-05
401,6.200425029318365e-05,9.904510574415326e-05,6.29953677031962e-05,6.46049518371001e-05
402,6.425744213629514e-05,9.080364368855953e-05,6.260119060203175e-05,6.513523592147976e-05
403,6.0727023438731624e-05,5.280302357277833e-05,6.233083166977545e-05,6.376136106555349e-05
404,5.907466112855925e-05,5.653788291965611e-05,6.2259581473255e-05,6.356691157561727e-05
405,6.01600574898637e-05,6.674757896689698e-05,6.19813008592852e-05,6.347107123583557e-05
406,6.81594821475705e-05,7.934012886835262e-05,6.142654366914131e-05,6.202877765172162e-05
407,5.850682145036343e-05,5.324159646988846e-05,6.130192688530466e-05,6.18251473410055e-05
408,6.523085278685257e-05,6.060249608708545e-05,6.115766515690161e-05,6.205689873895608e-05
409,5.7396533003258e-05,9.486656810622662e-05,6.0835973732496825e-05,6.212661846657284e-05
410,6.261707943243285e-05,4.9525354988873005e-05,6.0663335624526054e-05,6.174636086798274e-05
411,5.968545062286365e-05,5.0329873920418323e-05,6.0305091187344974e-05,6.254061195650139e-05
412,5.840351460695577e-05,5.5903590837260705e-05,6.024439686734695e-05,6.594314886606299e-05
413,6.370160303453708e-05,5.3504456736845896e-05,6.0529148896845675e-05,6.594744619214908e-05
414,5.811029982093411e-05,7.078491034917533e-05,6.03228743673147e-05,6.417407249682583e-05
415,5.916001157149569e-05,5.313760440913029e-05,5.988341927101525e-05,6.270748943788931e-05
416,6.234075866005797e-05,5.331319858669303e-05,5.965504188530354e-05,6.281673411140218e-05
417,5.704325935868029e-05,5.210692455875687e-05,5.947181142983027e-05,6.268239898490719e-05
418,5.622953653477857e-05,4.832566904951818e-05,5.953191080156507e-05,6.224161663558334e-05
419,5.923270428967145e-05,5.381076320190914e-05,5.899940698679227e-05,6.120499904500321e-05
420,5.931488720105133e-05,6.366441695718095e-05,5.881263865610689e-05,6.107952325837687e-05
421,5.5934569989201715e-05,6.011313060298562e-05,5.8480396957020276e-05,6.0561977326869964e-05
422,5.5745779019263054e-05,4.954228541464545e-05,5.829317763370151e-05,5.895326604368165e-05
423,5.531641037022281e-05,7.337731192819775e-05,5.7890101918666116e-05,5.911279623396694e-05
424,6.667406788134637e-05,0.0001560261595295742,5.7643638792473626e-05,5.9246952988905835e-05
425,6.820166615297139e-05,5.1232479308964684e-05,5.758118729055342e-05,5.899369227117858e-05
426,5.684738705490923e-05,5.4710763361072165e-05,5.730450839101751e-05,5.865486421971582e-05
427,5.32710647288089e-05,5.41390672151465e-05,5.7069564245951664e-05,5.7632666884455834e-05
428,5.501758879593884e-05,5.553414041060023e-05,5.6794338145603734e-05,5.7619888614863155e-05
429,5.449389974172745e-05,5.3179504757281396e-05,5.632914931759135e-05,5.728785628452897e-05
430,6.16625417832337e-05,5.572802023380064e-05,5.606875053231811e-05,5.70590318820905e-05
431,5.4846886778250335e-05,5.3424689103849235e-05,5.596478073987075e-05,5.700598951079883e-05
432,5.383761318322892e-05,5.010470180422999e-05,5.598074394252358e-05,5.668795906822197e-05
433,5.6924810309687424e-05,4.766384779941291e-05,5.5604832878776104e-05,5.6024700764101e-05
434,5.2716049920288946e-05,5.464878602651879e-05,5.56129170064297e-05,5.54824276769068e-05
435,5.254018655654767e-05,5.351360974600538e-05,5.543565301567368e-05,5.53612595424056e-05
436,5.35238724680514e-05,5.368379279389046e-05,5.5162917437458724e-05,5.467863508383744e-05
437,5.684222705895081e-05,4.957207289407961e-05,5.4605483382409956e-05,5.0329604104626924e-05
438,5.678463054613935e-05,4.5033755450276656e-05,5.3806287149846964e-05,5.0118985632434485e-05
439,5.223669619428822e-05,4.522997696767561e-05,5.370753494466448e-05,4.96679732168559e-05
440,5.227935906279729e-05,5.281814766931348e-05,5.385291024091809e-05,4.920510616502724e-05
441,5.0711037959748256e-05,4.501239032833837e-05,5.357797685590211e-05,4.8753689666045836e-05
442,5.053328972684944e-05,4.638631449779495e-05,5.3684185228323466e-05,4.85561147739645e-05
443,5.3630291723594486e-05,4.69996097672265e-05,5.315614133109597e-05,4.804421568987891e-05
444,5.9631784355992244e-05,4.5860002137487756e-05,5.290573324147974e-05,4.7921886172844094e-05
445,4.991711060736432e-05,4.708295935415663e-05,5.284757604790179e-05,4.904647448565811e-05
446,5.6136673180541644e-05,4.6556303423130886e-05,5.267345074260245e-05,4.882065700367094e-05
447,5.1314179250362536e-05,4.651308205211535e-05,5.261554268719111e-05,4.8359335068380474e-05
448,4.8498020914848896e-05,5.631170046399347e-05,5.259665373790389e-05,4.812125875032507e-05
449,5.273821650512724e-05,4.7300385049311444e-05,5.243013628254024e-05,4.864544394658879e-05
450,4.822176033889668e-05,4.5967017504153775e-05,5.238544985833061e-05,4.880803689011373e-05
451,5.4378581925347035e-05,4.343545297160745e-05,5.234418756056888e-05,4.923049639328383e-05
452,5.690544713514909e-05,4.256739091943018e-05,5.217572210886931e-05,4.93120837258175e-05
453,4.814425417053927e-05,4.424872793606483e-05,5.214710726480311e-05,4.915404841885903e-05
454,5.714910905226134e-05,4.824013245524839e-05,5.2005386725714854e-05,4.907380247605034e-05
455,4.84614443525465e-05,4.293054313166067e-05,5.194185614236632e-05,4.887077833991498e-05
456,4.8586684537844525e-05,5.036645117797889e-05,5.1935793207829006e-05,4.872326952754521e-05
457,5.2383683343780124e-05,7.82194096245803e-05,5.16048551491824e-05,4.9284152965992694e-05
458,5.257167767720401e-05,4.201841074973345e-05,5.159749709677676e-05,4.921320014982485e-05
459,5.126834853500542e-05,4.3115737644257026e-05,5.128729412034672e-05,4.92663580866065e-05
460,5.206796282436699e-05,4.75617017946206e-05,5.109444472052727e-05,4.901014984352514e-05
461,4.9360936083960246e-05,6.678842270048335e-05,5.098269458685537e-05,4.835108001716436e-05
462,5.572506645370999e-05,5.3636896482203155e-05,5.0930783343695426e-05,4.8398396663833425e-05
463,5.575307310209609e-05,5.5595243029529226e-05,5.084986348002633e-05,4.836890624137596e-05
464,4.802505990179877e-05,4.726966028101742e-05,5.04876090045501e-05,5.0389129528775816e-05
465,5.156398796114243e-05,4.886726499535143e-05,5.033775185616428e-05,5.053320793667808e-05
466,4.716802448254182e-05,4.300624175812118e-05,5.02379615147624e-05,5.034663717378863e-05
467,4.894502514313596e-05,4.131071109441109e-05,4.988256352856601e-05,5.0363002967787907e-05
468,5.347871836016162e-05,4.331188945798203e-05,5.004076817454512e-05,5.074921986088157e-05
469,5.135833288982717e-05,5.988208809867501e-05,5.018493003541759e-05,5.074566536932253e-05
470,4.973315929722351e-05,4.530913894996047e-05,5.0051383340744204e-05,5.000070772948675e-05
471,4.8381598769790595e-05,4.788525184267201e-05,4.985438082690557e-05,5.0021639867918566e-05
472,4.6492944254876216e-05,4.01078759750817e-05,4.9713000719202675e-05,5.015139326569625e-05
473,4.5704267573051364e-05,3.983495480497368e-05,4.9448309836831564e-05,5.069650116492995e-05
474,5.1440435426128614e-05,4.848330121603794e-05,4.9263550691668765e-05,5.04373403673526e-05
475,4.619876374716922e-05,4.522975694271736e-05,4.888408002378936e-05,4.985218428773806e-05
476,4.5322220038441526e-05,9.39410351566039e-05,4.8460186517008375e-05,4.9680401745717984e-05
477,5.315901842550375e-05,4.6169351116986944e-05,4.845985641069193e-05,4.944684409420007e-05
478,4.56494956354921e-05,3.958445886382833e-05,4.821776085947123e-05,4.969781168620103e-05
479,4.826415939735145e-05,4.86492773052305e-05,4.812634720389421e-05,4.991508796811104e-05
480,5.2416560502024366e-05,5.258596545900218e-05,4.7885753216299546e-05,5.02185324963648e-05
481,5.2190731059656374e-05,5.02775888890028e-05,4.757314613800393e-05,5.081421302747914e-05
482,4.9045015976945355e-05,5.959546862868592e-05,4.7404994616065075e-05,5.019955593161284e-05
483,4.764661483123847e-05,4.254171421052888e-05,4.720329103519261e-05,4.9915988772409035e-05
484,4.773384584243306e-05,4.6359572588698936e-05,4.723393979333601e-05,4.962886241264641e-05
485,4.545069076508904e-05,6.118939927546307e-05,4.719057789544524e-05,4.9639158253557974e-05
486,4.474195745489043e-05,6.030940276104957e-05,4.727853046044605e-05,4.958801080938429e-05
487,4.62382997567248e-05,3.9007994491839784e-05,4.7070277530454206e-05,4.913894448545761e-05
488,4.515573543257132e-05,5.130067947902717e-05,4.695623897876229e-05,4.887672172044404e-05
489,4.801680724388764e-05,4.1430718993069605e-05,4.686918752591334e-05,4.6661984053207565e-05
490,4.551159918062492e-05,5.5141454795375465e-05,4.6527216462547794e-05,4.6298568986821915e-05
491,4.488268309311631e-05,4.843814880587161e-05,4.64469410718367e-05,4.635531957028434e-05
492,4.2930175453269234e-05,4.889682430075482e-05,4.622403435512549e-05,4.6458683646051216e-05
493,4.566354140277124e-05,5.820390273584053e-05,4.577248051387464e-05,4.603158706449904e-05
494,4.715454484135585e-05,4.451566070201807e-05,4.541088358770746e-05,4.54277933225967e-05
495,4.469056977541186e-05,3.821995996986516e-05,4.551409025249693e-05,4.46184030326549e-05
496,4.914781772337544e-05,4.070709284860641e-05,4.527197821589653e-05,4.5183857431402434e-05
497,4.5408896807607054e-05,4.036527199787088e-05,4.5023252574739876e-05,4.538279920234345e-05
498,4.7903081698071524e-05,3.8556268700631333e-05,4.488496310886047e-05,4.496482335962356e-05
499,4.623411217633273e-05,3.7256643117871136e-05,4.483404494854362e-05,4.396251871949062e-05
500,4.3347799954871235e-05,3.867418781737797e-05,4.465073829018769e-05,4.4274449121439844e-05
501,4.3145933717217606e-05,3.857259347569197e-05,4.4592843563037195e-05,4.3992573383729916e-05
502,4.460974184136527e-05,3.70839744573459e-05,4.431892560258145e-05,4.480720367864707e-05
503,4.3642610867714715e-05,4.100322345038876e-05,4.434399321132029e-05,4.42888735269662e-05
504,4.269149147957149e-05,5.1233379199402404e-05,4.422126919800777e-05,4.399907260085456e-05
505,4.112771447075324e-05,4.190855092019774e-05,4.42151256846652e-05,4.366300223045982e-05
506,4.315080790547654e-05,3.518274534144439e-05,4.4029110879960685e-05,4.2755237367236984e-05
507,5.162518259668205e-05,3.936071138014086e-05,4.397118102578033e-05,4.248544496949761e-05
508,4.15938139162285e-05,5.667807417921722e-05,4.3951437077743715e-05,4.259091020794585e-05
509,4.15157048135168e-05,5.133311686222442e-05,4.358330592804122e-05,4.256840229500085e-05
510,4.199345411810403e-05,5.074000320746564e-05,4.3357851007021964e-05,4.2362785025034106e-05
511,4.3469003446969306e-05,3.525178675772622e-05,4.310005181954087e-05,4.236249745008537e-05
512,4.165563329782647e-05,4.680625454057008e-05,4.2971315145001016e-05,4.2347328498726715e-05
513,4.370836725380892e-05,4.425378603627905e-05,4.274426813062745e-05,4.230445414432325e-05
514,4.116885823249403e-05,6.179647636599838e-05,4.269826057328221e-05,4.2202630633255476e-05
515,4.613828939909581e-05,4.218320100335404e-05,4.259521348996915e-05,4.4071796099888166e-05
516,4.181458276030349e-05,4.119312565308064e-05,4.268962198208707e-05,4.3868971528718254e-05
517,4.277658761970492e-05,4.0495065040886405e-05,4.249910558218188e-05,4.3233155080815774e-05
518,4.101317128515802e-05,3.5509781155269594e-05,4.248188665337188e-05,4.3022474576719105e-05
519,4.5706298486847014e-05,3.7770850758533926e-05,4.233694269302456e-05,4.35149469296448e-05
520,4.419697107449691e-05,4.0856590931070966e-05,4.190892845929031e-05,4.3325282819569124e-05
521,3.994453898081297e-05,4.014439502498135e-05,4.1854631391793696e-05,4.2699269315926364e-05
522,3.9772523782125465e-05,3.522484024870209e-05,4.1735939410217624e-05,4.275997551740147e-05
523,4.14581020110442e-05,3.854907932691276e-05,4.15861662435216e-05,4.210921129561031e-05
524,4.301569531283652e-05,3.687741933390498e-05,4.137298911842259e-05,4.208023594692351e-05
525,3.7671624595532195e-05,3.760232895729132e-05,4.133932612829893e-05,4.17106475448236e-05
526,4.199574478358651e-05,3.602700569899753e-05,4.108346549781143e-05,4.1301433159969756e-05
527,4.2033564758538785e-05,8.381311112316325e-05,4.11579610411233e-05,4.0831693698419267e-05
528,4.6002823170662545e-05,3.593260917114094e-05,4.088772842013795e-05,4.055988584877924e-05
529,3.7928581481941767e-05,3.5337968001840635e-05,4.0674346177386016e-05,4.0467622067080814e-05
530,4.069724125050319e-05,3.664153831778094e-05,4.079035542187436e-05,4.02440843579825e-05
531,3.952720889679363e-05,4.749455416458659e-05,4.0568315047292143e-05,4.053509561344981e-05
532,4.092482675332576e-05,3.461910862824879e-05,4.022667785983584e-05,4.0360380685888235e-05
533,4.023638722881313e-05,4.10277365881484e-05,3.9932787716841425e-05,4.0634565497748554e-05
534,3.8548405274114985e-05,5.285077189910226e-05,3.988925694332768e-05,4.053780039539562e-05
535,3.824912495070344e-05,3.447089766268618e-05,3.9856184091897575e-05,4.100464620278218e-05
536,3.813957531949402e-05,3.4527403040556235e-05,3.970970662938068e-05,4.118988631526009e-05
537,4.081405854473511e-05,3.756654448807239e-05,3.953962056418984e-05,4.1558688227087256e-05
538,3.731185149162128e-05,3.4023426414933056e-05,3.9700782523464615e-05,4.13660368823912e-05
539,4.3031246815290714e-05,5.005298982723616e-05,3.949202118738968e-05,4.123895622906274e-05
540,3.9382473874462046e-05,3.5388004762353374e-05,3.943452303517713e-05,3.9595895167440177e-05
541,3.648002669150527e-05,3.8886531110620124e-05,3.913397896814988e-05,3.94031057076063e-05
542,4.567681873191355e-05,3.490662231342867e-05,3.927145587060497e-05,3.945697007002309e-05
543,3.546216192060254e-05,4.2785062541952355e-05,3.931534466553583e-05,3.932242872542702e-05
544,3.716536880043956e-05,3.34029775694944e-05,3.912095208975693e-05,3.877748743980191e-05
545,3.6849717499636526e-05,4.7711211227579045e-05,3.903978337378552e-05,3.862135548260994e-05
546,3.8856269642969386e-05,3.772526746615768e-05,3.8906918167291834e-05,3.820249942946248e-05
547,3.894570249637279e-05,4.689598543336615e-05,3.8780181740811614e-05,3.7670083279954266e-05
548,3.7796165448121934e-05,4.31800821388606e-05,3.8706034533485465e-05,3.762705538538285e-05
549,3.8763543683065414e-05,4.60974671295844e-05,3.857612223720126e-05,3.755686697550118e-05
550,4.170067357740158e-05,3.278604533988982e-05,3.831567656339353e-05,3.735507542151027e-05
551,3.6776711381713134e-05,3.2849989365786315e-05,3.8243238671889726e-05,3.726551388390363e-05
552,4.059611095322503e-05,4.273658458259888e-05,3.7910561750241966e-05,3.652674620971083e-05
553,3.8489221494981194e-05,3.111287267529406e-05,3.7995908123816154e-05,3.7647843622835354e-05
554,4.1365504043319054e-05,3.668457706226036e-05,3.806818561925966e-05,3.7455841380869964e-05
555,4.1794461123774656e-05,3.3278004702879113e-05,3.799239792537668e-05,3.741835898836143e-05
556,3.466739450232126e-05,3.387102202395909e-05,3.804661917577808e-05,3.7087813246762385e-05
557,3.88956088540403e-05,3.071580969844945e-05,3.7906307790156764e-05,3.697614046977833e-05
558,3.691475706647098e-05,3.055633525946178e-05,3.795539285412007e-05,3.681614385568537e-05
559,3.537999461210954e-05,3.954036816139706e-05,3.7859531238144794e-05,3.699835255974904e-05
560,3.639544476754963e-05,3.3395200298400595e-05,3.775045234199045e-05,3.65379665105138e-05
561,3.489176791238909e-05,3.277269279351458e-05,3.7714906850790924e-05,3.655173128354363e-05
562,3.4302916699541835e-05,3.252175563829951e-05,3.749179597394283e-05,3.595488838036544e-05
563,3.550090420402638e-05,3.178438797476701e-05,3.718066896577107e-05,3.5830750508466735e-05
564,3.4714323774096557e-05,3.15837979724165e-05,3.7289164212415924e-05,3.567459761397913e-05
565,4.151613321381673e-05,6.34154400904663e-05,3.709816954506095e-05,3.5452573926886544e-05
566,3.828696407759303e-05,3.4086475061485544e-05,3.690195575311211e-05,3.603537496528589e-05
567,4.3782126384839004e-05,3.3969562500715257e-05,3.671206779706861e-05,3.571089761680924e-05
568,3.681769318063743e-05,3.452141900197603e-05,3.6690794137798045e-05,3.577004627441057e-05
569,3.3657584159906645e-05,3.0611158144893125e-05,3.6661242742815784e-05,3.567832618136891e-05
570,3.807684409871904e-05,4.371129587525502e-05,3.643032806123503e-05,3.568850512965583e-05
571,3.645972924358729e-05,4.22804850677494e-05,3.644105832984981e-05,3.661257046042011e-05
572,3.621873009251431e-05,3.538633420248516e-05,3.659651484502117e-05,3.619133176398464e-05
573,3.690752816813377e-05,4.352420146460645e-05,3.6400055853947475e-05,3.604249617201276e-05
574,3.318577176186308e-05,3.117639455012977e-05,3.6358673963695765e-05,3.6123542120913054e-05
575,3.3922498373107775e-05,2.9682598542422055e-05,3.630005757085099e-05,3.6204085440840574e-05
576,3.948909254783454e-05,2.89461670035962e-05,3.6223431652696383e-05,3.607407516683452e-05
577,3.5821244269350754e-05,3.7185992405284195e-05,3.610960795647568e-05,3.622653620550409e-05
578,3.358387669626002e-05,4.5682898635277526e-05,3.5957526148801355e-05,3.5069424298126255e-05
579,3.66183051422316e-05,2.8572643350344153e-05,3.5929093141587346e-05,3.506219977862202e-05
580,4.126261964201048e-05,3.475672114291228e-05,3.5507011537427186e-05,3.505247096181847e-05
581,3.392860962776467e-05,3.157801969791763e-05,3.529626704435537e-05,3.5673996369587255e-05
582,3.312274181452166e-05,3.0970283405622466e-05,3.524079036109874e-05,3.5675486706895747e-05
583,3.7183013781840496e-05,5.3657968528568745e-05,3.497232506633736e-05,3.511353310314007e-05
584,3.926640749139349e-05,2.9009400750510396e-05,3.509625248294065e-05,3.4564699878683304e-05
585,3.148396999070731e-05,2.967431049910374e-05,3.504176593107534e-05,3.437817010562866e-05
586,3.385722065609621e-05,3.479884151602164e-05,3.513279279771572e-05,3.448805594816804e-05
587,3.2837506878422574e-05,3.453533863648772e-05,3.502989127882757e-05,3.4580029436619955e-05
588,3.3585256250161265e-05,2.853413112461567e-05,3.495008053400348e-05,3.499017319991253e-05
589,3.1868731368578865e-05,3.539532393915579e-05,3.460472276201473e-05,3.5034228407312185e-05
590,3.771408802195866e-05,3.448764240602032e-05,3.44193784119044e-05,3.4688357217237355e-05
591,3.757613889724275e-05,3.390586207387969e-05,3.4289892813669414e-05,3.402213408262469e-05
592,3.323008628083497e-05,3.372634208062664e-05,3.401399177576726e-05,3.394682564248797e-05
593,3.154908085384199e-05,5.005955419619568e-05,3.356448588310741e-05,3.429254442162347e-05
594,3.227066707849089e-05,3.064841657760553e-05,3.371220197586808e-05,3.4079994176863694e-05
595,3.1365211729684636e-05,2.966245578136295e-05,3.371972887317598e-05,3.395292376808357e-05
596,3.9557914658669484e-05,2.8559654456330463e-05,3.36052695011151e-05,3.3315810127533046e-05
597,3.4856566295881444e-05,3.072308987611905e-05,3.338034174683142e-05,3.396534966595937e-05
598,3.9183199834143225e-05,4.62713475280907e-05,3.351596163702198e-05,3.3795941676362413e-05
599,3.061323378965931e-05,3.3475731761427596e-05,3.3449128726432614e-05,3.343644355481956e-05
600,3.1927229752505406e-05,3.9936192624736574e-05,3.3406959544906075e-05,3.401624922116752e-05
601,3.0855148248115764e-05,3.0047547188587486e-05,3.339847188682244e-05,3.398331346106715e-05
602,3.118763551659261e-05,2.8539212653413415e-05,3.343846173504264e-05,3.370143729262054e-05
603,3.0346736740385598e-05,2.902732026996091e-05,3.320398548158765e-05,3.363821523380466e-05
604,2.9720779194677663e-05,2.668993234692607e-05,3.284901697414979e-05,3.364434887189419e-05
605,3.002497232551428e-05,4.3399690621299666e-05,3.2977550347600804e-05,3.34052570979111e-05
606,3.762151194678154e-05,2.626426357892342e-05,3.295888015725521e-05,3.254065952496603e-05
607,3.331091424721914e-05,2.7793523186119275e-05,3.292878383088262e-05,3.231889911403414e-05
608,3.432152948031823e-05,3.7730127514805646e-05,3.2956678443911694e-05,3.2944511869573036e-05
609,3.36432136343016e-05,4.524788921116851e-05,3.2734159388281926e-05,3.2860605019959615e-05
610,3.487446724547125e-05,2.5439110759180038e-05,3.250637772208493e-05,3.2637879400863306e-05
611,3.21863978913623e-05,2.5811388477450238e-05,3.2258225961898764e-05,3.1874088922631926e-05
612,3.1783277340259194e-05,4.9030480295186865e-05,3.230801025573682e-05,3.171867536439095e-05
613,3.3373064798070115e-05,2.7710737122106366e-05,3.2243715456247126e-05,3.128878251009155e-05
614,3.2868477574083955e-05,2.8348419727990405e-05,3.233947765935834e-05,3.116127598623279e-05
615,3.1852181685583976e-05,3.290709093562327e-05,3.229915950052803e-05,3.117630851047579e-05
616,2.870192621129617e-05,3.4059203026117755e-05,3.233713160087872e-05,3.121989337087143e-05
617,3.644342061711035e-05,2.774904773104936e-05,3.238263299992671e-05,3.114775459107477e-05
618,3.108232609520201e-05,2.844461487256922e-05,3.255652243355548e-05,3.048620993795339e-05
619,3.151825891917623e-05,2.5104406304308214e-05,3.223923349740088e-05,3.07572672754759e-05
620,3.206257705541146e-05,4.530277466983535e-05,3.215478165075183e-05,3.063863881106954e-05
621,3.3994938267925235e-05,2.646198321599513e-05,3.189201947211081e-05,3.0379271451965904e-05
622,2.916202464095679e-05,2.5154949398711323e-05,3.173152405797737e-05,2.960721168492455e-05
623,3.297940582948892e-05,2.7176585572306067e-05,3.200662691168772e-05,2.9789125759270977e-05
624,3.185784113561062e-05,2.95903928054031e-05,3.184534789195621e-05,2.973437947512139e-05
625,3.031985976526307e-05,2.918887126725167e-05,3.173955245114888e-05,2.8794327817740854e-05
626,3.324920332589601e-05,2.685988409211859e-05,3.1597210156582555e-05,2.941946785431356e-05
627,3.0179681545834885e-05,2.8915025759488343e-05,3.155034658476426e-05,2.9374725854722787e-05
628,3.129603924915298e-05,3.0116941779851913e-05,3.140420263920937e-05,2.9111283508245837e-05
629,3.085831417087724e-05,2.4886462852009573e-05,3.145404497319962e-05,2.9426622993196364e-05
630,3.4372208166233676e-05,2.686107429326512e-05,3.131271504033874e-05,2.9749632920720617e-05
631,2.9689288542916377e-05,3.304069701698609e-05,3.124159071950191e-05,2.991215932706837e-05
632,3.119961808099308e-05,2.4827811575960368e-05,3.1226378623654865e-05,3.0634384817676624e-05
633,2.775247501429274e-05,3.124594353721477e-05,3.116314280697326e-05,2.9903789915260858e-05
634,2.963082828096554e-05,2.5946395035134628e-05,3.104326461406244e-05,2.9911963632912376e-05
635,4.175203858822998e-05,2.9986962617840616e-05,3.122991749987705e-05,2.9856114901485848e-05
636,2.815442239807453e-05,2.4442731373710557e-05,3.104983560155638e-05,2.9728905620868313e-05
637,2.9138391320076255e-05,2.5529188860673457e-05,3.1028364317575736e-05,2.953300115186721e-05
638,2.9814507433911787e-05,4.333923803642392e-05,3.115298299768862e-05,2.9538708820473403e-05
639,3.1696888278626526e-05,2.7229869738221167e-05,3.092238888315882e-05,2.9373599935206587e-05
640,2.819858304671167e-05,2.632103227369953e-05,3.093927827350046e-05,2.9202595780952838e-05
641,2.9947984561052484e-05,4.194269014988095e-05,3.079388647569835e-05,2.9117811252945107e-05
642,3.291017229558848e-05,3.5824295919155704e-05,3.065642298881559e-05,2.9165982460835955e-05
643,2.9304218074280977e-05,3.250777503126301e-05,3.0433086413379187e-05,2.898944935004693e-05
644,3.113795652300016e-05,4.3160043569514526e-05,3.067555020501863e-05,2.868713767093141e-05
645,3.0481681638371407e-05,2.703790210944135e-05,3.056658310670172e-05,2.875541374378373e-05
646,3.099798344515471e-05,2.6666326157283038e-05,3.0500651349009582e-05,2.849427544570063e-05
647,3.382834678632207e-05,2.375873111304827e-05,3.0464256255395916e-05,2.8507383758551446e-05
648,2.847735837147209e-05,2.399635355686769e-05,3.0008253447562712e-05,2.8470622675376948e-05
649,3.132105903609449e-05,2.4692781080375427e-05,2.9970550085838313e-05,2.8508104299544362e-05
650,3.343532676808536e-05,2.9331562982406466e-05,2.9938876210912393e-05,2.9114994787960312e-05
651,2.7484350462651087e-05,2.2732161960448137e-05,2.9963210054847876e-05,2.8666228140355087e-05
652,3.060191630437556e-05,2.463992190314457e-05,2.9788346840036367e-05,2.8553160830051638e-05
653,2.7661244304100467e-05,2.7997328579658643e-05,2.9848148120638347e-05,2.8836348262848332e-05
654,2.742172699880838e-05,2.6090743049280717e-05,2.9810517173124636e-05,2.8239177243085577e-05
655,2.878879378032353e-05,2.2447746523539536e-05,2.9629097840612914e-05,2.8094065003097054e-05
656,3.575088333390239e-05,2.5482905039098112e-05,2.9516884575746697e-05,2.777988954039756e-05
657,2.847544062307053e-05,2.6534713397268208e-05,2.948673914377448e-05,2.7149930005543862e-05
658,2.6104181071989135e-05,2.4717486085137352e-05,2.947801122386914e-05,2.71960461337585e-05
659,2.872095094062388e-05,2.627410285640508e-05,2.9410847245566806e-05,2.7058749634306877e-05
660,3.0351968392399915e-05,2.9067935538478197e-05,2.9243639931761815e-05,2.7774522645631802e-05
661,2.7211838354964535e-05,2.537977197789587e-05,2.9252008870632077e-05,2.9233208968071267e-05
662,2.8346544446928116e-05,4.070145107107237e-05,2.92538411556355e-05,2.9362066698377023e-05
663,3.0422853532298985e-05,3.212007184629328e-05,2.907114185687128e-05,2.9112113849259916e-05
664,2.7325307908338597e-05,2.4403186980634928e-05,2.900579603107568e-05,2.9132296456373303e-05
665,2.9693615061761293e-05,3.340071809361689e-05,2.884326677934344e-05,2.901362061093096e-05
666,2.9007210873209663e-05,2.7013414655812084e-05,2.8713683321418808e-05,2.8887854728964163e-05
667,2.8374688982795407e-05,3.219648991944268e-05,2.8638525982710738e-05,2.871241533721332e-05
668,2.6498886452625608e-05,2.465338846377563e-05,2.8677674625295267e-05,2.8789991282974374e-05
669,3.038432072369485e-05,2.741105519817211e-05,2.8376029269970278e-05,2.8639808727893987e-05
670,3.0263483640737832e-05,2.819080531480722e-05,2.8242005609920143e-05,2.914613767061383e-05
671,2.9318883987596362e-05,2.3233913670992477e-05,2.8226753842965177e-05,2.9060820766608236e-05
672,2.9648163941197306e-05,4.1653056396171454e-05,2.8083437150538274e-05,2.8852032453869474e-05
673,2.868658184322865e-05,6.0463511617854236e-05,2.7966786980363797e-05,2.856310838251375e-05
674,3.1366866161180144e-05,2.7914224338019265e-05,2.7909879419571046e-05,2.8399577239179054e-05
675,2.886784429897994e-05,2.3082741754478776e-05,2.794575267325854e-05,2.7960592359886508e-05
676,2.5850704817761048e-05,2.323672713828273e-05,2.7828988061163627e-05,2.753091389022302e-05
677,2.6538685011069497e-05,2.1673025767086074e-05,2.786989470720679e-05,2.7636959674418906e-05
678,2.442165785598465e-05,2.4853181530488653e-05,2.7769393869837385e-05,2.716512373590376e-05
679,2.554279353110663e-05,2.1704758255509658e-05,2.773905633657705e-05,2.6952958430047148e-05
680,2.976750984493669e-05,2.4387145167565904e-05,2.7697591532099375e-05,2.664382352959365e-05
681,2.820974945077776e-05,2.172834116208833e-05,2.7882236104536182e-05,2.6518850834690967e-05
682,2.512484912181713e-05,3.919293696526438e-05,2.7616302481813673e-05,2.694649443437811e-05
683,2.572288689811507e-05,2.258456348499749e-05,2.768857641624184e-05,2.8059018406202083e-05
684,2.5138033629951274e-05,2.1054395037936047e-05,2.783051294294031e-05,2.7973628856125283e-05
685,2.7435714138037938e-05,2.1844833754585123e-05,2.766432118401604e-05,2.7150768606225028e-05
686,2.5789149335145744e-05,2.1291493394528514e-05,2.743859707924356e-05,2.5529610639205205e-05
687,2.9243375789115413e-05,2.9726829088758676e-05,2.7177953394614938e-05,2.529159441182856e-05
688,2.7503738229926158e-05,2.137811010470614e-05,2.7130324716886713e-05,2.5437933171633635e-05
689,2.834797405941774e-05,2.7054331585532054e-05,2.7094211432591285e-05,2.5311871434678326e-05
690,2.7181094127526092e-05,2.1604819630738346e-05,2.705097621009271e-05,2.575666028133128e-05
691,2.8248772541701327e-05,2.1709282009396702e-05,2.7079551674412664e-05,2.5710541021544486e-05
692,2.7338068870853425e-05,2.4468117408105174e-05,2.707108292718961e-05,2.5643764014239425e-05
693,3.1115000763545846e-05,2.1529071091208607e-05,2.702073269594823e-05,2.5522163618006748e-05
694,2.3735980155632004e-05,3.810214519035071e-05,2.6960477471261076e-05,2.574354173848406e-05
695,3.207033200144199e-05,5.600390461040661e-05,2.6891096092327238e-05,2.5378328672377393e-05
696,3.286729715505822e-05,2.109917491907254e-05,2.691666449132349e-05,2.5500958689372056e-05
697,2.549336996809062e-05,2.1081550148664973e-05,2.687025206315512e-05,2.6154831665917303e-05
698,2.304347922391672e-05,1.9934562442358583e-05,2.681745216525289e-05,2.6646670227637518e-05
699,2.4850774045464478e-05,2.1963818653603084e-05,2.6783025181147323e-05,2.6562791169271804e-05
700,2.7677127355774346e-05,2.674121074960567e-05,2.67185656840512e-05,2.621477544307709e-05
701,2.4947872710375425e-05,2.0085183714400045e-05,2.6528741980857574e-05,2.6304821565281603e-05
702,2.54578044486051e-05,3.2792746933409946e-05,2.6338927647157102e-05,2.602256065583788e-05
703,2.513604446398353e-05,2.3700200035818852e-05,2.6254274629819618e-05,2.6170302618993448e-05
704,2.533107485053026e-05,2.0035333072883077e-05,2.6268283946976425e-05,2.6148960791761056e-05
705,2.8508754063902112e-05,2.134713526174892e-05,2.6085936294111888e-05,2.605804772756528e-05
706,2.6703368833598993e-05,2.726279417402111e-05,2.5877743371044435e-05,2.620172063761856e-05
707,2.3390314648471152e-05,3.0062610312597827e-05,2.595615219308658e-05,2.5547000864753498e-05
708,2.636209687302148e-05,2.5650313909864052e-05,2.5606590196871862e-05,2.4548122403211888e-05
709,2.397772292574195e-05,3.740121945156716e-05,2.522525464236322e-05,2.4709874609834514e-05
710,2.6115716690482158e-05,3.414079779759049e-05,2.523131261906301e-05,2.504446236998774e-05
711,2.4928474732506503e-05,1.9194516935385762e-05,2.5276377409237376e-05,2.5036329153226683e-05
712,2.76318883617124e-05,2.1026435933890753e-05,2.535908189489014e-05,2.5045801824307995e-05
713,2.275814565008558e-05,2.362926315981895e-05,2.5186327482515476e-05,2.498503141396213e-05
714,2.3602615716905953e-05,1.9997808849439024e-05,2.517236428118647e-05,2.5213551180786448e-05
715,2.5064768694088948e-05,2.5298368709627538e-05,2.5144643585372253e-05,2.488935085712e-05
716,2.8599005470621503e-05,2.1175736328586936e-05,2.515125110916819e-05,2.4759092548629267e-05
717,2.2779377549239952e-05,2.219529080321081e-05,2.5018138902022554e-05,2.4830307092634028e-05
718,2.5910177686859646e-05,2.512089384254068e-05,2.479353641796883e-05,2.4887283775024117e-05
719,2.569620070668558e-05,2.17341508687241e-05,2.4749127619078438e-05,2.468384568055626e-05
720,2.333128209607417e-05,3.103194307186641e-05,2.4888262620758422e-05,2.4280541716143488e-05
721,2.333390829234203e-05,2.5142980084638112e-05,2.4953951503104893e-05,2.4024640663992617e-05
722,2.564481938558553e-05,2.9446244152495637e-05,2.5159168763234955e-05,2.3588835683767685e-05
723,2.4170098978275846e-05,1.9731232023332267e-05,2.5165937754758893e-05,2.2965982829919084e-05
724,2.6918386186783512e-05,2.2200635430635885e-05,2.519132683276742e-05,2.3008369028684683e-05
725,2.3358267046407694e-05,2.522195049095899e-05,2.498189461281678e-05,2.313091752293985e-05
726,2.459879267715021e-05,2.5798177885008043e-05,2.501482615932925e-05,2.296949922456406e-05
727,2.4764787053249568e-05,2.4687738841748798e-05,2.4969271030729734e-05,2.3145005325204693e-05
728,2.530123255888207e-05,2.0443742323550394e-05,2.4930673048139492e-05,2.2843088360968974e-05
729,2.200326967188933e-05,2.1815696673002094e-05,2.4688082395975163e-05,2.36082952003926e-05
730,2.2893691962558984e-05,2.2771552321501075e-05,2.4638573507642523e-05,2.3730561524280346e-05
731,2.559314886133911e-05,2.217684181232471e-05,2.4588983416065773e-05,2.3713843565201387e-05
732,2.6868689690470798e-05,1.9980011202278548e-05,2.4552191716631768e-05,2.3729944895603692e-05
733,2.8004318931683277e-05,1.925278760609217e-05,2.4631658205988867e-05,2.3665501319919714e-05
734,2.9108154428993454e-05,2.6506094945943916e-05,2.4707129851513953e-05,2.3425791470799598e-05
735,2.628494147858065e-05,1.8569476451375523e-05,2.4530059661386377e-05,2.2992218233412135e-05
736,2.556320168271971e-05,2.025417190452572e-05,2.4491281086617764e-05,2.2965432997443715e-05
737,2.2396082862946465e-05,2.4090148290270008e-05,2.4307046185519232e-05,2.3305612811236642e-05
738,2.3581434312897424e-05,1.9593805700424127e-05,2.4415891175481696e-05,2.3048175338772124e-05
739,2.2463737501918027e-05,2.438546136545483e-05,2.4371174766889048e-05,2.3413700773380697e-05
740,2.40998191293329e-05,1.7750444603734648e-05,2.4324122754074374e-05,2.3384786621318198e-05
741,2.2534239166513242e-05,4.03059073141776e-05,2.4245206843705896e-05,2.353044781484641e-05
742,2.154165534092398e-05,2.5251948900404387e-05,2.4282737377507147e-05,2.3448086966527624e-05
743,2.4670425397440946e-05,2.470294486556668e-05,2.426993938036806e-05,2.4268185172695664e-05
744,2.477640822083534e-05,2.2136684128781782e-05,2.4228191361342194e-05,2.4255863655707796e-05
745,2.531794433000161e-05,2.9420853679766877e-05,2.407591161722343e-05,2.4295762623660267e-05
746,2.5220699430469216e-05,1.915023385663517e-05,2.405921581392047e-05,2.4443585870903914e-05
747,2.121806463239611e-05,1.8606913217809052e-05,2.398656394685127e-05,2.461731326766312e-05
748,2.3200634609060622e-05,1.9061601124121806e-05,2.38243464390204e-05,2.469421183632221e-05
749,2.2312513659320152e-05,3.070513077545911e-05,2.3774210571718868e-05,2.4690622882917522e-05
750,2.6079391795469242e-05,1.878601367934607e-05,2.3739025744564264e-05,2.4438244616612795e-05
751,2.3480882462333993e-05,3.493631375022233e-05,2.373892624794583e-05,2.4394388889777478e-05
752,2.3588486732882706e-05,2.3964885040186347e-05,2.36536002237699e-05,2.4259065024671146e-05
753,2.33283347996702e-05,2.408527216175571e-05,2.3590558206099866e-05,2.4308724814909513e-05
754,2.2941533016920504e-05,1.9756675465032457e-05,2.360900882760891e-05,2.400803709460888e-05
755,2.2573742034081887e-05,4.327400747570209e-05,2.3653507392413707e-05,2.37772572261747e-05
756,2.4549448385692408e-05,2.186880388762802e-05,2.374088820894637e-05,2.348842821957078e-05
757,2.3061696087501735e-05,2.0977485401090235e-05,2.360679769497236e-05,2.3883597462554465e-05
758,2.758692384910925e-05,2.2948368787183427e-05,2.343462246159713e-05,2.356876527774148e-05
759,2.7291857752263443e-05,3.084927986492403e-05,2.345945296805844e-05,2.348096703353804e-05
760,2.222950378280883e-05,2.049194066785276e-05,2.3496449653208002e-05,2.3824208133737558e-05
761,2.4309805000181464e-05,2.0164448069408537e-05,2.3468608886145784e-05,2.4242184491595255e-05
762,2.151646218408132e-05,1.7780691632651723e-05,2.3587791177689928e-05,2.3693526771967302e-05
763,2.3578946897436657e-05,1.849741252954118e-05,2.3388485236824233e-05,2.3786700467462654e-05
764,2.0330586897519726e-05,2.1002364737796596e-05,2.346009082442227e-05,2.437612589856144e-05
765,2.2523768687581955e-05,1.8991939359693788e-05,2.357081242080312e-05,2.4085927839041686e-05
766,2.2995504704239365e-05,3.278871430666186e-05,2.355117101299887e-05,2.4313841105322353e-05
767,2.2654119461043996e-05,1.9482452189549803e-05,2.351898611604055e-05,2.429670980782248e-05
768,2.6854945810757473e-05,1.7482219700468704e-05,2.3484432001229532e-05,2.3233320043073036e-05
769,2.1424145371484985e-05,3.201591520337388e-05,2.3437282286047577e-05,2.3841945963795297e-05
770,2.101356349562088e-05,2.1550049059442244e-05,2.337605494281484e-05,2.380613609275315e-05
771,2.5841462092001974e-05,1.6955277751549146e-05,2.3154300216184414e-05,2.3610279514105057e-05
772,2.2142981761135163e-05,2.7187940722797067e-05,2.3067688556168125e-05,2.30247377185151e-05
773,2.2504615432505186e-05,2.9511010070564224e-05,2.3035468224649478e-05,2.3329151980578902e-05
774,2.52920709479238e-05,1.698868778476026e-05,2.2914830005417275e-05,2.3304653490777126e-05
775,2.1096743273826885e-05,2.1115356066729873e-05,2.2874076368073782e-05,2.3344514082418754e-05
776,2.5271022152284987e-05,4.967194952769205e-05,2.2714556789206757e-05,2.3349167811102236e-05
777,2.635652664240398e-05,1.6709933552192523e-05,2.2690057987994e-05,2.3149855149677024e-05
778,2.283729960456387e-05,2.978310381877236e-05,2.2708325090287775e-05,2.305811455298681e-05
779,2.2136910592962523e-05,1.932839302753564e-05,2.2576218933196898e-05,2.270067522767931e-05
780,2.1709889163806414e-05,1.6689263356965967e-05,2.2644744075579287e-05,2.2836348175769672e-05
781,2.337070550614347e-05,3.7084451905684544e-05,2.2449021487247797e-05,2.2945486445678397e-05
782,2.153101250668341e-05,2.008223862503655e-05,2.2448038743378774e-05,2.2486683723400346e-05
783,2.2043055683348536e-05,1.8051954320981167e-05,2.249168447960983e-05,2.236312117020134e-05
784,2.5126566251856276e-05,1.6210734975175002e-05,2.233064584733155e-05,2.3414396727457648e-05
785,2.142399549484253e-05,2.810229721944779e-05,2.2287532755985414e-05,2.2985777654685083e-05
786,2.1293849519376334e-05,1.955198582436424e-05,2.2156095108221052e-05,2.2448735864600173e-05
787,2.0497621250494072e-05,1.8777206423692406e-05,2.194933127910998e-05,2.2501449700212114e-05
788,1.959095742576109e-05,1.8613755746628157e-05,2.2088284015464727e-05,2.2389962777378975e-05
789,1.9718116867200782e-05,1.6019548202166333e-05,2.190926498838558e-05,2.103083196270746e-05
790,2.2980446244926296e-05,1.669842444243841e-05,2.167826704397966e-05,2.102514984144364e-05
791,1.9692850776967438e-05,2.3852731173974463e-05,2.1643173064108447e-05,2.065574994776399e-05
792,2.4367248020603762e-05,2.2874275891808793e-05,2.1512647253257457e-05,2.1023273872560828e-05
793,2.1961881102470216e-05,2.021067644818686e-05,2.1704352071214495e-05,2.1071337367175153e-05
794,2.1399576774759528e-05,2.0545847146422602e-05,2.1533554838727776e-05,2.0270870919921437e-05
795,2.2104706901397245e-05,1.8460985229467043e-05,2.1818085929893037e-05,2.0529181265737862e-05
796,2.1815496285045002e-05,4.323716668295674e-05,2.1776381276221305e-05,2.088294449495152e-05
797,2.1065154477481783e-05,1.6472463903483005e-05,2.158563350086398e-05,2.1169380558421835e-05
798,1.9218674238396083e-05,1.608496531844139e-05,2.1489399154719043e-05,2.0750649640103803e-05
799,2.0122975220147053e-05,1.8306533675058745e-05,2.141410131613763e-05,2.069815222348552e-05
800,2.4570561682695472e-05,1.8328182995901443e-05,2.1656601606244094e-05,2.0571665590978224e-05
801,2.079554647530636e-05,1.5693679160904138e-05,2.179463683674435e-05,2.0420787582406773e-05
802,2.05815780322559e-05,1.65678805205971e-05,2.1812198255874036e-05,2.0430072094313798e-05
803,2.1959950107783597e-05,2.054810647678096e-05,2.1665508904536384e-05,2.042883087415248e-05
804,1.8873765321687745e-05,2.8516491147456692e-05,2.1847973636451772e-05,2.017367424559779e-05
805,2.650250961273236e-05,1.7890850722324102e-05,2.1850259012070536e-05,1.9948617235058918e-05
806,1.9100774693975433e-05,1.707279072434176e-05,2.1719250310302918e-05,1.97614941833308e-05
807,2.864428978581499e-05,2.6539997270447203e-05,2.1626510285972873e-05,1.963447314919904e-05
808,2.1000439341555143e-05,2.6896035051322543e-05,2.1507321390122844e-05,1.95299726590747e-05
809,2.0357871867923274e-05,2.3371636561932974e-05,2.1427032164259188e-05,1.845983071252704e-05
810,1.9018136841219125e-05,1.763402426149696e-05,2.1408977892295093e-05,1.8563226997503078e-05
811,1.9411403554840946e-05,1.8239550408907236e-05,2.137974619917158e-05,1.86877802509116e-05
812,2.6560128503155687e-05,1.5615040611010044e-05,2.1298638174387936e-05,1.873474852473009e-05
813,2.3041838188267622e-05,1.4841805532341823e-05,2.1077796729676067e-05,1.888508326082956e-05
814,2.0157152345442834e-05,1.6251660999841987e-05,2.112392714560782e-05,1.88613829028327e-05
815,1.931321246148501e-05,1.666739393840544e-05,2.1104149013182097e-05,1.9052161858417094e-05
816,2.4254469074852144e-05,1.747381546010729e-05,2.1087252878674516e-05,1.9615866625099446e-05
817,2.442438241107286e-05,1.7247850628336892e-05,2.10827447794145e-05,1.910948462900706e-05
818,1.8686663558279785e-05,1.553260015498381e-05,2.0808530656924833e-05,1.898484367702622e-05
819,1.908107616650846e-05,1.7370321293128653e-05,2.0827867610690495e-05,1.8980355554958808e-05
820,1.9124984505146537e-05,1.5848472976358608e-05,2.039774316880438e-05,1.8514719436643647e-05
821,1.9808265638453627e-05,1.6483618019265122e-05,2.043789955609504e-05,1.9518976137624123e-05
822,2.061379767837934e-05,1.9057371027884073e-05,2.040951261377712e-05,2.0500822766916826e-05
823,1.848788191030811e-05,1.9198796653654426e-05,2.0613151669304998e-05,2.0592397442669604e-05
824,1.8095274600556068e-05,1.9480740520521066e-05,2.0592576770852448e-05,2.0419341381057167e-05
825,1.9049525564898632e-05,2.208655139838811e-05,2.0232932010953344e-05,2.0483896194491536e-05
826,2.194880687360031e-05,1.5101170210982673e-05,2.025535464789654e-05,2.0702588694985025e-05
827,2.008712472161278e-05,2.13373544102069e-05,2.011501646007269e-05,2.091410320135765e-05
828,2.1537546745094003e-05,3.464072564383969e-05,2.0115451151003884e-05,2.080568846140523e-05
829,1.8761062840187354e-05,1.5856941245147028e-05,1.9982887609755077e-05,2.0712372893467553e-05
830,1.964715655049076e-05,1.4774826922803186e-05,1.9795794969751214e-05,2.0595928568218372e-05
831,1.9584198538116954e-05,1.69605876726564e-05,1.9816551995285812e-05,2.057551834295737e-05
832,1.7891178738662145e-05,1.4899094312568195e-05,1.988171995172807e-05,2.05370704716188e-05
833,2.200434902382161e-05,5.200245257583447e-05,1.9886573591065828e-05,2.0486774425080517e-05
834,1.9648198309975367e-05,4.7917802294250575e-05,1.992703545086746e-05,2.1128704542934432e-05
835,2.4109113229416026e-05,1.9923391155316493e-05,2.0267134746003046e-05,2.172170303092571e-05
836,1.88970310935272e-05,1.3913148868596182e-05,2.0278200601023854e-05,2.154077089071507e-05
837,1.7569009505677967e-05,1.7228910946869293e-05,2.0434728310162123e-05,2.1413403314363677e-05
838,2.360240411184754e-05,2.0309118044679054e-05,2.061065979885623e-05,2.1079760174325203e-05
839,1.664869764984663e-05,2.1539523659157566e-05,2.0489696547237047e-05,2.1186785453755876e-05
840,1.9324079734764787e-05,1.3957025439594872e-05,2.058296407170322e-05,2.1325371488637757e-05
841,2.094038054363207e-05,1.51409262616653e-05,2.042200227515423e-05,2.084472062269924e-05
842,1.9747066410976306e-05,1.433674249710748e-05,2.052166620390684e-05,2.105494914430892e-05
843,1.9205589196644724e-05,1.5022344523458742e-05,2.0444231200559043e-05,2.114637305930955e-05
844,2.0710275077565005e-05,1.6409124509664252e-05,2.038787380321689e-05,2.104638754535699e-05
845,1.9246325488590326e-05,1.4591071812901645e-05,2.0555836469429775e-05,2.0979383030498862e-05
846,2.081981213349435e-05,3.253187096561305e-05,2.0523373652233408e-05,1.959957561775809e-05
847,2.911628005676903e-05,3.3882333227666094e-05,2.0407256642081647e-05,1.8279025536321568e-05
848,1.8764528285828418e-05,1.467549314838834e-05,2.026445345238446e-05,1.807282825902803e-05
849,2.20084673290128e-05,1.6296551111736336e-05,2.0442261564150813e-05,1.8305112326925154e-05
850,2.3447812782251277e-05,1.3745472897426225e-05,2.0436116573627154e-05,1.8263695681525863e-05
851,1.8924725583120663e-05,1.7776802196749485e-05,2.018852421509412e-05,1.8331231236516034e-05
852,2.241881283326721e-05,2.4802005282253958e-05,2.0176611134795366e-05,1.8243569253536407e-05
853,1.7513501831369164e-05,2.2624453995376824e-05,2.0193288525236612e-05,1.831612019013846e-05
854,2.1252661059002598e-05,2.1112654285388998e-05,2.0108691563008402e-05,1.837580546416575e-05
855,1.7711281466795804e-05,1.7060424797818997e-05,2.0012675212637986e-05,1.8461443655542095e-05
856,1.8175263604563143e-05,1.4460949823842384e-05,1.99211112150806e-05,1.85372394422302e-05
857,2.2090245393984433e-05,1.3223981441115029e-05,1.975880379112722e-05,1.841472258674912e-05
858,2.1192778593912307e-05,1.750726725731511e-05,1.978006006942855e-05,1.9015216839034108e-05
859,1.6745273056181354e-05,1.490405025833752e-05,1.9663381901692546e-05,1.8268006949801932e-05
860,2.053903348698643e-05,1.4768459222977982e-05,1.9334160493518637e-05,1.846098818641622e-05
861,2.334223388768603e-05,1.9720250566024334e-05,1.952693788480246e-05,1.88466724997852e-05
862,1.7415384742586564e-05,1.619349481188692e-05,1.9285925005452652e-05,1.896578411688097e-05
863,1.7412595148521684e-05,2.1997506919433363e-05,1.913248785632378e-05,1.892884331318783e-05
864,1.6350870642377736e-05,1.934797408466693e-05,1.9261180068941838e-05,1.890701742231613e-05
865,1.9741014495795954e-05,1.5770798854646272e-05,1.89888220185013e-05,1.8521128558495546e-05
866,1.882545648792681e-05,1.66330581123475e-05,1.9004303330439145e-05,1.8619806210335805e-05
867,1.734665765171586e-05,1.647769728151616e-05,1.8947180998737974e-05,1.83479300016188e-05
868,1.6916489257710055e-05,1.6917239190661348e-05,1.8997074470260282e-05,1.8291464373760387e-05
869,1.6652589478730483e-05,1.3346203122637234e-05,1.892645921228298e-05,1.828589439828647e-05
870,1.9777732446123586e-05,2.9603428120026366e-05,1.8798125261188637e-05,1.8274167239724193e-05
871,1.7902857940094285e-05,1.3851623734808526e-05,1.8669807903319853e-05,1.834388263378059e-05
872,2.088574485242134e-05,3.870686414302327e-05,1.8828375959290294e-05,1.8284568523813503e-05
873,2.3583963067924035e-05,2.431760098261293e-05,1.8921051102451098e-05,1.8494899962388442e-05
874,1.598314534526758e-05,1.9274341539130547e-05,1.8724199363108103e-05,1.8356227346521334e-05
875,1.961188405402936e-05,1.282195280509768e-05,1.8797262013928654e-05,1.824476195179159e-05
876,2.2142030898572152e-05,1.723115492495708e-05,1.882304833480804e-05,1.822514812083682e-05
877,1.5609861572253675e-05,1.5154783686739393e-05,1.8879306903141294e-05,1.8994072802888695e-05
878,1.790053462981531e-05,2.5091395291383377e-05,1.8898899545618208e-05,1.9292989133100494e-05
879,1.9824602766473414e-05,1.4315749067463913e-05,1.876396923528066e-05,1.919144422718091e-05
880,1.8958618254853516e-05,1.5648784101358613e-05,1.8890909467962854e-05,1.903683513373835e-05
881,1.6409882155130616e-05,1.4321700436994434e-05,1.899407159499889e-05,1.8946158910694067e-05
882,1.888189661662586e-05,1.2930802477058023e-05,1.9165055642871367e-05,1.9164721261768137e-05
883,1.7984844647192706e-05,1.925015210872516e-05,1.9017255933188912e-05,1.865694114676444e-05
884,2.0709474455442332e-05,1.3421197509160266e-05,1.915454976689135e-05,1.8606440695293715e-05
885,2.2855912066006566e-05,2.002674518735148e-05,1.8993300110580297e-05,1.7637785080296455e-05
886,1.8420940404111106e-05,1.625343516934663e-05,1.8656930021663555e-05,1.7279785226855887e-05
887,1.9241951013100333e-05,1.3406859943643213e-05,1.877750185748381e-05,1.6997512370289768e-05
888,1.8057253170506254e-05,2.150716114556417e-05,1.872886303463019e-05,1.7106766972574405e-05
889,1.775733485070911e-05,3.85710911359638e-05,1.8517211094957824e-05,1.7166456329869106e-05
890,2.0230830557718742e-05,2.3243707109941168e-05,1.853881293726671e-05,1.7499675293220207e-05
891,1.545219872948817e-05,1.4094435464357957e-05,1.8532675874788158e-05,1.7258612596197056e-05
892,2.0520163468770787e-05,1.2612469945452175e-05,1.854742600407917e-05,1.775750408996828e-05
893,1.9495542433610858e-05,1.4650333614554256e-05,1.8534313420726298e-05,1.768912287661806e-05
894,2.0927190675542482e-05,1.8810261899488978e-05,1.8612348481676442e-05,1.772038286435418e-05
895,1.608273970406218e-05,1.6908925244933927e-05,1.8572162897746444e-05,1.858649327768944e-05
896,2.13352037826553e-05,1.2589112448040396e-05,1.8588792251022018e-05,1.8291755682730582e-05
897,1.685450344464496e-05,1.4490473768091761e-05,1.854133147717221e-05,1.8369561132567467e-05
898,1.5174710845005596e-05,1.536760464659892e-05,1.8337043344864574e-05,1.8038709068787287e-05
899,1.8997441240773897e-05,1.2217520124977454e-05,1.828200039178935e-05,1.8105044990079476e-05
900,1.8395913482688935e-05,1.555331786221359e-05,1.8111462112412687e-05,1.8286143653676842e-05
901,1.6850732406762997e-05,1.872338885732461e-05,1.8282326967487785e-05,1.7931486523593773e-05
902,1.614990762997574e-05,2.348525777051691e-05,1.8408090860692834e-05,1.7175242019584404e-05
903,1.7747108067851513e-05,1.9064827865804547e-05,1.833327196743792e-05,1.6822821847745216e-05
904,2.0193355998748707e-05,2.6788036411744542e-05,1.8404330819693212e-05,1.678738209011499e-05
905,1.8630803671031674e-05,1.3939253767603077e-05,1.8262213485205492e-05,1.701772745582275e-05
906,1.836075867888414e-05,1.5103200130397454e-05,1.8173213458228724e-05,1.7141326918499545e-05
907,1.7877257018375934e-05,3.4583562810439614e-05,1.806445037210425e-05,1.687810966541292e-05
908,1.8400578479082067e-05,1.188171223475365e-05,1.80920727469331e-05,1.6674379000323824e-05
909,1.952295510919713e-05,1.536633375508245e-05,1.7909684413219414e-05,1.6717522742692384e-05
910,1.774870875831564e-05,1.175544359284686e-05,1.7888919272970976e-05,1.7477020484511743e-05
911,1.7044866577230602e-05,1.791183320165146e-05,1.836204693067379e-05,1.7802376291365363e-05
912,1.49784940286837e-05,1.7934326533577404e-05,1.8269741113181225e-05,1.8061544219381174e-05
913,2.2328874547383747e-05,1.264073289348744e-05,1.8298506222102634e-05,1.8126757367281244e-05
914,2.09014321808354e-05,1.966497853572946e-05,1.83167676339508e-05,1.7885541728173844e-05
915,1.836035822634585e-05,1.4433202813961543e-05,1.8253541838203092e-05,1.7401234383578408e-05
916,1.7228670035870488e-05,1.3208441523602232e-05,1.8216451695641607e-05,1.7255174988531505e-05
917,1.696723010657782e-05,1.8371104088146238e-05,1.8059767368766997e-05,1.742333815200254e-05
918,1.7270541759191676e-05,1.774032018147409e-05,1.819696447702073e-05,1.7574972231523134e-05
919,1.820811352243052e-05,1.2229830572323408e-05,1.8086537409625535e-05,1.752683212107513e-05
920,1.6773299074783507e-05,1.1815658617706503e-05,1.8134682360040545e-05,1.659369312983472e-05
921,1.677549543981311e-05,1.366770600725431e-05,1.8082754601265257e-05,1.6801380044489633e-05
922,1.633537493843404e-05,3.3477917313575744e-05,1.8043154845104763e-05,1.7335060377081392e-05
923,2.7002902287575933e-05,2.3501499817939475e-05,1.797592803421948e-05,1.8398892265395262e-05
924,1.6689795803459774e-05,1.8696718325372785e-05,1.8007932016917042e-05,1.820374283706769e-05
925,1.9115041205724185e-05,1.718364655971527e-05,1.806704434873407e-05,1.7970983729173894e-05
926,1.7307267702967187e-05,1.2692997879639733e-05,1.7868950613289297e-05,1.8247489615168887e-05
927,1.4569262736282933e-05,1.137757415563101e-05,1.7936701584807854e-05,1.831507503375178e-05
928,1.681985450381439e-05,1.541334298963193e-05,1.790934441475353e-05,1.8183963005139955e-05
929,1.6276247826883467e-05,3.099211549852043e-05,1.7853868153664127e-05,1.837245899805566e-05
930,2.2060731377375003e-05,1.7730105755617843e-05,1.7818868044075013e-05,1.834955512167653e-05
931,1.5600081994004237e-05,1.3899697369197384e-05,1.7745821791888578e-05,1.809677989658667e-05
932,1.908088077875113e-05,1.1255088029429317e-05,1.760400322366169e-05,1.8266839778516445e-05
933,1.7102384509699833e-05,1.7073885101126506e-05,1.771023786067316e-05,1.836082594672917e-05
934,1.853296120518482e-05,2.8708342069876382e-05,1.7608557933029565e-05,1.8715648668876388e-05
935,1.606803848618357e-05,3.8351240800693634e-05,1.7691051945762918e-05,1.8049003482155966e-05
936,1.7844966144669646e-05,1.3033097493462265e-05,1.7324702314767315e-05,1.812662683223607e-05
937,1.6456302324109452e-05,1.2115348836232442e-05,1.7365870460344013e-05,1.7830071861681062e-05
938,1.7376531161264414e-05,1.9553380043362266e-05,1.7267896744629575e-05,1.910042987583438e-05
939,2.259520646879941e-05,2.1354614000301807e-05,1.741718908548743e-05,1.9360777325346134e-05
940,1.767642897498768e-05,1.1155402098665946e-05,1.7518772930715285e-05,1.9654601004731373e-05
941,1.584176350863547e-05,1.7920841346494855e-05,1.7454954016688537e-05,1.97363928091363e-05
942,1.6092227366849934e-05,1.7798507178667934e-05,1.7508210840363363e-05,1.894152944150846e-05
943,1.5444385454530774e-05,1.1420939554227516e-05,1.7289694663324754e-05,1.8680981150828298e-05
944,1.4662649316758487e-05,1.6481327620567753e-05,1.7295107976759837e-05,1.8564458309265315e-05
945,1.9429165000070095e-05,1.4165312823024579e-05,1.7494492595627285e-05,1.890286028938135e-05
946,1.4233497248723224e-05,2.253827406093478e-05,1.753555406612577e-05,1.88378109029145e-05
947,1.839772525676785e-05,1.6811787645565346e-05,1.7494574682981086e-05,1.8381511412735567e-05
948,1.784416151268589e-05,2.544208356994204e-05,1.7452111941303074e-05,1.7439557549369056e-05
949,1.771899944287725e-05,1.1282844061497599e-05,1.7420049500004904e-05,1.7351153217896355e-05
950,1.666569831286324e-05,4.8942596913548185e-05,1.7396043404328845e-05,1.7665179388131947e-05
951,2.1039576224413595e-05,1.9201684117433616e-05,1.7462390719285596e-05,1.7465959762921555e-05
952,1.7108858866979265e-05,1.8723166140262037e-05,1.712136607093271e-05,1.7346869333414364e-05
953,1.5224381653145733e-05,1.745813809975516e-05,1.713806534050188e-05,1.736834474868374e-05
954,1.760766841875415e-05,1.1120531307824422e-05,1.7126813573284176e-05,1.7236646874516737e-05
955,1.659782695140974e-05,1.1216398488613777e-05,1.7073784526534534e-05,1.7001877451548356e-05
956,1.573541482988124e-05,1.0986626330122818e-05,1.715615844926409e-05,1.701689540204825e-05
957,2.4065496250437313e-05,1.971513753233012e-05,1.716124344772349e-05,1.7390893651463557e-05
958,1.8128921272161985e-05,1.5447650439455175e-05,1.7049861904686422e-05,1.7317729354545008e-05
959,1.7508476626567748e-05,1.7300854815403e-05,1.7257446282181065e-05,1.7108294363424647e-05
960,1.5006469944233281e-05,1.4802394216530957e-05,1.7139250719628767e-05,1.6877510680933482e-05
961,1.704340511221542e-05,1.0822989206644707e-05,1.7068627502885648e-05,1.6591864294605328e-05
962,1.5856149932207903e-05,1.9966003092122263e-05,1.701066546859996e-05,1.7011989690945482e-05
963,1.9035214035183243e-05,1.457288941310253e-05,1.6926058079762798e-05,1.5532483365677765e-05
964,1.4069590259977203e-05,1.837735326262191e-05,1.690995759571605e-05,1.6109660964866635e-05
965,1.8093910714216894e-05,1.1692287480400409e-05,1.6841586236437755e-05,1.665569266624516e-05
966,1.5560469328192995e-05,1.4628394492319785e-05,1.690175742365278e-05,1.6497597163834147e-05
967,1.4766501198108825e-05,1.1929271604458336e-05,1.6874338858583037e-05,1.685069873929024e-05
968,1.7503733522769633e-05,1.1796388316724914e-05,1.6810027444524975e-05,1.7031876579858366e-05
969,1.4789774278243487e-05,2.583128385595046e-05,1.694309307406204e-05,1.7012148399953732e-05
970,1.66446264241434e-05,1.2336205400060862e-05,1.658911152230252e-05,1.6907601323327983e-05
971,1.942310668608924e-05,1.730239928292576e-05,1.659264329298619e-05,1.6760462462843864e-05
972,1.5442836192960386e-05,1.1042195583286229e-05,1.6601284344263452e-05,1.7203218895883764e-05
973,1.6078581094108003e-05,1.830092391173821e-05,1.6844741293284135e-05,1.7079160356661306e-05
974,1.6269948585735012e-05,2.178597897000145e-05,1.682393239178863e-05,1.7521767600555903e-05
975,1.4550513591934255e-05,1.1954938781855162e-05,1.6919649411849808e-05,1.72950893320376e-05
976,2.0637064123244877e-05,3.363112409715541e-05,1.6789047798455513e-05,1.731051055539865e-05
977,1.5399574885021948e-05,3.2373958674725145e-05,1.681744521378682e-05,1.6982099616143386e-05
978,1.6728661333521206e-05,1.3505750539479777e-05,1.6622227980486866e-05,1.7291416108491828e-05
979,1.692220429201067e-05,1.994807069422677e-05,1.6596265321600687e-05,1.7145201365929098e-05
980,1.4990041599958203e-05,1.574584450281691e-05,1.6637805976642994e-05,1.7652794018795253e-05
981,1.9062055568307793e-05,1.049342183250701e-05,1.6555694592130344e-05,1.764876175584505e-05
982,1.521595745644946e-05,1.7101460616686382e-05,1.649033469964504e-05,1.702884508558782e-05
983,1.821721553925373e-05,1.1769178927352186e-05,1.6439400697789903e-05,1.7046454253431876e-05
984,1.772450290849924e-05,2.836976564140059e-05,1.626620334880297e-05,1.6807611811964304e-05
985,2.1092893669750385e-05,1.170093073596945e-05,1.626349702160547e-05,1.6779508037143383e-05
986,1.652318257482774e-05,2.1888170304009692e-05,1.6192338434080335e-05,1.6902238808688707e-05
987,1.824907543373734e-05,1.4299046379164792e-05,1.631709870295405e-05,1.6766989472671412e-05
988,1.5770173700325865e-05,1.4958419997128659e-05,1.632703104260145e-05,1.6743367930757813e-05
989,1.4779525643259856e-05,1.0167079781240317e-05,1.6109924803620542e-05,1.612957479665056e-05
990,1.3213479881718134e-05,1.94251997891115e-05,1.6177909199662584e-05,1.530923987593269e-05
991,1.4911402856038572e-05,1.0973025928251445e-05,1.624513030894579e-05,1.5521359808917625e-05
992,1.5805017574166415e-05,2.4619087926112117e-05,1.6133948448421302e-05,1.5303131796827072e-05
993,1.5450948909953393e-05,1.1695581742969806e-05,1.6118519347461795e-05,1.5465460585255643e-05
994,1.3155776966110958e-05,1.0333367099519818e-05,1.596358010986781e-05,1.561353073338978e-05
995,1.5371276377764945e-05,1.277643459616229e-05,1.5925875613094022e-05,1.5634003543527796e-05
996,1.5093172961415904e-05,1.1331338246236555e-05,1.5732329567658274e-05,1.5619462946779098e-05
997,1.537517801302278e-05,1.0339601212763227e-05,1.554558208711872e-05,1.4926279443898238e-05
998,1.4299616405979678e-05,2.1369193200371227e-05,1.532940454675958e-05,1.4945212755992543e-05
999,1.9388955307577918e-05,1.840474556956906e-05,1.5240854611895176e-05,1.5048098149418366e-05
1000,1.4798822083119174e-05,1.1364400234015192e-05,1.5103613984845451e-05,1.5334489858651068e-05
1001,1.5209408148722206e-05,1.8286295744474047e-05,1.5225211228163164e-05,1.5472555444284805e-05
1002,1.7099184786073036e-05,1.1865585656778422e-05,1.5214307097307433e-05,1.5562619992124383e-05
1003,1.8409189065601417e-05,1.8808748864103107e-05,1.5298671571993814e-05,1.5332973953627517e-05
1004,1.414265777889846e-05,1.449237039196305e-05,1.5312836779614578e-05,1.5358178221504206e-05
1005,1.4604314075970453e-05,1.980406421353109e-05,1.5276702981645942e-05,1.480174820753746e-05
1006,1.5188574628458204e-05,1.4195175535860472e-05,1.518851569263562e-05,1.4761645867838527e-05
1007,1.4273345037104769e-05,1.7613280870136806e-05,1.5380955694450273e-05,1.585951431479771e-05
1008,1.3378564403360036e-05,1.140566400863463e-05,1.539531297797415e-05,1.5746086013678e-05
1009,1.3055815895010407e-05,1.104017806937918e-05,1.5343672714031224e-05,1.641425680863904e-05
1010,1.568845516077191e-05,1.2174263538327068e-05,1.536743632451463e-05,1.6402560324058873e-05
1011,1.4309434203217582e-05,2.446030513965525e-05,1.5456473836982494e-05,1.614603154012002e-05
1012,1.481805975749416e-05,2.1458839109982365e-05,1.5222362308850279e-05,1.5843645097629636e-05
1013,1.8810104783268696e-05,1.8410059637972154e-05,1.5329005773108088e-05,1.5800357340776826e-05
1014,1.4506922371866595e-05,1.2418693477229682e-05,1.5366815487989997e-05,1.5516796185693237e-05
1015,1.5322591748877634e-05,1.3684048826689833e-05,1.5191625241924259e-05,1.5482976409839465e-05
1016,1.526553304655762e-05,1.1603132625168655e-05,1.5018063205368688e-05,1.5564451974933034e-05
1017,1.4901672624950556e-05,1.070833757694345e-05,1.5285609963110698e-05,1.5396881650667637e-05
1018,1.3246266684695406e-05,1.0693023250496481e-05,1.5315607073878507e-05,1.5020246006315574e-05
1019,1.796677701147726e-05,3.7780078273499384e-05,1.5215215382987583e-05,1.4899633992172313e-05
1020,1.573020846586183e-05,9.940727068169508e-06,1.521323727873904e-05,1.5041565145656932e-05
1021,1.3802166362842804e-05,2.8035608120262624e-05,1.5357812778286944e-05,1.5159880529972725e-05
1022,1.5969268275107928e-05,1.0047189098258969e-05,1.552540777257592e-05,1.5706908309948633e-05
1023,1.652555421767627e-05,1.4955973601900042e-05,1.5414028949938558e-05,1.567226957267849e-05
1024,1.353616710427256e-05,1.0845084507309366e-05,1.5493717336762024e-05,1.5125287664704958e-05
1025,1.7464908689564455e-05,1.0282206312695053e-05,1.548180354972525e-05,1.4660394567181357e-05
1026,1.6154651020769962e-05,1.1197266867384314e-05,1.5305751035258354e-05,1.470280512585305e-05
1027,1.271942863442948e-05,1.1020091260434129e-05,1.529402040881299e-05,1.4711398654617369e-05
1028,1.4070138151712146e-05,2.0845637991442345e-05,1.5243082889436562e-05,1.4754911771160552e-05
1029,2.083132672244877e-05,1.0303112285328097e-05,1.525351039106479e-05,1.6345977592573035e-05
1030,1.5354241845165638e-05,1.0388173104729503e-05,1.5235886950702276e-05,1.6762094631849323e-05
1031,1.2678782356185063e-05,1.117987518227892e-05,1.5235735809660076e-05,1.695332532108296e-05
1032,1.4223892430891282e-05,2.116155970725231e-05,1.5149689194206277e-05,1.5963252403889784e-05
1033,1.699295189205764e-05,1.4363548616529443e-05,1.5256497960540906e-05,1.615192363242386e-05
1034,1.7245690752234723e-05,2.4715872568776832e-05,1.5270807037288452e-05,1.5439052891451865e-05
1035,1.2903984594837918e-05,1.1308295106573497e-05,1.5230363942504886e-05,1.553826532617677e-05
1036,1.6301643873804197e-05,1.0785757440316957e-05,1.511520027132873e-05,1.5356456740119026e-05
1037,1.4520215081574861e-05,9.836511671892368e-06,1.5171984554035587e-05,1.5423763840226457e-05
1038,1.4408791921596275e-05,1.9470323604764416e-05,1.4984939803414616e-05,1.5584670739190188e-05
1039,1.4213656710732417e-05,1.2633531696337741e-05,1.485671263451675e-05,1.5742038185999264e-05
1040,1.4049153764467014e-05,1.4771876740269363e-05,1.4897319252971407e-05,1.6245256144611633e-05
1041,1.55262205872633e-05,5.1379778160480785e-05,1.489401109768854e-05,1.5938739001285285e-05
1042,1.446108661588773e-05,2.1111263558850625e-05,1.465973005486174e-05,1.5902984903368634e-05
1043,1.32424881586404e-05,1.5473790481337345e-05,1.4593946352559016e-05,1.5895187862042806e-05
1044,1.5815611625132282e-05,1.3028255343670026e-05,1.4599571196676053e-05,1.614650557166897e-05
1045,1.8400427624227532e-05,1.4657507781521417e-05,1.470286581566648e-05,1.571761408704333e-05
1046,1.4159893281531469e-05,1.0213839595962782e-05,1.4614858926749249e-05,1.5858843692694788e-05
1047,1.4958190905518778e-05,1.2527499966381584e-05,1.4546747941171314e-05,1.5330866452131885e-05
1048,1.3646462438272363e-05,1.041075895045651e-05,1.4540335292096848e-05,1.5257605699298436e-05
1049,1.4955774171944035e-05,1.2527762009995058e-05,1.4407620069929789e-05,1.52330804412486e-05
1050,1.2788789924040126e-05,1.4304878786788323e-05,1.4463346945720131e-05,1.5614654272212644e-05
1051,1.2948971798323328e-05,1.513145303761121e-05,1.4403767938994053e-05,1.6181082060211338e-05
1052,1.3734594095795829e-05,2.3600540225743315e-05,1.4418658987738628e-05,1.653979527327465e-05
1053,1.3987434269640491e-05,1.3182709408283699e-05,1.4685225364923504e-05,1.6395065079268534e-05
1054,1.4974300651778726e-05,9.40925983741181e-06,1.4599883365331659e-05,1.552397680497961e-05
1055,1.3709649287597536e-05,1.0193247071583755e-05,1.4594916009243913e-05,1.5079832787159829e-05
1056,1.2819403459111022e-05,1.7462817922933027e-05,1.4582824151552307e-05,1.484368888341123e-05
1057,1.6806257905651972e-05,1.043927259161137e-05,1.465596835356943e-05,1.5012315528292673e-05
1058,1.4792779669126807e-05,1.7894288757815956e-05,1.455724095439008e-05,1.4801939402241259e-05
1059,1.5542916112786367e-05,1.1516441554704216e-05,1.4519017361696266e-05,1.4758038071158807e-05
1060,1.2743668367976271e-05,9.476776285737288e-06,1.4420845745189579e-05,1.4847932357224634e-05
1061,1.2983763319627743e-05,1.0172625989071094e-05,1.444260489855272e-05,1.4876915956847368e-05
1062,1.591338697633344e-05,1.937585744599346e-05,1.436356081362141e-05,1.5028314373921603e-05
1063,1.291931675344434e-05,3.3631018304731697e-05,1.4680554693525965e-05,1.52337581734173e-05
1064,1.4585932929346907e-05,2.160136202292051e-05,1.4659979167562495e-05,1.5292896039318293e-05
1065,2.0713313194088793e-05,1.1153621890116484e-05,1.468383751942181e-05,1.4745606170617975e-05
1066,1.3392670597467157e-05,2.9602571303257718e-05,1.4767696957440216e-05,1.4602486278454309e-05
1067,1.4336902713694144e-05,1.0007663113356103e-05,1.4820354630582084e-05,1.5614455740433185e-05
1068,1.2940191716350253e-05,9.570192887622397e-06,1.4951139664966225e-05,1.567432115552947e-05
1069,1.7644216675560326e-05,1.724392146570608e-05,1.5152014200591818e-05,1.534394084737869e-05
1070,1.5932242644743788e-05,9.398104630236049e-06,1.505027231477369e-05,1.5321684618538714e-05
1071,1.3204303464186118e-05,9.11630631890148e-06,1.5004967945747518e-05,1.5233815139799844e-05
1072,1.2503900492851649e-05,1.4774857118027284e-05,1.4939676224538644e-05,1.537724737136159e-05
1073,1.4190441272350857e-05,1.1135348941024859e-05,1.5031220359540181e-05,1.5353664393478537e-05
1074,1.297967204866129e-05,1.631272243685089e-05,1.5030623964331524e-05,1.5966760319133756e-05
1075,2.0713636921654042e-05,1.9440973774180746e-05,1.495517384658645e-05,1.5938657864171544e-05
1076,1.2434583649236527e-05,1.6609899685136042e-05,1.5060547402713888e-05,1.5679308552353176e-05
1077,1.4331052892278724e-05,9.918293508235364e-06,1.5147317627148972e-05,1.529879522859119e-05
1078,1.6083920220100683e-05,9.604712104192004e-06,1.4855725363829857e-05,1.541818438709015e-05
1079,1.629074248032541e-05,3.470849638688378e-05,1.4917989583571194e-05,1.5180522039008795e-05
1080,1.6979275147201e-05,1.1689882448990829e-05,1.4931515023514899e-05,1.5210377983748916e-05
1081,1.784126684975086e-05,9.20331021916354e-06,1.5052237622350933e-05,1.6510030186327643e-05
1082,1.4262710760198793e-05,9.882866870611905e-06,1.4919206516990216e-05,1.6204696364002302e-05
1083,1.3660170443472453e-05,1.5697551789344287e-05,1.473330215744176e-05,1.6213946064817722e-05
1084,1.3910623082564497e-05,1.5102247343747877e-05,1.488760888763257e-05,1.6217611538013446e-05
1085,1.5032271743014766e-05,8.887201838660985e-06,1.4901203491535849e-05,1.602954408590449e-05
1086,1.2968853439411355e-05,2.5500024130451492e-05,1.4880661076353537e-05,1.609901551855728e-05
1087,1.4027134032706574e-05,1.867329607193824e-05,1.5020946875503993e-05,1.613752832636237e-05
1088,1.5553655656630224e-05,2.7147285509272477e-05,1.4854988295256686e-05,1.5767620048427492e-05
1089,1.6755188540224077e-05,1.20885289288708e-05,1.4885850291264226e-05,1.5516724936605898e-05
1090,1.3423506611110901e-05,1.413835085259052e-05,1.4787199677367522e-05,1.5642064205894714e-05
1091,1.4949276091000582e-05,2.3661012601223775e-05,1.4582317464252505e-05,1.5625118961906993e-05
1092,1.4675038712286753e-05,1.075406173185911e-05,1.4549223616672355e-05,1.461343707633205e-05
1093,1.5958256687251074e-05,4.2061497952090575e-05,1.4349424627895738e-05,1.4773458149284128e-05
1094,1.4318439041542458e-05,9.610575907572639e-06,1.4244960887663182e-05,1.5236242204264274e-05
1095,1.1284633656032383e-05,9.62934715062147e-06,1.423611812468961e-05,1.5193389011255934e-05
1096,1.7061971718956356e-05,9.207943148794584e-06,1.4229074360021818e-05,1.4981011141208002e-05
1097,1.2843765590433679e-05,1.0073170815303456e-05,1.4271553781024222e-05,1.489296395884594e-05
1098,1.3676880892793028e-05,1.2872134757344611e-05,1.4183743244817987e-05,1.5534084515820724e-05
1099,1.6486817027422755e-05,1.727554263197817e-05,1.4271509155716762e-05,1.4893699980166276e-05
1100,1.6564672415471352e-05,1.0193266825808678e-05,1.4191719347379857e-05,1.4733745546254796e-05
1101,1.3206133549425027e-05,1.0337521889596246e-05,1.408518291262024e-05,1.4575279392010999e-05
1102,1.1864787544861126e-05,1.3051775240455755e-05,1.3889342153237929e-05,1.4459508797153831e-05
1103,1.0961864892225195e-05,9.181081004498992e-06,1.3818916590227877e-05,1.4301264376263136e-05
1104,1.5463396290821645e-05,9.416449247510172e-06,1.3808477105582523e-05,1.4201408726512456e-05
1105,1.1984300427785557e-05,1.569040927279275e-05,1.4019848985238545e-05,1.4267484827723823e-05
1106,1.5229673343936965e-05,2.077291159366723e-05,1.4033710839592256e-05,1.317073749523843e-05
1107,1.4041641685859455e-05,8.811537045403383e-06,1.4079309070317928e-05,1.3129693949304058e-05
1108,1.3484076326777642e-05,1.0388105038146022e-05,1.4182757348559487e-05,1.4346512086922304e-05
1109,1.4972608607624555e-05,1.2901067784696351e-05,1.4253000121486062e-05,1.4384746160067154e-05
1110,1.283700833785891e-05,2.4915215763030575e-05,1.4332043820225712e-05,1.578735719085671e-05
1111,1.5163001211880733e-05,9.490410739090294e-06,1.434168110532078e-05,1.6327906658989376e-05
1112,1.2032388824283974e-05,1.4674435224151239e-05,1.4246527066360512e-05,1.6019110292836557e-05
1113,1.2890244787639757e-05,2.3185631653177553e-05,1.4108909586664394e-05,1.5963409711548592e-05
1114,1.1859169555666287e-05,9.194264057441615e-06,1.408497478340804e-05,1.59574241770315e-05
1115,1.166286753585963e-05,1.0182240330323112e-05,1.4231099548730224e-05,1.5887675248086455e-05
1116,1.4688288974866736e-05,2.1164621357456782e-05,1.4328189802149103e-05,1.6009099673829044e-05
1117,1.995933570368733e-05,1.2405964262143244e-05,1.4629372818712403e-05,1.7465561645803975e-05
1118,1.630480304609389e-05,1.464281463995576e-05,1.4776554217274276e-05,1.7305072137969542e-05
1119,1.545839480968425e-05,8.584487259213347e-06,1.47398848429374e-05,1.7082789243431762e-05
1120,1.3870840612071333e-05,4.004980059107765e-05,1.4616391492664765e-05,1.736239582533017e-05
1121,1.8818041042120764e-05,1.0163794977415819e-05,1.4603379292869552e-05,1.7786497857014185e-05
1122,1.481985805892489e-05,4.5138446585042405e-05,1.4496266651015807e-05,1.7615371820284058e-05
1123,1.3917813020169787e-05,2.6385871460661292e-05,1.4489619494431988e-05,1.69967696085223e-05
1124,1.4107966053416022e-05,9.555633478157687e-06,1.4369534359341034e-05,1.7275073412747588e-05
1125,1.312423542306836e-05,8.800752293609549e-06,1.4408411079016837e-05,1.742659707815619e-05
1126,1.260776346801625e-05,1.0187883526668884e-05,1.4557180116510912e-05,1.723070624138927e-05
1127,1.5517906677915663e-05,1.1308052016829606e-05,1.4612782878531208e-05,1.7633291987294798e-05
1128,1.3389121227697211e-05,1.2216691648063715e-05,1.4723090469528364e-05,1.7643355178006462e-05
1129,2.2992971704904145e-05,4.5827998546883465e-05,1.4681855273415243e-05,1.7204324823978824e-05
1130,1.5663835391832335e-05,1.1678171576932072e-05,1.439734413640205e-05,1.753870727843605e-05
1131,1.431293898551505e-05,1.5215839230222628e-05,1.4286717767996987e-05,1.7299753389670516e-05
1132,1.0954307929043555e-05,1.5801701592863538e-05,1.4144995792958071e-05,1.7468167225888464e-05
1133,1.3158771331897393e-05,2.0990655830246396e-05,1.411768704917146e-05,1.626449809118639e-05
1134,1.2294792561280903e-05,8.62291686644312e-06,1.3868044191177534e-05,1.640737033449113e-05
1135,1.2670829423263462e-05,9.450160468986724e-06,1.3770275659246384e-05,1.496914127783384e-05
1136,1.2160872834606885e-05,1.64480058447225e-05,1.3701389057556904e-05,1.4290158390940633e-05
1137,1.3004306816179047e-05,1.8462526859366336e-05,1.3668932487174364e-05,1.434067112131743e-05
1138,1.66094707249916e-05,1.828836073400453e-05,1.3618009497400232e-05,1.4394363260362298e-05
1139,1.32492386061737e-05,1.9258907705079765e-05,1.3590688257318109e-05,1.457477310032118e-05
1140,1.4420557310788556e-05,1.0433820098114665e-05,1.3454948126753963e-05,1.4535151814925486e-05
1141,1.3657409072038718e-05,1.0188862506765873e-05,1.3426911314672908e-05,1.4842782124469522e-05
1142,1.2846557278357472e-05,2.076552562357392e-05,1.3056504827747834e-05,1.3441436043649444e-05
1143,1.3539143835967276e-05,8.668967420817353e-06,1.299608200036649e-05,1.380311781686032e-05
1144,1.1915345433711385e-05,1.2794833164662123e-05,1.290700306013201e-05,1.3757581352547278e-05
1145,1.3188122017406082e-05,9.95807222352596e-06,1.2950411848497525e-05,1.3579314894741401e-05
1146,1.2576969592272588e-05,1.3735601060034242e-05,1.3014316065932186e-05,1.3374720283900386e-05
1147,1.2375644760646133e-05,9.182720168610103e-06,1.3015070105110581e-05,1.3407053728587925e-05
1148,1.2195647977932822e-05,9.411299288331065e-06,1.3311387233180642e-05,1.347679348400561e-05
1149,1.329655179385251e-05,1.0818451737577562e-05,1.3308742495549572e-05,1.3354568158683832e-05
1150,1.185116067871503e-05,1.014305576973129e-05,1.3317934405050538e-05,1.3079441472655162e-05
1151,1.1924732465963138e-05,1.469812952564098e-05,1.3163879916545638e-05,1.2892730624298564e-05
1152,1.2124403413812009e-05,1.0317519881937187e-05,1.3097040704168548e-05,1.2579079586430454e-05
1153,1.2688200925670874e-05,1.9907449386664665e-05,1.2996010057597434e-05,1.2587800875189715e-05
1154,1.3732809531777296e-05,1.079434652638156e-05,1.3060772599298311e-05,1.2556307687191294e-05
1155,1.4153264707298756e-05,2.0720215907203965e-05,1.3081483769726925e-05,1.2601582676870749e-05
1156,1.2085965479652966e-05,1.4077427622396498e-05,1.3053801429123266e-05,1.259771514160093e-05
1157,1.2039527638181527e-05,1.1345040147716646e-05,1.3226043030226717e-05,1.2467414677666968e-05
1158,1.4756376767763868e-05,1.587579055922106e-05,1.328390203064676e-05,1.3102527041337457e-05
1159,1.231364354074079e-05,9.431252983631566e-06,1.3261959984447455e-05,1.3218734647671228e-05
1160,2.0078757625014987e-05,1.1193654354428872e-05,1.3293877382764347e-05,1.324415435665287e-05
1161,1.2094754393830145e-05,1.3392372711678035e-05,1.3359194567642083e-05,1.3200941224931739e-05
1162,1.3234104553703219e-05,1.1584359708649571e-05,1.3294902250062375e-05,1.3569370862387585e-05
1163,1.2758108512369087e-05,1.36205895250896e-05,1.3317481618246852e-05,1.3859404214599635e-05
1164,1.157825829674645e-05,1.1417631758376957e-05,1.3349875861644654e-05,1.3628929396509193e-05
1165,1.189479114651072e-05,1.06518523170962e-05,1.3361600728037753e-05,1.3806248792388942e-05
1166,1.527647261456069e-05,9.401532806805336e-06,1.3536849101648031e-05,1.3409386744024228e-05
1167,1.3364336539072813e-05,2.1897400365560316e-05,1.3543616262055972e-05,1.3331228827883022e-05
1168,1.2847085320875825e-05,8.572279039071873e-06,1.3631224126503286e-05,1.426309191592736e-05
1169,1.6221385461297663e-05,9.53732156631304e-06,1.367805111424079e-05,1.4107007149141282e-05
1170,1.4634597027907148e-05,2.5835881315288136e-05,1.365003113452177e-05,1.4277516133734024e-05
1171,1.2028418437289979e-05,1.6640791218378582e-05,1.3598374371213138e-05,1.4065664261579512e-05
1172,1.3173579718568362e-05,9.818212893151213e-06,1.3577868863083293e-05,1.4560717277345246e-05
1173,1.382857759987625e-05,8.330970995302778e-06,1.328417262403592e-05,1.4493338807369582e-05
1174,1.1689243854359827e-05,2.0029192673973738e-05,1.3331847258086782e-05,1.4633300647255965e-05
1175,1.2415644883326927e-05,1.7393889575032517e-05,1.3392672765945057e-05,1.4502244985487777e-05
1176,1.2734588550908181e-05,8.936259073379915e-06,1.343443919540732e-05,1.4604680634511169e-05
1177,1.2417525073639506e-05,1.4750504778930917e-05,1.3427962357511408e-05,1.4675560683826918e-05
1178,1.7069410265927824e-05,9.985898177546915e-06,1.3491946712989981e-05,1.4623882184969261e-05
1179,1.3901988541975799e-05,8.840398622851353e-06,1.33348355600093e-05,1.4606530213495717e-05
1180,1.6343461318481583e-05,4.4016793108312416e-05,1.3297307348127815e-05,1.4212653705908454e-05
1181,1.3256640173090595e-05,1.0175308452744503e-05,1.3255217448184138e-05,1.4208253011747731e-05
1182,1.1339028145206005e-05,1.5607764762535225e-05,1.3176552580342913e-05,1.4447998636751439e-05
1183,1.3464957685048123e-05,1.0579493755358272e-05,1.3125319302020622e-05,1.3789103776798584e-05
1184,1.180100583749461e-05,2.1807578377774917e-05,1.3179064410441143e-05,1.3470772304572165e-05
1185,1.2736351648830653e-05,9.509192605037242e-06,1.331093524155828e-05,1.3500545464921743e-05
1186,1.3286620245101706e-05,1.6891418708837592e-05,1.3216001111626004e-05,1.3603814608359244e-05
1187,1.4754742250160133e-05,8.3079681644449e-06,1.3277170828465994e-05,1.3775216699286829e-05
1188,1.3802269248925667e-05,1.618148075067438e-05,1.340335624813128e-05,1.365817000332754e-05
1189,1.1416337349348597e-05,1.3189632991270628e-05,1.3364850127739676e-05,1.3740156583662608e-05
1190,1.3494400033475055e-05,9.359889845654835e-06,1.3448989083877274e-05,1.3669578908593393e-05
1191,1.1348693790043601e-05,8.967733519966713e-06,1.338168728398159e-05,1.360466859769076e-05
1192,1.2426131242035707e-05,1.2050487675878685e-05,1.3357737138479326e-05,1.4095352198637555e-05
1193,1.179483782228393e-05,8.462261685053817e-06,1.328263881142549e-05,1.2778043195430655e-05
1194,1.4254763765267044e-05,1.5530962191405706e-05,1.3222236603744224e-05,1.2706416292348874e-05
1195,1.335376506984984e-05,9.36350981646683e-06,1.3286257908071598e-05,1.3001743254426399e-05
1196,1.3372046147803e-05,8.682504412718118e-06,1.3254053957724763e-05,1.2911418314615728e-05
1197,1.64703504964968e-05,1.0562541901890655e-05,1.3345417109909856e-05,1.2383719092758837e-05
1198,1.1455224351569389e-05,1.0912699581240304e-05,1.3258035757947558e-05,1.2331401492701841e-05
1199,1.3218486775359553e-05,2.4314244947163387e-05,1.327063524626687e-05,1.2030992738436907e-05
1200,1.557028037495911e-05,1.4467722176050301e-05,1.3178401506108154e-05,1.2298288888996465e-05
1201,1.1771935541118081e-05,1.0985923581756652e-05,1.3114434214205377e-05,1.2266081030247732e-05
1202,1.4520998977079418e-05,1.2986062902200502e-05,1.3207392134710161e-05,1.2082745974475983e-05
1203,1.538686526853578e-05,8.363140404981095e-06,1.3188983956933951e-05,1.2039200169965626e-05
1204,1.330323490441919e-05,2.1107488646521232e-05,1.3431343038327112e-05,1.2014220152923373e-05
1205,1.446600314213558e-05,1.1084068028139882e-05,1.3410570973711501e-05,1.2545336244511419e-05
1206,1.1746584981059035e-05,8.384635875700042e-06,1.3654457019341256e-05,1.2557556982210372e-05
1207,1.2939560753390348e-05,2.2990938814473337e-05,1.352495937381819e-05,1.2481084525643385e-05
1208,1.2659858926377233e-05,8.321370260091498e-06,1.3535799335578405e-05,1.260070856951643e-05
1209,1.4085084642121931e-05,8.615097831352614e-06,1.3480407937782324e-05,1.257462603680324e-05
1210,1.0551817849773215e-05,8.201252603612374e-06,1.3301222549085248e-05,1.2468222092138605e-05
1211,1.36016074530845e-05,9.381199852214195e-06,1.3520820998706364e-05,1.235940664628288e-05
1212,1.2448898746192248e-05,1.4990371928433888e-05,1.3441900143112031e-05,1.1772415993618779e-05
1213,1.2203086951356253e-05,1.537628428195603e-05,1.3499920741499712e-05,1.1830899580672849e-05
1214,1.374028536196824e-05,8.60625659697689e-06,1.3582466413127907e-05,1.1708762437046971e-05
1215,1.3034195589069794e-05,8.271244732895866e-06,1.3512952360340731e-05,1.15340661330265e-05
1216,1.7407670824872587e-05,8.343233093910386e-06,1.3379656351106759e-05,1.154856651846785e-05
1217,1.1906829626645452e-05,2.5328389965579846e-05,1.3304757876418688e-05,1.1270125333976466e-05
1218,1.7891988963027768e-05,8.767780127527657e-06,1.3369082619626877e-05,1.1232983607624191e-05
1219,1.1017322627190474e-05,1.3619150777230971e-05,1.3426496146065702e-05,1.138944973645266e-05
1220,1.3624764113855135e-05,1.235411091329297e-05,1.3458588979604733e-05,1.0806147218681872e-05
1221,1.1987261202901006e-05,8.030441094888374e-06,1.3462233925464613e-05,1.1908526107436047e-05
1222,1.1990715779069837e-05,7.902443285274784e-06,1.3423874867860125e-05,1.2686142534948884e-05
1223,1.6945185592097308e-05,8.192313434847166e-06,1.3432572837336921e-05,1.3537562401324976e-05
1224,1.1245465385501222e-05,9.639478630560916e-06,1.3434063003660412e-05,1.355251383065479e-05
1225,1.702079533465116e-05,1.5929811852402053e-05,1.3444872421112248e-05,1.3447855110280218e-05
1226,1.383557733182291e-05,7.932494991109707e-06,1.3526698153388376e-05,1.3868938665837053e-05
1227,1.278314765740005e-05,8.618655301688705e-06,1.3591475433269e-05,1.3842265569837765e-05
1228,1.2054465037686492e-05,8.725650041014887e-06,1.3493480319771657e-05,1.3943562893837226e-05
1229,1.1430773037217376e-05,1.4146459034236613e-05,1.3251571394600128e-05,1.39290393984993e-05
1230,1.607412172234035e-05,1.0155524869333021e-05,1.3270765537244085e-05,1.3240229290386198e-05
1231,1.3181923142029618e-05,1.2296289096411783e-05,1.3166171656646636e-05,1.3239885777875317e-05
1232,1.374188159186613e-05,8.408375870203599e-06,1.3231676462843704e-05,1.3588814465038015e-05
1233,1.2750982572874313e-05,3.5880842478945854e-05,1.3194671662737768e-05,1.3573879747127649e-05
1234,1.3126108202009668e-05,2.80555085191736e-05,1.3141174749358064e-05,1.368873693572823e-05
1235,1.0769267086693112e-05,2.9486749263014644e-05,1.3113644455410796e-05,1.3717813004041089e-05
1236,1.3638861611171806e-05,9.754985585459508e-06,1.2941802119005133e-05,1.3730154781660532e-05
1237,1.2719134182488132e-05,1.2373903919069562e-05,1.294492522469631e-05,1.4035420381696894e-05
1238,1.4248730258259456e-05,2.5903373170876876e-05,1.2703163743976294e-05,1.3849916233448313e-05
1239,1.5359717358983796e-05,7.939429196994752e-06,1.2657269268513319e-05,1.469268064829521e-05
1240,1.0584317751636263e-05,1.0803677832882386e-05,1.275650304548132e-05,1.500463907577796e-05
1241,1.1359947695584398e-05,7.980145710462239e-06,1.2800295182144813e-05,1.4962726681551432e-05
1242,1.2386683192744385e-05,8.108137262752279e-06,1.2870033433460372e-05,1.4706366974860432e-05
1243,1.527714194809151e-05,8.759192314755638e-06,1.27648745885785e-05,1.4609587099403143e-05
1244,1.2654942782117157e-05,2.2342367956298403e-05,1.2729693495283654e-05,1.4562714821659027e-05
1245,1.2699644111206806e-05,1.1980742965533863e-05,1.2766339517919634e-05,1.4550020267779472e-05
1246,1.0649838368408381e-05,1.0901870809902903e-05,1.2778324938618527e-05,1.3462332473136484e-05
1247,1.1302458430388166e-05,8.62934499309631e-06,1.2746462016123892e-05,1.2657464742369482e-05
1248,1.2649127181955717e-05,8.500857875333168e-06,1.2807064793580341e-05,1.1826820882561151e-05
1249,1.132354302778064e-05,1.727111863147002e-05,1.2766633713585584e-05,1.181654520187294e-05
1250,1.097675831665078e-05,1.1292208146187477e-05,1.2715795733594054e-05,1.1662107541633303e-05
1251,1.2688215445248514e-05,2.9001605362282135e-05,1.2612108061390852e-05,1.1939900163270065e-05
1252,1.526399208160001e-05,1.641761598875746e-05,1.2495058975198643e-05,1.2082505752914583e-05
1253,1.3149268454273826e-05,7.67784018535167e-06,1.256031671606858e-05,1.1971054151945282e-05
1254,1.3174229320106356e-05,7.737466366961599e-06,1.2802232228245379e-05,1.1963523374288343e-05
1255,1.3445150600293549e-05,7.736027982900851e-06,1.2719962022189671e-05,1.2248275541060138e-05
1256,1.2302395809658466e-05,1.1124482152808924e-05,1.2580806518235477e-05,1.2229589668277183e-05
1257,1.4658032157765572e-05,8.091012023214717e-06,1.2617059264367627e-05,1.1798892238584812e-05
1258,1.3050618090346688e-05,8.688647612871137e-06,1.2590136424437839e-05,1.1903819548024331e-05
1259,1.2329535139643768e-05,7.933815249998587e-06,1.262318244448074e-05,1.2544824960059487e-05
1260,1.228433652310438e-05,8.720652767806313e-06,1.2640112442426876e-05,1.3135725584288594e-05
1261,1.2628084611302863e-05,9.498093568254262e-06,1.2858836469483018e-05,1.3834071195742583e-05
1262,1.1448184682699825e-05,8.51296241307864e-06,1.295065559978765e-05,1.3501835957868026e-05
1263,1.1656538453179464e-05,3.2848188711795954e-05,1.2997653524911988e-05,1.3401259596867022e-05
1264,1.2433490204178572e-05,1.1504568938107696e-05,1.2976070226997964e-05,1.3236285602033603e-05
1265,1.2215761273384689e-05,8.0173878086498e-06,1.2935313969501294e-05,1.2969380155846012e-05
1266,1.740783550000439e-05,7.791876269038767e-06,1.2901219162853925e-05,1.2972466732026078e-05
1267,1.03299280413517e-05,1.522694143204717e-05,1.2790632145091272e-05,1.2989634402038062e-05
1268,1.1798254349236635e-05,8.29204549518181e-06,1.2808021575781621e-05,1.307212521933252e-05
1269,1.3561261435420925e-05,1.1574932213989087e-05,1.291752801270276e-05,1.3289139239350331e-05
1270,1.202657311296207e-05,1.4603925701521802e-05,1.2888229613438146e-05,1.3273235659289639e-05
1271,1.1475988869480918e-05,2.6927006110781804e-05,1.2897180826581058e-05,1.3367519655730574e-05
1272,1.1725708379041559e-05,2.3401860598823987e-05,1.2803819775904737e-05,1.3358945406798737e-05
1273,1.8117227858359303e-05,2.5959498161682857e-05,1.2838665848297146e-05,1.3323128044430632e-05
1274,1.3619021285396432e-05,8.965237684606109e-06,1.287738331019581e-05,1.335049008775968e-05
1275,1.2151706444759232e-05,8.777799121162388e-06,1.291433365420542e-05,1.332776324270526e-05
1276,1.2148632997397928e-05,2.4877255491446703e-05,1.28873064863405e-05,1.2335821725719144e-05
1277,1.4245085644183241e-05,9.744979834067636e-06,1.2781706818997112e-05,1.222834645304829e-05
1278,1.2296898288089628e-05,7.755004589853343e-06,1.2718865210707818e-05,1.255881309916731e-05
1279,1.040955387603996e-05,8.16665811726125e-06,1.2459804833795513e-05,1.2670101868570783e-05
1280,1.3879886367552293e-05,9.798298415262251e-06,1.2526397699063333e-05,1.2369268202746753e-05
1281,1.5040056732686935e-05,1.6549832653254272e-05,1.2457314098234443e-05,1.237087608751608e-05
1282,1.3925572176150228e-05,7.693422521697357e-06,1.24304935121068e-05,1.229977301263716e-05
1283,1.3274398418919494e-05,1.1045747523894533e-05,1.2415327933316197e-05,1.2160909252997954e-05
1284,9.995508872735728e-06,7.71945902670268e-06,1.2466772114971213e-05,1.1389447806141105e-05
1285,1.3155488332914603e-05,7.825218708603644e-06,1.2515927531543031e-05,1.0904369058698647e-05
1286,1.3596021158769467e-05,1.0182144651480484e-05,1.2211997141841696e-05,1.0170583302533486e-05
1287,1.2371943282940064e-05,7.9447912867181e-06,1.2198543483908804e-05,1.0344939525384688e-05
1288,1.0980859256556464e-05,8.049650787143037e-06,1.2149726939080413e-05,1.04215246385138e-05
1289,9.793498520593857e-06,8.817687121336348e-06,1.2227282683468528e-05,9.784323491476245e-06
1290,1.0644721066152366e-05,1.6279053961625324e-05,1.2113073247746799e-05,9.738833847950446e-06
1291,1.0931326077196798e-05,1.0574095504125581e-05,1.2144578215116376e-05,1.0724500679498306e-05
1292,1.1994749673047206e-05,7.70609978644643e-06,1.2180719995295575e-05,1.159212471175124e-05
1293,1.007116432851439e-05,8.332242614415009e-06,1.2241993583140557e-05,1.1590262312529376e-05
1294,1.289074678222985e-05,9.797355342016089e-06,1.2407749074918684e-05,1.1863531101698754e-05
1295,1.1647433643196969e-05,1.1132331710541621e-05,1.235579792199941e-05,1.1934785760968225e-05
1296,1.2762093410856323e-05,7.640469939360627e-06,1.2449672526094624e-05,1.1878191536379748e-05
1297,1.2954593793337052e-05,1.1274891912762541e-05,1.2483834199843438e-05,1.1892125692247647e-05
1298,1.0518968115825878e-05,7.614854257553816e-06,1.2403786350639874e-05,1.2202807234280044e-05
1299,1.3282679837074183e-05,1.3324143255886156e-05,1.2405972810099939e-05,1.2220537151006282e-05
1300,1.0931292824049402e-05,1.069242694939021e-05,1.2353528858915931e-05,1.2404946902097434e-05
1301,1.40875266071008e-05,8.947226815507747e-06,1.2490151669529347e-05,1.238658965812647e-05
1302,1.1389849751139991e-05,8.607738745922688e-06,1.2520190171441454e-05,1.2464321922016096e-05
1303,1.3084522472329102e-05,3.2396675378549845e-05,1.264719726031116e-05,1.2582654607103904e-05
1304,1.1313098380519983e-05,2.9857258923584595e-05,1.2618274074015467e-05,1.2506788188329664e-05
1305,1.5411726063676825e-05,9.751738434715663e-06,1.2639919110693479e-05,1.2630286816420265e-05
1306,1.9183944027140065e-05,2.3381552382488734e-05,1.2763856234556038e-05,1.2681668400909983e-05
1307,1.2626793353168371e-05,9.474789003434125e-06,1.2718815023334982e-05,1.2764927457465093e-05
1308,1.562126352129983e-05,9.630891909182538e-06,1.2671406227552023e-05,1.2633104541600914e-05
1309,1.0849550716456078e-05,8.067812923400196e-06,1.2617365857537758e-05,1.2716580030974e-05
1310,1.1154292102825518e-05,1.55922572594136e-05,1.2506642241108541e-05,1.2828776624519377e-05
1311,1.3650682645271041e-05,1.062539256963646e-05,1.2513906088780561e-05,1.2934525740274695e-05
1312,1.1060844503339872e-05,1.255503506399691e-05,1.244045401819878e-05,1.2825564014201518e-05
1313,1.4396429521891857e-05,7.590719687868841e-06,1.2548464615166369e-05,1.3228665171482137e-05
1314,1.0544461068396534e-05,1.0760993718577084e-05,1.2563916789642666e-05,1.3220545617514293e-05
1315,1.3819898287895032e-05,1.923737108882051e-05,1.258660645924263e-05,1.342566246748902e-05
1316,1.0208246419804507e-05,8.677435034769588e-06,1.2640060186580133e-05,1.2591886857990176e-05
1317,1.2535875589997482e-05,1.0793565488711465e-05,1.2719300734574465e-05,1.279446329572238e-05
1318,1.3169592425078412e-05,9.616782226657961e-06,1.256126034471284e-05,1.2926202596281656e-05
1319,1.1764716501703434e-05,1.1878831755893771e-05,1.2293114791423755e-05,1.3168126551317982e-05
1320,1.046221374862297e-05,7.836758813937194e-06,1.2365621689968974e-05,1.3273120770463718e-05
1321,1.1411084160499741e-05,9.727357173687779e-06,1.2163487537327457e-05,1.3243199315911623e-05
1322,1.0186503382606639e-05,1.4079806751396973e-05,1.2355542287615308e-05,1.3874101688270456e-05
1323,1.0700564307626338e-05,1.0258582151436712e-05,1.2423210099708133e-05,1.371255821431987e-05
1324,1.1446378072529721e-05,1.0600100104056765e-05,1.24003982356549e-05,1.3759331237815786e-05
1325,1.3631557748239074e-05,2.0769955881405622e-05,1.244695181440976e-05,1.35944875277346e-05
1326,1.4473830969008203e-05,8.74423796631163e-06,1.232969553400633e-05,1.3597801701689607e-05
1327,1.195709149113908e-05,1.3735659995290917e-05,1.2335077499301406e-05,1.3512167557200884e-05
1328,1.4420865655766749e-05,1.1552285141078755e-05,1.2329594660453342e-05,1.3061475371796407e-05
1329,1.3294112080378302e-05,3.4921669866889714e-05,1.2436749615598172e-05,1.3033801860729e-05
1330,1.1460716317136151e-05,1.3045220948697533e-05,1.2470426567233516e-05,1.310683084811899e-05
1331,1.2480305194912944e-05,2.9429651258396918e-05,1.249976439305303e-05,1.3448010752472328e-05
1332,1.443946581679888e-05,1.2099644482077566e-05,1.2592542266591208e-05,1.336946359151625e-05
1333,1.056790970526183e-05,8.882855545380154e-06,1.2607130457238075e-05,1.3799857217964016e-05
1334,1.5650919473652416e-05,2.384037223237101e-05,1.2741761406464825e-05,1.4018177739490054e-05
1335,1.2845987405146136e-05,1.155367041064892e-05,1.2803623713464025e-05,1.4908887657657031e-05
1336,1.3080386043940154e-05,1.1794718157034367e-05,1.2899579264154052e-05,1.5275247360841603e-05
1337,1.22246839722114e-05,8.433942311967258e-06,1.2853933536219607e-05,1.5196280414966168e-05
1338,1.1465022511806133e-05,7.673574036743958e-06,1.2758380381839945e-05,1.468971308277105e-05
1339,1.0679010200773417e-05,8.62014010635903e-06,1.2675356546161413e-05,1.4653764323156791e-05
1340,1.368282731669347e-05,7.970066453708569e-06,1.2668825154347966e-05,1.4848583066486752e-05
1341,1.288712029842524e-05,7.985597258084453e-06,1.26520840448696e-05,1.5145911212312058e-05
1342,1.337779938088109e-05,1.2619290173461194e-05,1.2638883784529751e-05,1.4074042928405106e-05
1343,1.3903038070566253e-05,1.814627983549144e-05,1.271937278959538e-05,1.4340438404178713e-05
1344,1.4084163340157829e-05,9.91515273199184e-06,1.2676314240686932e-05,1.3996650949411559e-05
1345,1.082691851479467e-05,1.859659947513137e-05,1.2753683606327588e-05,1.383386066299863e-05
1346,1.4776857891168524e-05,1.5185370211838744e-05,1.2720533802106123e-05,1.3819846080150454e-05
1347,1.1733061057586585e-05,3.634755470557138e-05,1.2589796511100658e-05,1.3235559858730991e-05
1348,1.3099453074876995e-05,1.941757473105099e-05,1.2541491076990498e-05,1.3114064541878176e-05
1349,1.0305234874168592e-05,8.625926457170862e-06,1.2468594487290829e-05,1.3044454202463383e-05
1350,1.124272888874758e-05,8.10577257652767e-06,1.249571313851953e-05,1.3444523909129201e-05
1351,1.2398235077044875e-05,7.845518975955201e-06,1.2511121725078235e-05,1.3503527583088723e-05
1352,1.179380669580294e-05,1.8606128578539937e-05,1.2523754018750173e-05,1.3491484663973095e-05
1353,1.4002337918807623e-05,1.8985488786711357e-05,1.258353558692357e-05,1.3494760482717538e-05
1354,1.2964105571882101e-05,8.124962769215926e-06,1.2551203148783922e-05,1.3518810933601345e-05
1355,1.3472941443776815e-05,1.9705107843037694e-05,1.2524254610090995e-05,1.3396359529724578e-05
1356,1.1403841472201748e-05,2.08349648892181e-05,1.2389450065004185e-05,1.2989494880457642e-05
1357,1.637369995781531e-05,8.029887321754359e-06,1.2377466991529218e-05,1.3107269495230865e-05
1358,9.739164599725174e-06,8.532490974175743e-06,1.248822895362941e-05,1.2715446670335951e-05
1359,1.238248719851577e-05,9.233216696884482e-06,1.2298924565887622e-05,1.2515469834761462e-05
1360,1.1638351552392123e-05,8.516287489328533e-06,1.2223557458977059e-05,1.1574534953251714e-05
1361,1.1257971301448479e-05,1.0054459671664518e-05,1.2253427460786448e-05,1.1117187668423865e-05
1362,1.2902650252928853e-05,1.84356849786127e-05,1.2303736231196026e-05,1.111194326003897e-05
1363,1.1850237175773751e-05,9.148665885732043e-06,1.2263358982980008e-05,1.1203760214993964e-05
1364,1.0994817542571884e-05,8.319067128468304e-06,1.2287410591145293e-05,1.1778564752603415e-05
1365,1.5177366521028387e-05,8.051961922319606e-06,1.2347787851346464e-05,1.2296002470247913e-05
1366,1.2078809344934093e-05,8.586858530179598e-06,1.2287368011998804e-05,1.1865672472049482e-05
1367,1.2704085913557922e-05,9.558005076542032e-06,1.2169766351346175e-05,1.1982757919759022e-05
1368,1.0532924443396042e-05,7.974663603818044e-06,1.2177634966428743e-05,1.1794600190478378e-05
1369,1.3784586503283613e-05,1.2859518101322464e-05,1.2278429668084657e-05,1.1273544585856145e-05
1370,1.359596756729944e-05,8.801028852758464e-06,1.2059877552342695e-05,1.1307408395805397e-05
1371,1.0044248197623851e-05,1.0185949322476518e-05,1.2104382883545545e-05,1.1275112047587754e-05
1372,9.848883384822531e-06,1.28241826678277e-05,1.219545730059003e-05,1.1589169383660191e-05
1373,1.3846203120111669e-05,7.983892610354814e-06,1.2234501955350024e-05,1.1602421796851561e-05
1374,1.1562954134408049e-05,8.494816247548443e-06,1.238045416939713e-05,1.1498470965307207e-05
1375,1.0233297683347094e-05,1.0401196450402494e-05,1.2357843207711188e-05,1.1093051128409571e-05
1376,1.2999525281177032e-05,2.221563241619151e-05,1.2389822478346309e-05,1.1144714637339348e-05
1377,1.330323820083221e-05,3.154207151965238e-05,1.2452358634335623e-05,1.1363392191560706e-05
1378,1.24918419351161e-05,8.227238831750583e-06,1.252426501115325e-05,1.1347492049389985e-05
1379,1.0024064055566365e-05,1.1052098961954471e-05,1.249981621630367e-05,1.1300027727702401e-05
1380,1.366965682084103e-05,1.5001164611021522e-05,1.2405942909026634e-05,1.121036111799185e-05
1381,1.3923709013599566e-05,7.808574773662258e-06,1.2603034717378453e-05,1.1346794528799364e-05
1382,1.090989706426626e-05,8.876482570485678e-06,1.2444701043690052e-05,1.1496436215384165e-05
1383,1.0851797879796424e-05,7.725082268734695e-06,1.2295654478455416e-05,1.1528519624698676e-05
1384,1.4659347624627925e-05,1.708465009869542e-05,1.2289553504201144e-05,1.1483338601101425e-05
1385,1.261446792139193e-05,8.847597819112707e-06,1.2403155972747806e-05,1.1268472389929231e-05
1386,1.4906776652626125e-05,7.4556888830557e-06,1.2507446969862536e-05,1.1360176350717667e-05
1387,1.2337376210780348e-05,8.300189056171804e-06,1.2559828829883677e-05,1.1348660323710647e-05
1388,1.2649718941651777e-05,1.0440253608976491e-05,1.2740683307492874e-05,1.2245057470863684e-05
1389,1.2558221442304784e-05,1.378600598400226e-05,1.267785786047979e-05,1.1752094834810124e-05
1390,1.6975025941469034e-05,7.654458368051565e-06,1.2597165192144331e-05,1.1241653858451173e-05
1391,1.1467589473694614e-05,7.400250487989979e-06,1.2540683200576398e-05,1.1226499816257275e-05
1392,1.0357253231632057e-05,7.316339833778329e-06,1.2608841740924014e-05,1.1105354478786466e-05
1393,1.5460219652191476e-05,1.1385498874005862e-05,1.249529008499748e-05,1.0810718693392118e-05
1394,9.826244661073563e-06,1.6600560265942476e-05,1.2385932342618214e-05,1.0856519114895492e-05
1395,9.86980343643356e-06,9.6031140856212e-06,1.2448800262872184e-05,1.1045744825241854e-05
1396,9.891723841267069e-06,9.056423732545226e-06,1.2547713762210659e-05,1.1031367157556816e-05
1397,1.2688945098489057e-05,7.452527388522867e-06,1.2503638476886814e-05,1.0877268861077029e-05
1398,1.6453478047979945e-05,1.027649163006572e-05,1.2462191206254325e-05,1.0992133932450087e-05
1399,1.2872500634936538e-05,8.206915572372963e-06,1.2364894381041975e-05,1.1879738666175399e-05
1400,1.4754659623577027e-05,3.281112512922846e-05,1.2397029826873525e-05,1.2640805821138201e-05
1401,1.1428889105849924e-05,9.891566514852457e-06,1.2359649131960598e-05,1.2627165592130041e-05
1402,1.1285921492445696e-05,1.8781047110678628e-05,1.2328195219823908e-05,1.2419046113063815e-05
1403,1.1079792145917761e-05,7.848387776903109e-06,1.2142799340249944e-05,1.3092682689602953e-05
1404,1.1728027564256789e-05,8.023465525184293e-06,1.2218859605410318e-05,1.3264944441471017e-05
1405,1.0830865422677663e-05,7.635269976162817e-06,1.2258176672912667e-05,1.3271584306494335e-05
1406,1.118976545411796e-05,8.95358531124657e-06,1.2125227881349726e-05,1.3191640343575273e-05
1407,1.2481595070615489e-05,1.3607125329144764e-05,1.225673794009102e-05,1.2841641694103603e-05
1408,1.3324635363258292e-05,7.365640576608712e-06,1.2362840240530204e-05,1.3268133824021789e-05
1409,1.3557465491531831e-05,1.3232192686700728e-05,1.264688307492179e-05,1.4266862016665983e-05
1410,1.1578286155579716e-05,1.1719224603439216e-05,1.2588724826006607e-05,1.4294929898460397e-05
1411,1.2474356022317402e-05,2.9645807226188482e-05,1.2317033184727834e-05,1.4727367517480163e-05
1412,1.3140762356569111e-05,2.732686793024186e-05,1.2195424507323574e-05,1.4684284217219101e-05
1413,1.1715201568828584e-05,1.0099247883772478e-05,1.2028053432247058e-05,1.3687962989934022e-05
1414,1.177187363888758e-05,8.583019007346592e-06,1.2020092746873465e-05,1.3710867842746667e-05
1415,1.2340128952119913e-05,2.4495372781530022e-05,1.2166740490728342e-05,1.3253947012708524e-05
1416,1.3369096102703932e-05,1.1706794284691568e-05,1.2187349693219098e-05,1.323581662873039e-05
1417,1.1340179919190835e-05,7.48233645936125e-06,1.2156827562850796e-05,1.3545061022159642e-05
1418,1.2136499863117934e-05,9.386899801029358e-06,1.211222003378983e-05,1.379866385250352e-05
1419,1.3113996129605867e-05,7.85059402915067e-06,1.2232931459099444e-05,1.4267092473164663e-05
1420,1.2522360947413188e-05,2.0265417333575897e-05,1.2167442465983592e-05,1.4151183256763033e-05
1421,1.6992794701056683e-05,3.402462854865007e-05,1.212398877574338e-05,1.4167414861731231e-05
1422,1.1234988875609512e-05,8.154224433383206e-06,1.2048832535300689e-05,1.392788348821341e-05
1423,9.661187016010647e-06,2.1087432105559856e-05,1.201669755666646e-05,1.3974066558148477e-05
1424,9.832283699830037e-06,7.1298330658464696e-06,1.1938015725091746e-05,1.3146740577212767e-05
1425,1.0570382746664109e-05,7.903094447101467e-06,1.1910991318291053e-05,1.2444585275807184e-05
1426,1.1229871971510066e-05,1.0464187835168558e-05,1.1930251745798159e-05,1.2353850190265803e-05
1427,1.4952115088817664e-05,7.358026359725045e-06,1.2096336909356371e-05,1.2382541689294156e-05
1428,1.1595022208186694e-05,7.395128177449806e-06,1.208060265513874e-05,1.2219753793760901e-05
1429,1.0964974305049205e-05,1.5754575360915624e-05,1.2041755312667294e-05,1.211794757473399e-05
1430,9.71567719615349e-06,1.3975340734759812e-05,1.2052967864171174e-05,1.2111952935083536e-05
1431,1.4207551086858277e-05,2.066430082777515e-05,1.2064963809057695e-05,1.206972110448987e-05
1432,1.0844370242719177e-05,1.0709394919103943e-05,1.2021777307341434e-05,1.2075491113500904e-05
1433,1.2238293107253008e-05,7.771430700813653e-06,1.192102804727458e-05,1.155705143173691e-05
1434,1.1678559480464577e-05,7.2439083487552125e-06,1.1765887808036902e-05,1.0536446901096498e-05
1435,1.0774911689724024e-05,1.2873801351815927e-05,1.1706853966016856e-05,1.0661328901915113e-05
1436,1.0507310232949547e-05,8.962657702795695e-06,1.19703956969008e-05,1.0670004643179709e-05
1437,1.2465152186551777e-05,9.772985395102296e-06,1.2105014305699219e-05,1.0990225648129127e-05
1438,1.2196712256506241e-05,7.830870745237916e-06,1.2254169973918278e-05,1.1684590588993161e-05
1439,1.592400272784289e-05,9.300306483055464e-06,1.2427213359923272e-05,1.160664823037223e-05
1440,1.1946772596679189e-05,2.0425675393198618e-05,1.2285879348564779e-05,1.1624129039410033e-05
1441,1.2397912540917686e-05,9.161638809018769e-06,1.2250522868796706e-05,1.2023419682373059e-05
1442,1.1620493706787885e-05,7.3324704680999276e-06,1.2268052825958069e-05,1.1693074421782513e-05
1443,1.2436398485280935e-05,8.331104036187753e-06,1.2296182443121024e-05,1.1695657095697242e-05
1444,1.2034333586699278e-05,7.994844254426426e-06,1.21850478558675e-05,1.1180532078287796e-05
1445,1.0003629445741859e-05,7.3044252894760575e-06,1.2162942709619529e-05,1.121451827129931e-05
1446,1.3114288720114726e-05,8.509515282639768e-06,1.2324475852316636e-05,1.1334008931589777e-05
1447,9.759142825108332e-06,1.1276274453848601e-05,1.2366600469087849e-05,1.1540305683593031e-05
1448,1.6249730288109275e-05,2.1304325637174772e-05,1.2504153121295126e-05,1.1395516453922027e-05
1449,1.319774891979048e-05,1.5135358189581894e-05,1.2667789606267534e-05,1.1403691101440928e-05
1450,1.4299274452140606e-05,2.5262217968702315e-05,1.2668922348610875e-05,1.1330050588730956e-05
1451,1.555595662163493e-05,8.515628869645298e-06,1.264308197060018e-05,1.1375135648268043e-05
1452,1.1418764804855326e-05,7.795046585670206e-06,1.2423222747505256e-05,1.2674903423612708e-05
1453,1.071111021398489e-05,1.73773942515254e-05,1.2346519134330772e-05,1.2218999698961856e-05
1454,1.140322323408327e-05,7.495943846151931e-06,1.2223448168879259e-05,1.2172026123880641e-05
1455,1.0418917625227347e-05,1.4039907582628076e-05,1.2240709096618554e-05,1.283463708969066e-05
1456,1.142918640552024e-05,7.786175392539008e-06,1.2356806094976491e-05,1.3117034760944079e-05
1457,1.0291741586519896e-05,1.1559049744391814e-05,1.235891194191936e-05,1.3110037668229779e-05
1458,1.6276621674680628e-05,1.0758697208075318e-05,1.2496292702376702e-05,1.3309678652149159e-05
1459,1.273167489974488e-05,1.2401327148836572e-05,1.2470499017743149e-05,1.3525949470931663e-05
1460,1.4213727994906043e-05,9.254070610040799e-06,1.2541540533170014e-05,1.3460648772888819e-05
1461,1.4598222357259753e-05,9.167023890768177e-06,1.2394252938207097e-05,1.3119690987514332e-05
1462,1.2493470745135305e-05,7.931972577353008e-06,1.2262554342022567e-05,1.2820099053351443e-05
1463,1.1550702806238809e-05,8.957997233665082e-06,1.2137369551338553e-05,1.2190354507038137e-05
1464,1.0427522150469789e-05,4.1794500866672024e-05,1.2035991717332056e-05,1.2273245267715538e-05
1465,1.0029182267317082e-05,9.028082276927307e-06,1.2099543154949464e-05,1.2427818540163574e-05
1466,9.321138404629892e-06,7.987299431988503e-06,1.2188504586528225e-05,1.2131776066235036e-05
1467,1.2052016900270247e-05,2.3897744613350367e-05,1.2263973650381863e-05,1.2140713480766862e-05
1468,1.5338823444229396e-05,1.5391045817523263e-05,1.2286518944529236e-05,1.1885553562024143e-05
1469,1.208697976027098e-05,7.819916936568916e-06,1.246447983725779e-05,1.1892757222085491e-05
1470,1.343814845717538e-05,1.2295449887460563e-05,1.2540173624802263e-05,1.1730709510447921e-05
1471,1.246944660427592e-05,1.3916285752202384e-05,1.2302990283690936e-05,1.1987067188601939e-05
1472,1.1535180710779969e-05,9.64375700277742e-06,1.2325994611617514e-05,1.1772349015518556e-05
1473,1.2567540414036354e-05,1.2780381002812646e-05,1.2189621253572921e-05,1.1812079387891571e-05
1474,9.905284015177232e-06,7.64555983550963e-06,1.199852010265911e-05,1.1727331369911552e-05
1475,1.1169654685040263e-05,9.518604310869704e-06,1.195106685263454e-05,1.172338508768007e-05
1476,1.3021510771472499e-05,1.0587897886580322e-05,1.1872127204535194e-05,1.1674100226809967e-05
1477,1.3007550745290549e-05,1.1659378396871033e-05,1.2047116052660085e-05,1.0836713597382185e-05
1478,1.2935146003453863e-05,9.976332403311972e-06,1.216066340461516e-05,1.076452681663795e-05
1479,1.3289949830424222e-05,7.719379209447651e-06,1.2356794021212004e-05,1.126764144937624e-05
1480,1.098254997891167e-05,7.660909614060073e-06,1.2336061081603275e-05,1.06663878330437e-05
1481,1.5878208723734134e-05,7.96626689407276e-06,1.219340398205936e-05,1.10645220054721e-05
1482,1.2184086275131752e-05,7.507856953452574e-06,1.2207831194084268e-05,1.1557114478637232e-05
1483,1.0347038146897426e-05,1.7167639161925762e-05,1.2142214647691516e-05,1.1348641171935014e-05
1484,1.3306783097909324e-05,7.033372821751982e-06,1.2101171582455412e-05,1.1120950563054065e-05
1485,1.0804394043791237e-05,1.0247329919366166e-05,1.204362182527095e-05,1.103658251231536e-05
1486,9.820693584414483e-06,7.048323441267712e-06,1.1963976001667713e-05,1.08291177341016e-05
1487,1.1307139494521025e-05,7.833315521565964e-06,1.2065948389014616e-05,1.0996716672525506e-05
1488,9.577211603755131e-06,7.725875711912522e-06,1.2101370121106611e-05,1.1304396147170333e-05
1489,1.4802243353592025e-05,2.0859835130977445e-05,1.2011479886132292e-05,1.1225309117435242e-05
1490,1.2867866066193932e-05,7.223412758321502e-06,1.200907243126292e-05,1.2160245629638664e-05
1491,1.4224403819551096e-05,2.0565165250445716e-05,1.2154722864700792e-05,1.2131622284505281e-05
1492,1.153369341005196e-05,8.866404205036815e-06,1.2118663252234304e-05,1.210866783876554e-05
1493,1.177239595563151e-05,2.5344400128233247e-05,1.2114668463537884e-05,1.2561237160844027e-05
1494,1.2447660060893719e-05,2.0134728765697217e-05,1.1950958051602355e-05,1.253009867723449e-05
1495,1.1797734797356598e-05,7.083617219905136e-06,1.1969333960991612e-05,1.251822002013796e-05
1496,1.1443369973373288e-05,8.224020530178677e-06,1.20403007030998e-05,1.2358399139338874e-05
1497,1.009643678116845e-05,7.534555734309833e-06,1.2071679478039087e-05,1.2526922637334793e-05
1498,1.0576394823955424e-05,7.593761547468603e-06,1.2091899897172374e-05,1.2430573775782252e-05
1499,1.245459369884985e-05,1.1835533296107315e-05,1.2160396476893868e-05,1.2479263170098422e-05
1500,1.2055197987340055e-05,1.721059117699042e-05,1.2147636013752263e-05,1.2471616768016249e-05
1501,1.0774254897114587e-05,8.61072214320302e-06,1.2173935454807683e-05,1.3639427705493292e-05
1502,1.294736437355621e-05,3.503279120195657e-05,1.2083919090946437e-05,1.3801563666493167e-05
1503,1.6576406839400685e-05,9.260748774977402e-06,1.1991902212927622e-05,1.3923354457074312e-05
1504,1.2388459518762021e-05,7.145518065954093e-06,1.1835174398543635e-05,1.3415279649780132e-05
1505,1.0882680261501163e-05,1.8975142666022293e-05,1.1822315225557154e-05,1.4103989030991215e-05
1506,1.178544842534595e-05,7.187804803834297e-06,1.1806137487656088e-05,1.348423905146774e-05
1507,1.2643484009863136e-05,7.2108905260392934e-06,1.1696197131621173e-05,1.2965198245365172e-05
1508,1.2121206699602124e-05,1.3172117141948548e-05,1.172957441833407e-05,1.3018980398919664e-05
1509,1.4091252471391474e-05,1.1246460271649994e-05,1.1791555301129443e-05,1.3201243809453442e-05
1510,1.1309904522123463e-05,7.838608380552615e-06,1.1836319056641917e-05,1.3191949524480149e-05
1511,1.1533108077451793e-05,8.265558299171972e-06,1.1892319066060333e-05,1.3187478050531352e-05
1512,1.098812791598094e-05,7.642155469511636e-06,1.180581836763142e-05,1.3010983505955663e-05
1513,1.0234697630140646e-05,3.692114914883859e-05,1.1840478420708677e-05,1.2605191420880144e-05
1514,1.255183425706087e-05,2.491323415597435e-05,1.1913054637948841e-05,1.258062398119364e-05
1515,1.0567444115723547e-05,1.0268182522850111e-05,1.182844022102169e-05,1.1885829019593075e-05
1516,1.0306208459951448e-05,7.863295068091247e-06,1.1544451666486569e-05,1.1882143553521017e-05
1517,1.121221408538986e-05,2.60841387353139e-05,1.146564786237529e-05,1.1898557213135062e-05
1518,1.1367952508104888e-05,9.850650640146341e-06,1.1582540156531549e-05,1.1605482055165338e-05
1519,9.699151160020847e-06,7.158708613133058e-06,1.1606869076664833e-05,1.1974757553252858e-05
1520,1.2632166965179042e-05,8.428171058767475e-06,1.1647311833197214e-05,1.2104208151140483e-05
1521,1.2992892043257599e-05,1.2780605793523136e-05,1.176928286363869e-05,1.1970589838892922e-05
1522,1.1215530668980338e-05,7.302198609977495e-06,1.1724939221595481e-05,1.2145024850178743e-05
1523,1.197639505941576e-05,7.481974698748672e-06,1.1732973859155514e-05,1.2126385009469232e-05
1524,1.0292076238127064e-05,7.42316968171508e-06,1.1674329154508695e-05,1.2098543966567379e-05
1525,1.2921699314271488e-05,7.0657890501024665e-06,1.1651061531908154e-05,1.2144818982778817e-05
1526,1.2588660328118649e-05,7.996536151040346e-06,1.1648879247958477e-05,1.1010472784255401e-05
1527,1.0832003950377435e-05,1.766291716194246e-05,1.155837871600751e-05,1.0317454663891114e-05
1528,9.476692976022604e-06,9.16861212317599e-06,1.1623622447950769e-05,1.0321591028332478e-05
1529,1.0418364415980047e-05,7.555859556305223e-06,1.165745446956458e-05,1.029821085103322e-05
1530,1.3804987615407704e-05,1.1648263716779184e-05,1.1789515754854723e-05,9.59194985771319e-06
1531,1.2393671428678013e-05,1.6419692256022243e-05,1.1768363905300958e-05,9.75993439933518e-06
1532,1.3654552923172661e-05,1.0447155473229941e-05,1.1797058413342005e-05,9.822654856543522e-06
1533,1.5170482460639e-05,9.831659335759468e-06,1.1750287805706548e-05,1.0042402551334817e-05
1534,1.2982661420311262e-05,1.5607335553795567e-05,1.1657373530195199e-05,9.861487319722074e-06
1535,1.151077046112429e-05,7.372612362814834e-06,1.1624737712797167e-05,9.99810693829204e-06
1536,1.006699046128132e-05,7.569532226625597e-06,1.1572548008391299e-05,1.0057320779014845e-05
1537,1.0406437350967382e-05,8.799030874797609e-06,1.1605060966394378e-05,1.0168808876915138e-05
1538,1.0180140531398744e-05,8.562494185753167e-06,1.1585260768414528e-05,1.0165384436550087e-05
1539,1.0289320958286732e-05,7.5877811468672e-06,1.1499377064966315e-05,1.0271690589434003e-05
1540,1.2198537414304965e-05,1.0371591633884236e-05,1.1662698441634553e-05,9.843243537761738e-06
1541,1.1152009000296757e-05,7.278790635609767e-06,1.1723457830925734e-05,9.784887063869977e-06
1542,1.4513746217643429e-05,8.42761390231317e-06,1.1788998633225375e-05,9.77844323788304e-06
1543,1.083915626926076e-05,1.4050264180696104e-05,1.1701748580768865e-05,9.597253456013277e-06
1544,1.0416513861047053e-05,8.72672004334163e-06,1.1683358716658812e-05,9.250575054466025e-06
1545,1.146290177429263e-05,1.3921863428549842e-05,1.1555582529076173e-05,9.150195640540915e-06
1546,1.0670035155473872e-05,8.257725003204541e-06,1.1376125662880242e-05,9.071454179502325e-06
1547,1.0399635234029523e-05,1.0717689074226655e-05,1.131552321235682e-05,8.891622054943583e-06
1548,1.0671652449269055e-05,8.962320716818794e-06,1.1284357536876798e-05,8.87867337150965e-06
1549,1.110490018820403e-05,1.0210372129222379e-05,1.1310248508905516e-05,9.503623998170952e-06
1550,1.2426694364775256e-05,6.98017804097617e-06,1.126664190746346e-05,9.517119632073445e-06
1551,1.0441567741913282e-05,1.0654189973138273e-05,1.1262202028471318e-05,9.561132510862079e-06
1552,1.4915038367083374e-05,6.951740870135836e-06,1.1218498053616107e-05,9.890597886260366e-06
1553,1.0995677708302133e-05,7.709700275881914e-06,1.1191086555683999e-05,9.911414169619094e-06
1554,1.2056884473471049e-05,7.394763906631852e-06,1.1257486280737795e-05,9.98070279165404e-06
1555,1.1623736303994924e-05,7.118519170035142e-06,1.1173998019714619e-05,1.0575511259958148e-05
1556,1.1933924825926726e-05,7.752732217340964e-06,1.1336003649315292e-05,1.0335364167985972e-05
1557,1.0460148233606662e-05,7.937670125102158e-06,1.134670829451352e-05,1.028682324613328e-05
1558,1.0684060805740754e-05,7.863122809794732e-06,1.1317362925708748e-05,1.1126832389709308e-05
1559,1.1467600157225712e-05,1.1111532439826987e-05,1.1348228415631135e-05,1.1150362600164953e-05
1560,1.0731628574123735e-05,7.048895276966505e-06,1.139568826858724e-05,1.1619603652798106e-05
1561,1.0714264761999301e-05,2.319329789315816e-05,1.138446396948388e-05,1.1639328749151902e-05
1562,9.316272314916002e-06,9.136421722359955e-06,1.140380669187127e-05,1.2225152750033887e-05
1563,1.0069143556595212e-05,9.662816155469046e-06,1.1351753397361286e-05,1.2360852520214394e-05
1564,9.19672158690648e-06,1.5824415531824342e-05,1.1387694265067697e-05,1.2697140028467402e-05
1565,1.1513249966002251e-05,1.0891998717852403e-05,1.1272171551172507e-05,1.2805911972827744e-05
1566,1.2812002126641648e-05,9.011006186483428e-06,1.1446032643491185e-05,1.2805071949696867e-05
1567,1.2426539692064075e-05,2.329782560991589e-05,1.1341137335168445e-05,1.279051571400487e-05
1568,1.4889297009277572e-05,8.046586881391704e-06,1.13623173504392e-05,1.309861206318601e-05
1569,1.0684129991002716e-05,7.513196997024352e-06,1.1400911692059408e-05,1.3122522697085514e-05
1570,1.0729267554173324e-05,3.492209201795049e-05,1.1401971855755417e-05,1.3115165373892524e-05
1571,1.1441672403533529e-05,8.84598026459571e-06,1.1387607263815073e-05,1.3408749179507139e-05
1572,1.1586131557932175e-05,2.2448715390055442e-05,1.1337709771032678e-05,1.3248212319012965e-05
1573,1.0391044971685106e-05,9.45544812566368e-06,1.1353365069549504e-05,1.3470336856698852e-05
1574,1.1588468247888764e-05,2.4855972151271998e-05,1.1420046212070802e-05,1.3101399677543669e-05
1575,1.1125362002025618e-05,1.0372672295488883e-05,1.1537626579876007e-05,1.3050095143989894e-05
1576,1.1340089434573504e-05,1.9061377679463475e-05,1.1537144401437319e-05,1.330243003103533e-05
1577,1.2026970519703658e-05,9.671039479144383e-06,1.1641280328007675e-05,1.3115294297313088e-05
1578,1.5342205016269064e-05,7.688699697609991e-06,1.1909569198501736e-05,1.3096090930775973e-05
1579,9.434501765402577e-06,7.030858014331897e-06,1.1824906776827345e-05,1.3202311195345829e-05
1580,1.215323668576376e-05,1.4820927899563686e-05,1.1730752962062574e-05,1.2828267373697601e-05
1581,1.2898783366431923e-05,8.350498064828572e-06,1.1548293025003254e-05,1.2993826294405154e-05
1582,1.048665232600696e-05,7.753737045277375e-06,1.1653415583714377e-05,1.3212373593705706e-05
1583,1.032494600723213e-05,1.520271795016015e-05,1.168075821600117e-05,1.2132409561309033e-05
1584,1.0220162837665864e-05,7.0981109274725895e-06,1.1762268189502519e-05,1.2066901005164256e-05
1585,1.1123011037044408e-05,1.2602008719113655e-05,1.1772414879427137e-05,1.2165908726456108e-05
1586,1.2381293325031745e-05,1.3969868414278608e-05,1.1751431504995302e-05,1.2091826833056983e-05
1587,1.2255781510046088e-05,7.853808383515571e-06,1.1715127229803735e-05,1.1379356766701675e-05
1588,1.0057089095628018e-05,1.5971188331604936e-05,1.1754836722603717e-05,1.142844770947704e-05
1589,1.1800119751165363e-05,1.1146022188768256e-05,1.1807400144526687e-05,1.1116342927562073e-05
1590,1.8220471728353813e-05,1.0411914554424583e-05,1.1938288273894515e-05,1.1019755040615561e-05
1591,1.0695441584781899e-05,1.1666512800729834e-05,1.178912479946222e-05,1.0999923517374552e-05
1592,1.00726943229448e-05,1.3946730068710168e-05,1.1787291860026828e-05,1.1000712762324835e-05
1593,1.0327798582794559e-05,1.2185559899080545e-05,1.1718689130712949e-05,1.0723199717176611e-05
1594,1.331219395878078e-05,1.2976879479538184e-05,1.1618062394619402e-05,1.0771162585297131e-05
1595,1.141283336134317e-05,7.922991208033637e-06,1.1696556783378281e-05,1.092614226945443e-05
1596,1.3479421741067199e-05,7.208266360976267e-06,1.185001730344892e-05,1.1193626082967967e-05
1597,1.1839798806047636e-05,2.4923908422351816e-05,1.1940994937968853e-05,1.1254134756018175e-05
1598,9.866460610889286e-06,7.603400790685555e-06,1.1977726719002626e-05,1.1517745136370649e-05
1599,1.0680861368099512e-05,7.044220492389286e-06,1.189163131186635e-05,1.1640031327988254e-05
1600,1.2118099322025148e-05,1.1599945864873006e-05,1.186413109244313e-05,1.1824004413938383e-05
1601,1.2654174982647722e-05,1.1258758131589275e-05,1.1838972419112298e-05,1.1481050462316489e-05
1602,1.529917375389939e-05,7.256342305481667e-06,1.1907788895769043e-05,1.1464304428227478e-05
1603,1.1613118155461659e-05,7.192911616584752e-06,1.1695119203957598e-05,1.146223957694019e-05
1604,9.388678279517788e-06,7.050589138088981e-06,1.1702755144102006e-05,1.1404191834299125e-05
1605,1.0438168452916821e-05,7.883101770858048e-06,1.1683969301116627e-05,1.1178563752037007e-05
1606,1.0383114964093289e-05,9.549569767841604e-06,1.1737981934452871e-05,1.1017394299415172e-05
1607,1.2449012044978898e-05,1.1628229149209801e-05,1.1634739505380924e-05,1.0835252849938114e-05
1608,1.4161459008998159e-05,2.1889813287998548e-05,1.1628459008554477e-05,1.1124262710654873e-05
1609,1.2494603700664204e-05,8.61082775372779e-06,1.1591562596448867e-05,1.2090063520736291e-05
1610,1.2041305562888738e-05,1.9192268227925522e-05,1.1587763985112868e-05,1.1577066007157552e-05
1611,1.0228908146624842e-05,1.7027023204718716e-05,1.1820210040888117e-05,1.163424268452218e-05
1612,1.1568276024465578e-05,1.2453135532268789e-05,1.1763069287149444e-05,1.1644366865948542e-05
1613,9.428122262357243e-06,7.39733954105759e-06,1.1679570974956735e-05,1.2340809436136626e-05
1614,1.3520531667583985e-05,1.0727371336543e-05,1.1812446607816838e-05,1.3174309882015221e-05
1615,1.2903729433067686e-05,1.0360293272242416e-05,1.1721197745969727e-05,1.3170575458934762e-05
1616,1.088634008839209e-05,1.0215319234703201e-05,1.1724412397112853e-05,1.319391814467963e-05
1617,9.60304824831029e-06,8.306028012157186e-06,1.1726924622053046e-05,1.3226829665654804e-05
1618,1.1678114416200615e-05,8.156323583534685e-06,1.170184874168222e-05,1.3184633314085657e-05
1619,1.073113323198211e-05,8.423343242611736e-06,1.174922324312825e-05,1.3139696762664242e-05
1620,1.1255820940681992e-05,1.514823772595264e-05,1.1763451521579151e-05,1.2966513075662076e-05
1621,1.2557011438426949e-05,3.1353286613011735e-05,1.1705170728479669e-05,1.253947748264181e-05
1622,1.1744833522647645e-05,1.209897058288334e-05,1.1629840970191356e-05,1.2476202528341671e-05
1623,1.5677612005270527e-05,9.032817724801134e-06,1.1548324180168697e-05,1.2011769094533516e-05
1624,9.252342524632695e-06,7.297325028048362e-06,1.164921315632657e-05,1.258431107344222e-05
1625,1.0030641517207388e-05,2.9011010119575077e-05,1.1707499833412132e-05,1.3662407351512226e-05
1626,1.597606580415029e-05,3.209626927855425e-05,1.1868875133627119e-05,1.3681448914576317e-05
1627,1.3017952207721666e-05,7.162981728470186e-06,1.1916546835790441e-05,1.3564605852297968e-05
1628,1.1693484434039823e-05,7.776478760206374e-06,1.1913889900703605e-05,1.3513775834871918e-05
1629,9.451483903022665e-06,7.873377162468387e-06,1.1891700846657234e-05,1.3619638512318484e-05
1630,9.811271443646143e-06,6.8281929816294e-06,1.1910172749210486e-05,1.3586002205556721e-05
1631,1.1567477500244017e-05,8.426155982306227e-06,1.1859379722752944e-05,1.3546487112762404e-05
1632,1.2804719006251415e-05,7.29863697415567e-06,1.1887549031436923e-05,1.3855528058775233e-05
1633,1.2704439181511083e-05,1.1213923462491948e-05,1.1803253478016512e-05,1.3529146840301107e-05
1634,1.0611359743456382e-05,7.028953896224266e-06,1.1834388698116527e-05,1.2712445151555584e-05
1635,1.0003385812322247e-05,7.581432382721686e-06,1.193473164098072e-05,1.2938917392602889e-05
1636,1.2751132550571734e-05,3.134057267743628e-05,1.182674760521978e-05,1.2861719945794903e-05
1637,1.302544295160462e-05,3.940554248401895e-05,1.1840476261487411e-05,1.2925231734698175e-05
1638,1.3462504767731945e-05,7.87337861765991e-06,1.185358805572226e-05,1.2686601573659573e-05
1639,1.471232422166698e-05,7.806294779584278e-06,1.1819785547898695e-05,1.1911934008821846e-05
1640,1.2837306055896786e-05,9.089542836591135e-06,1.1790704792737315e-05,1.191985878540436e-05
1641,1.0331613737232854e-05,1.2861886170867365e-05,1.174215518476558e-05,1.2007059618917994e-05
1642,1.0064845812141558e-05,7.465120343113085e-06,1.1792597824872547e-05,1.2925956869730727e-05
1643,1.0408288754762098e-05,7.168446263676742e-06,1.1846392635844596e-05,1.3190381001186327e-05
1644,1.1435365949081542e-05,1.6149366892932448e-05,1.1853404495276561e-05,1.3311557153792822e-05
1645,9.148432105171701e-06,6.988707264099503e-06,1.1773279881648098e-05,1.3296715963952012e-05
1646,1.3335391940927366e-05,1.0935744394373614e-05,1.1670820731766674e-05,1.312185342248995e-05
1647,1.4253407094252503e-05,1.776077660906594e-05,1.1711190426406877e-05,1.3287914309330517e-05
1648,1.2978011111247017e-05,7.1028815546014815e-06,1.1744195883875362e-05,1.3390536567021629e-05
1649,9.595558931323466e-06,8.885119750630111e-06,1.1632717708926064e-05,1.2418201672699069e-05
1650,1.03584363730786e-05,2.3045256093610077e-05,1.1533835079616335e-05,1.1133866642194335e-05
1651,1.5131003108561143e-05,1.2729580157611054e-05,1.154134961143427e-05,1.1308665024262156e-05
1652,1.2290933328687162e-05,7.361101143033011e-06,1.143568684941177e-05,1.1614679591002641e-05
1653,1.0479744234746451e-05,9.95649959804723e-06,1.140628330989178e-05,1.152028881770093e-05
1654,1.071254990569691e-05,3.0845808432786725e-05,1.14033930658075e-05,1.1280554917902918e-05
1655,1.115614171794732e-05,1.343879626801936e-05,1.1441755635597574e-05,1.1538929319067392e-05
1656,1.1742773986043175e-05,1.1455559797468595e-05,1.1512217121344291e-05,1.1567941546672955e-05
1657,1.0801603665539814e-05,6.9276072281354574e-06,1.1529888745523445e-05,1.144228538905736e-05
1658,1.0142960434475552e-05,6.8423599259404e-06,1.1549904229549509e-05,1.145870665568509e-05
1659,1.1620602109461389e-05,1.1180476067238487e-05,1.1508601367758171e-05,1.1446440181316575e-05
1660,1.0828522249034398e-05,1.0146988824999425e-05,1.1375377081074272e-05,1.1007996350963366e-05
1661,9.964178176839293e-06,7.03220031937235e-06,1.1278284645353172e-05,1.1010300277121132e-05
1662,1.055337721886139e-05,7.297166721400572e-06,1.1544402894934239e-05,1.0939182919537415e-05
1663,1.3650368063180294e-05,1.224333816935541e-05,1.1644144033966263e-05,1.0352929296641378e-05
1664,1.2070755171104489e-05,1.5456658948096445e-05,1.1461993760126964e-05,1.0745242055418203e-05
1665,1.210221756789704e-05,6.729773504048353e-06,1.1453323344499544e-05,1.1765583358646836e-05
1666,1.0259357635125829e-05,6.868538675917079e-06,1.1521794632183932e-05,1.1641367596166676e-05
1667,1.102391005689343e-05,1.3924480372224934e-05,1.1529872236456465e-05,1.0681464713707101e-05
1668,1.2169825898430039e-05,7.893751953815809e-06,1.1565307918984522e-05,1.0413502969458932e-05
1669,1.1877156553560376e-05,1.3007962952542584e-05,1.1459996740854372e-05,1.0396596929786029e-05
1670,9.648819205823302e-06,7.399238929792773e-06,1.1483509980543103e-05,1.045513825956732e-05
1671,1.2302820396143943e-05,1.0629082535160705e-05,1.1554530540241913e-05,1.097524233700824e-05
1672,1.0922799927155009e-05,6.7996808502357454e-06,1.1525548258820588e-05,1.0808684052608442e-05
1673,1.0550700218219491e-05,7.160479708545609e-06,1.1461999345798784e-05,1.1201071448158472e-05
1674,1.624851517085012e-05,7.107185811037198e-06,1.1547302006025956e-05,1.1735278230480617e-05
1675,1.2851964848879208e-05,8.388915521209128e-06,1.1536051087346602e-05,1.1850807355949656e-05
1676,1.0577246262578733e-05,2.2537399127031675e-05,1.1393810310821413e-05,1.1640410577092553e-05
1677,1.207417293800164e-05,3.2869633723748845e-05,1.1264849572277551e-05,1.1499302511947463e-05
1678,1.2191526426856095e-05,6.8511055360431785e-06,1.1205664470698038e-05,1.159476918837754e-05
1679,1.0914490012510214e-05,6.848236371297389e-06,1.1319987012231853e-05,1.1638218199368566e-05
1680,1.2042033781148752e-05,6.739752661815146e-06,1.1307970589486005e-05,1.1362363869557156e-05
1681,9.10999453278944e-06,1.1032908805646002e-05,1.1254082145791879e-05,1.1372392874181969e-05
1682,1.1389434657758102e-05,8.391140472667757e-06,1.1214766756125353e-05,1.1160025782737648e-05
1683,1.1918474426945775e-05,1.9844961861963384e-05,1.1245051382421582e-05,1.1687839695514411e-05
1684,1.0896045073928285e-05,7.0165189572435335e-06,1.134594279562104e-05,1.1715429035393754e-05
1685,9.23979942348928e-06,1.9956673713750207e-05,1.1318280746652616e-05,1.2670997318491572e-05
1686,1.2096744682518572e-05,2.0387369877425952e-05,1.1282833253143408e-05,1.2648246040771481e-05
1687,1.027210425187756e-05,1.0185394858126529e-05,1.0982380328318363e-05,1.3232664096722144e-05
1688,1.0094348650050557e-05,6.983418697927845e-06,1.099652169480881e-05,1.3183017647679661e-05
1689,8.846736707507969e-06,1.192895731946919e-05,1.1237801051417289e-05,1.2587347040971506e-05
1690,1.0622590028409226e-05,9.116440414800309e-06,1.113244463926498e-05,1.1609920730552402e-05
1691,1.3117421173471182e-05,7.954763950692723e-06,1.12362266294642e-05,1.1676081523910394e-05
1692,1.0723499488247196e-05,7.0281221269397065e-06,1.1187004083290553e-05,1.1829262130049752e-05
1693,1.0822614806076873e-05,8.144477069436107e-06,1.1173106099037492e-05,1.3361458694271276e-05
1694,1.0894271811897245e-05,7.69878566643456e-06,1.1262603683321182e-05,1.3198754666518651e-05
1695,1.040593486322905e-05,2.0594586749211886e-05,1.1324669180248749e-05,1.3259999344154491e-05
1696,1.4825105726130358e-05,1.1318816032144241e-05,1.1305593947367418e-05,1.2882387011632087e-05
1697,1.0231248702944463e-05,3.0688887927681205e-05,1.1395759917205498e-05,1.2899636895599537e-05
1698,9.664512880489281e-06,6.591697765543358e-06,1.1422618954748034e-05,1.2368629889533618e-05
1699,8.737192050224015e-06,2.1717637209803798e-05,1.1519472827947335e-05,1.2180347090907158e-05
1700,1.3205499011140394e-05,7.147754295147024e-06,1.1578010788556033e-05,1.2091782936477101e-05
1701,1.6609230177790676e-05,7.645633959327824e-06,1.163830717357794e-05,1.229607265195227e-05
1702,9.440262634193965e-06,8.433975963271224e-06,1.1657120759223795e-05,1.2095687809051012e-05
1703,1.4786076181836608e-05,8.505125369993039e-06,1.1764863463273893e-05,1.2164226308232171e-05
1704,9.683926358169022e-06,1.0677751524781343e-05,1.1625930292615926e-05,1.2918270582304102e-05
1705,1.1694584174822214e-05,4.5044666767353194e-05,1.1561005081279695e-05,1.3139736884477315e-05
1706,1.1347434139881646e-05,6.9653081118303815e-06,1.1714984886526104e-05,1.358911823845119e-05
1707,1.2941072080947278e-05,9.922257413563785e-06,1.1725267172732855e-05,1.3622314108215503e-05
1708,1.1441593604912567e-05,1.0404653548903298e-05,1.176186201288753e-05,1.3786621348845075e-05
1709,1.3150194319880231e-05,7.4477660564298275e-06,1.1626208075823444e-05,1.3668217550002737e-05
1710,9.911275362052644e-06,6.681498562102206e-06,1.1810724367225904e-05,1.2887080276414052e-05
1711,1.4518091512501187e-05,1.568029991176445e-05,1.1775017525764673e-05,1.292249653561157e-05
1712,1.1735553267094979e-05,7.971290997375036e-06,1.1834731871769894e-05,1.2460441225994144e-05
1713,1.160175827559821e-05,1.2090661584807094e-05,1.1733101719518243e-05,1.2463910406222565e-05
1714,9.317076348654357e-06,6.919336246937746e-06,1.1541552918222602e-05,1.247789990811725e-05
1715,1.3316157629661676e-05,1.082990289432928e-05,1.1585785704988262e-05,1.2451542320195584e-05
1716,9.644091907022004e-06,2.6805870802490973e-05,1.1370358256196293e-05,1.2734194715449121e-05
1717,9.100369204841425e-06,1.256477968127001e-05,1.1436831777407659e-05,1.292155808332609e-05
1718,1.467210993723711e-05,1.9379010918783024e-05,1.1434581152287947e-05,1.1510297570202965e-05
1719,1.1151328967066041e-05,8.528682410542388e-06,1.1370763304754897e-05,1.1959116131038173e-05
1720,1.1320805867095867e-05,2.4702267764951103e-05,1.128068241693351e-05,1.2176171073951995e-05
1721,1.1433757299528224e-05,8.358721061085816e-06,1.1382675476892877e-05,1.271172884080443e-05
1722,1.4844155988005999e-05,1.1160456087964121e-05,1.1311702906095888e-05,1.2930152346962135e-05
1723,8.771841843958504e-06,7.477104245481314e-06,1.1318967849769654e-05,1.2957237381488088e-05
1724,1.0230050700354493e-05,1.0166254469368141e-05,1.1218144743745345e-05,1.2625553654652323e-05
1725,1.0664745204849168e-05,7.23448380085756e-06,1.1133340623281483e-05,1.303225792362355e-05
1726,1.1820510145399667e-05,7.995371506694937e-06,1.1134119111536874e-05,1.2894378039345612e-05
1727,1.0546082303335424e-05,7.775036265229573e-06,1.1146399138912481e-05,1.308680181755335e-05
1728,9.40038996203738e-06,1.5571435251331423e-05,1.0996592685114592e-05,1.2967662074515828e-05
1729,1.1345764388453164e-05,1.5361835721705575e-05,1.1102915758157096e-05,1.2537882613105468e-05
1730,1.1638318546829396e-05,9.76315393927507e-06,1.1320405513753131e-05,1.230930219826405e-05
1731,9.751987951555444e-06,1.8185772132710555e-05,1.1191124968657582e-05,1.2330271641985744e-05
1732,1.0689049885412613e-05,1.534863098640926e-05,1.115173311498236e-05,1.2259510810690698e-05
1733,1.399142010389672e-05,2.3793597720214165e-05,1.1127247215255115e-05,1.1573619696719106e-05
1734,1.1375880049955514e-05,1.2908353710372467e-05,1.1190031162388753e-05,1.260075371246785e-05
1735,1.0092898953896818e-05,7.358624425251037e-06,1.1124880677380133e-05,1.260214213398285e-05
1736,1.1997513861893417e-05,7.388206740870373e-06,1.1206209470320672e-05,1.2840981156477937e-05
1737,9.61545025549842e-06,1.8138897721655668e-05,1.1339837947323558e-05,1.3560748242161936e-05
1738,1.1621220481982971e-05,8.643664477858692e-06,1.1368627636693416e-05,1.354516091014375e-05
1739,9.624077033044563e-06,1.1729930702131241e-05,1.1312386158857001e-05,1.3513670039537828e-05
1740,9.57099628471446e-06,7.851409318391234e-06,1.1291058408338962e-05,1.3517938573204446e-05
1741,1.2302168733084627e-05,1.6061384267231917e-05,1.1400823269973948e-05,1.3215145377034786e-05
1742,1.453761309474228e-05,6.85026931023458e-06,1.131354767219616e-05,1.3389055134030059e-05
1743,1.1440096309848337e-05,1.9903247011825442e-05,1.1312217887502304e-05,1.3330701821541879e-05
1744,1.0166532625185532e-05,6.759661628166213e-06,1.1358577919802175e-05,1.316888779110741e-05
1745,1.070865837391466e-05,7.554989915661281e-06,1.1263222927017422e-05,1.2815572364343099e-05
1746,1.3003355977869231e-05,3.4037071454804394e-05,1.1098264947860217e-05,1.2200622852105882e-05
1747,1.3215393862790531e-05,1.1195166625839193e-05,1.114094675212982e-05,1.2019764625438257e-05
1748,1.0805061667472021e-05,1.3448079807858448e-05,1.1184161566739527e-05,1.22629685276479e-05
1749,1.3570762625426546e-05,2.8160431611468084e-05,1.1076791169479193e-05,1.2275677187426482e-05
1750,1.1384487439095715e-05,6.844800500402926e-06,1.1212905548705344e-05,1.1940598460205367e-05
1751,1.0414473199489294e-05,7.208099741546903e-06,1.1126432304404766e-05,1.1863250431633787e-05
1752,1.0012888540384463e-05,7.881749606895028e-06,1.1165969339627836e-05,1.1893456218967912e-05
1753,1.2144511502911984e-05,8.001605347089934e-06,1.115096379536327e-05,1.1849478399381041e-05
1754,9.163874444008494e-06,1.9709579646587372e-05,1.1155302219938473e-05,1.1481675573304529e-05
1755,1.1605073929482993e-05,8.30432112707058e-06,1.104200058766259e-05,1.1687910278124037e-05
1756,1.0910988759052189e-05,1.4140421371848789e-05,1.095238711633202e-05,1.1669761859957364e-05
1757,8.30517506579377e-06,6.51574531730148e-06,1.1046019933079757e-05,1.1749574628629489e-05
1758,9.867470624966599e-06,8.419859914283735e-06,1.1079268224744334e-05,1.1866134306183086e-05
1759,1.2442925156695612e-05,8.386898043681867e-06,1.0924781280644108e-05,1.0769011663796849e-05
1760,1.117326931913946e-05,1.3438721980492119e-05,1.1088756657005028e-05,1.0745234550267925e-05
1761,9.313253930385044e-06,7.705923235334921e-06,1.1133061455701762e-05,1.0548505908809604e-05
1762,1.3018309736152231e-05,9.761929541127755e-06,1.1030288837921237e-05,9.739415571675636e-06
1763,9.459389374468527e-06,6.7099637635692486e-06,1.1077026529528665e-05,1.021819735542522e-05
1764,1.0612502913621332e-05,1.248507538548438e-05,1.1039484946053965e-05,1.0558208061411278e-05
1765,9.19585767810026e-06,6.751963828719454e-06,1.1208301110875454e-05,1.059203072654782e-05
1766,1.2410629347464742e-05,6.866313615319086e-06,1.1203334819745374e-05,1.0849975177552552e-05
1767,1.1705072287845219e-05,1.2006136930722278e-05,1.1242191927239118e-05,1.0344290246575839e-05
1768,9.199759526584077e-06,1.9449536557658577e-05,1.1209905547891845e-05,1.0278959704737645e-05
1769,1.2507353043878942e-05,8.754980844969396e-06,1.1146434714141327e-05,9.997397994447966e-06
1770,1.1539865665529052e-05,1.046898185450118e-05,1.1196074359678377e-05,1.003125106508378e-05
1771,9.141182375363617e-06,6.609005395148415e-06,1.1278843056142147e-05,1.0515644519182389e-05
1772,1.731477827181354e-05,1.0600738787616138e-05,1.123172226070892e-05,1.046231275977334e-05
1773,1.1912681634890356e-05,8.529863771400415e-06,1.131301147919051e-05,1.0262944543501362e-05
1774,1.10014471809134e-05,7.933173183118925e-06,1.1298642341757334e-05,1.025208381252014e-05
1775,1.2552929729281458e-05,1.881434509414248e-05,1.1168588808545284e-05,1.0245763860439183e-05
1776,9.475933612621804e-06,1.570836739119841e-05,1.118395596814581e-05,1.05172930387198e-05
1777,1.4233292660921709e-05,8.727316235308535e-06,1.1229809113259154e-05,1.039447768998798e-05
1778,1.2020354224659968e-05,1.4450216622208244e-05,1.1286904436363125e-05,1.0415127571468476e-05
1779,1.013530213135204e-05,7.067456372169545e-06,1.114144625304713e-05,1.0413114153925563e-05
1780,1.0797914445801225e-05,6.671057581115747e-06,1.1035074959727353e-05,1.0209254897199571e-05
1781,9.324217915289208e-06,7.101378614606802e-06,1.1132140789979733e-05,9.834805269201751e-06
1782,9.546166204220046e-06,7.362072083196836e-06,1.1023827121486344e-05,1.1807040244457312e-05
1783,1.1936688036560857e-05,2.0529696266748944e-05,1.1057880280714018e-05,1.1685926609061426e-05
1784,1.1264905270864902e-05,7.0536040584556756e-06,1.1103308190892374e-05,1.1875040147424443e-05
1785,1.3205499781179242e-05,8.454516573692671e-06,1.0852188450856678e-05,1.1723745705967305e-05
1786,8.954025494555632e-06,7.434404960804386e-06,1.076611993606396e-05,1.193118051305646e-05
1787,9.766971405851007e-06,9.603930739103816e-06,1.0833818114285047e-05,1.1890223158843583e-05
1788,9.84356836448165e-06,1.3498193220584654e-05,1.0664703610786498e-05,1.1723494563921123e-05
1789,1.1758831541454937e-05,9.414691667188891e-06,1.0747211273458866e-05,1.1551574157056167e-05
1790,1.062324075569955e-05,7.268210865731817e-06,1.0578144861453138e-05,1.149133742292179e-05
1791,8.77417476456483e-06,6.815978176746284e-06,1.0495366169117109e-05,1.1188601353933338e-05
1792,9.045789954850786e-06,6.909655512572499e-06,1.0548314325650507e-05,1.1168606571300189e-05
1793,1.1626405282893554e-05,1.0088295857713092e-05,1.0575577182478608e-05,1.1313985241577028e-05
1794,9.799511331544232e-06,5.80608552263584e-05,1.0623611253201187e-05,1.1297536258643958e-05
1795,1.239119464622086e-05,7.4411409696040205e-06,1.0846314600429552e-05,1.2066906205291162e-05
1796,1.027688012982253e-05,1.1336843854223844e-05,1.0996157778289572e-05,1.1628763355111006e-05
1797,1.1036784770921157e-05,6.818377751187654e-06,1.0957757893589183e-05,1.1637578897352798e-05
1798,9.760968765072499e-06,1.371573394862935e-05,1.0837104906103278e-05,1.1625793830899056e-05
1799,1.2693901636440489e-05,6.909239327796968e-06,1.097570039326254e-05,1.1664175010082544e-05
1800,8.325067141817675e-06,1.4646130221080967e-05,1.1067121165534546e-05,1.1626509478810474e-05
1801,1.1538625179431013e-05,1.1410357219574507e-05,1.1057477991117696e-05,1.1377229186473412e-05
1802,1.000663236077849e-05,7.221397881949088e-06,1.107987802586447e-05,1.1271914240205658e-05
1803,9.950886916259252e-06,6.881814897496952e-06,1.1068981022375129e-05,1.126929415622726e-05
1804,1.1459006044687056e-05,6.567586806340841e-06,1.1114263005462514e-05,1.1580220358882796e-05
1805,1.1479485866503739e-05,1.0305524338036775e-05,1.1222140827440953e-05,1.2222845047654115e-05
1806,1.052506968335365e-05,6.690154041280039e-06,1.123392513695257e-05,1.2367860734229905e-05
1807,1.5113749884929145e-05,2.6596320749376902e-05,1.1235109697938443e-05,1.041365326673258e-05
1808,1.5682767483061373e-05,9.57612501224503e-06,1.1118760453124802e-05,1.04596250828763e-05
1809,1.0304908153355226e-05,7.273992614500457e-06,1.1332454886683586e-05,1.2290367807872825e-05
1810,1.0189175094031574e-05,8.159889912349172e-06,1.1438120278560543e-05,1.230064036717522e-05
1811,1.2418912673537205e-05,8.393934440391603e-06,1.1522647494510036e-05,1.2037783111009048e-05
1812,1.2052490712651182e-05,8.6622924573021e-06,1.135752008764636e-05,1.2322935365955346e-05
1813,9.602489004060368e-06,7.266185912158108e-06,1.1422402291363042e-05,1.2156720424536616e-05
1814,1.2318832410124338e-05,6.781818010495044e-06,1.1382176818693148e-05,1.1970778824615992e-05
1815,1.0350815668466061e-05,7.202708766271826e-06,1.1397798441814505e-05,1.316172400256619e-05
1816,9.906224341749394e-06,1.4589133243134711e-05,1.145240811120958e-05,1.3221292393427576e-05
1817,1.1742735504311795e-05,2.297527273185551e-05,1.1330578944479283e-05,1.3868369096599055e-05
1818,1.1921013020683959e-05,1.3713688022107817e-05,1.1399781908686338e-05,1.3862509549653624e-05
1819,9.82912535619107e-06,9.205668538925238e-06,1.138735045868897e-05,1.3942421665706207e-05
1820,9.482463525879817e-06,8.590436373197008e-06,1.113634754555177e-05,1.3433746417285874e-05
1821,1.561924096879213e-05,5.7105411979136986e-05,1.090573720066459e-05,1.4149800571613013e-05
1822,1.3678419567845089e-05,7.075191733747488e-06,1.1079301277317832e-05,1.4144708649109815e-05
1823,1.1874149163809812e-05,7.144302544475067e-06,1.1214368597171013e-05,1.4189250089839331e-05
1824,8.565716464848568e-06,1.4038045701454394e-05,1.1171372426583227e-05,1.4428051074355606e-05
1825,9.947122234734707e-06,1.0490756685612724e-05,1.1130967228463208e-05,1.4813345847505843e-05
1826,1.0532988362683682e-05,6.761817221558886e-06,1.118675438895783e-05,1.5295488011906854e-05
1827,1.039717293881242e-05,3.699502733070403e-05,1.1138148180341685e-05,1.5349737303768052e-05
1828,1.1316128651136144e-05,8.371024669031613e-06,1.1128146509549375e-05,1.535955063009169e-05
1829,8.41327687642964e-06,2.2744504385627805e-05,1.1205106886417425e-05,1.5317153584328482e-05
1830,1.3209559971680089e-05,1.0159035664401017e-05,1.1276772239943968e-05,1.4775062008993702e-05
1831,1.0214283433419446e-05,8.68795694259461e-06,1.1366185670421047e-05,1.579133960476611e-05
1832,8.838677056499162e-06,1.387943953886861e-05,1.144648222058701e-05,1.5712212706421268e-05
1833,9.917508860881854e-06,2.747747887042351e-05,1.1450080646560916e-05,1.5660856221074936e-05
1834,1.4644010069686273e-05,7.146694551920518e-06,1.127195642095305e-05,1.3667590046679835e-05
1835,1.3565858090361063e-05,9.27342593058711e-06,1.122794215164807e-05,1.3672619359567763e-05
1836,1.1344008408842557e-05,1.4363959053298458e-05,1.1115255705873198e-05,1.3927506415348037e-05
1837,1.1042360759650667e-05,1.8294661786057986e-05,1.1292827318862289e-05,1.3701957020384726e-05
1838,1.0997168016425955e-05,1.9319740022183397e-05,1.1340491367809591e-05,1.387189951055916e-05
1839,1.1103677194720756e-05,8.138050307024968e-06,1.1372485708893187e-05,1.3919335220271021e-05
1840,1.010077389865829e-05,7.4480419243627695e-06,1.1356111008394188e-05,1.336609166828566e-05
1841,1.1830233763450652e-05,1.3529207099054474e-05,1.1390348225055885e-05,1.3501578196155605e-05
1842,1.3534369342475354e-05,9.422983348486014e-06,1.1561199219593416e-05,1.3001561463897815e-05
1843,1.4156348782610925e-05,3.912062791641802e-05,1.1384215147215095e-05,1.3192775252537103e-05
1844,1.1836539110340205e-05,7.2274960803042636e-06,1.1328638411941937e-05,1.4124994492885888e-05
1845,9.57242417522745e-06,7.306524239538703e-06,1.1470494043977749e-05,1.3895610338659024e-05
1846,1.1166135328595475e-05,7.273757619259413e-06,1.1569196403838255e-05,1.3122304611169964e-05
1847,1.257806283522061e-05,7.200924555945676e-06,1.1478838715346581e-05,1.3162230256421023e-05
1848,9.056988019437995e-06,1.351647893898189e-05,1.1431607106027918e-05,1.311708664652542e-05
1849,1.3005006789575822e-05,8.399310827371664e-06,1.1473249483969996e-05,1.2868321711721361e-05
1850,1.113872345841729e-05,1.47393189399736e-05,1.1526957767879747e-05,1.2462328667606923e-05
1851,1.1332846889773564e-05,7.947709964355453e-06,1.1582473761518489e-05,1.2015332494047466e-05
1852,9.98780542633742e-06,2.3163938531070018e-05,1.1633729388025437e-05,1.2015603909094347e-05
1853,1.2172059067678574e-05,1.17581878657802e-05,1.1725101146374883e-05,1.2043475659447717e-05
1854,1.2684551739867958e-05,1.0244086079183034e-05,1.1747294510132635e-05,1.1828100802813419e-05
1855,8.78495816222211e-06,1.4939380380383227e-05,1.17013224507294e-05,1.1776974896201858e-05
1856,8.824865051590475e-06,3.199343795131426e-05,1.1630471213720742e-05,1.0537943206873019e-05
1857,1.238506785739446e-05,8.144835683197015e-06,1.1652412363602911e-05,1.0574636790988728e-05
