epoch,train_loss,val_loss,train_loss_smooth,val_loss_smooth
1,0.4289877000119951,0.2464371281862259,0.2503860457566049,0.15287579583525657
2,0.15324434260527292,0.08160510122776031,0.23503488871653871,0.14488766257762906
3,0.0611434235672156,0.051214700490236284,0.21966868992580305,0.136884550511837
4,0.048451286951700846,0.04968028590083122,0.20428712941143246,0.12886132407784465
5,0.04765477303001616,0.04950258582830429,0.18889041113985908,0.12082411018610002
6,0.04741994556453493,0.049136133939027785,0.1734766416549683,0.11277294221520426
7,0.047217690348625184,0.04905973434448242,0.15804374431040552,0.10469516169428827
8,0.046967139111624825,0.04872381135821342,0.14259162032273082,0.0966003233611584
9,0.04672706092397372,0.048400599509477615,0.12712041691607898,0.08848158734440806
10,0.04644793031944169,0.048173158019781115,0.11162674515777164,0.08033749215602877
11,0.04616213826669587,0.04794409990310669,0.09611118465264638,0.07217564128041268
12,0.04585242190294796,0.04758197903633118,0.08057144340806538,0.06398539776206016
13,0.045522891167137355,0.047190039902925494,0.06500973137087292,0.055783240783214574
14,0.045208774010340375,0.04673379674553871,0.049422426098253994,0.04753549620509148
15,0.04483273024360339,0.0463593265414238,0.04483946434259415,0.04585823242068291
16,0.04444868715273009,0.04585646733641625,0.043915614587068566,0.045372209310531625
17,0.04406974322266049,0.04550678089261055,0.0434722373518679,0.044924519485235216
18,0.04364346288972431,0.04515792891383171,0.04303633653455311,0.04444832620620727
19,0.04316526639792654,0.04449261516332626,0.04258598858515422,0.043959904572367675
20,0.042684600320127275,0.04406616985797882,0.042117351072364397,0.04345835887789727
21,0.04220761484569974,0.0434687277674675,0.041633290016651156,0.04293532635867597
22,0.04164590605431133,0.0428347484767437,0.04113978859782219,0.04240334383547307
23,0.04109868738386366,0.04239085629582405,0.04063557584616873,0.041867314136028295
24,0.04049416889746984,0.041681040227413174,0.04012117164532343,0.04131521542370321
25,0.039944899082183835,0.041383203715085984,0.039601329157087535,0.040754928594827655
26,0.03930506819652187,0.04024351373314858,0.039078834814495506,0.04020092678368092
27,0.0386702987137768,0.03967350661754608,0.038556477441390354,0.03964501540064811
28,0.03804717967907588,0.03906412273645401,0.038038685279753466,0.03910229493081569
29,0.03736685607168409,0.038488040268421175,0.037522515930566526,0.038562130489945404
30,0.036757252597146566,0.03759775385260582,0.037011241033838856,0.038025965273380265
31,0.03616124682956272,0.036925593093037605,0.036510010110504094,0.03750326013565063
32,0.035501752528879375,0.036521091982722284,0.036022524591121416,0.03700213630199432
33,0.034865612718794084,0.035647998377680776,0.03554984947161543,0.03651482200324536
34,0.034389525453249616,0.035101036429405215,0.03509204263769918,0.03604317708909512
35,0.03384261152810521,0.034772415533661845,0.03465315177887678,0.035592127925157556
36,0.03330203324556351,0.034141632094979286,0.03423491835246483,0.03515157500803471
37,0.032856359697050516,0.033574808314442636,0.03383611526373359,0.03475597901940346
38,0.032460532602336674,0.03333999462425709,0.0334590911305613,0.0343601514428854
39,0.0321498396827115,0.032836012169718744,0.03310195585456159,0.03399868345856667
40,0.03188792620268133,0.032791314795613286,0.032771675943003765,0.033670537015795705
41,0.03154445342305634,0.03235235631465912,0.0324645449641678,0.03335550794899463
42,0.03128787080446879,0.03210265047848224,0.03218113865454992,0.033064783877134324
43,0.03111268980635537,0.03209030047059059,0.03192267039948039,0.03281933020055294
44,0.030978128413359323,0.03196451932191849,0.0316830281926526,0.03261097922921181
45,0.03086772233247757,0.03188331238925457,0.03147263792422082,0.03239343751668929
46,0.030762443997793727,0.03167760491371155,0.03128527801202403,0.03220478594303131
47,0.03067363458375136,0.03155851937830448,0.0311119503647089,0.032051739856600765
48,0.030642851723564995,0.03137703336775303,0.03096037416292561,0.03189483013451099
49,0.03052409167918894,0.03179114051163197,0.03082814610037538,0.03177059969902039
50,0.030519295752876336,0.03148751430213451,0.030714052641391747,0.031662874394655226
51,0.03037668629652924,0.031206814125180244,0.03061309945782025,0.031560791626572604
52,0.030413300924830966,0.03146984554827213,0.03051648204988903,0.03147235504090786
53,0.030368905208177036,0.031188396066427232,0.03043333947294288,0.031383510315418243
54,0.03028169833123684,0.031219938471913337,0.030360983976887333,0.03131712004542351
55,0.030295546220408545,0.031461411938071254,0.030293946023285383,0.031254346930980684
56,0.03017019165886773,0.03171681880950928,0.030235603005521826,0.031198609754443173
57,0.030241995818085142,0.031082549169659614,0.03017828070571025,0.03113871596157551
58,0.0301816149138742,0.03093170903623104,0.030122626784609422,0.03109080358743668
59,0.03005633427037133,0.03127488426864147,0.030069029541313647,0.031036163249611858
60,0.03005320648352305,0.030849672481417657,0.03001403215411636,0.031010036209225655
61,0.029996331681807837,0.03103587120771408,0.029957565762764878,0.03096748054325581
62,0.030004023222459687,0.030881675705313683,0.029905670071476036,0.03089702973663807
63,0.02993670301304923,0.03078792542219162,0.029850515820251573,0.03084236276447773
64,0.02973440448443095,0.030625097528100012,0.02979521859155761,0.030800768318772317
65,0.029809361779027516,0.030570196658372878,0.0297367491847939,0.030733319994807246
66,0.029735566021667586,0.030692599564790726,0.029675768290294544,0.03068089281320572
67,0.029611921964420213,0.030533322617411613,0.029616919677125084,0.030621194159984592
68,0.02965411436226633,0.03069687105715275,0.02955320575965776,0.030547846016287804
69,0.029545070918069946,0.030467174500226974,0.029490892704990182,0.03045836185514927
70,0.02947637430495686,0.030685503035783768,0.029422808972663354,0.030392233094573024
71,0.02942251291539934,0.03031159646809101,0.029353601344757615,0.030330120944976814
72,0.029298699903819295,0.030905343368649484,0.029286174574163232,0.03025051013231278
73,0.029231191939777797,0.03031314171850681,0.029219066900014884,0.030207847723364833
74,0.029226699396967887,0.030029870346188547,0.029148843545383885,0.030128339785337452
75,0.029140439472264714,0.03012083999812603,0.02907425309552087,0.03005435417592526
76,0.028994255579180186,0.0301669529825449,0.028995877946747683,0.02997790625393391
77,0.02895156575573815,0.029783637449145316,0.028920598553948938,0.029917535039782533
78,0.028844382845693163,0.029877716526389122,0.02884360052827332,0.029843503415584567
79,0.028810483002000384,0.02972747214138508,0.02875804429666864,0.029766472291946414
80,0.028702698283725316,0.029627708345651628,0.02867484928584761,0.02968332208991051
81,0.02861236529217826,0.029479714781045913,0.02858543940799104,0.029596534442901612
82,0.028539902509914505,0.02942933015525341,0.02849438555190961,0.029510135388374333
83,0.02845142421623071,0.029378905296325683,0.02840543203900258,0.02940937781631947
84,0.02837066500551171,0.029284613952040673,0.028312810118165287,0.029323506233096125
85,0.02837551462981436,0.02978311225771904,0.028216191925108436,0.02920528984963894
86,0.028240747816032835,0.029048172757029533,0.02812097227589952,0.029109775447845463
87,0.028139261975884438,0.02903203547000885,0.02802093258351088,0.029015776497125632
88,0.027977324293719397,0.028876727372407915,0.027925252315070898,0.028921969950199133
89,0.02785241966446241,0.029115817174315453,0.027828709015250204,0.028821060210466386
90,0.027884411137137147,0.028719406053423883,0.027724283009767533,0.028731703883409503
91,0.027596660231550534,0.028766821473836898,0.027619476283589996,0.02862572839856148
92,0.0275320466938946,0.028454567566514016,0.027508697533276345,0.028539095318317415
93,0.027418867415852016,0.02852717988193035,0.027396262503001423,0.028434812414646154
94,0.027268724516034126,0.028307198137044905,0.02728725736108091,0.028332583099603657
95,0.027252536482281153,0.028166563734412193,0.027173258373141287,0.028238397979736332
96,0.02710696489446693,0.02816480688750744,0.027058209385143386,0.028131713119149207
97,0.026883245077398088,0.027949933782219886,0.02693598112463951,0.02801724761426449
98,0.026850700709554885,0.027925281673669814,0.02681038857830896,0.02788272434473038
99,0.026725707087251874,0.02767989657819271,0.02668521414895853,0.027767403614521027
100,0.02674843276126517,0.02777567632496357,0.026554191163678964,0.027645939567685126
101,0.026580673083662985,0.027644209489226343,0.02642392086370124,0.027525112795829774
102,0.02634091561867131,0.027549729272723197,0.0262931552398536,0.02738772410154343
103,0.026224214691254827,0.02722832940518856,0.02615306180516879,0.027264072617888453
104,0.026041014244159062,0.02756164513528347,0.02601893932885594,0.027138361397385603
105,0.02589182252685229,0.02702063575387001,0.025881812793678707,0.027009983444213875
106,0.02588723674416542,0.026923981904983522,0.025743074097235995,0.0268742494404316
107,0.025689927811423936,0.027074702158570288,0.0256058858782053,0.026740257456898692
108,0.02557519951628314,0.026711783781647683,0.025457372045516968,0.026613234680891037
109,0.025314958492914836,0.026422976329922677,0.025309212089247173,0.026478112760186193
110,0.025235700971550413,0.026420030519366266,0.02516186201506191,0.026338867247104644
111,0.025111387082272105,0.026165154501795768,0.025010140305426386,0.02619539574682713
112,0.024863687343895435,0.025995434299111365,0.024854385942055118,0.02605205814242363
113,0.024720566794276238,0.025856058076024056,0.024693864068720078,0.02590845951139927
114,0.02458327906827132,0.025681099817156793,0.02452933138691717,0.025764619085192675
115,0.024382075270016988,0.025628118962049484,0.024367551475266615,0.025611751833558082
116,0.024243598323729302,0.025624040961265564,0.024205788240002264,0.02545921386480331
117,0.024103883314463826,0.025245118737220764,0.024041693637602855,0.025290475571155543
118,0.023950400004784267,0.02513382978737354,0.023875791985293226,0.025134689581394195
119,0.02383901904026667,0.024957398548722268,0.023704076215459238,0.02497769701182842
120,0.023539690665072863,0.024990994334220886,0.023530781799223688,0.02480768240392208
121,0.02340296598772208,0.024786758869886398,0.023355502918693753,0.024643177145719522
122,0.023199493222766453,0.024468795955181123,0.02318184224665165,0.024486362877488135
123,0.02305765796866682,0.024338494166731835,0.0230048420270284,0.02432814575433731
124,0.02283184800297022,0.024096456468105317,0.022824188613063758,0.024170666164159773
125,0.022735385927889082,0.024185710549354554,0.022651095363828873,0.024008654692769048
126,0.02246735603859027,0.02404819883406162,0.022471236828631825,0.023844482374191282
127,0.02229641782740752,0.023728047981858253,0.02228964213199086,0.023681219071149825
128,0.02218013380964597,0.02341488018631935,0.022106857664055297,0.023515974619984625
129,0.021938649184174007,0.023343187794089316,0.021923552827371497,0.023341784879565237
130,0.02174428121911155,0.023125986009836196,0.021737794401579434,0.023180563095211985
131,0.021594342498315704,0.022999167665839194,0.021551971089343234,0.023010778079926967
132,0.021357567405535117,0.02282433696091175,0.02136609799977806,0.022847909133136272
133,0.021193227503034803,0.02259915232658386,0.021181575867036978,0.022680703003704547
134,0.020973441691862212,0.02250261962413788,0.020995875498486888,0.02250986316800118
135,0.020810695480969216,0.022464602440595626,0.020812636443144746,0.022343844211101537
136,0.020595051733156046,0.02222816474735737,0.020626950054201815,0.022177682171761998
137,0.02053635611302323,0.02194514751434326,0.02044408290485541,0.022014022427797323
138,0.020224103414350086,0.021751750111579895,0.02026122070203225,0.02184349222928286
139,0.02004341165224711,0.021599517241120338,0.020080664351251387,0.021672853517532353
140,0.019812463571627935,0.0214970076829195,0.019900720416174994,0.021509506481885914
141,0.019660977406634226,0.021269297450780867,0.019720180743104884,0.021354894791543486
142,0.019459922669662368,0.021214574128389358,0.019542960889637473,0.021194765335321428
143,0.01930481719887919,0.020889204405248166,0.01937077555523978,0.02104152165800333
144,0.019192191801137393,0.020885674878954888,0.019196208780010535,0.020886578856408596
145,0.018926637346545854,0.020810841098427773,0.019027510661217897,0.020735205417871477
146,0.018760456773969862,0.020515762977302076,0.018859060178531537,0.020586380030214787
147,0.01861851683921284,0.02031832203269005,0.018694832721352576,0.020437808865308764
148,0.01841549824509356,0.020184443183243275,0.018529875286751325,0.020287315027415747
149,0.018260169269310105,0.020004962868988514,0.018371995917790467,0.02014938378483057
150,0.01816383085731003,0.019922455586493016,0.01821186015390688,0.020014312386512755
151,0.017953447269068824,0.01978223104029894,0.01806017849279775,0.019881080424785615
152,0.017797819450497628,0.01964437209069729,0.017908166577418647,0.019763607665896417
153,0.01766664198289315,0.019549587927758693,0.017765636460814214,0.019637357534468172
154,0.01750815284748872,0.019339951388537883,0.0176264720449845,0.019513113892078403
155,0.017439647859169377,0.019294894076883794,0.01748925461139944,0.019389707747101786
156,0.017230173117584652,0.01912559762597084,0.017353910729289056,0.01927942684441805
157,0.01714011443571912,0.01904000099748373,0.017224872481160693,0.019164162024855616
158,0.016981965435875785,0.018878517635166646,0.017102251671585772,0.01904994384646416
159,0.016867755262388123,0.018788340501487255,0.016981151387923294,0.018945875932276254
160,0.01668675961593787,0.018702256493270397,0.016864190840555557,0.018848711456358438
161,0.016648067509134612,0.018779883682727812,0.01675329056282838,0.018756768602132805
162,0.01653296201593346,0.018568362556397915,0.01664468030499087,0.018668485692143442
163,0.016432061886621847,0.018420951068401338,0.016538408464690044,0.018586153040826323
164,0.0162431137677696,0.01866269826889038,0.01643742622948355,0.01850277415215969
165,0.01624921065651708,0.018340754397213457,0.016341428518129718,0.0184239678516984
166,0.016181867010891436,0.01816320639103651,0.016249639458954333,0.01835125767886639
167,0.016029486830035845,0.01812942050397396,0.016160776302218436,0.018279951298236848
168,0.015921220146119595,0.018132181838154793,0.01607570887191428,0.018209601889550682
169,0.015966235597928365,0.018004054389894008,0.01599649937732352,0.018157146362960338
170,0.015861117107172806,0.01795538663864136,0.01591893529213137,0.018098705556988715
171,0.015732949682407908,0.01791406512260437,0.01584746581854092,0.018041342203319072
172,0.015694503155019548,0.017889210134744645,0.015780738344209063,0.01798970847129822
173,0.015642991301914055,0.017885871827602387,0.015717231716463966,0.01793925839960575
174,0.015544912823372416,0.01779789011925459,0.015655467836807175,0.017883592793345452
175,0.015507034849789408,0.017864139303565025,0.015596431942863599,0.017836375975608828
176,0.015428891388906373,0.017697758823633194,0.01553992717423373,0.017794394601881505
177,0.015397876666651832,0.01767421457916498,0.015492167649418118,0.01774140386283398
178,0.015371915503508514,0.01773183360695839,0.01544054359437691,0.017697778668999676
179,0.015286573929091295,0.017557291872799398,0.01539286797667543,0.01766080297529698
180,0.015312962101565467,0.017536158859729766,0.015349858464383415,0.0176262745782733
181,0.01524993575281567,0.01781420946121216,0.015311449352486265,0.017588903240859512
182,0.015201012305915355,0.01757898084819317,0.015270048300507995,0.017556104512512688
183,0.01519522859611445,0.01744443379342556,0.015231449217349289,0.01752856457233429
184,0.015199568404091729,0.01749749720096588,0.015201429093297985,0.017500694128870963
185,0.015099093922310406,0.017441004700958728,0.01516800137071146,0.017472067053616043
186,0.015103970517714818,0.017388243526220322,0.015134343547042874,0.017443748645484446
187,0.015057064667344093,0.017387942112982273,0.015104072250011896,0.017418247129023075
188,0.015019442670875125,0.017371416725218296,0.015075442354298299,0.017390407480299474
189,0.015049125647379293,0.017337929792702197,0.015048906808015374,0.017367824667692183
190,0.014958609280486902,0.017250124551355838,0.01502544593455063,0.017341430634260177
191,0.014989976568354501,0.017238814048469067,0.014999289965464012,0.017313555373251438
192,0.01495424902273549,0.017266210578382016,0.014976460819277499,0.017290267558395862
193,0.014960992348690827,0.017197898402810097,0.01495123833997382,0.01726679548174143
194,0.01493120929847161,0.01718408618122339,0.014929237842725382,0.017234403884410856
195,0.014896140028205183,0.0172668881341815,0.014907510986261897,0.017208311204612255
196,0.014982446581125259,0.017217304036021234,0.014885602910402747,0.017188468000292778
197,0.014858810090356403,0.017173533253371717,0.014860878870305088,0.01716474788337946
198,0.014801545710199409,0.0171779116243124,0.014840528808451362,0.017142001459002493
199,0.01478813039759795,0.01716035220772028,0.014819582721011507,0.01712750340104103
200,0.014791287456949551,0.01716814808547497,0.014799107756134536,0.017104750384390355
201,0.014765502731833193,0.017133188508450983,0.014778021719968977,0.01708126948773861
202,0.01481135483003325,0.017014363743364812,0.014757684983727001,0.01705687809884548
203,0.014718016276343001,0.017034952081739902,0.014737259880784481,0.01704033280611038
204,0.014715845274428527,0.016975096501410006,0.014716563693433998,0.017019117633998396
205,0.01468240011897352,0.016949356943368913,0.014696887985782487,0.016997098374366762
206,0.014699923321604729,0.017004419527947904,0.014677275220139155,0.01697778825759888
207,0.014657840894328223,0.016926663853228094,0.014656561115632452,0.016954514798521995
208,0.014647526699635718,0.016948353685438632,0.014637376827084353,0.016939848706126213
209,0.014581467401650217,0.016904494278132915,0.014614046195894476,0.01691388141065836
210,0.014590342375967237,0.016872344091534614,0.014596018998242085,0.016891257597506044
211,0.014580318331718444,0.017025792077183723,0.014576707141018575,0.016863633555173875
212,0.014545190545419851,0.016819116696715354,0.014557298235181303,0.016836596497893333
213,0.014492291766736243,0.016784394308924675,0.014535588742047547,0.01680883513987064
214,0.014540707241329881,0.016728145070374012,0.014514752573519946,0.016780922777950763
215,0.014447981706923909,0.016836492232978343,0.014490600357204677,0.01675677146166563
216,0.014472571884592373,0.016708434745669364,0.014468783325288032,0.016730804952979086
217,0.01446235633144776,0.016715729087591173,0.014447596110734675,0.016713783887028693
218,0.014470673207607533,0.016715145483613015,0.014428936706980068,0.016687780071794986
219,0.014413356685803996,0.016602249704301356,0.014404653574609095,0.016659838236868382
220,0.014416532814502716,0.016900235824286937,0.014384206017189557,0.016638014994561676
221,0.014399180801378355,0.016568121649324894,0.014360026677780682,0.016608285276591778
222,0.01440813014904658,0.016607937924563883,0.01433760868791077,0.016580844952166086
223,0.01431874927961164,0.016487310566008093,0.014314576663242448,0.016551660580933093
224,0.014302907751666176,0.016484425775706767,0.014294935583737163,0.016516292163729667
225,0.01424855012860563,0.016474114134907722,0.01427144605567058,0.01648663154542446
226,0.014244598518643114,0.016435379460453987,0.014248042035599548,0.01645878456234932
227,0.014207549422151513,0.016410580836236477,0.014220570941103829,0.016430433565378186
228,0.01417259047842688,0.01638578936457634,0.01419795372005966,0.016403126411139966
229,0.014186164910594622,0.016549569852650166,0.014172036038173571,0.016372512561082835
230,0.01421591502510839,0.016299261562526226,0.014146066804561352,0.016339957822859283
231,0.014092845012330346,0.01630587365478277,0.014119833232462407,0.016306137278676032
232,0.01414665195883976,0.01638108279556036,0.014092446589635483,0.016276339729130267
233,0.014043043214413855,0.016205110736191273,0.014065433132317335,0.016231921677291393
234,0.014021017654902405,0.016218486167490484,0.014036966584954,0.01619972100406885
235,0.014014541759259171,0.016142734810709953,0.014006051267683508,0.01616839465796947
236,0.01408929134408633,0.016141581647098065,0.01397776595792837,0.01613822790980339
237,0.013957952343755298,0.016077601239085196,0.01395013814841708,0.016104264032840727
238,0.0139071912649605,0.016088219732046126,0.013920945132523779,0.01608702312707901
239,0.013853929878936874,0.01601937014609575,0.013893653584106104,0.016052209024131295
240,0.01388255118081967,0.016153813377022742,0.013866853314224218,0.01601672859042883
241,0.01382462983744012,0.01594308849424124,0.013838309242907498,0.015982645455002786
242,0.013813125491142273,0.015901860632002354,0.01380564783397648,0.01593911956846714
243,0.013814833905133937,0.01586963187903166,0.013770890960097313,0.01590272125005722
244,0.013728690615130795,0.015857310965657234,0.013739706770330668,0.015865822611749174
245,0.013741196381549041,0.015789784528315066,0.013707539308071136,0.015829993353784086
246,0.013687517117295,0.01576310481876135,0.013677898801697624,0.015804325409233575
247,0.013635247217284308,0.015824779272079467,0.01364856977313757,0.015765213461220267
248,0.013611616535733144,0.015733141861855985,0.013615774397055308,0.015726251448690894
249,0.013612212513883908,0.015635328851640224,0.013576918252805867,0.015691560840606692
250,0.013518724731273121,0.016043091490864754,0.01354402697235346,0.0156575563877821
251,0.01356230980820126,0.015565026886761188,0.013512011474867663,0.015621116788685325
252,0.013537542675104406,0.015523569993674755,0.013478302344183131,0.015583015204966069
253,0.013458988695508904,0.015533710978925228,0.013443103445072971,0.015538963788747789
254,0.013369629687319199,0.015461422689259052,0.01340701398269998,0.015502246731519701
255,0.013346993178129197,0.015389303602278233,0.013370697924991449,0.01545917910784483
256,0.01331324026816421,0.015383407697081566,0.013333521275884575,0.015422765101492406
257,0.013342465402351485,0.015485351346433163,0.013299443262484337,0.015378363235294821
258,0.01330203055507607,0.015563412122428417,0.013259795921461448,0.015336662180721761
259,0.013287791940901015,0.015240687467157841,0.013222184403323465,0.015294228333234789
260,0.013194657357202636,0.015168684497475625,0.013186928417699206,0.01524461509883404
261,0.013117887737850348,0.01527431644499302,0.013148420386016369,0.015201630392670633
262,0.013135670332445039,0.015227489918470383,0.013106459733347094,0.015160789762437345
263,0.013106803827815585,0.01517722975462675,0.013074750032027562,0.015099105638265609
264,0.013011201611823505,0.015066830553114413,0.013032080901165803,0.015068023008108137
265,0.013002578703065714,0.015052527971565723,0.012987977573441133,0.015020441399514674
266,0.012922393278115325,0.015025162063539028,0.012949248358276155,0.014970407322049142
267,0.012905224048429064,0.014825170040130614,0.012910975108461249,0.014920077209174635
268,0.012885417677462102,0.014959281720221042,0.012871274835616349,0.014879532815515998
269,0.012876740280124876,0.014747264310717583,0.01282863092629446,0.014828765064477922
270,0.01275001285597682,0.014747258163988591,0.01278396905735135,0.014770684224367142
271,0.01274722916384538,0.014702258631587029,0.012741426076574459,0.014724998088181018
272,0.0127538475766778,0.014584448412060738,0.012698036639971865,0.014672032748162747
273,0.012648915743662252,0.014658524207770824,0.012652542639523746,0.014623404905200003
274,0.012563196197152137,0.014614313095808028,0.012612405015610987,0.014564774832129477
275,0.012725982198284733,0.014500988386571408,0.012569667221688563,0.014505066594481468
276,0.01249558153665728,0.01478796113282442,0.012522441658129295,0.014446291048824786
277,0.012434959481987688,0.014334029778838157,0.012476246944483784,0.014390861462056637
278,0.012490758316384422,0.014282859042286872,0.012429096095015604,0.014334252129495144
279,0.012412798441946506,0.014203169867396354,0.012383975207226143,0.01427322339117527
280,0.012354486357006762,0.014375693760812283,0.01233738117929962,0.014219153404235841
281,0.012247142535116938,0.014114213921129704,0.012289685861931906,0.014156205637753012
282,0.012225918678773774,0.014033330343663693,0.012238047238936026,0.014101972037553787
283,0.01223845603565375,0.014421258717775345,0.012190285891625616,0.014046504089236257
284,0.012203056025836203,0.01391655396670103,0.012137063177757793,0.013994827590882776
285,0.012057307345999612,0.013952988423407078,0.012087305545972454,0.0139382870554924
286,0.012114447140031391,0.013808564618229865,0.012040143874122035,0.013880149981379509
287,0.012067225484384431,0.013734783977270126,0.011991967292626696,0.013831135955452916
288,0.011926164738833905,0.013707841113209725,0.01193363142311573,0.013771090506017209
289,0.011856333770685725,0.013681090883910656,0.011888015942772227,0.013696001026034353
290,0.011823807466361257,0.013637294657528401,0.011836964543329343,0.01363420893549919
291,0.011794371083378791,0.013499443605542182,0.01178770327137576,0.013572097274661063
292,0.011740373350265954,0.01347342036664486,0.011730526327507361,0.013509266455471515
293,0.011693034743269284,0.01338558755815029,0.011678274102591804,0.013437190672755242
294,0.011585774705227878,0.013391424305737018,0.011629677861183881,0.013373231878876686
295,0.011555979173216555,0.013360559456050396,0.01157507155711452,0.013337290318310262
296,0.011416661317149798,0.013410346172749997,0.011520370486958156,0.013259452942013743
297,0.011509906782044305,0.013170935027301312,0.011463448610653479,0.013192929013073448
298,0.011469873947401841,0.013205097354948521,0.011410427687151566,0.013124660319089893
299,0.011358781659768688,0.01338896244764328,0.011348516682038703,0.013056675375998023
300,0.011267585460510519,0.012999852150678635,0.01128906091550986,0.012995228253304961
301,0.01135519452806976,0.012910724133253098,0.01122986765512162,0.012924780789017681
302,0.011158674495915571,0.012789227515459061,0.011170516251772643,0.012851878492534165
303,0.011259226517544853,0.012730067521333694,0.011109332455611893,0.012780335785448554
304,0.01098337484523654,0.012632399387657643,0.01104677064344287,0.012710048517584803
305,0.011048180734117825,0.012573799192905426,0.010984025969604651,0.012635970355570318
306,0.011032236499918831,0.012515244074165821,0.010919480995999443,0.01256501690745354
307,0.010860761077039772,0.01313479132950306,0.010856027655882968,0.012487032373249532
308,0.010870929281744691,0.01247532431036234,0.010792262784391642,0.012409625002741816
309,0.010780009118219218,0.012253455743193626,0.010734399707201454,0.012324295817315579
310,0.010731784258451726,0.012246271073818206,0.010670219725784328,0.012258742026984694
311,0.010566672012209892,0.012108941040933132,0.010603365169879461,0.01217652812600136
312,0.01058083132116331,0.01219860590994358,0.010535376947042013,0.012120206406712533
313,0.010446333229127858,0.011946654506027698,0.01047569640138083,0.012066505631804466
314,0.010372548686961332,0.011858533471822738,0.010407587032185658,0.011986160814762115
315,0.010294212562342486,0.011848726980388165,0.010347464162442418,0.011920404861867427
316,0.01023032577915324,0.011742261908948422,0.010272436581717597,0.01187402868270874
317,0.010171756504310502,0.011621466316282749,0.01020461705840296,0.011804464574158192
318,0.01007941040313906,0.011611751355230808,0.010133298331830236,0.011734188835322857
319,0.00999944120231602,0.011441810950636865,0.010060814489755366,0.01165331773236394
320,0.009961857385933399,0.011425375193357467,0.009992971915503345,0.011542400259524584
321,0.009970084387395117,0.011277116537094116,0.009917269220699867,0.011453333297371865
322,0.00990540724661615,0.011532090269029141,0.009842832039876119,0.011374822047352792
323,0.00979851004978021,0.011149749830365182,0.009771437925017543,0.011292789240926505
324,0.009659076088832484,0.01198091946542263,0.009701929870330625,0.011213624833524227
325,0.009775571818980906,0.01165733277797699,0.009624308755000432,0.011124748916178942
326,0.009652460298190514,0.010902103707194329,0.009554769652336835,0.011045662026852369
327,0.009655602752334541,0.01114532869309187,0.009482280053032768,0.010960579165816307
328,0.009383536999424298,0.011570663042366505,0.009411894781887531,0.010874428596347572
329,0.009287886762370665,0.010893296673893929,0.00933759199447102,0.010785457813739779
330,0.009265212569799688,0.010816905722022057,0.009264096942792337,0.010700729303807022
331,0.009220140448047056,0.01049346650019288,0.009191076314946017,0.010609204032272102
332,0.009164696720739206,0.010361854508519173,0.009119291565981178,0.010534672869741918
333,0.008978361911657783,0.010248650256544352,0.009050639043086107,0.01044516547173262
334,0.008919079597625468,0.010290674492716789,0.008974427821901112,0.010360672847181562
335,0.008946931386987367,0.01019545091316104,0.008893539590968025,0.010259305711090566
336,0.008828970645036962,0.010129830855876208,0.00881545293289754,0.0101671908415854
337,0.008640303437908491,0.009976707976311444,0.008737720936454004,0.010056191427260639
338,0.008707855662537945,0.009969482272863388,0.008657793513437111,0.009936038080602887
339,0.008560308704359663,0.009731461945921182,0.00857544308271673,0.009852357373386623
340,0.00853458078371154,0.009694962743669749,0.008489836008598407,0.009753730681538583
341,0.008372756093740464,0.009517992343753577,0.008416512001057468,0.009626131609827282
342,0.008334380212343402,0.009503253567963839,0.008338243829955658,0.009520909798145294
343,0.00825389470698105,0.009323619566857814,0.008257822778738207,0.009415314203500747
344,0.008204822478195031,0.00957853188738227,0.008177669347739882,0.009318584400415419
345,0.008245544313556619,0.009187690243124961,0.008095684516926606,0.00922935364469886
346,0.00806480385777023,0.009164800923317671,0.008017421167923344,0.009135004813969137
347,0.007883201473289065,0.008997911866754294,0.007937114290810295,0.009035232099145652
348,0.00784634359801809,0.008846878092736005,0.007850827006498973,0.008934819325804711
349,0.007715776177744071,0.00920593410730362,0.007767724164740906,0.008834342978894712
350,0.007777386243558592,0.008653499111533165,0.007689542633874549,0.008737655194103718
351,0.007593699530180958,0.008810086026787758,0.007601775018622478,0.008635234609991311
352,0.007515425899376472,0.00867966139689088,0.007516200206594334,0.008543898930400608
353,0.007550436810900767,0.00838068624958396,0.007430547354287571,0.008442886970937254
354,0.007331182484825452,0.008262751381844282,0.007346479151480727,0.008361747429519893
355,0.0072546862893634375,0.008177015855908394,0.0072736597591183255,0.008282185470312835
356,0.007216304673088921,0.008075221423059702,0.0071968031405781705,0.008184677374362946
357,0.00711507595040732,0.008131085615605115,0.007110428482645916,0.008072669934481384
358,0.007021778186576234,0.007889929488301277,0.00701862774890744,0.007972581472992898
359,0.006911407669799196,0.0077963566221296784,0.00692882027056896,0.007870664685219525
360,0.006789749279204342,0.007685131579637528,0.00684833433456305,0.007780543303489685
361,0.006751399601085319,0.007617922183126211,0.006764591951026685,0.007686362463235855
362,0.00668576516624954,0.007559513356536627,0.0066799078910922014,0.007573526921123265
363,0.006513665281236172,0.007408967670053244,0.006588607823703853,0.007484775911271571
364,0.006420938403656085,0.007448069956153631,0.00650350851426936,0.007376629914343356
365,0.006393259476042456,0.0071696637570858,0.006422574510859947,0.007269016098231077
366,0.006271051023569372,0.007489503808319569,0.006334185561144518,0.0071705531314015395
367,0.006513895403283338,0.00751420458778739,0.006250399631903403,0.007074634140729905
368,0.006332479243477186,0.006885917168110609,0.006168599509841038,0.006983369959890844
369,0.006045456029888656,0.00677834589034319,0.006083420331589877,0.006887177566438914
370,0.005950525970094734,0.006685478705912828,0.006001456905011503,0.006787649900466205
371,0.005819616899308231,0.006616881228983402,0.005921098322359224,0.006695070731639862
372,0.00587105307314131,0.0067448773235082625,0.005836358864626122,0.006603590532392265
373,0.005752784009608957,0.006492357086390257,0.005755396691068178,0.0065093476295471206
374,0.00559867467938198,0.006385045554488897,0.005674994225448205,0.006429479368031026
375,0.005494884558849864,0.006434723865240812,0.005591531050929592,0.006338400135189296
376,0.005466216794318623,0.006106436103582382,0.0055138005228299244,0.006240965445339681
377,0.005492075814141168,0.0059893159940838814,0.005437774694938627,0.006142132003605366
378,0.005340713068015045,0.005919112078845501,0.005362228447260957,0.006047226015478372
379,0.005236534253797598,0.005864776615053416,0.005282781041723987,0.005936672344431281
380,0.005209683237804307,0.00589541133493185,0.005191435813200143,0.005831217716261745
381,0.005086825216809908,0.005670411586761475,0.005101761747441359,0.005737910479307175
382,0.005065990285947919,0.005642893966287374,0.00502371022262507,0.005658529344946147
383,0.005012813620269298,0.005575450267642736,0.004947550817082326,0.00556913992203772
384,0.004792921226471663,0.005509351640939713,0.004872012203683456,0.005478920061886312
385,0.004765694940255748,0.005329059008508921,0.004789566723174518,0.0053794201787561195
386,0.004741337960585952,0.005621215645223856,0.004714308518461054,0.005289845460653306
387,0.004599185803284248,0.005282532535493374,0.0046410452859269235,0.005196319532766939
388,0.004570402078744438,0.004973100423812866,0.004565813730781276,0.005107343429327012
389,0.004520292706373665,0.004977233912795782,0.004487348553083009,0.005021822829917074
390,0.004504603284100691,0.004797014053910971,0.0044046863764938375,0.004950251800194382
391,0.004284865885145135,0.004725662032142281,0.004335160887344844,0.004877887047454715
392,0.0042302646901872425,0.004877838883548975,0.0042621502191863125,0.004795617072284222
393,0.004090627599507571,0.004553236244246364,0.004186047547496855,0.004710785769298673
394,0.004094167909481459,0.004793817531317472,0.004110268325544894,0.0046241108220070595
395,0.004046540831526121,0.004450743133202195,0.00403346540213873,0.004552982098981737
396,0.0039311515643364854,0.00436138472519815,0.003959174882889622,0.004468923454731703
397,0.0038099160604178907,0.004257380245253444,0.0038896763711546863,0.0043821461789309984
398,0.003871328891772363,0.004252989133819937,0.0038203616248029806,0.0042987311299890274
399,0.0037670938660287197,0.004046897357329726,0.003747278066786627,0.004202794335037469
400,0.0036140956802086697,0.004210321279242635,0.0036765890324902207,0.004116738270223141
401,0.003504587351861927,0.003968421118333936,0.00360505221835855,0.0040508774783462285
402,0.0034255213994118902,0.004200040251016617,0.0035354493017204936,0.003974237100034952
403,0.0036025758392901884,0.004109993260353804,0.0034611197170904945,0.003897981476411223
404,0.0034112675498343178,0.003808027235791087,0.0033926975524880827,0.0038257909532636407
405,0.0033071164455678727,0.003774628760293126,0.003327150412959358,0.0037514775950461625
406,0.0031923446680108707,0.003503537904471159,0.0032661713390921563,0.003677569640055299
407,0.003145917200793823,0.0038646758906543256,0.0032050115336146627,0.003592192981392145
408,0.003155550639041596,0.003473984161391854,0.0031390606289936444,0.0035224859416484833
409,0.003055458433098263,0.0033399197459220886,0.003076798896491528,0.003454110903665423
410,0.0030328262814631065,0.003243682784959674,0.0030159036467886638,0.0033849384959787135
411,0.0029142490101771224,0.003222795771434903,0.0029508800279969974,0.0033160304244607692
412,0.0028319599458740815,0.0031311309151351454,0.002889484963669545,0.0032521577425301076
413,0.0027819817254526747,0.0033265806268900633,0.002830665421651469,0.003184882165119052
414,0.002780219790422254,0.003061224455013871,0.0027759532571666767,0.0031264776431024076
415,0.00264636366835071,0.002890623463317752,0.002723396448439194,0.003047656581923366
416,0.0025743117700848315,0.0029208989534527064,0.002660936320262651,0.002970299201831222
417,0.00259158620196912,0.00302000492811203,0.00260353586162544,0.002905656250193715
418,0.0025661507528275253,0.0027055373694747685,0.0025522071167412732,0.0028488484736531976
419,0.0025651727725441256,0.002659401064738631,0.002502571890751521,0.0027932669099420314
420,0.002397768216000663,0.0027080671396106483,0.0024540579919392867,0.0027196528689935806
421,0.002374608251783583,0.002652008775621653,0.0024026054462004047,0.0026659775307402017
422,0.002287534817846285,0.0025280700530856846,0.002352191065086259,0.0026128172231838108
423,0.0022457384219807053,0.0025302873458713294,0.0023043255104579865,0.002562639662437141
424,0.0022322172578424213,0.0024500803090631964,0.0022575926034400866,0.0025194044744595886
425,0.0021436071297567753,0.0025284318439662457,0.002214284623724719,0.002468751778267324
426,0.00213678323974212,0.0025083080679178236,0.00217055411649247,0.002408182619512081
427,0.0021116011812248162,0.00222951372154057,0.00212495284465452,0.0023590502178296446
428,0.0020410726348766024,0.002176058758050203,0.00208460987959471,0.0023141369737684726
429,0.0019762560839040413,0.002191953444853425,0.0020463864197747574,0.00226637204233557
430,0.0020238978234637115,0.002354434346780181,0.0020079454477669465,0.0022132180359214545
431,0.0019514640182670619,0.0021139988116919994,0.001969358709806369,0.002179055519215763
432,0.0019330697304879626,0.0020243248669430613,0.0019280480655324125,0.002140241547673941
433,0.0018692369955695337,0.0021321007050573828,0.001891543925884697,0.002105488162301481
434,0.0017950989052446353,0.0020109120570123195,0.0018589747107898194,0.002074536667950451
435,0.0018361874157562853,0.0019892437662929296,0.0018267341980917585,0.002035882695391774
436,0.0017459263347296252,0.002141916071996093,0.0017937512843145265,0.0020027162469923496
437,0.0017492604529899028,0.0018648135103285313,0.0017612277260464098,0.001965939483605326
438,0.0016887190446464551,0.0018123516580089926,0.0017323101167670556,0.001925880752503872
439,0.0016401879944735102,0.0018329144129529595,0.0017026228948599765,0.0018857505040243269
440,0.0016377895418554543,0.0017677923617884516,0.001676647903894385,0.0018616812599822877
441,0.0016187252745860153,0.001726775667630136,0.0016497793812718657,0.0018396528629586102
442,0.0016305619017738435,0.0016911547677591443,0.0016260100725210378,0.0018099339321255685
443,0.0016014823038130999,0.0018514744518324732,0.0015981786072978544,0.0017747579352930187
444,0.0015324066656952104,0.0016890517761930823,0.0015736571895993419,0.0017487476799637079
445,0.0014851647248077724,0.001839232505299151,0.001549484524627527,0.001726634213887155
446,0.0015603778744116426,0.0018782214168459176,0.0015266735357439356,0.0017019592037424449
447,0.0014815220003947616,0.0015617207391187549,0.0015068322422293328,0.0016819000529125336
448,0.0014211655775499012,0.0017011261358857155,0.001484265979855425,0.001656979953683913
449,0.001419128301139507,0.0015306612243875862,0.001466364587843418,0.0016280479175969959
450,0.001420666897772915,0.001526963566429913,0.0014458997079999083,0.0016248049996793268
451,0.0013946026920651396,0.0015050518559291959,0.001430635801733782,0.0016069401778280733
452,0.0014622264070850279,0.0016277826204895973,0.001415083893088417,0.0015882686717435717
453,0.0013693595693136254,0.0016253488324582577,0.001399886012677517,0.0015807615069672466
454,0.0013820233651333385,0.0014489801740273833,0.0013882693393259412,0.001565012083388865
455,0.0013281111928841306,0.0014750344259664417,0.0013722799871013396,0.0015698377886787056
456,0.0013384285758042502,0.0014637424284592272,0.0013574176565226582,0.001547947874106467
457,0.001328753106192582,0.0014714882150292396,0.0013444830779193175,0.0015352000838145616
458,0.0012989622734797498,0.001515225451439619,0.0013377736203579438,0.0015153255457058552
459,0.0012990665673795674,0.0015094332862645387,0.0013224814215468037,0.0014962947282940152
460,0.0012720308564085926,0.0013662412855774163,0.0013129757724288438,0.0014864590333774688
461,0.0012983915344294574,0.0014186151698231697,0.0013044479960575698,0.0014732195030897858
462,0.0012376384569021562,0.0017837405623868108,0.0012967734173561136,0.0014643442096188666
463,0.001307121387993296,0.001365731111727655,0.001289023699104372,0.0014675743432715537
464,0.001251390278339386,0.001366126760840416,0.0012816248549665844,0.0014632163427770138
465,0.0012578425315829616,0.001580113242380321,0.0012708131527010766,0.0014500396680086852
466,0.001328308440796617,0.0013330400781705976,0.0012641808533316685,0.0014381283862516284
467,0.0012308280961588025,0.0018117974000051618,0.0012579610624143646,0.001441407561302185
468,0.0012299240393460625,0.0013042265875265002,0.0012546349193900824,0.0014365777483209968
469,0.0012090422006116974,0.0013703570188954473,0.0012494775124204656,0.001430313847400248
470,0.0013174282857734297,0.001342369052581489,0.001243374683387164,0.001423050843179226
471,0.0011780729041331345,0.0014024509815499186,0.0012373136546359293,0.001413621022924781
472,0.0012438807724457648,0.0013158283662050962,0.0012349924206630223,0.0014067327024415135
473,0.001207971168268058,0.0013701378786936402,0.0012330453006861109,0.0014027820946648716
474,0.0012272638336030973,0.0013087788876146077,0.0012286581501468187,0.001396861015446484
475,0.001226923941479375,0.0016077169077470899,0.0012260876660131744,0.0013759136265143752
476,0.0012096315886204441,0.0013961018435657024,0.0012218369664727812,0.0013728393647819757
477,0.0011919338504473367,0.0012983657512813807,0.0012201197686812115,0.001369572209380567
478,0.0012035520850784249,0.00132756678853184,0.0012169977957796718,0.0013579496959224345
479,0.0012265285922007428,0.0015309595502912999,0.001210350003300442,0.0013585791297256948
480,0.0012449576172770724,0.0013542891014367343,0.001208012468285031,0.0013391248544678094
481,0.0012094934015638298,0.0013071449054405093,0.001207990883363204,0.0013377193953841926
482,0.0011761823803600338,0.0012899131095036865,0.0012059230165038673,0.00133437944278121
483,0.0011474365546988944,0.001279479945078492,0.001200473315258407,0.0013326101735234262
484,0.0012410357180568908,0.0013372252741828562,0.0012029056208001242,0.0013288136040791871
485,0.0012233528569858107,0.0012674760911613704,0.001200863836871253,0.001332902014628053
486,0.0011887127709471518,0.0012705881893634796,0.0011995044438892768,0.0013331016715615988
487,0.0011733763535610503,0.0012600558390840888,0.0011973493686670232,0.001331108947843313
488,0.0012008538994834656,0.0012888745684176684,0.001195741247944534,0.001320294101536274
489,0.001208460333550142,0.0012844478758051992,0.001195296889336573,0.001322083581611514
490,0.0011797932090444698,0.0012895504059270025,0.001194977218999217,0.0013250743081793185
491,0.0011621136288158596,0.0013487759232521058,0.0011929367587901654,0.001323193139582872
492,0.0011723897207735314,0.0013254405185580253,0.0011929070397280158,0.0013135624408721922
493,0.0012293844163003896,0.0012690901104360818,0.001191024785830329,0.0013125950118526818
494,0.00115734552912828,0.0012868582038208843,0.0011901293134937683,0.001324701945669949
495,0.0011811857546369234,0.0012981373211368918,0.0011927118222229182,0.0013239831693470478
496,0.001238880542676068,0.00130753674544394,0.0011946334923514062,0.0013248710682615635
497,0.001192836174223986,0.0014180386299267411,0.0011916088239289821,0.0013224137365818022
498,0.0011739863437186513,0.0013751293020322919,0.0011889673903739703,0.0013220436302945019
499,0.0011733869530467524,0.0012589607946574689,0.0011892540145717145,0.0013293589217588304
500,0.0011867209234171444,0.0013373457500711083,0.0011889073783790485,0.0013306477645412087
501,0.0011985226234214174,0.0014408388454467058,0.0011878595010222247,0.0013322960164397957
502,0.001183942092013442,0.001373133915476501,0.0011863228112717883,0.001344762973114848
503,0.0011525405798521306,0.001280537573620677,0.0011878197627814694,0.001342778405919671
504,0.0012257856156470048,0.0012901920825242996,0.0011889279841290168,0.0013399701457470655
505,0.0011979012698349026,0.0013301033759489655,0.0011879454142258814,0.0013374743593856694
506,0.0011871065931498177,0.0016098182508721948,0.0011864646348636598,0.0013399815913289787
507,0.0012407450985887811,0.0012719437014311551,0.0011881393343261962,0.0013387667736038567
508,0.0011954783079110914,0.0013016774179413916,0.0011874490811851705,0.0013385398635640743
509,0.0011654190074962874,0.0012757919821888208,0.001188667673115722,0.0013358080087229611
510,0.001157317018110512,0.0012582234339788556,0.0011882928059695082,0.0013304000843316318
511,0.0011958783758907682,0.0014534704759716988,0.0011877144653815778,0.0013248546635732056
512,0.0011647104487443965,0.0012922769086435436,0.0011878045572537102,0.001326606067456305
513,0.0011746569655628667,0.0013300808658823372,0.0011875209766077912,0.0013232024559751152
514,0.001170043089789235,0.0015961217926815153,0.0011864943417358317,0.0013172173779457807
515,0.001217216996786495,0.0012399362260475755,0.0011870000624460064,0.0013183786757290364
516,0.0011898191625045406,0.0012785694189369678,0.001187500695175388,0.0013219495065510275
517,0.0011478254731951488,0.0012630458595231176,0.001187136539273585,0.001320098984055221
518,0.0011923649322448506,0.0013317709090188146,0.0011856086481103882,0.0013196811130270361
519,0.0011992130156916877,0.0012564877606928348,0.0011853764179731825,0.0013049066687002779
520,0.001163929426111281,0.0012924645701423286,0.0011825541438793559,0.0013043690372258425
521,0.0012693453409398595,0.0012392403744161129,0.0011812670996671337,0.0013017803382128477
522,0.0011834644955686397,0.001282840520143509,0.001180168672087085,0.0013031718645244836
523,0.0011595278290203875,0.0012364937830716372,0.0011809973042975698,0.0013130644887685775
524,0.0011756392498500645,0.0013027458917349577,0.0011823097812425762,0.0013057761453092098
525,0.0011796314072691732,0.001252255463041365,0.0011811636998007692,0.0013052120396867394
526,0.0011728567516224252,0.0012912118947133423,0.0011808061941526828,0.0013026244511827826
527,0.0011965851097678144,0.0014021663600578904,0.0011818575953857766,0.0012880677562206984
528,0.0011650563980866637,0.0013698083441704512,0.001179202041806032,0.001296924638003111
529,0.001216681718101932,0.0012439290201291442,0.0011788705975748599,0.001296716215647757
530,0.0011597039907549817,0.0013196566002443434,0.0011789245009525783,0.0012997081438079479
531,0.001181300839719673,0.0012404571427032352,0.0011807210768159065,0.0012995408730581406
532,0.001170188246243116,0.001258502914570272,0.001178155859083765,0.0013060035474598412
533,0.0011633022026055389,0.0012369599426165223,0.0011790385376248098,0.0013162915229797364
534,0.0011379583179950714,0.00131058013997972,0.0011762496799023617,0.0013191464895382526
535,0.0011780328233726323,0.001505539040081203,0.001176104628532711,0.0013193926606327297
536,0.0012286902995159229,0.001271261889487505,0.0011755356346257032,0.0013241935202851895
537,0.0011360584126992358,0.0012781742680817842,0.0011758673786289163,0.0013239091020077467
538,0.0011657193243607051,0.0012653911532834173,0.0011747583677681785,0.001329318513162434
539,0.001196328120616575,0.0012322044186294078,0.0011747074815237689,0.0013298493072390555
540,0.001150828157292886,0.0014613582706078888,0.0011727331951881447,0.0013240187648683784
541,0.0011815330567252304,0.001273358860053122,0.0011715988789995511,0.0013193094119429585
542,0.0011491730576381088,0.001337844063527882,0.001169269259336094,0.0013199599115177988
543,0.0012372793288280566,0.0013275891402736307,0.0011691998685089248,0.001322036281786859
544,0.0011350825723881522,0.0014180546207353472,0.0011695642439338066,0.0013255911827087402
545,0.0011859963896373909,0.0015496639581397175,0.001168684932299786,0.0013293828355148433
546,0.00119962389787866,0.0013106145383790136,0.0011681658941217594,0.0013331022875383495
547,0.0011798382113273774,0.0012889947975054383,0.0011702354242921701,0.001330552929453552
548,0.00114530298134519,0.0013565152743831277,0.0011695576748396786,0.0013198493333533405
549,0.0011839328499303923,0.0012956354347988964,0.0011685428161277538,0.001325264955125749
550,0.0011519061357507276,0.0013874907419085503,0.0011703500625780887,0.001324255175329745
551,0.0011715845955121847,0.0013044817466288806,0.0011707851986607746,0.0013247989941388369
552,0.0011472279513772164,0.0012564028007909657,0.0011692015615188413,0.0013248555587604643
553,0.001136698493371821,0.001252074521034956,0.0011704154462967482,0.0013193566396832467
554,0.001158441226515505,0.001260191509500146,0.0011687543139275577,0.0013191818771883846
555,0.0011579692200757562,0.0013715658569708467,0.0011713029878214001,0.0013149986205622554
556,0.0011904102253417173,0.0013293296657502652,0.0011670642704185513,0.0013119830042123794
557,0.001148205455392599,0.0013532942347228528,0.0011686400378329888,0.001308354263752699
558,0.001150326248154872,0.0013299462432041765,0.0011678591060452165,0.0012953990772366524
559,0.0011896965722553432,0.0012468461878597735,0.001165939733779265,0.0012965191597118975
560,0.0011610890870603421,0.0012379491375759243,0.0011663621834479272,0.0012942334005609155
561,0.0012033188317178024,0.0014066524337977171,0.0011662331130045153,0.0012895198302343488
562,0.0011812395739576056,0.001252929773181677,0.0011663945071295732,0.0012867253664880993
563,0.0011765977264278464,0.0012789866235107183,0.0011668502542914617,0.001285408861003816
564,0.001156737192068249,0.001233618534170091,0.0011665996530662395,0.0012821942092850803
565,0.0011811752767405576,0.0013238852936774492,0.0011665780915723495,0.0012858016490936278
566,0.0011400047474954692,0.00126898979768157,0.0011672658576371358,0.0012880548462271691
567,0.0012128899049841696,0.0012332626478746534,0.001166598656654565,0.001289300587028265
568,0.0011313113937568334,0.0012521987315267324,0.0011662435763256833,0.001287651129439473
569,0.0011744767577490873,0.0013273361092433333,0.0011660922254383979,0.0012854789596050975
570,0.001166473094943083,0.0012257842952385545,0.0011678157488763745,0.0012807693958282469
571,0.0011516395912298727,0.0013386166002601384,0.0011713659721064485,0.0012769030859693883
572,0.0011903994530439376,0.0012318508187308909,0.001169085869208599,0.0012773957690224047
573,0.0011420762202598983,0.0012386760162189604,0.0011685664981862325,0.001279881529510021
574,0.0011879677030568322,0.0012257738411426543,0.0011656127248218077,0.0012732502432540058
575,0.001163299814797938,0.001354578104801476,0.0011647591814140067,0.00127290665730834
576,0.001165319564881631,0.001224115453660488,0.0011650206538072478,0.0012704932035878301
577,0.0011466889140299625,0.001346588796004653,0.0011661088325134994,0.0012826841270551085
578,0.0011538926449914772,0.0013084044493734837,0.0011641837440275894,0.0012788933726027608
579,0.0011417612019512388,0.001291335029527545,0.0011664300067402004,0.001280419091694057
580,0.0011490922118537127,0.0013303294172510504,0.0011641574577066216,0.0012811765454709529
581,0.001186626453159584,0.0012750254198908807,0.001167651809995166,0.0012802160011604427
582,0.00119129354134202,0.0012355551403015852,0.001166333365911204,0.0012817959468811747
583,0.0012390818289067182,0.0012332884967327117,0.0011662382453731777,0.0012821472261101005
584,0.0011326939998091096,0.0012591632641851902,0.0011662684639657125,0.0012897541061043737
585,0.0011481048115011719,0.0013000931497663259,0.0011661239348507177,0.0012944107145071028
586,0.0011294744976071847,0.0012408702773973345,0.001167225138248048,0.0012958335602656003
587,0.0011599009887625774,0.0012443401245400309,0.0011683528551883584,0.0013055304473266003
588,0.0011831345362588762,0.0012186502804979681,0.0011682960803775738,0.0013123259613290427
589,0.001183941659724547,0.0015383916208520532,0.0011681353258382943,0.001326516192406416
590,0.0011330480645928118,0.0012291164323687553,0.0011685511434347264,0.0013234168982133269
591,0.0011961613153107465,0.0013071327749639748,0.0011689940551399356,0.0013326624248176811
592,0.0011560761791446971,0.0012521989922970533,0.001169894578670048,0.0013324633074924348
593,0.0012186702009704378,0.0012281851237639786,0.001170637727684031,0.001328237697854638
594,0.0011415156556500328,0.0013668347522616385,0.0011692791180374722,0.001327701641060412
595,0.0011640950814924306,0.0012345662759616972,0.0011690580622293056,0.0013332346061244607
596,0.0011523950560432341,0.0015287886001169682,0.001167253314714051,0.0013364305038005117
597,0.0011867862251690692,0.0013482660287991166,0.0011685727443856498,0.0013346824564039708
598,0.001169606305193156,0.0012742471601814031,0.0011675203106159134,0.0013317678539082408
599,0.0012161606265645888,0.0014681960176676512,0.0011680942699830565,0.0013343626212328672
600,0.0011618804445283281,0.001524465954862535,0.0011680452683216168,0.001343972277827561
601,0.0011613007013996442,0.0015788712305948138,0.0011676469495726957,0.0013484345545992256
602,0.0011570843539407685,0.0012691064411774278,0.001166491892695841,0.0013363696141168477
603,0.001164965437621706,0.0015395426144823431,0.0011670877748169006,0.0013530123876407743
604,0.0011642742902040482,0.0012863570963963867,0.0011661576253568962,0.0013495660584419966
605,0.0011676709372032848,0.0012246891763061285,0.001166716518191,0.0013494952758774162
606,0.001152661211995615,0.0012616240000352264,0.0011629947715231944,0.0013509422859176994
607,0.0011857671461378535,0.0013738792669028043,0.0011640678479750127,0.0013451666859909891
608,0.0011939631410253545,0.0013131859386339784,0.0011620790097241604,0.0013449397973716256
609,0.0011656797415990796,0.0012154620792716741,0.0011623547320254149,0.001332157534174621
610,0.0011217939672577713,0.0012272280873730779,0.0011598652539257378,0.0013284965261816976
611,0.0011438234817857543,0.0013057394605129958,0.0011601241496081154,0.0013343977438285944
612,0.001158675947226584,0.0014845815394073725,0.0011575502348649832,0.0013257744638249277
613,0.0011731765675358475,0.0013302071997895837,0.0011581865568127897,0.0013162975367158652
614,0.0011550652378031778,0.001236768108792603,0.0011575075029085081,0.0013061426296830177
615,0.0011479451176193026,0.0016451857704669237,0.0011577557817204962,0.0013037156550213696
616,0.0011729075788106356,0.0012209745449945331,0.0011572279832739799,0.0012928219135850672
617,0.0011700484999972913,0.0012504294281825423,0.001157352476194501,0.001302539723366499
618,0.0011256265342752968,0.0012643603747710586,0.001157456084040718,0.001303761716000736
619,0.0011683425669454866,0.0012224447540938855,0.0011574044407966237,0.001304233417659998
620,0.0011143741252211232,0.0012288940604776144,0.0011555622829020852,0.0013014360958710312
621,0.001159288113574601,0.0012092320201918484,0.001152919559987883,0.0012984607568010688
622,0.0011245492726771368,0.001256740828976035,0.0011523448875380886,0.0013003613203763963
623,0.0011760786972526047,0.001421777601353824,0.0011535065202663342,0.001301968461461365
624,0.0011518127579862873,0.0012526140175759793,0.0011549195169988605,0.001299235846102238
625,0.0011777884932234882,0.0012875427771359682,0.0011532039359832802,0.001289183769747615
626,0.001144324353792601,0.0013249985547736287,0.001151620374050819,0.0012849950106814507
627,0.001163291324240466,0.001208432074636221,0.0011513322251331475,0.0012862038496881726
628,0.0011517704764588011,0.0012671990785747766,0.001150448150612,0.0012767561456188562
629,0.001167386613217079,0.0015293023409321904,0.0011510347035196093,0.001280272231437266
630,0.0011702611333587103,0.0012552389921620488,0.00114939646275921,0.0012817175764590503
631,0.0011513701308932568,0.001273416541516781,0.0011502993191799355,0.0012801181562244895
632,0.0011397131987743907,0.001303946222178638,0.0011494094016651314,0.0012801460299640896
633,0.0011278950681702959,0.0012388024618849157,0.0011505153753173848,0.0012804356701672079
634,0.0011513129303542277,0.001262976168654859,0.0011490915842250818,0.0012814763702452183
635,0.0011508347854639093,0.001267406614497304,0.0011488871191628275,0.0012802902061492204
636,0.0011791484000989133,0.0012374240765348078,0.0011477796784602106,0.001278155774064362
637,0.0011157864218370782,0.0012332796305418014,0.0011474940921283431,0.0012761886723339558
638,0.0011335875192243193,0.0012254882231354713,0.001147469626636141,0.0012813591511920094
639,0.001147861514861385,0.0012669890839606523,0.0011465882425713873,0.0012765368791297078
640,0.001125843254590614,0.001408993168734014,0.0011470103858970107,0.0012789307691156862
641,0.0011875714015008674,0.001308876690454781,0.0011461821100881532,0.0012767674002796409
642,0.0011290924809873105,0.00128656305372715,0.0011445001090980237,0.0012679446991533038
643,0.0011481979447934363,0.0012243748689070343,0.0011439331345467103,0.0012673913909122345
644,0.0011460946290753782,0.00122314159758389,0.0011447299463674425,0.0012666993355378506
645,0.001142023466527462,0.0012361350655555724,0.0011444793604831727,0.0012662537433207033
646,0.0011236933362670243,0.0012352495221421122,0.00114592857496399,0.0012699142122641206
647,0.0011194376461207867,0.00122708672657609,0.0011452535203865003,0.0012681089360266923
648,0.0011483926796871755,0.0013684167992323638,0.001147244981314159,0.0012666042126715184
649,0.0011446730996895996,0.001203436474315822,0.0011457181594334543,0.0012782251004129646
650,0.0011771768559184338,0.0014168047485873102,0.0011466953679712282,0.001288540294021368
651,0.001122289752173755,0.001204441753216088,0.0011467733550092412,0.0012886385513469576
652,0.0011738449073810545,0.001268279324285686,0.0011465069324502512,0.0012863800439983605
653,0.0011310635812373626,0.001213114857673645,0.0011472145275212824,0.0012783748252317307
654,0.0011253365884638495,0.001308734812773764,0.001144842561137759,0.001274131288565695
655,0.001156086769575874,0.001241406286135316,0.0011452530012466015,0.0012706493910402059
656,0.0011712904264115625,0.0012561151571571826,0.0011437923210776517,0.0012699276285246012
657,0.0011334485516676473,0.0012928064167499543,0.0011443683273779852,0.0012694790579378602
658,0.0011641254301907288,0.0013303141854703426,0.0011430769959671632,0.0012702899172902106
659,0.0011344365659169853,0.0012178442627191544,0.0011434498159628777,0.0012697889037430283
660,0.0012006213086553745,0.0012297885306179522,0.0011433288397991821,0.0012749362660571932
661,0.0011409778530812925,0.00152794627007097,0.0011447460769054788,0.0012702461298555135
662,0.001140216635281427,0.0014911594707518816,0.0011451953192810633,0.001270414670370519
663,0.0011355371951746443,0.0012279446562752127,0.0011451984643470498,0.0012620477218180895
664,0.0011412009508866402,0.001210526400245726,0.0011458088422349343,0.001264974581450224
665,0.0011435331313663886,0.0012088626995682716,0.0011433942805303054,0.0012624339563772086
666,0.0011282722419127822,0.0012027882738038897,0.0011433217803792407,0.001268088553659618
667,0.0011393534837083683,0.0011995156155899167,0.0011431339821105614,0.0012663213849067687
668,0.0011116809405696888,0.001206330806016922,0.0011440587633858535,0.0012847796097397804
669,0.001160494786583715,0.0012119273329153656,0.0011443328442621145,0.00128379199039191
670,0.0011097401812569135,0.0012564065493643284,0.0011438872722753634,0.0012808873206377029
671,0.0011330138361598883,0.0012227241834625602,0.0011419874270084418,0.0012778727628290653
672,0.0011164132420284053,0.0013557707844302058,0.0011414662077764255,0.0012805545885115862
673,0.0011838236073445942,0.0012511633941903711,0.0011397698894815727,0.0012804448418319225
674,0.0011559041590792024,0.0012076499871909619,0.001138956964911065,0.001268710910528898
675,0.0011772554825680952,0.0012076310347765684,0.0011384476985937602,0.0012596189932897687
676,0.0011375491993708743,0.0012776132440194487,0.0011389833052590902,0.0012602806612849234
677,0.0011134808647653295,0.0012047636974602937,0.001138031269987631,0.0012612304680049418
678,0.0011292510774607459,0.0013544797897338868,0.0011372717849237636,0.0012618340738117693
679,0.0011206416317468715,0.0012645555939525366,0.001137676693069645,0.0012621343784034252
680,0.00117920630145818,0.0017028619069606066,0.001137104108158706,0.0012712207099422816
681,0.0011781424483180874,0.001231424673460424,0.0011383224172362438,0.0012707943430170419
682,0.0011223092519988616,0.001220189672894776,0.0011373906072073927,0.0012747643765062097
683,0.0011166292985176874,0.0012549502402544022,0.0011397021470539686,0.0012727536607533695
684,0.0011214060851165819,0.001284889904782176,0.0011398566184617164,0.001275340895727277
685,0.0011582133512840502,0.0012270448636263608,0.0011408262378173983,0.0012730706671252848
686,0.0011206547388186057,0.0012345979874953629,0.0011380218827217402,0.0012756102483719588
687,0.001127484977348811,0.0012638615397736431,0.0011372055554865962,0.0012749589536339046
688,0.0011489273618078893,0.0012444863561540842,0.0011360021284884878,0.00127523553352803
689,0.0011174000691001613,0.0012342715682461857,0.0011355672850583988,0.0012718412816524506
690,0.0011245460047697028,0.0012239528447389604,0.0011362271359707744,0.001272303129732609
691,0.0011383949455598162,0.001210295888595283,0.0011363397288136183,0.0012719340855255725
692,0.00112503886093489,0.0014266739040613174,0.0011368914668344787,0.0012797754019498828
693,0.001142138667508132,0.0011956716328859328,0.0011375642675078576,0.001268853966332972
694,0.0011371995358624393,0.001311178170144558,0.0011368152102145055,0.001270354462787509
695,0.0011675286774213115,0.0012061386555433273,0.0011362510809364418,0.0012706031976267697
696,0.0011368756213535865,0.001287405057810247,0.0011365488710192342,0.0012700717080384497
697,0.001140653725920452,0.0012990150693804026,0.0011365264902615713,0.0012673836218193174
698,0.0011137147299531433,0.0013146529253572226,0.0011350332880289188,0.0012705676302313803
699,0.0011354959782006013,0.001191367618739605,0.0011348913136041822,0.001269182389229536
700,0.0011471698076153795,0.001214545532129705,0.001134579178276989,0.0012686959436163307
701,0.0011266781136186586,0.0011927569471299648,0.0011337936816633574,0.0012713826924562455
702,0.001129977137574719,0.0012163098994642497,0.0011340970317419204,0.0012702821647748352
703,0.001132065898531841,0.0013452536845579744,0.001134745476860553,0.0012689554248005153
704,0.0011344350822683838,0.0014605885045602918,0.0011342426458477149,0.0012685507299378517
705,0.001196026318292651,0.0014298260165378452,0.0011353486763313414,0.001263854941353202
706,0.0011594160159842835,0.0012689370848238469,0.001134747968086352,0.0012718591395765545
707,0.0011082060200472673,0.0012264080438762904,0.0011352358212073643,0.0012672621866688133
708,0.0011240740505874985,0.0012416630005463959,0.001135528816924327,0.0012676431747153402
709,0.0011208465661750073,0.0012176877493038773,0.0011332082733408447,0.0012640489185228945
710,0.0011208832954677443,0.001306645073927939,0.001132613909772287,0.0012663394525647166
711,0.0011171053782001966,0.0011999669624492527,0.0011329652705747222,0.0012625353595241905
712,0.0011196815941689742,0.0012517003994435073,0.0011333180389677486,0.0012675133304670453
713,0.0011292899464670982,0.0013116550771519542,0.0011320452126777837,0.0012699288783594967
714,0.0011249838210642337,0.001206758376210928,0.0011313598441063531,0.0012697363585233688
715,0.0011407571327355173,0.001190784345380962,0.001130712784568055,0.0012719776241108772
716,0.0011258241702388559,0.0012001785170286895,0.0011316080182687278,0.0012655369216576216
717,0.0011526896230255564,0.0013092791894450783,0.001131519693394916,0.0012571405768394468
718,0.001127120961383399,0.0013957765884697437,0.0011288989574751922,0.0012577074794098734
719,0.0011493958638877505,0.0011962543474510312,0.0011289060983599888,0.0012564851200208066
720,0.0011748535703453753,0.0012156633567065001,0.0011303501202414436,0.0012584274489432572
721,0.001078862031766524,0.001197548652999103,0.0011315005851909518,0.00125617230925709
722,0.0011257946367065111,0.0013562784204259515,0.0011312381297970812,0.0012585565589368344
723,0.0011224987500140237,0.0012195505993440748,0.001131287398189306,0.00125376755297184
724,0.0011443151880262627,0.0013158168923109769,0.0011306476506197617,0.001264851548150182
725,0.0011153491503662534,0.0012749342294409872,0.0011307587693652344,0.0012648369418457152
726,0.0011095438993328976,0.0011879439512267709,0.001130328972513477,0.001259619927033782
727,0.0011138006491172646,0.0012723415391519665,0.001129946435108367,0.001259592495672405
728,0.0011544467410486605,0.001184236123226583,0.0011294165778801674,0.0012596471482887862
729,0.001132226960423092,0.0012506798841059208,0.0011291774900630117,0.001264969536475837
730,0.0011305079202995531,0.0014439985807985067,0.0011282232929228082,0.0012600914156064387
731,0.001159594538104203,0.0012383781000971795,0.0011297580119532845,0.001251624711975455
732,0.0011443065670836304,0.0012749662669375539,0.0011276653290105364,0.00125166966188699
733,0.0011528356743252112,0.0011852845083922148,0.0011247246968870363,0.001253538287244737
734,0.0011142851813282404,0.0012772939912974834,0.0011266388666816057,0.0012542581534013152
735,0.001122115005273372,0.0011869199248030781,0.001126275728467024,0.001255324387177825
736,0.0011011116889615854,0.0014770668419077993,0.0011271525240917173,0.0012538126278668646
737,0.0011224595628057917,0.0012513352418318392,0.0011275721993400818,0.0012740266146138313
738,0.0011185450251731607,0.0011812297068536281,0.0011291749351864887,0.0012706177273765207
739,0.001115420385936482,0.001206072592176497,0.0011316689466540184,0.0012727330492809416
740,0.0011275107020305263,0.001192150660790503,0.0011315634405343897,0.0012728357011452317
741,0.0011198469748099646,0.0013332382217049598,0.0011297391352243721,0.0012749073278158904
742,0.001128834694520467,0.0011873261677101254,0.001128315596499791,0.0012723259650170803
743,0.001165488937145306,0.001184108997695148,0.0011286609108663269,0.0012616366667672994
744,0.0010970787903190487,0.0011973780952394008,0.0011260002626830505,0.0012600068377330903
745,0.0011013377672578727,0.001262378990650177,0.0011251437541407842,0.0012748257299885159
746,0.0011267162766307591,0.0012155453069135546,0.0011240405075459016,0.0012757456127554182
747,0.0011167161813419727,0.0013829342648386956,0.0011247024603291517,0.0012753072177991275
748,0.0011444186406313545,0.0011817566165700554,0.0011248140294932655,0.0012758362548425798
749,0.001154807069235378,0.001821166560985148,0.0011258785973613462,0.0012654221290722494
750,0.0011554175465264254,0.0011897120485082268,0.001126280341173212,0.0012635313577950005
751,0.0011718941860211392,0.0012408269988372922,0.0011259659042892358,0.0012639193307608368
752,0.0011111629961265458,0.0012749078357592225,0.0011256208224946428,0.001265294030867517
753,0.0011088391082982223,0.0012360267899930476,0.001125031234070452,0.0012665377546101806
754,0.001096638492308557,0.0011861458141356708,0.00112474559112452,0.0012689881343394516
755,0.0011391407794629535,0.0011767661245539783,0.0011241877757271546,0.0012695340074598787
756,0.0010930783335222965,0.001197632374241948,0.0011230256966677393,0.0012708185229450462
757,0.0011228938535269763,0.0016454385733231903,0.0011241138738217868,0.0012729758685454725
758,0.0011252545094531444,0.001208281577564776,0.0011253462628927082,0.0012696406064555048
759,0.001130834000909494,0.0012663341173902154,0.001125286914082244,0.0012691277706995607
760,0.0011249042343762187,0.0012001458508893847,0.001124985620301838,0.001260709393210709
761,0.0011277258856635954,0.0012167136976495385,0.0011248107358347627,0.0012648486686870457
762,0.0011325031581024328,0.0012040659599006176,0.0011235967653441346,0.0012396648423746229
763,0.0011106841030737592,0.0011909290309995413,0.001121660816312457,0.0012414275780320168
764,0.0011067933410716553,0.0012404400948435067,0.0011178953688022574,0.00123919439855963
765,0.0011127709914257543,0.0012232437543570995,0.0011172212908303156,0.0012371511630713942
766,0.001112705901161664,0.0013944977149367333,0.0011168182948966406,0.0012425337042659523
767,0.0011148893095863362,0.0012009729957208038,0.0011178804830906707,0.0012430906957015396
768,0.0011364369606599212,0.0012162218848243355,0.001117716746347853,0.0012437453245744108
769,0.0011242832191702393,0.001251311735250056,0.0011196482142381786,0.0012435020957142118
770,0.0011321474940309095,0.001178997438400984,0.0011192644932152083,0.001226981039904058
771,0.0011252325563691557,0.0012027244130149483,0.0011190873426230002,0.001232779405452311
772,0.0011091838368318147,0.0011724748276174069,0.0011183932424367715,0.0012319762313738466
773,0.0011400465289544727,0.0012852385034784674,0.001117878372827545,0.0012320334080606699
774,0.0011244578069696824,0.001191570903174579,0.001116940533799223,0.0012310380043461919
775,0.0011070188207344877,0.001233780439943075,0.0011151856894449643,0.0012302499043755234
776,0.001077757998266154,0.0011849975120276212,0.0011152302343036152,0.0012293179652653635
777,0.0010943110468279984,0.0012238269485533237,0.0011141872066331821,0.0012268890603445472
778,0.0010987642099563445,0.0013705903198570012,0.0011136259457199937,0.0012290537777356807
779,0.0011231931971593036,0.001200070600025356,0.0011141009748499428,0.0012202901192940774
780,0.0011350473608925111,0.0011931318463757634,0.001113941691443324,0.0012189874577336014
781,0.0011413650307804347,0.0011915516527369618,0.0011129647106449636,0.0012217869023792446
782,0.0011133008279527227,0.001232412178069353,0.0011163486032746731,0.001219773581717163
783,0.0011208257446479466,0.0013532407162711025,0.0011158293949647081,0.0012218211700208482
784,0.0011134814962537752,0.0012462547654286027,0.001115672695233176,0.0012226217688061293
785,0.001112032494145549,0.001201575268059969,0.0011148321677723694,0.0012250069766305386
786,0.0011042799099555446,0.001191828604787588,0.0011130382411595851,0.0012237448536790907
787,0.0010886320492459669,0.0011843634606339038,0.0011134859267208314,0.0012330971178598704
788,0.0011117977245400348,0.0011676305532455444,0.0011159594044813682,0.0012321790956892073
789,0.0010807176493108272,0.0011797174718230963,0.0011175906792800462,0.001239131023641676
790,0.0010987394685960479,0.0012773616891354322,0.0011180612452224724,0.0012455399974249303
791,0.0011245816294103862,0.0011754062538966536,0.0011182828872568077,0.0012471220300532878
792,0.001110907224420872,0.001168406456708908,0.001121369593280057,0.0012518036886118352
793,0.0011120124407009119,0.0012862080009654164,0.0011203032863326369,0.0012559952325187625
794,0.001208880534912977,0.0012009787186980248,0.0011179234517841705,0.0012551497721113266
795,0.0011191672862817844,0.0012301871459931134,0.001117986156160219,0.0012527515627443792
796,0.0011213150630808538,0.001222739382646978,0.0011164415296684538,0.001245471833460033
797,0.0010881706503116423,0.001232105023227632,0.0011163649316980608,0.0012457786781713367
798,0.001095198363634861,0.0012536854296922684,0.001115507397366067,0.0012446251071989536
799,0.0011356499460008409,0.0014253775076940656,0.0011151720483062997,0.0012437485463917255
800,0.0011688557647479077,0.0012108298856765031,0.001114925254570941,0.0012468924677930772
801,0.0011185398682331045,0.001358795710839331,0.0011139981439233651,0.001246885087620467
802,0.0011060751953886614,0.0013840512931346893,0.0011143222642234628,0.001248057178687304
803,0.0011043052608147265,0.0014101411355659365,0.0011151318299066689,0.0012447284033522009
804,0.0012003608477405376,0.0013171120639890433,0.0011166458360229931,0.0012450451852753755
805,0.00110838968720701,0.0012979204440489412,0.0011162555013576317,0.0012466902499087154
806,0.0010818691670687662,0.0011704151425510644,0.0011162978915911584,0.0012424759302288293
807,0.0011148684373539356,0.001172456943895668,0.0011108051191084085,0.0012425121702253818
808,0.001082210082353817,0.0011712474841624498,0.0011115938103343876,0.0012531208002939818
809,0.001111566546993951,0.0012539258832111955,0.0011119061928138965,0.0012548984246328473
810,0.0010905941358457009,0.0011727359937503934,0.001112688747069074,0.001255362644419074
811,0.0010958961834613649,0.0011699145846068859,0.0011120719089793665,0.0012540981570258736
812,0.0010824622058620056,0.001262961495667696,0.0011111370019925137,0.0012460332438349723
813,0.0010886199583506418,0.0011674460489302873,0.0011084711572983197,0.001246785230562091
814,0.0010888206568132673,0.001209019748494029,0.001107934755211075,0.00124321422688663
815,0.0011189786106761959,0.0011941423057578505,0.0011085034865885972,0.0012390095001086595
816,0.001162431782318486,0.0011833258019760251,0.0011092684295235407,0.0012292544283904136
817,0.0011011488577868376,0.0012095330725423992,0.0011062061871195004,0.0012252359477803113
818,0.0011130721965390774,0.0011808500089682638,0.001104455260042515,0.0012214223878458145
819,0.0010715612228442398,0.0012018847186118363,0.0011052888478876813,0.0012223302018828694
820,0.001138884566931261,0.001495402897708118,0.001105986372484929,0.0012234755998477343
821,0.0011291246250685718,0.00126717999111861,0.0011073432399373918,0.0012320574017241597
822,0.0011077345066910816,0.0012437105178833008,0.0011067081485357552,0.0012303776325657963
823,0.0010797774113921656,0.0012220732448622585,0.0011069669115460583,0.0012301015163771808
824,0.0011122772713295288,0.0012237546779215337,0.0011080742493064868,0.001230023182462901
825,0.001102209647393061,0.0012296295538544654,0.0011087389055329066,0.001226238629873842
826,0.0011051298160519865,0.0012695206189528108,0.0011076716500230963,0.0012302517923526467
827,0.0011202934798267153,0.0012789331236854197,0.0011086768608436818,0.001229986554849893
828,0.0011234288341883155,0.001166264342609793,0.0011078263678587974,0.0012348552709445357
829,0.0011238047876395284,0.0012166500487364828,0.0011053287414833904,0.0012349374822340903
830,0.001064616510282374,0.0012025814456865193,0.0011058485691021714,0.001238800110667944
831,0.0011027088631979294,0.0011931104934774339,0.001106077227399995,0.0012402739581651985
832,0.0011323065522851215,0.0012010918930172921,0.0011080883451789205,0.0012446979158557952
833,0.0011161317686653799,0.0013857925310730933,0.0011062043324888996,0.001231612936593592
834,0.001095689261953036,0.001211931654252112,0.0011050278024282306,0.001227461735345423
835,0.0010970632111032804,0.0011658330890350044,0.001103231300584351,0.0012269181212410329
836,0.0011235796274720795,0.0011679562367498874,0.0011030701932859502,0.0012256668233312665
837,0.0010990786115224992,0.0011683476809412241,0.0011021469480927205,0.0012242081156931817
838,0.001061938570605384,0.001267775110900402,0.0011019799046063175,0.001222204776946455
839,0.0011139509273279044,0.0012023888109251857,0.001102341394483422,0.0012286732361651957
840,0.001097716286054088,0.0013158602081239223,0.0011014862007720184,0.001224968255031854
841,0.0010999911229333116,0.001185381084214896,0.001101096025518038,0.0012245045829564333
842,0.0011141445482563642,0.0013060987833887338,0.001100279905258988,0.001224790229741484
843,0.0011187886539846658,0.001217696196399629,0.0011012791545389011,0.0012227975230664015
844,0.0011218391673173756,0.001312483660876751,0.001100070939042295,0.0012221881742589175
845,0.0010917842496807376,0.0011682784161530435,0.0011016240209703232,0.0012213458924554288
846,0.0010997113735518522,0.0011633999599143863,0.0011007553207222373,0.0012129623389802871
847,0.001062821960594091,0.0012301201652735471,0.0011009456367801046,0.0012117388418875635
848,0.0010757497289321488,0.0011907907971180976,0.0011007253217252177,0.0012126657215878367
849,0.0010891961414987842,0.0011872869869694114,0.0010990329769181295,0.0012142816025763749
850,0.0010980335602329837,0.0011795460851863027,0.0010998672637208883,0.0012162457909435037
851,0.0011141670629796054,0.0014312320994213223,0.0011006794151694824,0.0012155573837459089
852,0.0010989136370416317,0.0011863085953518749,0.0011007036473860757,0.001213810207229108
853,0.0011136744528387984,0.0011546725407242775,0.0010995320079072069,0.0012128840378485622
854,0.0011034017811632818,0.0012237912183627486,0.0010992266731284974,0.0012122074116021396
855,0.0010895977422801986,0.0011527637788094581,0.0010988667921732283,0.0012069131357595325
856,0.001072503475782772,0.001177876773290336,0.0010981838960045327,0.0012054292233660818
857,0.0011711336004858216,0.0011800348479300738,0.0010980057457772392,0.001199818758480251
858,0.001094414262463235,0.0011762036941945554,0.0010977940503197415,0.0012085073732770978
859,0.0011004471633997228,0.0011813442269340158,0.0010982851640735237,0.00120921216532588
860,0.0010915553347311086,0.0011890050815418364,0.0011000552342687218,0.0012076589034870266
861,0.0010812710072948702,0.0012083532614633441,0.001102261031470779,0.0012090046967379747
862,0.0011199357815914685,0.0012174523901194334,0.0011029566718782817,0.0012088843208737671
863,0.001082242356820239,0.001250564930960536,0.0011026440860393148,0.0012101684905588628
864,0.0011145567327427368,0.0011587093980051576,0.001101721474549009,0.0012048714650794864
865,0.0010684252990823652,0.001292705973610282,0.0011010157769959835,0.0012062492729164663
866,0.001092357753465573,0.0011684654280543327,0.001101803771737549,0.0012067511269822718
867,0.0011051475243746406,0.0011737418873235582,0.0011017630814367698,0.001206104590278119
868,0.001101716249767277,0.0011805983865633607,0.001101872919437786,0.00120600679256022
869,0.0011173854116350412,0.001172222038730979,0.0011017290389579205,0.0012125578541308643
870,0.0010864918632432817,0.0013854937860742211,0.0010980002722599444,0.0012119307085871698
871,0.0011119892173964117,0.001181019761133939,0.0010981660512379475,0.0012119567051529884
872,0.0011070737154740427,0.0011912886193022132,0.0010971989837889043,0.0012154879245907066
873,0.0011308946589835816,0.0012244356283918024,0.001097913925960246,0.0012144682445563374
874,0.0011065871516863506,0.0011842775903642177,0.0010983063996459048,0.001225247775297612
875,0.0010902189142588112,0.0012116503273136914,0.0010968998389525547,0.001225376574229449
876,0.0010911017757219573,0.0012988064624369145,0.0010968216226332718,0.0012217118110507727
877,0.0010812711982159978,0.0012207537912763656,0.0010956093764501727,0.0012236180015839635
878,0.0011333743213779396,0.0011672188923694193,0.0010969656771204124,0.0012236436385661363
879,0.0011023845236438016,0.001207627800758928,0.0010961983261785159,0.0012233877887949346
880,0.0010923436923056013,0.001150318835861981,0.001095473155218901,0.0012225106119178237
881,0.0010689064637861318,0.0013416533125564455,0.0010951224350732648,0.0012372783333994448
882,0.0010779144330364135,0.0011643562093377113,0.0010955589803194419,0.0012376996639184654
883,0.00109855873691332,0.001176853608340025,0.0010948859406686906,0.001228867772500962
884,0.0010762704771736429,0.0012696247128769756,0.001094995417368288,0.0012322054266929625
885,0.0011094288890146546,0.0011635130806826055,0.0010943675691106667,0.0012336952846497297
886,0.001091082849436336,0.001477841529995203,0.0010939630959338198,0.0012314428316429254
887,0.0010847717642577157,0.0012206723634153604,0.0010925047401700997,0.0012310303176753222
888,0.0010802869488381677,0.001158945851493627,0.0010923573666096976,0.0012311595706269143
889,0.0010842505781652613,0.0012063641613349319,0.0010911798796254316,0.0012266747894696891
890,0.0011023328158383569,0.0012933468981646,0.0010918539807562612,0.0012257884136401115
891,0.001073173979918162,0.0011620691837742924,0.0010908228535153385,0.0012281218944117426
892,0.0010870182503842645,0.0011518124653957784,0.0010900674816065779,0.0012268406900577248
893,0.0010929482461263737,0.0015497914236038924,0.0010894630764145409,0.0012293927765451372
894,0.0011282990427894724,0.0011827553017064929,0.0010908251150459466,0.0012221404344774783
895,0.0010696658719744948,0.0011646965006366372,0.0010911040478334246,0.0012286790150217715
896,0.0011147261348863442,0.0012644611159339546,0.0010909311956053395,0.001229287343006581
897,0.0010913775090335145,0.0012285350682213903,0.001091212706345444,0.0012258571263402702
898,0.001120782829562409,0.0011681243032217025,0.0010906803878696842,0.0012259211626835169
899,0.0010701282575933469,0.0011739647411741316,0.0010903143573397149,0.0012127868376672266
900,0.001086534575248758,0.0012148816511034965,0.0010892788379815305,0.0012097704905085264
901,0.0010616646011153029,0.0011866869335062803,0.001090334551765894,0.0012135470796376462
902,0.0010981237264867459,0.0011985943955369295,0.0010912104976880885,0.001213788479194045
903,0.0011075961403548718,0.0012255559116601943,0.0010903010526568527,0.0012091258790343999
904,0.0010835002259247833,0.0011755976919084787,0.0010909543364929658,0.0012087589542381465
905,0.0010772335625046658,0.0012141209980472923,0.0010907545701600613,0.001210641406197101
906,0.0011029574295712843,0.001160344760864973,0.0010898349483911363,0.001196615839470178
907,0.0010848877527233627,0.0013278207229450345,0.0010873419182375076,0.0011975796711631123
908,0.00109423743121119,0.001192061807960272,0.0010890909284146297,0.0011970205237157644
909,0.0010833082456762591,0.0011838692962192,0.0010878591430787414,0.0011924268590286376
910,0.0010961209271206625,0.001165113989263773,0.001087983062480473,0.0011934866935946046
911,0.0010819320861871044,0.0011494834045879543,0.001086531933417751,0.0011926062248647212
912,0.0010588837803031008,0.0011452636844478548,0.0010864862091425392,0.0011987190232612193
913,0.001106679793447256,0.0012533605797216297,0.0010882312328037288,0.0011960536425933241
914,0.0011061492262201176,0.0012123991502448917,0.0010889511071042054,0.0011969646462239327
915,0.0010795966900574664,0.0011767818941734731,0.0010883136355939011,0.001199126568622887
916,0.001089506075820989,0.0011528960638679563,0.0010884346360340714,0.001201157573517412
917,0.0010820240920616521,0.0011988737643696369,0.0010884134251727825,0.0011998056903481484
918,0.0010699577019032504,0.0011991522554308175,0.0010884472037665546,0.0011966423786245288
919,0.0010659732889487512,0.001206851094029844,0.001086412993176944,0.0011955770544707777
920,0.0011133911264025504,0.0011507178144529462,0.0010871981429350047,0.0011880242583341897
921,0.0010839315014891326,0.001149619498755783,0.0010867304323241114,0.0011859393557533623
922,0.0010944754940768082,0.0012550309323705732,0.0010856726101910073,0.0011860303692519667
923,0.0010845046029943559,0.0011461125849746168,0.001084902127356165,0.0011883042303845286
924,0.0010689851507130596,0.0013267847010865808,0.001084796020274775,0.0011888088627718387
925,0.0011301601667784982,0.0011482471344061195,0.0010874426270110738,0.0011913028415292503
926,0.0010796614586272174,0.0012094620242714882,0.0010870893649446468,0.0011897277601063253
927,0.0010821869387291371,0.001252642455510795,0.0010858447606727068,0.0011879439490847293
928,0.001110621151359131,0.0012763310340233147,0.0010858964189628347,0.001186645808257163
929,0.0010829699543925624,0.0011418006126768887,0.0010848753196135577,0.001187371147889644
930,0.0010780780273489654,0.0011350382049567997,0.0010853925316335839,0.0011989987052977086
931,0.0010521021648310124,0.0011337116570211947,0.0010861453383902294,0.0011986597316339612
932,0.001104516496674882,0.001139000819530338,0.001087450838694349,0.0011962778310291467
933,0.0010825446659388641,0.0011399392434395849,0.001086082944755132,0.001195929188840091
934,0.001056862692348659,0.0011861446336843074,0.0010861366454977543,0.0011957170333713294
935,0.0010768588562496007,0.001221960517577827,0.0010845738283927658,0.001191936404630542
936,0.0010792794091523522,0.001162099214270711,0.0010857469720817689,0.0011919575670734047
937,0.0011250489487105773,0.0012076131533831358,0.0010861197318519568,0.0011867717286571863
938,0.001097848241786576,0.0012139835441485048,0.0010829875737273446,0.0011875200597569347
939,0.0010750341194216161,0.0011678038747049869,0.0010827178048228637,0.0011965289283543826
940,0.0010808881473106642,0.0011443283734843136,0.0010832857268707205,0.0011914803152903914
941,0.001063978592089067,0.0011710295546799897,0.0010822266398670358,0.0011856932994909585
942,0.00109495439256231,0.0014895626995712519,0.001081288728950959,0.0011882835092954338
943,0.0010887778708193864,0.0011906779138371349,0.001081357507330055,0.0011897346161305904
944,0.0010986107965517376,0.0011473035789094864,0.0010812106730157718,0.0011923118252307177
945,0.0010791937779221269,0.0011420017597265541,0.0010796823058018667,0.0011927377421408892
946,0.001085274020054688,0.0011443156120367348,0.0010785805575911783,0.0011984632366336882
947,0.0010554050664520927,0.0011605152138508856,0.0010799216863750997,0.0011996884719468652
948,0.0011138331952194372,0.0011466416460461915,0.001081865349944888,0.0011996040143072606
949,0.0010783041449677613,0.0011971387406811119,0.0010805187095525779,0.0012075217755511403
950,0.0010518562136631873,0.0011669554118998349,0.001078680801500256,0.001205712455417961
951,0.0010729172360152007,0.001434683739207685,0.001080234276705111,0.0012097695463337004
952,0.0010963849899255566,0.0011264271289110183,0.0010805583471018409,0.0012113209827803071
953,0.0010841439762670133,0.0011316556390374899,0.0010816127286189135,0.0012107870862819252
954,0.001059522181490643,0.0012065558577887714,0.0010820374981086289,0.001210400212090462
955,0.0010797974868263635,0.0011713158758357167,0.0010814098938989145,0.0011972305206581948
956,0.0010484313069739275,0.0011981418845243752,0.0010809633001374703,0.001196445047017187
957,0.0010663073163272607,0.0011496487422846258,0.0010799935659600631,0.0012009598692879083
958,0.0010550009606716533,0.001283076605759561,0.0010792550993358927,0.0012004205433651808
959,0.001090390911946694,0.001216775516513735,0.001078250538226631,0.0012032955359667541
960,0.001125450445494304,0.0012198490765877067,0.001079202656665196,0.0012019254758954049
961,0.0010456133993445998,0.0013600432453677058,0.0010769284037769667,0.0012017496390268206
962,0.0010791012474025289,0.0011623801500536502,0.0010767600698707005,0.0012019739621318877
963,0.001136685121907956,0.0013154108170419932,0.0010773728582283688,0.0012025180437602104
964,0.0010831358793398573,0.0012065897858701646,0.0010763044889395433,0.0011913396019488573
965,0.0011072476852374772,0.0011309809610247613,0.0010772091852501034,0.0011955093760043383
966,0.0010745978293319543,0.001161357699893415,0.001075990536943492,0.001197226285468787
967,0.0010792642873194483,0.0011603204137645663,0.0010759761507208978,0.0011980037000030282
968,0.0010776130267832842,0.0011710410728119314,0.001075257007156809,0.0011985278708860282
969,0.0010743674421165553,0.0012601741356775165,0.0010760850567784576,0.001197716173809022
970,0.0010607321123178633,0.0011285186116583646,0.001076330969037695,0.0012070356644690039
971,0.0010601599923231535,0.0012161904270760716,0.0010777583611715168,0.00120320738023147
972,0.0010792080274162194,0.001126263712067157,0.0010766596486998926,0.0012014613201841713
973,0.0010569768730137083,0.0011422457243315876,0.0010729873444885014,0.0011985340702347458
974,0.0010740957973111008,0.0012027468183077872,0.0010745050683928033,0.001189021378196776
975,0.0010671759226048986,0.0011805574526079,0.0010742811548109684,0.0011876502928324043
976,0.0010462080037945674,0.0011552226939238609,0.0010708617450565928,0.0011853427450172602
977,0.0011190023976895545,0.0012306714802980422,0.0010713763497045474,0.0011825880467891692
978,0.0010536777686017255,0.0011745783756487071,0.0010687987579653662,0.0011902802799828353
979,0.0010591625259257853,0.0012259912211447955,0.0010682726892539197,0.001196177572850138
980,0.0010618188977241517,0.001184420147910714,0.0010684349144601988,0.0011971558893099428
981,0.0010691325475151341,0.0011778494575992227,0.0010686772079310485,0.0011961896868422628
982,0.0010724551228082015,0.001382636008784175,0.0010678932767464885,0.0011930556193925441
983,0.0010906857640172044,0.0011873694998212159,0.001068736716835863,0.0011995158622972667
984,0.0010629231001560886,0.0011731240153312684,0.0010698758527429568,0.0011983446340076626
985,0.0010336428402095204,0.0011466678278520704,0.0010707325775590206,0.0012088819498196246
986,0.001083556496952143,0.0011222259444184602,0.001073960481221891,0.0012122419310733677
987,0.0010735034078566564,0.0011281030159443616,0.0010723650926310153,0.001209322052821517
988,0.0010511998780485656,0.0012577221216633916,0.0010710350887953406,0.001207554112188518
989,0.0010960009955387148,0.0011377223301678896,0.0010724454303065107,0.0012108792170882224
990,0.0010428078917579517,0.0013232867908664048,0.0010698042101330225,0.0012076580967754125
991,0.0010614461115457945,0.0013087900215759873,0.0010698847209517327,0.0012119367298670115
992,0.0010833199174764255,0.0011847783252596856,0.0010708117799936897,0.0012106679252348843
993,0.001083670363554524,0.001146886011119932,0.0010732706174978778,0.0012078103169798854
994,0.0010547691625025536,0.0011818224494345485,0.0010724899468995217,0.0012056750432588163
995,0.001081818114552233,0.0012900246842764318,0.00107258516009897,0.00119564912263304
996,0.0010886383900004957,0.0011869097198359668,0.0010711730475020079,0.0012018668091855944
997,0.0011006261478178202,0.0013896966073662044,0.0010722212146036325,0.001204121189750731
998,0.0011376744645854664,0.0012262452556751667,0.0010727033175735009,0.0012036805687472224
999,0.0010342110825392107,0.001129749862011522,0.0010721716405616866,0.0012043880553916095
1000,0.001033925826713029,0.0011363589367829263,0.0010726391717170674,0.001204175737220794
1001,0.001081466541573819,0.0012383503164164723,0.0010732125051940479,0.0012017758919857441
1002,0.001052971893352353,0.0011501434724777936,0.0010719160495946804,0.0012083701912313698
1003,0.0010556905390694737,0.001281544202938676,0.0010723113103355798,0.0012077459190040826
1004,0.0010823390019747117,0.0011942711053416133,0.0010721079791689084,0.0012013571373187006
1005,0.001123289835328857,0.0011129799415357411,0.0010706959460034138,0.0011985282326117158
1006,0.0010496157825562276,0.0011244676145724952,0.001069516030419618,0.0011979014163836837
1007,0.0010748354527944078,0.0011319879931397736,0.0010699045326250296,0.0011956810430623593
1008,0.0010553829490931497,0.001342811663635075,0.0010696737115788793,0.0011889097292907536
1009,0.001089127277696712,0.001229483529459685,0.0010690045846419203,0.0011928545171394946
1010,0.0010456954144562284,0.0011356523027643561,0.0010663594918325543,0.001182371248304844
1011,0.0010702645716567833,0.0011399131105281413,0.0010638845419097278,0.0011778217622078957
1012,0.0010851916867411799,0.001122795061673969,0.0010664581283771743,0.0011778892085887495
1013,0.0010655332149730789,0.0011977259907871485,0.001067479689248527,0.0011774805500172083
1014,0.0010635896055545245,0.001302579811308533,0.00106714485685548,0.0011839472319930793
1015,0.0010526894102804362,0.0013076799851842224,0.001066963206588601,0.001185343156196177
1016,0.00105636283237901,0.0011490704794414341,0.0010668716743019305,0.0011793960658833384
1017,0.0010480190883390605,0.0011140557075850666,0.0010669140332430188,0.0011785917175002394
1018,0.0010541724739596247,0.0011312156054191292,0.0010643010159799209,0.00118283720286563
1019,0.0010644817176378436,0.001126313116401434,0.001063340247515589,0.001186744397226721
1020,0.001076047588398473,0.0011207418399862945,0.001063787828784229,0.0011950044821947812
1021,0.0010719102165765233,0.0012855294160544872,0.0010645552986663662,0.0011866667681373658
1022,0.001034498827583674,0.0011276148864999413,0.0010645873053258075,0.0011842323812656106
1023,0.0010758007165148026,0.0011125081032514572,0.0010646399469890942,0.0011869312768802048
1024,0.0010985507442253745,0.0011314360215328634,0.0010658036619735258,0.001186176248639822
1025,0.0010594648484968476,0.0011261424724943936,0.0010637130336939458,0.0011985783468000592
1026,0.001073095731747647,0.0014000173658132553,0.0010639702559138335,0.0011973243202082814
1027,0.0010484306366803746,0.0011850415775552393,0.0010631267064871888,0.001189919608552009
1028,0.0010534022319027118,0.0011328669451177121,0.001062260766958611,0.0011838954180479052
1029,0.0010833979755019148,0.0011741623957641422,0.0010622483633665576,0.001187648181244731
1030,0.0010579644037514097,0.0012191170756705105,0.0010625507288922868,0.0011912438999861477
1031,0.0010255965709479319,0.0012221474735997617,0.0010628372350086769,0.0011907301356084644
1032,0.0010860249845104084,0.00133849011734128,0.00106203802610851,0.0011921664893627165
1033,0.001074569696146581,0.001134368812199682,0.0010611864927017856,0.001192268399428576
1034,0.0010899274441827503,0.001168623857665807,0.0010605523211571076,0.0011877106400206684
1035,0.001047011456038389,0.0012031246931292117,0.0010611991417076852,0.0011877767233178021
1036,0.00109935744626758,0.0011210374045185745,0.0010596210233556728,0.001195921511668712
1037,0.0010329259797516796,0.0014328475156798958,0.0010602953735790732,0.0011949443145655096
1038,0.0010719637704702716,0.0011663753259927034,0.001060035173351773,0.0011987401099875568
1039,0.0010425008698883983,0.0011174620199017227,0.0010596697098627273,0.0011887020316906274
1040,0.0010310409220659897,0.001157075222581625,0.0010608113483784513,0.0011905000247992576
1041,0.0010560527425776754,0.0012428895593620836,0.0010612224717572744,0.0011900327417999506
1042,0.0010555782264822888,0.00120394867612049,0.001060103590812327,0.0011874068280681967
1043,0.0010613351268693805,0.001118371495977044,0.0010608770066199617,0.0011864232810214162
1044,0.0010445014951336715,0.0011622219602577387,0.001061714252886466,0.0011837948496453464
1045,0.0010547592532303598,0.0011232895916327833,0.0010620836413827621,0.0011800054079853
1046,0.0010560559279595811,0.0011715854308567942,0.0010606276826777806,0.0011816296570934359
1047,0.0010506693413481116,0.0011292669689282775,0.0010591016331635828,0.001193406232632697
1048,0.00103634775771449,0.001316127812024206,0.0010606895852368324,0.0011930805376730862
1049,0.0011154094998103877,0.0011070060939528047,0.0010585087706438368,0.0011926252234727146
1050,0.0010529598428143396,0.001221037358045578,0.0010597880301997065,0.0011796376253478229
1051,0.0010639591445215047,0.0011490654083900153,0.0010593576518715256,0.0011774077055975796
1052,0.0010769715995734765,0.0012299914052709938,0.0010597825094022684,0.001176777250505984
1053,0.001063680316373292,0.001121184870135039,0.0010632421160841157,0.0011748144529759887
1054,0.0010554259518782297,0.0011085145524702966,0.001062358306017187,0.0011720232155174018
1055,0.0010772997989422744,0.001194528399500996,0.001062413111339427,0.001168437913991511
1056,0.0010465277276105352,0.001156436689198017,0.0010615899578047296,0.0011807346958667042
1057,0.0010952596969178152,0.0012437540758401156,0.001062633214120029,0.001179753719083965
1058,0.0010381707285220425,0.0011749750399030745,0.001062853011638961,0.0011799858206883072
1059,0.0010517762063278091,0.0014630382461473346,0.0010650937113341771,0.0011770808855071663
1060,0.0010867102578696278,0.0011949823191389443,0.0010653673808452566,0.0011769154580309985
1061,0.0010448370814426905,0.0011096545495092869,0.0010662359816177435,0.0011697698808275162
1062,0.0010649074686484203,0.001108157562557608,0.0010640379610212724,0.0011722025918774305
1063,0.0010612043122657472,0.0011106273322366179,0.001064319784468454,0.0011697321841493248
1064,0.0010531223081569705,0.0011017006426118315,0.001063923724125036,0.0011686764016747473
1065,0.0011175310891121627,0.001108005284331739,0.001062519516563043,0.0011654367200098934
1066,0.0010339574909044636,0.0011731086228974163,0.0010626509155095038,0.001165969786886126
1067,0.0010569483595382835,0.0011143161379732192,0.001061839214965908,0.0011662975777871907
1068,0.0010407562885019514,0.0014257910428568722,0.001061731765445115,0.0011673444150015714
1069,0.0010705829030161517,0.0011376975406892599,0.0010635476016180798,0.0011708425456658008
1070,0.0010602541912036639,0.001129092131741345,0.001061761212654205,0.001168293799366802
1071,0.0011120734203399884,0.0010989620513282717,0.0010611273449690393,0.0011693106312304735
1072,0.0010575110791251063,0.0011251312820240854,0.001060744218160916,0.0011573338911868628
1073,0.0010580627770266598,0.0011374883819371463,0.001061329269124609,0.001159480017144233
1074,0.0010604589848986102,0.0011678238702006638,0.0010632350095754696,0.001164725491963327
1075,0.0010600054289938675,0.0011592771648429334,0.0010617072307711672,0.0011646243166178465
1076,0.0010540576359360583,0.0011226708465255798,0.001061513416841626,0.0011658110429532827
1077,0.001041866410523653,0.0011489993636496366,0.001060891647574802,0.0011711890026926996
1078,0.0010669652900348106,0.0011345115420408546,0.0010582456918795489,0.0011716188886202873
1079,0.0010351334382883376,0.0011167093249969185,0.0010588888306325922,0.0011702690314501524
1080,0.0010746135609224438,0.0012206993298605085,0.0010594858948710477,0.0011712164714932443
1081,0.001091923631934656,0.0012438899558037519,0.0010590213293468374,0.0011601980639621616
1082,0.0010505999728209442,0.0011800354183651508,0.0010600846889428795,0.0011612956576049329
1083,0.0010223240363929006,0.0012003958364948631,0.0010591164066663216,0.001160191841609776
1084,0.0010421980361247228,0.0011636197450570762,0.001056432292320662,0.001163134861458093
1085,0.0011013365319619576,0.0012486354680731893,0.0010552272613677713,0.0011625511557795106
1086,0.0010924805927142087,0.0012407914199866355,0.0010548262373958196,0.0011616703348234295
1087,0.001026712998540865,0.0011056281789205969,0.0010539572627180152,0.0011589187580160797
1088,0.001056358964027216,0.0011402954906225204,0.0010524890391880439,0.0011596435301937165
1089,0.0010375780764863723,0.0012361496360972523,0.001053228746126923,0.001158753265719861
1090,0.0010513821967308306,0.0011187524325214327,0.001053836747000201,0.0011575671993196012
1091,0.0010500359597305456,0.0011393621936440469,0.001052418883036201,0.001157938605733216
1092,0.0010718749654996726,0.0011380021390505134,0.0010538059939785552,0.0011589199885725975
1093,0.0010291421503966882,0.0011503308545798064,0.001053413866237841,0.0011553951237350702
1094,0.0010971668929172058,0.001165137381758541,0.0010518044511632373,0.0011513805071823298
1095,0.001036047134289725,0.001101496731862426,0.0010530550728293341,0.001151674844045192
1096,0.001044970561698493,0.0011725375475361943,0.0010533034596954369,0.0011519011122174561
1097,0.0010273853053028386,0.0011105386400595307,0.001054424519986949,0.0011495221638120712
1098,0.0010480371777278682,0.0011154678580351173,0.0010514177803622766,0.0011439362559467555
1099,0.001038734617953499,0.0010990344500169157,0.0010493176397970982,0.0011458232466131449
1100,0.0010232998407445847,0.001177396469283849,0.0010497290123874944,0.00114634964466095
1101,0.0010725503094080422,0.0011004142346791924,0.0010505091381569703,0.0011468227687291802
1102,0.0010570664323555927,0.0011193477036431432,0.001050918159323434,0.0011412375834770501
1103,0.0010315186909348186,0.0011437967023812234,0.0010518486484109113,0.001142266758158803
1104,0.0010698112118471827,0.0011412438959814608,0.0010511673590013137,0.0011418583677150309
1105,0.0010648103674045868,0.0011325777089223265,0.0010495846499223264,0.0011494509392417965
1106,0.0010516882550695703,0.0011435245419852435,0.0010501045778135043,0.0011490301609039305
1107,0.0010818655144733686,0.0011873938399367034,0.0010486511004519545,0.0011477995557710528
1108,0.001028533708045466,0.0012060525408014655,0.0010499623655703745,0.0011497686590068044
1109,0.0010702245434125264,0.0011041460349224509,0.001050153649148221,0.0011594933456741275
1110,0.0010261680413451459,0.0011089877714402974,0.001052784708271631,0.0011597687277942897
1111,0.001039977078584747,0.0012879661866463722,0.001052134219655353,0.0011586490408517422
1112,0.0010369973133007686,0.0011187881301157176,0.001051486793362225,0.0011594194928184153
1113,0.0010758621082641185,0.0011521235923282803,0.0010521882034786462,0.0011579331140965225
1114,0.0010478036056479647,0.0010965200047940015,0.0010513446998627236,0.0011769929471425714
1115,0.0010746444239177638,0.0011444817995652557,0.0010510664254375216,0.001187124458514154
1116,0.0010330037244906027,0.0011291524325497447,0.0010536896311677992,0.0011873838542029265
1117,0.0010323072385249865,0.001327816427219659,0.0010537626699027088,0.0011874650081619622
1118,0.0010421403476761448,0.0011398113961331546,0.00105328792506415,0.0011863457049243154
1119,0.0010608299588784577,0.0011343722534365953,0.001052017953267528,0.001184089334961027
1120,0.001068828762250228,0.0011507243127562106,0.0010509737559283772,0.0011813295700587331
1121,0.001049752651144647,0.0014156547142192722,0.0010510024404360187,0.0011810016241855918
1122,0.0010931617833880914,0.001117423193063587,0.0010503587196581065,0.0011885775378905235
1123,0.0010317749623209237,0.0010874756844714284,0.0010529436305061809,0.0011919750665314495
1124,0.0010225489606252975,0.0011182957491837442,0.0010538686907746726,0.0011873852474614977
1125,0.0010408350936551062,0.0011402370012365281,0.0010550677505425281,0.0011870944253168998
1126,0.0010514627190099822,0.0015769100608304142,0.001054479735158384,0.001187022329773754
1127,0.001050109571725544,0.001372635487932712,0.001053377337464028,0.0011866408263333141
1128,0.0010970988341917594,0.0011502815946005285,0.0010509201148938803,0.0011841674883849916
1129,0.0010716371802199217,0.0011432727449573576,0.0010511974121754368,0.0011835787461139259
1130,0.0010529417464406126,0.0011045951279811562,0.0010513849574969045,0.0011752600648440418
1131,0.0010199389601540235,0.0010871152929030359,0.001050889433785859,0.0011729558079503473
1132,0.0010557605809946027,0.0011183997173793614,0.0010495238667767909,0.0011713558002375065
1133,0.0010292508207365044,0.0011978538939729332,0.0010494254348799587,0.0011689843636937438
1134,0.0010541315239647197,0.0012935438775457443,0.0010482840337738808,0.001157248869538307
1135,0.001090790812547008,0.0011939259874634445,0.00104560044507703,0.0011580408688634633
1136,0.001063103585297035,0.0011732207098975778,0.0010455673468661392,0.0011639823788776992
1137,0.001066973807497157,0.0011115175765007734,0.0010455009371921834,0.0011627610834315418
1138,0.001061161723660512,0.001150321203749627,0.0010454093043226749,0.0011611718740314244
1139,0.0010202436632890668,0.0010869824187830091,0.0010451910697803315,0.0011449160335585474
1140,0.0010132138596640693,0.0010826483508571982,0.0010457064183377145,0.0011347628525458277
1141,0.0010399361565295194,0.001114433875773102,0.0010427885525187272,0.0011323636741377412
1142,0.0010369958715616828,0.0011198493954725564,0.0010409432576503606,0.00113284512469545
1143,0.001029752254900005,0.0010822049737907946,0.001040148895021735,0.001145779164880514
1144,0.0010266907836517527,0.0010943720606155693,0.0010406009586579684,0.0011505019950680433
1145,0.0010663679648294218,0.0010914383991621436,0.0010406924572928496,0.0011518009055405854
1146,0.0010212176234927028,0.0011222673603333534,0.0010410777608191384,0.0011477371339686216
1147,0.0010260720659668247,0.0011372231761924922,0.0010390664872247724,0.0011403483700007202
1148,0.0010309475070486467,0.0012360134348273278,0.0010362801093142479,0.0011367368351668122
1149,0.001020888718776405,0.0010877633630298079,0.0010352408114820718,0.001134906258992851
1150,0.0010385442719173929,0.0011005067662335933,0.0010339875726857119,0.0011352011221461
1151,0.0010460068554513985,0.0011705140490084886,0.0010328618941725127,0.0011324727133847775
1152,0.0010629932856601146,0.001118805962614715,0.0010348685224954451,0.0011320768103003503
1153,0.001024152188717077,0.001090302134398371,0.0010348297530578243,0.0011420814307406548
1154,0.0010255048085107573,0.0011553090089000762,0.0010351385111196175,0.0011453720673918727
1155,0.0010330826807249751,0.0014279461326077581,0.0010340306132824886,0.0011445955101400617
1156,0.0010312405510598587,0.001205186047591269,0.0010349451104799906,0.0011513100496493283
1157,0.0010580480468666388,0.0011508724791929126,0.0010369629263463948,0.0011530286464840175
1158,0.0010388834088937277,0.0010962596046738327,0.001036170515552577,0.001155514611117542
1159,0.0010038496841055652,0.0011088247783482075,0.0010359256941980372,0.0011551622189581395
1160,0.001021131364783893,0.0011036376166157424,0.0010360142740886656,0.0011582167037762702
1161,0.0010371211394926325,0.0011274563055485487,0.0010363866357081051,0.001154514797683805
1162,0.001035642837588158,0.001118889155331999,0.001037002225039113,0.0011629385795444247
1163,0.001033019760830535,0.0010821109847165644,0.0010368797660236142,0.001169478013180196
1164,0.0010704093713623782,0.001077084841672331,0.0010357384968600752,0.0011666860787197947
1165,0.0010122446237235433,0.0013327638618648053,0.001033620936408018,0.0011666470888070763
1166,0.0010476551080743472,0.0011966997920535504,0.0010341810228354815,0.0011675373102538289
1167,0.0010092984256334604,0.0011004354641772807,0.0010349842188621147,0.0011666417957283558
1168,0.0010526146848375598,0.00125006846152246,0.0010373168830501123,0.0011619109090417624
1169,0.0010771361803118553,0.0011373369814828037,0.0010369212137379996,0.0011567617491818965
1170,0.001046557694983979,0.001153587515000254,0.0010362777497567653,0.001154309917241335
1171,0.0010150970896292064,0.001113457556348294,0.0010390064045424678,0.001158143302798271
1172,0.0010282865632325411,0.0012135852966457606,0.0010412900640887934,0.0011644221358001231
1173,0.0010402565475346314,0.0011434657825157046,0.0010410650638708223,0.0011675224781036379
1174,0.0010362784520515965,0.0012983579095453023,0.0010415446529889272,0.001168006502557546
1175,0.001035482796529929,0.0012639926071278751,0.0010421738625607559,0.001167714042682201
1176,0.001017475126362923,0.0011007156874984503,0.0010420454408352573,0.0011676151427440348
1177,0.0010100542743586832,0.0011178312147967517,0.0010397990417666733,0.001170006156153977
1178,0.0010381543494036628,0.0011125576705671846,0.0010411755685073635,0.0011636107435449958
1179,0.0010455847091765868,0.001132921145763248,0.001040855431660182,0.0011588920439593493
1180,0.0010913992854249147,0.0013096739654429256,0.0010407478442312115,0.0011581153853796422
1181,0.001021348818257037,0.0010764570510946214,0.001039783030644887,0.001151574590522796
1182,0.0010419614473357796,0.0010895766806788742,0.0010373683648183943,0.001153141809906811
1183,0.0011070997785362932,0.0011920942435972393,0.0010365358765237035,0.001154594889376313
1184,0.0010609411727637052,0.0012657956033945083,0.0010374981156343389,0.0011547950829379264
1185,0.001015506359334621,0.0011811461742036046,0.0010374625003379252,0.001150489382259548
1186,0.0010491108674452537,0.001139556916896254,0.0010364989113528281,0.0011503618805669249
1187,0.001051373076883869,0.0011115776584483684,0.0010370494038746175,0.0011414411623030902
1188,0.0010298092176930771,0.001079638486262411,0.0010362782374076132,0.0011345353355631232
1189,0.0010142493946477772,0.0011368601769208909,0.0010368323579637542,0.0011381899017840623
1190,0.0010466577922407952,0.001172878546640277,0.001038947538110531,0.0011388754032552243
1191,0.001039651686894811,0.0010787323024123907,0.001037622173440953,0.0011409157116897405
1192,0.0010066087399091986,0.001081018999684602,0.0010385015969164668,0.001140802068449557
1193,0.0010284943451794486,0.0010865485901013017,0.0010355793781061137,0.001132337429840118
1194,0.0010167695346495343,0.001176517466083169,0.0010365905094581347,0.0011320992572233083
1195,0.0010257454876167079,0.0011899145017378032,0.001035421450694816,0.0011323023137636487
1196,0.0010391530673950912,0.001118462395388633,0.0010314067521029048,0.0011293150564655665
1197,0.0010273961808222036,0.001105942779686302,0.0010304768851337335,0.0011284154469147327
1198,0.0010161668229072044,0.0011402782402001321,0.0010323319884586251,0.0011257580974139273
1199,0.00105004076509633,0.0010753399529494344,0.001032508273013971,0.0011233374792151154
1200,0.00101620363485482,0.0010913469386287034,0.0010313962282457701,0.0011237974065355957
1201,0.0010313281402664467,0.0011920798430219294,0.0010304318954598988,0.0011246533929370345
1202,0.0010629337780281073,0.0011349687515757978,0.00103041186900292,0.0011300311634317042
1203,0.0010050202326642142,0.0011635653814300894,0.001029202508051983,0.0011267727127298715
1204,0.001067570296064433,0.0011300800647586584,0.0010282309440740691,0.0011273468001745644
1205,0.0010183438151660893,0.0010980580002069474,0.0010296484628123128,0.0011269743922166526
1206,0.001046627102057553,0.0010705027356743813,0.0010301919305541862,0.0011284558203071356
1207,0.0010127349782528149,0.001094653094187379,0.0010306238813894903,0.0011243139349855485
1208,0.001006732313738515,0.0011174128111451865,0.0010311038894940995,0.0011231303210370244
1209,0.0010376944985344178,0.0012433053646236658,0.0010300041679034216,0.0011231104085221888
1210,0.001061883942456916,0.001114712436683476,0.0010299034191243765,0.0011240763407200575
1211,0.001053517981328898,0.0010790414619259536,0.0010320580603865284,0.0011223140712827448
1212,0.0010235719576788445,0.001123075841460377,0.0010300305367964837,0.0011226806029677394
1213,0.0010057008980462949,0.0011010381462983787,0.0010308771689215466,0.0011293898057192567
1214,0.0010137487332233124,0.0012713044392876328,0.0010303664946152518,0.0011264432176016274
1215,0.0010164237684673733,0.0010914172790944575,0.0010308853447540767,0.0011257164991460744
1216,0.0010153625874469677,0.001093084488529712,0.0010315939739967387,0.0011226728254929187
1217,0.0010420467083652814,0.0010717088007368147,0.0010302231007876495,0.0011212599859572949
1218,0.0010420810387262868,0.0011235842923633754,0.0010302485924007163,0.0011223701007664205
1219,0.0010275683055321375,0.001072970333043486,0.0010283822204814187,0.0011231298577971758
1220,0.001037745690231936,0.0011603241530247033,0.0010288731095898483,0.0011230103592388331
1221,0.0010116600276281436,0.0011179645825177432,0.0010291325239671601,0.0011216994700953364
1222,0.0010248774613460733,0.0011300910846330225,0.0010290399689123861,0.0011199871805496512
1223,0.0010700328544610076,0.001096221504267305,0.0010289279970599132,0.001120904312748462
1224,0.0009993526753452088,0.001084503245074302,0.0010286262513914456,0.001122211458813399
1225,0.0010373694379813968,0.0012590770074166358,0.0010290707573760301,0.0011226138707250356
1226,0.001018561282609072,0.001118415140081197,0.0010306781623357288,0.0011213795457035304
1227,0.0010759050314987286,0.0011168007901869715,0.0010314981256145984,0.0011141147373244168
1228,0.0010227359637307624,0.0010874735401012004,0.0010318618464128424,0.0011165387170389294
1229,0.0010332984658372071,0.0010947590763680636,0.0010328758958571898,0.0011174234204925598
1230,0.0010189811054927608,0.001125810870435089,0.0010330039390362797,0.0011191076903603971
1231,0.0009999678040751153,0.0010894966614432634,0.001031795704582085,0.0011209039173088967
1232,0.0010250072059635486,0.0010916656302288174,0.0010321809750360746,0.0011274188983254134
1233,0.0010132176731713115,0.0010846405825577676,0.0010313054849962807,0.0011244593348354102
1234,0.0010353806221650706,0.0012004981259815396,0.001031527495316954,0.0011235670959576964
1235,0.0010590846461450889,0.0011376407416537405,0.0010314373562992033,0.0011258242775686086
1236,0.0010459743396172092,0.0011117201135493816,0.0010318147976313614,0.0011290632462128997
1237,0.0010346846072934567,0.0011331361392512918,0.0010336621686247074,0.0011330308750271798
1238,0.0010458860220387577,0.001070180020760745,0.001033113866583962,0.0011261063404381275
1239,0.0010342478151950571,0.0010896842298097908,0.0010334930762803804,0.0011266643597744404
1240,0.0010255167884234753,0.0011520167719572783,0.0010305548591021862,0.0011254777860827741
1241,0.0010407138235556583,0.0011152020748704673,0.0010291574989962908,0.0011255306274630128
1242,0.0010452477878425271,0.0011138155474327504,0.0010298917000181975,0.0011248557540588081
1243,0.0010118751773714192,0.0011684899660758675,0.001030555328861293,0.001125377598684281
1244,0.001037200066881875,0.001235844858456403,0.001030613318396111,0.00112572653433308
1245,0.0010158584392370863,0.0010863350657746196,0.0010303887896032798,0.0011258072483353318
1246,0.0010172102856449783,0.0010956586105749012,0.0010299194307583901,0.0011252557057887316
1247,0.0010226239859023028,0.0011865206249058247,0.001027631224371079,0.0011236094491556287
1248,0.0010794688877649606,0.0011771957203745842,0.0010262806583609847,0.0011210596692748365
1249,0.0010455369501788582,0.0011836939654313028,0.0010261354851484714,0.001120092532970011
1250,0.0010236618869627517,0.0010859636426903308,0.001024599825989248,0.0011178795354440806
1251,0.0010280415250195397,0.0011323656234890223,0.0010244896238411052,0.0011236651998013257
1252,0.001002449602043877,0.0010871364478953183,0.0010241029054599091,0.0011250812321901324
1253,0.000987801961083379,0.0010887945746071636,0.001023752392988859,0.0011225938552059235
1254,0.001051653491384867,0.0010778872412629426,0.0010225943687009731,0.001126181921362877
1255,0.0010355718265701499,0.0011388569860719144,0.0010216507386959469,0.0011265737378969786
1256,0.0010014175424455768,0.0010982200526632368,0.0010224543477227498,0.0011305485034361481
1257,0.001019393986142758,0.0010936834802851082,0.0010220495569856012,0.0011250453002750872
1258,0.0010014837020490732,0.0010708520188927651,0.001024575186890757,0.0011242682746611535
1259,0.00097817546248229,0.0011593417101539672,0.00102467691736658,0.001123195881862193
1260,0.00102532049589273,0.0010738962446339428,0.0010241939867303396,0.0011287795217707751
1261,0.0010423450093043761,0.0010875417059287428,0.0010216212413972244,0.0011264339891262352
1262,0.0009962931283128758,0.0010778112011030317,0.0010203564188831177,0.0011213221445679664
1263,0.001043130968335188,0.001214821629691869,0.0010201326632742875,0.0011227724524214863
1264,0.0010245798556651506,0.0011250850395299495,0.001019854103259018,0.001122709681186825
1265,0.0010167539766472247,0.0010898323473520577,0.001020342022359061,0.001121451295632869
1266,0.001011763216358506,0.0012049037287943066,0.0010225889713736253,0.0011214573662728072
1267,0.0010216570377168763,0.0011236109607852996,0.001020236295236585,0.0011218683937564491
1268,0.0010319654030414918,0.0012678591045551001,0.0010199144742167037,0.0011217044370248916
1269,0.0010270802984531555,0.0010982647794298827,0.001020508255594824,0.0011220723335631194
1270,0.0010789991868659853,0.0010669094254262745,0.0010205561507726087,0.0011214532237499954
1271,0.0010197535475405554,0.0010688487906008958,0.0010202997971662422,0.0011210913428105417
1272,0.0010105507199962933,0.001326111622620374,0.001023936599267957,0.001122331267036498
1273,0.001015150254437079,0.0011185574042610824,0.0010238923015409252,0.0011245693443343045
1274,0.0010139163873261875,0.0010558978514745832,0.0010228035661883446,0.001123563017975539
1275,0.0010180679967419968,0.0011222213390283287,0.001023823714036391,0.0011245109977200628
1276,0.0010210775246378035,0.0011307963426224886,0.0010217286032909113,0.0011185641987249255
1277,0.0010146475795449483,0.0010556768090464175,0.0010205573254963383,0.00111733829267323
1278,0.001043975686447488,0.0010889463406056166,0.0010202851300205415,0.0011159422967582941
1279,0.0009928365879588656,0.0010881629283539952,0.0010207483843253512,0.0011126032755710187
1280,0.0010275263010731174,0.0011347580677829683,0.0010200083869975059,0.0011109545732848347
1281,0.0010162620768985815,0.0011074174661189317,0.0010186173560253033,0.0011053924174048008
1282,0.0010205913655873802,0.0010782057349570096,0.0010178456235935705,0.0011058627936057748
1283,0.000995074861889912,0.0010618049954064191,0.0010157157597908129,0.001106828119698912
1284,0.0010690955150251587,0.0011903398158028722,0.0010173785857908015,0.0011078826542943714
1285,0.001024213052716934,0.0011298481770791113,0.00101680429630085,0.0011073193740099667
1286,0.0010151266254898575,0.0010623835469596088,0.0010162509174137893,0.0011052681351080536
1287,0.001021796824514038,0.0011015106947161258,0.0010151773937098268,0.0011106076227501034
1288,0.0009907531996981966,0.0010661516548134387,0.001015355607882763,0.0011092757150530815
1289,0.0009952979108008245,0.0010944373882375658,0.0010142037113300628,0.0011080009119585155
1290,0.0010099490897523032,0.001054932449478656,0.0010141081370620266,0.0011112402112223208
1291,0.0010233445739787487,0.0011214281991124154,0.0010124806268451115,0.0011100752314552663
1292,0.0010031571045207481,0.0010823934036307036,0.001012766244014104,0.0011113842513412234
1293,0.0009971896287364265,0.001128805207554251,0.0010134437195232346,0.0011127185396850108
1294,0.0010077869876598318,0.0011100241844542325,0.0010139549942635414,0.001111522979196161
1295,0.0010257525917970471,0.0010910425777547062,0.001013419528496969,0.0011105722439475358
1296,0.0010613241975402667,0.0010952121554873883,0.0010140672509610239,0.0011123983192257581
1297,0.0009961934827475085,0.001312029615510255,0.0010116091659861722,0.0011138376836664972
1298,0.0010013157822605636,0.0010672764317132533,0.001011592212976474,0.0011273981101810934
1299,0.0009870782947271235,0.001189385042525828,0.0010115459814512482,0.0011280230607837443
1300,0.0010225233510654005,0.0010889236466027797,0.0010121655298862605,0.0011309166526421905
1301,0.0009922801108203,0.001098926265258342,0.0010126430366240028,0.0011318681303411724
1302,0.0010122582228440377,0.0011366592906415464,0.0010155069402056848,0.001131311083212495
1303,0.0010032879310246142,0.0010598218464292586,0.001017844570774792,0.0011348627079278229
1304,0.0009999770171836846,0.001120888425502926,0.001017676727292645,0.0011327083342708645
1305,0.0010444631888013747,0.0011681152763776481,0.0010181079576671536,0.0011327597114257515
1306,0.0010290439454062532,0.0010775284538976848,0.0010177932170167977,0.0011299125359393656
1307,0.001007204721423073,0.0010544373537413776,0.0010182499507907776,0.001129842882510275
1308,0.0010112679234912825,0.0011074568773619831,0.0010172872668390886,0.0011298243698664014
1309,0.0010076433906538618,0.001226323926821351,0.0010144532923224484,0.00112856254177168
1310,0.0010237892274744809,0.001468858839944005,0.0010150750150541878,0.0011187972018495203
1311,0.001013970837359213,0.001078007312025875,0.001015435436880216,0.001125064829364419
1312,0.0010372855353893505,0.0011738504911772906,0.001016564969206229,0.0011218956341966988
1313,0.0010026908681417504,0.0010899385972879827,0.0010170728748405558,0.0011266344389878214
1314,0.001066895500342879,0.0010805112100206315,0.0010179091677431846,0.001126109129190445
1315,0.0010683898539799782,0.0011437230673618615,0.00101839369911597,0.0011388280311599372
1316,0.0010191484869250822,0.0010675688576884568,0.001018927683096586,0.001141013114247471
1317,0.0010139378638834588,0.0010836778325028717,0.00101937490407274,0.0011384024482220412
1318,0.000989321112477531,0.0010576258203946053,0.001018467872801961,0.001134191623143852
1319,0.0010192053320093287,0.001108282848726958,0.0010185062879282565,0.0011481958802789453
1320,0.0010016854930048188,0.0010905797616578639,0.0010189328065969877,0.0011568151914514604
1321,0.0009904748346242639,0.0010636664531193673,0.0010196192622081274,0.0011563730473630133
1322,0.0010117365510409905,0.0010678961174562574,0.0010199145394377412,0.0011501685116440063
1323,0.0010103263279112678,0.0012239671195857227,0.0010199321709987192,0.0011363083586096766
1324,0.0010153166028774446,0.00111015516333282,0.001019334465244578,0.001135867813974619
1325,0.0010352209919235772,0.0012073937663808466,0.0010190931503764459,0.0011332052513025699
1326,0.0010131874333860146,0.0010857935203239322,0.0010201146447513666,0.001132003914285451
1327,0.001024371507163677,0.001454631839878857,0.0010171678592036998,0.0011330866814590987
1328,0.0010166375305400127,0.0011144489236176013,0.001014569882137908,0.0011314680285751818
1329,0.001011157541587535,0.001055621774867177,0.0010138428358361124,0.0011437462251633404
1330,0.0010217874070319038,0.0010628446494229137,0.0010159416701541178,0.0011459073159843683
1331,0.001030004323563642,0.001427634882275015,0.0010171707973091139,0.0011517717850394547
1332,0.0010178676881413492,0.0012699201330542565,0.0010187442313362325,0.0011530851661227645
1333,0.001028429313769771,0.0010964032751508057,0.0010194746266015701,0.0011516524376347663
1334,0.001015025321394205,0.0010712105338461697,0.001020251368907177,0.0011591926346533
1335,0.00102423001649893,0.0011223550140857697,0.0010211600008110206,0.001160841343831271
1336,0.000999028193505688,0.0010669936961494387,0.0010202060573734342,0.0011565606830641626
1337,0.0010312526636860437,0.0011072864243760706,0.001020033360624479,0.0011654403084889054
1338,0.0010282282275147737,0.0010599051718600094,0.0010189061616650886,0.0011599601762369276
1339,0.0009932258616512021,0.0011075803893618285,0.0010188625040671064,0.0011618863339535894
1340,0.001003440427335186,0.001103256745263934,0.001018756070205321,0.0011492953991517425
1341,0.0010009723293801977,0.001374523772392422,0.0010199663973413408,0.0011474715977907184
1342,0.0010664087218335934,0.0011377051030285656,0.00101943863854847,0.0011492765308357778
1343,0.001020049291352431,0.0012042375467717647,0.0010186715145491891,0.0011508216246031227
1344,0.0010585411826872992,0.0011411173758096992,0.0010175008198349841,0.0011356672912836076
1345,0.0010199453746382561,0.0010547615494579078,0.0010183188121041492,0.0011265963150188327
1346,0.001009893392264429,0.001252171378582716,0.0010173279885720048,0.0011275377949699762
1347,0.0010344523486370842,0.0011091138469055295,0.0010169304682355789,0.0011271441875025632
1348,0.000986477741971612,0.0011169506004080176,0.0010159151731731577,0.0011299443704076112
1349,0.00101099918415356,0.0013321457989513873,0.0010156956596351744,0.001134007056709379
1350,0.0010070410179388192,0.0010703904600813984,0.0010139888105551815,0.0011395120094530285
1351,0.0010120959934364591,0.0011339474632404744,0.0010140489997083528,0.001139015614707023
1352,0.0010217106606190403,0.0011398584698326885,0.001014774611649207,0.0011365217447280886
1353,0.0010468957089405093,0.001068853889591992,0.0010144596822301132,0.001139809072110802
1354,0.0009979635717657705,0.001100745100993663,0.001015042153937328,0.0011280343861319127
1355,0.001002609307049877,0.0011014719936065377,0.0010126122615248378,0.0011248074013739827
1356,0.0010007369557085137,0.0010487765492871405,0.0010133798458199536,0.0011190995861776174
1357,0.001038317494870474,0.0010431457264348865,0.001010418632078088,0.0011191279775463045
1358,0.0010036587254661654,0.0011199402739293872,0.001011332298639334,0.001119193405471742
1359,0.001005087312983556,0.001061370347160846,0.001012739236652851,0.0011128863284364343
1360,0.0009988476399384026,0.0011923595867119729,0.001010733129042718,0.0011144649601541462
1361,0.0009935403550561104,0.0011685608536936344,0.001012178256911122,0.0011123794574290516
1362,0.0009885814366862179,0.0012449102429673076,0.0010112337461569243,0.0011171377383172511
1363,0.0010297329563440547,0.0010474953032098711,0.0010115528632886708,0.0011181264171376826
1364,0.0010113661601725552,0.0010452336398884654,0.0010105283428087002,0.001115054226946086
1365,0.0009955671918578447,0.0011854399298317731,0.0010103840365488497,0.0011126158367842439
1366,0.0010155341220605704,0.0010801566229201854,0.0010083927262367473,0.001115066438727081
1367,0.0010056614115213354,0.0010570304840803147,0.0010080757349729538,0.001115789570473135
1368,0.0010392388987303194,0.0010615421668626367,0.001007744011986587,0.0011152171520516277
1369,0.0009845108391406635,0.001141827160026878,0.0010080864074588237,0.0011181262236088514
1370,0.0010427870386694041,0.0010563972475938499,0.001006674521400904,0.0011180407201871276
1371,0.0010450668426023589,0.0010944944527000189,0.0010064870816500237,0.001116311652213335
1372,0.0009842996583837602,0.0011485796398483217,0.001007995237860208,0.0011163553536869585
1373,0.0010226059386817118,0.0010648130322806538,0.0010080612102213006,0.001114467908255756
1374,0.0009873864152986143,0.0014511028211563826,0.0010075589335523548,0.0011107990787364544
1375,0.0010150189462324812,0.0010951074305921792,0.0010075062062694794,0.0011033467206172647
1376,0.0009864829814371964,0.0010571427084505559,0.0010059874694380495,0.0011048527333885432
1377,0.0010181030041227738,0.001078898715786636,0.0010049211196601392,0.001107483146805316
1378,0.0009971129511379534,0.0011301189381629228,0.0010049856681687138,0.0011015951503068207
1379,0.0009900387901709312,0.0011188233946450054,0.0010041912495882975,0.0011038212141022087
1380,0.0009943162323907018,0.0010871615330688656,0.0010048182285080354,0.0011038577042520046
1381,0.0010092968425144339,0.0011215033382177353,0.0010041262430811508,0.0011047954777255655
1382,0.0010030203434224759,0.0010410081408917904,0.0010053037758243994,0.0011011101860553027
1383,0.0009989727316941652,0.0010767135745845735,0.0010033828328104898,0.0011127601863816382
1384,0.0010427912182381584,0.0010624628840014338,0.0010023814796625327,0.0011106408235616982
1385,0.0010004969489657216,0.0011451734509319066,0.0010041780476613591,0.0011094792461954059
1386,0.0009809834383324616,0.001076840115711093,0.0010038716200997846,0.0011108005528338255
1387,0.00098726325461434,0.001058601289987564,0.001004021450696099,0.0011027377446182073
1388,0.0009917645355583065,0.0010851456224918365,0.0010046322380865198,0.0011070629568770529
1389,0.000984707415724794,0.0011109939753077924,0.0010058531727900524,0.0011142351487651468
1390,0.0009971809045722087,0.0010382400173693895,0.0010073757335491893,0.0011151617532595994
1391,0.000995673657550166,0.001135808217804879,0.0010077033777772968,0.0011124512583948671
1392,0.0010213358845147821,0.0010579427378252149,0.0010109703872301099,0.0011108798975124953
1393,0.0010219392630582053,0.001084986503701657,0.0010120797870421987,0.0011092045707628128
1394,0.0010139491577218804,0.0010496948682703078,0.0010116812028611699,0.0011080197191797193
1395,0.0009947634633216593,0.0013476472557522356,0.0010112928599843548,0.0011118419133126735
1396,0.0010200330139034325,0.0010415103822015226,0.0010109316350685226,0.0011114936927333473
1397,0.0010292138583544229,0.0011195402056910098,0.0010083854241710569,0.0011122071158140897
1398,0.0010149452496423488,0.0010978456982411444,0.0010077405539755191,0.00110863743359223
1399,0.0009911321802064776,0.0012495326157659292,0.0010087051201611759,0.0011081583392806352
1400,0.001030288630993002,0.0012032377370633186,0.0010077987795695663,0.0011111343819648028
1401,0.0010170063490255012,0.0012364475056529044,0.0010110392233046394,0.0011114335118792952
1402,0.0010561670231012006,0.0011020638281479477,0.001011382134186311,0.001114483042899519
1403,0.0010053040568406384,0.0010623565665446222,0.0010113453864378649,0.001114478257484734
1404,0.001071714026491261,0.0010795393725857138,0.0010121029512594557,0.0011105403942056002
1405,0.0010220512276929285,0.0010452783643268048,0.0010117685479784592,0.0011171359231695536
1406,0.0009993322379887105,0.0010918820486404003,0.001012939715318175,0.0011285005319863562
1407,0.0009933117715020974,0.0011365629942156374,0.0010132802361725935,0.0011312103796750311
1408,0.000989942108798358,0.0010680080601014198,0.0010128532632667985,0.0011234860023483636
1409,0.0009791359458015197,0.0010802984610199927,0.0010119214365155332,0.001124010049365461
1410,0.0009843751940772766,0.0010559313953854143,0.0010111409649563332,0.001120821570418775
1411,0.0010050975929738746,0.0010648627579212188,0.0010105323225673704,0.0011203486535698174
1412,0.000964604739824103,0.0011330023570917547,0.0010114817599352036,0.0011132564496248959
1413,0.0010727756289351318,0.0010926238703541458,0.0010099800121556556,0.0011088599837385115
1414,0.000993280187766585,0.0011872322508133949,0.0010094084380504983,0.0011009007895365355
1415,0.0009962622108610553,0.0010381203819997608,0.0010073044122507174,0.0010986506843008099
1416,0.0010146127780899406,0.001037361635826528,0.0010071919413179985,0.0010991358611732722
1417,0.0010129758024898668,0.0012228309619240463,0.001004380405156149,0.0011002511800266802
1418,0.0010512184465510978,0.0013691017241217196,0.0010032963414159087,0.0010997865630313754
1419,0.0010224621790823423,0.0011174410604871809,0.0010028154125644102,0.0010985031554475427
1420,0.0009840891406767897,0.001154537822585553,0.0010031676919716927,0.0011020326038822532
1421,0.0009967373451218009,0.0010546115576289595,0.0010027948039790823,0.0011020863353274762
1422,0.0010097020693744221,0.001039828232023865,0.0010046313194764986,0.001100717969145626
1423,0.000999729189918273,0.0010860227770172059,0.0010055821780322327,0.0011061911189928653
1424,0.0010148681144023107,0.001072227517142892,0.0010049239769164059,0.001111571728717536
1425,0.0009927449365042978,0.0010933260899037122,0.0010062583196908234,0.0011084266964346173
1426,0.0010027169963965814,0.001037467650603503,0.0010027379262881973,0.0011101105364039543
1427,0.0010035663781066736,0.0010458111972548067,0.001003441712984608,0.0011088121043518185
1428,0.001002492283522669,0.001074485988356173,0.0010043221636313116,0.001110724910534918
1429,0.0010014256224450137,0.0011074223439209163,0.0010029250437549003,0.0011111188446171578
1430,0.0009949496341869234,0.0010336629394441842,0.0010016086630781904,0.0011041326663456857
1431,0.000987309016701248,0.0010597968590445816,0.0010000680887605994,0.0010949164395220579
1432,0.0010021187566841643,0.0012247992050834,0.0009998927975383898,0.00109466629428789
1433,0.0009806199089830948,0.001069351346231997,0.0010012822355557646,0.001090949444938451
1434,0.001025048833236926,0.001046089306473732,0.0010014265687308377,0.001090782992169261
1435,0.0010081466579706304,0.0011927601415663957,0.0009998194619806277,0.0010958780460059644
1436,0.0009886425650782054,0.001199378001037985,0.0010010850327606831,0.001107119005918503
1437,0.0009979633091845447,0.0010543765500187873,0.0010016415008447237,0.0011071248414926229
1438,0.000984765793869479,0.0011347198695875705,0.0010015994558731716,0.0011062465280294418
1439,0.0010108748551768561,0.0011547714495100082,0.0010017525830202634,0.0011076799966394902
1440,0.0010182734770286415,0.0010859405365772545,0.0010019011382013559,0.0011087611645460129
1441,0.00097968478117966,0.0010472099878825248,0.001001940543173502,0.0011069026903249323
1442,0.0009800662855721182,0.0010481765051372348,0.0010032525623941589,0.0011151058151386679
1443,0.0010127040886113213,0.0011386960535310208,0.0010034559714711376,0.001117831720598042
1444,0.001018079898527099,0.0011111874296329915,0.0010035244821881254,0.0011248268426395955
1445,0.0010188250911111632,0.0010616165888495744,0.0010026378813458399,0.0011184044876135888
1446,0.0010003456744986277,0.0010504502383992076,0.0010022526445539876,0.0011170121489092709
1447,0.0009695244006191691,0.0011672045779414475,0.0010006786951019119,0.0011180783080868423
1448,0.0010313684594196579,0.0013670467748306693,0.0010006604570326292,0.0011172493454068898
1449,0.0010287798165033262,0.001072373406495899,0.0010015028960226725,0.0011124085359275342
1450,0.0009916938122154937,0.001071368253324181,0.0010006778505268611,0.0011145903686992826
1451,0.0010065451750738753,0.0010733043658547104,0.001002029713941738,0.0011105269090272488
1452,0.0010072802576339907,0.0010728403949178756,0.0010015582505872266,0.0011105855359695852
1453,0.0010034774078263177,0.0010280241328291596,0.00100242305990412,0.001117499342840165
1454,0.0010342261029614342,0.0013125004642643035,0.0010033124745771702,0.0011166659601964057
1455,0.0010000348611113926,0.001101810575928539,0.001004254172561276,0.001119362164568156
1456,0.0009890217846259474,0.0012346749100834132,0.0010036548011574068,0.0011159072539769115
1457,0.000979953735627027,0.0010642403294332326,0.001001845131519561,0.0011142999495379626
1458,0.0009709889891867836,0.0010345428786240518,0.001000907210421024,0.0011130707384087145
1459,0.0009857000969350337,0.0010727432859130204,0.0010000870884033955,0.0011137709877453742
1460,0.0010076907062385645,0.0011720360745675863,0.0010019144696338722,0.0011096866487525403
1461,0.0010097035398292872,0.0010783577640540898,0.0009999634706673935,0.0010966413334943356
1462,0.0009773371717892588,0.001108922369312495,0.0009982016146855635,0.001097323119174689
1463,0.0010185623792414037,0.0010331333777867258,0.000998046245989907,0.0011006492334418
1464,0.0009990882713140712,0.001156237123068422,0.0009963584777329946,0.0011067564210854473
1465,0.001039893709950977,0.0012587857083417476,0.0009970359457605001,0.0011062281261198224
1466,0.001001920148005916,0.0010263754217885435,0.0009973669664882535,0.0011080249859020115
1467,0.0010036087351747685,0.0011155816144309938,0.0009943999282550067,0.0010970182570628822
1468,0.00099771980351458,0.0010523232887499035,0.000993280402969362,0.0010945347431115806
1469,0.0009728381575809584,0.0010710048186592758,0.0009939336469448688,0.0010900404065847399
1470,0.0009953770636477405,0.0010308863106183708,0.0009934854077692662,0.0010892247118987144
1471,0.0009798426240579122,0.0010679564718157053,0.0009965936697709063,0.0010910752140916881
1472,0.0010152089313810897,0.0010650961031205951,0.0009995320106649566,0.0010931305426172913
1473,0.0009825934852576918,0.0010409138933755457,0.0009982764680352475,0.0010882692349143328
1474,0.0009847334169575737,0.00108941804850474,0.0009968818608878387,0.001092054296191782
1475,0.0009878095948240822,0.0011545211100019515,0.000999459439671288,0.0010894921037368477
1476,0.0009643509686510596,0.0012259840569458901,0.000998507149765889,0.0010925857265479861
1477,0.001024216958321631,0.0010596330207772553,0.0009973679588279791,0.0010952690039761365
1478,0.0010117529260201587,0.0010729456273838877,0.0009954645178591212,0.0010868715361692012
1479,0.0009600501471302576,0.0010373322432860731,0.0009949257768794067,0.0010906953793019055
1480,0.000972046728970276,0.0010397227271459997,0.0009945127676448064,0.0010872717394493517
1481,0.0010053528840136196,0.00112231649691239,0.0009937736739921903,0.0010862873486243189
1482,0.0009687477562369572,0.001043847962282598,0.0009944820739432342,0.0010885254859924318
1483,0.0010486955392277903,0.0010808054334484041,0.0009942887218876019,0.0010883702100254594
1484,0.0010591586192862856,0.0011241264990530908,0.000994609430566844,0.0010874338020570576
1485,0.0009763021404958433,0.0010505033819936216,0.000993965641171154,0.0010868310164660216
1486,0.0009748383611440658,0.0011729842959903182,0.0009948868779879477,0.0010865633934736252
1487,0.0010417766413754886,0.001044867557939142,0.0009934687341252963,0.0010851272684521975
1488,0.0009947551316064264,0.0011104739480651915,0.0009925918891249845,0.001081891923118383
1489,0.0009706084978663259,0.0012233190587721764,0.000992266476345766,0.0010742296884767711
1490,0.00099230768572953,0.0010488490131683648,0.0009905524644638515,0.001075498331245035
1491,0.0009884516235130528,0.001121971500106156,0.0009917164095522215,0.0010822487007826566
1492,0.0009932835043097536,0.0010299906181171535,0.0009929058541905964,0.0010869045817293226
1493,0.0009792424621991812,0.0010277135181240738,0.000993288240700753,0.001087664233613759
1494,0.0009905481563570598,0.0011269582528620958,0.0009927392073544776,0.0010894490368664265
1495,0.0009905432622569303,0.001027004411444068,0.000994928627849246,0.0010900725941173732
1496,0.000987860341038969,0.0010445462726056576,0.000992171852119888,0.0010973747145384548
1497,0.0009991141964888408,0.0010500264633446933,0.0009899410032615478,0.0010989492553286253
1498,0.0010056244056775338,0.0010342233185656369,0.000992717281744505,0.0011020991059951483
1499,0.0009492798203912874,0.0010535149229690432,0.0009933501097218445,0.001096840965561569
1500,0.000965888469816289,0.0010736374766565858,0.0009919309405868664,0.0010965015816502275
1501,0.0009562156491705941,0.0010344281909056008,0.0009906072079566204,0.0010954815772362056
1502,0.0009813666612737708,0.0010913490899838508,0.0009956715363129557,0.001088852630648762
1503,0.0010408515532294082,0.0012417048658244312,0.000995779107350649,0.0010918246016837654
1504,0.000989786263089627,0.0011537292669527232,0.0009952221617982205,0.0010928754684515298
1505,0.000981606391724199,0.001058714024256915,0.0009950522376690062,0.0010997171979397536
1506,0.0009916270503567324,0.0011669365782290698,0.0009958977137744013,0.0011019342699088155
1507,0.0010234832686061661,0.001059436893556267,0.0009954812110970833,0.0010982925412245093
1508,0.0009797761459938354,0.0012633584439754487,0.0009961320334683278,0.0010994920123368502
1509,0.0010033873978277875,0.0011634900188073516,0.000995554018387985,0.0010992087190039455
1510,0.0010457091025697688,0.001129249648656696,0.0009951923882950927,0.00110281749907881
1511,0.0009906590605775515,0.001041530785150826,0.000994011307668148,0.001105176315456629
1512,0.001006297413001044,0.0010363829601556063,0.0009965032217454995,0.001108176527451724
1513,0.0009616618158502711,0.0010849738377146424,0.0009963842927478252,0.0011084549913182855
1514,0.001097216706774715,0.0010575953940860927,0.000997649962755127,0.0011082563906908034
1515,0.000994996961671859,0.0011231482890434563,0.0009995117122307419,0.0011120366364717484
1516,0.0009745279847023388,0.0011482431693002582,0.0009972053109978635,0.001106758323125541
1517,0.0009890354010793898,0.0012010338553227484,0.0009973367664342125,0.0011020387756638227
1518,0.0010003793648340636,0.001083140317350626,0.0009993235330097376,0.00110361214838922
1519,0.0009801355894241068,0.0010359150357544423,0.0009987149330683881,0.001100599245727062
1520,0.001006813821538041,0.0010569911892525851,0.0009975169599780605,0.0011015652377158404
1521,0.0009734099640304016,0.0010374639392830432,0.000998116742829896,0.0010933683312498031
1522,0.0009900734441665312,0.0011402459652163088,0.0009973676320165397,0.0010883654139004647
1523,0.0009760973900039163,0.0010931937280111014,0.000994020128881352,0.00108855633540079
1524,0.0010115776723250746,0.0011285202228464187,0.0009936435726057326,0.0010912379275076092
1525,0.000962915244874441,0.0010805990733206271,0.0009940058862480026,0.0010964103614911438
1526,0.0009878573993531367,0.0010294631752185523,0.0009948145439744823,0.001095127463247627
1527,0.001027910398164143,0.0011858552345074714,0.0009903147185117837,0.0011028291081078348
1528,0.000983191522407449,0.0011097470321692526,0.0009917955051383209,0.001105257828440517
1529,0.0009930726489983499,0.0010357405804097652,0.000994763201661408,0.0011059294830076398
1530,0.0010312755561123293,0.0010980483423918485,0.0009946093269830776,0.0011026925367303192
1531,0.0009764120518229902,0.0010916140116751195,0.000993545486157139,0.0011006663987413049
1532,0.0009935339413479798,0.00108358669327572,0.0009927746831232475,0.0011002635630778968
1533,0.0009947707172897127,0.0010584357823245228,0.000992260416659216,0.0010994041252881288
1534,0.000984659627493885,0.0010384170850738883,0.0009933513873256743,0.001101302326656878
1535,0.0009620215241900749,0.001134022686164826,0.0009941241192838383,0.0010972287725657226
1536,0.0009812451536870665,0.0011085705878213048,0.0009946512853105862,0.0011001837882213296
1537,0.0010153552540577949,0.0011656938097439706,0.0009941028491283455,0.0011011505355127157
1538,0.0009818782590122687,0.0010529013816267252,0.0009951726853847504,0.0011012057572603227
1539,0.0009847210702072415,0.0012501365155912936,0.0009964512519021,0.0011041886300779877
1540,0.0010320166273353,0.0011838662973605097,0.000994414244638756,0.0010978599314577877
1541,0.001048720397779511,0.0011650345334783196,0.000994497826317739,0.0010946790627203882
1542,0.0009851885341211326,0.0011201101983897388,0.0009937240639856706,0.0010993558602407575
1543,0.0009737833441856007,0.0010324868676252663,0.0009919169620248593,0.0010993002946488558
1544,0.0009608655135768155,0.0010258441441692411,0.0009917867250067909,0.0010995446498505773
1545,0.0009939571599372559,0.0010355052445083857,0.000992049991986197,0.0010981364239938559
1546,0.0010006842306918568,0.0010849189735017716,0.0009920089112853425,0.0011020531906746327
1547,0.001009391743120634,0.0010384071129374206,0.0009937326665812485,0.0011052777274511757
1548,0.0009892765406726135,0.0011670691194012762,0.0009947964662737731,0.0011020505049265923
1549,0.0009978667677690586,0.001152688905131072,0.0009941291676989449,0.001102279434353113
1550,0.0009896611512845589,0.001081979617010802,0.0009923951429263173,0.0010977091817185281
1551,0.0010198215622868802,0.0011040349956601859,0.0009922762450917315,0.0011025932291522623
1552,0.0009769852165805383,0.0010276377690024675,0.0009927263433889798,0.001093519777711481
1553,0.0009852810643820298,0.0010302253137342632,0.0009918084244502502,0.001091423976328224
1554,0.0009737285906966361,0.0011526605184189976,0.0009904633023827855,0.0010865084823220971
1555,0.0009860980070920454,0.00109665920259431,0.0009894504863199674,0.0010831239858642221
1556,0.0009731561263712744,0.0010977228917181492,0.0009890895345300021,0.0010837097443640233
1557,0.0010001156158331369,0.0010483810468576848,0.0009892282207341243,0.0010854624766856434
1558,0.0009937436997683512,0.0011563549493439497,0.0009894772501196712,0.0010855510126799347
1559,0.0010277535098915298,0.0011190305044874549,0.0009888768249760485,0.0010880114126950503
1560,0.000988616516503195,0.0010533421230502426,0.0009871049353490685,0.0010874144765548408
1561,0.0009645626893163555,0.0011142938234843314,0.0009870659771323616,0.0010868421850726009
1562,0.0009720046347421077,0.0010514374938793481,0.0009865645516301607,0.0010821357743814586
1563,0.0009789058131476243,0.0011750025674700736,0.000986420174796755,0.0010805796759203075
1564,0.0009959735276384486,0.0010233002295717596,0.000984650396871277,0.0010775078419595955
1565,0.0010090686538670626,0.001131471262779087,0.0009854018319915567,0.0010771250733174382
1566,0.001015092346092893,0.0010421471833251417,0.0009864129237209757,0.00108205784317106
1567,0.0009598681325506833,0.0010354977869428694,0.00098738231325729,0.001077119587175548
1568,0.0009647595494364699,0.0010471308301202953,0.0009873048836882743,0.0010810265795327724
1569,0.0009643326686798699,0.0010696624522097409,0.0009868016305741752,0.0010787385988980532
1570,0.001000182894575927,0.0010377186443656682,0.000985888730750109,0.001082397477515042
1571,0.0009856736021012895,0.0011464289738796652,0.000985885681848352,0.0010780498603358865
1572,0.0009650945024461382,0.0010234837094321846,0.0009838795775185443,0.0010746725108474495
1573,0.0009883025852549408,0.001152761832345277,0.0009830850765264283,0.0010769361143931747
1574,0.0009853311302140356,0.0010350286378525198,0.0009856711311214087,0.0010731325238011776
1575,0.0009860517304494149,0.0010430771554820239,0.000985579268825758,0.001082123907469213
1576,0.000975577114149928,0.001027239146642387,0.000986473867416175,0.001094690991286188
1577,0.000995771094587528,0.0010180685529485344,0.0009857980792979813,0.0010950175816193221
1578,0.0010105583576175074,0.0011535445600748062,0.000985856743855402,0.0010931721325963734
1579,0.0009979633291044997,0.0010292041185311974,0.0009850926116160635,0.0010930298840627075
1580,0.000984162267866648,0.0011943340115249156,0.0009848897927802883,0.0010944792442023755
1581,0.0009605747985187918,0.0010405233758501709,0.0009847314627996337,0.0010978699002414942
1582,0.0009772931202314795,0.0011398530122824014,0.0009857865616523971,0.0011015110830776393
1583,0.0009936674772244361,0.0010476645198650657,0.0009850115828164334,0.001101315847504884
1584,0.0009776009016463326,0.0010345967672765256,0.0009848286547749822,0.0010970132694579661
1585,0.000968753991700295,0.0011099322116933763,0.0009845923707768735,0.001097864623647183
1586,0.0010292140541908641,0.0010192040586844086,0.000984236267172835,0.0010983039990067481
1587,0.0009697080773508383,0.0012762220855802298,0.000985295249444122,0.001100717793777585
1588,0.0010012707779080503,0.0014891796628944576,0.0009858548577616197,0.0011063676881603898
1589,0.00097907882468361,0.001031464987900108,0.0009870895782744305,0.0011111930817365647
1590,0.0010105352678025762,0.0010853350372053683,0.0009853057712057812,0.0011173241327516736
1591,0.0009959890401094323,0.0010385909699834883,0.0009837777259811345,0.0011193447645753622
1592,0.0009547976616563069,0.0010717317904345692,0.0009853089670702401,0.0011197359078563753
1593,0.0009608012999200987,0.0011318972310982644,0.0009850415997776306,0.0011132407823577523
1594,0.0009907101399989592,0.00116069202311337,0.0009873997672564454,0.0011148516712710262
1595,0.0009808084236768385,0.0010328377550467849,0.0009873476033771616,0.0011124021970666945
1596,0.000981100401065002,0.0010388645227067173,0.0009885352291011563,0.0011153298737481235
1597,0.0009591874024934239,0.0010447675641626119,0.000989949142948414,0.00111527706021443
1598,0.0009793999951539767,0.0011637462163344027,0.000990538739459589,0.0011113944556564092
1599,0.0010118056869962149,0.0010953735071234404,0.0009892667710832835,0.0011118131150491537
1600,0.0010000419383868575,0.0011843245150521397,0.0009892898892932052,0.0011051749643869698
1601,0.0010064451269701951,0.0011478739860467614,0.00098768874339035,0.0010877865756861865
1602,0.0009511759178712964,0.0011713448283262552,0.00098696576211498,0.0010884351648390294
1603,0.0009723572270013392,0.0012040603556670248,0.0009853785449483743,0.0010885343253612518
1604,0.0010362443563321398,0.0010389827005565166,0.0009842825695044464,0.001088362033572048
1605,0.000977478085551411,0.0010319558740593494,0.0009844779605770275,0.001086638342216611
1606,0.00101952898548916,0.0010807955986820161,0.0009859565192937023,0.0010835763227194548
1607,0.0009759890232493894,0.0010786161571741104,0.000986565322170241,0.0010869934375397864
1608,0.001023358120324297,0.0011208564369007946,0.0009869270725072258,0.001087444388307631
1609,0.001012948747827775,0.0010332764289341866,0.000986692453155087,0.0010866100177168846
1610,0.0009834939044796758,0.0010128670977428555,0.0009867139715132199,0.0010875254083424805
1611,0.00099741484478323,0.0010296705435030161,0.0009863017213272139,0.001087790547683835
1612,0.0009702860325988797,0.0011102683190256357,0.0009854253464119719,0.0010864608181640506
1613,0.0009612421303366621,0.0010544699453748762,0.0009840215569206826,0.0010808342832140626
1614,0.0009610042927993669,0.0010476797167211771,0.0009856050488694262,0.0010792533322237432
1615,0.0009708548386374281,0.0010878140502609311,0.0009862623068969698,0.0010754614358767867
1616,0.0009685896540112379,0.0010342836752533912,0.000986556292516697,0.001069922225829214
1617,0.0009596824384708371,0.0010286395065486431,0.0009843502991574093,0.001069311748445034
1618,0.0009977652678369647,0.0010553467436693609,0.0009849914823710506,0.001070184092968702
1619,0.0010059302119124268,0.0012461198936216534,0.0009834030557889493,0.0010676794810220598
1620,0.0009898521821014583,0.0010441115242429077,0.0009849365963186655,0.0010654809043742718
1621,0.0009752349172615343,0.0010180052579380572,0.0009821957690330843,0.0010618350403383374
1622,0.0009597253614467465,0.001067652329802513,0.0009812644705176354,0.0010611266076564789
1623,0.0009690937405038211,0.0011703746998682617,0.0009809011304337117,0.001062969449069351
1624,0.00098989631411516,0.0010621302691288291,0.0009809223743673,0.001063040610961616
1625,0.0009649472011046277,0.0010436611413024365,0.0009814636499776194,0.0010593827956356106
1626,0.0010460324256887866,0.00110835021128878,0.000982522747049936,0.001057556848693639
1627,0.000967607368559887,0.0010765474196523428,0.0009846313949622627,0.0010623167421668768
1628,0.0009797068674945169,0.0010655801044777036,0.0009850787817966193,0.0010608860510401428
1629,0.0009810945223499502,0.0010237207659520209,0.0009857340540116032,0.0010656455352902416
1630,0.0009935076658924421,0.0010537644871510565,0.0009868681318023138,0.0010710435069166127
1631,0.0009798183209366268,0.0010181803000159561,0.0009864616570476855,0.0010713946239091457
1632,0.001014327536492298,0.0010236517409794033,0.0009859799573611883,0.001067903028894216
1633,0.0009548374381847679,0.0010297098360024393,0.000985512652155012,0.0010675192723982039
1634,0.0009896662849415508,0.0010155656118877232,0.0009861697873721521,0.0010705532920546833
1635,0.0009744104023815857,0.0010589381330646575,0.000988355091571187,0.0010725350240245461
1636,0.0009979459431229366,0.0010314495908096432,0.0009886995610108393,0.0010661654281429948
1637,0.0009838179228568657,0.0010188229358755053,0.0009877667860438426,0.001064692511688918
1638,0.0009877195571445757,0.0010088212718255818,0.0009883713438020398,0.0010678994635120035
1639,0.0010137204906075364,0.001166677053552121,0.0009863343576745442,0.0010649774046614768
1640,0.0009820395094963413,0.001052046772092581,0.0009862068360619663,0.0010630040106363596
1641,0.0009849714593858354,0.001153270781505853,0.0009860217266767805,0.0010619975831359625
1642,0.0009880343832386037,0.0011635887972079218,0.0009849487409978692,0.0010650685172528028
1643,0.0009876033989712596,0.0010641246684826911,0.0009862847730051727,0.001069135264120996
1644,0.0009938877197499904,0.001158830018248409,0.0009856555574625319,0.0010719729205593467
1645,0.0009781695519470507,0.0010345176118426024,0.0009835350453180987,0.0010723802005872132
1646,0.0009916632976900372,0.0010938557493500411,0.0009847467238342186,0.0010717735122889281
1647,0.0010143579664226208,0.0011171956290490926,0.0009837587034588473,0.001072038918733597
1648,0.000977705476495127,0.0010111348028294742,0.0009844293336383999,0.0010734341306611896
1649,0.0009665769399402457,0.0010253073577769101,0.0009850245888241465,0.0010779659374617041
1650,0.0009800611450595574,0.0011238349368795752,0.0009852552630369449,0.001080033901706338
1651,0.0009951077725013926,0.0010352987400256098,0.0009838522105426008,0.0010808459686115384
1652,0.0009644193282454378,0.0010272125690244137,0.0009810591412656423,0.001075913367420435
1653,0.0009750791328648726,0.0010404194169677794,0.00098087752377097,0.0010749906970188023
1654,0.0009542698803771701,0.00110049411887303,0.0009804067738405948,0.0010780863692052664
1655,0.0010269084660750297,0.0011554331588558852,0.0009803078907697153,0.0010739436632022262
1656,0.0009640879323706031,0.001089121710974723,0.0009819561072987402,0.0010756307689473033
1657,0.0009613147328814698,0.0010338337416760624,0.0009809536026842477,0.0010736853416077792
1658,0.0009851294010877608,0.001014542628545314,0.0009803087188448344,0.001074417898338288
1659,0.0009649657755572763,0.0010222007730044424,0.000978997132368386,0.0010737268182449042
1660,0.0009911761568704,0.0010938184312544762,0.0009772488191620342,0.0010705514806322754
1661,0.0010128273227665988,0.0011447447608225047,0.0009769010721861074,0.0010717261334881186
1662,0.0009895847781768276,0.001070522041991353,0.000977089246528016,0.001073783913627267
1663,0.0009526432447859811,0.0010291229444555937,0.000977306801199706,0.0010727212431840601
1664,0.0009438937586835689,0.0010433620237745344,0.0009786955972253862,0.0010766225866042079
1665,0.0009774990721295278,0.0010289800120517612,0.000979847562069901,0.0010813034689985217
1666,0.0009732027111264567,0.0012306625861674546,0.0009798685797127997,0.0010810980539768934
1667,0.000985562306466616,0.00106002114713192,0.0009819634195054985,0.0010776896287687122
1668,0.001028808812196884,0.0011063023121096194,0.0009795266866218298,0.0010722319628112015
1669,0.000968825104387684,0.0011101943347603083,0.000981579250102449,0.001073565468378365
1670,0.0009620474559617126,0.0010528315301053227,0.0009824775323220012,0.0010762744858860969
1671,0.0009588736357788245,0.0010765787470154464,0.0009829673428140165,0.0010784561679698529
1672,0.0009706501362638341,0.0010378121887333691,0.0009827377427938497,0.0010868329654447736
1673,0.0009690118020969547,0.0010405011242255568,0.0009824561971964107,0.0010836754872463642
1674,0.0009712812984879647,0.001076751861255616,0.0009808482565813593,0.0010836341368965804
1675,0.000985500011851804,0.0010972681757993995,0.0009813686864554056,0.0010814932692795993
1676,0.0010298276731433968,0.0011328323255293071,0.0009826697846978074,0.0010811048127710818
1677,0.000993218449358311,0.001144234628882259,0.0009836764968207314,0.0010822787803597747
1678,0.00097560457393734,0.0010352840414270758,0.0009844778475869033,0.0010816996045410632
1679,0.0010066408751946356,0.0010152834886685014,0.000985306287360274,0.0010774871204979719
1680,0.0009659901439833144,0.0010189915099181235,0.0009860783651574618,0.001075189371779561
1681,0.0010154020193860762,0.0011224593501538039,0.0009853006957098842,0.001072204092890024
1682,0.0009837717883702782,0.0011015591793693603,0.0009848918506461714,0.001068789364118129
1683,0.0009973746633881496,0.0010690846806392074,0.0009851698020266163,0.0010675273793749513
1684,0.0009592257750531038,0.0012316207098774612,0.0009854172589878242,0.0010726231970824302
1685,0.0009841375169344247,0.0010148814762942493,0.0009852987963499295,0.0010722142488695683
1686,0.0009726288073903156,0.0011437110020779072,0.0009868612214250282,0.0010711063779890537
1687,0.001002595525027977,0.0010170003515668213,0.0009890991858775829,0.0010719650036655367
1688,0.000985170700846033,0.0010194115317426623,0.0009891887540152916,0.0010795162034220995
1689,0.0009690615617566639,0.001072711213491857,0.0009869812394130146,0.0010783908155746758
1690,0.000997532841283828,0.0010145006165839731,0.0009859721792396157,0.0010788309426046907
1691,0.0009939137054607273,0.0011253504850901664,0.0009853774070481046,0.0010780264865607023
1692,0.0010048642513963083,0.0010025774291716515,0.000986196712254443,0.0010792443783953787
1693,0.0010093670760074423,0.001031670339871198,0.0009874838915808748,0.0010815937509760262
1694,0.0009586039777948625,0.001024826115462929,0.0009857183676678686,0.0010793188827112317
1695,0.000968996240472835,0.0010212819115258754,0.0009844061432147603,0.0010847585359588265
1696,0.0009650600598090224,0.0012039741897024213,0.0009837644977339854,0.0010825095033273101
1697,0.000967688570316467,0.0010275884834118187,0.0009853535633999853,0.0010765675896778704
1698,0.0010080724289744266,0.0010128043522126973,0.0009845216173006016,0.0010774377217516303
1699,0.0010272304098018342,0.0010982175031676888,0.0009861742152470266,0.0010746126386336984
1700,0.0009877392152945201,0.0012860481697134674,0.0009850601939225775,0.0010764454882591962
1701,0.0009746398080864715,0.0011046976293437184,0.0009863791960550265,0.001077320367284119
1702,0.000967991945023338,0.0011552378046326339,0.000987422415950439,0.0010885013048537076
1703,0.0009607352691495584,0.0010151726403273642,0.0009865323275379421,0.0010907504386268555
1704,0.0010271235053530999,0.001045730784535408,0.000986223609243623,0.001087560364138335
1705,0.0009981696271441048,0.0010777258244343102,0.0009847154327616509,0.0010875213515944779
1706,0.0009712639215609265,0.001065587643533945,0.0009836440897598448,0.001092412546183914
1707,0.0009509661770425737,0.001237550510559231,0.0009848526456238081,0.0010924165476113557
1708,0.0009813335263687704,0.001012858864851296,0.0009845448083502966,0.0010957308720797299
1709,0.000998952416703105,0.0010830728686414659,0.0009850256663695392,0.0010891398553736506
1710,0.0009633388644498255,0.00103663477813825,0.0009847695800010116,0.0010910362164489925
1711,0.0010139437560509475,0.0010730839241296054,0.0009837356128574659,0.00109209842979908
1712,0.0009747449919167492,0.0010628215922042729,0.0009806633705014569,0.0010881323250941932
1713,0.0010181457541572551,0.0010412835073657335,0.0009836451519332412,0.0010779157197102907
1714,0.000995142059141977,0.0013522346527315677,0.0009826427227765736,0.0010767409384250643
1715,0.0009752806309714085,0.0010707289609126747,0.0009822374532154452,0.0010725342825055125
1716,0.0009861957481027478,0.0010455986228771507,0.0009840330441016705,0.0010721017891541123
1717,0.0009671598393470049,0.0010016021155752242,0.0009811615700367838,0.0010703470247797667
1718,0.0009825835009622905,0.0011539502046070992,0.0009794771008762634,0.0010686484239995479
1719,0.0009888178743939432,0.0010249261511489749,0.0009798859868664295,0.0010716174745000896
1720,0.0009613003086350444,0.0011041400232352316,0.000980317792767245,0.001066186851914972
1721,0.0009770815102900896,0.0010391987720504404,0.0009798642185050994,0.0010666838420554992
1722,0.0009612864111032751,0.0010749975102953614,0.000979406237638452,0.001064037100970745
1723,0.0009822232503857878,0.0010393596859648825,0.0009817187920988847,0.0010668313531205058
1724,0.0009504243509016103,0.000999064885545522,0.0009810709652025252,0.0010709392594173551
1725,0.0010622837510891258,0.0010306330351158976,0.0009806994665776277,0.0010703069212846458
1726,0.00094957907916978,0.0010753280972130596,0.0009787568763157146,0.0010770555487833917
1727,0.000957860205995126,0.0010500714066438376,0.000978302573428179,0.0010645766478963197
1728,0.001005625041305191,0.0010043603065423667,0.000977185222491001,0.0010621848767623306
1729,0.0009553366537309355,0.0010018616751767695,0.0009776968296669008,0.0010676525210961698
1730,0.0009560578981310957,0.0010352608049288392,0.000977447852725163,0.0010675570737570523
1731,0.0009814860713150766,0.0011398139060474933,0.0009772525132478525,0.0010617438492365183
1732,0.0009617613245629602,0.0011017849459312855,0.0009757217534972975,0.0010680035884492098
1733,0.000969994169815133,0.0010252836183644832,0.0009766068612535796,0.0010656425331719219
1734,0.0009875028950369193,0.0010169043415226041,0.0009764299658851491,0.0010676281287334858
1735,0.0010211527259606453,0.0011064910818822681,0.0009776429821064488,0.001065777467750013
1736,0.0009977480836419596,0.0011757815815508367,0.0009763991672493932,0.0010702941827476025
1737,0.0009654575262943076,0.0010470131388865412,0.0009768160730859057,0.0010722771838307381
1738,0.0009695809976094299,0.0012099991948343813,0.0009733537012555948,0.0010768099506385626
1739,0.000983784486953583,0.0010402621305547655,0.0009748966879573548,0.0010790745352394881
1740,0.0009473468575419651,0.0010109346825629474,0.0009766715716725838,0.001078200299665332
1741,0.0009989859275002446,0.0011822897312231363,0.0009752427383067295,0.0010801403255201877
1742,0.0009609354158035583,0.000999215932097286,0.0009776610867482508,0.001081900369003415
1743,0.000977700014029526,0.0010086195915937424,0.000979541891394183,0.0010870141441002487
1744,0.0009505488806300694,0.0011814196314662694,0.0009786870552692564,0.0010818736931309104
1745,0.0009834280025420917,0.0010451136413030327,0.0009794280329357005,0.0010821583261713386
1746,0.0009726591260793309,0.0010888386610895396,0.0009789239385217014,0.0010880839102901517
1747,0.0009916118166357693,0.0010287309857085348,0.0009780809699195538,0.0010898304735310375
1748,0.0009511278789593942,0.0011522775609046222,0.0009760147218023324,0.0010855411651544274
1749,0.0009608469968144265,0.001048639912623912,0.0009738954807786892,0.00108388159442693
1750,0.0009757244553313487,0.0011439522053115069,0.0009738480245021897,0.0010827404875308276
1751,0.0009881537467137807,0.0011319427122361957,0.000972969339782786,0.0010804742053151133
1752,0.0010022322988758484,0.0010282155172899364,0.0009754081866548709,0.001079151815921068
1753,0.0009699042071588338,0.0010528609529137612,0.0009756023660250424,0.0010798916613683103
1754,0.0010157953647689686,0.0010458627622574569,0.0009745467888760485,0.001076873437594622
1755,0.0010030780142794053,0.0011631051823496818,0.0009765381734042118,0.0010805650216527281
1756,0.0009601151681919065,0.001011302631814033,0.0009785171234100642,0.0010808096642605958
1757,0.0009802857662240664,0.0011089007719419896,0.0009785024238388156,0.0010819456318393347
1758,0.0009573918094651566,0.001173423221334815,0.000976981745272254,0.001081397424545139
1759,0.000966428679983235,0.0010605684225447477,0.0009772253667470066,0.001078862906806171
1760,0.0009694965230301022,0.0009992583724670113,0.0009777364221298032,0.001082129557989538
1761,0.0009447670580508808,0.001134292313363403,0.0009784497730951345,0.0010790175356902181
1762,0.0009642711193818185,0.0010184854664839803,0.0009797311550627152,0.0010787850811146199
1763,0.0009476138796243403,0.0011533421394415199,0.000978666951890207,0.001075137179810554
1764,0.0010447556587556998,0.0010072023957036435,0.00097713392475206,0.0010698791587725283
1765,0.0009522013417962525,0.0010294308187440038,0.0009755891989088721,0.0010753188609145584
1766,0.0009725964987753994,0.0011068341368809342,0.0009750281049249073,0.0010748178048059344
1767,0.0010107200290076434,0.0010915055335499347,0.000974259053527688,0.0010746330651454626
1768,0.0010271737641758389,0.0010147356567904353,0.0009729770057369024,0.001069381277449429
1769,0.0009501813913488554,0.0012098188209347426,0.0009733688135579642,0.0010761278497986495
1770,0.0009454110383780466,0.0010314084589481353,0.0009731591808764885,0.0010740502175875005
1771,0.0009787496629481513,0.0010254757176153362,0.0009746257116552443,0.0010682306365109979
1772,0.0010043882012056807,0.0011103972652927042,0.000975428660457126,0.0010697020259685813
1773,0.0009689616530926691,0.0010744770034216344,0.0009746468720957637,0.0010708298190496863
1774,0.000992881546003951,0.001042828548233956,0.0009757230895054009,0.0010678123980760574
1775,0.0009491193760186434,0.0010527546727098524,0.0009752398125930793,0.0010700744736008344
1776,0.0009498280682601035,0.0010004921862855553,0.0009758480804661911,0.0010658273045904933
1777,0.0009636141527961526,0.0011642080708406865,0.000973309108801186,0.001067363880481571
1778,0.000955876857559714,0.0010403345501981676,0.0009740327252178557,0.0010682248408906162
1779,0.0009965690798384862,0.0010412442707456648,0.0009735027886616686,0.0010652490554377437
1780,0.0009710268195097645,0.0010318104899488389,0.0009716238680399126,0.0010631667520850899
1781,0.0009699103637184534,0.0011799669405445456,0.0009692605917031566,0.001072298505716026
1782,0.0009750449491871728,0.0010569599666632712,0.0009708290081264244,0.0010688595985993742
1783,0.0009940550789340503,0.001027933694422245,0.0009720649764976568,0.0010711780826561151
1784,0.0009865024000302784,0.0010973531589843332,0.0009719674849986202,0.001077695469558239
1785,0.0009499518139960451,0.00102745319949463,0.000970279001744671,0.0010743737311102448
1786,0.0009716724932918118,0.0010588567890226842,0.0009707660165201458,0.0010736432326957583
1787,0.0009521891965737773,0.0010750373546034098,0.0009696759400268395,0.0010724599562585352
1788,0.0009628205764521327,0.0010471629141829907,0.0009721432052449219,0.0010750525848940015
1789,0.0009812813671305775,0.0010456167929805815,0.0009738196986210016,0.0010748959859833123
1790,0.0009702917522129913,0.0010509548289701343,0.0009743429700119628,0.0010707316390238704
1791,0.0009593480848707258,0.0010324395005591213,0.0009755853218233419,0.0010710227208212018
1792,0.0009637470134637422,0.0010394479497335852,0.0009738487756345421,0.0010739105582237242
1793,0.0009680918557569384,0.001243029497563839,0.0009747790583254148,0.0010897107815369964
1794,0.00098939180193055,0.0011238461430184542,0.000975313413531209,0.0010848139296285807
1795,0.0009763102476588554,0.0010893705603666603,0.0009749050409170902,0.0010829605202190575
1796,0.0009763123754722376,0.0011884103901684284,0.0009737576143557413,0.001082851957902312
1797,0.0009621761198569503,0.0010273538040928543,0.0009723452964435435,0.0010806718878448012
1798,0.0009811370224795408,0.0010562145430594683,0.0009727007132127053,0.001080574189219624
1799,0.0009656296336712937,0.0010132466373033821,0.0009720219785140621,0.0010801948769949376
1800,0.0010108010064707035,0.0011175703885965048,0.0009727449833622409,0.0010822265157476069
1801,0.0009917404026620919,0.0009965772135183215,0.000972566793165687,0.0010807235672138633
1802,0.0009766959375701845,0.001060099396854639,0.0009729318241692252,0.0010821819009259345
1803,0.0009869356528441938,0.0010476115951314569,0.0009725098269267215,0.0010806414213962853
1804,0.0009531554251184894,0.0011134402058087288,0.0009726222241400844,0.0010809323512017727
1805,0.0009942838867815832,0.001426816072780639,0.0009742854171380815,0.001080865981988609
1806,0.0009832692438633077,0.0010575456428341568,0.0009751383183058352,0.001071165888477117
1807,0.000964835633834203,0.001010624731425196,0.0009739017055214694,0.0010695449245162307
1808,0.0009653694149003261,0.001025219636503607,0.0009736749417407232,0.0010664080767892302
1809,0.0009511944522253342,0.0010428514075465501,0.0009729041402745578,0.0010596894638612868
1810,0.0009588372332250906,0.0010250107338652015,0.0009731902107441178,0.0010601677487604322
1811,0.0009547041258257296,0.0010493739834055305,0.0009732606238219888,0.0010587948529049756
1812,0.0009702643177782495,0.0011258283234201372,0.0009729820374347684,0.001058343609236181
1813,0.000958365821538286,0.0010095892008394002,0.0009709561601539868,0.001056287197954953
1814,0.0009904071422190302,0.001082075135782361,0.0009698632202576847,0.0010565401385538283
1815,0.0009597418211503989,0.0010124428407289087,0.000969968658245893,0.0010607515048235657
1816,0.0009621580152048005,0.0010397127456963063,0.0009698931406872968,0.0010615636605769397
1817,0.0010053268384136674,0.0010377887194044889,0.000970869474288904,0.0010582122871652248
1818,0.0009894143849507801,0.0010005271597765385,0.0009695777902586593,0.0010422186011448504
1819,0.0009584764823214047,0.0010833220439963043,0.0009680954275031884,0.0010420453684404493
1820,0.0009706411531402006,0.0010109493671916425,0.0009692720719406176,0.001048429105244577
1821,0.0009570423388181047,0.0010204450669698418,0.0009697064087622696,0.0010480587907135486
1822,0.0009693278815959477,0.0010393109265714885,0.000970681025656975,0.0010481296482495964
1823,0.000982897349426316,0.0010218921466730534,0.0009699301804829803,0.0010470449260435999
1824,0.0009586649739907847,0.0010019655455835164,0.0009702373762925465,0.0010502220341935752
1825,0.0009601540744511618,0.0010661601065658033,0.0009709182883923253,0.0010495389078743753
1826,0.0009644169052545395,0.0010029007284902036,0.0009720018750108365,0.0010553097411990166
1827,0.0009793318872753944,0.001165383553598076,0.0009713059421473494,0.0010550305165350439
1828,0.000985047713879289,0.0010679154889658093,0.0009725370028884048,0.0010588719559833407
1829,0.0009775637651586698,0.0010296558705158532,0.0009724858134881491,0.0010622547865845264
1830,0.0009619917860254645,0.0010269739222712815,0.0009714251508367146,0.001064296900853515
1831,0.0009462101749765377,0.0010532148252241314,0.0009700752043113527,0.0010655203700065613
1832,0.0009942517447699276,0.0011702181515283884,0.0009707278030872759,0.0010648556062020362
1833,0.000976227835441629,0.0010159617732279002,0.0009700889012828056,0.0010685013425536453
1834,0.0009755598745929699,0.0010446228459477425,0.0009706613362249401,0.0010689065517857671
1835,0.0009400661038752231,0.0009978926787152886,0.0009710462876026414,0.0010686352150514721
1836,0.0009623840210648874,0.001128801687154919,0.000970412890649297,0.0010680770684033634
1837,0.000987287120272716,0.0011087501654401422,0.000971752096676371,0.0010692006607539953
1838,0.0009854554870010663,0.001153860033955425,0.0009717573305540199,0.0010675544045865536
1839,0.0009730088206318518,0.0010750945191830396,0.0009717145434735962,0.0010672929459251464
1840,0.0009905183396767825,0.0011084788269363343,0.0009715135084620366,0.001061376624274999
1841,0.0009608782801984085,0.0011242835107259453,0.0009703973244099566,0.0010583271965384485
1842,0.000978810272127804,0.001088841576129198,0.000969663409055728,0.0010581038860604168
1843,0.0009556657218167351,0.0010311138886027037,0.000968999639624316,0.0010577286438085138
1844,0.0009747914517194861,0.001066702948883176,0.0009692797831621848,0.0010613575397990644
1845,0.0009546686080284417,0.0011020927759818732,0.0009700149734763222,0.0010542535707354543
1846,0.0009713532123714685,0.0010305752977728844,0.0009696271813215896,0.0010551099942065776
1847,0.0009789516660384833,0.001032527508214116,0.0009698554985380423,0.0010536991998553276
1848,0.0009670624255927072,0.0010079384804703294,0.0009710841128550883,0.001055177842825651
1849,0.0009921451246676346,0.001030055354349315,0.0009711124451779245,0.0010500641914084556
1850,0.0009602849213923845,0.001025003702379763,0.0009710167134646328,0.0010490928352810444
1851,0.000963347228243947,0.0009963642619550228,0.0009703902930124767,0.0010461213340051472
1852,0.0009743060119864013,0.0010174755123443901,0.0009709030893320838,0.0010501593579538165
1853,0.000957143112577291,0.0009916797955520451,0.0009692301620884487,0.0010468085681088267
1854,0.0009592158813029527,0.0010240731085650622,0.0009686353160637535,0.0010422750456258656
1855,0.000945397550240159,0.001017592865973711,0.0009678731093441861,0.0010386271988041698
1856,0.000953213763423264,0.0011439372249878942,0.0009687506284306031,0.0010415915098041296
1857,0.0010126315026233593,0.0009926189249381424,0.0009676998652983457,0.0010394174681976438
1858,0.0009665330315733121,0.0010373723600059748,0.0009681136204705884,0.0010356619256548585
1859,0.0009812678050042855,0.0010093529871664942,0.0009683794328373753,0.0010357273149304094
1860,0.0009707814618013799,0.0010348587529733777,0.000967564969515014,0.0010343808978796006
1861,0.0009630923291357855,0.001000960401725024,0.0009671731757983152,0.001033695917017758
1862,0.000984893827440424,0.001084466262254864,0.0009664469303097578,0.0010364285909570752
1863,0.0009697949756971663,0.0010795725020579993,0.0009675661431263306,0.0010415636428631843
1864,0.0009858287286220325,0.0011760451178997756,0.000967306861255525,0.0010438459142111242
1865,0.0009486951585859061,0.00102470908081159,0.0009675952380367867,0.001044070790335536
1866,0.0009460071295810242,0.0010109454486519098,0.0009675271991329889,0.001045976740680635
1867,0.0009597551041386193,0.0009976454055868088,0.0009672712642802961,0.0010476821617223324
1868,0.0009776036989771657,0.0011052216636016966,0.0009698551587863929,0.0010507065021432937
1869,0.0009485223734130462,0.0010123519087210297,0.0009701591929213868,0.001050691264588386
1870,0.0009650124873345097,0.0010082042124122381,0.000967480789921764,0.001053839359153062
1871,0.0009779985215411418,0.0010322100296616555,0.0009667694610750509,0.0010530104043893517
1872,0.0009585900829794506,0.0009988670819438994,0.0009659689291483825,0.0010537740184925497
1873,0.0009572675826752351,0.0009908139589242637,0.0009663388317088698,0.0010545309029519557
1874,0.0009739889874536958,0.0010983722028322519,0.0009659704306628554,0.001057805227767676
1875,0.0009882652418067058,0.0011533800000324845,0.00096557044135924,0.0010596849643625319
1876,0.0009568651814738082,0.0010534210456535221,0.0009650743570954849,0.0010566175190731882
1877,0.0009815154315179421,0.0010230974154546858,0.000963744272534839,0.0010503649282269179
1878,0.0009554421399823493,0.0010393285541795195,0.000963986671421056,0.001054716772492975
1879,0.0009528175099856324,0.001066708634607494,0.0009653579285833983,0.0010628198116086425
1880,0.00100999491289258,0.0010932013764977455,0.0009662384849300399,0.0010697642772458493
1881,0.0009608146167981127,0.0011435562861151992,0.0009648267422751006,0.001065962423570454
1882,0.0009456714276327856,0.0010713212890550495,0.0009654066044682015,0.001067336717620492
1883,0.0009487498104054895,0.0010166484909132122,0.0009656978651105115,0.0010669979670085014
1884,0.0009612545068375766,0.0010284433397464454,0.0009653356621404075,0.0010652170976623893
1885,0.0009800290258135647,0.001053780864458531,0.0009659507132600992,0.001065002433490008
1886,0.0009538823029854232,0.001082818522118032,0.0009669664170748243,0.00106518175965175
1887,0.0009748940948500402,0.0011314596771262585,0.0009655917813639259,0.0010627614169381558
1888,0.000957392869103286,0.0010028863698244095,0.0009645246043956527,0.001056744079478085
1889,0.0009525766146058838,0.0010197303467430175,0.0009644531349496294,0.0010554635585285723
1890,0.0009547551307413313,0.0011335051874630153,0.0009627875158408034,0.0010541923477314415
1891,0.000980288558639586,0.0012135214265435934,0.0009642525910762035,0.0010523535978049041
1892,0.0009817690128046605,0.0011712570465169847,0.0009641685755871649,0.0010500198674388232
1893,0.0009423101326036784,0.0010101753217168152,0.0009614638400729746,0.0010537866530939937
1894,0.0009630189282405707,0.0010467092599719763,0.0009633345775564926,0.0010484085360541941
1895,0.0009722940033922593,0.0009997354471124708,0.0009637784032409805,0.0010472939878702165
1896,0.0009689434472885396,0.000987688296008855,0.000964697160690816,0.0010502059238031507
1897,0.0009739663609717455,0.0009935004776343702,0.000964218115894538,0.0010498296194709838
1898,0.0009826601780433622,0.000995297112967819,0.0009628626074538463,0.001048275665100664
1899,0.0009396230946812365,0.001037863634992391,0.0009647489092416235,0.00104728658311069
1900,0.0009615858175998761,0.0010029465635307134,0.0009652861509265171,0.001047737278509885
1901,0.0009550784453232255,0.001021408021915704,0.0009665089613551067,0.0010503614857792852
1902,0.000939874953797294,0.000991317145526409,0.000966306035199927,0.0010497024076990783
1903,0.0009920690208673477,0.0009933598060160875,0.0009672912212606106,0.0010445502256974577
1904,0.0009507171227596701,0.0010083653754554688,0.0009657213261971871,0.0010364365103654564
1905,0.0009423765250378185,0.0011873710178770126,0.0009668209540243778,0.0010294733779504894
1906,0.0010075830538860625,0.001009103360120207,0.0009677776245917711,0.0010309549658559264
1907,0.000956767069744981,0.0010434575844556094,0.0009675419020673467,0.0010320784029550852
1908,0.000971718746651378,0.0010894468892365694,0.0009670683818765813,0.0010322528319433334
1909,0.0009492783869306246,0.0010190357314422726,0.0009664886655699877,0.0010374249655753375
1910,0.0009461413147962756,0.001014932005200535,0.000966238168316583,0.001038457103725523
1911,0.0010010398476798502,0.0010580914723686873,0.0009673353646364478,0.0010461820346303284
1912,0.0009883251369723844,0.0011427270621061326,0.0009691532105414406,0.0010445458651520312
1913,0.0009879631298180256,0.0010684915515594183,0.0009694595672811073,0.001045384368021041
1914,0.0009475034607263902,0.0010032533947378396,0.0009705776976317997,0.0010486628781072795
1915,0.0009793847822584213,0.001004700637422502,0.0009710948270642096,0.0010503482949919998
1916,0.0009410411820539998,0.0010106785432435572,0.0009699664296789302,0.0010510630446486176
1917,0.0010092597084844278,0.000997178736142814,0.0009690933515214258,0.0010544858884066345
1918,0.000966226896788511,0.001047215019352734,0.0009698537178027132,0.001051061347126961
1919,0.0009571258651299609,0.0010747951874509453,0.0009686635145089691,0.0010566904720850292
1920,0.0009604559986231228,0.0010040961718186735,0.0009699100400114223,0.0010609059176407754
1921,0.0009544505396236976,0.0011169916368089616,0.0009703072747112148,0.0010577266961336136
1922,0.0009677039296366274,0.001019303931389004,0.0009708306920093794,0.0010752835122868419
1923,0.0010100900860399835,0.0011884203855879606,0.0009733512641448112,0.001095058825612068
1924,0.0009850692423060536,0.00099695939803496,0.0009712681481614709,0.0010928799394518136
1925,0.0009692447360915442,0.0010239091352559626,0.0009696253224379487,0.0010868900824338198
1926,0.0009830317040905355,0.0011033707740716635,0.0009671413787640632,0.001085058275796473
1927,0.0009528031896075441,0.0010334525676444174,0.0009673689090698545,0.0010950692518614234
1928,0.0009638590862353643,0.0010112285474315286,0.0009685988763399008,0.0011165152531117202
1929,0.00092889016882206,0.0010939364694058896,0.0009698346586121866,0.00111695063598454
1930,0.000961385682070007,0.001101757485885173,0.0009679560127719823,0.0011219722454436122
1931,0.000977827971542461,0.0011498314840719104,0.0009684422301076765,0.0011195826346054674
1932,0.0009879302073063122,0.0011488437233492731,0.0009682275171546885,0.0011232794135808944
1933,0.0009816496141461862,0.001009966351557523,0.0009696804032402319,0.001126488618925214
1934,0.0009623638193847404,0.0014579561352729797,0.0009706350298443188,0.0011236413067206741
1935,0.001009155618182073,0.0015093148383311928,0.0009694805301622384,0.0011270928825251759
1936,0.0009489619480963382,0.0010036193183623255,0.0009680483050023515,0.0011235234905965627
1937,0.0009472544938843283,0.0009929806366562844,0.0009672607754150199,0.0011252382210455835
1938,0.0009258645379708873,0.0010226963856257499,0.0009682848156947231,0.0011243987734429538
1939,0.0009531917183711711,0.0012535277963615953,0.0009666654164592426,0.0011219917205162345
1940,0.001010133964009583,0.001540850668679923,0.0009671715023513471,0.001122769221663475
1941,0.0009719357388611469,0.0010215631150640547,0.0009659098289700018,0.0011238744270056487
1942,0.0009622935624793172,0.0011227189726196228,0.0009667239728280239,0.0011213505812920632
1943,0.0009783823301808701,0.0009874747483991086,0.0009663413234675922,0.0011170482481829822
1944,0.0009517580413052606,0.001167214661836624,0.0009649827600353292,0.0011112859689630568
1945,0.000996778150761707,0.001084326305426657,0.0009634880056190822,0.0011053232108242808
1946,0.0009783162047258681,0.0010458088316954673,0.0009638091050398845,0.0011080455142073334
1947,0.000938841437584617,0.0011055933265015482,0.0009638630238879058,0.0010895381740294397
1948,0.0009742844570428133,0.001099185587372631,0.0009623456401440003,0.0010747230275534095
1949,0.00096538100262276,0.0010398276592604816,0.0009621335605780284,0.0010754884165711702
1950,0.0009948457430841195,0.001002922945190221,0.0009619532292191353,0.0010860625019297003
1951,0.0009425467232035266,0.0010431944509036839,0.0009635790817129115,0.001084317780844867
1952,0.0009654553369101551,0.0010528900963254274,0.0009647646937364091,0.0010780102163553238
1953,0.0009323172517017358,0.0010388586809858679,0.0009642327489538325,0.0010565910855308174
1954,0.0009492437652726141,0.0010308403265662492,0.0009635116139426827,0.0010563667498528957
1955,0.0009518194480592178,0.0009941991581581533,0.0009642738915979862,0.0010550736047327518
1956,0.000943863885735886,0.0010057745035737752,0.0009624791117385029,0.001055203687492758
1957,0.0009505613469001319,0.0009997747698798777,0.0009625472352426085,0.0010486390665173531
1958,0.0009896770996662477,0.0010780239361338317,0.0009608273583464324,0.001045162844937295
1959,0.0009637117905852696,0.0009952726308256389,0.0009588093334705465,0.001043046182114631
1960,0.0009712210245844391,0.001138936176430434,0.0009598417804214275,0.0010391659477725626
1961,0.000943659958947036,0.0010227540438063443,0.0009586728383528276,0.0010350312518887224
1962,0.0009427462099120021,0.0012573327706195414,0.0009586647086880274,0.0010337373402900996
1963,0.0009665108503152926,0.0009790783585049213,0.0009577753971486043,0.0010444520492106676
1964,0.0009828320189586117,0.0010958386841230093,0.0009577884141407494,0.0010429496625438332
1965,0.0009968353444451672,0.0010053723980672658,0.0009584227140837659,0.0010447094747796655
1966,0.0009539073635824025,0.0010159547231160103,0.0009613739371972364,0.0010442451284267008
1967,0.0009813505038619042,0.0010903903446160257,0.0009607163958096255,0.001043749302905053
1968,0.0009335128336937891,0.0009907268173992634,0.0009612375086639075,0.0010459773055277765
1969,0.0009534611289078991,0.0010030991374514998,0.0009623678222039921,0.0010452385013923048
1970,0.0009537812283573051,0.0009974207659251989,0.0009625321222003548,0.0010442779714241624
1971,0.0009278655828287204,0.0009928922611288726,0.0009607353293285187,0.0010418082266114652
1972,0.0009646526113566425,0.0010085874679498375,0.0009597775501768208,0.0010416854733601214
1973,0.0009450609053278135,0.0009958181902766227,0.0009590260899056577,0.0010367275419645014
1974,0.0009651777610027542,0.0010074798692949116,0.0009592840148498201,0.0010402720118872822
1975,0.000972612954598541,0.0012707906682044268,0.0009598475323731287,0.0010302149521186949
1976,0.0009428721480071545,0.001005634784232825,0.0009591818247973505,0.0010303081914782525
1977,0.000981312835485571,0.0010968854022212326,0.0009587391586715562,0.0010260634266771377
1978,0.001006097829538501,0.001027250022161752,0.0009570371350583931,0.0010255679207853976
1979,0.0009328052305823399,0.0010184446885250509,0.0009567903789588146,0.0010288715743459762
1980,0.0009648472694162694,0.0010498992237262428,0.0009553439120969009,0.0010376527890563012
1981,0.0009721217242379983,0.0009873044001869858,0.0009580869819244578,0.0010441268699243663
1982,0.0009546688468092017,0.0009757615206763148,0.0009573517344685066,0.001043622025940567
1983,0.0009447572778703438,0.0010162803158164024,0.0009578430803699627,0.0010429730588570236
1984,0.0009397673117928207,0.0009922037995420397,0.0009580778516829014,0.0010445407403632998
1985,0.0009524345178053611,0.0010149878915399313,0.0009585067032836377,0.001047123967669904
1986,0.0009501080825510953,0.0011113657918758691,0.0009589211684858631,0.001046573878265917
1987,0.000956834147994717,0.0010059062764048575,0.0009581087057582205,0.0010470040570944548
1988,0.0009498681609208385,0.000981409342493862,0.0009571875549387186,0.001035629970859736
1989,0.0009717653658137553,0.0009897195640951395,0.0009578656867612154,0.0010362679304555056
1990,0.0009542847541160882,0.0009929847507737578,0.0009556470314506442,0.0010313324495218692
1991,0.0009477384610929423,0.001098546062130481,0.0009535919074124344,0.0010308070422150196
1992,0.0009451888323140642,0.0013099207123741508,0.0009542140173984483,0.0010292604303918781
1993,0.0010020895793827044,0.0011525788391008973,0.0009540991028822544,0.0010273030427284538
1994,0.0009350799425091181,0.0009904780378565193,0.0009531118639279156,0.001029149978235364
1995,0.0009660648758937088,0.0009811965888366103,0.0009529350481772174,0.0010360368667170405
1996,0.0009337348656521903,0.0010320842987857758,0.0009523123629235974,0.0010389637137763201
1997,0.000975373901375052,0.0010731681506149472,0.0009530448885479323,0.0010399695859290659
1998,0.000955422535383453,0.0009820659551769495,0.0009530383384631326,0.001040224369056523
1999,0.0009448661928116861,0.0010182343400083483,0.0009555004648502089,0.0010348271699622273
2000,0.0009495841841109925,0.0009864385123364628,0.000955305022896371,0.0010394723002798856
2001,0.0009598254435695708,0.0010215837741270662,0.000955508992391535,0.0010393456076271833
2002,0.0009258464527212911,0.000973498378880322,0.0009543502286956129,0.0010390386736951768
2003,0.000954719728583263,0.0010141148394905031,0.0009544508962943737,0.0010401099511422216
2004,0.0009483579802326858,0.0009797793929465116,0.0009553404156170374,0.001038628462702036
2005,0.0009619744065114194,0.0010009645321406423,0.0009555324823543844,0.0010294835554435849
2006,0.0009474407503795293,0.0010334777878597378,0.0009536092257592828,0.0010239901199005543
2007,0.0009502484530417455,0.0011479337327182293,0.0009535274497905954,0.0010237952810712159
2008,0.0009291901465298401,0.0010894514922983945,0.0009527998930412448,0.0010243407336995008
2009,0.000958080452401191,0.0010173506033606828,0.00095375481712011,0.001025001377798617
2010,0.0009522707656853729,0.0010213574697263538,0.0009539719893752287,0.001021345718950033
2011,0.0010116612422280014,0.0009764358145184815,0.0009533946369205498,0.001020999175030738
2012,0.0009519480991487701,0.0011220345343463123,0.0009542408317767291,0.0010227073078043758
2013,0.0009549673982999391,0.0009782420261763036,0.0009544535382055783,0.0010261512835510074
2014,0.0009427962734157013,0.0009820462157949805,0.000953912347630184,0.0010264575922861697
2015,0.000956801444085108,0.001019766686949879,0.0009548539137597095,0.0010274633129127323
2016,0.000969976444159531,0.0010615088511258363,0.0009551251134240174,0.0010332130959257485
2017,0.0009499905007477436,0.001081298030912876,0.0009573936674459321,0.0010329892538487912
2018,0.0009540081645051638,0.0010152429505251347,0.0009573976590013547,0.0010363366844132543
2019,0.000933035543291933,0.0009856070671230555,0.0009592444622604592,0.0010651300022378562
2020,0.0009478759571599464,0.0009948329045437276,0.0009616834324913929,0.0010718016405589878
2021,0.0009576079676238199,0.001048600401263684,0.0009645557115190769,0.0010714108613319694
2022,0.0009808032077530191,0.0009817766794003547,0.0009648971863944706,0.0010731074285693465
2023,0.000940988724016481,0.0009734023571945727,0.0009643089122475231,0.001072514429502189
2024,0.0009660210642161676,0.0010609376593492925,0.0009627265928132049,0.0010760768579319115
2025,0.0009549018448322184,0.0010725379060022534,0.0009619660626812322,0.0010739300707355139
2026,0.0009462956791847116,0.0010292414925061166,0.0009613151275164758,0.0010738999444060025
2027,0.0009493856059594286,0.0009986413945443928,0.0009612860679962777,0.001076412294059992
2028,0.0009614997201909622,0.0011578594148159028,0.000960553083395482,0.001080191346537322
2029,0.0010050718307805559,0.0009741833410225808,0.00096078715264642,0.001085997706372291
2030,0.0009620741953969829,0.0010846502962522208,0.0009610506793820402,0.001081675151921809
2031,0.0009936108318571416,0.001753310733474791,0.0009608961988059388,0.0010919508996419611
2032,0.0010112227088150878,0.001314724690746516,0.0009621094595563288,0.0010945695167407393
2033,0.0010009971222219368,0.0010796820116229355,0.0009619237346910975,0.001093710401188582
2034,0.0009666173242860371,0.0010597647842951119,0.0009624088669635563,0.00109397557079792
2035,0.000937563912011683,0.0010065324930474161,0.0009601864413694583,0.001093614610377699
2036,0.0009721032563700444,0.0010654965252615512,0.0009606498925403381,0.001095461748819798
2037,0.0009329348458494577,0.0010683648544363678,0.0009593083316822434,0.0010923947612755
2038,0.000938694019181033,0.0009774888679385185,0.0009588838989587708,0.0010885578992776575
2039,0.0009420697854107453,0.0010448549571447075,0.000959052092431941,0.001094167288672179
2040,0.0009384768290652169,0.0011142429988831282,0.0009585202639870759,0.0010959639753215017
2041,0.0009758281754329801,0.0012066678470000626,0.0009578754087651354,0.0010931171189062297
2042,0.0009565786691382528,0.0009732341696508229,0.000956324624761732,0.0010950461518019438
2043,0.000950146150102632,0.0012721366435289384,0.0009549514414587366,0.0010938338492065668
2044,0.0009633670620516771,0.0010510724945925177,0.000953690888148008,0.0010650751987472176
2045,0.0009432328355291652,0.0009733550157397985,0.0009517625450932731,0.0010520132469944653
2046,0.0009697362744352884,0.0010552296414971351,0.000949717470191212,0.0010509427598677575
2047,0.0009252425679005682,0.0009727526688948273,0.0009479689855490707,0.0010563885251060128
2048,0.0009525750032884793,0.00101958081824705,0.0009501036682010937,0.001057230889890343
2049,0.0009324820427637961,0.0009842629707418381,0.0009485949354246259,0.0010536878219805658
2050,0.0009442910267454055,0.0009766163560561835,0.000949101718266805,0.0010502238218672573
2051,0.0009505005160139666,0.0011694762273691595,0.0009491263448157245,0.0010555846031755209
2052,0.0009360898948378033,0.0010435585607774555,0.0009498664024079012,0.0010543922722339632
2053,0.0009453783396424518,0.0010866880044341088,0.0009515677556809452,0.001048924607411027
2054,0.0009663022306954695,0.001022409163415432,0.0009506619827304449,0.0010470548756420612
2055,0.0009277446128221022,0.0010543427313677966,0.0009516577314792407,0.0010488583845086397
2056,0.0009620969990889231,0.001034344471991062,0.0009524657442958818,0.001038573128450662
2057,0.0009630141324467129,0.0009881758969277144,0.0009515611734241246,0.0010377768954262137
2058,0.0009498702496704128,0.0010529198334552348,0.0009519080238830712,0.0010449931503273549
2059,0.0009229052082325021,0.0011959089152514934,0.0009514655780047177,0.001047084716707468
2060,0.0009909309783122605,0.0010275916126556695,0.0009533302882996698,0.0010488727546297013
2061,0.0009343849369583445,0.000976919827517122,0.0009523627546150236,0.0010490846443921328
2062,0.0009456044169039362,0.000981764851603657,0.0009520762793668027,0.0010501587823033333
2063,0.0009393096829040183,0.0011115084006451071,0.0009523008374031632,0.0010505994687788189
2064,0.0009605712252151635,0.0010150466836057602,0.0009519832433253113,0.0010428203423507511
2065,0.0009810106608913176,0.0009775513783097268,0.0009523060661688861,0.0010399445854127407
2066,0.0009531838516704739,0.0011599245527759193,0.0009522697626975261,0.001035120361763984
2067,0.000981472387858149,0.0010183218913152813,0.0009516669332722408,0.0010389632685109972
2068,0.0009703464705186585,0.0010150052420794965,0.0009521318345382396,0.0010463985498063266
2069,0.0009407527902577487,0.0010311666689813137,0.000952905191693248,0.0010459848323836922
2070,0.0009519040970028275,0.0011537613882683217,0.000955387342788486,0.0010478428437374532
2071,0.0009586751274764537,0.0011075188009999693,0.0009559841053508636,0.0010498207340016964
2072,0.0009718603252743682,0.001017453616950661,0.0009566601371340867,0.0010452593066729607
2073,0.0009283866611723271,0.0010248780623078346,0.0009552706164463111,0.0010482542061246933
2074,0.0009253201615582738,0.0010111164185218513,0.0009561260011150604,0.0010490462289191784
2075,0.0009499049776544174,0.0009876335179433227,0.0009575298411254251,0.0010563680644147097
2076,0.0009425606640676657,0.0009749980666674674,0.0009584104981273411,0.0010531941893510521
2077,0.0009441604659271737,0.0009716646373271942,0.0009586959700100123,0.0010539374588988723
2078,0.0009444707528584533,0.0009660824132151902,0.0009576679362915455,0.001053800029400736
2079,0.0009512314950633381,0.0011184818320907652,0.0009568694017724028,0.001046820399351418
2080,0.0009393671444720692,0.00124022476375103,0.0009556675686345743,0.0010476809901185332
2081,0.0009814309279641343,0.0010240015364252032,0.0009550478562247006,0.0010490930669941009
2082,0.0010250679098276628,0.0010346261807717384,0.0009556785162072628,0.0010517117886804045
2083,0.0009647893137298524,0.0011023670900613069,0.0009549485619749046,0.0010449452494271099
2084,0.000939806002813081,0.0010818732320331038,0.0009550982186105103,0.0010392851756885646
2085,0.0009561929611178736,0.0011024640989489853,0.0009542240374048964,0.001040284333191812
2086,0.0009557695536770754,0.0009967203973792493,0.0009543903060619615,0.001040166672039777
2087,0.0009807004171630575,0.001164810738991946,0.0009566056016366929,0.0010440819499082862
2088,0.0009613261079519159,0.001032161524053663,0.0009566234981382473,0.001047080054972321
2089,0.0009677080222819414,0.0010336284223012625,0.0009582647905322828,0.0010474968583323065
2090,0.0009553098179296487,0.0009741156408563256,0.000958476223056722,0.0010473140618763863
2091,0.0009332204886919094,0.0009854338015429676,0.0009586669683508161,0.001048825369030237
2092,0.000951426559412438,0.0010398366604931653,0.0009587140829354109,0.0010439640331082046
2093,0.0009548536602718134,0.0010503071639686823,0.0009596571719015222,0.0010333829266950488
2094,0.0009565192898218002,0.001096634711138904,0.0009587002011222971,0.0010483788962475957
2095,0.0009336552411938707,0.00098459790693596,0.0009562762642279267,0.0010469990326091648
2096,0.0009624165433665945,0.0009660169575363398,0.0009550717674454466,0.0010427087113261224
2097,0.0009500057951340245,0.0010424325545318426,0.0009560093857089266,0.0010418329756706954
2098,0.0009325433775989546,0.0010219365335069597,0.0009552295103100026,0.0010396707303822043
2099,0.0009807025509265563,0.0011089983652345836,0.0009532379345192266,0.0010435684797354043
2100,0.0009503523901932769,0.0010625861445441843,0.0009520477822205675,0.0010384984838776293
2101,0.0009835929739185506,0.0009854181506671012,0.0009516976079541364,0.0010365530435927212
2102,0.0009494462790381578,0.0009670947259292007,0.0009532626558871319,0.0010361452105455099
2103,0.0009492393852108055,0.00100386509206146,0.0009534736392967819,0.0010391246085986496
2104,0.0009524093596782121,0.0009969484340399504,0.0009536426934879276,0.0010385629013180734
2105,0.0009629443686248527,0.0009756971034221351,0.0009536937180699575,0.0010356158463284374
2106,0.0009575066584835036,0.0013989007752388716,0.0009545278776540526,0.0010363672023639085
2107,0.0009644694874684016,0.0010001295898109674,0.0009544469291240806,0.0010376404679380358
2108,0.000934676894167852,0.0009951090579852463,0.0009557815256942477,0.0010402817823924125
2109,0.0009632464594000744,0.0010599798406474292,0.0009549911618336206,0.0010419571721926335
2110,0.0009366960761447747,0.001048407966736704,0.0009546633973924649,0.0010388858596794307
2111,0.0009059801589076718,0.0010941641312092543,0.00095471549961302,0.0010379986521787943
2112,0.0009509466096965803,0.0010380608425475657,0.0009542276535804072,0.0010371753746643664
2113,0.0009525717512911393,0.0009835255169309675,0.0009547804669063123,0.0010366833171807231
2114,0.0010068342206068337,0.0010234325961209834,0.0009520810954790148,0.0010383429815992713
2115,0.0009605844031708936,0.0010486005921848118,0.000951824211838862,0.001038418775703758
2116,0.0009374468434705502,0.0009713911195285618,0.0009533339922135281,0.0010456467430107295
2117,0.0009527021739631892,0.0009661602857522667,0.0009536905681792025,0.0010484352700412273
2118,0.0009757076498741905,0.0010690910648554564,0.0009533893294192642,0.0010503700148314238
2119,0.000954495576572501,0.00112846635049209,0.0009538720830059091,0.0010392476227134467
2120,0.0009670201554480526,0.0010506307682953775,0.0009526811299457524,0.0010381967322900892
2121,0.0009426574468509191,0.0010079017025418579,0.0009519903129458219,0.0010385927310213444
2122,0.0009418116841051313,0.0009656497417017818,0.0009533225156547915,0.0010351693751290442
2123,0.0009338459331128332,0.0009997563459910451,0.0009535051124041072,0.0010332293280400338
2124,0.0009685064001112349,0.001088416427373886,0.0009572733128572711,0.0010302391230128708
2125,0.0009641727233409054,0.0010502847074531018,0.0009569460453801893,0.0010293612643145027
2126,0.0009161086882361108,0.0010269097611308097,0.0009573517465368949,0.00103339605871588
2127,0.0009430241880343399,0.0009689895785413682,0.0009548703997525284,0.0010368192445486786
2128,0.000986983894577457,0.0011845642747357488,0.0009556701639382584,0.0010345472341403365
2129,0.0009613237588200718,0.0010666616098023952,0.0009557428838814505,0.0010370925955474376
2130,0.0009554133996263974,0.0010240657231770456,0.0009554680891671322,0.0010394766653887926
2131,0.0009695754981496268,0.001120840972289443,0.0009544301899589807,0.001036805969849229
2132,0.0009346956609644824,0.0009738573292270303,0.0009540660500862739,0.0010304889029823245
2133,0.0009174064691695902,0.0010050090262666346,0.000952699769156364,0.0010291935388930143
2134,0.0009965515271243121,0.0009743959433399141,0.0009529805239419351,0.0010282798574306072
2135,0.0009412609948776662,0.0009999067895114422,0.0009531001473906349,0.001039066241681576
2136,0.001000185170236768,0.0010194090055301785,0.0009549880876024772,0.0010454538875259458
2137,0.0009427649227695332,0.0010161143750883638,0.0009534950422873307,0.0010522892117500304
2138,0.0009627142802087797,0.0010843953769654035,0.0009520683168355998,0.0010498358952812851
2139,0.0009448005509976712,0.0011090122419409453,0.0009535513294679632,0.0010484023830853403
2140,0.0009805785078141425,0.0009918003319762648,0.0009529443712491128,0.0010535797090269624
2141,0.0009392648420503569,0.0010350251547060908,0.0009534252920912372,0.0010551247689872978
2142,0.0009458323061052296,0.0010257620317861438,0.0009524805403987153,0.0010527182428166268
2143,0.0009497601696703997,0.001002323676366359,0.0009523703644621289,0.0010520713390782474
2144,0.0009453920797548361,0.0009705396788194776,0.0009507078105428566,0.001050208973698318
2145,0.0009328631322003073,0.0010182466660626232,0.0009510960403467631,0.0010496728557161988
2146,0.00094967631649019,0.0009850596659816801,0.0009515712674034552,0.0010542218477465214
2147,0.0009448022703226242,0.0012353093479759991,0.0009500046170161416,0.001057858656719327
2148,0.0009810444384088946,0.0011594474921002983,0.0009522171885033862,0.0010578756481409073
2149,0.0009311802672325737,0.0012592995329760014,0.0009497985721100121,0.0010571862401440738
2150,0.0009285045870476299,0.0009889517957344651,0.0009508348922607385,0.0010570659732446071
2151,0.0009531840040451951,0.00099107195623219,0.0009494178243861016,0.001053356001805514
2152,0.000927850232563085,0.0010984227270819248,0.000949884094716981,0.001047638359759003
2153,0.0009990069156305657,0.0012231907737441361,0.0009482797106986658,0.0010468744031153618
2154,0.0009377049665070242,0.0010064984555356205,0.0009482253507348814,0.0010540096894837917
2155,0.0009526590012117393,0.0010078931297175587,0.0009492667428890451,0.0010566838017664851
2156,0.0009280116501678195,0.0010742818377912045,0.0009480920577473527,0.0010565391143783926
2157,0.000944401406062146,0.0009604543796740472,0.0009491865361264598,0.0010580847941339016
2158,0.0009292871455868913,0.0011187338270246983,0.0009490877692122016,0.0010585033835843205
2159,0.0009573852674414715,0.0010653161676600575,0.0009500005991456825,0.0010574374420568345
2160,0.0009965752820587821,0.0010003315750509501,0.0009494740084900213,0.0010539457225240767
2161,0.0009397197604024162,0.0010021738056093454,0.0009477238082585651,0.001054523601476103
2162,0.0009686729265376926,0.001013107702601701,0.0009509866158322743,0.0010437585834413767
2163,0.0009272875833428568,0.0009916460909880698,0.0009512483417315203,0.0010464386017993094
2164,0.0009564573092696567,0.000966071190778166,0.0009537243024083891,0.0010550765378400685
2165,0.0009404689073562623,0.0009727014158852398,0.0009540947476350186,0.001049989057891071
2166,0.0009379058429557416,0.0012134073139168323,0.0009519677535785985,0.0010408403574489059
2167,0.0009718671099593242,0.0010926148388534784,0.0009515888379214126,0.0010448478571139276
2168,0.0009203930411280857,0.000998706491664052,0.0009519084213767202,0.0010462063543498516
2169,0.0009727540392325156,0.0010091816727072001,0.0009530543667833426,0.0010425796183757485
2170,0.0009303939593438473,0.001028711402323097,0.0009531048166099938,0.0010448361265473069
2171,0.000972497064827217,0.000958411127794534,0.000955440388283589,0.0010525816144421696
2172,0.0009316375039310919,0.0011480163596570491,0.0009565863425170797,0.001050875566806644
2173,0.0009372894326224923,0.0011738944659009575,0.0009557438791884731,0.0010529586347751319
2174,0.0010127504565753042,0.000990174082107842,0.0009551627270980843,0.0010531273958273232
2175,0.00093504773452878,0.0010559522546827794,0.0009540360067764091,0.0010511607715860008
2176,0.001015083020966914,0.0012070203572511673,0.0009543718779770037,0.0010511028156615792
2177,0.0009371113632288244,0.0009712357283569872,0.0009540417785187149,0.0010528765535913409
2178,0.0009458320642200609,0.0009944732626900076,0.0009551572569180281,0.00105351190418005
2179,0.0009282320750773781,0.001106685947161168,0.0009544767318966074,0.0010433160579763354
2180,0.0009606485875944296,0.0010418555606156587,0.0009533046647130202,0.0010395463960245254
2181,0.0009566602853333785,0.000983613438438624,0.0009542342917941923,0.0010402570563368498
2182,0.0009456626517284248,0.0010168670839630068,0.000954254021645627,0.001040132941212505
2183,0.0009876764374267724,0.0013123710243962705,0.0009555118706646477,0.001037745254766196
2184,0.0009860341232787403,0.001022664976771921,0.0009543216512797192,0.0010438755195587874
2185,0.0009755136988436182,0.0010524082742631436,0.0009545980116404179,0.0010375490391626955
2186,0.0009251909581426945,0.0010063928319141268,0.0009545953386928887,0.0010343399989418685
2187,0.000940504918495814,0.000963942096568644,0.0009523096531163901,0.001034046841505915
2188,0.0009356843633577228,0.000990197192877531,0.0009530762759089055,0.0010403183521702885
2189,0.0009482048228124364,0.0010104146390222013,0.0009516481917817145,0.0010327553671784697
2190,0.0009683558673390911,0.0009885851806029676,0.0009524669648148118,0.0010366502537392079
2191,0.000920892717420227,0.000958511158823967,0.000953451762938251,0.0010407022247090935
2192,0.0009425654303696421,0.0009983732900582254,0.0009566621172759268,0.00103497071871534
2193,0.000943633718157394,0.001016472999472171,0.0009557615428852536,0.0010322605359368027
2194,0.0009732472855183813,0.0010060787945985793,0.000955777478456083,0.0010345019578933716
2195,0.0009618401848193672,0.0009690192411653698,0.0009556408059679798,0.0010367932122200727
2196,0.0009427415802040034,0.0011116677476093173,0.0009537435593600901,0.0010237709054723382
2197,0.0009385465129485561,0.0009898543497547506,0.0009507182692488033,0.0010215465213172137
2198,0.00093722260893426,0.0010936684603802859,0.0009489629951202205,0.0010201283076778055
2199,0.0009556083171628416,0.0009828451462090015,0.0009496259517036377,0.0010183792061172427
2200,0.0009542133043416672,0.0012127400212921203,0.0009494274246092472,0.0010220735592767597
2201,0.000979380917787138,0.0010179457324557006,0.0009504384907272953,0.0010227289407514035
2202,0.0009575806890562591,0.0010686078923754394,0.0009515964906817923,0.0010211329310201107
2203,0.0009704520173060398,0.0010957725369371474,0.0009500199204776437,0.0010372144469060003
2204,0.0010084909335192707,0.0009633982973173261,0.000952113861616494,0.001042126938980073
2205,0.0009381342278276053,0.0009741009911522269,0.0009517254846532725,0.0010428126120008527
2206,0.0009570586746041145,0.0010396489873528481,0.0009526170250804474,0.0010424289179965854
2207,0.000942245839525842,0.0010741484421305358,0.0009518553753538678,0.001045473666023463
2208,0.0009402452722295291,0.0009868133557029068,0.0009518730329608338,0.0010450966354459525
2209,0.000910401870496571,0.0009670553728938103,0.000951650754802136,0.0010400497649796306
2210,0.0009316318456290497,0.0010169529332779348,0.0009513847323031063,0.001040879931114614
2211,0.0009417648727281226,0.0009626652929000557,0.0009503861309132643,0.0010377198416739704
2212,0.0009355417411360476,0.0010563009255565702,0.000949183723051101,0.0010408440127968788
2213,0.0009609610163089302,0.0010065817297436298,0.0009481392611025108,0.0010309346205554905
2214,0.0009771548216748569,0.0009705143957398831,0.0009463088055348231,0.0010288959378376603
2215,0.0009289416122353739,0.001390623077750206,0.0009484160143209416,0.0010253878491930663
2216,0.0009732412458914849,0.001081323460675776,0.0009474212783750975,0.00101991806589067
2217,0.0009328560062891079,0.0010155151155777275,0.0009449710893392979,0.0010207642401568592
2218,0.0009659222288367649,0.0010068806493654847,0.0009447682411772096,0.0010200916267931461
2219,0.0009542060423538916,0.0010821974952705204,0.0009437977290557077,0.001017533644940704
2220,0.0009622816249935163,0.0009595934767276049,0.0009461523072121459,0.0010307504865340888
2221,0.0009371846262365579,0.0009854959859512747,0.0009463646779819911,0.0010405587761662901
2222,0.0009318959504728102,0.0010106085031293332,0.0009476963558286017,0.0010427807855419814
2223,0.0009122575741882126,0.0010146662243641913,0.0009473583597534648,0.0010420827512629329
2224,0.0009255481206087603,0.0010609494242817164,0.0009483950590145672,0.0010425603359937668
2225,0.0009281017556269135,0.0009650052152574062,0.0009487032833250448,0.0010388822923414409
2226,0.0009336195285949442,0.0009669786645099521,0.0009497562483418734,0.001041490996070206
2227,0.0010102609087092181,0.0009809056762605905,0.0009485877903437035,0.0010411952208727597
2228,0.0009455836186599401,0.000959027954377234,0.0009493551856062067,0.0010259717226028442
2229,0.0009472362076242765,0.0009845526539720595,0.0009493766036660721,0.0010263911318965256
2230,0.000933063023775402,0.0009572856570594012,0.0009494869481203042,0.0010264798526652156
2231,0.0009327958715665671,0.0009756994410417974,0.0009488454727921634,0.0010270422975532708
2232,0.0010011102934367954,0.0014045694819651545,0.0009486185964973022,0.0010245997619815171
2233,0.000945554541475657,0.0012320205965079367,0.0009478934997537484,0.001025999899301678
2234,0.0009436938166618347,0.0010226056072860955,0.0009471384091147532,0.0010252906667999923
2235,0.0009231819437506299,0.0009995020763017238,0.0009471445634236766,0.0010282635984010995
2236,0.0009676823542556829,0.0009746049111708999,0.0009482539103469914,0.0010267691490240395
2237,0.0009432473488979869,0.0009643498342484236,0.0009483896432547933,0.00102992492839694
2238,0.0009872851417296463,0.001071799322962761,0.0009503438701025313,0.001041074799746275
2239,0.000947943371720612,0.0009631200158037246,0.0009510450637123238,0.0010408327085897327
2240,0.0009481264937979479,0.0010100356210023165,0.0009481880223119841,0.0010404644277878107
2241,0.0009737766973881257,0.0010918086930178106,0.0009481127085888553,0.0010416695544496178
2242,0.0009356146176449126,0.0010177331347949803,0.0009480330877730417,0.0010421758715063335
2243,0.0009498853456332451,0.0010209417715668677,0.0009484355526976288,0.0010425611246377231
2244,0.0009485341349823607,0.001021134105976671,0.0009486445516761808,0.0010451015792787076
2245,0.0009441542064046694,0.0009945969097316266,0.0009457693778754524,0.0010287742991000413
2246,0.0009183073602616787,0.0009677651734091342,0.0009451337383697845,0.0010252231022343037
2247,0.0009320498081958956,0.0010849317931570113,0.0009449550996275827,0.0010251739177852869
2248,0.0009399912472710841,0.0009773049899376928,0.0009458316361376396,0.0010243776964955031
2249,0.0009289414433038069,0.0011398439086042344,0.0009443463721053882,0.0010302931789308786
2250,0.0009769574268203643,0.0012437519989907742,0.0009442551477139608,0.0010300272157415748
2251,0.0009511493688397523,0.0009609263855963945,0.0009433185343061471,0.0010259006562642753
2252,0.0009388348737007214,0.0009716986562125385,0.0009436294925347384,0.0010259869623929264
2253,0.0009437007755817224,0.0009891561209224165,0.0009432658386571954,0.0010311661809682849
2254,0.000945245687228938,0.0009972105803899467,0.0009427115143225011,0.0010390500815585257
2255,0.0009431246468900806,0.0009669169853441417,0.0009440275565048474,0.0010402633872814478
2256,0.0009380208460303644,0.0010392108070664107,0.0009432622213589235,0.0010379401063546538
2257,0.0009292309484185858,0.0009963874774985015,0.0009427970974654374,0.0010378386157564817
2258,0.0009296635538339615,0.0011432406748645007,0.0009423364015503062,0.0010427909333258869
2259,0.0009392278481067883,0.0010213759960606694,0.0009432254816508957,0.0010463803071528673
2260,0.0009450953565020528,0.0009795965440571308,0.0009448202504052058,0.0010455255006439983
2261,0.0009305507534494002,0.001122491972055286,0.0009449802066406442,0.0010470628169365226
2262,0.0009409667391123043,0.0009577007545158267,0.0009460968633389307,0.0010401962439529596
2263,0.0009638698065343003,0.0009686353360302746,0.0009447031370364129,0.0010319395576603707
2264,0.0009557173274353974,0.0009652776690199971,0.0009435283785634155,0.0010328673015348613
2265,0.000939035146859371,0.0011395160853862763,0.0009430917081681804,0.0010340569182299077
2266,0.0009599185890207688,0.0012889062077738344,0.0009434699770477083,0.0010389285368844867
2267,0.0009685156722035673,0.0010480657778680325,0.0009444143747393456,0.0010386575617827474
2268,0.0009307519669851496,0.0009628597483970225,0.0009445866619236766,0.0010421484458260238
2269,0.0009369060376452075,0.0010185968410223723,0.0009444961557061308,0.0010407424278557301
2270,0.0009326368085263918,0.0011184048489667475,0.0009444940871817784,0.0010397166028618813
2271,0.0009405343627764119,0.0010574995190836488,0.0009456022208194351,0.0010341045191511512
2272,0.0009719190270536475,0.001063561630435288,0.0009466240223031491,0.0010334781615063547
2273,0.0009439901531570488,0.0010157378972508013,0.0009462162092276332,0.0010324620972387492
2274,0.0009568578607609703,0.0009681795840151608,0.0009474248380451981,0.001030105775501579
2275,0.0009421142692574196,0.0010373348416760563,0.0009484533415020755,0.0010304089091718197
2276,0.0009217804070148203,0.000984119982458651,0.0009477195942412234,0.0010414522793143987
2277,0.0009279181138198408,0.0010014390735886992,0.0009477706202978476,0.0010433316137641669
2278,0.0009531574975699186,0.0011109465872868895,0.0009468059201362647,0.0010370702548883855
2279,0.0009688556295198698,0.0009904362028464674,0.0009463542871228938,0.0010381281201727686
2280,0.0009474318264983594,0.0010541890864260496,0.0009456439794817319,0.0010425088244490326
2281,0.0009357581905917161,0.0010040603578090669,0.0009473392765710338,0.0010476902766153216
2282,0.0009291792353097764,0.0009707418526522815,0.000947864190918497,0.0010512932765297592
2283,0.0009573668947753807,0.001002938582096249,0.0009486445571502877,0.0010506104247644543
2284,0.0009647728851996363,0.0010057170549407602,0.000948160605153276,0.0010468272327445447
2285,0.0009349000296141538,0.0009541949373669922,0.0009464049909470812,0.0010526737151667475
2286,0.0009607664738885231,0.0010635839286260308,0.0009484970246545144,0.0010509187667630613
2287,0.0009666793255342377,0.0009652790962718427,0.000947610562801775,0.0010522269921377301
2288,0.0009455261250130004,0.0012447195895947515,0.0009482359462831583,0.0010489377069287003
2289,0.0009569929788510005,0.0010122610302641987,0.0009482902267378652,0.0010502022883854807
2290,0.0009149176428197987,0.0009829821134917439,0.0009488060937935694,0.001051268078200519
2291,0.0009486277636864947,0.0013153528398834168,0.0009474168054604284,0.0010474245036952196
2292,0.0009507579811745219,0.0011575833847746254,0.00094755138509079,0.0010482917641289533
2293,0.0009731343942176964,0.0010923960525542498,0.0009472837721670256,0.001045267707016319
2294,0.0009500288963317871,0.0011086718388833106,0.0009487804989071773,0.001044698859844357
2295,0.000952145964321163,0.0011013335548341273,0.0009485706994516983,0.00104472337923944
2296,0.0009284355628511144,0.0009629197185859085,0.000948056479657276,0.001045159935299307
2297,0.0009280286718987757,0.0012097236909903587,0.000948103439797544,0.0010471321377903222
2298,0.0009962909958428807,0.0009718641871586442,0.0009479607495893208,0.0010475210584700108
2299,0.0009346963144424889,0.0010008852183818818,0.0009469968414503254,0.0010451049271970987
2300,0.0009577488562920027,0.0009551027114503086,0.0009470401057611324,0.00104688273742795
2301,0.0009231374183824906,0.001015734518878162,0.000946745450132423,0.0010360548557713626
2302,0.0009408147902124458,0.0010280838189646601,0.0009470057906272511,0.001036255261208862
2303,0.0009184252892413901,0.0010148572246544063,0.0009478731904178858,0.001038610997889191
2304,0.0009722201202789115,0.0010121177136898042,0.0009466514445013471,0.0010355395785532893
2305,0.0009407415034042464,0.000978587658610195,0.0009469046322939297,0.0010286582812666894
2306,0.0009731763590955072,0.0009898391785100103,0.0009445245223844217,0.0010232120406813922
2307,0.0009239342489228067,0.0009713548375293612,0.0009438498508081668,0.001019218534603715
2308,0.000944511399914821,0.0010138524835929274,0.0009433608404153752,0.001016589257773012
2309,0.0009659468887063365,0.00105502211721614,0.0009439533216775292,0.001017081634234637
2310,0.0009313327744085756,0.0009639179543592035,0.0009436940846757756,0.0010119486302137375
2311,0.0009366687704136388,0.0010031806468032301,0.0009412208040555319,0.0010122665391303599
2312,0.0009677609333044125,0.0010097243520431221,0.0009407657472623719,0.0010117205841466785
2313,0.0009381597342952672,0.0009740225481800736,0.0009398412016530831,0.0010119686022400855
2314,0.0009635014912217027,0.0010172711662016808,0.0009403193839049587,0.0010099349710159004
2315,0.0009366026375856665,0.001041875530499965,0.0009400085287427322,0.0010067606385797262
2316,0.0009180841157730255,0.0012385673564858735,0.0009410404587733663,0.0010046438707038761
2317,0.0009570876759890881,0.0009855509526096285,0.0009388973854430435,0.0010028317502699792
2318,0.0009136316464799974,0.0009562400379218161,0.0009381983126461919,0.0010020583853125571
2319,0.0009331621069254147,0.0010088341869413852,0.0009358377119578007,0.0010112124253064394
2320,0.0009399207045013706,0.001035601634066552,0.0009394985877080925,0.0010107120400294663
2321,0.0009432475944049656,0.0009752291301265359,0.0009398013969469403,0.0010132177999243141
2322,0.0009215477468549377,0.0010813985904678703,0.0009391448395740656,0.0010123328475281595
2323,0.0009344589803367853,0.0009798119100742043,0.0009392711715876229,0.0010150318569503724
2324,0.0009233198946134912,0.0009872363437898456,0.0009388532738460022,0.001016251963470131
2325,0.0009346352160597841,0.0009613031637854874,0.0009377836856835833,0.001018514188658446
2326,0.0009350919746793807,0.0009648937382735312,0.0009374666160903872,0.0010200617735274136
2327,0.0009330434111567835,0.0009487255080603063,0.0009358502485168478,0.001025713033322245
2328,0.0009442235400072402,0.0009619380277581513,0.0009368238800308772,0.001022636428382248
2329,0.000918643287020839,0.0009668147028423845,0.0009372617526186838,0.0010121032384224238
2330,0.0009232646834829616,0.0009592535346746445,0.000935949749613388,0.0010110939650796356
2331,0.0009141613418857257,0.0012186901783570647,0.0009374221422916487,0.001012953284289688
2332,0.0010154561426800985,0.00095884520560503,0.0009365059550748105,0.0010139178472571076
2333,0.000952081630886015,0.0010764964809641241,0.0009367556272178063,0.0010152354758232833
2334,0.0009495329543844694,0.00103289830731228,0.0009360232933631375,0.0010204461043700577
2335,0.0009344910747475095,0.0010313931899145245,0.0009363784140803749,0.0010227649884298443
2336,0.0009262213268731203,0.0010336833097971975,0.0009359288953451647,0.0010293084407225251
2337,0.0009410212292439408,0.001066279981750995,0.0009382026726897394,0.0010287078272551299
2338,0.0009302329944653644,0.001012712169904262,0.0009378295772088072,0.001030227450001985
2339,0.0009230923018832173,0.0011585526610724628,0.0009377559006007181,0.001036389135196805
2340,0.0009609434254364008,0.0009649604070000351,0.0009382649707400964,0.001036449890397489
2341,0.0009290309304681917,0.0009752376074902713,0.000937698175592555,0.0010376872800290586
2342,0.0009242876008566883,0.0009603191190399229,0.0009393025811968579,0.001041941883414984
2343,0.0009504414634365175,0.0010027230181731284,0.0009404454183247355,0.0010468191022984684
2344,0.0009102574265044596,0.0010329482611268759,0.000942379880655143,0.0010390326513908803
2345,0.0009461625080762637,0.0010685423482209445,0.00093935821135011,0.00104074862934649
2346,0.0009249392480382489,0.0011054948437958956,0.0009377042450114259,0.001035515995230526
2347,0.0009304257647858726,0.0011393706919625402,0.0009365130188771423,0.0010391861068084838
2348,0.0009232210119565328,0.0011433982173912228,0.0009374953629035089,0.001038207633700222
2349,0.0009801643282278543,0.0009722210071049631,0.0009392036828212441,0.0010396410283632577
2350,0.0009253078290364808,0.000999293732456863,0.0009389144680566259,0.0010469825939275325
2351,0.0009332500594771571,0.0011189358681440353,0.0009399494484273925,0.0010462096222676337
2352,0.0009457701646412413,0.000950244388077408,0.0009421236313362089,0.0010377711598761382
2353,0.0009300536613187028,0.000992872768547386,0.0009411716208275821,0.001037726570852101
2354,0.000958753427128411,0.0010731797874905169,0.0009415504683429996,0.0010382571451365947
2355,0.0009518356116799017,0.0010811840067617596,0.0009417185522305469,0.0010378139599226414
2356,0.0009625229001459148,0.0010240289056673646,0.0009403101030530202,0.0010361308091320098
2357,0.0009399144100542698,0.0010017446544952691,0.0009400002583964832,0.0010327828806824982
2358,0.0009107324724189109,0.0009456806280650199,0.0009395090154165195,0.0010299839160405099
2359,0.0009197523010273774,0.0011246510967612266,0.0009389561675540688,0.0010237674463540315
2360,0.0009590496754066811,0.0010069313622079789,0.0009390514944628295,0.001016279903613031
2361,0.0009689293248164985,0.0010695181763730943,0.0009393839689333821,0.0010094590064138175
2362,0.0009337908601284855,0.0012498191208578646,0.0009373868648842392,0.0010089103931561112
2363,0.000956107503734529,0.000993387878406793,0.0009376322879042064,0.0010083674012683333
2364,0.0009774468746036292,0.0009475911012850702,0.000937861050810251,0.0010030201409012079
2365,0.0009371431627207332,0.000963845681399107,0.0009376764963691434,0.001006646759621799
2366,0.0009385021183536285,0.0009885019646026195,0.0009383687784688342,0.001005626701377332
2367,0.0009284896980453697,0.0009492394886910916,0.0009368529878763689,0.0010026786686852575
2368,0.0009152302339983483,0.0009606442484073341,0.0009362374012358487,0.0010016726359724998
2369,0.0009025113100910353,0.0009492500498890877,0.0009345353973925942,0.0010003478285856545
2370,0.0009338814335771733,0.0009985682321712376,0.0009355264547591407,0.0009994444232434034
2371,0.0009111180514769835,0.0009500831016339362,0.0009369030406698583,0.0010061074567958713
2372,0.0009328089375048876,0.0009521821234375239,0.0009394213796489768,0.0010036729134619237
2373,0.0009315328737203446,0.0009728757874108851,0.0009387041188673013,0.0010011320138350128
2374,0.0009302367269992828,0.0009585056756623089,0.0009369325971644785,0.0009962594229727985
2375,0.0009314434045356595,0.0009857189352624118,0.0009380576998098856,0.0009861424779519438
2376,0.0009389691321282751,0.0009852543589659035,0.000936277585900906,0.000986239724699408
2377,0.0009411563036135502,0.0010409098560921848,0.0009352027739812102,0.000987687985878438
2378,0.0009473607138109704,0.0009673713124357164,0.0009343104726738399,0.0009871071146801114
2379,0.0009208586623167826,0.0009994789701886476,0.0009332661938232679,0.0009873760707676412
2380,0.000936445945666896,0.0010560331889428198,0.0009339597114672262,0.0009880301069468262
2381,0.0009199728040645519,0.0009909087209962308,0.0009342564443850682,0.0009946107437834144
2382,0.0009646908442179362,0.0009791595209389925,0.0009354209104138944,0.0009963720486499369
2383,0.0009451471201868521,0.0011122564668767155,0.0009361298723042839,0.0009957143501378597
2384,0.0009827107755053374,0.0010637875134125352,0.0009362058557932161,0.0010096857401542365
2385,0.0009411181558647918,0.0009434088715352118,0.0009392113460383066,0.0010096082705073057
2386,0.0009246412822459306,0.0009477034048177302,0.0009403389513544323,0.0010091219052672385
2387,0.0009619184262636636,0.0009968954953365027,0.0009407883070150597,0.0010191525020636619
2388,0.0009116046560100383,0.0009958190470933915,0.0009407636926250738,0.0010175683111418039
2389,0.0009505765766112341,0.0009837976307608188,0.0009429853581254265,0.0010186637286562473
2390,0.0009148356300364766,0.0009493239014409482,0.0009420072510890247,0.001015863923402503
2391,0.000912395147089329,0.0009952258667908608,0.0009416841136550322,0.0010154359774198383
2392,0.000945827639144328,0.0009655903931707144,0.0009420682281100501,0.0010135317392181604
2393,0.0009226485569443967,0.0011251601693220436,0.0009415512645151465,0.0010241921646986158
2394,0.0009316229608116878,0.0009932826715521514,0.0009437359656569444,0.001024657264025882
2395,0.0009516054808369113,0.000982125769369304,0.0009420745017990056,0.0010243778537493203
2396,0.0009130176387002898,0.0012993678520433604,0.0009408777007263982,0.0010202441969420764
2397,0.0010079461936321524,0.0009502453822642564,0.0009387793307554806,0.001015728117944673
2398,0.0009597230066234867,0.000960716656409204,0.0009385463814095906,0.0010174457450862976
2399,0.000941470618514965,0.0012092705955728889,0.0009383950905822631,0.0010342008504550906
2400,0.0009308280447860145,0.000946114162215963,0.00093891110361502,0.001037614058563486
2401,0.0009945107696370946,0.0010126397968269884,0.000939957910613157,0.0010355470284353942
2402,0.0009167036277035045,0.0009709147247485817,0.0009391563172684984,0.001034386218013242
2403,0.000939282277961158,0.0009566726628690958,0.0009408826032886283,0.0010349508521612734
2404,0.0009304615236922271,0.0009518730151467026,0.0009418624831596389,0.0010360242718365042
2405,0.0009235218557943072,0.001322543825954199,0.0009420289379363466,0.0010396095903124662
2406,0.0009745903326094979,0.0010025362041778862,0.0009426999713423559,0.001035708035575226
2407,0.000923154247769465,0.0009721742640249431,0.0009434745114839946,0.001042687290115282
2408,0.0009152270933716661,0.0010089150466956198,0.0009438552110895722,0.0010410149496514352
2409,0.0009302515262323949,0.0009508855384774506,0.0009437608502624143,0.0010272404917050155
2410,0.0009352944222175412,0.000986349550075829,0.0009400851762982914,0.0010298165581654759
2411,0.000920859011562748,0.0013665810390375555,0.0009378193851586226,0.0010295865813735874
2412,0.0009748187520825821,0.0010822256980463863,0.0009375103177321662,0.0010248073296155783
2413,0.0009377748309634626,0.000944143293891102,0.0009382720008570082,0.0010262427020817997
2414,0.0009305367429947687,0.0009547773702070117,0.0009363628546060583,0.0010237509231548758
2415,0.0009579927805397246,0.0009634397551417351,0.0009372503216869924,0.001024188342643902
2416,0.0009368921438645986,0.0010220613586716355,0.0009361656966903765,0.0010288921588566154
2417,0.0009499890085620184,0.0010552233550697565,0.00093704321443155,0.0010293127404991536
2418,0.0009394243920946287,0.0010276213008910417,0.0009371389701833121,0.0010193121438380331
2419,0.0009509864643526574,0.0011677640350535512,0.0009352166657620627,0.0010174031566362826
2420,0.0009611229709763494,0.0009403172577731312,0.0009343587474043791,0.001016492354730144
2421,0.0009106586180213425,0.0009550064033828676,0.0009340124099282548,0.0010188569196034223
2422,0.0009160543445290791,0.0010146470437757671,0.0009347804724626866,0.001024743794510141
2423,0.0009030782281317644,0.0009549672366119921,0.0009341012809917124,0.001023369441041723
2424,0.0009337439328535563,0.001089789301622659,0.0009357443501681296,0.0010078991782385856
2425,0.0009498701229070624,0.0009819984738714993,0.0009340979745973731,0.0010036716401111336
2426,0.0009467821133633455,0.0009503453236538917,0.0009335310716233734,0.0010147617483045907
2427,0.0009388903047268589,0.0009818502119742333,0.0009344391120442501,0.0010193413556087764
2428,0.0009121666530457636,0.0010742680681869387,0.000932513539198165,0.0010193174357060345
2429,0.0009523994672215648,0.0009623875562101603,0.0009360199892634732,0.0010236288726795464
2430,0.0009259157495883604,0.0010725289094261825,0.000935540352611699,0.0010229475765954706
2431,0.0009265327220782638,0.0009548115241341293,0.0009351781072146775,0.0010220597025472672
2432,0.0009017062888273762,0.0009494042163714767,0.0009361855214616903,0.001021977456798777
2433,0.000906568656468557,0.0010680291685275733,0.0009350828151787733,0.0010224095813464375
2434,0.0009494530895931854,0.0010980574111454189,0.0009360019616937884,0.0010230239893775433
2435,0.0009183146354431907,0.000951990713365376,0.0009371759885922074,0.001021364776743576
2436,0.0009619357409731795,0.0009798244689591229,0.0009375628959180579,0.0010221690738108009
2437,0.0009336593628136648,0.0009765372448600828,0.0009370643109083177,0.0010241805730853229
2438,0.0009236022566134731,0.0012213959987275303,0.0009362125970474961,0.0010292860118206592
2439,0.000953237753516684,0.0010692675528116524,0.0009359489030566896,0.0010312239965423943
2440,0.0009098534593876038,0.0009628417575731873,0.0009381136449416066,0.0010323691338300705
2441,0.0010245533954973023,0.0011298472830094397,0.0009391969879623503,0.0010311424345709383
2442,0.0009379980922676623,0.0010381909529678524,0.0009397383428126988,0.001030466966982931
2443,0.0009303682571690944,0.001005424449685961,0.0009387518621205043,0.0010274396745488048
2444,0.0009761718205279774,0.0011657078913412987,0.0009381544095826233,0.0010345502888783813
2445,0.0009335553139034245,0.0009511203714646399,0.0009393805007812464,0.0010353137348778545
2446,0.0009336372808967199,0.0009703666041605175,0.0009410231625506033,0.0010368153334595262
2447,0.0009454050169895507,0.0009731667279265821,0.0009404561760887089,0.0010359272806905212
2448,0.0009127509112780293,0.0009750746632926166,0.0009414123184409821,0.0010365688499063255
2449,0.0009212793076100449,0.0011400767834857106,0.0009399766160796085,0.0010390575013123453
2450,0.0009285772763865276,0.0011096344422549009,0.0009389199921964772,0.0010437582769431174
2451,0.000940189763593177,0.0009987949416972698,0.0009398059408387376,0.0010364917640574276
2452,0.0009930088518497844,0.0010104786441661419,0.0009389413836360392,0.001033384936209768
2453,0.0009392502285643584,0.001043600586708635,0.0009402101574206932,0.0010325919189024717
2454,0.0009659333384802772,0.000945500866509974,0.0009361657615285366,0.0010250377149786801
2455,0.0009012537322834962,0.000996846598573029,0.0009354556806851177,0.001027392517821863
2456,0.0009115964086312386,0.0011325768823735416,0.0009366179136404147,0.0010256208225153387
2457,0.0009323585687929558,0.00096849036635831,0.0009346329816358372,0.0010221584745682777
2458,0.0009476352007024818,0.0011055691330693661,0.0009346594840443383,0.0010228982800617814
2459,0.0009352784280458258,0.0010758560919202865,0.0009337022645864636,0.001025332020223141
2460,0.0009422181942500174,0.0009680299437604845,0.0009329354825843541,0.0010240522601641716
2461,0.0009260431819388436,0.001042040754109621,0.0009331432161335316,0.0010315011956728995
2462,0.0009072437657353778,0.0010940566356293856,0.0009339144463857844,0.0010248128395527604
2463,0.0009457509726699855,0.001039733176585287,0.0009338399048635944,0.0010397151350975038
2464,0.0009316238234492226,0.0009915968566201628,0.0009364188687720647,0.0010549579532817008
2465,0.0009415728040039539,0.0009430163248907774,0.0009338222728990434,0.0010526887495070697
2466,0.0009234434981933899,0.0009409921849146486,0.0009330253836129688,0.001051904851011932
2467,0.0009202460711821913,0.0010970610240474343,0.0009319872622222951,0.0010523127011023462
2468,0.0009594240810515152,0.0009611320670228451,0.0009335260291635577,0.001052267720922828
2469,0.0009265485204135378,0.0010791491926647723,0.000934313426658304,0.0010456214860081674
2470,0.0009342178741159539,0.0009696155088022351,0.0009340128273547937,0.0010452782764099541
2471,0.0009097067944498526,0.0010312101081945003,0.0009330222640031327,0.0010401931890286506
2472,0.0009262354669368102,0.0009411727264523506,0.0009352900999753424,0.0010441986406221986
2473,0.0009179442500074704,0.0011612980510108174,0.0009354183956411563,0.0010485521141439676
2474,0.000940560063916362,0.0009728678804822266,0.0009350800751811927,0.0010448361043352635
2475,0.0009267137383317782,0.0014821918308734895,0.0009362636953799258,0.001041181322792545
2476,0.0010046638613049354,0.0013798653963021934,0.0009345216644513935,0.0010376879076473414
2477,0.000928093955024249,0.0009537485498003662,0.0009349296395304713,0.0010361519006546588
2478,0.0009193279964124991,0.0010240031243301927,0.0009337898678405001,0.001036727748764679
2479,0.000939980303713431,0.0009556971187703312,0.0009338837498022862,0.0010384361819829793
2480,0.0009397229058150616,0.0009957220940850675,0.0009335987722552898,0.0010353403099346908
2481,0.0009312813459999032,0.0009664210095070302,0.0009331305750904396,0.0010346982389688494
2482,0.0009248435862051944,0.0009599101264029742,0.0009330675055842019,0.001029340200778097
2483,0.0009228711169109576,0.0009784419485367834,0.0009322929983389461,0.0010348327795974912
2484,0.0009919743273510701,0.001175992381758988,0.0009328067779799715,0.0010332074733451011
2485,0.0009454255858953628,0.0010768667818047107,0.0009324240061402734,0.0010356059767305853
2486,0.0009175851704397549,0.0009491405088920146,0.0009323557443658097,0.0010277623471803964
2487,0.0009368342707037098,0.0010026870970614255,0.0009329837154545302,0.0010519117513671519
2488,0.0009022001994566785,0.0009523977979552001,0.0009343306735313186,0.0010344734172336757
2489,0.0009418232004261679,0.0009531966818030924,0.0009316773774671472,0.001018157732207328
2490,0.0009130785117546717,0.0009574125276412815,0.0009327990880184289,0.0010273304278962314
2491,0.000925790547238042,0.0009837030153721572,0.0009331517059252494,0.0010244148972444237
2492,0.0009131216325072778,0.0010196642228402198,0.0009326357796529516,0.0010252545231953264
2493,0.0009477191519302626,0.0009450802928768099,0.0009322367639953479,0.0010255310162901878
2494,0.0009249717827575902,0.0009451982378959656,0.0009324530106089596,0.0010277535380795596
2495,0.0009148551929845578,0.0011069299792870878,0.0009323467432469545,0.0010280005647800865
2496,0.0009225512854754925,0.0009905774518847465,0.0009318460815948332,0.0010286693323403597
2497,0.0009166661709443562,0.001001135311089456,0.0009278913622773773,0.0010219467825256289
2498,0.0009162377056458758,0.0009652073122560978,0.0009270377064382453,0.0010169922134838998
2499,0.0009562593411343793,0.001576602985151112,0.0009262631363752818,0.0010223364196252078
2500,0.0009603876902514862,0.001046233477536589,0.0009258734958556793,0.001021806944301352
2501,0.0009383314597006474,0.0009719732706435025,0.0009278351065495778,0.0010294699010439216
2502,0.0009561367188062933,0.0011830659420229495,0.0009269313251703151,0.001036066808970645
2503,0.0009281434440830101,0.0009511148580349982,0.0009275668726923567,0.0010356462850235402
2504,0.0009270821469059834,0.0009766877675428986,0.000930147442325122,0.0010480305314064027
2505,0.000929747514374968,0.0010026344214566052,0.000931110111013469,0.0010449321085587145
2506,0.0009366875113401976,0.0010219840542413294,0.0009303887525055973,0.0010469965130090713
2507,0.0009221869021550649,0.0009660857939161361,0.0009297704982467825,0.0010480882269330322
2508,0.0009103545756079256,0.0009951611375436187,0.000929661847682049,0.0010422023352235554
2509,0.000893106344414668,0.001007928636390716,0.0009292453534176782,0.0010409705446101725
2510,0.0009240841899170644,0.0009530025557614863,0.0009290642637345527,0.001039316439628601
2511,0.0008982209188656675,0.0010827456624247134,0.0009289003126633665,0.001039099454600364
2512,0.000927093257713649,0.0009894502139650284,0.0009271354961726402,0.0010144266426563265
2513,0.0009512404668041402,0.0011439717165194453,0.0009252055457172297,0.0010109686110168698
2514,0.0009192286659446028,0.0011181193799711764,0.0009241578444838526,0.0010104809876531366
2515,0.00092896719980571,0.0009468994289636612,0.0009223979328862497,0.0010015496574342253
2516,0.0009903047880571749,0.0012933091749437154,0.0009217577522775782,0.0010018963705748323
2517,0.0009371883497159514,0.0009422036516480148,0.0009211600235559876,0.0010012201673351231
2518,0.000929685189233472,0.000996690404135734,0.0009204556801356377,0.0009995060979388658
2519,0.0009095154262872205,0.0009724910859949887,0.0009194737368366787,0.0009970180432312195
2520,0.0009121389288662209,0.0009597826865501702,0.000919071817905125,0.0009967659189365808
