epoch,train_loss,val_loss,train_loss_smooth,val_loss_smooth
1,0.16119638890027999,0.08126207828521728,0.10717518674400116,0.06471740921735765
2,0.05877801835536957,0.04959021911025047,0.10255703300568793,0.06324935824275017
3,0.04925532753268878,0.04806302145123482,0.09792156350877548,0.061758146488666545
4,0.048819962011443244,0.04752547800540924,0.09327038940257497,0.060258617776632314
5,0.048603143559561836,0.04737296387553215,0.08860041700336668,0.05872683811187745
6,0.04832440166009797,0.04742585048079491,0.08391074515448678,0.05717552087306978
7,0.04807509135868814,0.04687124073505402,0.07920019319785969,0.05561571564078331
8,0.047774056676361296,0.0463578499853611,0.07447237730423611,0.05401573833823204
9,0.04748822505275408,0.04629196614027023,0.06971759486264652,0.052405552655458446
10,0.04716301754117012,0.04607909560203552,0.06494094115959273,0.05076272100806237
11,0.04686659900678529,0.045592078417539594,0.06013637828959359,0.049120929265022276
12,0.04650556767980258,0.04531239986419678,0.055311880997816726,0.04742707606554031
13,0.04617320246166653,0.04504604905843735,0.050458768385648736,0.04571435584425926
14,0.04574254544244872,0.044560803920030596,0.0455793991247813,0.04396372539401054
15,0.04530965147746934,0.04398178443312645,0.044766326689057896,0.04345769165754317
16,0.0449170362452666,0.043773860484361646,0.044308147562874704,0.04297683787941932
17,0.04444707892007298,0.0429675866663456,0.04383991737398837,0.04248591749668121
18,0.043954592678281994,0.04247914731502533,0.04335265991389752,0.04198376697897911
19,0.0434325899846024,0.042266947478055955,0.04285327517357138,0.04144231712818146
20,0.0430009915596909,0.041262645721435544,0.0423382182839844,0.04090995494127274
21,0.04232682786054082,0.04100743621587753,0.04181255634923776,0.04037443770766259
22,0.04178004632393519,0.040191287100315096,0.041276320963766835,0.03980896445512772
23,0.0410823171503014,0.040217284709215165,0.040731909007496306,0.03924624235630036
24,0.04058395660585827,0.038915748298168185,0.04018313624130355,0.03867305535674096
25,0.03986857359608014,0.03844407275319099,0.03963271095686488,0.03809809124469758
26,0.03921215737859408,0.03749631702899933,0.03908427026536729,0.03752758423089981
27,0.0384512074622843,0.03693937569856644,0.03854004823764165,0.036963736557960515
28,0.03780084937810898,0.03604167699813843,0.03800587283339765,0.036415792417526245
29,0.03711420728928513,0.035252468436956404,0.037476668835017414,0.035870317471027376
30,0.03642170705729061,0.034819200932979584,0.036960677234000636,0.0353551602602005
31,0.03583978315194448,0.033889604210853574,0.036458226987057266,0.034843234264850614
32,0.03519866911901368,0.03356218606233597,0.035972934561636714,0.03433054596185684
33,0.03463250830769539,0.03296991914510727,0.03549791934324635,0.033873039263486865
34,0.03408234041598108,0.03215513482689857,0.035044401385717926,0.033419977337121966
35,0.033552718634406724,0.032011043131351474,0.03461202084819475,0.03299389029145241
36,0.03314727985196644,0.03126240342855453,0.03420504064626164,0.03256953322291374
37,0.032744935568836,0.03093829706311226,0.03381374040908284,0.032171771293878555
38,0.03246218517422676,0.030783373713493347,0.033447463909453815,0.03179294975399971
39,0.03213699474930763,0.03046461209654808,0.033103766387038755,0.0314635564148426
40,0.03195526637136936,0.030283180922269823,0.03278553813762135,0.03115318644046783
41,0.03168693628576067,0.030136986821889877,0.03248947237928708,0.030867592781782152
42,0.03154728889465332,0.030088656395673753,0.0322182761857907,0.0306204456448555
43,0.0313933365046978,0.02968099743127823,0.03197139449980523,0.030363302758336066
44,0.03130027934908867,0.029449739903211595,0.03174070218072997,0.030170312187075617
45,0.031125611099931928,0.02982497826218605,0.03153545578983095,0.02996939944922924
46,0.03098887892233001,0.029680888056755065,0.03134533182217015,0.029785972300171853
47,0.0309705328858561,0.0295391109585762,0.03117504257063071,0.02963555084764958
48,0.030907812101973426,0.02960835799574852,0.031023434823089176,0.02948816223442555
49,0.03080145067638821,0.02897170007228851,0.030878273038731682,0.02937703544199467
50,0.030711661105354626,0.028973534256219863,0.03074652005566491,0.029292863568663598
51,0.030619719318217702,0.029261483550071715,0.03061940216753218,0.029180061492323876
52,0.030495501226849027,0.029180126339197157,0.030498507940438062,0.02906027267575264
53,0.030399205419752332,0.028901835530996324,0.030382428776555597,0.028978568989038462
54,0.030334302451875475,0.02907379001379013,0.03027109864983294,0.028884799826145165
55,0.030249664907654128,0.02839062876999378,0.03015645320117474,0.028777927929162974
56,0.030072475175062816,0.02906483992934227,0.030041697296831347,0.028691745680570598
57,0.03006750934653812,0.028539367616176606,0.02992499217159219,0.028627238154411313
58,0.02987940911617544,0.02838424041867256,0.029809027435051073,0.028508080264925954
59,0.029825109127495024,0.02839459851384163,0.0296899936699205,0.028391789937019348
60,0.029762524945868386,0.02832632780075073,0.02956454436083635,0.028266956675052645
61,0.029518235243029066,0.028484233617782594,0.029432742770181767,0.028140761828422546
62,0.02945111099216673,0.02883400022983551,0.029296568549672764,0.028036792483925824
63,0.029284237970908483,0.027963321805000305,0.029155744239687923,0.027945545473694808
64,0.02911463907195462,0.02746989168226719,0.02901406713955932,0.027814943167567253
65,0.029053287274307674,0.028240588754415513,0.02886592223511802,0.02767888931334019
66,0.028903683117694326,0.027792757749557494,0.02871428280936347,0.027550369745492936
67,0.028681152678198284,0.027416858971118927,0.028555674978428418,0.027406257024407386
68,0.02852443889611297,0.02752644121646881,0.02839380067553785,0.027272018444538113
69,0.02838265121810966,0.02783705174922943,0.028222747463981315,0.027119441631436345
70,0.028226492686404123,0.02684603102505207,0.02804912038014995,0.02695865662693977
71,0.028013034794065687,0.02677362985908985,0.027871361930833928,0.026796728417277333
72,0.027834300158752337,0.02641827940940857,0.027688031998276713,0.026629824563860892
73,0.027612772335608802,0.02645348682999611,0.027496221685078412,0.026469082522392266
74,0.02739709516366323,0.026372466459870337,0.02730293147696389,0.026315129667520518
75,0.027191053355733553,0.02669235900044441,0.027104518716202838,0.026127800405025478
76,0.02707779181500276,0.025996425896883012,0.026902406221297047,0.02594588024914264
77,0.026791878615816434,0.025778779983520506,0.026695995970567064,0.02578770584464073
78,0.026608219775888654,0.025688846334815024,0.026479412237803136,0.025576845419406885
79,0.026369106678499114,0.025470971986651422,0.026259317580527727,0.025376929971575733
80,0.026202807335389985,0.025034664273262022,0.02603672684033712,0.02518561367094517
81,0.0257961448861493,0.02525041960179806,0.02581611812644535,0.024981066131591796
82,0.025726832250754037,0.024519742503762244,0.025587729530202018,0.02474561180174351
83,0.02543544788327482,0.024336035177111626,0.02535623419450389,0.024541848263144494
84,0.025241860813564724,0.024222002178430558,0.02512199900249641,0.024339210307598117
85,0.024967267115910848,0.024307776764035224,0.024884377190967404,0.024154310521483424
86,0.024685980040166113,0.024635412245988846,0.024646598035924963,0.023948936712741852
87,0.024490791973140504,0.024150768667459487,0.024408018441167148,0.023729500788450243
88,0.02423142559826374,0.02341531790792942,0.024167976248761023,0.02348916921913624
89,0.023954382803705005,0.023515531569719316,0.023924377677010167,0.023273580262064934
90,0.02363869395520952,0.02296907812356949,0.023681202596922715,0.02305573599934578
91,0.02340131668580903,0.02279487155377865,0.02343506801492638,0.022848082566261294
92,0.023116384173432987,0.02263395145535469,0.023193829068872664,0.022626438608765606
93,0.023009221048818695,0.022412752732634544,0.022947741320729256,0.02241356555223465
94,0.022672936312026448,0.021950693503022194,0.022710274623499976,0.022194215363264085
95,0.02243910929395093,0.021751942560076714,0.022465401154094268,0.02198695006370544
96,0.02215715499387847,0.021707680970430375,0.02222619509754909,0.02177880919873714
97,0.021893754870527322,0.021795784756541252,0.021986052996168532,0.021575417336821556
98,0.02166829345954789,0.02131914161145687,0.021751428852727014,0.021360485816001886
99,0.02143260529471768,0.02088656835258007,0.021520360047204624,0.021125743487477297
100,0.02118999854558044,0.020684069767594338,0.02129110614483555,0.02089911992251873
101,0.02098782752123144,0.020606701970100404,0.02106546558000975,0.020695467841625216
102,0.02071250161363019,0.02033267341554165,0.020844217901345757,0.020482486629486086
103,0.02045485522598028,0.020497510507702828,0.020631255236185257,0.02028534486889839
104,0.020338133027156195,0.019929873049259184,0.020420697353531914,0.02009097270667553
105,0.020050613631804784,0.019712837859988213,0.020217251355201006,0.01989720652550459
106,0.019859477455417315,0.019766664877533913,0.02001544199842546,0.019707755568623544
107,0.019604995515611436,0.019338110014796257,0.019820000408341486,0.01953990262448788
108,0.019455296469645368,0.01913251355290413,0.019632432295299238,0.01937020134627819
109,0.019238308279050723,0.019137205630540846,0.019448743192437622,0.0191993277028203
110,0.019101663529872893,0.018934488743543625,0.019273649406019187,0.019019685135781766
111,0.01890925990210639,0.018766854032874106,0.01910410970076919,0.01885529963970184
112,0.018759444413913622,0.018485179543495177,0.01894086511474517,0.01870881577134132
113,0.018590411477618748,0.018324015885591505,0.01878457720834348,0.018568258912861346
114,0.018423190837105117,0.018191001266241073,0.01863615082941121,0.018425923646986482
115,0.018314627326197094,0.018040534108877182,0.018493158282919055,0.018289021466672422
116,0.01813736961947547,0.017935567498207093,0.018357442684554387,0.018145605874061586
117,0.01803023421516021,0.01778979692608118,0.018226511378669073,0.018024699261784554
118,0.017963987129429978,0.01767647881060839,0.01810427662192119,0.017906131437420845
119,0.0177868965599272,0.017754369899630546,0.017988177827580106,0.01778348472267389
120,0.017749906467894712,0.017509410604834557,0.017881874846335914,0.01767794937640428
121,0.01756492742233806,0.017435839883983135,0.017780736859639486,0.01757992223501205
122,0.01751641021006637,0.01730472058057785,0.017687620107995145,0.017479090708494186
123,0.017429800828297932,0.01720950420945883,0.017597883252633943,0.017395842142403122
124,0.017351490644117198,0.017224471643567087,0.017516857925388547,0.01730815656483173
125,0.01728280088553826,0.01717014830559492,0.01743968522714244,0.017229905916750433
126,0.017277168047924837,0.017048320323228835,0.017367729386025006,0.017163282638788222
127,0.01713768795132637,0.01691011890769005,0.017303776479264097,0.017095856538414955
128,0.017061965266863505,0.016912120692431927,0.017243960152732,0.017033890192210674
129,0.01706485038002332,0.01690720774233341,0.0171898462149832,0.01697451394498348
130,0.016994744713107746,0.0167486422508955,0.01714099603667855,0.016921626031398775
131,0.01695700759689013,0.016700497008860112,0.017094317769921485,0.01687108195573091
132,0.016947420984506606,0.01669972635805607,0.017054193104389638,0.016819989620149137
133,0.01692684680223465,0.016681835018098355,0.01701565594284071,0.01677673494964838
134,0.01691038948794206,0.016616417467594145,0.016983957483453885,0.01673764940798283
135,0.016858242145842976,0.01685327459126711,0.016953429722537598,0.016703014622628694
136,0.01688362672097153,0.016574714593589307,0.01692784428505434,0.016672947849333288
137,0.016830126957760917,0.01652891334146261,0.016903473086406787,0.01663901902288199
138,0.01679151544968287,0.01665843393653631,0.016882700824323627,0.016612610480189326
139,0.016824368168082502,0.01650534875690937,0.0168631162079672,0.016595193561911584
140,0.01681921916289462,0.01649137545377016,0.01684825021450718,0.016576431943476203
141,0.016784521175755397,0.016451161317527295,0.016835647297816142,0.01655424225181341
142,0.016808979757544067,0.01646759908646345,0.016822748727516997,0.016533429788053035
143,0.016797030460503366,0.016412876918911933,0.01681125139188435,0.016518957203626634
144,0.016783779921631017,0.016477061510086058,0.01680320833780699,0.01650585417449474
145,0.016786477429171404,0.016428043842315675,0.01679694393765595,0.01649312455952167
146,0.016772465937667423,0.016458701342344284,0.016790352101872363,0.01648209264427423
147,0.01675321618715922,0.016438850946724416,0.016783573387314878,0.016472013244032857
148,0.01679016489121649,0.016457834877073765,0.016777248641931346,0.016451288899779322
149,0.016742210677928394,0.016376250982284547,0.01677027597899238,0.01644768206626177
150,0.01676349433345927,0.01650993473827839,0.016765734628091254,0.01644363003373146
151,0.01678755263901419,0.016612897366285323,0.016763494950781263,0.016430857655406
152,0.016766038114825885,0.016441078446805476,0.01675824628579948,0.016427034379541877
153,0.016746892349587546,0.016357378400862217,0.01675589135843846,0.01641915236860514
154,0.016742386122544608,0.016386896148324014,0.016753627888609963,0.016413992276787758
155,0.016707311322291692,0.016386827640235423,0.016750168879826863,0.01640705920010805
156,0.016755931244956123,0.016372921280562877,0.016746013343334202,0.01640330934524536
157,0.016790810980730587,0.016381485983729363,0.0167445101050867,0.0163969772875309
158,0.01676205090764496,0.016406037136912344,0.01674010083840953,0.016392354787886143
159,0.01674092162400484,0.01636443246155977,0.01673708278702365,0.016389637373387816
160,0.016700123511254786,0.01633516598492861,0.01673668539159828,0.01638733745366335
161,0.016709310147497387,0.01648454375565052,0.01673175907217794,0.01637986376285553
162,0.016716593185232744,0.01642761252820492,0.01673129737377167,0.01637640462070704
163,0.016735523516933123,0.016339124478399754,0.016731879691945183,0.016369626033306123
164,0.016693151543537777,0.016409766860306263,0.016726940976579986,0.016355620227754115
165,0.016760345978869332,0.016294325180351735,0.01672365086492565,0.016350023932754996
166,0.016727934430042904,0.01632215902209282,0.016721222941908573,0.016346182648837568
167,0.016722504537966518,0.016294272169470787,0.016717962505916752,0.016343392959237098
168,0.016693142048186727,0.016319130547344685,0.01671997162650029,0.016338812163472174
169,0.016746198965443507,0.016318760067224502,0.01671684204836686,0.016334010481834412
170,0.01667624576224221,0.016312481351196766,0.01671103731145461,0.016328889246284964
171,0.016697014653020436,0.016390765979886056,0.016709214244617354,0.016322380834817886
172,0.016743281301524904,0.016381352953612805,0.016706834663781853,0.01632843329012394
173,0.01666700690570805,0.016270992606878282,0.016705070197251107,0.016326110538840297
174,0.016730668217771583,0.01628977242857218,0.016702147733999622,0.01632418164163828
175,0.01677805228779713,0.01634047005325556,0.016699778253502315,0.016320269492268565
176,0.016664084754884245,0.01626275222748518,0.016695570667750306,0.016321949207782745
177,0.01668378532346752,0.016301171071827412,0.016694592856698567,0.016315165385603903
178,0.0166861942741606,0.01626134630292654,0.01669004760649469,0.01631690542697907
179,0.01666087522274918,0.016317153908312322,0.016687837424874306,0.016313781027495863
180,0.016757539336880047,0.016272307746112345,0.016684186259739928,0.016311323060095313
181,0.01667769179162052,0.016252879239618778,0.01668137976841794,0.0163074583992362
182,0.016645692557924325,0.016253455094993114,0.01667597684065501,0.01630326659679413
183,0.016716474236713515,0.01624332685023546,0.016673673119313184,0.016310257416963576
184,0.016681432103117306,0.016515743844211103,0.016676116584158605,0.01631546051502228
185,0.016656011847986114,0.016277097202837466,0.016672302143855226,0.016308687077462677
186,0.01663624856621027,0.016436321325600148,0.016669890513933368,0.01630717045068741
187,0.016657356172800064,0.016329808793962,0.01666567660048604,0.01631009151339531
188,0.016630333873132865,0.01638111736625433,0.01665813867673278,0.016305295611917976
189,0.016668706267244288,0.016240171305835247,0.0166569399892456,0.01630242669582367
190,0.016646714723772472,0.01633782621473074,0.01665522843392359,0.016303976792097094
191,0.016672679889533255,0.016244049035012722,0.016652057661778397,0.016303326055407526
192,0.016631225409607094,0.016232822984457017,0.016648390079041325,0.016299312844872474
193,0.016622979765137037,0.016222514025866986,0.01664333672689067,0.016296870067715644
194,0.016611125771370198,0.016213965006172656,0.01664073425912195,0.01629872487038374
195,0.016618652728696663,0.016487251855432986,0.016639278825124105,0.016297533862292768
196,0.016758101274155907,0.016520843431353568,0.01663684020655023,0.01629502197653055
197,0.016647920293940438,0.016212017014622687,0.016633038803438346,0.016282334235310555
198,0.016606716157661544,0.016233076937496663,0.016631690118379065,0.016282926964759827
199,0.016625320381588406,0.016362798996269703,0.01662882665461964,0.01627232574373484
200,0.016589604193965594,0.016220572516322137,0.016625481616788437,0.016265943031013013
201,0.016634117567704783,0.0161910293251276,0.01662256014926566,0.01626197178810835
202,0.016640996440417236,0.016339923478662966,0.016619730761978365,0.016258520360291004
203,0.0166069249705308,0.01624507788568735,0.016615714838107427,0.016252183128893375
204,0.016569185654322305,0.016216823644936085,0.016611826329098807,0.016251459139585495
205,0.016631205533113744,0.016211238317191602,0.016608384945823087,0.016247562830150126
206,0.016612630097402468,0.016299249306321144,0.01660564131488403,0.0162447163105011
207,0.01660930670797825,0.016223679892718793,0.016603183085885313,0.016245442947745325
208,0.016655508772366576,0.016180529706180096,0.016600191348459987,0.016240640619397163
209,0.016586397025320266,0.016198550313711167,0.016591255621860423,0.016225246480107307
210,0.016622294721504054,0.01629191543906927,0.01658714434032639,0.016226049591600893
211,0.016564661972224712,0.016171290799975396,0.016584647675769195,0.01622544102966785
212,0.01657373022702005,0.016170240975916385,0.016580141936159795,0.016219583523273465
213,0.016557297185063363,0.016281836293637754,0.016578788186030254,0.01621525541692972
214,0.016597971585061815,0.016153885610401632,0.01657442809219161,0.016225215253233907
215,0.016546316626999114,0.01617939542979002,0.01656941356286406,0.016217969620227812
216,0.016575467164317768,0.01622594930231571,0.01656736240668429,0.01621360407173634
217,0.016545190827714072,0.016135415248572826,0.016565915549463694,0.016210034902393818
218,0.01655438899166054,0.016151351034641267,0.01656143517891566,0.016206414279341698
219,0.01654967004640235,0.01623213093727827,0.016559481141302318,0.016199701626598836
220,0.01654385929306348,0.016367193646728992,0.016557322604126398,0.016195022924244403
221,0.016534708109166886,0.01613598994910717,0.016552312670813665,0.016192623437941076
222,0.016545138255589537,0.016232094801962374,0.01655027582479848,0.01618961223512888
223,0.016544299543731742,0.016217862889170646,0.016544466682440705,0.016181524540483952
224,0.016512676891353394,0.016216361336410044,0.016541990352835923,0.016186079348623754
225,0.016555760440727076,0.01611236985772848,0.016539438653323385,0.01618296519070864
226,0.016525115221738815,0.016440025232732296,0.01653551685892873,0.01617433008849621
227,0.016515633207228448,0.016158782653510572,0.016530868945684698,0.016171251086890697
228,0.01655564606603649,0.016135939173400404,0.016527637668947378,0.016172025161981584
229,0.016533014223807388,0.01612759441137314,0.016524781015515327,0.016170828530192378
230,0.016519196269412836,0.016120722740888594,0.01652537969450156,0.016178323362767696
231,0.016563779157068994,0.016131432987749578,0.016523460800117917,0.016176570396125318
232,0.016555343278580242,0.016106712333858013,0.01652051468309429,0.016171801529824732
233,0.01653026043954823,0.01612054254859686,0.016515699250830546,0.016163641522824762
234,0.016535475874940555,0.016123270243406297,0.01651230130063163,0.01616132228821516
235,0.01647706616255972,0.016089723072946073,0.016507761705418428,0.016154483947157863
236,0.016502753732105097,0.01628516100347042,0.016503792826334636,0.016150197558104994
237,0.016509937739206684,0.016092387028038502,0.0165016415891548,0.016148787300288677
238,0.01645925232519706,0.016065958738327026,0.016498052090158068,0.01615220632106066
239,0.016481773753960927,0.016076910570263864,0.01649467189866636,0.016138188095390797
240,0.016465534708566137,0.01619874730706215,0.01649074533035358,0.016132758302986622
241,0.016504050828516484,0.016196033507585524,0.016486029493312043,0.016132971815764906
242,0.01656015780236986,0.016322786062955855,0.016482315861185395,0.01612888028919697
243,0.016506416632069483,0.016107526868581773,0.01647854293353028,0.016125664724409582
244,0.016476017120811676,0.0161129092797637,0.016472320373190776,0.01611973180919886
245,0.01642347348646985,0.016163193471729755,0.016467095450229115,0.016115200237929825
246,0.016449759354194005,0.016078009083867074,0.016461064709888566,0.01611921955943108
247,0.016431648375259504,0.016061136275529863,0.016455942025449546,0.016115789397060872
248,0.016445077566636934,0.01611070316284895,0.016451490514311527,0.016111037620902064
249,0.016458895961857505,0.016181104891002177,0.016448438047203758,0.016101968449354173
250,0.01646602296580871,0.016197845377027988,0.016443160735070704,0.016096693752706052
251,0.01644061043444607,0.016089569590985776,0.01643953482608,0.016097361904382705
252,0.016417468999409015,0.0160230378434062,0.0164350225350923,0.01609580571651459
253,0.016437750139998066,0.016141276992857456,0.016431473605665898,0.0160881525143981
254,0.016440173420641156,0.01602530624717474,0.016425711481438746,0.016079009672999384
255,0.016424873078034984,0.016040333621203898,0.016417156923645072,0.016066847606003288
256,0.016408215148581397,0.01598311010748148,0.016411915410061678,0.016060679122805597
257,0.016424720204538768,0.015993423052132128,0.016407774663964907,0.016054521483182906
258,0.016379491931034457,0.016221025586128236,0.01640676910099056,0.016047453588247298
259,0.01640740876396497,0.01603751618415117,0.016404074685606694,0.016041547201573848
260,0.01636577838410934,0.01597092866897583,0.01640107401029931,0.016039080265164374
261,0.016426442054410774,0.01605843171477318,0.01639732587652074,0.016042975461483
262,0.016378004935880503,0.01596051961183548,0.016394065638134878,0.01603678082227707
263,0.016368604600429534,0.016082662530243395,0.016388460050771634,0.01602716416269541
264,0.01636896647926834,0.016038005873560905,0.01638289976211058,0.01602427511662245
265,0.016376811472906008,0.016007417254149912,0.016379234816630683,0.016019276873767377
266,0.01635999772283766,0.015967462472617627,0.016374724953373273,0.016008951134979726
267,0.016346293857528105,0.016018734388053416,0.016371633641752932,0.01600426194369793
268,0.0163753787924846,0.015953314788639546,0.016367849190864297,0.015998195838928225
269,0.016372498468392425,0.01595896828919649,0.016363677963448894,0.01599798834323883
270,0.016398334412111176,0.015986496098339558,0.016357602536512746,0.015996771480143068
271,0.016382398969597287,0.015930349417030813,0.016354178720712664,0.015989769779145718
272,0.01635663149257501,0.015999462865293027,0.016349688409765566,0.01599463622421026
273,0.016351374222172633,0.01620808307081461,0.01634787813739644,0.0159931389182806
274,0.016377390002210935,0.016026238910853863,0.016339580631587244,0.015984526816010473
275,0.01632588328172763,0.01595742888748646,0.016335376834041546,0.015982271994650365
276,0.016301603217919666,0.016017343439161776,0.01633097764733765,0.015974640095233916
277,0.016325845362411606,0.0158980817720294,0.0163266656872299,0.015968069441616533
278,0.01632500355856286,0.01588313352316618,0.016322804832789632,0.015962349094450472
279,0.01636289063013262,0.01590807646512985,0.016318340377675163,0.015957983581721784
280,0.01633026180581914,0.01588868100196123,0.016313958275483716,0.01595085139721632
281,0.01630393446319633,0.015977922715246676,0.016311104004085065,0.015945889031887053
282,0.016272834531135028,0.01596300147473812,0.016305469990356102,0.015940234802663326
283,0.01629389653603236,0.01604598306119442,0.016298223063846432,0.015933923172950743
284,0.016295150990287464,0.01615917731076479,0.016292313307027025,0.015931877464056016
285,0.01632052157488134,0.01593349602073431,0.016287538985908033,0.015935507905483245
286,0.016219004409180747,0.015843129158020018,0.01628343971884913,0.01592924703359604
287,0.016272909997238055,0.015904149077832698,0.016277448820571108,0.015922262394428253
288,0.01625862493283219,0.01589186504483223,0.016273296439813244,0.015926866237819193
289,0.01626116747657458,0.015873739533126353,0.016268763965864977,0.01591999236345291
290,0.016280290111899375,0.01586440857499838,0.016264865690469744,0.01591718122512102
291,0.016248386344975895,0.01585832465440035,0.01625824837866757,0.015913183267414567
292,0.0162367413027419,0.015840429775416852,0.016253629740079243,0.015907701055705544
293,0.016304022007518345,0.015829255655407905,0.016246185747947957,0.015903295670449735
294,0.01623164812516835,0.015817612558603287,0.016241370099948513,0.015895427110791206
295,0.016217161249369384,0.015828705355525018,0.016241144505474304,0.015886114947497844
296,0.016234655049112107,0.01587920669466257,0.016234852117465604,0.015874870765209197
297,0.016237273464600244,0.016090223900973796,0.016229538423319662,0.01585915259420872
298,0.016248892545700073,0.016051561273634433,0.0162242243119412,0.015851208534836767
299,0.016227617545260323,0.01585162293165922,0.01622542922380898,0.015847466334700584
300,0.016222073762781092,0.01607252497226,0.016220367250674304,0.015861434768140316
301,0.016188291369212997,0.01584549658000469,0.01621739662885666,0.01585428142696619
302,0.016228388477530744,0.015827803313732146,0.016212700526913006,0.015852314741909502
303,0.01615957076350848,0.015783184580504893,0.016206333824495475,0.01584645888507366
304,0.01624742466542456,0.01577102117240429,0.01620002257956399,0.015846201688051224
305,0.016144162002536985,0.01577854637056589,0.016194921133584447,0.015840105244517327
306,0.01618354326321019,0.015781208723783493,0.016185394646724065,0.015834533534944056
307,0.016267194669279787,0.01573019739240408,0.016179157360146443,0.015828538626432416
308,0.016136586835814846,0.01576487850397825,0.016174311509894002,0.015823535813391205
309,0.016162308636638853,0.01576622303575277,0.01616778006437752,0.015814270980656145
310,0.016187668790419895,0.015734894536435604,0.016162967494461274,0.015798573271930218
311,0.016249127205875184,0.015749574154615403,0.016156850797186297,0.015784048426151276
312,0.016146360668871138,0.01625335991382599,0.016148838135848446,0.015775456774234774
313,0.016184359387391142,0.01571303151547909,0.016142761350754237,0.01576090943813324
314,0.016143764927983285,0.015824572406709193,0.016138081547038424,0.01575604031980038
315,0.016121122551461062,0.015718012154102325,0.016131060830338134,0.015747983622550966
316,0.016090605221688748,0.015851894728839397,0.01612487466492587,0.015746588626503945
317,0.016109205153253342,0.015688018687069417,0.016119312977376916,0.0157402943611145
318,0.016065859836008813,0.015689962916076182,0.016113860687033996,0.015734040638804434
319,0.016075715960727797,0.01566773984581232,0.01610873580450813,0.01573179996162653
320,0.01609601499305831,0.01570363502949476,0.01610033742793732,0.015727393268048763
321,0.0160713689112001,0.01564758587628603,0.016095575913869675,0.01572900952249765
322,0.016116959216694038,0.015697781182825565,0.0160916335305406,0.015721184837818144
323,0.016095975113825666,0.01568844012916088,0.016084870761384568,0.015719034685194495
324,0.016027301011814012,0.015636831633746625,0.016075465071284104,0.015714243513345716
325,0.016070154135425885,0.015708841569721698,0.01606706659073631,0.015687595668435098
326,0.016071296276317704,0.01572376862168312,0.016061015467759635,0.01568459824770689
327,0.01605287056002352,0.015626385882496832,0.01605297378972173,0.015680690459907054
328,0.016004916628201804,0.015748309679329397,0.016048691339211333,0.01567310884296894
329,0.016108382476700676,0.015613664537668229,0.01604147668257356,0.01566308082938194
330,0.016007854743964142,0.015622203312814236,0.016034966065734627,0.015656434784829615
331,0.016055421200063494,0.015725191794335843,0.016027720758732822,0.015654996514320375
332,0.0160572352550096,0.01562003005295992,0.016020945371935765,0.015648199743032457
333,0.0160175489841236,0.015805284865200518,0.016014429169479344,0.01564234279692173
334,0.016063749053412013,0.015570605918765069,0.016008467214223412,0.015636119776964184
335,0.016018599561519093,0.01568114072084427,0.015999523326506216,0.01562852090895176
336,0.016013984953363737,0.015629794858396055,0.015992616890370848,0.01562049076408148
337,0.015936398655176164,0.015587163791060447,0.015988678074048624,0.01561822209060192
338,0.016033081312974293,0.01563809599727392,0.015983017009993394,0.015610100109875201
339,0.015942722977035577,0.015726877711713314,0.015976744258734916,0.015599298751354218
340,0.016014061288701163,0.015528471730649472,0.015967815460099115,0.01560406533628702
341,0.015910238805744385,0.015601194389164448,0.015963575619128017,0.015593776063621043
342,0.015946439732280042,0.015521867573261261,0.0159532366057237,0.015587327498197554
343,0.015884727160963747,0.01565400615334511,0.01594502716643943,0.015580008766055106
344,0.015906331290801365,0.015497820563614368,0.01593538655622138,0.015567400965094565
345,0.015933109931647777,0.015557211376726627,0.01592526927093665,0.01556434819549322
346,0.015922320029801793,0.01549201037734747,0.015918407543003558,0.015548182289302347
347,0.015893362023764186,0.015507809482514859,0.015907549364864826,0.01554332289099693
348,0.015923314210441377,0.01548768650740385,0.015899200270573295,0.0155338809505105
349,0.015928830603758493,0.015580114796757699,0.015892617450985642,0.01553201514482498
350,0.015928627534045114,0.015505792051553726,0.015885945452087453,0.015524503530561921
351,0.015914477494855722,0.015453734658658505,0.015874443998270562,0.015516140644252299
352,0.015829650594128504,0.015745550505816937,0.015867071449591052,0.015507426767051219
353,0.015898920603924328,0.015491077862679958,0.015857660481996005,0.015499936021864415
354,0.01584990714159277,0.015452450402081012,0.015851377802921666,0.015488948540389538
355,0.01580261876185735,0.015439235009253024,0.015847310446368324,0.015482843574881553
356,0.01581440594461229,0.015409996770322322,0.015840062304503386,0.01547288101762533
357,0.01580430312289132,0.015543710812926293,0.01583299635764625,0.015467865915596485
358,0.015846005785796376,0.015401137210428715,0.015824319239457447,0.015460003112256527
359,0.01579229459994369,0.015449120961129666,0.015816595913469792,0.015453436979651453
360,0.01580987220423089,0.015445092208683491,0.01580861520899667,0.015448480838537216
361,0.015849414463672374,0.015583149716258049,0.015798142765959106,0.015443212088942528
362,0.015769598682721455,0.015399373434484005,0.01578657930923833,0.015434070329368114
363,0.015745544967552025,0.015429023839533328,0.01577658558835586,0.01542355097234249
364,0.015758409260047807,0.015509030781686306,0.015767732502685653,0.015415784347057341
365,0.01577878709882498,0.015341203100979329,0.015761998667981895,0.01540788053125143
366,0.015753171828885873,0.015326507352292539,0.015752356331381535,0.0153969945281744
367,0.015844755818446476,0.015369243435561657,0.015744665214253797,0.015396998751163484
368,0.015703523614340357,0.015404942221939564,0.015736795779897107,0.015387945282459257
369,0.015729682619373003,0.0153724430128932,0.015729597484237617,0.015393909786641598
370,0.015716181976927653,0.015360641293227673,0.015722807550927004,0.015386579674482346
371,0.01572923688011037,0.015327857062220573,0.015714198873440426,0.015390084047615531
372,0.01569384441193607,0.015383905954658985,0.015710063064760634,0.015388083453476429
373,0.015661503134502305,0.01535596776753664,0.015699203570518228,0.01537721972614527
374,0.015639744185739095,0.015351570807397366,0.015689031661550206,0.015359717591106894
375,0.015678784511983394,0.015242808125913143,0.015678819230695567,0.015356139433383945
376,0.015693150353100566,0.01525956902652979,0.015673061087230846,0.015344661699235441
377,0.01568630472653442,0.015547955110669136,0.01566540155377653,0.015345855879783633
378,0.015657862188915413,0.015218927785754203,0.015655635987553335,0.015341120208799842
379,0.015657629213399357,0.015452555976808072,0.01564469381173452,0.015332760410010816
380,0.015605882902940115,0.015212898291647434,0.0156317959619893,0.015323794285953044
381,0.015634448553125065,0.015559109374880791,0.01562449517283175,0.015313543532788753
382,0.015634554790125953,0.015360458008944988,0.015613756888277004,0.01530158367305994
383,0.01563078884863191,0.015488746538758279,0.015604486445999812,0.015294581569731234
384,0.015688899382948877,0.015399106107652187,0.015593496344072954,0.015292101442813873
385,0.01553838484817081,0.015173499025404453,0.015587501327610682,0.01527854754626751
386,0.015595116739471754,0.015145596340298653,0.015577437220927744,0.015279512917995453
387,0.015514287911355496,0.015309919491410256,0.015568615184144844,0.015268009220063687
388,0.015601591380933921,0.01514208048582077,0.015558925899614894,0.015260062621533873
389,0.015566920923690001,0.015538885295391082,0.015548043420331349,0.015250845117866993
390,0.01553464794324504,0.015222811326384544,0.015539251679927112,0.015232440066337585
391,0.015479617433415518,0.01511751238256693,0.01552948681521747,0.01522499681264162
392,0.015522309574815962,0.015145090334117412,0.015519679393288164,0.0152069588214159
393,0.01552100388540162,0.015148673392832279,0.015510787406812113,0.01519739968329668
394,0.015461225505504344,0.015073446519672871,0.015499349258095027,0.015173627957701684
395,0.015484420919997825,0.015185588710010052,0.015488407001313237,0.01515678124129772
396,0.015454484331938955,0.015265853889286519,0.015479665743228462,0.015142234323918818
397,0.015543969000379245,0.015045058540999889,0.015465090885675615,0.01512590307444334
398,0.015409900467428897,0.015380102060735226,0.015455837775684064,0.01512813051789999
399,0.015419193266166581,0.015063978359103202,0.015446813885453672,0.015119152387976646
400,0.015436552398734623,0.015044143162667752,0.015438557709008453,0.015103599227964875
401,0.015421088371011946,0.015029131434857845,0.015424007254259452,0.015106209707260131
402,0.015466511216428544,0.015087828822433948,0.015416548512793248,0.015081677001714706
403,0.015413740571174357,0.015032846443355084,0.01540473134641846,0.015077226321399212
404,0.015412443665166696,0.015001606196165085,0.015395655976153083,0.015066114492714406
405,0.015383583241038853,0.014973919838666916,0.015383752622455359,0.015053111474215985
406,0.015348494835197925,0.014964816235005856,0.01537304302561614,0.015049466647207738
407,0.015360998370581204,0.014939290098845958,0.01536261633063356,0.015042091189324857
408,0.015412257396512561,0.015125073604285716,0.015348832949002583,0.015060561995208265
409,0.015324527944127718,0.01499082487076521,0.015343454386293887,0.01504246111661196
410,0.01530705709838205,0.015229185111820698,0.015327951670851972,0.015033183898031714
411,0.015369519483711985,0.014921143092215062,0.015321699648764397,0.015016796173155308
412,0.015307883500225014,0.014921090491116047,0.01531052987443076,0.015004840917885304
413,0.015237830012208886,0.015207342468202115,0.015297112896045049,0.014995098359882832
414,0.015380452387034893,0.014925567656755448,0.015285345787968899,0.015002419738471509
415,0.015239218783875307,0.015111544318497181,0.015272393735249839,0.014991090677678585
416,0.015252733176781072,0.014839716665446758,0.015261243219508065,0.014978853531181812
417,0.015224725732372867,0.014820014871656895,0.015250716720190315,0.01496558690071106
418,0.01525326396442122,0.015057552717626094,0.015237516604032782,0.014956962290406228
419,0.015200558130939802,0.014889060072600841,0.0152280035921269,0.014945399132370949
420,0.0151398363792234,0.015647358857095242,0.015215471394028929,0.014947280271351336
421,0.015320020264221561,0.014813331924378871,0.01520180441737175,0.01493047063201666
422,0.015156401114331352,0.01481312807649374,0.015189731254676979,0.014918555307388306
423,0.015253599915239545,0.01497040893882513,0.015178961127168602,0.01489549703449011
424,0.015139948907825681,0.014765096977353096,0.015166007452872065,0.014889837433397769
425,0.015101127939091788,0.014800579212605953,0.015151435786154533,0.014878413787484168
426,0.015126910669108233,0.015212165899574756,0.01513842270920674,0.014866395559906959
427,0.015142709898451965,0.014804602302610874,0.015121815617051391,0.014853099460899829
428,0.015134977677630054,0.014726917780935765,0.015109126377685203,0.014832319654524325
429,0.015149281182222895,0.014669940434396267,0.0150952820263803,0.014822468048334122
430,0.015053580337100558,0.014758304581046105,0.015080974933918979,0.01480973545461893
431,0.015110669537550874,0.014675737284123897,0.015067624837574031,0.014789022307097912
432,0.015047693418131934,0.014986318573355674,0.01505574865779943,0.014773422116041183
433,0.015070582980083095,0.014704832620918751,0.015044910188267627,0.014726250113546849
434,0.015022698876758417,0.014692941755056381,0.015026314933846393,0.014711153370141984
435,0.015037803910672665,0.014652728289365768,0.01501392808995313,0.014695470616221428
436,0.015045677626298534,0.014779653064906598,0.014998721846524208,0.01467238644659519
437,0.014943591832286782,0.014635499343276024,0.014987957064062356,0.014669270975887775
438,0.014912503088514011,0.014906886778771878,0.014976788699378569,0.014655344580113886
439,0.014965275083151128,0.014593165181577206,0.014965968359924023,0.014621046181023119
440,0.014921987799720631,0.014592049159109593,0.014950776265727148,0.01460311277657747
441,0.014906624394158522,0.014593426510691643,0.014938049629330635,0.01458966543227434
442,0.01486704842083984,0.014501700028777122,0.014919597548908656,0.014583046245574948
443,0.014919511555797524,0.014539724029600621,0.014904766104453139,0.014574031649529931
444,0.014903653636574745,0.014499055296182633,0.014888869006269507,0.014560229545831681
445,0.014868874640928374,0.014468058794736862,0.014873633308377533,0.01453140120357275
446,0.01485513890369071,0.01443591333925724,0.01485831293993526,0.01452748066931963
447,0.014846730016999774,0.014421059228479862,0.014843342595299085,0.01451386023461819
448,0.01487344382951657,0.014393304698169232,0.014827261708014542,0.014502614220976831
449,0.014870829346279302,0.014687210209667683,0.014808638059927357,0.014479714395105842
450,0.014821918821997113,0.014452419318258762,0.014797292424903973,0.014461261218786239
451,0.014856402182744609,0.014354705922305583,0.014785016429424284,0.014432697106897829
452,0.014762907543530067,0.014356267191469669,0.01476848112874561,0.014420557214319705
453,0.014816811767717203,0.014390734173357487,0.014753466091305015,0.014405645935237407
454,0.014687979171673457,0.014504460766911507,0.0147390721220937,0.01438848877251148
455,0.014682794225712618,0.014532939679920674,0.014725951742380854,0.014382008309662339
456,0.014713242082960076,0.014330684691667556,0.014708543297813995,0.014370545580983158
457,0.014666800970832507,0.014265610016882419,0.014691868171426984,0.014353990748524663
458,0.014687573769026333,0.01460681926459074,0.014677948008477689,0.014337942686676979
459,0.014648440260854032,0.014352430887520314,0.014664594540331099,0.01432383659929037
460,0.01463578172855907,0.014371577948331833,0.014646055551369984,0.014307320798933506
461,0.014580086424118942,0.014207157418131828,0.014625767191416688,0.014299754671752454
462,0.014659950956702233,0.014174169935286045,0.014605725258092086,0.014271883852779867
463,0.014605603201521768,0.01419278398156166,0.01458905039711131,0.014258864651620387
464,0.014551892566184202,0.01428966786712408,0.014569738092521827,0.014243615113198755
465,0.014546611863705847,0.014219267182052136,0.014553489328175784,0.01423354474157095
466,0.014546775163875685,0.014164497442543507,0.014535087067302731,0.014214928756654263
467,0.014539038928018676,0.014339688457548619,0.014522803883171745,0.014202133892476558
468,0.014484300441626045,0.014253155812621116,0.014510031153344448,0.014194513238966464
469,0.014486775476899413,0.01408518448472023,0.014488892271866404,0.014212109172344205
470,0.014520870567195945,0.014066857248544694,0.014472739043169553,0.01419821068942547
471,0.014521302200025982,0.014083261154592037,0.01445906374504169,0.014174746254086497
472,0.014383255292971929,0.01400816421955824,0.014443905584845276,0.014152104602754114
473,0.014366234830684133,0.014204151518642903,0.014421992720497979,0.014128738608956335
474,0.014369781013164256,0.013990439735352992,0.01440559033403794,0.014111008599400522
475,0.014405047297477722,0.014126939289271832,0.014385533607833916,0.014096048143506052
476,0.014373594568007523,0.013973467461764812,0.01436535935981406,0.014083313710987568
477,0.014356688434878985,0.014104507900774478,0.014349993698547284,0.014098423501849174
478,0.014356755245890883,0.01392533455044031,0.014335072068290579,0.014076636207103728
479,0.014380899568398794,0.01418458916246891,0.014316331198232042,0.014073633934557437
480,0.014363475980030165,0.014342423342168332,0.014295894458807178,0.014059952701628207
481,0.014184770046008958,0.014770583026111126,0.014277075854109395,0.014034808002412321
482,0.014262970253411266,0.013918147943913937,0.01425758698201842,0.014023631758987905
483,0.014345691315829754,0.01402020838111639,0.014236435437533593,0.014009144294261934
484,0.014269486255943774,0.013786389604210853,0.014213544495403768,0.013993322400748728
485,0.014087960119876597,0.013787428103387355,0.014200117821163602,0.013982337084412577
486,0.014170026762617959,0.013763907179236413,0.014189904129836294,0.013956840324401858
487,0.014158532801601622,0.01380015853792429,0.014176902441018158,0.013943539679050447
488,0.014101247001025411,0.013874423168599605,0.014154307080805301,0.01392212741523981
489,0.014167751034514772,0.014667412638664246,0.014134349094827968,0.013901607450842858
490,0.014173571107288202,0.013674584813416005,0.014117453068660362,0.013876399746537208
491,0.014078253412412273,0.014089440628886223,0.014097955209679073,0.013855623254179956
492,0.014028120442397065,0.013997657634317874,0.014074744250708156,0.01382586043328047
493,0.014013835324181451,0.013624538332223893,0.014054063709576924,0.013786846528947353
494,0.013999553674625026,0.01380577839910984,0.014034677786628404,0.013743453128635882
495,0.013992081955075264,0.013704670630395412,0.014015763260341351,0.013729054509103297
496,0.013949028646780385,0.013687713816761971,0.013991777341978416,0.013721349669992921
497,0.014047588436967797,0.013733531311154366,0.01397191685065627,0.013703146880865096
498,0.014110892547501457,0.013566732518374919,0.013956833612504932,0.013693405915796755
499,0.014044738792710834,0.013657923601567746,0.013937759131110375,0.013678507384657859
500,0.013840163292156326,0.013591632694005967,0.01391668256976538,0.013657623317837713
501,0.013874644918574227,0.013460468351840973,0.013901617535038125,0.013630454498529433
502,0.013934287780688868,0.01347431529313326,0.01388177847911914,0.013571145680546758
503,0.013869308771358595,0.013405922241508961,0.013854151296450032,0.01355116189420223
504,0.013800625594125853,0.013440518639981747,0.013835444899565643,0.013514175790548325
505,0.013846462451749378,0.013367075733840465,0.013817537154588434,0.013481741774082186
506,0.013700121972295974,0.013685748018324374,0.013798433444731764,0.013465603610873221
507,0.013790107096234957,0.013558182455599308,0.013778451784782939,0.013441918949782848
508,0.013746043356756369,0.013827587403357029,0.013757544396983254,0.013415737833082675
509,0.013772973972890111,0.013331319876015187,0.013737222761246894,0.013409941114485263
510,0.013710879166093138,0.013543903976678848,0.013712052849266266,0.013381877228617669
511,0.013693164727754063,0.013391443900763989,0.013680701591736743,0.01336203113645315
512,0.01363161876797676,0.013278056867420673,0.01365082457860311,0.013351338349282742
513,0.013724621132844025,0.013195202685892582,0.01363081478956673,0.013328766219317913
514,0.013671774636540148,0.013184692189097404,0.013608949975669384,0.013313855639100076
515,0.013482891540560458,0.0131749901548028,0.013584252853029305,0.013294000399112703
516,0.013610593490302563,0.013164788037538528,0.013562966670758195,0.013275207726657393
517,0.013580426817966833,0.013186807222664356,0.013538487262030443,0.01326151487082243
518,0.013536242577764724,0.013221084251999854,0.013511219358609782,0.013243393975496294
519,0.01350001217590438,0.013213661871850491,0.013489428936276172,0.013208058518171313
520,0.013469397260083093,0.013050142712891101,0.013465207851595348,0.013186873647570613
521,0.013440987753371398,0.013542795851826668,0.013440669632454712,0.013154952666163448
522,0.013418340637452073,0.013031934164464474,0.013413583982984225,0.013133054633438591
523,0.013327111109263367,0.01307058021426201,0.013386465050942369,0.01309909359812737
524,0.01329781346437004,0.013390603922307492,0.01335710257722272,0.013071816229820253
525,0.013339918566246828,0.013027329444885254,0.013336671327385639,0.013047127820551398
526,0.013328024571140608,0.013087703846395016,0.013307066261106067,0.01302897958904505
527,0.01331685971468687,0.012977934293448925,0.013275505676037736,0.013006258431077007
528,0.013337154214580853,0.01293610543012619,0.013256074610186947,0.012983067610859872
529,0.013188640375932058,0.013098197244107723,0.013228217508892215,0.012956190370023253
530,0.013164764866232873,0.012914053350687026,0.013208206224275959,0.012929546096920966
531,0.013155361413955688,0.012802361585199833,0.013188587716718513,0.012905635006725789
532,0.013184579979214404,0.013028560690581798,0.01316293077982134,0.012879382951557636
533,0.01313258787824048,0.01302956286817789,0.013137965758144854,0.012853152067959308
534,0.013095832736127907,0.012783869057893754,0.013113058396677176,0.012816192783415316
535,0.013032905865046712,0.012694878093898297,0.013091066449052755,0.012789563125371932
536,0.012959102884762817,0.012709509693086147,0.013067768273088667,0.012759975047409533
537,0.013120837522049745,0.012660846635699273,0.013044758527477582,0.012761626909673213
538,0.012984494475854768,0.01274149689823389,0.013017974403831694,0.01274731229841709
539,0.012882760009831852,0.012616663239896297,0.012990376383231748,0.01271418084949255
540,0.012997114894290765,0.012595219649374484,0.012962962744467791,0.012683369411528112
541,0.012914165957934327,0.01249285701662302,0.012931349925531282,0.012652297635376454
542,0.013080144702560371,0.012520700395107269,0.012904762771560087,0.01261393122226
543,0.013045779888828596,0.01262330699712038,0.01287606684830454,0.012583192022144796
544,0.012858588753475083,0.012557360492646694,0.012849617226421839,0.012558907468616962
545,0.012845271718170908,0.01239437062293291,0.012820658341712423,0.01252211767435074
546,0.012818303716679413,0.01261881373822689,0.012791831626494724,0.012481601729989054
547,0.012868541946841611,0.01236619271337986,0.012763247302671275,0.012454748223721982
548,0.012744656710161104,0.012330878265202046,0.012736015198959245,0.012428603427112104
549,0.012722569824092918,0.01343190047889948,0.012711151557664075,0.01241446781307459
550,0.012670315475099617,0.01266946416348219,0.012677049690981707,0.012383607518672943
551,0.012638074056141906,0.012259417623281478,0.012651192041403718,0.012348729819059373
552,0.012631518745587931,0.01220764834433794,0.012624992819627125,0.012317449167370795
553,0.012546833741168181,0.012159311026334763,0.012597861998942163,0.012288084307312964
554,0.012523961526652177,0.012139036916196347,0.01257109730872843,0.012261595261096953
555,0.012447366784844134,0.01214557334780693,0.012532340023749403,0.01222944664657116
556,0.012494120866888099,0.012195247747004033,0.012496608360442849,0.012193664675951007
557,0.012460607861479123,0.0121088158339262,0.012465350505378508,0.012157849612832072
558,0.012411919997798072,0.012016664259135723,0.012431276408831276,0.012142559753358364
559,0.012381224640541607,0.012112531401216984,0.012398320212132398,0.012101847127079964
560,0.01235210327224599,0.012041258178651332,0.012363089988132316,0.012076040428876878
561,0.012337511852383614,0.012356119342148303,0.012331758203771376,0.012047368621826173
562,0.012268290854990482,0.01188933927565813,0.012300192229035826,0.011970495973527433
563,0.012338053236405055,0.011869554407894611,0.012271890277829432,0.011925290451943875
564,0.012227779465417067,0.011834646947681904,0.01223688260598315,0.011904104326665402
565,0.012318844377166694,0.011861098147928715,0.012203440237045287,0.011873305559158324
566,0.012245048702590995,0.011830630861222744,0.012171019179125626,0.01184246080070734
567,0.012111212578084734,0.011716985031962395,0.012140660828683111,0.011811817331612112
568,0.012152488306164742,0.011728757731616498,0.012109882338013913,0.01178050858974457
569,0.012077142376866606,0.01166198391467333,0.012078488739331561,0.011747534728050233
570,0.01199341930449009,0.012012124136090279,0.01204634283830722,0.011714207769930363
571,0.011994398799207476,0.01160099808126688,0.012015040837725003,0.011710587862133982
572,0.011987786346839533,0.011721025258302688,0.011985951573153337,0.011677931602299216
573,0.011961362101137638,0.011614083088934421,0.011950827791955736,0.011646164783835414
574,0.011933420455704133,0.01151008427143097,0.011918015917059448,0.011606122599542143
575,0.011962766694939798,0.011539326123893261,0.011886167632622853,0.011584466268122198
576,0.011762882259984812,0.011729764491319657,0.011849355262600714,0.011564965075254442
577,0.01179545952214135,0.011437679156661034,0.01181386946414908,0.01157452035844326
578,0.011736307293176651,0.011388192065060138,0.011773446338789332,0.011551413248479366
579,0.01176500276558929,0.011372950188815593,0.01173450527398123,0.01151361858844757
580,0.011677904518114197,0.011362854801118373,0.011705336606088614,0.011486278058588503
581,0.011709280899829335,0.011370901204645633,0.011671223714037076,0.011465675856173039
582,0.011656960335870584,0.01127564188092947,0.01164064144798451,0.011433157075941561
583,0.011629369983242618,0.01192616656422615,0.011604399451033937,0.011382975003123285
584,0.01165399302624994,0.011296124905347824,0.011570816971113285,0.011348968951404095
585,0.011474008742305968,0.011247087717056275,0.011534540141373874,0.011309356710314751
586,0.011517214979976416,0.011355064734816551,0.011497992620451583,0.011273570536077023
587,0.011472083744075563,0.01134793099015951,0.011459977028601699,0.011240283024311066
588,0.011417743985851606,0.011382024586200714,0.01142024101672901,0.011202985768020153
589,0.011340634504126177,0.012073529027402401,0.011381829886883497,0.0111547828450799
590,0.011308266243173017,0.011283420398831368,0.01134257581838303,0.011129103960096835
591,0.0112715220823884,0.010885764360427857,0.01130670414260692,0.011090551359951495
592,0.01138199588076936,0.011033471785485744,0.011272519454442792,0.011060195957124232
593,0.011299666004876295,0.01121370267122984,0.011237368062718047,0.011021854741871357
594,0.011312585725552505,0.010849014408886432,0.01119381847058733,0.010979501865804197
595,0.011087369380725754,0.010757572315633297,0.011150606438434785,0.01093949992656708
596,0.01115483680119117,0.010750846788287163,0.01110795509094993,0.01087182406038046
597,0.011080865603354242,0.010730719231069087,0.011064491721739369,0.010827310846745968
598,0.01104767407808039,0.01071942873299122,0.011025358566393452,0.010783790136873724
599,0.010983030659457048,0.010677896477282046,0.01098788372899095,0.010735319136083126
600,0.010969366398122576,0.010606894716620446,0.010949109469850855,0.010684709732234477
601,0.01080260401384698,0.0105246914178133,0.010910227031840216,0.010632575787603854
602,0.010814107809629705,0.010795707032084465,0.010872791476878854,0.01054881237745285
603,0.010839515398773883,0.01042437706142664,0.01083167954981327,0.01050411874949932
604,0.010910385561486085,0.010614065118134022,0.010791321236226293,0.010483175112307072
605,0.01079911972499556,0.010404324419796466,0.01074399410850472,0.01044458837658167
606,0.010620541096561485,0.010312079302966595,0.010697289889885322,0.010389901719987393
607,0.010576659532056915,0.010275593400001526,0.010649182516667582,0.010347937691956759
608,0.01056308629612128,0.010234269909560681,0.010612632856104112,0.010323917991667986
609,0.010567408795985911,0.01018329456448555,0.010569123602079022,0.010317050632089377
610,0.010495679858658048,0.01015906997025013,0.010530257513291308,0.010273539097607136
611,0.010580344044913849,0.010143289715051651,0.010486761367321015,0.010229091245681048
612,0.010502727265573211,0.01008269589394331,0.010449256556149986,0.01018592775762081
613,0.010445683035585615,0.010078675970435142,0.010410751763565672,0.01014488137885928
614,0.010404745630092091,0.009979443773627281,0.01037228645607829,0.010108144261687994
615,0.010280468066533406,0.010166079699993134,0.01033086127249731,0.010075567155331373
616,0.010262564242713981,0.010362173430621624,0.010286300662242705,0.010032939542829989
617,0.010198817687729995,0.010068803392350674,0.010239089231772556,0.010008071549981831
618,0.010132060539391306,0.00984653625637293,0.01019160875098573,0.009970610600709914
619,0.010109901395108964,0.009799913708120585,0.010153103299687306,0.009929564753174783
620,0.01017362786663903,0.010157079808413983,0.010115177625666062,0.009896025747805834
621,0.010067105450563961,0.010579162798821927,0.010074661426494517,0.009852623653411866
622,0.010109213383661376,0.00964293086901307,0.010031666987720463,0.009811974813789131
623,0.0099602704288231,0.00960823243483901,0.009987439656174844,0.009769325718283655
624,0.010045410380181339,0.009598809275776148,0.009937122376594278,0.009746480743587018
625,0.010006746583514744,0.009580735247582198,0.009887665043357344,0.009703406182676556
626,0.009840971326662434,0.009606263488531113,0.009840642241057424,0.009678114906698468
627,0.00977847822010517,0.009981279373168945,0.009795431977924375,0.009644996843487026
628,0.009725500142408743,0.00935868674889207,0.009748575759513512,0.009612253611534834
629,0.009730099799732368,0.009992365296930074,0.009706256053265598,0.009552295602858068
630,0.009612107705324889,0.009467800687998533,0.00966163486374749,0.009511343525350094
631,0.009657904814100927,0.00928593311458826,0.009617694181617762,0.009479238756000995
632,0.009628517681525813,0.009437118265777826,0.009577466962983209,0.009437217420339584
633,0.009550181316832702,0.009149217549711465,0.009529597514122723,0.009375701029598713
634,0.009492547826634513,0.009167073573917151,0.00948350177200304,0.00929940575286746
635,0.009389996570017602,0.00909284258261323,0.009430659581306908,0.009253753366321324
636,0.009322412055399684,0.009572165347635745,0.009381948977294895,0.009217679157853126
637,0.00926629393464989,0.009005831871181726,0.009336409676737255,0.009175000401586295
638,0.009270112978087532,0.009446394070982933,0.009286038867963683,0.009125318745523692
639,0.009274489051765866,0.009151492193341255,0.009236070766382744,0.00907429282516241
640,0.009109062606261837,0.009347498901188373,0.009189287652571996,0.009005385916680098
641,0.009204571586516169,0.008863223213702441,0.00914179673269391,0.008986764270067216
642,0.009083287949777311,0.009045001454651355,0.009091939818114042,0.008913472320139408
643,0.00903354348614812,0.009043917022645474,0.00905058773126867,0.00888059002533555
644,0.009104220929245154,0.008749380316585302,0.009001628853877387,0.008832139790803193
645,0.008976891645126873,0.008619170039892196,0.008947526202516423,0.008774053809791805
646,0.008914711897571882,0.00867178088054061,0.008894220681654082,0.008725229787081483
647,0.008788158616258038,0.008501621205359697,0.008841028170784313,0.00867575283125043
648,0.008742505328522788,0.00870637722313404,0.008793557440903453,0.00863802275955677
649,0.008906927866240342,0.008531840369105339,0.008749034811059635,0.008599263508617878
650,0.008747476364175479,0.008338693846017122,0.00871061183628109,0.008584168455004692
651,0.008591768787138993,0.008330615479499101,0.008663269020120304,0.00851383144184947
652,0.008608900374836392,0.008258606661111117,0.008609989055660036,0.008494895128160715
653,0.008538227145456606,0.008893145583570003,0.008575180486755239,0.008424407444894314
654,0.008483676935235659,0.008160066548734904,0.00852805005369915,0.00837221469283104
655,0.008578305534190601,0.008645743317902087,0.008478885744677651,0.008318531338125469
656,0.008433932879318793,0.008074677251279354,0.008428281073768935,0.00825984768047929
657,0.00827595139750176,0.00798496874049306,0.00837073116964764,0.008207974953204394
658,0.008217543295274177,0.007928616981953383,0.008320355067236558,0.00816140363663435
659,0.008162735054890315,0.00793014967814088,0.008271841696318654,0.00815411618575454
660,0.008203228322996034,0.00814959079027176,0.008224631554219458,0.008114034523814916
661,0.008209346309304238,0.008603184074163437,0.008183269131349194,0.008079066497832537
662,0.008305719565186236,0.00862845553085208,0.008126353024774128,0.00802509807795286
663,0.00808654257406791,0.007687968742102385,0.00807167883159386,0.007982778903841971
664,0.007942489940259192,0.008678084351122379,0.008028106077843242,0.007967647455632686
665,0.008238848383641905,0.007585306819528341,0.007977177876565192,0.007925253368169068
666,0.008026310760113928,0.007558404412120581,0.007926790197110838,0.007853670427948236
667,0.007854180224239827,0.007702917587012053,0.00787527869741122,0.007803839021176099
668,0.0077684267134302196,0.007576825581490993,0.00781610776492291,0.007731051911413669
669,0.00766547332621283,0.007452562134712935,0.007764567367732525,0.007679544595628976
670,0.007717489084849755,0.007454887125641107,0.007712232808354828,0.0076297238416969775
671,0.007701877624624306,0.008489594608545304,0.007671009500076374,0.007593593243509529
672,0.007607905063778162,0.007499579656869173,0.007627201857997312,0.007542802377790212
673,0.00770844475676616,0.007832176573574543,0.0075758797051178085,0.007482492953538895
674,0.007484025201863712,0.007182629872113466,0.007519510106245677,0.0074147725224494926
675,0.007380621534668737,0.0072807144932448865,0.0074623825472262175,0.007342290312051772
676,0.007502449943373601,0.007952329274266957,0.00740860669836402,0.007309684659540653
677,0.007335695342885124,0.007198754474520683,0.0073539351798594015,0.007224354543536902
678,0.0072785351590977775,0.007103572078049183,0.007295150467587842,0.007179864282160997
679,0.007195889442745182,0.006914281379431486,0.0072356111958622946,0.007145967287570237
680,0.0070990322219828764,0.006826065573841333,0.007184250449720357,0.007088478571921585
681,0.007145422949559159,0.006786994356662035,0.007130498557206657,0.007055906806886196
682,0.006967587413059341,0.006739449892193079,0.0070807289276686,0.007001442659646273
683,0.007186960588312812,0.0070253520272672175,0.007027224623163543,0.006949186014384032
684,0.007067544002913767,0.006660378035157919,0.006974845434890854,0.006853637407720089
685,0.006920174501008457,0.00664185518398881,0.006918556126289898,0.0067910252727568145
686,0.006800106337500943,0.006910173296928406,0.006861734955012799,0.006716614706069231
687,0.006877530589699745,0.006816400270909071,0.006807624501983326,0.006666710842400789
688,0.0067421463525129685,0.006872827429324388,0.0067623091568549485,0.006612315047532321
689,0.006575701977643702,0.006544831451028585,0.006701371415787274,0.006543676746636629
690,0.006769230576852957,0.0064730502851307395,0.006648492148104642,0.006484571366012097
691,0.0065378289669752124,0.006710979547351599,0.006598726098818912,0.006428879839926959
692,0.0065701615706914,0.006265699695795775,0.0065444690766433885,0.006375141027569772
693,0.006424629400587744,0.0067625314556062225,0.006498097650706768,0.0063263996645808234
694,0.006421232587761349,0.006090958453714847,0.0064408047987769045,0.006278228909522296
695,0.006379881472223335,0.0061484709940850734,0.006392806769534945,0.006228134809434415
696,0.006392397917807102,0.006100879441946745,0.006334086396752133,0.006163002664595843
697,0.006200672348754274,0.005934276282787323,0.006274456059229043,0.006114488027244807
698,0.00628791547483868,0.005971912406384945,0.006219433442875743,0.006103416324406863
699,0.006131263876126872,0.005935033280402422,0.006170405963766906,0.006038421024382115
700,0.006247737906459305,0.005920819621533156,0.006113566259253356,0.0059785613693296895
701,0.00597900641668174,0.006236371751874685,0.006062647324676315,0.0059586345531046385
702,0.0060137136508193285,0.005721119958907366,0.006015428732004431,0.005901555321365594
703,0.006034383926954534,0.005711283925920725,0.005955954206776287,0.005845712851732969
704,0.005839463888357083,0.005570811070501804,0.005904571051854226,0.005775038793683051
705,0.005939746573567391,0.0056075314991176125,0.005849970713547534,0.005733503722399473
706,0.005713101651312577,0.00558272548019886,0.005805892197663585,0.005666845544427633
707,0.005767636682010359,0.005487097389996052,0.005751855356577369,0.005616089492291212
708,0.005718951268742482,0.005397048406302929,0.005697969552502036,0.005570634505897762
709,0.005576785564836528,0.005447512101382017,0.005644353988394141,0.005520888913422824
710,0.00554460909217596,0.006365062613040209,0.005590200387934844,0.005472427998483182
711,0.005574419359780021,0.00528529079630971,0.0055331866448124255,0.005427265304327012
712,0.005456537976861,0.005319908894598484,0.005484262032889658,0.005382456063479186
713,0.005469172988086939,0.006374657023698092,0.005425164413245189,0.005327142281830311
714,0.005395237160846591,0.0051178506575524805,0.005375591393808525,0.005281393598765136
715,0.005282367446149389,0.0050769885443151,0.005323425091968643,0.0052370467156171805
716,0.0052532500939236745,0.004944128096103668,0.005274501514931521,0.0052003610208630575
717,0.005205153113024102,0.005227322913706303,0.005227150008827448,0.005153600342571736
718,0.005322666503489017,0.005096077006310224,0.0051706728542844456,0.00511933185234666
719,0.005070311560605963,0.004822057150304318,0.005121652819009291,0.005067719509080053
720,0.00503273637033999,0.005012096334248781,0.005066502585386236,0.005024838450178503
721,0.00505200881510973,0.004857239630073309,0.005013803540046016,0.00499844842068851
722,0.004846832337271836,0.0047227534092962745,0.004967002353858616,0.004981607231125235
723,0.004862571896778213,0.004842845052480698,0.004916998561099171,0.0048943214397877445
724,0.004908148578057686,0.0048148022592067715,0.004861900224743618,0.0048434417683631175
725,0.0047702974153475625,0.004537975080311298,0.004813809751263924,0.004798825327679514
726,0.004739680930765139,0.005092654675245285,0.004763740441161726,0.004699912869557738
727,0.004709556104822292,0.0046124478802084925,0.004710708909440372,0.0046572034116834395
728,0.004811294501026472,0.0047941415570676325,0.0046630221273750065,0.004607469318062067
729,0.004655676235755284,0.004401794113218785,0.0046151798252016315,0.004560071667656302
730,0.00452781770999233,0.004750819243490696,0.004564450522222452,0.004505240240320563
731,0.00448760076943371,0.004292416898533702,0.004507042364113861,0.00444999384880066
732,0.004388880841434002,0.004415070917457342,0.004458177644055751,0.00440252660997212
733,0.004401475135236979,0.004737297669053077,0.004409097314667371,0.004346204110607505
734,0.004406755910151535,0.005026482362300157,0.0043588683524065554,0.004298628854751587
735,0.004294514273189836,0.004182917829602957,0.004314324426444041,0.004249075577035547
736,0.004196960950891177,0.004013299010694027,0.0042710726803789545,0.004195544911921025
737,0.00425427613986863,0.004204497877508402,0.004225078656483029,0.004141782944649457
738,0.004217440235531993,0.003901845570653677,0.004176487338791291,0.0040941221233457325
739,0.004069448867812753,0.004050114210695028,0.00412614234033972,0.004026078382134438
740,0.0040901978945152625,0.00383363620378077,0.004078017445136276,0.003977259213104844
741,0.004057192539589273,0.0037591868359595536,0.0040240661146947075,0.003915574694424867
742,0.003936920538544655,0.003856537230312824,0.0039777418085063495,0.0038714870821684594
743,0.0038874625507742165,0.0037149172183126213,0.003929916116574572,0.0038103428855538364
744,0.0038486935591532123,0.0036353761795908214,0.003884798981642558,0.003783308996632695
745,0.0038057281356304886,0.003604033850133419,0.003846896342291601,0.003746602744981646
746,0.003796284758589334,0.0036678582336753607,0.0038011311596673402,0.0036789730146527286
747,0.0037332341882089773,0.003483921466395259,0.0037527496148521714,0.003597664935514331
748,0.003781278245151043,0.0035045784246176483,0.0037079894329317747,0.0035497166179120545
749,0.003758297980659538,0.0034707530774176123,0.003668574372120202,0.0035087864767760044
750,0.003555514473054144,0.0033464545477181673,0.0036219193829223517,0.0034562907010316853
751,0.003481055969475872,0.0033915611449629067,0.0035766648608984222,0.003418604935333133
752,0.003506433724736174,0.0033919686544686555,0.0035385470280837688,0.00336989531479776
753,0.0034625112399872806,0.003252028590068221,0.0034931517544926865,0.0033313719958066946
754,0.0034975685810463295,0.0032996038068085908,0.003450641304937502,0.0032918781358748676
755,0.003332175411697891,0.0032222143281251192,0.003409423694945872,0.00325607184022665
756,0.0033596723961333433,0.0036165696755051614,0.0033707581037241557,0.0032562366887927056
757,0.0034413148576600684,0.0034974146261811255,0.0033313707942970927,0.003216596882790327
758,0.003257345569630464,0.0030465544108301402,0.0032917049424722794,0.003191742265224456
759,0.0031972172897722986,0.0029937803838402033,0.0032511865359834504,0.003150009578093886
760,0.0031755097251799373,0.002984209889546037,0.003209398031959104,0.0031162033416330813
761,0.003211584430601862,0.0029900454822927715,0.0031672743937621517,0.0030811408434063196
762,0.003087901409922375,0.002892103483900428,0.0031225269597437645,0.0030444190159440044
763,0.003086077184933755,0.0029597014281898737,0.003086068851749102,0.0030188019979745153
764,0.0031165030474464097,0.002832373697310686,0.0030500826015033653,0.0029796270992606885
765,0.0029553160547382304,0.0028705532290041447,0.0030135887838693125,0.002939660562947393
766,0.0029944313007096448,0.002771840337663889,0.0029775055409098665,0.0029060064677149063
767,0.002906480288753907,0.0029613798391073943,0.0029402311966237092,0.002869119995459915
768,0.0029208227702312997,0.0037190384324640034,0.0029068767654813,0.0028506921797990803
769,0.0028640108234766455,0.0026443810295313595,0.0028703655418008565,0.002797792428731919
770,0.002814081840010153,0.0029826684109866618,0.0028282901804480287,0.0027562168393284086
771,0.002783324596368604,0.0026245410554111004,0.0028008560359271037,0.0027447798948735
772,0.0026885215876003106,0.0026387655548751354,0.0027714773239567877,0.0027141297351568933
773,0.0027281872902272476,0.002628015968948603,0.0027381541461373366,0.00268164492957294
774,0.0026396121301998695,0.002552707390859723,0.0027033621713726053,0.0026515432007610793
775,0.0026440617731875843,0.00270602909848094,0.002671187253855169,0.0026209702622145407
776,0.002581399713332454,0.0024121886771172286,0.002639299774935676,0.0025896684639155863
777,0.0025940882838848566,0.0023928052466362713,0.0026040458606556055,0.0025666124451905487
778,0.002560430166001121,0.002410676209256053,0.002575805910490453,0.002552925954759121
779,0.002565709973892404,0.0023774420004338027,0.002544999971344239,0.0025270349990576505
780,0.00249831463313765,0.0027615189366042613,0.0025156625263599887,0.002495589951425791
781,0.0024468918041222623,0.0022940758988261225,0.0024878062634418408,0.002432326800376177
782,0.002389430823839373,0.002458024891093373,0.002459202207148903,0.0024049434930086136
783,0.002571491956607335,0.002760630799457431,0.0024300097284838556,0.0023693012874573473
784,0.0024627494905143975,0.0022275263909250498,0.002405711586307734,0.0023454063154757024
785,0.0023424302796936696,0.00217208974994719,0.00238169594410186,0.0023161675516515973
786,0.002341785061483582,0.002237502261996269,0.00235447725083472,0.0022874609000980853
787,0.002283528471986453,0.002127780020236969,0.002328768576816138,0.0022658285189419984
788,0.0022888902119464344,0.0021771564707159996,0.002303805993342151,0.0022323727741837504
789,0.002235155190444655,0.002255973229184747,0.002280113303340558,0.002251999617367983
790,0.0022493173006094165,0.0025283909682184457,0.0022568001282401383,0.00223045548722148
791,0.0022242828220542933,0.0021245664451271296,0.0022316594045919676,0.0022063133355230097
792,0.002173044164147642,0.0021752536483108996,0.0022074672368975977,0.0022086258307099345
793,0.0022244161972776056,0.002137459656223655,0.00218497320153854,0.0021801230791956188
794,0.002148909416153199,0.0019597983453422787,0.0021641042863432733,0.002159572063572705
795,0.0020842698733839725,0.002091613272204995,0.0021432249104086725,0.0021328036654740573
796,0.0021758710419655675,0.0020271667558699846,0.0021144856747550267,0.002091089277714491
797,0.0020881305324534573,0.001907796459272504,0.002092092189720521,0.0020705015614628786
798,0.0020477199585487446,0.0019103496801108123,0.0020710071336788433,0.0020512079130858185
799,0.0019968952797353267,0.00201189786195755,0.0020517762289589477,0.002032484826631844
800,0.002019997186337908,0.0018696354795247317,0.0020345160118614633,0.0020157853057608008
801,0.001989082463292612,0.0029028597567230465,0.002016143489732511,0.0019955602986738087
802,0.002011258906374375,0.0018542019929736852,0.002001108747213665,0.0019766848178580407
803,0.0019319120747968554,0.0018071224167943,0.0019846994013111626,0.0019507373621687296
804,0.0019609057815331552,0.002435254380106926,0.0019667251210763225,0.0019328119380399589
805,0.001935963749161197,0.0020489501487463715,0.00195450002040921,0.0019103736745193604
806,0.0019251689242406023,0.0017803005082532763,0.0019343718315060772,0.0018884463094174864
807,0.0018674464254743524,0.0017888149386271835,0.0019182016332426834,0.0018753733038902286
808,0.0018530110652661986,0.001717771105468273,0.0019047311361154748,0.0018620136359706523
809,0.0019029123646517594,0.001712833484634757,0.0018871302151845565,0.0018431228848174214
810,0.0018153038786517248,0.001689748540520668,0.0018707864182897743,0.0018336785158142449
811,0.0018610124434861872,0.0017694251006469131,0.0018585584751019879,0.0018204267760738731
812,0.0018520230445493427,0.001710291998460889,0.0018463397037444844,0.0018010522743687034
813,0.0018295771587226125,0.001671531293541193,0.0018315547071500785,0.0017884570349007843
814,0.0018592866274735166,0.0017840862087905407,0.001819829634525296,0.0017341303486376998
815,0.001839083653046853,0.00187970457598567,0.0018074580023789573,0.0017206223148852585
816,0.0017749258161832888,0.0016764308419078588,0.00179516043473656,0.0017157134486362334
817,0.0018674166474698319,0.0016142970602959395,0.0017844844792141686,0.001695135299302637
818,0.0017212114746992786,0.0015892755286768079,0.0017746105582556796,0.0016767259454354639
819,0.0017446544595683614,0.0016329732071608304,0.0017635076058407629,0.0016671547709032888
820,0.0017475074452037614,0.0017576215742155909,0.0017548649923668973,0.0016550592292100188
821,0.0017358480186925995,0.001554897977039218,0.0017464672778215679,0.0016491558641195292
822,0.0016795356100839046,0.0016716872341930866,0.001734558805347317,0.0016395670926198356
823,0.0017420213788540827,0.0015790561866015195,0.0017264818590030904,0.0016465453619137404
824,0.0016914259957977467,0.0015275353193283082,0.0017146632165855008,0.0016420471180230377
825,0.0016503722714777621,0.0015547544928267599,0.0017056791588250138,0.0016329480526968837
826,0.001695955647673044,0.001544692600145936,0.0016972911973587343,0.0016283849164843562
827,0.0017019681027159094,0.00151650114916265,0.001687272328707493,0.0016144395165145395
828,0.0016244728837369216,0.0016844007605686783,0.0016781217365318703,0.0016019730016589167
829,0.001694006893473367,0.0019208006467670202,0.0016694940917504333,0.0016091636091470725
830,0.0016891157251989676,0.0015887163020670413,0.0016599693537482786,0.0016014707863330844
831,0.001647595113867687,0.0015410211449488997,0.0016531814247887169,0.0016107267411425716
832,0.0016513810886277093,0.0014864263962954282,0.0016458290240313445,0.001607231186702848
833,0.0016430682016329633,0.0015701869782060384,0.0016409130964014267,0.0015992071427404883
834,0.0016052005527954962,0.0014731141971424222,0.0016349074833095075,0.0016083874242380264
835,0.00161338022004606,0.0018642052728682756,0.0016332300508601803,0.0016029119383543728
836,0.0015655463830464417,0.0016569690033793449,0.0016246827323403627,0.0015969276007264854
837,0.0016274216005371677,0.001482815365307033,0.0016182451383935084,0.0015919841825962067
838,0.0016198781220656301,0.0015574528882279991,0.0016143516020538909,0.0015871611692011354
839,0.00160881491119249,0.0014354512095451355,0.0016071269945448473,0.0015814775731414555
840,0.0016103188486562834,0.001568041704595089,0.0016000254576715332,0.001580465305224061
841,0.0015592346966473592,0.001856196029111743,0.0015981338850843412,0.001568910539895296
842,0.0016292981974159678,0.001421976489946246,0.0015913912816283603,0.0015510388093069195
843,0.0015515132507102358,0.0018206743989139795,0.0015852086969340843,0.001543232583627105
844,0.001560844440634052,0.0015455843461677431,0.0015795893093364108,0.001540029948949814
845,0.0016246092544558147,0.0015570204751566051,0.0015746690641053852,0.001537498240917921
846,0.0015857076913946204,0.0017844050144776701,0.0015711828206355376,0.0015297273963689804
847,0.0016375997988507152,0.0015348000871017575,0.0015700854903397464,0.0015261385889723898
848,0.0015283384158586463,0.0014294477459043265,0.001566987152439025,0.0015098977308720353
849,0.0015304861471263898,0.0014039498660713434,0.0015650612534334263,0.001499987345002592
850,0.0015530338629873262,0.001434179157949984,0.001561069396376196,0.001496825716458261
851,0.0015153404599469568,0.0014026026986539363,0.0015558458280025258,0.0014903267709538341
852,0.0015244296808830566,0.0014911944512277842,0.001554945219411618,0.0014969249580055475
853,0.0015771835690571202,0.0013955316273495555,0.0015527132142128214,0.0014939372675493359
854,0.0015254418070738513,0.0014740073820576072,0.001549445309055348,0.0014744643684476615
855,0.0015345511078420613,0.001393560660071671,0.001543994351911048,0.0014741570441052316
856,0.00150711042392585,0.0014609552780166268,0.0015415254111091293,0.0014553975127637386
857,0.0015283749578520656,0.0014231336954981088,0.0015387198660522694,0.0014551411321386694
858,0.001555912114886774,0.001375915864482522,0.001534917254777004,0.0014485406769439578
859,0.0015777672954007155,0.0013833940122276545,0.001532795563019398,0.001433372721448541
860,0.001535921772528026,0.001458183820359409,0.0015265686972273716,0.0014257411189377309
861,0.0015173989079064793,0.0014092093566432594,0.001526005139098399,0.001423613219894469
862,0.001527625174106409,0.001403774651698768,0.0015282432593612205,0.0014365310631692411
863,0.0014892889127238757,0.0013949792506173253,0.0015289499361792371,0.0014344283752143385
864,0.001586299696419802,0.0016004058858379723,0.001527675408694065,0.001436989129520953
865,0.0015545187186863686,0.0014933494431897997,0.001528106076011641,0.0014336729547008876
866,0.0014775370677105255,0.001369373551569879,0.0015242490704585282,0.0014347046757116916
867,0.0014930242688084641,0.0014142933813855053,0.0015230201699357067,0.0014419036934152248
868,0.0014897897306622731,0.0013516861153766513,0.0015227902091936106,0.0014427495721727611
869,0.0014907058142125606,0.0015391748305410146,0.0015226618203748434,0.0014395057694986462
870,0.0015295439725741744,0.0013920090952888131,0.001520507820002321,0.0014395150784403089
871,0.001532665397454467,0.0014052061270922423,0.001519156422083163,0.0014421999940648679
872,0.0014819281540500622,0.00134401002433151,0.001516248599626124,0.0014402140326797966
873,0.001514249462634325,0.0013762502698227764,0.0015129024553009207,0.001435568312369287
874,0.0015864391536969278,0.0017268959479406476,0.0015113687882613806,0.0014576740900054575
875,0.001570700783437739,0.0013816119590774178,0.0015123906704597174,0.0014570698816329243
876,0.001483477272817658,0.0014666215563192964,0.0015130951006172434,0.0014561265125870707
877,0.0015351963638224535,0.0014082900807261467,0.0015095221626054913,0.001445971955172718
878,0.001480758430229293,0.00142132465261966,0.001507275056632029,0.0014541005562990908
879,0.0014947192940033144,0.0016539828246459364,0.0015069881392849817,0.001452406253665686
880,0.0015288020892896587,0.0014147076290100813,0.0015078725254266628,0.0014492744686082006
881,0.0015039007034566667,0.0013798602111637593,0.0015091538307463958,0.0014719343774020673
882,0.0014745249485390054,0.0014233664190396666,0.0015083455360494556,0.001464752526395023
883,0.0015221271669078205,0.001443038755096495,0.0015058476085981563,0.0014653659550473096
884,0.0015050717339747481,0.0013337449776008724,0.0015056514077405965,0.0014622119491919877
885,0.0014522681643979417,0.0013420408125966788,0.001505967638972733,0.00146369593590498
886,0.0014790572319179774,0.0019618537975475193,0.001504440718361487,0.0014714769441634419
887,0.0015531722290648355,0.001388669442385435,0.0014996349904789691,0.0014599649885669351
888,0.0015068996666620176,0.001371395024470985,0.0014948680480114287,0.0014575915697962046
889,0.001496976246125996,0.0013465419504791497,0.0014942902960400613,0.0014527622239664199
890,0.0014983410693498122,0.0016965644713491201,0.0014912723175870874,0.0014596295598894359
891,0.0014703641340343488,0.0013270159857347607,0.001490374852789359,0.0014564908253028987
892,0.0015151339223504895,0.0013359987549483776,0.0014883721904725663,0.0014433212595060467
893,0.0015218223636556004,0.0019181838352233171,0.001486449601449486,0.00144061622582376
894,0.0014704984467890528,0.0013596285553649067,0.0014846089220605788,0.0014409354396164415
895,0.001467095786291692,0.0014073448115959764,0.001483255502850645,0.0014365698480978606
896,0.0015277603760154711,0.001326355980709195,0.0014802803768465913,0.0014315884884446859
897,0.0014898339348534742,0.0013811096921563148,0.0014805056736080181,0.0014321276141330598
898,0.001476076447353181,0.001570775476284325,0.001480764792797466,0.0014311434254050254
899,0.001466295956633985,0.0014390970580279827,0.0014807955604046583,0.0014098185131326318
900,0.0014515272217492262,0.0013222764898091555,0.0014782328508173425,0.0014094513995572926
901,0.0014690334735334748,0.0013458879105746745,0.0014765211135149003,0.0014080791056156159
902,0.0014597469024981062,0.0015799734788015485,0.0014738772402207057,0.0014112552480772137
903,0.001458321810286078,0.0013428562879562378,0.0014730302428102328,0.0013979698898270725
904,0.0014446527360835008,0.0013247436797246338,0.00147184888423524,0.0013987938456237316
905,0.0014807373637126552,0.0013470817869529127,0.001469346576370299,0.0013993985904380678
906,0.0014578837187339863,0.0013878405559808015,0.001467253346482499,0.0013793692626059056
907,0.001440689468290657,0.001314226631075144,0.001467320591987421,0.001378881088271737
908,0.0014477490168064832,0.0013185047637671232,0.0014671482880599797,0.001375102339312434
909,0.0015107041530104148,0.0013472231198102236,0.0014637869195081295,0.0013752811122685672
910,0.0014587461441341373,0.0013174360943958164,0.0014631013763861524,0.001375320599041879
911,0.0014798264220977823,0.0014287309907376766,0.0014618227752649948,0.0013654777053743598
912,0.0014891044893819425,0.0013794916030019522,0.0014610761287208232,0.0013623832335695621
913,0.0014641062341009578,0.0013370876759290695,0.001461752237348507,0.0013622974617406723
914,0.0014308794137711327,0.0014259455120190978,0.0014636961748616564,0.0013614704238250849
915,0.0014771661340879897,0.0013644305150955916,0.0014633789245039226,0.0013531334005296228
916,0.0014408301696595218,0.0013476148806512355,0.001464470769878891,0.0013535881092771886
917,0.0014525762257269687,0.0013511173753067852,0.0014658043965697291,0.0013534428786486385
918,0.0014694916164605981,0.0014174506394192576,0.0014664092366066248,0.0013566067667677999
919,0.0014721795844121113,0.001347424197010696,0.0014700414130774642,0.001359106805920601
920,0.001462788188105656,0.0013128760876134039,0.0014689956664314704,0.0013600001264363528
921,0.001443726162219213,0.0013308253046125174,0.0014715051298443645,0.0013600128676742316
922,0.0014726953568040496,0.0013820968614891172,0.0014693563824002118,0.0013711698584258558
923,0.0014441114193242458,0.0013247031345963477,0.0014677818449938466,0.0013718776790425183
924,0.0014476297930296925,0.0013617352629080415,0.0014683062060943082,0.001379221183434129
925,0.0014684299374413158,0.0013201321940869092,0.0014713148085710905,0.001376632881909609
926,0.001517631911362211,0.001325211962684989,0.0014718168012487394,0.0013752255165949466
927,0.0014518156435547604,0.0013715478964149953,0.0014730729122387452,0.0013782047031447294
928,0.001485617944660286,0.0013542240066453815,0.0014743375081310256,0.0013789089478552343
929,0.0014779934033544526,0.0013211129140108823,0.0014735378738027066,0.0013787189545109869
930,0.0014958583646350436,0.001426178989931941,0.0014723897193817217,0.0013802589504048229
931,0.0015486881305049691,0.0014503415348008275,0.0014727793669793755,0.0013800973007455468
932,0.0014145458021408155,0.0013365596439689398,0.001471332334359694,0.0013820929169654846
933,0.0015104856021288368,0.0013188232947140932,0.001471019919263199,0.0013900516811758278
934,0.001456985466906594,0.0016261478886008263,0.0014703142643854436,0.0013939063807949423
935,0.0014193827089750105,0.0013351316098123788,0.0014688665404243189,0.0014046233186498286
936,0.001492935449609326,0.0016123186005279422,0.001469660533607627,0.0014037849510088562
937,0.0015643195513014992,0.001314784064888954,0.0014692724464202506,0.0014066693218424916
938,0.0014766560510421792,0.001301903543062508,0.0014688682668687156,0.0014075249798595904
939,0.0014622821885212842,0.0015004251757636665,0.0014655452988990066,0.0014120984187349676
940,0.0015087810313949982,0.0013820366328582167,0.0014649072943617488,0.0014091686708852648
941,0.0014208393114515476,0.001342865047045052,0.0014621761543003634,0.001410260373353958
942,0.0014238723652023409,0.0013896172726526857,0.00145963937507218,0.0014105592744424937
943,0.001479232806401948,0.0014134093979373573,0.0014581047865613883,0.001405846570804715
944,0.0014360037689200706,0.0013973146025091409,0.0014533709077526715,0.0014072865741327405
945,0.0014549778106932839,0.0015118451928719879,0.0014561506169175524,0.0014050863973796364
946,0.0014260847902753287,0.0014271927950903773,0.0014525024931929592,0.0014125335108488794
947,0.0014365022577759292,0.0016500203078612685,0.0014521770247827386,0.0014145444057881828
948,0.0014639612489069501,0.0013037439435720443,0.001455253970555754,0.0014125500293448567
949,0.0014379276133452852,0.0014338445337489247,0.0014531897555364085,0.0013994460400193931
950,0.0014583254486529363,0.0013415236445143818,0.0014478138022797388,0.001400410097837448
951,0.0014345577121194866,0.0014395479345694184,0.0014459786475791282,0.0014008239790797232
952,0.0014358655301233132,0.0012983042001724243,0.001443949161366456,0.0013922550957649945
953,0.0014173394431256587,0.001381516568362713,0.0014414004508819845,0.0013925341852009294
954,0.0014145739226498538,0.001328585441224277,0.0014423212946909998,0.0014108812648802994
955,0.0014574936518652571,0.001308361398987472,0.0014433342013301124,0.001411882262304425
956,0.0014303411602870457,0.001486341618001461,0.0014420032343620231,0.0014078825134783983
957,0.0014840385312628415,0.0012815552251413465,0.001440896877449834,0.001405675862170756
958,0.0014192825090140104,0.0015050011314451694,0.001440729096749177,0.0013962902626022697
959,0.0014488487566510836,0.0016764202620834113,0.0014411448069434202,0.001393409742228687
960,0.0014963063533003959,0.001285272198729217,0.0014400783325752454,0.001389390203729272
961,0.0014413300741256939,0.0012847188673913478,0.0014396043088494078,0.0013886726627126338
962,0.00142992071988475,0.001338885510340333,0.0014382102187826405,0.0013889920607209206
963,0.00143077718352692,0.001312250574119389,0.0014405463873408738,0.001391795638948679
964,0.0014115450332044728,0.0012862030928954481,0.0014405732701325586,0.0013944063512608409
965,0.0014450632692832085,0.0013890138687565922,0.0014423835657330025,0.0013945878924801944
966,0.0014438604066769282,0.0018015420390293001,0.0014457533929497007,0.0013939307998865843
967,0.00144919503118015,0.0014146422082558273,0.0014466078723470372,0.0013944338006898764
968,0.0014459586321997147,0.0013134156772866845,0.0014458568451926113,0.001400275100953877
969,0.0014083448461153442,0.0013421483198180794,0.0014449430752856037,0.0014042906962335113
970,0.0014507832931768562,0.0012772052036598325,0.0014436788263730703,0.0014244369119405745
971,0.0014364775451314118,0.0013551797857508064,0.0014461959088945553,0.0014159914001822475
972,0.0014098403985715574,0.0015495318453758954,0.001444910493130899,0.0014063134374096994
973,0.0014521106557610134,0.0012858054181560873,0.0014410770156938167,0.0014095660435035828
974,0.0014030753616761002,0.0014418294839560987,0.001441596533803062,0.0014214227614924313
975,0.0015167296626087691,0.001411613100208342,0.0014416829046172397,0.0014190576907247307
976,0.001435229781911605,0.0015048157423734666,0.001443740892782807,0.0014175025230273607
977,0.0014811229201344151,0.0013028427306562662,0.001442692012370874,0.0014174549024552113
978,0.0015015851235431101,0.0013650892535224557,0.0014417402301914986,0.0014128887780010706
979,0.0014359359075832698,0.001341160461306572,0.0014423787639683318,0.0014039266780018812
980,0.0014387179730046126,0.0014543939055874943,0.001442187826035337,0.0013992109430953864
981,0.0014074969126118555,0.001586731499992311,0.0014415459323467478,0.0013985100412741308
982,0.0014524323084495134,0.0017852106178179383,0.0014416645906141234,0.00139653353933245
983,0.0014822095720511343,0.0012938633374869823,0.0014400483136065303,0.001397582546435297
984,0.001416713362559676,0.0014344711927697063,0.0014386284600425923,0.0013976351261138918
985,0.0014004694173733393,0.001366587351076305,0.0014380755107125476,0.0013892115980386737
986,0.0014543180268568297,0.001581136817112565,0.0014364294477634961,0.001390791231393814
987,0.0014320799902391931,0.0012797587411478163,0.0014398202872524662,0.0013972508875653147
988,0.0014822268876661028,0.0012733713816851378,0.0014378407431559434,0.0013937262948602437
989,0.001385323022906151,0.0012850125785917044,0.0014372676310232947,0.0013920475721359252
990,0.0014212687147988213,0.0012748607574030756,0.001435271850362834,0.001391559329815209
991,0.001459823751097752,0.001577489539049566,0.00143117823223066,0.0013885360660031436
992,0.0014444215828552842,0.001296748835593462,0.0014316356009182831,0.0013967023612931368
993,0.0014299112899849812,0.0012958931317552924,0.001430887966406428,0.0013889020185917614
994,0.0014113113027997314,0.0012927357712760568,0.0014312658983489704,0.0013777645003050564
995,0.00141037636798703,0.00130343038123101,0.001430172402215087,0.0013808691119775176
996,0.001400981206032965,0.0013564942777156829,0.0014311644217930733,0.0013841002793982624
997,0.0013960166653204295,0.0013389436434954405,0.0014312946540510488,0.001377250017039478
998,0.001410959082034727,0.0013252962520346045,0.0014316058938184544,0.0013729973269626498
999,0.001487846348900348,0.0016033208882436157,0.0014284816244824064,0.001359996060281992
1000,0.0014672410601956976,0.0013234982825815677,0.001427019594785654,0.0013614495631307363
1001,0.0014209019785953892,0.0014628476742655039,0.0014252273706926242,0.0013615501368418337
1002,0.0014312284036229054,0.0012906366726383566,0.001424805037159887,0.0013646541222929957
1003,0.0013992446702387597,0.0012895076582208275,0.0014256425669002867,0.001366282479465008
1004,0.0014473701247738468,0.001545317843556404,0.0014246777038607332,0.0013552549460902812
1005,0.0014200271102082398,0.0012593853380531072,0.0014223587978113858,0.0013555378153920176
1006,0.0014169452111754152,0.0013082935428246857,0.0014207030951459375,0.0013556461293250323
1007,0.0014250949051024186,0.0018628259096294642,0.001419640386580593,0.0013556689750403165
1008,0.001507010061500801,0.0013746425230056047,0.0014193442212831644,0.0013536865293979645
1009,0.001419969169009063,0.0012632146338000894,0.0014203341165764465,0.0013498623188585043
1010,0.0014082504115584824,0.001260270099155605,0.0014229712516172894,0.0013551026139408348
1011,0.0013762112934556272,0.0012561051500961185,0.001424044558933626,0.001366362662613392
1012,0.0013955292478203775,0.001316096312366426,0.0014217637681195308,0.0013530786547809842
1013,0.0014374212853403554,0.0012758857244625688,0.0014191564707809854,0.0013532283985987308
1014,0.0013747646845877171,0.001362612214870751,0.0014172169360125231,0.0013460341006517411
1015,0.001442206958308816,0.001315569686703384,0.0014188870953292484,0.001345628434792161
1016,0.0014357021751089229,0.0013018012046813964,0.0014185258698753186,0.0013518253907561302
1017,0.0013864489316215945,0.001303820568136871,0.0014169244724946718,0.0013420750066637994
1018,0.0013885187233487765,0.0012986009800806642,0.0014157130490885011,0.001348441216908395
1019,0.0013847435886661212,0.0012933069141581655,0.0014146746239210996,0.001347596026957035
1020,0.0014029722355513108,0.0012538692401722073,0.0014137846759520471,0.0013229864304885267
1021,0.0014257285883650184,0.0012608890142291784,0.0014125039066394994,0.0013284546496346592
1022,0.0014619450413415002,0.001469951020553708,0.0014136349270844624,0.0013281941609457136
1023,0.001437791764943136,0.0016067974688485265,0.001412474122508946,0.0013298681082203985
1024,0.001430826578547971,0.0012712206924334168,0.0014133766418219442,0.0013336004927754404
1025,0.0014020586267320645,0.0013272418780252337,0.0014128574225948088,0.001334820593520999
1026,0.0013724136093838347,0.0012829902255907654,0.0014129341381705469,0.0013361348712816836
1027,0.0014729823865410354,0.0012804950261488556,0.001415030682252513,0.001331834012083709
1028,0.0013902140338905155,0.0014444315573200583,0.0014115519482487192,0.0013312170578166846
1029,0.0014073351902576783,0.0013015582412481308,0.0014100564965202162,0.0013327585291117434
1030,0.001389741525053978,0.0014185405941680074,0.0014099238187643803,0.0013313499627634886
1031,0.0013909845819903744,0.00128716379404068,0.0014107561523663914,0.0013308278517797593
1032,0.0014028462058761054,0.001247585997916758,0.0014102868488006706,0.0013371577359735966
1033,0.001474990828687118,0.0015113480016589165,0.001413838149125998,0.0013414642592892052
1034,0.0014482446801331308,0.0012567024165764452,0.0014129011791975544,0.001343193715438247
1035,0.0013792302971705793,0.0013021187810227275,0.0014102425256692283,0.0013347072295844553
1036,0.0013987742762805687,0.0013494147639721633,0.0014095933894471575,0.0013237375803291796
1037,0.0013825487671419979,0.0013465988310053946,0.0014080185465152478,0.0013368674233555792
1038,0.0014393391747338077,0.001308742668479681,0.0014101341576677642,0.001334827155433595
1039,0.001427178286636869,0.0012550907349213958,0.0014099863364412967,0.0013350315066054462
1040,0.0013552386082139694,0.0013001458300277591,0.0014064412164139664,0.0013355093030259012
1041,0.00139831588189635,0.0013403379870578647,0.001407548732491624,0.0013349951326847077
1042,0.001383131987725695,0.0012686064094305039,0.001411653175851744,0.0013366665236651902
1043,0.0014093270633990566,0.00128554820548743,0.0014128298811459294,0.0013328595379367475
1044,0.0013730109995231032,0.0014515540190041065,0.0014125143413897603,0.0013309736430644993
1045,0.001491754743684497,0.0013615323230624198,0.00141202516511807,0.0013328673085197809
1046,0.0014023043401539326,0.0013041254179552196,0.0014068259165467072,0.0013222369603812696
1047,0.001395478703133348,0.0012577888742089272,0.0014051093315860877,0.0013221482204273344
1048,0.001421563359391358,0.0013325562374666333,0.0014067586951940839,0.0013198536802083254
1049,0.0013914555052502288,0.0015994667680934071,0.0014052118091895762,0.0013225191038101912
1050,0.0014549489055449764,0.001276235179975629,0.0014073795717364798,0.0013275304771959782
1051,0.0013687180787221424,0.0012880990048870443,0.0014075261578015569,0.0013252247750759126
1052,0.0013843543858577808,0.00129243993666023,0.001406538438802171,0.0013384153237566354
1053,0.001417901935831954,0.0014315772987902164,0.001408274456755155,0.0013406093535944825
1054,0.0015099462742606798,0.0013433430157601834,0.0014075211489262681,0.0013463635172694924
1055,0.0014191591574086084,0.0013233659509569408,0.0014069551011650927,0.0013449278598651295
1056,0.0013830960880861513,0.0012400164222344757,0.0014077715950293675,0.0013434320751577616
1057,0.0013906167990838487,0.0012949276342988014,0.0014080219149382577,0.001336210431903601
1058,0.0013450096144030491,0.001245589298196137,0.001402744552327527,0.0013357465963810685
1059,0.0014053300561176407,0.0012544839177280665,0.0014046711686791645,0.0013401730218902232
1060,0.0014204643873704805,0.0012447552755475045,0.0014041386138958236,0.001347344943881035
1061,0.0013601021261678801,0.0014160503540188074,0.0014027497748016482,0.0013473183108493687
1062,0.0014367428308145868,0.0014718831656500696,0.0014030151656621863,0.0013334368098527193
1063,0.0014430038263607357,0.0012511001154780388,0.001402126134580208,0.0013395689377561212
1064,0.0014024853116522233,0.0015848544519394636,0.0014013647277735998,0.0013401595577597618
1065,0.001398639057038559,0.001354996575973928,0.0014007224926311107,0.0013378047496080399
1066,0.001379483186174184,0.0014841920789331199,0.0013997077857247655,0.0013308370666578414
1067,0.0013689807936963108,0.001232714974321425,0.0013949084295994704,0.0013276572102680806
1068,0.0014297394100059237,0.0012481535878032446,0.0013926114168638982,0.00132379341442138
1069,0.0013792689972453647,0.0012710129376500845,0.001390701365853763,0.0013255762889981273
1070,0.0013598206784162256,0.0013499364349991083,0.0013896661578677594,0.001323432367667556
1071,0.0014504697489448719,0.0014147860556840896,0.0013910012574555972,0.0013232979705557228
1072,0.001382164833549824,0.0014370869239792227,0.0013896232850125266,0.001322400153055787
1073,0.0013868423820369772,0.0013318904116749763,0.001387401769693113,0.0013281148603186011
1074,0.001398090276763671,0.0012524292431771754,0.0013906163935549557,0.0013536406913772225
1075,0.001432723128495531,0.0014295383775606752,0.0013897030191185574,0.0013501174753531814
1076,0.0013496829085569415,0.0013028645049780608,0.0013866807924687032,0.0013503287728875877
1077,0.0013682985072955489,0.0012335697328671813,0.0013839215261965162,0.0013400915380567312
1078,0.001392534263173325,0.0012573852250352502,0.0013823078734489778,0.0013355394277721642
1079,0.0013899623711283008,0.001263846606016159,0.0013823227127186125,0.0013254916563630104
1080,0.0013617338390193052,0.0012267710547894238,0.001381722455585582,0.0013263692634180187
1081,0.0013353448128327727,0.001284588286653161,0.0013789380092794695,0.0013251786997541784
1082,0.0013647365994337531,0.001241329601034522,0.001381083842449718,0.0013250704035162925
1083,0.0013783871040989955,0.0012422293704003095,0.001381029797014263,0.001327453284151852
1084,0.0013708807450408737,0.0012320384802296759,0.0013792015248909593,0.0013204988805577157
1085,0.0013649265043851402,0.0013876229571178555,0.0013786236158261696,0.0013119328131899238
1086,0.0014404677227139472,0.0020541961304843424,0.0013767099395394326,0.001311993181705475
1087,0.001413908469904628,0.0013838027650490403,0.00137528946933647,0.0013194023026153446
1088,0.0013674481601143877,0.0012563825538381935,0.0013761051579378547,0.0013128491031005978
1089,0.0013335036548475425,0.0013289235811680556,0.0013770987382779522,0.0013134246569126845
1090,0.0013582977383501,0.001241193818859756,0.001376651769338383,0.001312669854052365
1091,0.0013798541679150528,0.0012329977937042714,0.0013766080183494425,0.0013145044066011908
1092,0.001353974365370555,0.0012546551506966352,0.0013796199003441468,0.001322038947045803
1093,0.0013601282523531054,0.0012183894962072373,0.001380208628738506,0.0013229862511157991
1094,0.0014329148265015748,0.0012683055317029358,0.0013818217447131049,0.001322637224942446
1095,0.0013584695425298478,0.0014095084508880973,0.0013827408147458404,0.001324417149089277
1096,0.00140476294586228,0.0012409259658306838,0.0013828367839774328,0.0013290050499141217
1097,0.0013677171069300838,0.0012229352397844196,0.0013829609190320804,0.0013288828665390612
1098,0.0013390004748685493,0.0013333996245637537,0.0013818271356531317,0.0013223046131432058
1099,0.001362578521689607,0.0014376572659239174,0.001378174114144511,0.001292626108042896
1100,0.001453115343530145,0.0012657083896920084,0.0013784286496953833,0.0012875602677464486
1101,0.001374522417059375,0.0013172533502802252,0.0013773196350576151,0.001287535369023681
1102,0.0013571242838063173,0.001214699661359191,0.0013779543237553704,0.001282969416305423
1103,0.0013914404884498152,0.0013032490387558937,0.0013772740320199066,0.0012847491556778553
1104,0.0014652594209959109,0.0014522101171314716,0.0013763936540318862,0.0012845123311504725
1105,0.001376452048878289,0.0012504536565393209,0.0013754376043151652,0.0012826808355748658
1106,0.0013756727121977343,0.0012758626323193312,0.0013770673966552649,0.0012866215640679004
1107,0.0013877133502521448,0.001285827704705298,0.0013761005740716224,0.001286858891323209
1108,0.0013807863348888026,0.0013569268910214305,0.0013765361292184225,0.0012788047356531024
1109,0.0013739841214070716,0.0012289838958531617,0.0013801346599538295,0.0012829368624836205
1110,0.001336581919911421,0.0012231666222214698,0.001381374133906017,0.0012821236979216335
1111,0.001349142184998426,0.0013122335029765965,0.0013858755436105036,0.0012793374482542275
1112,0.0014202718586764401,0.0012571567576378584,0.0013855936780261496,0.001289255499280989
1113,0.001339722794170181,0.0012557600857689977,0.0013827675428551931,0.0012880081795156003
1114,0.0013493708722914258,0.001214774763211608,0.0013806333655181028,0.0012858270395547152
1115,0.0013412904449635083,0.0012856873031705618,0.0013829934562246005,0.0012870966970920565
1116,0.0013578447182145384,0.0012270771805197001,0.0013804820933586194,0.0012855450078845026
1117,0.0013300731224525305,0.0012088677613064647,0.001374861937440518,0.001277653051912785
1118,0.0014008730608556005,0.0013169077085331082,0.0013742244771785207,0.0012758538927882912
1119,0.001408744261910518,0.0012742387130856513,0.001373374309970273,0.0012752516739070417
1120,0.0013693584211998515,0.001208154559135437,0.0013712316608470352,0.0012753989377990366
1121,0.0014947262142474453,0.0013442291365936398,0.001370565475006071,0.001271477319486439
1122,0.0013987039557347696,0.0012026061257347466,0.0013686883361389243,0.001274002814479172
1123,0.0014515357174807125,0.0012637433828786016,0.0013724187982165153,0.0012833416277542708
1124,0.0013555318820807668,0.0016856085415929555,0.001373640291992989,0.0012811534769833087
1125,0.0013824619642562336,0.0012345253955572844,0.0013713967580141293,0.0012835753785446287
1126,0.001321167983632121,0.0012627248512580992,0.0013746972994464967,0.0012912663264200094
1127,0.0014161265514687532,0.0012464410997927188,0.0013760501590867836,0.0012979613255709413
1128,0.001328656416800287,0.001264456808567047,0.001377206778422826,0.0012967766234651208
1129,0.0013247555230433742,0.0012549112178385257,0.0013784716010093688,0.0013136575380340218
1130,0.0013605155423283576,0.001205474678426981,0.0013801218180399804,0.0013158797070384025
1131,0.0013544185319915413,0.0012608071602880954,0.0013796971033844683,0.001311230479367077
1132,0.00133414712217119,0.0012895093020051718,0.0013771581397495338,0.0013081985609605907
1133,0.0013641316888646947,0.0012588864332064985,0.001376924068046113,0.0013126350250095128
1134,0.0013270556497284108,0.0012921212706714868,0.0013714498599266842,0.0013067504983395339
1135,0.0014298434718512,0.00145663695409894,0.001369094846987476,0.0013108743820339443
1136,0.0013796795294102695,0.0012575297337025404,0.0013647111368572547,0.0013107979776337745
1137,0.0013641835092049505,0.0013177042966708542,0.0013666924651815659,0.0012921852795407178
1138,0.0014222363299793666,0.0014480337826535106,0.0013639479445397024,0.001296228599920869
1139,0.0013831923632986016,0.001382149741984904,0.0013655481050308378,0.0012973318101838233
1140,0.0013702059283645616,0.0012560697505250573,0.0013633146946111488,0.0012955728460103272
1141,0.001389465282878114,0.0016491000447422265,0.0013639633563761085,0.0012938818654045462
1142,0.0013713285482178132,0.0012644219864159823,0.0013637711632272437,0.0012927715258672832
1143,0.001390255194467803,0.001200677016749978,0.0013630698311970467,0.001293479105643928
1144,0.0013452701710371508,0.0011984407529234886,0.0013622575871853368,0.0012915930738672614
1145,0.001363506628614333,0.0013190661603584885,0.0013609573958648577,0.0012980174884200098
1146,0.0013578710112617247,0.0011971159698441626,0.001359566418350571,0.0013043743612244727
1147,0.0013398286322545674,0.0013057032180950046,0.0013615822247953879,0.0013062439551576974
1148,0.0013419429642251796,0.0012618332728743552,0.0013584669780503545,0.0013125737354159357
1149,0.0014050650901885496,0.0012202910892665387,0.0013571584564633667,0.0013148946681991222
1150,0.00131384894820965,0.0013356084050610661,0.0013556579457078544,0.0013129044229164722
1151,0.0013611719959105055,0.001290305107831955,0.0013527266345711218,0.001306381116807461
1152,0.001360291290976521,0.0012024669954553246,0.0013520585491218502,0.0013009519439190628
1153,0.0013448729609242744,0.0012221822934225203,0.0013510085973888635,0.0013075426826253535
1154,0.0013199506943217581,0.0012271527294069528,0.001348841484863725,0.0012944673474878075
1155,0.001342982241573433,0.0012231641728430987,0.0013478583317043055,0.0012917113108560443
1156,0.0013341124316987893,0.0012136563658714295,0.0013459769743184248,0.001293723316118121
1157,0.0013016423391592172,0.0014501196658238769,0.0013457328992067942,0.001296290960162878
1158,0.0013293572510075238,0.0014178082533180714,0.001346322555539923,0.0012919891580939293
1159,0.0013774508108488387,0.0013388611190021037,0.0013442600199642283,0.0012936151184141638
1160,0.001351962303225365,0.0016148814605548977,0.0013443606619826624,0.0012902216218411923
1161,0.0013469664897355768,0.0013155530532822013,0.0013441431775275206,0.0012888438889756798
1162,0.0013266707403171395,0.0012679481646046043,0.0013411823556241063,0.0012896472545340656
1163,0.0013489535515610542,0.0012849511299282313,0.0013414914780192906,0.001284876368008554
1164,0.0013664902270668082,0.0012464204197749496,0.0013391660679959588,0.0012805981133133173
1165,0.0013439571350398992,0.0014208382181823253,0.001337554933492922,0.0012828688191249965
1166,0.0013352874697496494,0.001322216666303575,0.001337802963859091,0.0012960246510803697
1167,0.0013467497192323208,0.0011955210706219078,0.001338474510372099,0.0012958319419994948
1168,0.0013432212598207924,0.0012509771483018995,0.0013378571436947419,0.0012955437686294317
1169,0.0013391682932463785,0.0012626318540424107,0.0013381922833311062,0.0012973405987024306
1170,0.0013782480369425483,0.00121152110863477,0.0013386007429100574,0.0012955539880320428
1171,0.001306307621869362,0.0012377649778500198,0.001338500669360575,0.0012872007928788661
1172,0.0013423446827154192,0.001220865803770721,0.0013385905980546442,0.0012836070859804749
1173,0.0013365058528466357,0.001227389951236546,0.001338261417992827,0.0012686283156275748
1174,0.0013310445426031948,0.0012403752282261849,0.0013374593258214497,0.001272612584196031
1175,0.0013215770080892576,0.0012163362419232726,0.0013365306982460123,0.0012720488170161843
1176,0.0013030367453272145,0.0011833487404510378,0.0013363545387776365,0.0012803607366979122
1177,0.0013200129284006027,0.0012592346407473086,0.0013347237336656286,0.001280521770939231
1178,0.0013510737200785015,0.0015510780923068523,0.00133468932106884,0.0012868825089186432
1179,0.001336739357146952,0.00122233500238508,0.0013351777320106824,0.001281515282765031
1180,0.0013275480746395057,0.001215959838591516,0.0013357179215798777,0.0012877611804753544
1181,0.0013424909226078955,0.0012585771176964044,0.0013356734583257802,0.001289769002236426
1182,0.001311853828632997,0.0014054543990641832,0.0013364079656493332,0.001288420931249857
1183,0.0013268554122704598,0.0012089783744886518,0.0013344756166554159,0.0012894386738538743
1184,0.0013796990282005735,0.0012490184465423226,0.001334592691405366,0.001290612562932074
1185,0.0013437328016799358,0.001240412201732397,0.0013360325975964467,0.0013471937250345944
1186,0.0013269141854511367,0.0014151597674936056,0.0013374138459770217,0.0013471944238990544
1187,0.0013034550509312087,0.0012538539851084352,0.0013376062494185235,0.001347429527901113
1188,0.0013445495648516548,0.0014927491219714284,0.0013412874435178106,0.0013566126342862844
1189,0.0013257200992666184,0.0012504462758079172,0.0013427995712392861,0.0013563147369772197
1190,0.0013430968201201823,0.0015798566676676273,0.0013429219050229422,0.0013538162352517249
1191,0.0013474977432957125,0.0011880360124632717,0.0013420286092596747,0.001353605595044792
1192,0.0013602544584621985,0.001351668513379991,0.0013419214771750072,0.001355891804210842
1193,0.0013421096784683566,0.0013011726923286915,0.0013405197511427104,0.0013545577142387631
1194,0.0013575309763352076,0.0012289300793781877,0.00133916426692158,0.0013541969364508988
1195,0.0013299393120946156,0.0012369646737352014,0.0013409237240958544,0.0013543172584846617
1196,0.0013092344906181098,0.0012671122048050166,0.0013418329480414588,0.0013530285693705082
1197,0.0013783423374924394,0.0026353948563337328,0.001340033333810667,0.0013505732188001276
1198,0.0013710370623610086,0.0012274074228480459,0.0013391070232002273,0.0013612810365855694
1199,0.0013358546286407445,0.0012462528282776474,0.0013403135860338806,0.0013524643117561938
1200,0.0014136068605714374,0.001445913901552558,0.0013420590171590448,0.0013508302027359607
1201,0.0013408399383640951,0.0011759013077244163,0.0013413355990830394,0.0013480523670092227
1202,0.0013230712729920115,0.001196772097609937,0.0013411718064919114,0.001349502659402788
1203,0.0013287413259968162,0.0015458120871335269,0.0013410321343069278,0.001334812153875828
1204,0.0013340610550302597,0.0012794902315363288,0.0013401665199444528,0.0013359336348250507
1205,0.0012925049238320854,0.001182607589289546,0.0013402734829216368,0.0013320431429892775
1206,0.00130860381707963,0.0012495576729997992,0.0013408780250284405,0.0013278477728366851
1207,0.0013558402579898635,0.0014084624499082566,0.0013386352711253697,0.001336173260398209
1208,0.0013495860109105707,0.001176761146634817,0.001338998321040223,0.001333976218663156
1209,0.00133470867243078,0.0011876346822828055,0.0013396166751057734,0.0013318446788936852
1210,0.0013205750364189348,0.0015081076463684439,0.0013378116777891084,0.0012734914844855668
1211,0.0013570782562924756,0.001194741646759212,0.001335064625232998,0.0012717061568051579
1212,0.0013470908290603096,0.0012130012596026063,0.0013362973297532238,0.0012819521106779577
1213,0.0013264641129515236,0.001423303228802979,0.0013318923186821244,0.0012772060208022596
1214,0.0013216252844884164,0.0012867035856470466,0.001329994462337345,0.0012766976634040477
1215,0.001339605015495585,0.00121259402949363,0.0013292555360330475,0.0012771121889352801
1216,0.001325857384233839,0.0012160730361938476,0.0013280089173465968,0.0012618067288771271
1217,0.0013629285328918034,0.0012544062174856662,0.0013260446657530137,0.0012576043028384445
1218,0.0013572232311384546,0.001196288438513875,0.0013260815336265499,0.0012571124697104096
1219,0.0013014621287584305,0.0014370672684162855,0.0013251921306053798,0.0012557786624878644
1220,0.0013390155599659515,0.0011820386303588747,0.0013222442523783279,0.001245827626809478
1221,0.0013246933422568772,0.0012138237105682491,0.001323486599439962,0.0012497326949611307
1222,0.0013332174045758115,0.0011765649961307644,0.0013254733181558551,0.001250299544632435
1223,0.0013023607484582398,0.0011827742308378219,0.0013270237482566802,0.0012383707558736208
1224,0.0013666722416463826,0.0015024016750976442,0.0013253063251885274,0.0012463729083538057
1225,0.001303481583793958,0.0013272616546601058,0.0013243608602012198,0.0012451970685273409
1226,0.0012933935297446118,0.0011631923727691174,0.0013238282636842795,0.0012364119552075864
1227,0.0013045981153845788,0.0012071352358907462,0.001325788765348908,0.0012322533028200269
1228,0.0012975758588355448,0.0011631755856797098,0.0013233258888849782,0.001235834209807217
1229,0.0012849547651906808,0.0011744295805692672,0.0013248490214865238,0.001235649120248854
1230,0.0012934266206704908,0.0011703117610886694,0.001324257892421964,0.0012316554956138131
1231,0.0012863687415503792,0.0012162124924361706,0.0013217986914536189,0.0012385815111920237
1232,0.0012821433023135695,0.0011596865579485893,0.0013227930036580394,0.0012310727171599865
1233,0.0013806446874514223,0.0012743878504261374,0.0013217758522472446,0.0012351256744936112
1234,0.0013843766403281027,0.001201805924065411,0.00132235215731586,0.0012348242105916147
1235,0.001359335788939562,0.0012098879273980856,0.0013214294996423022,0.0012365720504894857
1236,0.0013141426795886622,0.0013947954587638378,0.0013236393840466109,0.0012373645091429354
1237,0.0013234542043776148,0.00118360526394099,0.001320010422139118,0.0012341849673539404
1238,0.0013131492000280154,0.001203675395809114,0.001320411505436318,0.0012303986040875317
1239,0.001370637826104131,0.0011827372759580612,0.0013198723851910068,0.0012336302528157834
1240,0.0012780331038973398,0.0013021167041733861,0.0013200059986466334,0.0012355889933183793
1241,0.0013639356992724869,0.0012114457972347737,0.0013197642090523412,0.0012367365835234524
1242,0.001348150306277805,0.0011545656016096473,0.0013209245598254107,0.0012384596293792132
1243,0.0012957432069298294,0.001369438827969134,0.0013206653639881148,0.0012393989102914933
1244,0.0013263199338689447,0.001249347417615354,0.0013226535050612357,0.0012538603838533166
1245,0.0013135867746960786,0.001283362563699484,0.0013256269220883648,0.0012537651417776942
1246,0.0013391009689722624,0.001206287113018334,0.0013210002445098426,0.0012489217879250647
1247,0.0013101509627368715,0.0012202609935775398,0.0013192767811007796,0.001247438677586615
1248,0.0013576078585659465,0.0012025856971740723,0.0013180766846467222,0.0012466469591483472
1249,0.001275948193959064,0.0014229131303727628,0.0013178702260884974,0.0012461114985868333
1250,0.0013135086662239498,0.0012326025729998947,0.0013170503430792856,0.0012509144466370343
1251,0.001279915523611837,0.0012439835909754038,0.0013160900343106025,0.0012508957905694841
1252,0.0013079384517752461,0.0012561037484556435,0.0013140449129355454,0.0012500144528225065
1253,0.0012915311189782288,0.0011918653408065439,0.0013148181650684116,0.0012454156761989
1254,0.0013139635345174206,0.0012175057269632817,0.0013180286248214545,0.0012482357634231453
1255,0.0012869467247380978,0.0011937937838956713,0.0013180844398939775,0.0012604810418561105
1256,0.0013360722683784035,0.0015777493314817548,0.0013182206022760107,0.0012639634044840932
1257,0.0013564787279917961,0.0011573055060580372,0.0013164930956955586,0.0012630415363237262
1258,0.0012649777479883696,0.001153304004110396,0.0013154722144930726,0.0012579813238233328
1259,0.0013412900551015305,0.0011647281656041741,0.0013148965831225117,0.0012560562508180735
1260,0.0013293333775881264,0.0011900949664413929,0.0013154679933355916,0.0012667622821405527
1261,0.001308981215633038,0.0013814089447259903,0.0013157743003012407,0.0012656155481934545
1262,0.0013029571291473176,0.0013036789651960133,0.001318573785531852,0.0012718740567564963
1263,0.0012891414808109403,0.0012032089941203595,0.0013186247252962655,0.001268561507388949
1264,0.0013195097917276953,0.001160703832283616,0.0013187775812008315,0.0012714475115761159
1265,0.0012973644072189928,0.0011871472885832191,0.0013183555018570687,0.0012718488939106461
1266,0.0014441971930985648,0.0012819479778409003,0.001317973746307608,0.0012713597085326908
1267,0.0013495456830908855,0.0014606975624337792,0.0013211018600708078,0.0012714048001915216
1268,0.0012991472664806577,0.0014564978936687113,0.0013201330319046974,0.0012719424687325954
1269,0.0012831322693576416,0.0012263007136061788,0.001317819084227085,0.0012554099529981614
1270,0.0012880647446339329,0.001156857251189649,0.0013164291385250786,0.0012638129988685252
1271,0.0013247101847082376,0.0011581602878868579,0.0013172859153710306,0.0012662594325840476
1272,0.0013244362180638645,0.001487911776639521,0.0013157166545072364,0.0012706487584859133
1273,0.0013652655327071747,0.001173917348496616,0.0013157913879491391,0.0012695638114586473
1274,0.0013459353247243498,0.0015793758444488048,0.0013155951926070784,0.0012631357219070195
1275,0.001314782160334289,0.0011497888388112187,0.0013161033919908934,0.0012586656529456374
1276,0.001283736921225985,0.001316133695654571,0.0013162487700167631,0.001256604577414691
1277,0.0012973864681811796,0.0012661383068189025,0.001316408357396722,0.0012578273570165036
1278,0.0012819872302417127,0.001179635706357658,0.0013159410132198702,0.0012593880161643027
1279,0.0013921663785974184,0.0012186330184340477,0.0013095284652275346,0.001253770229779184
1280,0.0012627260205853317,0.0012072354974225165,0.0013065218960659373,0.0012411779215559364
1281,0.0012782235764380958,0.0011644364381209016,0.0013060755656411254,0.001242579753883183
1282,0.0013217300854416357,0.0013673816528171302,0.0013091194475483565,0.0012459340989589688
1283,0.0012863971691371666,0.001214464846998453,0.001309867377465384,0.0012452002439647914
1284,0.0013020585335066749,0.0012744613131508232,0.0013085961582035657,0.0012485618755221366
1285,0.0013312017136356898,0.0011629712907597423,0.0013133491547778252,0.0012390151388943192
1286,0.0013040763320815232,0.0012207067059352994,0.0013123793133224054,0.001238513211905956
1287,0.0013156621137426958,0.0011919272411614655,0.001310073626993431,0.001221661548689008
1288,0.0012927759314576785,0.0011516821058467032,0.001310323318363064,0.0012220840211957693
1289,0.0013234994762266676,0.0011912733223289251,0.0013092546767658657,0.0012151758160442116
1290,0.0012856808027976916,0.0012261637672781945,0.0013092987096971933,0.0012127734661102297
1291,0.0012838834932901793,0.0011415033182129264,0.0013088230344673827,0.001213246780447662
1292,0.0012743814540509548,0.001145889856852591,0.0013039221443960237,0.0012128107709810138
1293,0.0012879890058603552,0.0014915437018498778,0.0013073967878913715,0.0012099781770259141
1294,0.0013592293170384235,0.0013101593405008315,0.0013079418058817586,0.0012155931552872061
1295,0.0013067629925596217,0.0011385108763352038,0.0013066279683262112,0.00120897208917886
1296,0.001292929703162776,0.0012422010768204927,0.001306495152993335,0.001208107935078442
1297,0.001443261132420351,0.0012492433609440922,0.0013080184981744327,0.001206367261894047
1298,0.0013410194963216781,0.0011613691737875343,0.0013052826704457406,0.001208899452537298
1299,0.001288293166499999,0.0011580842640250921,0.0013042155525750587,0.0012137824147939681
1300,0.0013210244445751112,0.0011603506514802574,0.0013025323268129596,0.0012131314426660539
1301,0.001257020881296032,0.001143428566865623,0.0013023749992458358,0.0012136983765289188
1302,0.001298487291464375,0.001206079558469355,0.0013027201318906415,0.0012146440930664538
1303,0.0012700953494964374,0.0011914685647934674,0.0013038117937433226,0.001212816546857357
1304,0.0012696441268134448,0.0012077327817678451,0.001307984261080209,0.0012280459623783828
1305,0.0013495921079690258,0.0011364206485450267,0.001310469955061045,0.0012296064054593441
1306,0.0012918490261977745,0.0013048108946532011,0.0013119750563469201,0.001216882799193263
1307,0.0012888841465529468,0.0012018550001084804,0.0013119134468129944,0.0012131362948566674
1308,0.0012830767858152587,0.0011928609944880009,0.001311086421201213,0.00121627580858767
1309,0.0013401421630341145,0.0012309444835409522,0.0013111806357382905,0.0012138325877487659
1310,0.001262806020418389,0.0012262760568410157,0.0013037190806741519,0.0012093689823523164
1311,0.0012773983853144777,0.0013427807623520493,0.0013000844246190458,0.0012104962818324568
1312,0.0012735814696902203,0.001175652937963605,0.0013007653439314005,0.001210756325721741
1313,0.0012888427422795858,0.0011658554524183273,0.0012984448212405876,0.0012129296481609346
1314,0.0013321277923468086,0.001214916235767305,0.001301328185086863,0.001214847945980728
1315,0.001312972349114716,0.0011804751120507717,0.001300874742027372,0.0012135938867926601
1316,0.0013881951767123408,0.0015222387062385678,0.0013026736206375063,0.001213072267174721
1317,0.00133652380357186,0.0011849009338766336,0.0013026957804958025,0.0012157797949388623
1318,0.0013256165380072262,0.0011734535451978444,0.0013044740268650153,0.0012162308357656002
1319,0.0013576890786902772,0.0012164967320859432,0.0013028829033072623,0.001213437850959599
1320,0.0012860873522650865,0.0012169987196102739,0.001302831725683063,0.0012124084087088705
1321,0.001295285066589713,0.0011811205558478833,0.001302022574603971,0.0012097273016348482
1322,0.00125672225581689,0.0011376532260328532,0.0013018486470294493,0.0012077730014920236
1323,0.0012501530949440268,0.0011895516607910396,0.0013011385063744253,0.0012095999384298922
1324,0.0013053161493088636,0.0011645853612571955,0.0013012765223367347,0.0012038308842107653
1325,0.0012630113773047923,0.0012146837124601007,0.0013017090090033084,0.0012077079856768248
1326,0.0013291049774529205,0.0011913860123604536,0.0013015966520644729,0.001211143035441637
1327,0.0012871512149771054,0.0011747280787676572,0.0012988978862452014,0.001208886940963566
1328,0.0013150673147497905,0.0011784280743449926,0.001298274915468776,0.0012070439742878076
1329,0.0012701981232708527,0.0012754209758713841,0.0012953575039282444,0.001198506689071655
1330,0.0013940482671993474,0.0011476966692134738,0.0012957385127329167,0.0011960493475198744
1331,0.0012520709372539488,0.0012349862745031715,0.0012938126998643083,0.001194001084193587
1332,0.0012876047059479686,0.0011761189438402654,0.0012906263467234872,0.0011939204772934318
1333,0.0012628480088379649,0.0011258333176374436,0.001291232832355632,0.0011903626801446079
1334,0.0013357939736710655,0.001182086979970336,0.0012909757200007638,0.0011878731774166225
1335,0.0012450525040427845,0.0012719494802877307,0.0012908832277274795,0.0011905903605744245
1336,0.0012808487843722104,0.001198554406873882,0.001294120280010005,0.0012021931122988465
1337,0.0012843936363545556,0.001272580474615097,0.001292422246798459,0.001206054032966495
1338,0.0012860338188086947,0.0012517316965386272,0.0012967687470321026,0.0012039233377203347
1339,0.0012646586468650235,0.0011585138738155365,0.0012952698906987079,0.0012095980601385236
1340,0.0012973980797040794,0.0011344009451568127,0.0012957667191823325,0.0012093088379129767
1341,0.0013152598881990545,0.0013088065758347512,0.0012947401385547388,0.0012068248037248848
1342,0.0013460490236886673,0.001123467395082116,0.0012948649675481852,0.0012064573615789412
1343,0.0012774712162920171,0.0011222469620406628,0.0012890024952073068,0.001207578841038048
1344,0.0012780302501697507,0.0012144815595820546,0.001291523397041278,0.0012088540788739918
1345,0.001301249493068705,0.0011280537908896803,0.0012900709073680146,0.0012164928909391165
1346,0.0012888572577180134,0.0011188829876482486,0.0012933340389074553,0.0012163213487714527
1347,0.001254409948984782,0.0012055828049778938,0.0012896842742235299,0.0012147419191896917
1348,0.0013310794020071626,0.001479620453901589,0.0012908340735774905,0.0012102774960920217
1349,0.0012628653190202184,0.0012611083779484034,0.001290407278818182,0.00120817240010947
1350,0.001371673883145882,0.0011614163313061,0.0012896203190864374,0.001214391319639981
1351,0.0012916335691180495,0.0013332540728151797,0.0012920565811968927,0.0012112300749868154
1352,0.0012995719270677201,0.0011674975231289863,0.0012924889234049869,0.0012104140045121313
1353,0.0012894027990599474,0.0011163272196426989,0.0012918843938503415,0.0012099557068198919
1354,0.00127331884810701,0.0012662349222227931,0.0012908619438763709,0.0012043938370421528
1355,0.0012474864586773846,0.0011757336556911468,0.001287275196192786,0.0012085428990423678
1356,0.0013150934831032321,0.001266867220401764,0.0012867918632872815,0.0012133829193189743
1357,0.0012512924641163814,0.001367089245468378,0.0012861554590519518,0.0012116133501753213
1358,0.0013444262973239852,0.0011215447634458542,0.0012835021129447136,0.0012124249229207632
1359,0.0012445498565729293,0.001142601240426302,0.0012811934997586324,0.0012180549930781127
1360,0.0012737974878917965,0.0011603389028459787,0.001283384770222215,0.001228741167858243
1361,0.001270178915389503,0.0011459270073100923,0.0012840446047019214,0.0012243804382160305
1362,0.0012647196430609457,0.0014280534628778696,0.0012845450721318936,0.001226396001689136
1363,0.001346940371570074,0.0011727005802094936,0.0012852916937166204,0.001228590273112059
1364,0.0012754672020673752,0.0011381121119484305,0.0012861423492690344,0.00122211375143379
1365,0.0012822848408379488,0.0011229435028508306,0.0012833848285954445,0.0012216214278712868
1366,0.0012896986388497883,0.0011697598313912749,0.001281572200342392,0.001223634119518101
1367,0.0012563803315990502,0.0012271939450874925,0.0012821137902068183,0.0012201569536700845
1368,0.001265387893654406,0.0012432474689558148,0.0012821836662013084,0.0012186244146898389
1369,0.0012621201442865034,0.0011702423309907317,0.0012814922927930539,0.0012154546473175287
1370,0.0012349158403877584,0.00114834310952574,0.0012823660652515375,0.0012057003866881133
1371,0.0012311419280659822,0.0012596347415819763,0.001278616269869316,0.0012059479139745236
1372,0.0013091917105743454,0.0014727371744811535,0.0012799547535315568,0.0012053056295961142
1373,0.0013475752639998165,0.001370602212846279,0.0012784465025230827,0.0012060947367921473
1374,0.0012753770047695273,0.001311497464776039,0.001280150596342153,0.001208779362589121
1375,0.0013903394227640497,0.0012162731168791651,0.0012789272200626632,0.001196961456909776
1376,0.0013128999579283926,0.001171341030858457,0.0012749406700125999,0.0011981046471744776
1377,0.001230633910227981,0.0011551894340664148,0.0012753361545606624,0.0012170136153697966
1378,0.0012440870927336316,0.0011666445108130573,0.0012753353565413922,0.0012182524008676411
1379,0.0012868585947176648,0.0011793057760223747,0.0012742606995109886,0.0012165595469996332
1380,0.0012492333585396409,0.0011374201811850072,0.0012745975985398723,0.00121893361620605
1381,0.001297809147896866,0.0011876230360940098,0.0012755145673950515,0.0012137985901907087
1382,0.0012731367755784756,0.0011232327297329902,0.0012768090932009125,0.0012124176047742365
1383,0.0012506814127684468,0.0011277329456061125,0.0012781188866330517,0.0012108632734045383
1384,0.0012780119481289552,0.0011265441309660674,0.0012813171529935468,0.0012049185490235685
1385,0.0012360912126799424,0.0011800665827468037,0.0012785431585688562,0.0011921530762687325
1386,0.001312781260866258,0.001213042652234435,0.0012749552115901479,0.001182280717231333
1387,0.0012341352360736994,0.0011326058208942413,0.0012737359006992648,0.0011742485307157037
1388,0.0012472766203184922,0.0012012803368270397,0.0012709507254055805,0.001172884317114949
1389,0.0012853543157689273,0.0016108363168314099,0.0012681268529552555,0.001171498468890786
1390,0.0012822648903561963,0.001153913140296936,0.001270222316330506,0.0011695337809622289
1391,0.001262832213089698,0.0011274384846910834,0.0012712590254015394,0.0011671090357005599
1392,0.001264802807321151,0.0012865456752479076,0.0012700306298107737,0.0011681120118126275
1393,0.0012883121150338815,0.0011148718185722828,0.001270176189610114,0.0011690812131389978
1394,0.0012944832894330224,0.0011357176955789328,0.0012676396764918338,0.0011749930547550324
1395,0.0012676606761912504,0.001109484825283289,0.001266658283128507,0.0011826005985960365
1396,0.0013110985870783529,0.0011110166320577263,0.0012677642458454811,0.001181954568438232
1397,0.0012398418499570754,0.0011536003556102514,0.0012694881229583798,0.0011849793866276742
1398,0.0012578765895321137,0.0011237932369112969,0.00127068638058845,0.0011833893263712523
1399,0.0012448942324974472,0.0011106928018853068,0.0012686915293258305,0.0011789775034412738
1400,0.0013207100404219495,0.0011821677768602968,0.0012701358063896705,0.0011779381122440096
1401,0.001242303146670262,0.0011366948252543806,0.001270097878163991,0.0011754333423450588
1402,0.0012830204946092433,0.00110607223585248,0.0012682480619314851,0.0011552244311198593
1403,0.0012700048195094698,0.0011060258792713286,0.0012664557861086605,0.0011542340816929938
1404,0.0012561487049485246,0.0012043801788240672,0.00126668900877703,0.0011547522129490971
1405,0.001252872353523142,0.001161650214344263,0.0012660314305504372,0.0011476914498955012
1406,0.0012343963199398585,0.0013354190764948725,0.0012636811930712105,0.0011491969998925924
1407,0.001248601941495306,0.0013134213257580995,0.001264016180425986,0.001154329283349216
1408,0.0012783304806928046,0.0011115821916610003,0.0012653872116391237,0.0011595004301518201
1409,0.0013211088759514193,0.0012021645857021213,0.0012655246257704373,0.0011640723422169685
1410,0.0012660476534316937,0.0011403150763362646,0.0012670251255984314,0.0011872697696089746
1411,0.0012629099793007804,0.0011027470789849757,0.0012684505590573989,0.0011916161475703122
1412,0.0012702421626696984,0.0011066210409626364,0.0012692742417902787,0.001191153913550079
1413,0.001246328414676504,0.0011386610893532633,0.0012664730961977815,0.0011930420599877837
1414,0.0012391089099562831,0.0011056135362014176,0.0012673526271272243,0.0012025979422032834
1415,0.0012374579947855738,0.0011291544046252966,0.0012661210822898685,0.0012035257006064056
1416,0.0012686627797989381,0.0011403917660936713,0.0012645568104279745,0.0012032745752483605
1417,0.001248363351656331,0.0011100265989080072,0.0012652115133720348,0.0011997194496914743
1418,0.00122955617805322,0.0011525105684995652,0.0012655043152497254,0.0012003048781305552
1419,0.001302857973302404,0.0012640247819945215,0.0012660485869506375,0.0011927788740023972
1420,0.0013019364565196965,0.001238763495348394,0.0012659470617176138,0.0011844079064205289
1421,0.0013145339403611918,0.0012253144336864352,0.0012648600384179089,0.001186591136083007
1422,0.0012773543456569313,0.0017335360404103994,0.0012614411090604131,0.0011881637977436185
1423,0.0012935124260062972,0.001232452685944736,0.0012613855068882305,0.0011874058477580548
1424,0.00126548630081945,0.001099136951379478,0.0012613817803251246,0.0011874498102813962
1425,0.001250681400609513,0.0012293714378029108,0.0012611773185535438,0.0011880523430183533
1426,0.0012642914199063348,0.0013755918806418776,0.0012633091089005273,0.0011865126380696896
1427,0.001252231873675353,0.0011292661959305405,0.0012661296949928833,0.0011877430483698847
1428,0.0012308980229621131,0.0010997477453202008,0.0012664127143824267,0.0011895451635122302
1429,0.0012725162785500288,0.0011155020399019123,0.001264696281351563,0.001190154253691435
1430,0.001260192400465409,0.001176285925321281,0.0012660754923915698,0.0011901982165873053
1431,0.0012480031124626598,0.0011472689732909202,0.00126682165943914,0.0011898129967972638
1432,0.0012460638106697136,0.0011041471362113952,0.0012645957565142049,0.0011835300020873547
1433,0.0012511548982001841,0.0011661629332229495,0.0012616155924482478,0.0011806001083925367
1434,0.00123563564201403,0.001241481127217412,0.0012585775672561592,0.001175952191464603
1435,0.001264657599127127,0.0011213663266971708,0.001258542209894707,0.0011557884259149431
1436,0.001262816815223131,0.0011038461420685053,0.0012575173499373101,0.0011529297810047863
1437,0.0012651306183801758,0.0011216843593865632,0.001258903591769437,0.0011554840341210365
1438,0.001299623173351089,0.0011001684656366706,0.0012585324171516632,0.001164471044577658
1439,0.0013096235622651875,0.001136373793706298,0.0012581825229649743,0.001154851054213941
1440,0.0012445334795241556,0.0011742072831839323,0.0012571733780619172,0.001153330272808671
1441,0.0012257519540273482,0.001155619020573795,0.0012562506645607452,0.0011551176110282542
1442,0.0012828436276564996,0.0011111256713047623,0.0012551779652738738,0.0011594036756083371
1443,0.001248210354242474,0.001142880073748529,0.001257718491119643,0.0011597583316266535
1444,0.0012472104001790285,0.0011069499142467975,0.0012575103240087628,0.0011626431960612535
1445,0.0012274323548707698,0.0011655161529779434,0.0012591264406219126,0.001168285930715501
1446,0.001238583310558978,0.0011091165104880928,0.0012583037277373176,0.0011669473130255937
1447,0.0012764704116206202,0.0012294419016689062,0.001258704276238051,0.0011647511476650834
1448,0.0012678909270713726,0.001160986563190818,0.0012580132683014706,0.0011661248551681636
1449,0.0013001423466226293,0.0011629932792857288,0.001256568843840311,0.0011703687191009522
1450,0.0012414020351651641,0.0014540466992184519,0.0012564131954684852,0.0011708865907043217
1451,0.0012555440652391148,0.0011350921215489507,0.0012555583647245335,0.0011778891267254948
1452,0.0012270032510989242,0.001091246660798788,0.0012526690773045023,0.0011760308332741261
1453,0.001207830185432815,0.0011444312008097768,0.0012507645768837796,0.0011817362854257226
1454,0.0012456987963782417,0.0012226536544039845,0.001250970949056662,0.0011828906308859587
1455,0.0013237055466096435,0.0011851523257791997,0.0012503031823577154,0.0011820190869271756
1456,0.0012427989346906543,0.001219390584155917,0.0012501342510701056,0.0011839580645784738
1457,0.0012864667259984547,0.0012452155025675894,0.0012497462439661224,0.0011886419732123617
1458,0.0012305870760853093,0.0011326974909752607,0.001252806978238126,0.001185442048497498
1459,0.001245649354532361,0.0011865769932046532,0.0012530235734664733,0.0011876897586509587
1460,0.0012473824007126191,0.00115570901427418,0.0012522960071451963,0.0011871348604559897
1461,0.0012267062036941448,0.0012099427403882146,0.0012524763711314235,0.0011903404982760548
1462,0.0012612394090845353,0.001134631149470806,0.0012521684390803178,0.0011878012565895914
1463,0.0012782524047522908,0.0012752318661659956,0.0012510622204074428,0.0011785446798428894
1464,0.00123739137676441,0.0010899164574220777,0.0012502807839256196,0.0011769921991974116
1465,0.001196920969006088,0.0013168435869738459,0.0012496870713929336,0.0011765386775135995
1466,0.001230911258349402,0.0011844776570796966,0.0012514564232693778,0.0011742779107764365
1467,0.0012661494601828357,0.0010893370723351835,0.0012496906241091588,0.001173542295768857
1468,0.001243987072052227,0.00119135451503098,0.00124654504555381,0.0011741362543776631
1469,0.001237510222579456,0.0012240476300939918,0.0012458948792993193,0.0011698383299633861
1470,0.001303950711670849,0.001085518035106361,0.0012440739279302457,0.0011653737295418975
1471,0.0012439981912676658,0.0011653092643246054,0.0012444222857554753,0.0011658272199332714
1472,0.0012582812535886962,0.0012155694467946886,0.001244437531588806,0.0011626469310373067
1473,0.0012724000267270539,0.0012411275086924433,0.0012443684166090357,0.0011623989256098867
1474,0.0012924440453449884,0.001099512237124145,0.0012443782530725002,0.0011596852771937848
1475,0.0012137465683432916,0.0012226322805508972,0.0012437435699393972,0.0011589045749977231
1476,0.001236008153193527,0.0010962801054120064,0.00124240297218526,0.0011521116252988575
1477,0.0012121604377817777,0.0010799086187034846,0.0012424780556181863,0.0011549854796379805
1478,0.001252063982343922,0.0010879120323807,0.0012440615924773739,0.0011472089208662511
1479,0.001201553817372769,0.0012042632792145015,0.0012430127273391311,0.0011493214141577485
1480,0.0012450660827259222,0.0012000012909993529,0.001242207542814625,0.0011496244875714185
1481,0.001226544778328389,0.0011119424737989902,0.0012423483571322221,0.0011509384924545886
1482,0.0012409429417716133,0.0011336004920303822,0.0012434177237330005,0.0011458658205345275
1483,0.0012392960217160484,0.0011440347507596016,0.0012421047434081427,0.0011487844781950117
1484,0.0012460305003656282,0.0011070697708055377,0.001245061893737875,0.0011556012559682132
1485,0.001245654526218358,0.0011495088785886765,0.001243235786484244,0.001153662241436541
1486,0.0012269521152807608,0.0011421015299856662,0.0012418604119654951,0.0011485968498513104
1487,0.0012453723307569615,0.0011151135945692658,0.0012382068417216136,0.001152378642745316
1488,0.0012447374608988563,0.0011054081236943603,0.0012399609807852863,0.0011516216069459918
1489,0.001239268462587562,0.001161762815900147,0.001239054345098945,0.0011520946433767679
1490,0.0012365093904857835,0.0011224296176806092,0.0012405610294469321,0.001164423604682088
1491,0.001204689629893336,0.0012372899893671274,0.0012399974493697908,0.0011688474908471106
1492,0.0012460198470701774,0.0010969139076769353,0.001241509518511076,0.0011646719567477701
1493,0.0012475074299921592,0.0012242046371102333,0.0012406775978367984,0.0011603343384340404
1494,0.0012642443875989153,0.001097230832092464,0.001242738886588874,0.0011666346399113535
1495,0.001271126203549405,0.0011584844766184689,0.0012424646579841565,0.0011663278536871075
1496,0.0013179269495109717,0.0013357287086546421,0.001241325994619789,0.001168817733414471
1497,0.0012126285722479223,0.0011670940835028887,0.0012407885502894512,0.0011747558334842324
1498,0.0012380156637583342,0.0011144927190616727,0.0012391477360053815,0.001172251153923571
1499,0.0012011047892479432,0.0011940570594742893,0.0012408949568324414,0.0011713997097685931
1500,0.0012576000449351138,0.0012037063855677842,0.0012392720110921396,0.0011716718176379799
1501,0.0012133422610349953,0.0011081060161814093,0.0012378755272262625,0.0011706447724252938
1502,0.001249827546481457,0.001388132651336491,0.001237578094481594,0.0011737105660140513
1503,0.0012379744804153839,0.0011985091865062713,0.0012363348048387303,0.0011739586889743805
1504,0.0012393555459049013,0.0010998749267309904,0.0012371612386571037,0.001169068415649235
1505,0.0012242680658689803,0.0010915608331561089,0.0012382578532108002,0.0011780685327947137
1506,0.0012780769971302813,0.0012694500107318164,0.0012369041483849287,0.00117326469309628
1507,0.0012340872266536785,0.0011259308364242316,0.0012352253997387987,0.001173308463394642
1508,0.0012108294376068644,0.0012062817439436912,0.0012333320289332835,0.001176045187562704
1509,0.0012325943921071788,0.0012555222725495695,0.0012307047797884378,0.0011878849806264042
1510,0.0012046341691166163,0.0010868918895721436,0.0012331727991915413,0.0011871320510283112
1511,0.0012706326359572509,0.0011208154261112212,0.0012322477135807278,0.001185846292413771
1512,0.001204798687249422,0.0011219162913039327,0.0012341171549943586,0.001182901418209076
1513,0.0012098253642519314,0.0010797319933772086,0.001235491172462288,0.0011914240641519426
1514,0.0012318326439708471,0.0012384076556190848,0.001236928657059454,0.0011941027104854583
1515,0.0012054271494141883,0.0011286326916888356,0.0012365521038261548,0.0011976233568042516
1516,0.0012253504753526713,0.0011150331562384964,0.0012368852499355044,0.0011958592370152471
1517,0.001273435210912592,0.0013219168363139033,0.0012366207507128516,0.001194809487275779
1518,0.0012136648093453713,0.0011041086446493863,0.0012373845655781527,0.001194281708821654
1519,0.001222275671445661,0.0010983250895515084,0.001235452826704002,0.001189289229363203
1520,0.0012237919334115253,0.001226902580820024,0.001235178739950061,0.001187132803350687
1521,0.0012522457208898332,0.001631723535247147,0.0012353784658221735,0.0011908880649134518
1522,0.0012743290573255055,0.0011482708435505628,0.0012359280610560544,0.001184027502499521
1523,0.001214888523487995,0.0010823487536981702,0.0012380106591826513,0.0011913043642416599
1524,0.0012478408245887194,0.0011204352043569087,0.001238357659160263,0.001196523576229811
1525,0.0012919504816333452,0.0014167725341394544,0.001239588923390127,0.00120044697932899
1526,0.0012492793759641548,0.0011750721745193004,0.0012408031455448105,0.0012061891257762907
1527,0.0012404137156489822,0.0014761488093063236,0.001241722152920233,0.0012008478224277495
1528,0.001246303133149114,0.0011544061917811632,0.0012453035899334484,0.0012023601971566675
1529,0.0012327430653385819,0.001073631183244288,0.001245922732580867,0.0012025328628718851
1530,0.0012433634375015067,0.0010783663718029856,0.0012439828294846748,0.0011951884156093
1531,0.0012297835252765151,0.0011446380242705345,0.0012443812808228863,0.0012057915844023227
1532,0.0012272350578051475,0.001072020186111331,0.0012448594954692657,0.001205679000169039
1533,0.0012158225844096807,0.0013001632830128074,0.0012445617614520923,0.001206121349334717
1534,0.0012463342729541992,0.0010840082122012974,0.001243775937333703,0.0011881486335769298
1535,0.0012566991222815382,0.0012688134331256152,0.0012422802858985962,0.001188588490150869
1536,0.0012793076353975468,0.001251295725814998,0.001242025658984979,0.0011941384278237818
1537,0.0012355802929960192,0.0012200013687834145,0.0012408244303117194,0.001192497554793954
1538,0.0012401809181190198,0.0012232856545597315,0.0012370743287520277,0.0011816277561709284
1539,0.0012548078283564084,0.0011048750719055533,0.0012372424964068663,0.0011775656312704088
1540,0.0012949630747445756,0.0011664420599117875,0.0012374674620003335,0.001161633825674653
1541,0.0012408290415381392,0.0011193497991189361,0.0012358428224817745,0.0011616755541414023
1542,0.0012249376335077816,0.0011383056547492742,0.0012349259257833992,0.0011614859366789459
1543,0.0012236260928006636,0.0013691878644749521,0.0012325665798245207,0.0011609722219407558
1544,0.00123423103760514,0.0010955104837194086,0.0012322336840339834,0.00116420805901289
1545,0.0012163485829821891,0.0012379613099619746,0.001232639180082414,0.001175161183066666
1546,0.0012326001179301077,0.0011824056413024663,0.0012346930686487922,0.001166136280633509
1547,0.0012369377714478308,0.001159267257899046,0.001233481095482906,0.0011785936133936047
1548,0.0012085228506475687,0.001221097195520997,0.0012324345442155998,0.0011763922831043601
1549,0.0012178101077572339,0.001079413378611207,0.0012309415139050948,0.001168901770748198
1550,0.0011981979426410464,0.001145027568563819,0.001231336363601602,0.0011639331622049212
1551,0.0012534835673351254,0.0010735190520063042,0.0012312636534476448,0.0011708005007356405
1552,0.0012460378554856612,0.001077853669412434,0.0012299395854274435,0.0011692573606967925
1553,0.0012056871451851395,0.001155449403449893,0.0012270009947733748,0.0011705805236473677
1554,0.0012098206478791931,0.0010688907466828823,0.0012253686715020904,0.0011709108464419843
1555,0.0011843797885295417,0.0010655235033482312,0.0012249273487056297,0.0011705634664744141
1556,0.0012214611305130852,0.001225533951073885,0.0012253754216349788,0.0011614783946424724
1557,0.0012373724590159126,0.0013458482874557376,0.0012264094539814526,0.0011736671701073648
1558,0.001267169798569133,0.0010745407221838831,0.0012269889765936467,0.0011668023040518165
1559,0.0012160349438070422,0.0013954415312036872,0.0012259292960166933,0.0011620098268613217
1560,0.001230535340598888,0.0012137801758944989,0.0012287885758197972,0.0011584934124723076
1561,0.0012419818776349227,0.0010640329169109464,0.0012289634055044091,0.0011550516756251455
1562,0.0012454515354086955,0.0010957861552014947,0.0012289918359110342,0.0011579388869926333
1563,0.0012383631642700896,0.0013949691178277135,0.0012312090229191304,0.0011546571472659708
1564,0.0012217061278513737,0.0010662965709343553,0.0012317211781680173,0.0011641760144382716
1565,0.0012214983083928626,0.0011995211336761713,0.0012300568942756704,0.0011687253920361403
1566,0.0012000209597560266,0.0011276078689843416,0.00123062742621017,0.0011650049732998015
1567,0.0012139045635962652,0.0011296211555600166,0.001232301469731869,0.001167267676256597
1568,0.001234827916034394,0.0011420610686764122,0.0012326969447804409,0.0012039264457300303
1569,0.001260081846266985,0.0014002298703417182,0.001233891728401391,0.0011971938841044902
1570,0.0012308366482870446,0.0010663396585732698,0.0012327020071395156,0.0011886506503447892
1571,0.0012061081035062671,0.001062593711540103,0.0012304482145907567,0.0012111892169341448
1572,0.0013084197665254275,0.0010713568981736898,0.0012305634061236766,0.001199351738020778
1573,0.0012128935927628642,0.0011350537743419408,0.0012305953981820495,0.0012035876110196115
1574,0.0012185208679228608,0.0011515936627984047,0.0012310253450698737,0.0012195411909371615
1575,0.0012536276178434491,0.001062984075397253,0.0012291394706246339,0.0012206331625580788
1576,0.0012662874485573007,0.0013114907313138246,0.0012281408483628183,0.0012147509397938848
1577,0.0012044307581769924,0.0011915881093591452,0.0012274459152534192,0.0012254949722439049
1578,0.001219950443547633,0.0010624389350414277,0.0012284511907595312,0.0012330622518435118
1579,0.0012516717359216678,0.0011254583206027746,0.0012305396755174218,0.0012316106677055358
1580,0.0011942666647438375,0.0019819927401840687,0.0012320554163048252,0.0012292956771329043
1581,0.0012513307210368415,0.0010572199104353786,0.001229700430456756,0.0012363516837358471
1582,0.001207629427469025,0.0011322674434632062,0.0012327924675773828,0.0012261247888207434
1583,0.001210824984850155,0.0016380048869177699,0.0012317201764685,0.0012276550402864812
1584,0.0012189147321300373,0.0010995045583695174,0.0012321409571139765,0.001227527893334627
1585,0.0012313351420582168,0.0013196770008653401,0.001227013554118781,0.0012361910866573451
1586,0.0012527305498305295,0.0014628724148496985,0.0012285386364234406,0.0012363778360188007
1587,0.001198304674277703,0.0011230854457244276,0.0012285163814201952,0.0012540225636214018
1588,0.0012133976077246997,0.0012479135487228632,0.0012278437712954153,0.0012596315441653135
1589,0.00120433280011639,0.001334897382184863,0.0012283813923079933,0.0012581928087398411
1590,0.0012466301960456702,0.001388703123666346,0.001228477770731681,0.0012606926131993534
1591,0.0012522330787032843,0.0010913182655349373,0.0012286288331262766,0.0012639642041176557
1592,0.0012517980832813514,0.0010717463912442327,0.0012271715748744707,0.0012619437981396915
1593,0.001175953269832664,0.0013184612337499857,0.0012278006072983974,0.0012252930477261543
1594,0.0013373827742826608,0.0011445574974641203,0.0012271337792070377,0.0012381946152076125
1595,0.0012040293705649673,0.0011045959452167153,0.001227017460215009,0.00123849082197994
1596,0.0012166276196431782,0.0010594150377437473,0.0012286852939261334,0.001217147299461067
1597,0.0011802346916455363,0.0012879367312416434,0.0012274419573549598,0.0012171262996271256
1598,0.0012510206503793598,0.001139722508378327,0.0012289626572074162,0.0012092252818867563
1599,0.0012179644928417273,0.001592711852863431,0.0012272997978143396,0.0011950251327827574
1600,0.0012368123647239473,0.0012032085889950395,0.0012283064773409731,0.0011964179500937463
1601,0.0012797279738717608,0.0012755223456770181,0.0012301875575031673,0.0011934614220634105
1602,0.0012068402187691795,0.001254083220846951,0.0012301839144796959,0.0011830126844346526
1603,0.0012237270034125283,0.001144228707998991,0.0012315132008658516,0.0011723175792023542
1604,0.0012152402796265151,0.0010749481711536646,0.001229561490441362,0.0011963984824717045
1605,0.0012099924753420056,0.001065723979845643,0.0012293931145945355,0.0012038765627890825
1606,0.0012346600187528466,0.0013797590974718333,0.0012300070151479707,0.0011983715780079366
1607,0.0012047214526683093,0.0011396726127713918,0.0012238668812956247,0.001195448404736817
1608,0.0012525208276282583,0.0011044168239459395,0.0012236060702138479,0.0011951221348717811
1609,0.001187831317850699,0.001098979562520981,0.0012232072026779255,0.0011956983551383018
1610,0.001269352638369633,0.0011221515573561192,0.001225007653163953,0.0011901934834197166
1611,0.0012111590650036104,0.0011078686872497202,0.001222387955689596,0.0011886341478675605
1612,0.0012234716624435452,0.0011579058784991503,0.001221618806053367,0.0011768070340156555
1613,0.0012604246117795506,0.0011740003479644655,0.0012191216743965116,0.0011723549369722604
1614,0.001204241724529614,0.0010736789414659143,0.0012148037641723124,0.0011632732262834905
1615,0.0012798623556995558,0.0011213254928588868,0.0012145387606695298,0.0011644287509843707
1616,0.0012034403180910481,0.0016933408472687005,0.0012145694065632093,0.0011620974246412516
1617,0.0012475886871106923,0.0012586983991786837,0.001213995611667633,0.0011675584649667144
1618,0.0011913007836685413,0.0011808366142213344,0.0012139493678386013,0.0011708243461325766
1619,0.0011838794279740088,0.0010714781656861305,0.0012131857505896025,0.001161645471304655
1620,0.001197509093520542,0.001096439198590815,0.001213536375471287,0.0011618760341778399
1621,0.0012066559312451217,0.0010738205444067717,0.001212291538146221,0.001160306504741311
1622,0.0012252459537962245,0.0011503149382770062,0.0012137833419773314,0.0011618331473320722
1623,0.0011855282135204309,0.0011007391195744275,0.0012116681340874898,0.0011606774041429163
1624,0.0011987357519360052,0.0012970340065658092,0.0012118486910023623,0.0011593230029568074
1625,0.0011743840733025638,0.0010919061629101634,0.0012111655184481708,0.0011560215895995497
1626,0.0011717802182667784,0.0010484795784577727,0.0012091274204663934,0.0011549270391464233
1627,0.0012002151311996082,0.0012829713383689524,0.0012106942518924676,0.0011567206513136625
1628,0.0012244931507545214,0.0010859455494210124,0.001207194269427823,0.001154527129419148
1629,0.0012008954072371125,0.0012114741792902351,0.0012093568264403278,0.0011316184736788273
1630,0.0012088363796162109,0.0011473710089921951,0.0012082646017273267,0.0011284334883093835
1631,0.0012155695875278778,0.0011502872267737984,0.0012083938780758116,0.0011291805561631917
1632,0.0012134870747104287,0.0011454366846010088,0.0012090857536221544,0.0011284906737506388
1633,0.0012213998945016,0.0010651785880327225,0.0012144514758346808,0.001128866705112159
1634,0.001225126413628459,0.0011371456272900105,0.0012137442765136558,0.0011293373100459574
1635,0.0012164724411235916,0.0010932579776272177,0.0012126434895727367,0.0011320536831393837
1636,0.0012156729878754252,0.0010740086575970053,0.0012123608399079075,0.0011359393050894139
1637,0.0012063923485887548,0.0010753705445677043,0.001211398367387139,0.0011318204030394553
1638,0.0012094721622351143,0.0011466365866363048,0.001212959753245943,0.0011373850820586087
1639,0.0012434125101814667,0.001118519245646894,0.0012139483915848863,0.0011476751621812586
1640,0.0011923627940834396,0.0010664874454960227,0.0012157066541413466,0.0011397580360993744
1641,0.001257504243403673,0.0011206244537606835,0.001214221751720955,0.0011450016122311352
1642,0.0012202830692856677,0.0011790737649425864,0.0012142855262487302,0.0011384180491790176
1643,0.0011945326923806633,0.0011995133105665446,0.001213790809011294,0.0011352247966453434
1644,0.0012011763166325789,0.0010542311053723097,0.0012141133518061703,0.0011425145475193858
1645,0.0013316521488337054,0.0011058399826288222,0.0012144995667868193,0.0011399693369865418
1646,0.001188975948219498,0.0010855856677517296,0.0012143276192247868,0.0011420702571049333
1647,0.0011977262802732487,0.0012182242656126618,0.0012132564851393302,0.0011411553306505085
1648,0.0011784619718997016,0.0011978796683251858,0.00121390547397443,0.0011402914602309465
1649,0.0011746739389167891,0.0011940614553168417,0.0012141901651190386,0.0011505730846896767
1650,0.0012134187197726633,0.0012310231383889914,0.001215718601933784,0.0011524990947917103
1651,0.0011964961767403615,0.0013057315815240146,0.0012151099572372105,0.001149594058841467
1652,0.0012441716951111124,0.0010850431863218546,0.0012137528852870067,0.0011484749997034667
1653,0.0011873705902447304,0.0012170349527150393,0.0012143153863855534,0.001147771727666259
1654,0.0012024897704314855,0.0010468851029872895,0.001210508350593348,0.001145675125718117
1655,0.0011964684486803082,0.0010675396956503391,0.0012105150302147698,0.0011435336442664268
1656,0.0012236331573997935,0.0013325309986248611,0.0012120532252825797,0.0011412218725308774
1657,0.0012231424492266444,0.0010818064212799073,0.0012127807323820887,0.001142982722632587
1658,0.001217101205450793,0.0011177015909925104,0.0012081241779443288,0.0011405421735718845
1659,0.0011983480614920457,0.001114272465929389,0.0012109662734592953,0.0011506352616474033
1660,0.0012326971620010834,0.0010716612171381712,0.0012121937374791338,0.0011467947067692877
1661,0.001222790266490645,0.001331049269065261,0.001212447337971793,0.0011412483349442482
1662,0.0012446032689573865,0.0011235207971185446,0.0012137819432446527,0.0011389827758073805
1663,0.001194256044820779,0.001074010687880218,0.001212751116655353,0.0011371972350403667
1664,0.0012094857114263707,0.0010905427671968936,0.0012126809832846953,0.0011333648271858693
1665,0.0012064253215471076,0.0010489056445658208,0.0012119992520039282,0.0011373048771172764
1666,0.0011623283485985465,0.0010682094050571322,0.0012115520178236894,0.001132301498018205
1667,0.0012204500598212084,0.0011255367286503316,0.001212373515011536,0.0011409697826951742
1668,0.0012329875690759056,0.0011417190171778202,0.001215516396591233,0.0011525814775377513
1669,0.0012193639941203097,0.0010982523579150438,0.0012148733131380545,0.0011419786192476751
1670,0.001215238287889709,0.0010448262561112641,0.0012139534315404798,0.0011417672995477916
1671,0.0012600283360936575,0.0013379128696396946,0.0012131688807884026,0.001149194827117026
1672,0.0012284128807692064,0.0011222103936597706,0.00121324705021042,0.001147328909486532
1673,0.00118480198421619,0.0010592203726992012,0.0012126948518937249,0.0011464933937415478
1674,0.0012080390707382726,0.0011374224768951535,0.0012114697703005126,0.0011429417848587034
1675,0.0011876480550401742,0.0011863846192136406,0.0012091074070634529,0.0011428593698889018
1676,0.0011947428424739176,0.0012099213851615787,0.001210413660683359,0.0011444050258025526
1677,0.0012271284130919312,0.0011835444346070289,0.0012103867222813685,0.00114852442368865
1678,0.0011761897357387674,0.0010919504752382636,0.0012095277938733088,0.0011557742042466999
1679,0.0012230272001276415,0.0012635922199115157,0.0012098382820116566,0.0011571456905454399
1680,0.0012750404881727365,0.0013578320667147637,0.0012092529331282197,0.001169378717057407
1681,0.0012075560710703332,0.001067459541372955,0.0012092809315098242,0.0011653898514807223
1682,0.001200145409287264,0.0010765234287828207,0.001209260574629944,0.0011657621478661892
1683,0.0011974874366488721,0.0013033897802233697,0.0012100165117894196,0.0011668922586366534
1684,0.0012003022970424758,0.001067624525167048,0.00120744183029876,0.0011598734028637407
1685,0.0012188922040837092,0.0010507733235135674,0.0012085577150962009,0.001157786794193089
1686,0.001192163226660341,0.0012422590469941498,0.0012093412214941868,0.0011650637563318017
1687,0.001185544188030892,0.001121460422873497,0.001209190713308959,0.0011644061179831627
1688,0.0012269123853184283,0.0011126520857214928,0.001210182398107524,0.001162073004432023
1689,0.001208812251376609,0.0011935277143493295,0.001209366484778002,0.0011571849303320051
1690,0.0011849521113456124,0.0012301501585170627,0.001208658054507234,0.0011726811148226263
1691,0.001170090552057243,0.00110249656252563,0.0012127600711408174,0.0011834915783256294
1692,0.0012058163377352887,0.001431362391449511,0.001212596422449375,0.0011752398977056147
1693,0.0012336875286160245,0.0010419973777607084,0.0012079484908686328,0.0011655663222074509
1694,0.0012188550721233089,0.0011075597675517202,0.001209145183359376,0.0011669410835951565
1695,0.0012341367168765929,0.0010730790253728629,0.001207985831202111,0.0011676407489925624
1696,0.0011956612988271646,0.0011624414753168822,0.0012074068586393778,0.0011625005576759576
1697,0.0012563100007052222,0.0010700451768934727,0.0012062101128148949,0.0011615697782486674
1698,0.001204389644165834,0.0012411444261670112,0.0012048436466190549,0.0011616158248856665
1699,0.0012042763661075798,0.0011209815181791782,0.0012052874204702677,0.0011538905976340174
1700,0.0012124401750043035,0.001128056780435145,0.0012043962794149087,0.001157146386988461
1701,0.001174345009235872,0.00108771953266114,0.0012029208869466354,0.0011566276932135227
1702,0.0012094176563227342,0.0015709490468725563,0.0012015344958855876,0.0011502763958647847
1703,0.0012787401515783536,0.0013622120628133416,0.0012014333300913373,0.0011489047180861234
1704,0.0012189359828415844,0.001057300204411149,0.0012027982601171565,0.0011496501483023165
1705,0.0011588421986541814,0.001115992679260671,0.0012026433493838543,0.0011350270504131912
1706,0.001237473383338915,0.0011018285760656,0.0012004676848132577,0.0011351427722722295
1707,0.0011711616053556402,0.0010940150637179613,0.00120141442262878,0.0011323756555095318
1708,0.0011830131225805316,0.0011748849973082542,0.00120225275401026,0.0011432694779708982
1709,0.0011703836514304082,0.001044355039484799,0.0012032080963047013,0.0011397396143525839
1710,0.0011847305491877098,0.0010519244894385338,0.0012014506492556796,0.0011396788513287903
1711,0.0012032575729406542,0.001049128365702927,0.001200314794242796,0.0011381514329463242
1712,0.0011632656616469225,0.0012028551567345857,0.0011992838166550628,0.0011354469874873757
1713,0.0011900275736115872,0.0010996847413480282,0.0011982263913895522,0.001131509988196194
1714,0.0011741524748504163,0.0010347452806308865,0.001198442131891433,0.0011312033979222179
1715,0.0011824229664893614,0.0011958582140505314,0.0011993363982997836,0.0011203767769038678
1716,0.001204213802702725,0.00112113231793046,0.0011952715974197622,0.001107258288189769
1717,0.001201943569402728,0.0010657849442213775,0.0011953023017177153,0.0011065177839249373
1718,0.0011792959143511123,0.0010448904242366553,0.0011976429216977624,0.0011122873561456798
1719,0.0012425235175113711,0.0010383818484842777,0.0011957395801734593,0.0011110151372849943
1720,0.0012550950014135903,0.001345424586907029,0.0011991373546421527,0.0011143646012991666
1721,0.001219544856188198,0.0010741948848590256,0.0012012581833017368,0.0011104208713397382
1722,0.0012123738244796793,0.0010685261012986303,0.0012038596708637973,0.0011108681568875905
1723,0.0011759932688437402,0.0012029589666053653,0.0012041915722812216,0.0011103473983705041
1724,0.0011785019264142545,0.001053370381705463,0.001202245521472974,0.00111242517568171
1725,0.0011860045433665315,0.0010296317981556059,0.0012023048037870063,0.0011066599151119587
1726,0.0011797385217828882,0.001080054775811732,0.0012027862537652254,0.0011042230267077685
1727,0.0012317743165315025,0.0013002835214138031,0.0012028008682032426,0.0011072684630751611
1728,0.0011771201295778155,0.0010342498449608683,0.0012037038198982675,0.0011080728959292176
1729,0.001219703590290414,0.0010387875977903604,0.001204288207553327,0.0011082417573779826
1730,0.00121735769815536,0.0012602319847792387,0.0012039784726376335,0.001107747384347022
1731,0.001189889845231341,0.0010700231045484543,0.0012040550658893253,0.0011072088394314054
1732,0.001256105967072977,0.0011777516640722751,0.001200863297852791,0.0011072671616449952
1733,0.0012360338390701347,0.0010762917483225466,0.00119779664353571,0.001097221744246781
1734,0.001235420840481917,0.0010555371781811118,0.0011959796387184826,0.0011024291997775435
1735,0.0011930280846233169,0.001038905526511371,0.0011959905648604038,0.001104112436622381
1736,0.0011546063027344643,0.0011010727984830737,0.0011969864419040582,0.0010982107771560549
1737,0.0011647477194977303,0.0010587236424908042,0.0011981032328680157,0.001097440821491182
1738,0.0012020638230670656,0.0010387625312432646,0.0011971147531436549,0.0011009968342259526
1739,0.0011745178358008464,0.0011108811898157,0.001199638960438056,0.0010999436160549522
1740,0.0012049967588649857,0.0012159690354019404,0.0011979213487977782,0.0010895766455680132
1741,0.0012188234940792124,0.00112535385414958,0.0011972773499683374,0.0010899718169122938
1742,0.0011942001965103877,0.0010534256184473634,0.0011964320087287988,0.0010901962572708727
1743,0.0011812107456434103,0.0010314268013462424,0.0011938723439143765,0.00108104560803622
1744,0.0011627293165980114,0.0010398399038240313,0.0011948128641893468,0.0010854904700070619
1745,0.001178428643486566,0.0010942891519516707,0.0011917522538142902,0.0010882008492946627
1746,0.0011741197357575098,0.0012043812731280922,0.0011905962713683646,0.0010878010276705028
1747,0.0012126469780277048,0.0011106070224195718,0.001187978171795193,0.0010886298613622786
1748,0.0012008901949351032,0.0010554174799472093,0.001186576274296062,0.0010915205786004663
1749,0.0012064217005131974,0.001034121490083635,0.0011878568260206117,0.0010924861242994665
1750,0.0011612925502575105,0.0011185321165248752,0.001189242911980384,0.0010932937901467084
1751,0.0012428437041429182,0.0010537243215367198,0.0011886460194674628,0.0011047505853697657
1752,0.0011888340255245566,0.0010411092592403292,0.0011895730440504846,0.001103975480981171
1753,0.0011610201588417922,0.0010441291285678744,0.0011883689479902386,0.0010972780941054226
1754,0.0011985700593019526,0.0010443986067548395,0.001188502065495898,0.0010957831321284175
1755,0.001153366077794797,0.0010314657539129257,0.0011899372707534993,0.0010979588482528926
1756,0.0012134028521055976,0.0011811446538195014,0.0011903778235221073,0.0011025362916290762
1757,0.0011795907076965603,0.001245511146262288,0.0011911385425883861,0.0011020411513745785
1758,0.0012071342779219978,0.0010662962077185511,0.0011908871412587663,0.0011035174556076528
1759,0.0011699683511526221,0.0010762580204755068,0.0011933319313399908,0.0010977228054776787
1760,0.0011579806471450462,0.001111173457466066,0.0011928527673344233,0.0010942423248663546
1761,0.0011866200958482094,0.0011252114409580826,0.001192590979926495,0.001093401323072612
1762,0.001199399868492037,0.0010789152886718511,0.001191425962958278,0.0010954746596515178
1763,0.001187141510244045,0.0013251824118196965,0.0011910077617038042,0.0010947744389995934
1764,0.0011976934503763915,0.0010915035801008343,0.0011882300484563329,0.0010939183069393038
1765,0.00117489435735883,0.0010485343635082244,0.0011904028585853262,0.0011007480174303056
1766,0.0012221514317207038,0.0010879798047244548,0.001192218332649726,0.0011008649796247483
1767,0.001230080327950418,0.0011078185215592385,0.001190581971546635,0.0011002497406676411
1768,0.0011922245648586089,0.0011458628857508302,0.0011913655088334862,0.0011140116481110453
1769,0.0011817472932549814,0.001027461397461593,0.0011909314695693967,0.0011089375277981161
1770,0.0011721436102460655,0.0011311967577785254,0.001190490580769256,0.0011045160356909034
1771,0.0012352394877881226,0.0010595150198787452,0.00118872391890424,0.0011026632448658347
1772,0.001200667877888514,0.0010235950071364641,0.0011895138770600573,0.001100570675544441
1773,0.001194345509736902,0.0010343924351036548,0.0011902181970524705,0.0011060978773981336
1774,0.0011772962763077683,0.0010859549045562744,0.0011928672531154008,0.0011029651865363122
1775,0.0011508375188956658,0.00110102660022676,0.0011924392387115711,0.001103460742905736
1776,0.0011734008729561336,0.0010323210200294851,0.0011916757272039027,0.0010925052432343364
1777,0.0012431542787493931,0.0012118520215153694,0.0011905108365230263,0.0010920823307707906
1778,0.001206407010451787,0.001047053183428943,0.0011922048307334385,0.0010921195168048143
1779,0.0011576610317246782,0.0010290176328271628,0.0011899862851430145,0.001094303977303207
1780,0.0011729545099660754,0.0013755134399980307,0.0011888194957748056,0.0010920667380094526
1781,0.0012025518705033593,0.0010542916459962725,0.0011894673678506582,0.0010890801018103957
1782,0.0011685684876930383,0.0011349738435819745,0.0011892350777155823,0.0010916646793484688
1783,0.0011629677312966023,0.0010199764370918275,0.001189319260739204,0.001090735858492553
1784,0.0011897173050480585,0.0010239437874406576,0.0011870128641577643,0.0010906223220750687
1785,0.0011755886469553742,0.0012493535038083793,0.0011872060825893036,0.0010952037449926137
1786,0.0012528464974214633,0.0010468941694125532,0.0011873764839902936,0.0010996691215783355
1787,0.0011886995083962878,0.0010913041979074478,0.0011875305127611179,0.0011004289912059902
1788,0.0011680537225523342,0.0010512949200347065,0.0011881302838162003,0.0011021364137530328
1789,0.0011685711833544904,0.0010809307685121893,0.001188942315776108,0.0011020758964121343
1790,0.0012172442126191325,0.0010494640143588186,0.001185908883008071,0.0010969644390046599
1791,0.0011666877919601069,0.0011425913171842694,0.0011850355342082266,0.0011009729988873003
1792,0.0012009105937451953,0.001051887539215386,0.001185731840118145,0.0011193553885445
1793,0.0012084213667549193,0.0010711969807744026,0.0011878897395968023,0.0011147137992084028
1794,0.0011759400398780903,0.0010920758359134197,0.001186160882567573,0.001114165551029146
1795,0.0011742481858366067,0.0011079762363806367,0.0011889696733870857,0.001111870751529932
1796,0.0011775795732521348,0.001056676609441638,0.0011905806425182772,0.001112083350494504
1797,0.0012054983386769892,0.0011381305800750852,0.0011907103407041483,0.00111572862342
1798,0.001198605544761651,0.001146026849746704,0.0011893417096438094,0.0011081776639446617
1799,0.001181146995578375,0.0011049516452476382,0.0011863190230551278,0.0011096813816577197
1800,0.0011658317952727279,0.0011437121639028191,0.0011861637501718683,0.0011068549191579223
1801,0.0011937016719538304,0.0010308080865070223,0.001185682472038186,0.0011056395305320621
1802,0.0011673184595484701,0.0010840655863285065,0.0011851882403302522,0.0011125755395740271
1803,0.0011845732904556725,0.001147267180494964,0.0011823171474453476,0.0011144129754975436
1804,0.0011750686794726386,0.0014885773742571472,0.0011842785992556147,0.0011129789827391504
1805,0.00122690199693251,0.0012594737065955996,0.001182739804053886,0.0011121355444192885
1806,0.0011593304447726244,0.0010405854415148498,0.001182191419891185,0.0011145181681960822
1807,0.0012387882581808502,0.0010776038561016322,0.0011813773196604517,0.0011122849591076371
1808,0.0012032419595763915,0.0010252914112061262,0.0011821101493926513,0.0011157804375514385
1809,0.0011929597596948345,0.0011150756105780602,0.0011823567068100806,0.0011144970238208768
1810,0.0011413728704469071,0.0010605795169249177,0.0011806919421690207,0.0011188572140410542
1811,0.001177279332704428,0.0010844871122390031,0.00118221093557982,0.001120240562967956
1812,0.001184817686314798,0.0010206426354125143,0.0011826157133819329,0.0011190231427550316
1813,0.0011560217692102824,0.0010209102043882013,0.001183363404062887,0.0011144304301589727
1814,0.0011562153906561434,0.0012543309945613145,0.0011826866108303267,0.001121382367052138
1815,0.0011454668904965122,0.0010953999124467372,0.001184176896688425,0.0011204025812447073
1816,0.0012157240872167879,0.0011067414982244372,0.0011835122435146738,0.0011168421864509582
1817,0.0011624407137019767,0.0010308015812188387,0.0011836478369931381,0.001099560834094882
1818,0.0011947117626873983,0.0011307625751942397,0.0011818024358505178,0.0010935629963874818
1819,0.0011555875341097515,0.001036245608702302,0.0011840738298164472,0.001095618600025773
1820,0.0011925689291415944,0.0011953631974756717,0.0011814519656822085,0.0010956817833706737
1821,0.0011837435086878637,0.0010245912661775948,0.0011798555697935323,0.00109717486128211
1822,0.0011638792226504949,0.0012471353355795146,0.001180005571960161,0.0010950399955734613
1823,0.001236580380031632,0.0011806105729192495,0.0011843130694391827,0.0010939310990273953
1824,0.0011912664406312009,0.0010745161399245261,0.0011840004986048572,0.0010913006976246834
1825,0.0011845240622965826,0.001028894349001348,0.0011845444049686195,0.001096276691555977
1826,0.0011767818411398264,0.00120460650883615,0.0011861922151719531,0.0010965932892635466
1827,0.00120457560600092,0.0010595709411427379,0.001187165377723674,0.001087824147567153
1828,0.0011679569611118899,0.0010582573106512427,0.0011883036035009557,0.0010861484786495567
1829,0.001178458516434249,0.0010565435653552412,0.0011860389291412298,0.0010858252374455334
1830,0.0011807669683670005,0.0011095277639105916,0.0011874459648194412,0.0010854065839201214
1831,0.001216115293920868,0.0010919755324721337,0.0011863970626766482,0.0010852214442566037
1832,0.0011732416548248794,0.0010791834397241473,0.0011863169426408907,0.0010856626706197859
1833,0.0011633320623594854,0.00106261835899204,0.0011867130313586028,0.0010827831083908676
1834,0.0011967098138605556,0.0010617039678618313,0.0011871393605963224,0.0010856060897931456
1835,0.001249060307422446,0.0010328571032732726,0.001187130435400953,0.0010800246227532623
1836,0.0011694650618462926,0.0010187270771712066,0.001183601368373881,0.0010732321664690969
1837,0.0011984153454088502,0.0011450424836948513,0.001182552478183061,0.0010707955580204725
1838,0.0011972170242936246,0.0010288251470774413,0.001182490442744974,0.001078139122389257
1839,0.0011805444544491668,0.0010351024521514773,0.0011836258399093318,0.001090443172119558
1840,0.0011739225349285537,0.0010535081895068287,0.0011830326061178413,0.0010914124764502047
1841,0.0011591072282236482,0.0010986604681238533,0.0011851150285970007,0.0010918412961065768
1842,0.0011976166056572562,0.0010203352430835366,0.0011839269745784504,0.0010900073390454055
1843,0.0011684892091175748,0.0011261340836063026,0.0011835384666091867,0.0010871167724952103
1844,0.001153584533215811,0.0010472762677818537,0.0011817726820707321,0.0010854991450905801
1845,0.0012024711470844016,0.00112337414175272,0.0011806952068789136,0.001082919210381806
1846,0.0011944017396308482,0.0010951658012345433,0.0011809098649149137,0.001082557852193713
1847,0.0011636560927662585,0.001107598659582436,0.0011797611505827968,0.001080790290981531
1848,0.0011483537043548292,0.001010799165815115,0.001180127564817667,0.0010805351998656987
1849,0.0011650441858607034,0.001013600928708911,0.0011804358775313532,0.0010862049737945197
1850,0.0011829731763444012,0.0012124834582209587,0.0011783948559831417,0.0010811780780553815
1851,0.0012051667702487774,0.0015122077520936727,0.0011765094551361272,0.001081955081410706
1852,0.0011897447612136602,0.0010838035494089126,0.0011752799305340482,0.001081762817129493
1853,0.0012200175230908726,0.0010689778020605445,0.0011748664184680416,0.0010852898878976705
1854,0.0011487571659704878,0.001010694638825953,0.0011749017383696303,0.0010945895398035647
1855,0.0011710542691354122,0.0010372636001557112,0.0011780264245656632,0.001094340488128364
1856,0.001171970680459506,0.001051534847356379,0.00117719554292659,0.00108961250372231
1857,0.0011463047750294207,0.0010146850720047951,0.001178792392058919,0.0010937530804425476
1858,0.0011686985132594904,0.0010535844042897223,0.0011782250401460464,0.001093119025789201
1859,0.001167991955557631,0.00101751493755728,0.0011775819688518015,0.001089800567552447
1860,0.001258220663294196,0.0010264798253774644,0.0011787706514716978,0.0010871395809575915
1861,0.0011771728796884416,0.0011604714253917337,0.0011799950327827699,0.0011044304164126515
1862,0.001147389806703561,0.0010193700902163983,0.0011831060222660503,0.0011046587429940702
1863,0.0011500820031182634,0.001048250230960548,0.0011821018346999256,0.0010968701077625155
1864,0.0011498063393971987,0.0010302958451211452,0.0011808012774524588,0.0010778592046350242
1865,0.001163584733278387,0.0011416849587112664,0.001179807176027033,0.0010824302027001977
1866,0.0011599902257633705,0.0013311517657712102,0.0011779108963803284,0.0010801910469308495
1867,0.0012757337605580688,0.0010141089512035251,0.0011786412121728063,0.0010853138927370309
1868,0.0011477171681407426,0.0010079344734549522,0.0011789312163264386,0.0010895336274057625
1869,0.0011935057615240414,0.001150790685787797,0.0011779502957541912,0.00108815994001925
1870,0.0011882873492625853,0.0011075227754190563,0.001179399342224416,0.0010879224171862006
1871,0.0011783249572747284,0.0010122043453156947,0.0011791061025423308,0.0010873587751761076
1872,0.0011933731582636634,0.0010410739947110414,0.001181890699774441,0.0010926542008295652
1873,0.0011789632371316354,0.001443070052191615,0.0011775960370587807,0.0010940151665359734
1874,0.0012428189229427113,0.0010193090932443737,0.0011789905395876202,0.0010985582903027533
1875,0.001157868487191283,0.001017767577432096,0.0011806923160846865,0.0011053590368479492
1876,0.0011726528390621146,0.001036935173906386,0.0011817112169435456,0.0011042183123528958
1877,0.0011648922255780134,0.0011980785010382534,0.0011812392835608787,0.001106220541894436
1878,0.0011726105319232575,0.0010129989078268408,0.0011815241687206759,0.001101854854077101
1879,0.0011670150607824325,0.0011387657839804887,0.001180609797158589,0.001089186923019588
1880,0.0011783043729762237,0.0011427569668740034,0.0011759738811395236,0.001091158547066152
1881,0.0011474476661533118,0.00101719266269356,0.0011758651077850826,0.0010928941892459987
1882,0.0011825309367850423,0.0010087470011785626,0.0011752247031674619,0.0010901934279128908
1883,0.0011613675212073656,0.001039493354037404,0.0011742091221941845,0.0010870034005492925
1884,0.0012376068863603803,0.001149900578893721,0.00117318478555729,0.001092025819607079
1885,0.0011508540954026912,0.001060503968037665,0.0011731718239581421,0.0010908646365627647
1886,0.0012120354429094328,0.001274049519561231,0.0011742526223158674,0.0010811291782185433
1887,0.0011899342191302115,0.0011893887538462877,0.0011715045470744375,0.0010816526703536508
1888,0.001175554524589744,0.0010197321185842156,0.0011720300833073757,0.0010942655470222234
1889,0.0011380080048305292,0.0010803515836596488,0.0011719232484180898,0.0010952926330268383
1890,0.0011707068622733156,0.0010325427632778884,0.0011723725374374128,0.0010884966131299732
1891,0.0011371309367111987,0.001014453489333391,0.0011731554810682108,0.0010885322676971554
1892,0.0011598358600814309,0.0010633995523676276,0.0011749299395932922,0.001090704067889601
1893,0.0011449978342797193,0.0010513255279511213,0.001174971906302704,0.0010887800452299417
1894,0.0011774956460835204,0.0010832716524600983,0.0011759610912969543,0.0010882391012273728
1895,0.001162897824930648,0.0010277720913290976,0.0011740952231403855,0.0010891098394058645
1896,0.0011527165413523714,0.0011377648217603565,0.0011744024072049392,0.001090491058770567
1897,0.001193049118284964,0.0010120444186031818,0.0011709693851777248,0.0010897718279622496
1898,0.001205983196074764,0.0011996835935860872,0.0011722138958879644,0.001093797257076949
1899,0.0011741170419069628,0.0010323963966220617,0.0011704298257413839,0.0010845862687565387
1900,0.0011710068930147423,0.0013330894941464067,0.001169443253727837,0.0010771641991101203
1901,0.0011699819668299623,0.0010626123240217566,0.0011695723423113427,0.001079138217214495
1902,0.00117612445106109,0.0010281780036166311,0.0011703873172609343,0.0010832677762024107
1903,0.0011921841226932076,0.0010138902720063924,0.0011692572362410527,0.0010822949047200382
1904,0.0012113765239094695,0.0011930607887916268,0.0011685149220646257,0.0010883694912306964
1905,0.0011793535407115187,0.0010946564003825189,0.0011691570184297032,0.001087117180135101
1906,0.001172177291009575,0.001003669062629342,0.0011699894889257848,0.001093005289044231
1907,0.0011358842328708205,0.0010305154556408524,0.001171199747495767,0.001090855484921485
1908,0.0011690471228212118,0.0010740238381549715,0.0011696985613244277,0.0010933087443001567
1909,0.0011517813356800213,0.0011319198086857795,0.0011700257608770496,0.0010967446404509245
1910,0.0011819668631586763,0.0011611396959051489,0.001168991855252534,0.0010976262980140743
1911,0.0011674336892449194,0.0010437748115509748,0.0011675770389847457,0.0010932932115159928
1912,0.001165269918791536,0.0010038370126858353,0.0011673350658578177,0.0010966012374497953
1913,0.0011787817391773893,0.0010690825711935758,0.0011667344524939026,0.0010886918709613383
1914,0.0011583823785703215,0.0011835905583575368,0.0011660727584217158,0.0010889624654315411
1915,0.001142454836776273,0.0010082209762185812,0.001165793014648888,0.0010886188636533916
1916,0.001118573082300524,0.0011663181520998479,0.0011651376094255184,0.0010885842054151
1917,0.0011758882692083717,0.0010320917749777436,0.0011634931977217398,0.0010842538682743908
1918,0.0011658095966817605,0.0011985282506793737,0.0011612283230655726,0.0010844795668497685
1919,0.0012077521103330785,0.0010295265493914486,0.0011609993262319933,0.0010852557208389044
1920,0.0011253681706471575,0.001089103575795889,0.0011629599737831293,0.0010874686468392613
1921,0.0011608965301679241,0.0012236622255295516,0.0011627280539833011,0.0010892301302403214
1922,0.001167201477672077,0.0010340858576819302,0.001164758246205747,0.0010844433138146997
1923,0.0011706127893800536,0.001091356431134045,0.001162846899115377,0.0010784464890137317
1924,0.0011680677137337625,0.0011150970449671149,0.0011626370995719399,0.0010775396913290025
1925,0.0011559915589168669,0.0011353553319349884,0.0011615591655071411,0.0010864498810842632
1926,0.0011534396150252885,0.0010693771857768297,0.001160792056357281,0.0010869948640465734
1927,0.001169130856740392,0.001019587959162891,0.0011622638347455194,0.0010813470968976616
1928,0.0011757989921089675,0.001013023816049099,0.0011650010877288877,0.001088317378424108
1929,0.0011702662313150035,0.0010848023602738977,0.001166849993914366,0.0010837202414870262
1930,0.0011227316743073364,0.0011002988647669553,0.0011661842114706006,0.0010830995822325347
1931,0.00116645237017009,0.0010230729123577476,0.0011649640340047579,0.0010757276544347404
1932,0.0011849004216492175,0.0010858386056497693,0.0011619733905109265,0.001084488686732948
1933,0.0011632491278255152,0.0011180609231814741,0.001165602256812983,0.001082768618501723
1934,0.0012025361412411762,0.0010122493980452417,0.0011664795077509348,0.001074957503937185
1935,0.0011341831858994232,0.0010112190758809448,0.001165054824296385,0.0010751727253198624
1936,0.0011621887006589937,0.0010211048694327473,0.001163514175845517,0.0010742974685505034
1937,0.0011383215671715637,0.001226591756567359,0.001162887828797102,0.0010736522881314159
1938,0.001159604010430889,0.0010827071452513338,0.0011626133767267065,0.001068955109640956
1939,0.001195176838276287,0.001042396379634738,0.001161792874543203,0.001067111247777939
1940,0.0012108861613604758,0.0011824780143797398,0.0011610132498459682,0.0010665225271135569
1941,0.0011647957369374732,0.0010513897286728024,0.0011594280077868865,0.0010668772080913186
1942,0.0011592437081142431,0.0010165752936154603,0.0011600104484914078,0.001063486298918724
1943,0.0011353051600356896,0.0010142300557345152,0.0011607324747368692,0.0010641339235007762
1944,0.0011329860229872995,0.0012485523568466306,0.001161620719772246,0.0010647775784134864
1945,0.0012160898281985686,0.0010461018700152636,0.0011614753159901333,0.0010632051337510346
1946,0.0011828278036167224,0.0010283843614161015,0.001160686286507795,0.0010582067100331188
1947,0.0011315843913083275,0.001039466392248869,0.0011582537138317194,0.0010587988665327428
1948,0.0011320965781083537,0.0010694750119000674,0.0011586505635434554,0.0010581772839650511
1949,0.0011524090375233855,0.0010989675344899297,0.0011587166212913063,0.00106529727447778
1950,0.001149130257156988,0.0010179258696734906,0.0011613775085347394,0.0010575319400057198
1951,0.001132927060437699,0.0010232806392014026,0.0011625347018034923,0.0010584975428879263
1952,0.0011496402393095196,0.0010048699425533414,0.0011616267307764955,0.0010569991791620852
1953,0.0011361679406319228,0.0010218908404931427,0.001159163760311074,0.0010539350084960463
1954,0.0011848272489280336,0.0010000296309590339,0.0011587951727935837,0.0010567469917237761
1955,0.0011407823304438757,0.001116489479318261,0.001160157456000646,0.0010652737881988287
1956,0.0011886584960545102,0.0010391642851755023,0.0011609493556018501,0.0010658515783026814
1957,0.0011812653270963994,0.0010465274890884757,0.0011605221030612787,0.0010584166504442694
1958,0.001143523390767061,0.000993100330233574,0.0011569410716804366,0.0010599373219534755
1959,0.0011417218243392805,0.0010270533105358481,0.001157210951888313,0.0010626017646864056
1960,0.0011441044286928242,0.0009956795116886497,0.001157909836030255,0.0010609193604439497
1961,0.001163840144355264,0.0011991046322509646,0.0011616982927959826,0.001058465285412967
1962,0.001204843748257392,0.0010324583947658539,0.0011609431297725271,0.0010569626001641153
1963,0.001188533842149708,0.0011068472173064946,0.0011604160353851816,0.0010587670560926197
1964,0.0011724775626013677,0.001004937286488712,0.0011621580027664702,0.0010657000789418814
1965,0.0011493118997249337,0.001105873747728765,0.0011623646966906057,0.0010769356394186615
1966,0.0011555810490002235,0.0011216893093660475,0.001162873774332305,0.0010789766112342478
1967,0.0011933007882907987,0.0012297452054917813,0.0011609618143178524,0.001080827973037958
1968,0.001155102650065803,0.001028674808330834,0.0011619448106942906,0.0010827355083078145
1969,0.001122304709473004,0.001062679160386324,0.0011599223512328335,0.0010821950078010558
1970,0.0011265640436775154,0.0010841186577454209,0.0011588146237863435,0.0010821689235046505
1971,0.0011895748088136316,0.001094995429739356,0.0011592472043509285,0.0010860675288364289
1972,0.001149056494856874,0.00099740628618747,0.001160738553903583,0.001087951431982219
1973,0.0012268079972515503,0.001008123136125505,0.0011619206100598805,0.0010878472184762357
1974,0.0011335299619370037,0.0010614004032686352,0.001160958990620242,0.001081370844133198
1975,0.001135952897473342,0.0010630372678861022,0.0011593452107368243,0.00108774176761508
1976,0.0011764762449699144,0.0011966062104329467,0.001157370380576079,0.001085326393507421
1977,0.0011548075874129103,0.0012857589544728399,0.0011564002309874114,0.001086059413664043
1978,0.001148894881674399,0.0010729151358827948,0.0011583127317070546,0.001084084706567228
1979,0.0011370282485667202,0.0010463136760517954,0.0011580081735996324,0.001080565752647817
1980,0.0011653572398548325,0.0011641778610646724,0.0011569929476568685,0.0010798268632031978
1981,0.0011380970095180804,0.0010256517725065351,0.0011553368543429923,0.0010785617110319436
1982,0.0011535721409341526,0.0010458753816783427,0.0011569350671178354,0.001089459148887545
1983,0.001154337904881686,0.001090565463528037,0.0011594423555820767,0.001086855694372207
1984,0.0011790055631556444,0.0010741508891806007,0.0011590325790302206,0.001083759290073067
1985,0.0011736558326002624,0.0009930741740390658,0.0011591128965167121,0.0010842415968887508
1986,0.001139799658364306,0.0010371952736750246,0.0011554223588098667,0.0010902660618536176
1987,0.0011644992511719466,0.0011917314818128944,0.0011552972675663315,0.0010878696287982168
1988,0.001139163088131075,0.0010464628646150232,0.001156911335973483,0.0010919297811575236
1989,0.0011482238228846756,0.00102326279040426,0.0011561048364628933,0.0010860551671124997
1990,0.0011971244177160164,0.0010565060703083872,0.001155263996232922,0.0010749579415656628
1991,0.001147967096314662,0.0010337154613807797,0.0011547233401952932,0.0010718689358793201
1992,0.0011679201397216982,0.0012112729693762958,0.0011560860620966802,0.0010725398055277766
1993,0.0011137003172188998,0.00099704600404948,0.0011567648320407091,0.001066057592537254
1994,0.0011622600288440784,0.0013351151067763566,0.0011575417322882765,0.0010657128934748472
1995,0.0011892462552835544,0.0010190322948619723,0.0011573633936078599,0.0010645362758077682
1996,0.0011793303950172333,0.0010175853222608566,0.0011563151950999683,0.0010675442001782357
1997,0.001151064432019161,0.001009463956579566,0.0011547562443599518,0.00106738583156839
1998,0.0011345445545804169,0.001158734760247171,0.001153972826561787,0.0010758678128942848
1999,0.0011304026808486216,0.0010014895768836142,0.001156266186826138,0.0010744009932503104
2000,0.0011763046076521278,0.0011645410768687725,0.0011560153522063047,0.0010697406478226185
2001,0.001156313757205175,0.0010497408593073488,0.0011571252698389192,0.0010722141155973075
2002,0.0011337865816636217,0.0010083283158019184,0.0011562925771189231,0.0010751958068460226
2003,0.0011353784807336827,0.000995689993724227,0.0011558560657418434,0.0010759764323011042
2004,0.0011710962961013946,0.0010630854172632097,0.0011550784510663812,0.0010749455630779268
2005,0.0011823264884555506,0.0010021225363016127,0.001154085141275492,0.0010682809232734145
2006,0.001157519515707261,0.0010170342959463596,0.0011581990315992798,0.0010685677311383188
2007,0.001149113673923744,0.0010164599400013686,0.0011567608299665152,0.001060167673882097
2008,0.001128132942184392,0.0011657635727897286,0.0011557410328028102,0.0010591587838716806
2009,0.0011400317946552402,0.0010701916739344597,0.0011550880372731222,0.0010586114789359273
2010,0.001154070387646142,0.0012051237071864307,0.0011552948243916034,0.0010617180296219886
2011,0.0011971336649730803,0.0010005247825756668,0.0011555888816507328,0.001054900600295514
2012,0.0011582283856761124,0.001075222846120596,0.001158268654346466,0.0010572558616288006
2013,0.0011669110289464395,0.0011082995589822532,0.0011579567811762295,0.001051926187518984
2014,0.0011274065048847762,0.0010978050716221332,0.0011562245156202054,0.0010500052441842853
2015,0.001186211633289026,0.0010760217066854239,0.0011564748019393949,0.0010536519726738335
2016,0.001128526729428106,0.001007943730801344,0.0011569809320175815,0.0010546574695035815
2017,0.0011430873949494628,0.0010446569742634893,0.0011555610020644964,0.0010517217576503754
2018,0.0012165475753135979,0.00100421620067209,0.0011548667177454465,0.0010511016221717
2019,0.0011263049880249633,0.0011251136753708125,0.0011546813620254396,0.0010510802065953615
2020,0.0011637513261909286,0.0009938100446015596,0.0011540513148945238,0.0010521442446857691
2021,0.0011630055067750314,0.001003902698867023,0.0011561322693299089,0.0010450034175068141
2022,0.0011562341099811925,0.0010871277237311005,0.0011561385492173334,0.0010431964399293067
2023,0.0011418959860586457,0.0009882990270853043,0.001157060223403904,0.0010404339888133109
2024,0.0011973969982419577,0.0010603711102157832,0.001154280094305674,0.0010401691674254835
2025,0.001168507778396209,0.0010312992241233588,0.0011553961718351474,0.0010409155304543672
2026,0.0011130071183045704,0.001001717275939882,0.001155912631387926,0.0010372590203769506
2027,0.0011400437396433618,0.0010994965280406177,0.0011558208900296855,0.0010350853866897523
2028,0.0011480317326883476,0.0010208274144679309,0.0011541543760750857,0.0010351546321995559
2029,0.0011355980472742683,0.000989692620933056,0.0011580726382322609,0.0010355924411676826
2030,0.001164969380479306,0.0009866191493347288,0.0011571037219837307,0.0010345007478259505
2031,0.001152885622707092,0.0010164989065378903,0.001156135546602309,0.0010339195660315455
2032,0.0011333624956508478,0.0010430608922615647,0.0011561339964883195,0.0010308232747949662
2033,0.0011801568030690153,0.0009872428933158518,0.0011566872836245843,0.0010314141948707402
2034,0.0011401887918408547,0.0010250172344967723,0.0011561908632672082,0.0010386395997367803
2035,0.0011771122423104114,0.0011360624292865397,0.0011564593888146596,0.0010349590265192094
2036,0.0011276304375173317,0.000993904247879982,0.001159441469159598,0.0010480274898000063
2037,0.0011861303239129484,0.0010938819218426943,0.0011570834260692614,0.0010488545742817223
2038,0.001179822517765893,0.0010168868070468307,0.0011561534639499668,0.0010471381924115123
2039,0.001125112970928765,0.0010434642294421793,0.0011571667454981557,0.0010574452874250711
2040,0.0011445487844240333,0.0010777528444305062,0.001157814370080208,0.0010533770568668843
2041,0.0012264832833574879,0.0010188889550045133,0.001156084570449053,0.0010567307371646168
2042,0.0011188644887362089,0.0010173646407201887,0.0011573430054458895,0.0010564597181975843
2043,0.0011923431907780468,0.0009896866558119655,0.0011552176937823081,0.0010581520857289434
2044,0.001126266235175232,0.001047706394456327,0.0011555278966048112,0.0010570258812978863
2045,0.001177583504597553,0.0010085830464959145,0.0011576688231641635,0.001056462515331805
2046,0.001150594997840623,0.0011845378205180169,0.0011592572208545687,0.001076539639942348
2047,0.0011629472486674786,0.0009951133932918311,0.0011619493220363642,0.001083291199989617
2048,0.00121644799468211,0.0013150106091052293,0.001161535964942434,0.001079471728205681
2049,0.0011384459209835365,0.001081048222258687,0.0011619966240961936,0.0010860232945531607
2050,0.0011452587254138457,0.0009883896773681044,0.001161101672989834,0.0010829199388623237
2051,0.0011383391570092903,0.0012593946512788534,0.00116012394069694,0.0010920049335807563
2052,0.0011562343541946676,0.0009977907640859485,0.0011622554508813967,0.0010922870062291623
2053,0.0011047867419094674,0.0011046694219112396,0.0011621870376014461,0.0010925743326544762
2054,0.0011670589221951862,0.000982917146757245,0.0011596884501632303,0.0010936247389763596
2055,0.0011118365888897743,0.0010289283376187085,0.0011599756304536842,0.0010939829317852855
2056,0.00116064069326967,0.000988343795761466,0.0011570176918111329,0.0010979926126077771
2057,0.001186885659634653,0.0010289767431095242,0.0011583217592340792,0.0010973288485780358
2058,0.0012198667453291515,0.001489171008579433,0.00115662139457547,0.001096463308110833
2059,0.0012074913213857346,0.001193806235678494,0.0011574076543044711,0.0010883707096800209
2060,0.0011667783149621554,0.001040575634688139,0.0011563822403964068,0.0010909461610019208
2061,0.0011391469163613186,0.0011576934065669776,0.0011536519040353595,0.0010806370184756812
2062,0.0011637565462539593,0.0010162980295717716,0.0011540260651045375,0.001080783437658101
2063,0.0011553792104435463,0.0012440116750076413,0.0011537034626118838,0.0010822223073802886
2064,0.0011784007255401876,0.0010505160456523298,0.001153568538226601,0.0010887779853306708
2065,0.001142838452425268,0.001084936005063355,0.0011539598657542632,0.0010970879423432048
2066,0.0011640185974020924,0.0010451491130515933,0.0011553523540910747,0.0010956334255635737
2067,0.001126043995997558,0.0010263194609433412,0.001154509674747371,0.0010998278545215725
2068,0.0011183947247142593,0.0010899286763742565,0.0011581662115951379,0.0010996193969622257
2069,0.0011588679207488895,0.0010311122937127948,0.0011574605642197034,0.0011003097591921688
2070,0.001135074388132327,0.0009869445348158479,0.0011555549806190862,0.0011019094273447992
2071,0.0011702514910656545,0.0009822228597477077,0.0011529636944023272,0.0010874760853126647
2072,0.0011373119009658694,0.0010594996763393283,0.0011495822618198064,0.0010794851668179037
2073,0.0011481895856559276,0.0010572820459492504,0.001147962241495649,0.001080307671055198
2074,0.0011477999477129844,0.0010847087018191815,0.00114822698971774,0.0010739815944805743
2075,0.001137193663097504,0.0010243614204227924,0.0011469168602540674,0.0010726676300168037
2076,0.0011349660473772222,0.0014232866000384093,0.001144999434462645,0.0010625814124941826
2077,0.0011660175423862207,0.001205539689399302,0.0011438174040315466,0.0010609860276803375
2078,0.001139598950329754,0.0010683065024204553,0.0011435272632425446,0.0010659986339509487
2079,0.0011459919386025933,0.0010877778707072139,0.0011421196960688881,0.0010665388589724898
2080,0.001203250010083947,0.0010237168986350297,0.001143674472600429,0.0010682196898385884
2081,0.001142999508883804,0.001005602851510048,0.0011443728658629376,0.0010643741942942143
2082,0.001139246069619225,0.0010689684469252824,0.0011438102138590898,0.0010625940496101975
2083,0.001155084589910176,0.0011283374577760697,0.001145322034130287,0.0010636037414893508
2084,0.0011229555068227152,0.0009940332733094693,0.0011444019530537641,0.0010671539969742297
2085,0.0011262778068582217,0.001061138240620494,0.0011443978800386606,0.0010667629430070517
2086,0.001145765621913597,0.0009995414922013878,0.0011458183346781882,0.0010674552499316632
2087,0.0011310033096621434,0.000983448917977512,0.0011467551666363661,0.0010642840747721496
2088,0.0011074435656579832,0.0009918562369421124,0.0011465268384096112,0.0010644777481444182
2089,0.0011488499647627274,0.001010631425306201,0.001147627063556057,0.0010482985130511224
2090,0.0011355849327002135,0.0012102511618286372,0.0011466049454640598,0.0010457471492700278
2091,0.0011288294180606803,0.0010586547385901214,0.001146050611609179,0.001049595064856112
2092,0.0011649134092860751,0.0010683402325958014,0.0011472690970481681,0.0010478426223620772
2093,0.0011358545562769804,0.000993791287764907,0.0011453558937594705,0.0010477489825338124
2094,0.0011448016206526922,0.0009866086766123772,0.0011471688417976516,0.0010484002027660608
2095,0.0011728698949122595,0.0010121868317946791,0.0011480393271324123,0.00104785643722862
2096,0.0011472494641525878,0.0010709792468696832,0.0011467676126346406,0.0010562920179218052
2097,0.001137210075588276,0.0010497233271598817,0.0011472746021372992,0.001065870245359838
2098,0.001183700951644116,0.0010745897190645338,0.001146307382417015,0.0010630835089832542
2099,0.0011712207466674349,0.0010054293228313326,0.0011459876354990735,0.0010654482344165444
2100,0.0011314854574286275,0.0010292032547295094,0.0011459564100330074,0.0010728271240368484
2101,0.001162471676038371,0.0010188057227060198,0.001148195030509184,0.001081235113181174
2102,0.0011404645900862911,0.0011417555948719383,0.0011472143415465123,0.0010800249319523575
2103,0.0011257406039577391,0.0011645043920725585,0.0011468636682877942,0.001077499672956765
2104,0.001176454074577325,0.0010439668083563447,0.001151896216492686,0.0010761401874944568
2105,0.0011554199278665086,0.0010213759029284119,0.0011503397864082623,0.001073379817418754
2106,0.0011883232098383208,0.0010218833573162555,0.0011510167066835697,0.0010728551596403122
2107,0.0011610082029882404,0.001055374308489263,0.0011520131238943172,0.0010732253707945345
2108,0.0011232917274658879,0.0013392269751057028,0.0011507560642746587,0.001072281250357628
2109,0.0011356302443891763,0.001233488959260285,0.0011499944819965296,0.0010733654668554666
2110,0.001102097313851118,0.0009914698312059045,0.0011501891142792172,0.001080653046257794
2111,0.0011377719489650594,0.001058659628033638,0.001148469337458826,0.0010776933658868076
2112,0.001130222673010495,0.0011679211584851145,0.0011476987502123748,0.0010776820026338102
2113,0.0011634090775623919,0.0012020559655502438,0.0011472563694852095,0.0010846477512270211
2114,0.0011243327406959402,0.0009803768945857883,0.001147694023853789,0.0010835605800151825
2115,0.0011268181012322506,0.0011471196869388223,0.0011470598049358365,0.001080754878744483
2116,0.0012546431231829855,0.001024667602032423,0.001148428802036991,0.0010735157238319516
2117,0.001126002657175478,0.0009993309807032346,0.0011458598589007226,0.0010720304388552905
2118,0.0011527775631596645,0.0009806748433038592,0.0011463562479449645,0.0010711393769830466
2119,0.0011697120509213872,0.0009958639554679394,0.0011441251692155168,0.0010742360381409525
2120,0.0011414434044207963,0.0009885838208720087,0.001145277820724166,0.0010734210811555386
2121,0.0011282099071993595,0.0010980846593156457,0.0011451635378412902,0.0010590360440313818
2122,0.001142075882655465,0.00123191281221807,0.0011452116466748217,0.001052116859331727
2123,0.0011407065311343305,0.0010005977097898723,0.001147110810948329,0.0010605128174647688
2124,0.001151956065506157,0.0010051452415063978,0.001147048512318482,0.001060745809227228
2125,0.0011204259392494957,0.0012033469695597887,0.0011466815639804635,0.0010533046143129466
2126,0.0011734130352528559,0.0009916264424100517,0.0011452805461155044,0.0010487693523988128
2127,0.0011246091171374752,0.0010716130631044506,0.001145373477000329,0.001051318737305701
2128,0.0011599655314866039,0.000983525519259274,0.0011484920313167904,0.0010615930112078786
2129,0.00111223049617062,0.0010068346839398146,0.0011438844000196291,0.001060950162820518
2130,0.001167829653972553,0.0009990993561223148,0.0011462061293526658,0.0010604375660419464
2131,0.001132546241602136,0.0010992998862639069,0.0011456794388695726,0.0010602468393743037
2132,0.0011898244907044702,0.0010350003838539123,0.0011440854702144863,0.0010607902491465212
2133,0.0011204346553939913,0.000979601047001779,0.0011432231414804444,0.0010606023216620088
2134,0.0011368329652274647,0.0010605093417689205,0.0011436087461757576,0.001065265011135489
2135,0.0011495764206887948,0.0012013687845319509,0.0011436331499833613,0.0010583212434314192
2136,0.0011362144832188885,0.00106448442209512,0.0011430340448860077,0.0010598970795981588
2137,0.0011210489645600318,0.0009818912856280804,0.0011424263923584172,0.0010612037803046407
2138,0.001128383630938414,0.0010886744176968931,0.0011447030642535536,0.0010531399753876032
2139,0.0011266560128165616,0.0010441115172579885,0.0011420583185895036,0.0010553445183672013
2140,0.0012047819591437777,0.0014039765344932675,0.0011429784829366124,0.0010518756735138596
2141,0.0011394523407539559,0.0010085963923484086,0.0011422940931800339,0.001055492747668177
2142,0.00118404589050139,0.0009865160612389445,0.001143208676152345,0.0010544440255500376
2143,0.001139610301082333,0.0009759066766127943,0.0011410759275779128,0.001053564206790179
2144,0.0011298628345442314,0.0010094491997733712,0.0011452256085765031,0.0010491527491249143
2145,0.0011198851860697485,0.0009838856337592006,0.0011417716689511308,0.001049640383105725
2146,0.0011378500245821973,0.0012146518961526453,0.0011427725204370088,0.0010536895059980453
2147,0.001142685977845556,0.0010583186196163297,0.001142359114303771,0.0010566483310423791
2148,0.001125728903700494,0.0010399936139583587,0.0011417289666521052,0.0010477776656858623
2149,0.001136764752316392,0.0010378127591684461,0.0011414995499576131,0.0010444829951040447
2150,0.0011773427366279065,0.0010017518466338515,0.0011412053613043909,0.0010467613582499325
2151,0.0011072943936516013,0.0010467400169000029,0.0011417015417220279,0.001044154987577349
2152,0.0011476132258151969,0.0009848919417709111,0.0011426201573521313,0.0010534256781451403
2153,0.0011428557875721404,0.0010739523731172086,0.001139304632553831,0.0010363876170478758
2154,0.0011350950704784029,0.000980616630986333,0.0011395733536583269,0.0010348634152673184
2155,0.001114510939611743,0.0009771038871258498,0.0011377358469439466,0.0010350309069268404
2156,0.0012362882665668924,0.0009890134446322919,0.0011381119160964672,0.0010408046475611625
2157,0.001103476000070158,0.0010471912333741783,0.0011385762515012175,0.0010400008116848766
2158,0.0011454559425409469,0.001080829119309783,0.0011396179563158918,0.0010588121186010538
2159,0.0011264978118965196,0.0011344799678772689,0.0011409885117784145,0.0010559216629713775
2160,0.0011338227293971512,0.00097960215061903,0.0011403022109427387,0.0010579499015584588
2161,0.0011304790658565858,0.0009821176575496792,0.001139343262701813,0.001079570708796382
2162,0.0011136942482294723,0.0010388503642752766,0.0011416753592797453,0.001077768677100539
2163,0.0011407881413793399,0.0010235151508823036,0.001138814015634772,0.001077692532725632
2164,0.0011496214035691486,0.001275878781452775,0.0011391350312261947,0.0010756101420149205
2165,0.0011218938391862644,0.0009780250070616603,0.001139422815137853,0.0010788241649046537
2166,0.0011461703683663573,0.0009704913478344679,0.0011381694796960798,0.0010776288144290448
2167,0.0011381082226418788,0.000990703352726996,0.001138430410846033,0.0010781140856444835
2168,0.001149012029895352,0.0011202501924708487,0.001140030683706411,0.0011010373597964643
2169,0.0011414712196629907,0.0009893533028662205,0.0011413779311968634,0.0011053084164857863
2170,0.0011459278064366017,0.0014541683066636325,0.0011423714893611353,0.0011049791648983956
2171,0.0011721139111452632,0.001142390505410731,0.0011406555485342527,0.001103330851532519
2172,0.0011255284569536646,0.0011090245842933655,0.001140519848719446,0.0010977568281814456
2173,0.0011017551976773474,0.0015805137949064373,0.0011390966926235705,0.001101224307343364
2174,0.0011950671667647031,0.0009927619667723774,0.0011406618061320236,0.0011040859375149015
2175,0.001105809145503574,0.0009998482372611762,0.0011432699355917674,0.0011035311864688994
2176,0.0011153197834371693,0.000994680249132216,0.0011427912672050298,0.0011097973646596077
2177,0.0011548078236066632,0.001065242514014244,0.0011421442888159719,0.0011033018263056874
2178,0.001111522401527812,0.001044068611226976,0.0011411251654641495,0.0011039415555074812
2179,0.0011416183492272264,0.000992748411372304,0.0011412564263058207,0.0011047740302979948
2180,0.0011545177611211935,0.0015501857409253716,0.0011410245947643287,0.0011041331415995955
2181,0.0012699694538282024,0.0010957898618653417,0.0011394362287285428,0.0011007369676604866
2182,0.001128314954176959,0.001038959943689406,0.0011387081035205888,0.0011034705629572271
2183,0.001102557421868874,0.001039621285162866,0.00113805570891127,0.0010869078781455752
2184,0.00112310531652636,0.0009951293841004372,0.0011359134092306098,0.0010826135190203786
2185,0.0010982438270002604,0.0010662891296669842,0.0011359362063412036,0.001080216239951551
2186,0.0011696069035679103,0.0010536584118381142,0.0011369094719592895,0.0010575659416615965
2187,0.0011788974847230646,0.001024981588125229,0.0011382495453270774,0.0010576479466632008
2188,0.0011288214317109022,0.0011801696056500078,0.0011403123909297088,0.0010574791327118873
2189,0.0011334469438427025,0.0011134903226047753,0.001140023037480811,0.0010565906926989555
2190,0.001096415755390707,0.0009940182371065021,0.0011398504764048587,0.001058049715124071
2191,0.0011494518894081315,0.0009913032175973059,0.0011407532037753197,0.0010550804033875468
2192,0.0011323124341045816,0.0009746811352670193,0.00114004133063265,0.0010569674195721745
2193,0.0011093028790007035,0.0010353458439931274,0.0011396787649641436,0.0010342852314934137
2194,0.0011232680894641414,0.0010576931852847337,0.0011338063622100486,0.0010343584503978492
2195,0.0011296179412036307,0.0010401011863723397,0.0011345118827393486,0.001035708324611187
2196,0.001118556419128759,0.0010350315272808074,0.0011371260310523213,0.0010353261606767775
2197,0.001126098384718514,0.0010490926075726748,0.0011371435254605281,0.001049588243663311
2198,0.0011260868381294939,0.0010142563376575708,0.0011408914108036294,0.0010461806382983925
2199,0.0012285690009593963,0.0009948120918124915,0.0011392919393566747,0.0010440288981422782
2200,0.0011573802855693632,0.0009956278884783387,0.0011377263333338004,0.0010426027273759246
2201,0.0011080859472147292,0.0009724692488089204,0.0011394449082203209,0.0010364755412563679
2202,0.0011504937967078553,0.0011017180746421217,0.0011410197044929694,0.0010314025966450572
2203,0.0011340905857893328,0.0009698358178138733,0.0011428718125654589,0.0010343889337033033
2204,0.0011238215206604864,0.0010399238159880043,0.00114166375681137,0.0010340745482593776
2205,0.0011454536194085247,0.0009831310389563442,0.0011408425929852655,0.0010452762492001058
2206,0.0011231593849758308,0.0010976203344762326,0.001144005491832892,0.0010450466515496374
2207,0.0011459529674094585,0.0010727067990228534,0.0011430597752125726,0.001041497434861958
2208,0.0011679111296931902,0.0010300671868026256,0.0011439565295663975,0.0010432407042011618
2209,0.0011235426767315301,0.0013516814587637782,0.0011444249046242074,0.001042681137472391
2210,0.0011919409605777925,0.0009810989955440163,0.001144706615391705,0.0010482053220272065
2211,0.0011296201173940468,0.0009998649079352617,0.0011449226393364371,0.0010474756186828018
2212,0.0011397573341512019,0.0009893273189663888,0.0011398123284698362,0.0010476888572797179
2213,0.0011717858038739197,0.001026989952661097,0.0011387318774126471,0.0010466171734035013
2214,0.0011728168506589202,0.0009866667073220015,0.0011381667981441648,0.0010489064959809183
2215,0.0011427184572029446,0.0010686766635626555,0.0011371489281455677,0.0010475637910887597
2216,0.001119250495555914,0.0009834435814991592,0.0011373107291965021,0.0010513775173574685
2217,0.0011117833384519649,0.001254723658785224,0.0011392826395523216,0.001048774320632219
2218,0.0011883753501913613,0.0010296059027314185,0.0011394627791518964,0.0010534453468397259
2219,0.0010996251739561558,0.0009689627680927515,0.001138952873595473,0.001048177757486701
2220,0.0011520368000492453,0.0010836829198524356,0.001137698332489365,0.0010441880811005832
2221,0.001130265795574006,0.0010210423590615392,0.0011352264156047674,0.001042037035152316
2222,0.0011331411539059547,0.0011871972214430571,0.0011341888857901929,0.0010289727967232466
2223,0.0011314874367477994,0.0009960137540474534,0.0011311027432377972,0.0010283471148461103
2224,0.001100811229294373,0.0010001430567353963,0.0011321555515026883,0.0010308271173387767
2225,0.0011303690091396372,0.0009688357915729284,0.0011327346292427844,0.001030481331422925
2226,0.0010939589655026795,0.0010297023132443428,0.001132212796362324,0.0010290319791063666
2227,0.0011250470467429193,0.001068150452338159,0.0011309441610446406,0.0010314937816932798
2228,0.0011381356120626959,0.001065178974531591,0.0011291464690119028,0.0010330975705757739
2229,0.0011731192795559765,0.000974843897856772,0.0011310012764607867,0.0010370908785611393
2230,0.0011499571093978981,0.0010999066941440106,0.0011317935071264705,0.0010300047609955074
2231,0.0011104117460652358,0.0009659306006506085,0.0011299775595155857,0.0010453789383172989
2232,0.0011145894397567545,0.000972964889369905,0.0011313948146791924,0.0010467321807518602
2233,0.001106113207578245,0.0009762910380959511,0.0011336643691485127,0.0010448977882042527
2234,0.0010976044313671688,0.0010250754980370403,0.0011333004401893252,0.001043186012469232
2235,0.001114787396767901,0.0009654569486156106,0.001132559425642507,0.001034891587123275
2236,0.0011559403240163292,0.001061864970251918,0.0011331507805734872,0.0010369317904114722
2237,0.0011542342776536113,0.0009806826710700989,0.0011338042926560673,0.0010392756562680005
2238,0.001158739981862406,0.000990756144747138,0.0011344579276525314,0.0010418275153264403
2239,0.0011411009677168395,0.0010482117719948292,0.0011363790507324869,0.0010423815911635753
2240,0.001097776156384498,0.0011087713856250047,0.0011360875696771675,0.0010472446085885167
2241,0.0011656206817780104,0.0010832762811332941,0.0011351352571199339,0.0010457690024748445
2242,0.0011315891050940586,0.0010775707196444273,0.0011360560421935387,0.0010487776329740882
2243,0.0011429766599192388,0.00141396033577621,0.0011372770834817655,0.001044191856496036
2244,0.0011350565530463225,0.0010027938289567829,0.001137206121906638,0.0010468227544799447
2245,0.0012087756617822582,0.00103782310616225,0.0011358814554082023,0.001047482646256685
2246,0.0011211675715943178,0.0009782479656860231,0.0011369437851322195,0.0010497702781111001
2247,0.0011146157902354994,0.000979836587794125,0.0011385887059279615,0.0010522697215899824
2248,0.0011462713100223077,0.0010470188362523914,0.0011393303686442478,0.0010529364950954913
2249,0.0011171490313588745,0.0010587397031486035,0.0011375584106788868,0.0010496073633432387
2250,0.0011467098840512336,0.0010326322680339218,0.0011381739836703573,0.0010568854048848154
2251,0.0011419870425015688,0.0010435542091727257,0.0011366207673421337,0.0010576960746198894
2252,0.0011177600203599366,0.0011897258879616857,0.0011359378943944145,0.001055876967124641
2253,0.0011143277981318534,0.0010282888216897846,0.0011389089367973308,0.0010530841941013933
2254,0.0011961389063960975,0.0010500596603378654,0.0011381901858064038,0.0010493184119462968
2255,0.0011804831416035691,0.0009852622821927071,0.001137829006359809,0.0010532804666087033
2256,0.001108637706687053,0.001031703050248325,0.0011393535602734323,0.0010359037650749087
2257,0.0010814727772958577,0.0009894621837884187,0.0011377587108044992,0.0010356066104024648
2258,0.001132671450678673,0.0010334818344563245,0.0011351255000879368,0.0010401588931679725
2259,0.001138727451260719,0.0010875615850090981,0.0011364911140977507,0.0010532565597444771
2260,0.0011333289646750524,0.0009821262862533332,0.0011363503285269768,0.001053093721717596
2261,0.0011116413748823105,0.0009786366764456033,0.001134951472717027,0.0010542713245376943
2262,0.0011696236024403737,0.0011626337096095085,0.0011366267974643658,0.0010582338210195301
2263,0.0011199095736568172,0.0010110228881239892,0.00113544874698855,0.001055521769635379
2264,0.0011240291440238555,0.0010027340846136211,0.0011346098010273033,0.0010552905354648827
2265,0.00117205221645741,0.0010389520600438118,0.0011357065103482457,0.0010520747695118187
2266,0.00114765190700483,0.0009891317272558808,0.0011363090644745779,0.001050055557489395
2267,0.001122559618929194,0.0011766220862045884,0.0011346333446860728,0.0010536596629768609
2268,0.001181090507759816,0.0009795427974313498,0.0011337644441518932,0.0010549299130216238
2269,0.0010951853163229921,0.0009953649621456861,0.001134446940307195,0.0010528324408456682
2270,0.0011429453938682046,0.0011516301752999426,0.001134682613502567,0.0010555189553648231
2271,0.001155307921839671,0.0013056896300986409,0.0011328379744922536,0.0010567731766030193
2272,0.0011110961509661543,0.0009757656371220946,0.0011342372798309145,0.0010524128701537847
2273,0.0011112999147735536,0.0010764589067548513,0.0011327075322106895,0.0010543261401355264
2274,0.0011590321500423468,0.0011578021151944994,0.0011354412907061892,0.0010591252885758875
2275,0.0011172586221558352,0.0009648309834301472,0.001135486246029743,0.0010518974864855409
2276,0.0011210133934703966,0.0010377733549103141,0.001135822589824804,0.0010519138230010868
2277,0.0011451777533835008,0.0011093317391350865,0.0011376067572221574,0.00107126014046371
2278,0.0011293916512901585,0.000977808521129191,0.0011361658657538807,0.0010696671821177005
2279,0.0011542459116834734,0.0011401622975245119,0.0011350198904414555,0.0010687466450035573
2280,0.0011587606282490823,0.0010170185333117842,0.001133908482791028,0.0010639221735298636
2281,0.0011257001105695963,0.0009792662458494306,0.0011314782842114155,0.0010700280757620932
2282,0.0010873646071801583,0.0010566250467672943,0.0011322717507990698,0.0010717695822939275
2283,0.0010865554754208358,0.001064837365411222,0.001133956497266061,0.0010657802367582915
2284,0.001173710084727241,0.0009785539237782358,0.0011326886041917736,0.00105326241645962
2285,0.0010950852741694285,0.0010299580357968807,0.001132684629255285,0.00105630456302315
2286,0.001179985337269803,0.001098615387454629,0.0011321403938552572,0.0010521686676889658
2287,0.0011707474855292175,0.0009819386573508382,0.0011316341355494738,0.0010465709140524268
2288,0.0011283181685333452,0.0010114313010126353,0.0011314015394852806,0.0010593228388577703
2289,0.0011686333289576902,0.0014863920211791992,0.001133133903409665,0.0010628605639562015
2290,0.0011360299297504955,0.0009991281013935803,0.0011328645724854953,0.0010575385326519612
2291,0.0011190025241942041,0.0009661182994022965,0.0011334394533238893,0.0010594608472660185
2292,0.001094774427668502,0.0010560102993622423,0.0011330803623578202,0.0010573794761672617
2293,0.0011203355432694985,0.0011321903532370925,0.0011311710254754874,0.0010550637781620027
2294,0.0011150219810143528,0.0010389026254415512,0.0011305268039150786,0.0010543501634150741
2295,0.001185064055542979,0.0010018965369090439,0.0011337425014055853,0.0010588553234934805
2296,0.0011236105949824883,0.0009927441226318479,0.0011342589313940456,0.0010579856554046273
2297,0.0011109967775539391,0.0010518193012103438,0.0011317698371544895,0.001059872030466795
2298,0.0010976940297728612,0.0009730615234002471,0.0011328550860958382,0.0010640191938728095
2299,0.00114637569239777,0.001017858274281025,0.0011300040404364055,0.0010585896493867039
2300,0.0011114437205510007,0.0012836291035637258,0.0011266097707208248,0.001061377977207303
2301,0.0011643224915799995,0.0011262164823710918,0.0011264447064915052,0.0010595582615584133
2302,0.0011384444802792536,0.0009762809565290808,0.001123206382819141,0.0010385560661554335
2303,0.0011437636722500125,0.0010258663864806295,0.001121432896853528,0.0010385668991133572
2304,0.0011452686375317475,0.001088128020055592,0.0011217206228679665,0.0010397975072264673
2305,0.0011110272061907584,0.0009591260831803084,0.0011223030045059404,0.0010430430002510546
2306,0.0011095945715593795,0.0009614258771762252,0.0011234208631174017,0.0010499021021649242
2307,0.0011677570444428259,0.0011692540487274528,0.0011241902314436932,0.0010502944884821775
2308,0.0010994662251323463,0.001043095663189888,0.0011204001252125536,0.0010499138522893192
2309,0.0011114827287383377,0.001025713300332427,0.0011192460101304782,0.001049837528541684
2310,0.0011222164977031449,0.0011336371209472419,0.001119047160120681,0.0010463307520374656
2311,0.0011087091957839826,0.0009628767753019928,0.0011199723698560977,0.0010456304894760251
2312,0.0010858907426397005,0.0010516468528658151,0.0011196775768935266,0.0010453930595889689
2313,0.0011241915628003578,0.0009659384097903967,0.0011193273487656065,0.0010339790564030408
2314,0.0010876752371485863,0.000961337136104703,0.0011175466049928218,0.0010271352099254726
2315,0.001091692780610174,0.0009993989253416658,0.0011171593284079184,0.001029634951427579
2316,0.0011261956745551693,0.0009968835022300482,0.0011180128977478793,0.0010401677923277022
2317,0.0011093339686178499,0.001137147624976933,0.0011166130787848185,0.0010368806400336324
2318,0.001148282008556028,0.001303667901083827,0.0011167441447110227,0.0010399802688509227
2319,0.0011342561891716388,0.001048712283372879,0.0011163860018106385,0.0010419720381498337
2320,0.0010903113997644848,0.0009923806320875884,0.00111380829457711,0.0010377323154360056
2321,0.0010947577179306084,0.0009908360289409756,0.0011148748988337401,0.0010358742315322161
2322,0.0011060255273090056,0.0009641498886048794,0.0011144864936307487,0.0010333982756361366
2323,0.0011208242731582786,0.0009555549593642354,0.0011146054750774056,0.0010282457746565341
2324,0.0011390058683334954,0.0010119225271046162,0.0011157675745017412,0.0010309177324175833
2325,0.0011026880173530015,0.0009982790239155292,0.0011171043725529063,0.001031514342688024
2326,0.0011198038972603777,0.0009551203204318881,0.0011165065332574562,0.0010373110642656685
2327,0.0011287625656566686,0.0010387744940817357,0.0011190579999496952,0.0010376356067135933
2328,0.001165102905749033,0.0012891874089837074,0.00111982435840182,0.0010378066133707763
2329,0.001110273163455228,0.0010059492127038538,0.0011195607538593726,0.0010387462789192797
2330,0.0011143038543458615,0.00103661680361256,0.0011204006152175782,0.001033366130013019
2331,0.0011006409990497762,0.0010112201096490025,0.0011204665039096855,0.001020851035695523
2332,0.0011033143636046184,0.0010632609808817505,0.0011191400356125086,0.001017183951381594
2333,0.0011261313315480948,0.0009966435655951499,0.0011192609106863123,0.0010173266178928316
2334,0.0011017725986635519,0.0009638144029304385,0.0011192472090375506,0.0010178797277621923
2335,0.001125191033869568,0.0010048245964571834,0.0011201994421064026,0.0010176905966363847
2336,0.001137761681392375,0.0010296757193282247,0.0011197254659297566,0.0010236121757887303
2337,0.001119310693918831,0.0010665621096268296,0.0011189935165146986,0.0010235001827590166
2338,0.001109245580414103,0.0011108564492315054,0.0011191420807296203,0.0010274254041723909
2339,0.0011514619044545624,0.0009694506973028183,0.0011191443699825967,0.0010340850236825645
2340,0.0011108517419132922,0.001003674091771245,0.0011211350417178537,0.0010426975381560624
2341,0.0011196055609939827,0.0010203751409426332,0.0011190663814130755,0.0010319922122173013
2342,0.0011303305025729868,0.0010026439023204147,0.001121993495710194,0.0010309959828853606
2343,0.0011499292258587148,0.0009907905431464316,0.0011232991671707067,0.0010323833382688463
2344,0.0011010944817422164,0.000957035175524652,0.0011225933001169728,0.0010303263132460418
2345,0.0010933332766095798,0.0009959472948685287,0.0011227344469995136,0.0010262201436795292
2346,0.0010944151767115625,0.0010046637756749987,0.0011224241332150999,0.001027835445012897
2347,0.0011298313540303044,0.0009594216104596853,0.001122738028659175,0.001028462731372565
2348,0.0011089748687421281,0.0011035944381728767,0.001121921366070294,0.0010321127950213848
2349,0.0011207071329570478,0.0010091227013617754,0.0011206545567139985,0.0010407120113261044
2350,0.0011064021227260431,0.001096409559249878,0.0011203557820162842,0.0010374275057576595
2351,0.0011198611285847921,0.001121610808186233,0.0011232390915664535,0.0010376467700116338
2352,0.0011785293590380913,0.0012540873559191822,0.0011239559800984961,0.0010407049247063698
2353,0.001113386398129579,0.0010215542605146765,0.0011238475470493235,0.001040347846783698
2354,0.0011834510208831894,0.0009810434794053436,0.001123069799691439,0.0010547773003578187
2355,0.0011469456408586768,0.001071300688199699,0.001123295357119706,0.0010553709543310106
2356,0.0010829943227064279,0.0009597944840788841,0.0011238078341198464,0.0010635926083661616
2357,0.0011068430356681346,0.0009606067417189479,0.0011247233299331533,0.0010740074667148292
2358,0.0011183734869377481,0.0010370260989293455,0.001126963169583016,0.0010740185408852994
2359,0.0011096199847654335,0.000979496561922133,0.001127401375366996,0.001078919480461627
2360,0.0011047744691475398,0.0010960761876776814,0.0011268656356104962,0.0010793796035461127
2361,0.00110609144748499,0.001244656126946211,0.001128620655094791,0.0010875508529134092
2362,0.0011118413264759712,0.0009844494704157115,0.0011305141377728433,0.0010851978358812628
2363,0.0011813283191683393,0.0011163380555808545,0.0011288497722345507,0.0010816003642044963
2364,0.001169384117755625,0.0010459045646712185,0.0011289369160154214,0.0010753696291707457
2365,0.0011081409156839881,0.0009947471437044442,0.0011268446818977179,0.001063419360201806
2366,0.0011001618770468567,0.001381111480295658,0.0011269467043017762,0.0010605546495877204
2367,0.0011359694382796685,0.0010174852516502142,0.0011243858571423012,0.0010614107945002614
2368,0.001162741150862227,0.0011963318940252066,0.0011231840314188354,0.0010600416137836874
2369,0.0011239818770748874,0.0012174066342413425,0.0011232584677481406,0.0010603305610828104
2370,0.0011493292678561476,0.0009962241491302847,0.0011239430120990924,0.001063345272280276
2371,0.0011053703213110566,0.0011271872650831939,0.0011241864931821409,0.0010656892577186228
2372,0.0011164378601178112,0.0009709246875718235,0.0011242123689243777,0.0010666686028242111
2373,0.0011528503558494978,0.0013078756723552943,0.0011239544675116322,0.001063157990574837
2374,0.0011680441999083592,0.0009502972755581141,0.0011242618096733673,0.0010528650138527155
2375,0.0010647929842687316,0.0010064727673307061,0.0011237105223401967,0.0010531664531677962
2376,0.0011220397231065564,0.0009658424323424697,0.0011198433671715774,0.0010504189899191263
2377,0.0011262235060955088,0.0009553306316956877,0.0011175853487776798,0.0010491975272074342
2378,0.001115936958231032,0.0009499364951625467,0.0011187464820376287,0.0010486253774724902
2379,0.0011194298418963121,0.0010024471022188662,0.0011187324001815998,0.0010326644823886455
2380,0.001116899997772028,0.001037071170285344,0.0011179963305437317,0.0010307183505035937
2381,0.0010848552309390572,0.0009670181665569544,0.0011149857328118136,0.0010210453866980969
2382,0.0011239566444419325,0.0010359745216555894,0.001113219765992835,0.001011715155746788
2383,0.001124460514013966,0.0010956257348880172,0.0011113863058233014,0.0010109142265282572
2384,0.0011102668783213529,0.0010039801895618439,0.0011131848317312283,0.0010040991929359735
2385,0.001098326933828907,0.0010083108814433217,0.0011126894054210017,0.0010038327847607432
2386,0.0011137750015283625,0.00098733170889318,0.001111388906184584,0.0009895744650624692
2387,0.001098059143146707,0.0009919854532927275,0.001110925584855593,0.0009906969192437828
2388,0.0010846494399528537,0.001047651474364102,0.0011126400233453346,0.0009931387686170638
2389,0.0011129336579081912,0.001015367996878922,0.0011120471984561947,0.0009927598339505494
2390,0.001137169247182707,0.0009804434003308415,0.0011113490507524049,0.000995914270821959
2391,0.0010998098306461341,0.0009820891031995416,0.0011107659085550245,0.0009965527958236634
2392,0.0011175676973329651,0.000968831954523921,0.0011106614456925957,0.000999809956084937
2393,0.0010874762075642746,0.0009545077988877892,0.0011107506048451696,0.000999708195310086
2394,0.0010798327066004277,0.0009841508604586124,0.0011113484506184855,0.001007966376747936
2395,0.0011034927636178003,0.0009762009186670184,0.001112291206502252,0.0010169388443231583
2396,0.001150333469009234,0.0009568114252761006,0.0011129682920873163,0.0010237896382808685
2397,0.0011040522023621532,0.0009642644831910729,0.0011152552421204744,0.0010232580108568072
2398,0.0011203378749390443,0.0009514176798984408,0.0011157311238141523,0.0010238242032006384
2399,0.0011564611666835844,0.000978358630090952,0.001114511108998623,0.0010247303947806359
2400,0.0011076539465122754,0.0010675190016627312,0.0011149260980180566,0.001026911933720112
2401,0.0011072191008780566,0.0009563690656796097,0.0011151943506983418,0.0010231436612084509
2402,0.0011087698135007586,0.0010341915534809233,0.0011153755667412445,0.0010244236301630738
2403,0.0011013584032965203,0.0009658996202051639,0.0011137572629894643,0.001024427598901093
2404,0.0011168182703355947,0.001083876108750701,0.001115827482804242,0.0010285837817937135
2405,0.0011191289765863782,0.001034527150914073,0.0011150244485276441,0.0010283325558528304
2406,0.0010998013752719594,0.0011734727025032043,0.0011161048898266422,0.0010281998097896575
2407,0.001147525541536096,0.0012602862110361456,0.0011180062844935391,0.0010306602109223602
2408,0.0011413876536405748,0.0012668955838307737,0.0011182114342020617,0.0010317321207374333
2409,0.0011674406291503046,0.0009906895039603113,0.0011160324032004512,0.0010313887098804115
2410,0.0011102239761708512,0.0010224656900390983,0.0011171734624335337,0.0010337806610390542
2411,0.0010832746311401327,0.0010099864983931185,0.0011171154456213117,0.0010374994829297065
2412,0.0011084338686325483,0.0010465239267796278,0.0011174612227827312,0.0010392338739708064
2413,0.0010913557569599815,0.0009534446615725756,0.0011167872209412355,0.0010356719743460417
2414,0.0011174640589807596,0.0010473672207444906,0.0011163489945025906,0.0010354603840038183
2415,0.0010967116533882088,0.0009805426187813283,0.0011156883790675136,0.0010380851263180376
2416,0.0011515653260155685,0.0010859936755150557,0.001114540447625849,0.0010392918458208443
2417,0.0010974918404180142,0.000962551306001842,0.0011138278439641,0.0010362161867320538
2418,0.001114487240039226,0.0009511891473084688,0.001114057364470015,0.0010360810955986383
2419,0.0011273675732728508,0.0010456608887761832,0.001113262529226227,0.0010287440571933985
2420,0.0011086215063308676,0.0010029986640438437,0.0011107864573183988,0.0010203312698751688
2421,0.0010958576939689617,0.0009482261538505554,0.0011093440516127483,0.0010143645845353605
2422,0.0011325786831892198,0.001024063262157142,0.001105801853708302,0.0010177902871742845
2423,0.0011188874546334976,0.0010443882271647454,0.001105552014703345,0.00103359352350235
2424,0.0011651055957190692,0.0010217184061184525,0.001106127534253109,0.0010387579821050168
2425,0.0010908039004748893,0.0009784715110436081,0.0011057624709223295,0.0010703570373356342
2426,0.001096263439911935,0.0009510793071240187,0.0011090903222612622,0.0010765102962031962
2427,0.0010922544276238315,0.00109981011133641,0.001108541093357942,0.0010770433014258745
2428,0.0010726601172549029,0.0009960676077753305,0.001109012370520375,0.0010780724324285986
2429,0.0010990031787918675,0.0010069846315309404,0.0011079115825136088,0.001075766707584262
2430,0.0011248669892342555,0.0010311498725786806,0.0011094771216778707,0.0010783057860098782
2431,0.0010799304941772586,0.0009900467423722148,0.001108880928122542,0.0010812170716002585
2432,0.0010856237438403899,0.0010499665280804039,0.0011083842639449159,0.001086286353878677
2433,0.0011053275109993088,0.0011177284503355622,0.0011081880556988635,0.0010858664816245436
2434,0.0010788856815391532,0.0010763320699334145,0.0011104035207846513,0.0010883456125855447
2435,0.0011039780010469258,0.0014175465982407332,0.0011094763548372107,0.0010870435768738388
2436,0.0010976626198842294,0.0011390979634597898,0.00110783419453332,0.0010872655596584082
2437,0.0010993072853630616,0.0018365003075450658,0.0011048974041671803,0.0010844058018177748
2438,0.0011745520404333042,0.001107276133261621,0.0011061805110424757,0.0010832563307136298
2439,0.001103733336397757,0.0010606923513114452,0.0011060072370494404,0.0010832772087305785
2440,0.0011084935824490255,0.0010062708938494325,0.0011064184312087793,0.001077349349297583
2441,0.0011240456258464191,0.001028350554406643,0.001106996249428226,0.0010764786679297686
2442,0.0011366303195245564,0.0010260282666422426,0.0011056736999294826,0.0010748293144628406
2443,0.0010995824011560116,0.0010239712870679797,0.0011056711113235605,0.0010824224529787897
2444,0.0011149509688321915,0.0011723929457366467,0.001107725475412897,0.001084082406759262
2445,0.001103716300179561,0.000992501857690513,0.001109145774355986,0.0010833070524036883
2446,0.0011512443211136594,0.0010102044278755785,0.001109931348838533,0.0010793729831464589
2447,0.001109399534503205,0.0009915123693645,0.001111353055180775,0.0010742426798678933
2448,0.00107783344703623,0.001049937796778977,0.0011109464623965323,0.0010554556497372684
2449,0.0010916858365655772,0.0009502244601026177,0.0011121905727415448,0.0010549050926230846
2450,0.0011228815723572753,0.000949734733439982,0.001111427011816866,0.0010213164267130197
2451,0.0010919315900860562,0.0009516012575477361,0.0011087676131994362,0.0010268322863616049
2452,0.0011025342816073033,0.000951613625511527,0.0011089172259594003,0.001022232675459236
2453,0.0010871055727410647,0.000974300573579967,0.0011073751061119969,0.0010250988733954728
2454,0.0010659394413232803,0.0009657507948577404,0.001107022707754125,0.0010217366666533053
2455,0.0011248022740862021,0.0012209783354774116,0.0011060108200336496,0.0010310688871890306
2456,0.0011312895964106751,0.0010315455868840217,0.0011079165952901043,0.001031885430123657
2457,0.0011211312174176176,0.0010305826691910625,0.0011085779586289491,0.001026437284331769
2458,0.0011249668730629815,0.001019376718904823,0.0011085821349484225,0.0010248988437466322
2459,0.0011144283400951987,0.0009480744879692793,0.0011072996505018737,0.0010233011918142439
2460,0.0010938131814408633,0.0009478708449751138,0.0011076120076701046,0.0010212806077674033
2461,0.0011287653785095446,0.0011253340356051922,0.001107766877932267,0.0010193568954244257
2462,0.0010802182622460855,0.0009967836597934365,0.0011089924215649566,0.0010205713771283627
2463,0.0011080670749975575,0.001245172624476254,0.0011072548257963113,0.0010204672124236823
2464,0.0011074736553968656,0.0009457020787522197,0.0011062513504642994,0.0010200956866145135
2465,0.0010699405862639349,0.001077925842255354,0.0011057131798472258,0.0010200787775218486
2466,0.0011152356668996314,0.000944295385852456,0.0011071816828981456,0.001019352730549872
2467,0.0011113331265126666,0.0012593337800353766,0.0011091521521357614,0.0010189015517011284
2468,0.0011472267825673851,0.0010443848604336382,0.0011075870226654743,0.0010091752102598548
2469,0.0011314850523033075,0.0010361893009394408,0.0011056221250858574,0.00101088370680809
2470,0.001103820708166394,0.0009540408430621028,0.0011049869091353485,0.0010102398589253425
2471,0.0011191822099499405,0.0009702631295658648,0.0011036181359655327,0.0010077821240760385
2472,0.0011172084637089735,0.0009409977681934834,0.0011025570653896363,0.0010098492070101201
2473,0.0010817052035902938,0.0010018449882045388,0.00110334036335763,0.0010113022192381322
2474,0.0011223244273828137,0.000980586502701044,0.0011025984710599814,0.0010053256302140655
2475,0.0010794416781411402,0.0009471306158229709,0.001104531252373838,0.0010047851796261967
2476,0.0010668447067857616,0.0009423131123185158,0.0011041288986388183,0.00099665647065267
2477,0.001089080016180459,0.000951190898194909,0.0011033331703705093,0.0010052507222630086
2478,0.0011238181490140656,0.0009561493992805481,0.0011048645436763766,0.001001777559425682
2479,0.001115201172263672,0.0009544713236391545,0.0011044318617425032,0.001002404542732984
2480,0.0010856740373290247,0.0009778197994455694,0.001104626857965357,0.0009899733453057706
2481,0.0010821671569202509,0.0010742580005899073,0.0011034497180436222,0.0009880071265622973
2482,0.0011052508186548949,0.0010144864721223711,0.001101934132973353,0.0009848640548065304
2483,0.001090747543817593,0.000957933347672224,0.001100551419850025,0.000985610184818506
2484,0.0010879015756977929,0.000999751561321318,0.0010992821072642175,0.000986334931012243
2485,0.001113395630640702,0.000984196150675416,0.0011001188854583436,0.0009973757523111999
2486,0.0011102180710683266,0.0009759193100035191,0.0011015080253904063,0.0010033243552781642
2487,0.0011285377950924966,0.0009832723950967193,0.0011006265617389645,0.0010019660823978485
2488,0.0010980082316220635,0.00104195490013808,0.001101384248687989,0.0010084334560669958
2489,0.0010875804486891463,0.001160558369010687,0.0011026975919906463,0.001013770425785333
2490,0.0011082249189106126,0.0009910967713221907,0.0011032332371092503,0.0010133205209858715
2491,0.0011044186185528006,0.0009599699685350061,0.0011043870276409304,0.0010127544197253884
2492,0.001116208032084008,0.0009485538443550468,0.0011031797188799828,0.0010192256028763948
2493,0.001117798284524017,0.000995229391846806,0.0011036169493105264,0.0010178248750977216
2494,0.0010935954255465832,0.000957612507045269,0.0011061970167948554,0.001022187213320285
2495,0.00106925288008319,0.0009726940933614969,0.0011063559198079423,0.001027974937763065
2496,0.0010874493953047528,0.0009883817844092847,0.0011066057994806517,0.001029069456923753
2497,0.0011381279185621275,0.001217018300667405,0.0011069871534334702,0.0010310238862410188
2498,0.001116433701891866,0.001150560062378645,0.001106141163403582,0.0010292197199538349
2499,0.0011002878360967668,0.0009466296806931496,0.0011053645122537595,0.0010282872160896658
2500,0.0010983838518667552,0.0011088149575516583,0.0011055853097440883,0.0010268994836136701
2501,0.0010996782893521917,0.0010757373552769422,0.001106226536171097,0.0010231426142156125
2502,0.0011024711441455616,0.000939943278208375,0.0011067343328199867,0.0010181202972307803
2503,0.0011526629123060654,0.0009419968677684665,0.0011067216887811406,0.0010182778203859928
2504,0.0010850184532399806,0.001116250902414322,0.0011072577512460863,0.001038878876529634
2505,0.0010966047980926104,0.0009428016049787402,0.0011059632995010663,0.0010402384016662835
2506,0.0011466688440284795,0.001183316456153989,0.0011047451881743553,0.0010463829771615565
2507,0.0011092233939820693,0.0011591795831918717,0.001104545310434575,0.0010486748511902987
2508,0.0010969945356353289,0.0009852963266894221,0.0011047374616221838,0.0010521865290589632
2509,0.001097435424518254,0.0010486122942529618,0.0011058585887723088,0.0010516834282316267
2510,0.0010922458798935015,0.0009390919934958219,0.0011049849837656235,0.0010446421314962207
2511,0.0010908017923227614,0.0009526067133992911,0.001104061589912615,0.0010363435835577548
2512,0.0011340577323507104,0.0009485790831968189,0.0011042842851175616,0.0010414087437093259
2513,0.0011140388922972811,0.0009480331651866436,0.001104401178394134,0.0010413202956318856
2514,0.0011002753649113908,0.0010350004443898796,0.0011044994284967996,0.0010385130625218154
2515,0.0011079088179394602,0.0009950348502025007,0.0011044699051055227,0.001039361446723342
2516,0.0011178201801764467,0.0014749963721260428,0.0011044211019140976,0.0010396186236292123
2517,0.0010838467384585075,0.0009825419727712869,0.0011046216146606536,0.0010426150968298317
2518,0.0010873455013562408,0.0011488437792286277,0.0011064196242123016,0.001045096586830914
2519,0.0010885984820520713,0.0010149093577638268,0.0011072426536223956,0.0010402819156646729
2520,0.0010740566597734061,0.0010604860400781036,0.0011068148312676283,0.0010319383194670082
2521,0.001115477574057877,0.0009758042637258768,0.00110531931894107,0.0010346268389374018
2522,0.001116287793395006,0.0010409858822822571,0.00110534540504838,0.00103036411004141
2523,0.0010933488555666473,0.0009430963639169931,0.001105272230164458,0.0010362533120438458
2524,0.0011058552162204352,0.0010732586844824255,0.0011060214668305382,0.001040711700730026
2525,0.001101306183781061,0.0011066037556156517,0.001103423746768385,0.0010406320622190835
2526,0.001102134541918834,0.0010055565275251866,0.001102213883306831,0.0010416201520711183
2527,0.0011017330593636467,0.0009611528832465411,0.0011010994333463411,0.001043377371877432
2528,0.0011514428325204386,0.0009484262904152274,0.001100363157886184,0.0010423253398388623
2529,0.0010900312719038792,0.0011911627324298025,0.0010995200329822388,0.001027402215637267
2530,0.0011415550368838012,0.0010048388550058006,0.0011013443006875202,0.0010280505135655403
2531,0.0011672445792808301,0.0010629496769979595,0.0011027419233435973,0.001021548265218735
2532,0.0010985278351128929,0.0009505896782502532,0.001104270044812519,0.001020078044384718
2533,0.0010596067274713681,0.0010525093134492636,0.0011057038492057474,0.0010155922921374439
2534,0.001098087577201012,0.0009420440718531609,0.0011045898588425995,0.0010210802873596551
2535,0.0010904165077954531,0.00108632204355672,0.0011042801471685781,0.0010173162996768954
2536,0.001109532708974762,0.0010640664305537938,0.001104441215392823,0.001018862983956933
2537,0.0010691147307968802,0.0009465881204232574,0.0011031476731981254,0.0010170616154558958
2538,0.00108379230575843,0.0009727354114875197,0.0011027910326452304,0.0010110102775506677
2539,0.001072414115899139,0.0010789309395477175,0.001102951047481555,0.001008657484780997
2540,0.001089501931435532,0.0009687340492382646,0.0011020723120050708,0.0010080931301228702
2541,0.0010967420575778103,0.0011019182670861482,0.0011011104718523306,0.0010075706240721047
2542,0.001129453431090547,0.0009987494209781288,0.0011006152229745768,0.0010042888243682684
2543,0.0011222860677581694,0.0009862875705584884,0.0010982016316149386,0.0010015367065556347
2544,0.0011268015187751088,0.000978153836913407,0.0010946992388253826,0.001004944581538439
2545,0.00110990176960412,0.0009483422338962555,0.0010955467460004407,0.0010086795536801219
2546,0.001087627814979189,0.001113004144281149,0.0010975507058772363,0.0010061337007209658
2547,0.0011085450015444723,0.0009468861902132631,0.0010971518484616859,0.0010089448092505337
2548,0.0010973755611727635,0.0009817634709179401,0.0010982159989937727,0.0010073648729361593
2549,0.0010735166613529954,0.0010282244719564916,0.0010982291485131202,0.0010024539547972382
2550,0.0010923901699586875,0.0009553203079849482,0.0010993848003188356,0.001002407647948712
2551,0.0011061349128269487,0.0009467367082834244,0.00109994844945872,0.0010029333229176702
2552,0.001079764672451549,0.0009470440167933703,0.0011002350511805465,0.00099938410455361
2553,0.0011273968287019267,0.0009353636391460896,0.0011022073508705945,0.0009998941808007657
2554,0.0010776500499600338,0.0011091177398338914,0.001103680754132155,0.0009974637135863303
2555,0.0010812152528928386,0.0009360359096899629,0.0011020009000268247,0.0009972320147790014
2556,0.001079684759541932,0.001148146551568061,0.0011018568061188692,0.0010101773393340408
2557,0.0011197155144893462,0.0010439639817923308,0.0011018454264125062,0.0010092831094749273
2558,0.0011097057243912585,0.0009888629894703627,0.001104438364309155,0.001009595740865916
2559,0.001088116141812255,0.0010123217850923538,0.0011054878247901796,0.001002779030520469
2560,0.0011170202710976203,0.0010468236356973649,0.001103851056885388,0.0010037071987986565
2561,0.0011098614469584492,0.0009412934770807624,0.0011036813034365572,0.001002965694665909
2562,0.0010980060259397659,0.0009454304492101073,0.0011040249424572619,0.0010068643966689708
2563,0.001097883534255541,0.0009858772857114673,0.0011047064092838102,0.001006483928114176
2564,0.0010795791589448022,0.0009902004804462194,0.0011045224141588228,0.0010096853932365776
2565,0.0011388094236867295,0.0009814859554171562,0.0011046618910144186,0.0010106796845793726
2566,0.0011335771391168237,0.0010411565867252648,0.0011025421970834333,0.0010109564492478966
2567,0.0010874570784572925,0.0009929569507949054,0.0011030288820051484,0.001005302710644901
2568,0.001118683720059279,0.0013099206844344735,0.0011031089114128716,0.0010108159662224354
2569,0.0011265170261160367,0.0009557980904355645,0.0011046073484648432,0.0010119095839560034
2570,0.001174725217020346,0.0009561580186709761,0.0011052485507912933,0.0010088719973340632
2571,0.0011138643270048002,0.0009425863856449724,0.0011068464333812396,0.0010163583852350712
2572,0.0010676258039246831,0.0009700903971679508,0.0011077328297206099,0.0010151835504919292
2573,0.0010931317249519958,0.0009632258675992489,0.0011053595675465965,0.001019719957560301
2574,0.0010821076368706093,0.0011256920220330357,0.001106908787890441,0.0010196187732741237
2575,0.001109426840622392,0.0009458085941150784,0.0011083335129440659,0.0010211579663679004
2576,0.001101535034702263,0.0010267733363434673,0.001107636680195315,0.0010218717361800377
2577,0.0010832515938414469,0.0009719013003632426,0.0011077248428223864,0.0010199748375453056
2578,0.0010744044804272966,0.0009422827558591962,0.0011058600573593544,0.0010181763385422528
2579,0.0010898171730029085,0.0009677742747589945,0.0011036646305479937,0.001015292367897928
2580,0.0010832159880859156,0.0010738672991283237,0.001106059633868022,0.0010151962463743984
2581,0.001117145685841226,0.00117548699490726,0.001104042033944279,0.001003487356659025
2582,0.0011357455726505982,0.0009680243162438273,0.0011030917228406502,0.0010027092059142887
2583,0.0011496527891399133,0.001176022686995566,0.0010984251299355594,0.001002161690313369
2584,0.0011102760502965086,0.0009829509165138006,0.0010979038968061408,0.0010038374624215067
2585,0.0010576887167472807,0.0011602338124066592,0.0010985337097611694,0.0010028261417523027
2586,0.001148591955554568,0.0009387638699263335,0.0010980481472797692,0.001009469162300229
2587,0.0011336241522803903,0.0009839102765545249,0.0010986815110262897,0.0010024918207898737
2588,0.00108046271553677,0.0010037215310148896,0.0010973338592900996,0.0010064898736774923
2589,0.0010817832246215807,0.0009427780145779253,0.0010967747441027315,0.0010037516301497817
2590,0.0010921897871109347,0.0009365234803408385,0.001099081869325083,0.0010025328570976853
2591,0.0010786914688328073,0.0009690573206171393,0.0010989232008241944,0.0010052238961681724
2592,0.0011473321614580022,0.0009905539127066732,0.0011006905999759004,0.0010100132070481778
2593,0.0010682437219657003,0.0010171984415501356,0.0011006905458557108,0.0010053819310851396
2594,0.0011027592485253182,0.0009363443218171597,0.0011003848250955343,0.0009971941440366208
2595,0.001058060394393073,0.000942470128647983,0.001097338071403404,0.0009964739077724517
2596,0.0011008334987693362,0.0009844806883484126,0.0010948753260903888,0.0009897083877585828
2597,0.0010833711278003951,0.0009448073804378509,0.0010938748892396688,0.0009883802165277303
2598,0.0010809926629169948,0.0011293013812974095,0.0010994807127138807,0.0009818460433743893
2599,0.001097941730533623,0.000951258484274149,0.001097242424243854,0.000983109014015645
2600,0.001075735547217644,0.001045759916305542,0.0010954826234943335,0.0009816166671924294
2601,0.0010875571550180514,0.0009583172481507063,0.001097311966317809,0.00099709629137069
2602,0.0011409297244002422,0.0009414319740608335,0.001099380519727452,0.0010042571382597087
2603,0.0010704377679050796,0.0010095587326213718,0.001099826353001926,0.0010052937159314751
2604,0.0011340021517955595,0.0010875070467591286,0.0011016215605557794,0.001004804506059736
2605,0.0010832146350811752,0.0009580854000523686,0.001099245766260558,0.0010040654069744049
2606,0.0011095026668368115,0.0009707923186942934,0.001100038278113223,0.0010012576629407704
2607,0.0010595767303473419,0.0009500184096395969,0.001098056147589038,0.0010051823255605994
2608,0.0010880841563145319,0.0010068846866488456,0.0011003743942930469,0.0010059695568867026
2609,0.001085265129028509,0.0009497466357424856,0.0011003775274691485,0.001004794040787965
2610,0.0011978343036025763,0.0009968794835731388,0.001101273793489155,0.001008153632003814
2611,0.001092634743803905,0.0009703381359577179,0.001101797557187577,0.0010018826059065757
2612,0.0010896291335423787,0.0009466016059741378,0.0011012621315196153,0.0010017739542759953
2613,0.0011261962861236598,0.0013907121354714035,0.0011017243202982676,0.0009972396236844362
2614,0.0011334970598626468,0.0011217991868034006,0.001100507235268338,0.0009994989124126733
2615,0.0011033356189727784,0.0009624379221349954,0.0010975051252792279,0.0010019320889376104
2616,0.0011235716576791471,0.0009568270738236607,0.0010987466309737,0.000999383261334151
2617,0.001087937304077463,0.0009720764355733991,0.0010972990061673851,0.0009944670171476901
2618,0.0010880565182823274,0.000947004840709269,0.0010984611122248072,0.0009948758370243013
2619,0.001053205985420694,0.001034460887312889,0.0010988268282885352,0.0009943640564568342
2620,0.0011160165619932942,0.0009621509118005634,0.0010990811555749837,0.0009942304915748538
2621,0.0011009118281718757,0.0009550927858799695,0.0011002645226402413,0.000992035019118339
2622,0.0011057777783005601,0.001028797160834074,0.0010999817007635202,0.0009965943126939237
2623,0.0010940867553775508,0.000972525728866458,0.001096038172362993,0.0010014339278452097
2624,0.001084556088834587,0.0009485421935096384,0.0010959973536017868,0.0010042897869832815
2625,0.001087290266683946,0.0009324016515165568,0.0010982512338086963,0.0010058254179544748
2626,0.0010571300292698046,0.001014799466356635,0.0010971606980388364,0.0009882879099808633
2627,0.001065876974672493,0.0010022613871842622,0.0010965760133643118,0.0009850830675102772
2628,0.001101475410266883,0.0009458380425348878,0.0010958711608106064,0.0009841893824748694
2629,0.0010978115316376917,0.0009646009420976043,0.001093435331692712,0.0009860213479027154
2630,0.001112267286516726,0.0009683058969676495,0.001094767753728148,0.0009870835576206447
2631,0.0011186455684300098,0.0009579978045076132,0.0010949626522345675,0.0009865338327363134
2632,0.0010659349125085606,0.0009466792875900865,0.0010987436768391894,0.000982281993329525
2633,0.0011176683329459695,0.0009519978752359748,0.001097943908866081,0.0009834319550544022
2634,0.0010781945821104779,0.0010637289751321078,0.0010971874236853586,0.0009857304162345828
2635,0.0010992460935893985,0.0011178698623552918,0.0010955891411544548,0.0009870286429300905
2636,0.0010916142747737468,0.0010417346144095062,0.001094769484218624,0.0009906423042528331
2637,0.0011459761387151149,0.0009849923802539705,0.0010943287519117198,0.0009931199486367405
2638,0.001098932891877161,0.0009522744361311197,0.0010939471437181865,0.00099333931254223
2639,0.001118879942999532,0.0010416781250387431,0.0010944983009662894,0.0009897476783953607
2640,0.001085714305130144,0.0009400957962498069,0.0010949815339822736,0.0009922775766812266
2641,0.001062675929731793,0.0010026262095198036,0.0010945009389478303,0.0010125648383982478
2642,0.001121247854963359,0.0009986316785216332,0.0010948513327580362,0.0010144002903252841
2643,0.0010929289809428156,0.0009332617186009884,0.0010933892261029946,0.0010143634112551808
2644,0.0011477316005362405,0.0009281649021431803,0.0010930966613400313,0.0010174309737980365
2645,0.0010960223626655836,0.0009908999549224974,0.0010933037790469826,0.00101987571939826
2646,0.0010819996986538172,0.0010125543153844774,0.0010910845323569246,0.0010260755242779852
2647,0.0010658207150279649,0.0010612528282217682,0.0010930207315108015,0.0010347314864397048
2648,0.0010735953319817781,0.0010628672619350254,0.0010942542734969822,0.0010279092859476803
2649,0.0010735377811619804,0.0010104833031073213,0.0010929575008133219,0.0010276086643338203
2650,0.0010777500618456138,0.0009378857491537929,0.001089926718775597,0.001026724578253925
2651,0.0010709089604723785,0.0009250086126849056,0.0010891771644974749,0.0010280217826366426
2652,0.0010779578000721004,0.0010655088443309068,0.0010872809620056715,0.0010236009949818254
2653,0.001089460534405791,0.0014530195854604243,0.0010865726416827077,0.0010255268186330796
2654,0.0011065713768928416,0.0010104872402735055,0.0010869312293517095,0.00102360666859895
2655,0.0010757146201406916,0.0009673839202150702,0.0010864864135574964,0.0010208036979660392
2656,0.0011113314493559302,0.0010346868680790066,0.0010857975401087766,0.0010205900155007839
2657,0.0010711128551823398,0.001007797927595675,0.0010826663681616387,0.0010245909771881994
2658,0.0010621871656945182,0.0011069929972290992,0.001083453283655561,0.001028263395000249
2659,0.0011265995609574019,0.0012801280291751026,0.0010830608028194143,0.001026344440691173
2660,0.0011300846432439155,0.0009473148500546813,0.0010835649232587053,0.0010217874906025826
2661,0.001059194957682242,0.001034219074063003,0.0010847174100784792,0.0010184397317469119
2662,0.0010702065877719886,0.0009628902282565832,0.001086741827790522,0.0010163991419598459
2663,0.0010801940349241099,0.00098470454569906,0.001087833752369301,0.001018954689614475
2664,0.0010714748807044492,0.0009311584336683154,0.00108877730269192,0.001019795958697796
2665,0.0010680062970560458,0.0009882413875311614,0.0010882596301535765,0.001017228573560715
2666,0.001071640621456835,0.0009546224586665631,0.001087802982257886,0.0009978315368294717
2667,0.001110127460108035,0.000928557412698865,0.0010869014425203204,0.0009958129175938668
2668,0.001075707144724826,0.0009279196569696069,0.001088255785819557,0.000996673761121929
2669,0.001069452301857786,0.0010281889443285762,0.0010872742297852204,0.0010069835577160122
2670,0.0011156952500136362,0.001082710400223732,0.001088209426175389,0.00100407151542604
2671,0.001072187677750157,0.0009645804576575756,0.001089637581910938,0.0009975065440870825
2672,0.0010784237260102398,0.0009473290760070085,0.0010870605108017723,0.000984275482874364
2673,0.001102407502476126,0.0009791732905432581,0.0010856306729010413,0.0009865716689266267
2674,0.0011241482239630488,0.0009594685584306717,0.00108568502360334,0.0009828070351853967
2675,0.0011050481763150957,0.0010017744405195117,0.0010856807998485035,0.0009955078946426513
2676,0.0010944977185378471,0.0009460403397679329,0.0010877676412152748,0.0009985794752836229
2677,0.0010650159866135154,0.0010013242159038782,0.0010885577883364425,0.0009986999537795783
2678,0.0010780443370135295,0.0009680936671793461,0.0010892250553497837,0.0009961773049086333
2679,0.0010840328834537004,0.0009600217593833804,0.0010900213960558175,0.0010034736519679427
2680,0.0011095732026216057,0.0009889050084166229,0.0010897657885837058,0.0010043410591781138
2681,0.0010867925484975179,0.0012924317829310895,0.0010892269631330338,0.0010100760642439126
2682,0.0010944927649365532,0.0009349968703463674,0.0010908857479898467,0.001012297406513244
2683,0.0010978910590832432,0.0009428687137551606,0.001088801550430556,0.0010089437340386211
2684,0.0010621727832282582,0.0009493514988571406,0.0010890982514350778,0.0010121580031700434
2685,0.001094338695725633,0.001004719501361251,0.0010928654102194642,0.0010188175557181238
2686,0.0010605537252397173,0.0009401032305322587,0.0010927769798475008,0.00101746481154114
2687,0.0010701009939010772,0.0012804117146879436,0.0010910010539719628,0.0010307535586878659
2688,0.0011323650690933896,0.0010614940617233515,0.0010897493016699122,0.0010305006867274643
2689,0.0010912285587336454,0.000934170396067202,0.0010896450297803513,0.0010324409123510124
2690,0.0010846879723895755,0.0009251751657575369,0.0010905343822617496,0.0010305664164945484
2691,0.001091549139107681,0.0011370311351493,0.0010912329931639963,0.001033268670551479
2692,0.0011037372733052407,0.0009502425929531455,0.001091012951441937,0.0010359933782368898
2693,0.0010622365084580249,0.0010712947836145758,0.0010904846998966403,0.0010383824017830192
2694,0.0011109219232781065,0.0010837225010618568,0.001092067568635361,0.0010275483888573945
2695,0.0010635903110313746,0.0009988685883581638,0.001090985022071335,0.0010325485441833736
2696,0.0010796052028631997,0.0010449371859431267,0.0010900823186979526,0.0010405250300653279
2697,0.0011726026956198944,0.0011138178897090257,0.0010910365116265086,0.0010457968465052547
2698,0.001100196743177043,0.0009453546861186623,0.0010917563816532493,0.0010474173196591437
2699,0.0010797500770746006,0.0012916872370988132,0.0010923584736676681,0.0010524421158246697
2700,0.001073754368763831,0.0009954526415094733,0.0010928635492506954,0.0010458757576532664
2701,0.0010918909212988283,0.0009945459803566337,0.0010936475975749393,0.0010429515936411918
2702,0.0010872497986484733,0.0009544618194922804,0.001093938726735198,0.0010447269498370588
2703,0.001095509609569692,0.0010356500186026096,0.001094420913575838,0.0010482942865230143
2704,0.001078531840402219,0.001028139451518655,0.001096976547750334,0.0010396592267788946
2705,0.0010963669139891863,0.0010486305970698595,0.0010971264315872557,0.001040145273786038
2706,0.0011263642669655384,0.0010215814597904682,0.0010984124406861764,0.0010353200308047235
2707,0.0010674291008359027,0.0010600007534958423,0.001096564767157866,0.0010308632901869712
2708,0.001075323474748681,0.0011422808608040215,0.0010970540343369873,0.0010286412912420926
2709,0.0010860276064421567,0.0010811469098553062,0.0010961759857833387,0.0010283415910787878
2710,0.0011123354463941522,0.0010452313302084803,0.001093857253756788,0.0010276675660163162
2711,0.001075606025600185,0.0010657231346704065,0.001093050873703841,0.001027380378358066
2712,0.0010827278834767639,0.0011162527604028582,0.0010927562668195203,0.0010253165517002344
2713,0.0011519662771994868,0.0009883899614214896,0.0010956838680638208,0.0010262726832181216
2714,0.0010985067877401081,0.0009785543009638786,0.00109541989914659,0.0010284001156687737
2715,0.0010967426434055798,0.001014358582906425,0.0010941606112755836,0.0010278060184791685
2716,0.0011554399934700793,0.000921154641546309,0.001093789040421446,0.0010295768961310387
2717,0.0011074843692282835,0.0009623937681317329,0.0010930862937743463,0.0010256871262565256
2718,0.001094386735931039,0.0009506637090817094,0.0010930643896054889,0.0010267236631363629
2719,0.0010647300850703484,0.0009723039856180548,0.0010921750392713064,0.0010284370908513665
2720,0.001075821990509414,0.0009433186147361994,0.0010919766420343269,0.0010234630580060182
2721,0.0010576539890219767,0.0010374446818605066,0.001093463905657538,0.001017091748304665
2722,0.0011146343949561318,0.0010969672631472348,0.0010928976787047252,0.001012059990130365
2723,0.0010800372418533597,0.000938174994662404,0.0010927499962556694,0.0010089494289830328
2724,0.0010723849049665863,0.0012400915706530214,0.001093292467834221,0.0010034771696664395
2725,0.001146944399871346,0.0010193559294566512,0.001093416858661092,0.0009998421537689866
2726,0.0010852916983680593,0.0010477317916229368,0.0010915354976120094,0.0009978117185644806
2727,0.0010557676018733118,0.0009396093897521496,0.0010890915423942109,0.0009961809418164193
2728,0.0010862203382162583,0.001079921959899366,0.001087573581530402,0.0009930603765882552
2729,0.0010609631742247276,0.0009308952046558261,0.0010842974187909727,0.0009942420885898173
2730,0.0010958193097677495,0.0010745440190657973,0.001084066492050058,0.0009950771956704556
2731,0.0011041305086109787,0.0010644171526655556,0.0010837687818023066,0.0009982515757903457
2732,0.001062469169911411,0.0009356499323621392,0.0010852375954079133,0.0010025055855512619
2733,0.001112505065328959,0.0009829981182701885,0.0010890319563034508,0.0010037468049675228
2734,0.0010718719326218383,0.0009553529554978013,0.00109008836593065,0.0010028731627389788
2735,0.001108643385167751,0.0009674673015251756,0.0010876425038660981,0.0010010799758136274
2736,0.0010891678150639766,0.0009289166517555714,0.0010874651289803701,0.0010007226191461088
2737,0.0010858376541485388,0.0010253773629665375,0.0010881006642296496,0.0010007875617593527
2738,0.0011049322509724233,0.0009376290813088418,0.001087234735618242,0.00099686929769814
2739,0.0010374079072951444,0.0009377848822623491,0.0010861756781374828,0.001004920956119895
2740,0.00105879362181036,0.0009363444522023201,0.0010875936290300969,0.0010194640969857574
2741,0.0010735359249843491,0.0009506974415853619,0.001088648895262223,0.0010141063848510385
2742,0.001101711200705419,0.0009832714451476932,0.0010895698342627536,0.001015104098431766
2743,0.0010869439797372455,0.0010300232120789587,0.0010896787968257234,0.0010096510646864772
2744,0.0011014504252105123,0.0010786542296409606,0.0010897828367176568,0.0010180822022259235
2745,0.0011706810128978558,0.0009743491001427174,0.00109147433970227,0.0010185386115685105
2746,0.001084064229701956,0.0010156036261469127,0.0010894993453131369,0.0010164635301567614
2747,0.0010534878433423325,0.0010521375900134444,0.0010891738218565784,0.0010182167072780432
2748,0.0010756028697101606,0.0009292410779744387,0.0010868285349570216,0.001019765625242144
2749,0.0010882732861985762,0.0012417151359841228,0.0010860377406494484,0.0010263143812306228
2750,0.0011252961845861541,0.0009213993279263377,0.0010861465873300202,0.001024025902245194
2751,0.001058815261349082,0.0012490232521668075,0.0010846966690694292,0.0010235644980333746
2752,0.0010912163741886615,0.0013031879113987088,0.001086288575000233,0.0010321636189706623
2753,0.0011126019940194156,0.0009459791565313935,0.0010867350808758702,0.0010332958760671319
2754,0.001083986649237987,0.0009558380441740156,0.001088536776146955,0.0010350410335697232
2755,0.0010985433738419992,0.0009382181754335761,0.0010862076047394012,0.0010354273428209125
2756,0.0011067315059093137,0.0012751955911517144,0.0010854556000170607,0.0010315143294632434
2757,0.0011047567445267405,0.0009470601659268141,0.0010844160738711557,0.0010255352009087802
2758,0.001063130205600626,0.0009311210829764605,0.001080528038336585,0.0010247264171019197
2759,0.0010637338462078736,0.000999182383529842,0.0010808182390510206,0.0010215883426368238
2760,0.001050011212678833,0.0010061902506276965,0.0010807873171391998,0.0010167101841419939
2761,0.0010693979573746521,0.0010926355514675379,0.0010804028866760846,0.0010167032415047289
2762,0.00108855882116283,0.0009681653883308173,0.0010787298985084311,0.001006179110519588
2763,0.0010686842944576508,0.0009260939760133624,0.0010765080615619403,0.0010071761896833778
2764,0.0010772055555652413,0.0011527629056945444,0.0010769648094816754,0.0009984058320522309
2765,0.0010699562687012884,0.0009646508796140552,0.0010798338926966407,0.0009878801168873906
2766,0.0011185783067614668,0.0009943263791501523,0.0010770632893933605,0.000987699717283249
2767,0.0010434819155165718,0.000992929176427424,0.0010781361166439535,0.000987759630009532
2768,0.0010681438616787393,0.0009321978781372309,0.001077571855050822,0.0009921041823923588
2769,0.001075462271562881,0.000929176015779376,0.0010774927395706376,0.000980076398421079
2770,0.0010734801245335904,0.0009541295049712062,0.001075780485565257,0.0009792234419845045
2771,0.0010913192475628523,0.0009371517645195127,0.0010747872839733544,0.000982799329329282
2772,0.001052714795546813,0.0009301836276426911,0.0010762860731997836,0.0009827204982750118
2773,0.0010659921081322763,0.0009290675120428205,0.0010785338696661507,0.0009793158025480806
2774,0.0010464485820072392,0.0009786118613556028,0.0010796458462511915,0.0009724958750419319
2775,0.0010697502609238855,0.0009463263070210815,0.0010791376150471883,0.0009730151447467508
2776,0.0010702339593424565,0.001029764311388135,0.0010798792758076967,0.0009741618077270688
2777,0.0011629434545627898,0.0010400450322777034,0.0010808162661528006,0.0009827082206495107
2778,0.001043336911437412,0.0009414691664278507,0.0010824648110661656,0.0009811468009836971
2779,0.001110807330502818,0.0009573358623310924,0.001080288824464919,0.0009836916907690466
2780,0.0010844368340137103,0.0010468319850042462,0.0010822577442922113,0.0009810609753243627
2781,0.0011047536189046998,0.0009745009918697179,0.0010827101490408597,0.000981445089634508
2782,0.0010619503943922206,0.0009257362550124526,0.001082527015146075,0.0009817790335044266
2783,0.0010383001658030681,0.0010205182665959,0.0010824858255632638,0.000981300584040582
2784,0.001101203576868607,0.0009972116071730853,0.0010825479726669276,0.0009833152532577514
2785,0.001106206124338011,0.0009210728574544191,0.0010841018003928992,0.0009838134154677393
2786,0.0010971973720006645,0.0009221373638138175,0.0010866074001830484,0.0009890932215377687
2787,0.0010758530410627525,0.0009811471309512853,0.0010876156550418171,0.000986792728677392
2788,0.0010872258134703668,0.0009547605505213141,0.0010865834110416472,0.0009864280916750431
2789,0.0011006303141928382,0.0013664232287555933,0.0010864469978440964,0.0009862412087619306
2790,0.001111169891535408,0.000925615387968719,0.0010824275443433887,0.0009842052739113569
2791,0.0010641786417302985,0.0010579486237838865,0.0010832872296786971,0.0009833391642197966
2792,0.001092704911198881,0.0009271612903103232,0.001081960121811264,0.0009894641127437354
2793,0.0010794539803949494,0.0009418007358908653,0.0010826202485606901,0.0009878181328997016
2794,0.0010708839241932663,0.0009375246125273406,0.0010810210647889309,0.0009882653308101
2795,0.0010724503849633038,0.0009421682683750987,0.0010802184725025048,0.0009906774394214152
2796,0.0010928729251544508,0.0009875184949487447,0.0010809177318018756,0.000988751414977014
2797,0.0010915604886961067,0.0009426376828923821,0.001078537461720407,0.0009861002491787078
2798,0.001128632102886008,0.001061062663793564,0.0010768463815976348,0.0009903116809204223
2799,0.0010716549534764556,0.0009210995398461818,0.0010746692538054453,0.0009904485931620003
2800,0.0010439441609196365,0.0009372103819623589,0.0010744590848787792,0.000996800729446113
2801,0.0010668236294036938,0.0010250922385603189,0.001074237212476631,0.001000336992368102
2802,0.0010624571170450912,0.0009891466610133647,0.0010748752542150517,0.0009837164069525898
2803,0.0010648290448201198,0.000919816424138844,0.0010733561657679579,0.000988619063328952
2804,0.001077629633816994,0.0011104595754295587,0.001073452280389352,0.0009964546610601245
2805,0.0011009400027493636,0.0010056824889034034,0.001072010674700141,0.0009995685742236673
2806,0.001064774024610718,0.000985680939629674,0.0010732562101032172,0.0009995946999639272
2807,0.0010418855872315665,0.0009860389702953398,0.0010750187844865854,0.0010014654765836894
2808,0.0010557816482873426,0.0009723676554858684,0.001075335182508247,0.001002134940214455
2809,0.001041696824831888,0.0009309324622154236,0.0010737433935826025,0.0010002169203013182
2810,0.0010639291212687061,0.001026358650997281,0.001072600350679002,0.0010045453319326044
2811,0.0010427691771959266,0.0009255601698532701,0.0010718104699678308,0.0009995594868436456
2812,0.001070598817896098,0.0011399505380541087,0.001072206381403117,0.0010185164850205182
2813,0.001081679003416664,0.0010431671235710382,0.0010741672176091625,0.0010179369052872062
2814,0.0011165813576533563,0.0009509085933677852,0.0010742951541259473,0.0010149454180151225
2815,0.001073192680358059,0.0010481817973777652,0.0010748779430623271,0.0010130250560119749
2816,0.001066581507265154,0.0012538385670632123,0.0010745885076673912,0.0010177814835682511
2817,0.0010566647689686053,0.0010050091193988919,0.0010761593829271283,0.0010104290215298534
2818,0.0011105923654718532,0.0009424538793973624,0.0010738808135967702,0.0010081432260572911
2819,0.0011149482837774687,0.0009842940280213952,0.0010732758699968043,0.0010054445859044789
2820,0.0010803603355048431,0.0009589048591442406,0.0010743026819131855,0.0010088750679977238
2821,0.0010530782020133403,0.0009395679971203208,0.0010763167813058116,0.0010077187907882035
2822,0.001062984416106095,0.0010508479736745357,0.001077273453089098,0.0010085068484768272
2823,0.0011088850851067237,0.0009364165365695953,0.0010781439486994512,0.0010059989705681802
2824,0.0010815527393586105,0.0013950244942680001,0.001080564137837953,0.0010055369989946483
2825,0.001092965066070772,0.0009227208886295557,0.0010806152706862324,0.000999985900335014
2826,0.0010700220423233177,0.000950305056758225,0.001080256571703487,0.0009996715692803262
2827,0.0010770268404545883,0.0009411376109346747,0.0010783564662974743,0.0010092983323149382
2828,0.0010575931599467166,0.0010387271130457522,0.001078689242971854,0.0010056867794133722
2829,0.0011169015153104232,0.000926648024469614,0.0010776650109121369,0.000992143239546567
2830,0.0010439757694904175,0.0009485376020893455,0.0010773710773222976,0.0010013483260758222
2831,0.001049650434611572,0.0009182149358093739,0.0010755860028995408,0.0010017814943566918
2832,0.0010675558851410945,0.0010718010226264596,0.0010724703471486768,0.000998815660737455
2833,0.0011061341331029932,0.00094346072524786,0.0010727290855513678,0.0009975729749538004
2834,0.0010656136194140547,0.0009506339044310152,0.0010735193639579746,0.0009992635774426163
2835,0.0010856915115275317,0.0009636617032811046,0.0010748913089330826,0.0009938612104393543
2836,0.0011032739056584737,0.0009140108805149793,0.0010732856940478088,0.0009934163701720538
2837,0.0010718771391030814,0.0010011730715632438,0.0010730073421779606,0.0009793746804818513
2838,0.0010727115288480288,0.0010353088472038507,0.0010728305503829485,0.0009838174542412164
2839,0.0010690787225030363,0.0011915776692330838,0.0010719041254681843,0.00098280595690012
2840,0.0010815120972175565,0.0009578929748386145,0.0010716753726721638,0.0009827035266906023
2841,0.0010409757057722245,0.0009152500703930855,0.0010717130264681247,0.000979903000034392
2842,0.0010493164292226236,0.0012351362826302649,0.0010701331379512943,0.000981897420063615
2843,0.0010659655049029323,0.0009532830864191056,0.001071644966604395,0.0009812874311581257
2844,0.0010370568900058667,0.0009101481875404716,0.0010719888210296632,0.0009819781161844732
2845,0.001086828795572122,0.0009278377145528794,0.0010712981391594644,0.0009753986744210124
2846,0.0010728351621785098,0.0009818330593407154,0.0010696396733427213,0.000976138996705413
2847,0.0010972830404837926,0.0009157887985929847,0.0010696671235789028,0.0009749386158771811
2848,0.0010687447129748761,0.0009252955298870802,0.0010689250005719562,0.0009735008875839412
2849,0.0010745939426124096,0.0010439822520129382,0.00106707910032322,0.0009811566012911496
2850,0.0010885452711954713,0.0010337902326136828,0.0010681832659368716,0.0009834062186069785
2851,0.0010468614194542169,0.0009250176232308149,0.0010672932585597866,0.000979677657689899
2852,0.001071308020554069,0.0009385768556967377,0.0010689935544816159,0.0009685819893144071
2853,0.0010585345048457384,0.0009687139466404915,0.0010689516287710932,0.0009695232876576484
2854,0.0010774043023896714,0.0009765085252001882,0.0010696977009996772,0.000971345498226583
2855,0.001081771485817929,0.0009332878794521093,0.0010700733673189664,0.0009600164476782084
2856,0.0010582467952432732,0.0009354820614680648,0.0010694072799912345,0.0009621205135248602
2857,0.0010502888383861217,0.0009073149785399437,0.0010717431935636948,0.0009657234350219369
2858,0.0010646724876844222,0.0009619687823578715,0.0010710175453012604,0.0009654718091711402
2859,0.0010662998753185901,0.000920624383725226,0.0010696276702452452,0.0009683283234015107
2860,0.0010671384363538689,0.0009277184959501028,0.0010689439370555598,0.0009776445258408784
2861,0.00105712639944007,0.0011054037231951952,0.0010678990532281914,0.0009773576028645039
2862,0.0010994812794443633,0.0010574135044589639,0.0010673439284941803,0.000972623101528734
2863,0.00105046134442091,0.0009420948242768645,0.001065413002240368,0.0009725022963248194
2864,0.0011115861205487616,0.0009141859598457813,0.001065712263326471,0.0009755891351960601
2865,0.0010804639544544949,0.0009814254334196448,0.0010652087148951574,0.0009762258000671864
2866,0.001059627511486825,0.0009608053346164525,0.0010659235654036617,0.0009880749879404903
2867,0.001058708087204852,0.0009519100189208984,0.0010655708474469267,0.0009857541846111416
2868,0.001049313321709633,0.0010058847325854004,0.0010647983420898931,0.0009865178499370813
2869,0.001095454729317377,0.0010002212249673903,0.0010682522856164723,0.000985669101215899
2870,0.0010686875890112586,0.0009215470682829618,0.0010685495959646585,0.0009864215129986407
2871,0.0010380882857781318,0.0010532459150999784,0.0010677297589006937,0.0009850328726693988
2872,0.0010801897107416557,0.0011486938595771789,0.0010673771935877285,0.0009935546664521099
2873,0.0010426226172906656,0.0009181224554777145,0.0010667681854166504,0.0009940078521147372
2874,0.0010607158242621356,0.000925619718618691,0.001068152039627441,0.000993169874511659
2875,0.0010402721148501668,0.0010307701025158167,0.001067278748880037,0.000996576265618205
2876,0.0010543429466067916,0.0010021885950118304,0.0010674532855084787,0.000998261398077011
2877,0.0010587193097712265,0.0009544934774748981,0.001064632366033685,0.001006809360999614
2878,0.0010764057675583495,0.0012649436434730888,0.0010644269625708046,0.0010130610658787191
2879,0.0010685863534712957,0.000918488441966474,0.0010659883885592637,0.0010110888928174973
2880,0.001062458851892087,0.0009523795126006007,0.001066058003395382,0.0010113298648968339
2881,0.001144595383407755,0.0009142633434385062,0.0010669566974975172,0.0010129037461243573
2882,0.0010577215970907774,0.0009261252731084823,0.0010644876536706257,0.0010099028497934342
2883,0.0010441765610853004,0.0009272527741268277,0.0010646399835228092,0.0010112415375187992
2884,0.0010574857424944639,0.0011336692282930016,0.0010661336073341469,0.0010053549103438855
2885,0.001051913232076913,0.0009390481375157833,0.001066276473748601,0.0009971210312098265
2886,0.0010917227547098366,0.001084454283118248,0.001067677452798105,0.000997607636079192
2887,0.0010776490107592609,0.001142573282122612,0.0010682258930885132,0.001004849032498896
2888,0.0010548247601319517,0.0009842231357470154,0.0010690057935193184,0.0010015491023659705
2889,0.0010410631336789165,0.0011278850329108536,0.0010707763547698659,0.0010002803212031722
2890,0.0010753288678824902,0.001137718055397272,0.001071100150048733,0.001002294083032757
2891,0.0010986631611982981,0.0009115010080859065,0.0010721753749685986,0.0009937456252984704
2892,0.0010604484581078091,0.0009579343209043145,0.0010725849882596069,0.0009979817307554186
2893,0.001071780674263007,0.0010452317632734776,0.0010727597127565078,0.000998620377946645
2894,0.0010337286336450941,0.0009251988166943193,0.001068625944552736,0.0010014635431580248
2895,0.00107249583531585,0.0009550142614170909,0.001069426109559006,0.001002074386458844
2896,0.0010754288810615738,0.0009060802357271314,0.0010701501895570092,0.0010013531039468945
2897,0.001083761371103012,0.0009428468812257052,0.0010707901613683335,0.0009964646997861564
2898,0.0010776470935282608,0.0009302875772118569,0.0010710868515384695,0.0009969159335829318
2899,0.0010744268315223356,0.00110665462911129,0.0010700263744323618,0.0009944398181512951
2900,0.0010597696256202957,0.0009482718491926789,0.0010702990732466182,0.0009942559095099568
2901,0.0010986069778704808,0.0009704690659418702,0.001071762891776032,0.0009959713630378246
2902,0.0010668141917429036,0.001004837523214519,0.0010731901162097021,0.0009932196776382624
2903,0.0011032863905549876,0.001051232200115919,0.0010729245208307271,0.0009848275982774792
2904,0.0010788266857465108,0.001024391078390181,0.0010706725642809435,0.0009864895157516002
2905,0.001066826964314613,0.0009683456923812628,0.0010714779258912635,0.0009850735000334681
2906,0.0010412511783134606,0.0009853424737229944,0.0010712606359997556,0.0009832975916564464
2907,0.0010777257222475277,0.0009413963556289673,0.0010717207165227996,0.0009888022237457333
2908,0.0010622785610353781,0.0009092207113280893,0.0010715574378509904,0.000987322934065014
2909,0.0010734850377775728,0.001011459124274552,0.001070598391748758,0.0009887632739730178
2910,0.0010593304863303072,0.0009503289824351668,0.0010707945516074285,0.0009905454360879958
2911,0.0010652108270571463,0.0010225513973273336,0.0010703935049836421,0.0009933335128240288
2912,0.001084466481115669,0.0011379755660891533,0.0010705496027289582,0.0009904741430655122
2913,0.001091420223367297,0.0010271094739437102,0.0010699979161895396,0.0009890055054798722
2914,0.0010767437445206775,0.0010590928979218007,0.0010688118995839937,0.0009886161694303156
2915,0.0010686889834081133,0.0009279160713776946,0.0010711625261801397,0.0009860571287572384
2916,0.0010423642474537095,0.0009530489449389278,0.0010681937375054177,0.0009815642052330078
2917,0.0010805824983658062,0.000922533927951008,0.0010662953972454287,0.0009890194111503662
2918,0.0010663484269753099,0.0010008340538479388,0.0010674888753901338,0.0009909335207194093
2919,0.0010452306467211908,0.0010628146189264954,0.0010689935514444692,0.0009917157793417574
2920,0.001068413868520616,0.0009180320193991065,0.0010697001228574664,0.000991491129435599
2921,0.0010514527285057638,0.0009420887334272265,0.0010702950923755354,0.0009918389007449152
2922,0.0010886653675697745,0.000987400934100151,0.0010699068340524619,0.0009914557572454213
2923,0.0010676209279336035,0.0009999894956126808,0.0010710488034360525,0.0009920364307239651
2924,0.001078329275155233,0.0010351703851483763,0.0010728058761865313,0.000987924501579255
2925,0.0010459774621348415,0.00091155590955168,0.00107135619870387,0.0009834102989174428
2926,0.001068956562731829,0.0009607356647029519,0.0010712628273138155,0.0009800930651836098
2927,0.0011255798566465575,0.0009408615063875913,0.0010700114376998196,0.000981193013023585
2928,0.001029066673686935,0.0009389091120101512,0.0010691203393093827,0.0009818466802127659
2929,0.0010313681792467832,0.001210771226324141,0.0010695302368089969,0.0009857548657804726
2930,0.0010966639179322455,0.0010161984316073359,0.0010685996268824157,0.0009851738234050572
2931,0.001078868079671843,0.001004898939281702,0.0010683357790681638,0.0009835116010159255
2932,0.0010953900075724556,0.0009357801079750061,0.0010679074163910832,0.000978571387846023
2933,0.0010771527989870972,0.0009179149940609932,0.0010674338965159325,0.0009817965235561135
2934,0.0010637785797007382,0.0010018805367872118,0.0010671530175954103,0.0009802909849211572
2935,0.001087879720920076,0.0009648458193987608,0.0010667796625652248,0.000977943629398942
2936,0.001109137645819121,0.0009197531687095761,0.001067040778986282,0.0009752830626443029
2937,0.001048224544049137,0.0010251204995438455,0.0010653747155641518,0.0009699205630458891
2938,0.0010890859386159313,0.0009441786305978894,0.0010665328851590552,0.000971734390594065
2939,0.0010454590041707786,0.0010865915939211846,0.00106645290704651,0.000978517496958375
2940,0.0010464115236471924,0.0009442577511072159,0.0010625820522713993,0.000977335062995553
2941,0.0010526116849440667,0.0010507535841315985,0.0010634212933998142,0.0009772567396052181
2942,0.0010573172502012717,0.000908007868565619,0.0010650221842185906,0.0009662113915197551
2943,0.0010597522316190104,0.0009592784941196441,0.0010635044632117368,0.0009617239566519856
2944,0.0010345215797941717,0.0009393092896789313,0.0010626049441026732,0.0009587070024572312
2945,0.001056575871641851,0.0009986604121513664,0.0010615886549103178,0.0009618144360370932
2946,0.0010444307554927138,0.0009044502675533294,0.0010617184197064488,0.0009652344134636222
2947,0.0010793314918151333,0.0009287170460447669,0.001060427383814628,0.0009619004235602913
2948,0.0010741488384600315,0.0009334753267467022,0.001059845731516058,0.000960854935273528
2949,0.0010366776896019777,0.0009011078951880336,0.0010584068913271443,0.0009643755588680506
2950,0.001074931702007436,0.0009569015982560813,0.0010598031921053512,0.0009599617971107364
2951,0.001066957109918197,0.0011303133238106965,0.0010585477792916611,0.0009582739556208251
2952,0.0010288084872687856,0.0009113006573170424,0.0010574895492910096,0.0009566835911944508
2953,0.0010500477018973065,0.00093695102725178,0.0010570670849643646,0.0009551565561443568
2954,0.0010713904497161922,0.0009346375241875649,0.0010569701043992407,0.0009524619651958345
2955,0.0010587208927609027,0.0009040125599130988,0.0010611466162838042,0.0009528728898614644
2956,0.0010563801019452513,0.000929475084412843,0.0010601580956950782,0.0009507012762129307
2957,0.001069982777763572,0.001013465947471559,0.001060686329824643,0.0009496158247813582
2958,0.001080396918890377,0.0010034144297242165,0.0010609027437555295,0.0009492049702443182
2959,0.0010315026824052136,0.0009185307892039419,0.0010613163695981104,0.000949503190536052
2960,0.001073338413455834,0.0009387086122296751,0.0010602704846144964,0.0009539468304254116
2961,0.0010731666410962741,0.0010077687585726381,0.0010586435328185971,0.0009527829841710629
2962,0.0010831320635043085,0.0009147764556109905,0.0010593449253433692,0.0009616334241814912
2963,0.001057700618273682,0.0009019825933501125,0.0010597470354340554,0.0009631293328478934
2964,0.00101900325415449,0.0010468324832618237,0.0010611087105599128,0.0009567711979150774
2965,0.001035849915481069,0.0009060818748548627,0.0010613440243165111,0.0009579387973994018
2966,0.0010501871708159646,0.0009833888104185463,0.0010619068585491426,0.0009568725220859051
2967,0.001161730047315359,0.0009182809852063655,0.0010610735887661576,0.000957316428795457
2968,0.0010350392169008653,0.0009049881529062986,0.0010604333418421446,0.0009571135634556413
2969,0.0010477274330332874,0.0009121730038896204,0.0010595817641769016,0.0009591626177541912
2970,0.001061986219914009,0.0009883890487253665,0.0010601992696420185,0.0009547950823791324
2971,0.0010547714015572435,0.000911905774846673,0.001059814899125033,0.0009515313327312469
2972,0.001053184367224781,0.0010398080432787538,0.0010597232412857315,0.0009506671892479063
2973,0.0010334750435625514,0.0009043791703879833,0.0010599660470874772,0.0009519517192617059
2974,0.0010542125027212831,0.0011223688954487443,0.0010593845525963437,0.0009634681893512606
2975,0.0010849844542745915,0.0009942993149161339,0.0010597397848756776,0.0009771629450842738
2976,0.0011009989880646268,0.0009713599504902959,0.001061212504075633,0.000978244693763554
2977,0.0010346913311837448,0.0009404906444251537,0.001063281109939433,0.0009726458409801125
2978,0.0010641185577130979,0.0009102941444143653,0.0010632910827123043,0.0009807306142523885
2979,0.0010505587051415609,0.0009457351919263602,0.0010635556111991819,0.0009810233302414418
2980,0.0010427147196605802,0.0008989409264177084,0.0010585330411429618,0.0009860974521376192
2981,0.0010350906603141792,0.0009807014418765903,0.0010584097166286986,0.0009894839423708617
2982,0.001085420414391491,0.0009042775630950928,0.0010582968558029583,0.0009899157620035114
2983,0.0010707876559657354,0.0009218206885270774,0.0010577215612917724,0.0009911130072548986
2984,0.0010292112364226746,0.0008969272021204233,0.0010573782987426965,0.0009948327980935574
2985,0.001079408558499482,0.0009708218625746667,0.0010585318074044251,0.0009914938611909746
2986,0.0010586292788179385,0.0012956805108115077,0.001058654688505663,0.0009912907145917414
2987,0.0010920128704876536,0.0012571453489363194,0.0010588394549778768,0.0009841824855655432
2988,0.0010945185982725687,0.0009290263103321195,0.0010577835724792546,0.0009981687057763337
2989,0.0010707184007494814,0.0009068611636757851,0.0010566648134651283,0.000996026681177318
2990,0.0010360992348028553,0.001108201206661761,0.001058081909807192,0.0009978199671953918
2991,0.0010568003829879065,0.0009907067101448774,0.0010576513115006189,0.00100498034209013
2992,0.0010361657959098618,0.001045134032610804,0.0010577611111414929,0.0010054947830736636
2993,0.001031956104044285,0.0009896504087373614,0.001057277479705711,0.0010077924266457558
2994,0.0010449059123897719,0.0009229684947058558,0.001057644526525918,0.0010080304240807892
2995,0.0010476038571343655,0.0010183201800100506,0.0010560844402139385,0.00100807335190475
2996,0.0010461898378303482,0.0010049005458131434,0.0010564445746131241,0.0010074990519322456
2997,0.001082022083768,0.0009563346207141876,0.0010582900739067958,0.001017733834963292
2998,0.0010365470710934864,0.0008993005054071545,0.0010592809903021488,0.0010296825902536512
2999,0.001058831664526628,0.0009446631697937846,0.0010592666541329688,0.0010229888632893563
3000,0.001058587391809043,0.0013439548201858997,0.0010577087958343325,0.001009146333858371
3001,0.0010730300127114686,0.0009178093355149031,0.0010573818919041916,0.001013895764760673
3002,0.0010701187397353352,0.0009853227948769926,0.0010586393549107014,0.0010136849479749797
3003,0.0010533536000487706,0.0010893035167828203,0.0010591035314421687,0.0010093624727800488
3004,0.0010533036961634125,0.0009585962165147066,0.0010582219030604596,0.0010169302122667431
3005,0.0010306239337660372,0.0009563820157200098,0.0010593669645281303,0.0010126887292601168
3006,0.0010442668308193485,0.0009866513777524234,0.001061164203337911,0.0010111589447595179
3007,0.0010464182565920056,0.0009053507586941123,0.0010608760801764827,0.0010134522552601992
3008,0.0010797910159453749,0.000907463189214468,0.001060352484540393,0.0010096163976937532
3009,0.0010753487187644673,0.001152796777896583,0.001059674626030028,0.0010073541202582418
3010,0.0011041814683833055,0.0012695407448336483,0.0010583765807768539,0.0010054753369651735
3011,0.00105827087458844,0.001128337336704135,0.0010597982424932222,0.0010076415992341936
3012,0.00105306641302175,0.0009110821131616831,0.0010605113573889766,0.001006969733443111
3013,0.001086346000019047,0.001047762082889676,0.0010618003432328502,0.0009896197396330535
3014,0.0011021549759122234,0.0009015907440334558,0.0010615780724522969,0.0009898264869116246
3015,0.0010477036480895346,0.001000139326788485,0.0010612636761429411,0.000988615222927183
3016,0.0010347596734451752,0.0011799001973122358,0.0010609740912707318,0.000981466767843813
3017,0.00106479233260163,0.0009390969574451447,0.0010612358433401419,0.0009793466524221004
3018,0.0010768870742888087,0.0009514057962223887,0.0010616759191163713,0.0009823275634087624
3019,0.001037702833354059,0.0009803012572228908,0.0010629119875219962,0.0009797057987190785
3020,0.0010345139662321244,0.0009224237408488988,0.001062170188729134,0.0009838713374920192
3021,0.0010292433750712208,0.0009483436099253595,0.001060753866719703,0.0009847463052719831
3022,0.0010495709524386459,0.0009093650383874774,0.0010599935453126414,0.0009762803439050914
3023,0.001072088614002698,0.0009534570621326566,0.001056835026268123,0.0009613694243133069
3024,0.0010766595369204879,0.000927866525016725,0.0010579254891050773,0.0009523406495340168
3025,0.001090812037905885,0.0009102049749344588,0.0010578925380638488,0.0009594380020163954
3026,0.0010674732431976332,0.0009229780174791813,0.001057117802530734,0.0009561101361177861
3027,0.0010622588320014377,0.0009550411952659488,0.001055943428347301,0.000956649577897042
3028,0.0010461139782435365,0.000910592139698565,0.0010584981782827527,0.0009590202941559256
3029,0.0010598474978986713,0.0009055933309718967,0.0010590619497259871,0.0009725627874024214
3030,0.0010416258281717697,0.0010309047903865577,0.001059463919290445,0.0009748423570767046
3031,0.0010751685409599709,0.0009211072605103254,0.0010580348366198856,0.0009732384575530887
3032,0.0010278732867704497,0.0010094892280176281,0.0010594836849253625,0.000970220902003348
3033,0.0010443829657096001,0.0009293373837135732,0.0010594888347459752,0.0009711518922820687
3034,0.0010563406835879302,0.0009411477437242865,0.0010602090612829974,0.0009791538244113326
3035,0.001025218492270344,0.0008967677550390363,0.001059260909481802,0.0009832806984893978
3036,0.001085532445512298,0.0009026179672218859,0.001058168946625665,0.0009820828702300788
3037,0.0010522426369910438,0.0010885159252211451,0.0010558625238688871,0.000981713087297976
3038,0.0010669776116911736,0.0009645654354244471,0.0010540301312537243,0.0009944042399525643
3039,0.0010727956213264001,0.0009150767885148525,0.001052972758649331,0.0009939144066534937
3040,0.0011115723964758217,0.001059407233260572,0.0010533336205563197,0.000991390217002481
3041,0.001048853959526039,0.001518462528474629,0.0010533608935307712,0.0009943998103030026
3042,0.0010748415717130734,0.0009960861993022264,0.0010523377576066803,0.0009996176320128142
3043,0.0010411600075248214,0.0009113083081319928,0.0010528571674238063,0.0009944520587101577
3044,0.001073924040990985,0.000904862368479371,0.0010528506443577095,0.000995939065515995
3045,0.0010346427117474378,0.0009456984978169203,0.0010548437111131432,0.0010007643146440386
3046,0.001047249038496779,0.0011483919131569564,0.0010549604460855738,0.0010052994818426668
3047,0.0010258671574087607,0.0010125368903391063,0.0010553512775649627,0.001003561199363321
3048,0.0010447895425992708,0.0009235113556496799,0.0010572453441408773,0.0010055799403227864
3049,0.0010189989680010412,0.0009186219517141581,0.0010559751791569094,0.00101151853967458
3050,0.0010450022225268185,0.0012274837912991643,0.001059538460460802,0.0010069970641285182
3051,0.0010410389280878008,0.0009107321850024164,0.0010581864238199258,0.0010055576840415597
3052,0.0010712803796761566,0.0008919364539906382,0.001056663845676101,0.0010114904893562197
3053,0.001046795802604821,0.0009858319722115994,0.0010547417128044698,0.0010100597847253086
3054,0.001034269099796398,0.0010360388737171889,0.0010550000202945537,0.0009905613927170636
3055,0.0010546110735999213,0.0009017654578201473,0.001054914396783958,0.0009890375240705909
3056,0.0010750054643075498,0.0009582824306562543,0.0010562842490875887,0.000989706353470683
3057,0.0010776999556562966,0.0011301204562187196,0.0010547948840177724,0.0009933506205677986
3058,0.0010473013400203652,0.001042716563679278,0.0010560564564747943,0.0009934413672424854
3059,0.0010661114705726505,0.0008976906817406416,0.0010560203621370924,0.0009834039581939579
3060,0.0010725701566682093,0.0009472362790256738,0.0010558393650584752,0.0009809838277287783
3061,0.0010537783209130995,0.0010510829510167242,0.0010555718188898432,0.0009803351873531939
3062,0.0011413246695883572,0.0009754790365695953,0.0010574355004148352,0.0009797469396144154
3063,0.0010331766956692768,0.0009285809332504869,0.00105902474153166,0.0009769847512245179
3064,0.0010347311677307719,0.0010633969213813543,0.001060983224870223,0.0009767682458274069
3065,0.0010635190746850437,0.0010236396174877881,0.0010594041920629228,0.0009772643333300947
3066,0.0010553116467781364,0.0010310027282685041,0.0010583365388576768,0.0009747100031003356
3067,0.0010727009839481777,0.000957989483140409,0.0010574695838873997,0.0009726545795798301
3068,0.0010754063151155908,0.0009280290431343019,0.0010556495606330119,0.000978289349935949
3069,0.0010366899142455724,0.000995969045907259,0.0010542842423595072,0.0009798300502821802
3070,0.0010661820231729912,0.0009479671646840871,0.001052986223902553,0.0009709856596775353
3071,0.0010463466800542341,0.0008974566869437695,0.0010533485853320194,0.0009679768982343377
3072,0.0010213422304433254,0.0009520336287096142,0.0010535602652157346,0.0009676242734305561
3073,0.0010381008883834713,0.0009072953462600708,0.0010539871660992504,0.000969118438847363
3074,0.0010655910061258408,0.0009039157582446933,0.0010528298603681228,0.0009646428108215331
3075,0.0010847332504474454,0.0011584290815517305,0.0010478837311888734,0.0009663804705254735
3076,0.0010900010115518753,0.0009053195500746369,0.0010470578690990806,0.0009695598853752018
3077,0.0010318045594936444,0.0009043386415578425,0.0010464845030878982,0.0009686261706054212
3078,0.0010201044724736776,0.0009219737164676189,0.0010466849821930129,0.0009632691137492658
3079,0.0010125952255394723,0.0009846532857045532,0.0010463478486467566,0.0009639297341927887
3080,0.0010091104922402235,0.0010426347167231142,0.001045875221118331,0.0009656509730033578
3081,0.0010408725074699356,0.0009967999393120407,0.0010453026587040062,0.0009687673847191036
3082,0.0010452494942324443,0.0009090106911025941,0.0010463112253799207,0.0009677373700775207
3083,0.0010563603757570187,0.0009674975275993348,0.0010466292461173401,0.0009658164562657476
3084,0.0010714034676655299,0.0008888750616461038,0.0010462007377193205,0.000976165127940476
3085,0.0010832426787561013,0.0009845904144458472,0.0010477287211765845,0.0009754514611326159
3086,0.0010248456776349082,0.0009391922503709793,0.001047038609886335,0.0009804866719059647
3087,0.0010176714401071271,0.001018920529168099,0.0010449703516438602,0.0009801640690304339
3088,0.0010125301434244546,0.0010080663044936954,0.0010432146265378426,0.0009698813493363559
3089,0.0010203970174512101,0.0010400540521368384,0.0010420714739554872,0.0009702560943551361
3090,0.0010685310523129172,0.0008897131960839033,0.0010419391658519292,0.0009709246329963207
3091,0.0010468833081217275,0.0010475182393565774,0.0010443078728547943,0.0009734341830015183
3092,0.0010608852957375348,0.0010010204534046353,0.0010456948256689228,0.000974643976893276
3093,0.0010610922547574673,0.00100593933602795,0.0010470028893246007,0.0009871887454763054
3094,0.0010619040811434388,0.0009702186798676848,0.0010477536565055036,0.0009839548613876105
3095,0.0010741325416084792,0.0008999443193897605,0.0010469495644068554,0.0009846514879725873
3096,0.001035633970103744,0.0011561734788119794,0.0010453645357551675,0.000981603277567774
3097,0.0010595418168749247,0.0009341919585131109,0.0010436395866382456,0.0009838635981082916
3098,0.0010208481061272324,0.0010331756155937911,0.0010420783298400542,0.0009807072107680143
3099,0.0010138845500639742,0.0008958506863564253,0.0010418328536674379,0.0009788878885097802
3100,0.001040840122797009,0.0009013610891997814,0.0010440162844438518,0.00097717269891873
3101,0.0010614221969929834,0.0009146881755441427,0.0010456943940371274,0.000975239219237119
3102,0.0010284968569046922,0.0009210521075874567,0.001046202258600129,0.0009730074197053911
3103,0.0010793221475453012,0.000984712466597557,0.001044795655997263,0.0009731765575706961
3104,0.001047269045892689,0.0010148981329984963,0.0010453420097111827,0.0009688015159219504
3105,0.0010418120836321678,0.001356253931298852,0.0010445350351019039,0.0009642208968289197
3106,0.0010596416869925128,0.0009159528370946646,0.001042550137680438,0.0009602610141970218
3107,0.0010251471917662356,0.0009264263557270169,0.0010425936613387117,0.0009571967805735768
3108,0.0010167346594648229,0.0008912922674790025,0.0010413618904900634,0.0009716979096643626
3109,0.0010282797397424778,0.0009453830751590431,0.0010421396400106865,0.0009631121995858848
3110,0.0010442112588013213,0.0009056807309389115,0.0010402789949284245,0.0009687314538285137
3111,0.001018708773319506,0.0008937091939151287,0.001042990694831436,0.0009674482330679895
3112,0.0010722572095174757,0.0009760407893918455,0.0010431621881977964,0.0009694347528740764
3113,0.0010544828832563427,0.0009597293124534189,0.0010419207506450927,0.0009714108616113664
3114,0.0010330936315262483,0.0009842590638436378,0.001042208668605114,0.0009704613171517848
3115,0.0010333659872412682,0.000893941642716527,0.0010418079269894707,0.0009699837666004896
3116,0.0010605421509697205,0.000938142198137939,0.0010408622316550463,0.0009677998035214844
3117,0.0010407109305055604,0.0008865049760788679,0.0010413066193306199,0.0009631572321057322
3118,0.0010114698192208178,0.0009069422702305019,0.0010430149774118844,0.000945005103107542
3119,0.0010629921726002876,0.000893612839281559,0.0010418294680097863,0.0009454778402112426
3120,0.001043338270392269,0.00126247254665941,0.0010429984812521272,0.0009502201338298619
3121,0.0010550777081193194,0.0009415307268500328,0.0010427869074408794,0.0009500785308890046
3122,0.001013025689818379,0.0010746733145788312,0.0010425251140931827,0.0009505350094288588
3123,0.0010886406037025154,0.0010010950965806842,0.001041094971060132,0.0009533544093370439
3124,0.0010181718842229908,0.0009455136815086007,0.0010422665861176534,0.0009537880942225456
3125,0.0010098041839794152,0.000950763807632029,0.0010414626019748135,0.0009519435869529843
3126,0.001068620145993514,0.0008909495640546084,0.0010406156222698174,0.0009525103372521697
3127,0.0010184783165136145,0.0009091133438050747,0.0010405744814055247,0.0009489124657586217
3128,0.0010556797641846868,0.00093011338962242,0.0010407953357789664,0.0009494104973971843
3129,0.0010583787377820247,0.000898833847604692,0.0010405644148225998,0.0009481595378369094
3130,0.0010845210356637835,0.0009024507063440979,0.0010395087864715606,0.0009498777407221496
3131,0.0010300039519400646,0.0009277712646871806,0.0010421821835916488,0.0009517361661419273
3132,0.0010543725228247542,0.001044983696192503,0.0010412666375231412,0.0009556353942491114
3133,0.0010114453141836244,0.0008877521939575672,0.0010411000854542688,0.0009410565108060835
3134,0.0010217349060500662,0.0009567950386554003,0.0010417687776395018,0.0009412283883430064
3135,0.0010084576829750506,0.0009761657286435365,0.0010429181309106448,0.0009427005586214363
3136,0.001047999149757541,0.0009045513160526752,0.0010419282909689678,0.0009407476081512868
3137,0.0010521576059464779,0.0009299281076528132,0.0010429562854580583,0.0009400152581743895
3138,0.001033308390631444,0.0009738980699330568,0.0010434210498817267,0.0009382735772989688
3139,0.0010320651099189288,0.0008943122765049338,0.0010415012404529583,0.0009381645417772232
3140,0.0010388873465773131,0.0009063924336805939,0.0010435599807960294,0.0009403473087586462
3141,0.0010547691270605558,0.000906868209131062,0.0010448607029082877,0.0009445157647132872
3142,0.0010143202217295765,0.0009294600482098758,0.0010432806537176173,0.0009444014145061373
3143,0.0010783047472230263,0.0009534029057249426,0.0010429292821946246,0.000949857313465327
3144,0.0010401035208875934,0.0009910935419611632,0.001042964090474157,0.000949133229907602
3145,0.0010391744686704544,0.0008980004605837166,0.0010411342249717565,0.0009479464250616728
3146,0.0010717950127501455,0.0009458276652731002,0.001042229061599614,0.0009489490893669427
3147,0.0010417595215969615,0.0011114775715395809,0.0010436173966102717,0.0009518360580317677
3148,0.0010638946051605873,0.0009522713348269463,0.001043869621379094,0.0009491895214654507
3149,0.0010438717464502487,0.0009272049320861697,0.0010425832645967602,0.0009527087596245111
3150,0.001021423294571125,0.0009072217857465148,0.0010428952243903445,0.0009518275106325746
3151,0.0010206249102743135,0.0008882236760109663,0.0010429555799294679,0.0009501150537282228
3152,0.0010699468250903819,0.0009636825183406472,0.0010451413144564462,0.0009512483770027758
3153,0.0010881978169911437,0.0010343247884884476,0.001045481287781149,0.0009532105021178721
3154,0.0010188775080152684,0.0008959750924259425,0.0010445374216884373,0.000952445258386433
3155,0.0010757367475889624,0.0010388481803238392,0.0010451807276449269,0.0009507425899617374
3156,0.0010308741589283778,0.0009096691757440567,0.0010444938829686078,0.0009495902745984495
3157,0.001008625885264741,0.0010153135750442742,0.0010440437586150236,0.0009481743136420845
3158,0.001038816229880063,0.0009128188015893101,0.0010440552174682835,0.0009480143594555556
3159,0.001056443281316509,0.0010289692552760243,0.0010418191468291398,0.0009523155265487729
3160,0.0010147633021956102,0.0009100023144856096,0.0010416127354889696,0.0009432634418830276
3161,0.0010158402301991979,0.0009925322700291871,0.001040725165538283,0.0009416687039658428
3162,0.0010599566007860833,0.000907896882854402,0.0010415934478915814,0.0009401119993068276
3163,0.0010348172791095243,0.0009310866473242641,0.0010434630054411375,0.0009404105869121848
3164,0.0010867084730933937,0.0009226453583687544,0.0010436002961411658,0.0009414496823213993
3165,0.0010473866796948843,0.0009554455615580082,0.0010415627918878775,0.0009382384766824542
3166,0.0010311724747427637,0.0008877371158450842,0.001039651287983482,0.0009368793283589185
3167,0.0010304028706418144,0.0008868933375924825,0.0010402152319904418,0.000941370089072734
3168,0.0010611336303150488,0.0009245950216427445,0.001041096097091213,0.0009358218959532677
3169,0.0010288504120479856,0.0009556945180520416,0.001041210700504275,0.0009385883533395826
3170,0.0010394609400019464,0.0008940016059204936,0.001042402836649368,0.0009337292774580419
3171,0.0010158932467715608,0.0010533568426035346,0.0010421373282921396,0.0009368794000707566
3172,0.0010365992380927007,0.0008851754548959434,0.001041894599976432,0.0009322594567202032
3173,0.0010417053563934234,0.0009124028868973255,0.0010417859143680996,0.0009318696114234626
3174,0.001065578805282712,0.0008882873156107963,0.001041423366912123,0.0009305157077498734
3175,0.0010681622333100272,0.000914686475880444,0.0010404131170776154,0.0009312627170234919
3176,0.001024057177775022,0.0009142010612413288,0.001040663899398512,0.000931452907063067
3177,0.001019009218758179,0.0008834023773670196,0.0010390428946870894,0.0009342153470963241
3178,0.0010404102193812528,0.0010003460804000497,0.0010402357038110492,0.0009319387727417053
3179,0.0010329761081892582,0.0010082441102713348,0.001039754694700241,0.0009327894127927721
3180,0.001097758375108242,0.0009001433523371815,0.0010405364413228302,0.0009376331272535027
3181,0.001033739244254927,0.0009788306104019284,0.0010394865537165768,0.0009450529296882453
3182,0.0010384292888920754,0.0008938366780057549,0.0010394750751554966,0.0009452564950101078
3183,0.0010321785209493504,0.0009915718669071794,0.0010418604589326102,0.0009511669321917
3184,0.0010503750734238162,0.0009134706715121866,0.0010420942540746183,0.0009482081459835172
3185,0.0010120461619873013,0.0009002561820670962,0.0010445772207497309,0.0009485863094218076
3186,0.0010067765437997878,0.0009586846781894564,0.0010437723575780788,0.0009484321317635476
3187,0.0010347003549233908,0.0009265721146948636,0.001041485062174292,0.0009528245741501451
3188,0.001041086837131944,0.0009358413983136416,0.0010397129540279922,0.0009553918335586788
3189,0.0010461833553078274,0.0009917063592001796,0.0010409879257850761,0.0009599804705008865
3190,0.0010772069077938796,0.0008985312026925385,0.0010424328975534687,0.0009632914880290628
3191,0.0010191472469725544,0.0009090031171217561,0.0010416717631380177,0.0009637835098430515
3192,0.0010499465362065368,0.0010079861991107463,0.0010429939404492164,0.0009615373056381942
3193,0.0010348864401587181,0.0011100900825113057,0.0010428871970778954,0.0009676207602024078
3194,0.0010285634480209813,0.0009607836510986089,0.0010447255703775833,0.0009640596732497217
3195,0.001099095534429782,0.0010417625354602932,0.001044008582064675,0.0009638337389566003
3196,0.0010217381253217657,0.0009793871873989702,0.0010435485145128848,0.0009603672104887663
3197,0.0010986734049705169,0.0008946295408532024,0.0010417359791747812,0.00096115112779662
3198,0.0010215837771021244,0.0009085484454408288,0.0010415228720288723,0.0009724318594671785
3199,0.0010083964201880412,0.000998098375275731,0.0010423837055503907,0.0009733828988857566
3200,0.0010238595296525293,0.0009788679610937834,0.0010427442201206252,0.0009761156233027576
3201,0.0010559314717021252,0.001028916984796524,0.0010421909045841959,0.0009756654658354818
3202,0.0010551335129679905,0.0009661778155714274,0.0010408597821059329,0.0009801887604407964
3203,0.0010213818589949774,0.0010126466257497667,0.0010388124049641194,0.0009811945462599395
3204,0.0010660305409692227,0.0009520890051499009,0.0010388333193750846,0.0009807707214727999
3205,0.0010950897908252146,0.0010522297164425253,0.0010376933418214322,0.0009758516097441315
3206,0.0010796985767471295,0.0008898034365847707,0.0010383047254031732,0.0009674316220916807
3207,0.0010205045810693669,0.0008881883206777275,0.0010370387634883326,0.0009644181285984813
3208,0.0010206768321546,0.0009049086552113295,0.0010355379624085294,0.0009601383840665221
3209,0.0010050616899712219,0.000933068604208529,0.0010364159537893203,0.0009566412385553122
3210,0.0010067184833395812,0.0011822744738310576,0.001035249674361613,0.0009562290562316776
3211,0.0010282973818377488,0.0009824606636539101,0.0010350753299529767,0.0009549161173403265
3212,0.0010437132191792545,0.0009948902251198889,0.0010368736077306998,0.0009525024884380402
3213,0.001027253948721207,0.0009245874616317451,0.0010375829602902135,0.0009493102929554881
3214,0.0010129052933512462,0.001104788724333048,0.0010367529643078644,0.0009477557864971459
3215,0.0010260224792485435,0.0009236758481711149,0.0010365293650267025,0.0009451397848315539
3216,0.001019670107246687,0.0008984074974432587,0.00103600862024145,0.0009439536352641882
3217,0.001021447097365227,0.0008850084058940411,0.0010344915414539477,0.0009436339031904937
3218,0.001050171029702243,0.0008995903912000358,0.0010335497523140578,0.0009421483259648086
3219,0.0009969144001499646,0.0008854463137686253,0.0010313616790601776,0.0009416984133422375
3220,0.001061575507434706,0.000934768922161311,0.0010337924250505036,0.0009425163875333964
3221,0.0010436879098415376,0.000891958549618721,0.001033449898655009,0.0009418594836257398
3222,0.0010695164192778368,0.0008843249827623367,0.0010352881284482365,0.0009417045901529491
3223,0.0010172251668862172,0.0008757249731570483,0.0010359209570775017,0.0009351931565441191
3224,0.0010533533646311197,0.0009377576527185739,0.001035934177863722,0.0009334440208040177
3225,0.0010415933436403672,0.0008990630740299821,0.001034813217446208,0.000929183614719659
3226,0.0010351815721434024,0.0009900543233379723,0.001035248229631947,0.0009353133863769469
3227,0.00104954353093894,0.0009007777739316225,0.0010351513867990839,0.0009293159520253538
3228,0.0010083632393636636,0.0009829928865656256,0.0010359640788390407,0.000931174382008612
3229,0.0010281035712816648,0.0009440957033075392,0.001036738529490928,0.0009368993185460568
3230,0.0010715450623279645,0.0010150902858003974,0.0010364213424734771,0.0009389072412624954
3231,0.0010249967454001307,0.0008785556210204959,0.001035785467374242,0.0009460993031971156
3232,0.001081273230827517,0.0009086376754567027,0.0010379328960656291,0.0009474116013385356
3233,0.0010121136722672317,0.0008884860575199127,0.0010361307551773884,0.0009479109538719059
3234,0.0010510174348019063,0.0009291962673887611,0.0010370308423104388,0.0009473220104351639
3235,0.001022539199071212,0.0010194886336103081,0.0010354832945495016,0.0009494965674355625
3236,0.0010286279014932612,0.0009387322701513767,0.00103609985217659,0.0009535104343667625
3237,0.0010156892087414032,0.0008883800730109214,0.0010356112056411804,0.0009541668533347546
3238,0.0010381292533646856,0.001077831753063947,0.0010354933200817972,0.000961244351323694
3239,0.001010484222529663,0.0009548528655432165,0.0010369873206234643,0.0009566566177643834
3240,0.0010463397802474598,0.0009701365977525711,0.001037064642728203,0.0009637076689861713
3241,0.0010390313735438718,0.0010415309108793736,0.0010376183534558448,0.0009615251574665307
3242,0.0010135174219289588,0.0009352064738050104,0.0010376948968817792,0.0009605702264234424
3243,0.001034274152221365,0.0010793919395655394,0.001036761901165462,0.0009567277483642102
3244,0.001050600117434644,0.0009182537673041224,0.0010365104973626632,0.0009564794396981598
3245,0.0010165219852286908,0.0009472527354955673,0.0010337545057655206,0.0009573831199668349
3246,0.0010661900881677865,0.0008772349637001753,0.001035669184031172,0.000957483405340463
3247,0.0010308277252544132,0.0009386889077723027,0.0010360294657966328,0.0009555006089620293
3248,0.0010326391075634294,0.0009760716464370489,0.0010361800206618178,0.0009541871878318489
3249,0.0010411372012458743,0.0009541681269183755,0.0010362593881164987,0.0009621735339052977
3250,0.001038646204655783,0.0010760005237534641,0.0010394694495842688,0.000966389132384211
3251,0.001072531585685081,0.0008753609843552112,0.0010399698057936297,0.000959740770701319
3252,0.0010514765835574103,0.0010770540544763208,0.0010411292609758677,0.0009600855404511094
3253,0.0010222060075547133,0.0009284300985746086,0.0010403288754117156,0.0009573771942406892
3254,0.0010300171569300194,0.0009202224272303283,0.0010395718646442726,0.0009513829326257109
3255,0.0010482201694200436,0.0009190283343195916,0.0010424896748115618,0.0009532273208722471
3256,0.0010187116503301594,0.0008723479043692351,0.0010413440316812033,0.0009478481134399771
3257,0.001012373440898955,0.0009312296821735799,0.0010395236739785309,0.0009580459101125599
3258,0.0010599806289085083,0.0008909931918606162,0.0010404204251658585,0.0009610721472650765
3259,0.0010600244789384305,0.0008796263579279184,0.001038251097107099,0.0009624047014862298
3260,0.001026303070700831,0.0009866531053557993,0.0010374006375670434,0.0009601685089990496
3261,0.0010306120878602896,0.0011383909219875932,0.0010385300383592645,0.000970120593905449
3262,0.0010959407454356552,0.0009937700349837541,0.0010382893842334547,0.0009672902056016029
3263,0.0010506381585987077,0.0009116227109916508,0.0010372207393869756,0.0009594516690820457
3264,0.0010394706020856069,0.0009634721092879773,0.0010352258417651884,0.0009615181816741824
3265,0.0010263301411436664,0.0009024279424920678,0.0010340664714264373,0.0009591334635391832
3266,0.001020106104357789,0.0008916743705049157,0.0010333574560056956,0.0009586848015896975
3267,0.0010864626761111949,0.0009813161799684168,0.001033418680406693,0.0009724506499245763
3268,0.001005633073962397,0.0009449117537587881,0.0010321235402073296,0.0009734799576923252
3269,0.001005091174867832,0.0011731986841186882,0.0010312704215033185,0.0009749374091625215
3270,0.0010389407649118868,0.0010229086643084883,0.0010316188464251656,0.0009912152734585108
3271,0.0010119568866988023,0.0009105488192290067,0.0010310057922473387,0.000995566483680159
3272,0.0010095662367530166,0.0008827840955927968,0.0010330555263906719,0.0010048127091489732
3273,0.00106087412736896,0.0012248737690970302,0.0010333486436452303,0.0010034126267768444
3274,0.0010351208481006325,0.0008834084193222225,0.0010319365780386662,0.0009941856812685729
3275,0.0010119300834938057,0.0008800371107645333,0.0010289156386525267,0.0009897113339044157
3276,0.0010226591451403995,0.0009270237991586327,0.0010271808818448336,0.0009902309415861965
3277,0.0010224923250886301,0.001017436101101339,0.0010272570997010915,0.0009883848696947098
3278,0.0010044806220361757,0.0009172135498374701,0.0010272194153680982,0.000990102044120431
3279,0.0010315477669549484,0.0012643686356022955,0.0010265645662788302,0.0009912212221883238
3280,0.0010158416644359628,0.0009447610285133124,0.001024304834846407,0.0009927500058896838
3281,0.0009973836827298834,0.0009087841911241412,0.001024840877080957,0.0009931734339334072
3282,0.001021084063945131,0.001338176289573312,0.001025192041415721,0.0009823382198810577
3283,0.0010446542744628256,0.0009997734474018216,0.001025866807748874,0.0009820512723177671
3284,0.001111267832521763,0.0011107819946482777,0.0010280288140599924,0.0009959744188934565
3285,0.0010336310020647942,0.0009516510460525751,0.001028578897472471,0.0009960734652355312
3286,0.0009953104476961825,0.0009077172842808067,0.0010263009916784034,0.0009826959120109676
3287,0.0010204172607821724,0.0008819113508798182,0.0010261145495395693,0.0009846908359788355
3288,0.0010072692384063783,0.0009246129030361772,0.0010262913100110987,0.0009869211790151892
3289,0.0010413760484920607,0.0009173203120008112,0.0010272354132081897,0.000985485396441072
3290,0.001025388032818834,0.0009453573031350971,0.001026836047766523,0.0009821433102712035
3291,0.0010037348771260845,0.0009196538222022354,0.0010270982119668687,0.0009872998394072055
3292,0.0010299693903006199,0.0010195357725024223,0.0010267942462426922,0.0009716799507848916
3293,0.001019034129826145,0.0009554974548518657,0.0010261476524898575,0.0009701162458397448
3294,0.0010138702832369342,0.0009023183328099549,0.0010270362528351446,0.0009762295269407331
3295,0.001055809923240708,0.0010157349752262235,0.001027970280456874,0.0009586407248862088
3296,0.0010660070444767674,0.0012586274836212396,0.0010263022753927444,0.0009538987834937871
3297,0.0010233183220649759,0.0008852602541446685,0.001021415585362249,0.0009481481636874378
3298,0.0010039264825172723,0.0008904349384829402,0.0010213496723108823,0.000953153105545789
3299,0.0010304597946297791,0.0009332815185189247,0.0010236303233438066,0.0009637864867225289
3300,0.0010163490952820413,0.000935795686673373,0.0010245100388199919,0.0009757542875595391
3301,0.0010462617250676784,0.0008911292348057031,0.001026555130066764,0.0009747732426039874
3302,0.0010125081890469624,0.0009338839468546211,0.0010254805831911248,0.0009735957347787917
3303,0.0010110347270448174,0.0010461267782375216,0.001024377963464293,0.0009729223017580807
3304,0.0010239486238505277,0.0008738714200444519,0.0010252569953755786,0.000972037234902382
3305,0.0009996768206150994,0.0009056684048846364,0.0010251985384979183,0.0009661582745611668
3306,0.0010195986913620599,0.001061616218648851,0.0010245947456401256,0.000968697458319366
3307,0.0010444347544883688,0.0008984562382102013,0.001026252994727757,0.0009725013789720834
3308,0.00100295414785958,0.0008812249125912786,0.001027086646720353,0.0009728738315403462
3309,0.00098910058175938,0.0009670164994895459,0.0010252210849171712,0.0009574858570471407
3310,0.0010319831757806242,0.001076774592511356,0.0010255450075595744,0.0009568285666406157
3311,0.0010523267235192989,0.001173551813699305,0.0010274864498111935,0.0009569625353440643
3312,0.0010424101476867993,0.0011811063718050719,0.0010277319251249233,0.0009555267662741244
3313,0.001058396519575682,0.0009000867791473865,0.0010279254778391787,0.0009531898561865092
3314,0.0010145123766010834,0.0008878826163709163,0.0010260517570293613,0.0009583335323259236
3315,0.000997822539648041,0.0009285214776173234,0.001027503741511868,0.000961349827144295
3316,0.0010257106749082191,0.0008975271508097648,0.001028808054379705,0.000956855099182576
3317,0.0010285079683591094,0.000872561763972044,0.0010296159787207013,0.0009578323586843908
3318,0.001003939308381329,0.001018977048806846,0.0010299215678022141,0.0009599354811012745
3319,0.0010553265104277267,0.0009974163491278886,0.0010306150793925755,0.0009533154660835863
3320,0.0010766512230556045,0.0010250462894327939,0.001029235191953679,0.0009562737687490881
3321,0.0010193679993972182,0.000873928121291101,0.0010290527675404317,0.0009576459782198073
3322,0.0010314163881250554,0.0008688279939815402,0.0010295602519168623,0.0009576501482166351
3323,0.0010524625388077563,0.0008937841560691596,0.0010296374021098017,0.0009528654615394772
3324,0.0010365966774730218,0.0008973872917704284,0.001027537032434096,0.0009410471397452058
3325,0.0010211879131384195,0.0008773729344829917,0.0010261774347888099,0.000931721952650696
3326,0.0009994187048222457,0.001019721138291061,0.001024213957041502,0.000931862337049097
3327,0.0010488078011096351,0.0010092913173139096,0.0010236329838633539,0.000933096984308213
3328,0.001043642548740738,0.0009337585791945458,0.0010259755654312256,0.0009337494431994855
3329,0.0010441467323754397,0.000898302907589823,0.001025976165766931,0.0009331346211023629
3330,0.0010073165476529135,0.0009582464653067291,0.0010260663462078406,0.0009375706790946423
3331,0.0010369364811210996,0.0008961158432066441,0.0010253045655580029,0.0009325216349214314
3332,0.001009937568515953,0.0009724138048477471,0.0010238666965729658,0.0009334347929805516
3333,0.000998393537528399,0.000915530149359256,0.001022519235861384,0.0009277626112103461
3334,0.0010017876911701427,0.0009671207494102419,0.0010236483659802212,0.0009303194331005215
3335,0.0010339119306041135,0.0009571574255824089,0.0010244285272330875,0.0009325691834092139
3336,0.000999817481626653,0.0008780937688425183,0.0010237107090755467,0.0009352816112339496
3337,0.0010084202065546478,0.0009479766944423318,0.0010229572225569023,0.0009345858260057866
3338,0.001009309575892985,0.0009035963891074061,0.0010235386292036207,0.000940199073124677
3339,0.0009999880471473768,0.0009187487978488207,0.0010241462718488443,0.0009345965089276433
3340,0.0010563870788448386,0.000944832949899137,0.0010226473285920089,0.0009307414083741606
3341,0.0010257256833008594,0.0008821565983816982,0.001022290328113983,0.0009299094189889729
3342,0.0010307624793818428,0.0009834632137790322,0.0010208517314504004,0.0009294858062639833
3343,0.000984894792135391,0.0008927509444765746,0.0010211513375915173,0.0009266371732577683
3344,0.0010193797858018014,0.0010202453006058932,0.0010200568137638687,0.0009273500416427852
3345,0.0010429647052660584,0.0008832417451776564,0.0010203401455500475,0.000923351596761495
3346,0.0010475962523681423,0.0009378486685454845,0.0010210275627931373,0.00092670985898003
3347,0.0010509204194467101,0.0009250717516988516,0.0010219818557767818,0.0009228119311854244
3348,0.0010345170848692457,0.0009615948516875505,0.0010207685243183127,0.0009346721518784762
3349,0.0010177595145069063,0.0008799926610663534,0.0010228330810709548,0.0009362292358651757
3350,0.0010357230793063838,0.0010177041124552488,0.0010247788324072543,0.0009351598300039769
3351,0.0010146097709528275,0.0008796570333652198,0.0010245677900345372,0.0009404301596805454
3352,0.0010113342196887566,0.0009129138034768403,0.0010248976404623438,0.0009411981713026763
3353,0.0010347175367900895,0.0009129588445648551,0.0010221011862313997,0.000939288652688265
3354,0.0010081818157858732,0.0008877125894650817,0.0010224593268655655,0.0009393985062837602
3355,0.0010148067011808357,0.0008870306401513517,0.0010218681649977548,0.0009397629538550972
3356,0.001009573385429879,0.000913937552832067,0.00102338829060706,0.0009410606560297312
3357,0.001017020863170425,0.0008724526828154922,0.001023078962172278,0.0009350666229613125
3358,0.0010155789686056476,0.0009994867048226297,0.0010243292264381632,0.0009378686537966133
3359,0.0010256450157612562,0.0008696725545451045,0.0010219730776786392,0.0009357950962148608
3360,0.0010035786441423826,0.0012536629429087042,0.0010197185603125641,0.0009376052538864316
3361,0.001051431400442703,0.0009170208685100079,0.0010184996943765632,0.0009339828684926035
3362,0.0010570639899621407,0.0009212415479123592,0.0010188740989348541,0.0009381384958513083
3363,0.001004033516575065,0.001035354631021619,0.0010184762473218144,0.0009355685801245274
3364,0.0010082343078425362,0.0009379490884020925,0.001018155962922093,0.0009388224102556708
3365,0.0009864757230712308,0.0008970949845388532,0.0010188194105505114,0.0009390839824453
3366,0.0010346791991550062,0.0008849029382690788,0.001017142515976189,0.000941850310750306
3367,0.0010159834326865771,0.0009925744030624627,0.0010169009175668988,0.0009452462344430389
3368,0.0010228979323680203,0.0009251934988424182,0.0010182273529263008,0.0009453804843127729
3369,0.001011646574932254,0.0008703944738954305,0.001018282591417018,0.0009434549799188974
3370,0.0010742213119131823,0.0009532925160601736,0.0010181019940827456,0.0009474184083752336
3371,0.0009886925333800415,0.0008860097290016711,0.0010182586936797534,0.0009446764631196858
3372,0.0009945574852948387,0.0009703256934881211,0.0010192942775889403,0.0009542363226413728
3373,0.0010040454364692172,0.0008710352168418467,0.0010191407880952791,0.0009397015423513951
3374,0.0010271196284641821,0.0009838833450339735,0.0010176569073564478,0.0009382867031730713
3375,0.0010257767889803896,0.0009534562192857265,0.0010157653237899973,0.0009390735142864288
3376,0.0010066026609597935,0.0009610027866438031,0.0010154382966665757,0.0009334306191653013
3377,0.0010279204103992216,0.0009194531082175672,0.0010150254705403414,0.0009370257948525251
3378,0.0009927951724320236,0.0009821170521900058,0.001016917276982632,0.0009358689007349313
3379,0.0010021418555536204,0.0009726106817834079,0.0010148381305651534,0.0009408309726975858
3380,0.0010479675851658814,0.0008903868868947029,0.0010134567832160326,0.0009358299890533089
3381,0.001010954347697811,0.000865799942985177,0.00101200960693467,0.0009333183936774729
3382,0.0010125059298136169,0.0009715383942238986,0.0010127874887030988,0.0009350178335793314
3383,0.00101949645853084,0.0009309380734339357,0.001011314925954988,0.0009504580964334306
3384,0.0010515346134909326,0.0011086690425872803,0.0010119095895646348,0.0009510583003051578
3385,0.0009997414068008462,0.0008902934356592595,0.0010116465623697473,0.000948226626496762
3386,0.0010143343819719222,0.0008816498890519142,0.0010122438308265474,0.0009492059797048568
3387,0.0010097744008008805,0.0009409118257462978,0.0010139976472593845,0.0009474895376712083
3388,0.000995857838489529,0.0008942822529934346,0.001014125164324004,0.0009441518812440335
3389,0.0009979136546866762,0.0010278284805826843,0.0010129211297155256,0.0009409431939013302
3390,0.0010337708841284944,0.000868172631599009,0.0010124905912050355,0.0009432030791416765
3391,0.000982700538718038,0.0010089547373354434,0.0010137695950093782,0.000939908705558628
3392,0.0009814497489585646,0.0008675498119555413,0.0010135721882236087,0.0009365971766412259
3393,0.000986718525333951,0.0008624036144465208,0.0010124130118793497,0.0009355628283694386
3394,0.0010310936191429694,0.0009128804714418948,0.0010117113213934418,0.0009365044642239808
3395,0.0010374072432104084,0.0013392990874126554,0.0010123853098549362,0.000935089903138578
3396,0.0010035591236212187,0.0009010148257948458,0.001012050241847626,0.0009338583139702677
3397,0.0009879818054226537,0.0008995338482782245,0.0010105390705737387,0.0009251455890946091
3398,0.00101897714788922,0.0008955190470442176,0.0010125841968434137,0.0009238086774945259
3399,0.0010709650392851067,0.0009409722941927612,0.001012887955431102,0.0009308392347767948
3400,0.0010289647155958745,0.0008700148086063564,0.0010120132038214551,0.0009314003428444267
3401,0.0009765017957478348,0.0008807856030762195,0.0010116729836859221,0.0009343342899344861
3402,0.0010171569476369769,0.000975950239226222,0.001014335287388207,0.0009310072380118073
3403,0.001024770267540589,0.0008997577126137913,0.001014730890545373,0.0009401293349452318
3404,0.0009972066859093806,0.0008898224588483572,0.0010160129458488274,0.0009351978635415436
3405,0.0010189881765594086,0.0008645281801000237,0.0010165469099922726,0.0009381404607556761
3406,0.000993412085550113,0.0008893408393487334,0.0010170108827400124,0.0009395210602320731
3407,0.001029355641350978,0.0009361743670888245,0.001014918878607245,0.0009391499319113791
3408,0.0010111197583480842,0.0009001483442261816,0.0010128359065753303,0.0009231963832862676
3409,0.0010137553316437536,0.0008908509206958115,0.0010146289992715336,0.0009226111687719821
3410,0.0010508695635427204,0.0008568706456571817,0.0010163280066464925,0.0009211001254618167
3411,0.0010219283466641274,0.0010574138211086393,0.0010164815916110658,0.0009275960586965084
3412,0.000987905610559715,0.0009549395274370909,0.0010137422562525092,0.0009247993001714349
3413,0.0009873523351012004,0.0009676309302449227,0.0010124848447688338,0.0009253219190053641
3414,0.0010644712472437983,0.0009446521825157106,0.0010129165846854448,0.0009254928668960929
3415,0.001043660963057644,0.0010962250549346208,0.0010113177710264507,0.0009215922765433788
3416,0.0010147519213043982,0.0008856679522432387,0.0010103261869918142,0.0009202413813211024
3417,0.0009947988525446918,0.0009411147423088551,0.0010105710640083997,0.0009290088390000165
3418,0.0009983178440274463,0.0008969186013564468,0.0010128474572932138,0.0009353849736973643
3419,0.0009787935158237814,0.0009036022634245455,0.0010133268213468704,0.0009360478725284338
3420,0.0009853329424125454,0.0009404603717848659,0.0010138285216099272,0.0009354303297586738
3421,0.001048386441026297,0.0008863844629377126,0.0010131554959186661,0.0009349875765852629
3422,0.0010304569897966252,0.0008617577655240893,0.0010125716207497236,0.0009340707153081894
3423,0.0010228167720035546,0.001057917377911508,0.001010508801575957,0.0009399784873239695
3424,0.0010024816553211875,0.0008710533310659229,0.001009820016902975,0.0009356294288299978
3425,0.0009975294285039934,0.0008830802794545889,0.0010115722440338384,0.00093825814248994
3426,0.000987295293663111,0.0008850593003444374,0.0010123088386271978,0.0009346273614093661
3427,0.0009771866061621243,0.0008784354804083705,0.0010094456853138077,0.0009314375446178019
3428,0.0009999806666746735,0.00086598533205688,0.0010086775655237339,0.0009253381536342204
3429,0.001003328611324024,0.001109008900821209,0.001008748338945831,0.0009249245923012495
3430,0.0010758980086797642,0.0010239315475337207,0.001007927291876533,0.0009242853989824652
3431,0.0010053961868915294,0.0009059133101254702,0.001008641302352771,0.000923276099190116
3432,0.0010418981479273903,0.0009207357978448272,0.0010094926652446804,0.0009278059198521078
3433,0.000994294116066562,0.0008890795148909092,0.001010217790848886,0.000926548351161182
3434,0.000999158452420185,0.0008679293887689709,0.001009453370437647,0.0009279118891805412
3435,0.0009992990841985576,0.001004564946051687,0.0010075178889816419,0.0009349848215468229
3436,0.0010047087298395733,0.0009486873587593437,0.0010075718613703631,0.0009306600802578034
3437,0.0010317112888313003,0.0010206573689356445,0.0010087105225409483,0.0009316500330343844
3438,0.0010057671999351846,0.0008768614032305777,0.0010081465106405731,0.0009318375158123673
3439,0.0009928924144090464,0.0008649067627266049,0.001009015650783355,0.0009338406775146724
3440,0.0010244579683057963,0.0009437402803450823,0.0010091613929925692,0.0009347249365411701
3441,0.0010165212568568273,0.0008753289189189673,0.0010087675744253728,0.0009360414708033205
3442,0.0009742726758122444,0.0009251349093392492,0.0010123884194478806,0.0009275356771424412
3443,0.0010161681059334014,0.0008716861065477132,0.001008860982876892,0.0009223790098913014
3444,0.0010000775881215103,0.0010168477799743414,0.0010085469605866822,0.0009254035954363645
3445,0.0010034610825176869,0.0009090211545117199,0.0010064542008098216,0.000927204188145697
3446,0.0010292759307453203,0.0009204729134216905,0.0010069218038943496,0.0009293646996840835
3447,0.0009820699533965025,0.001038581074681133,0.0010075904437599498,0.0009289485516026615
3448,0.0010241660817215841,0.0009497988456860185,0.0010079700997047542,0.0009245913284830749
3449,0.0010309481845858196,0.0008958021504804492,0.0010076891819066885,0.0009212353270500899
3450,0.0009834291309946113,0.0008877673489041626,0.0010070090613690102,0.0009155400065705181
3451,0.0010090237972326577,0.0009351383429020643,0.001008471444171543,0.0009150018901564182
3452,0.0009808301613924819,0.0009005419560708106,0.0010080717023462059,0.0009154280168004336
3453,0.0009901352024947604,0.0008988986886106432,0.0010071929402856363,0.0009150796732865274
3454,0.0010938497368867199,0.0008963640592992305,0.0010061039378400892,0.0009161425058729948
3455,0.0009877120944050452,0.0008950148662552238,0.0010070534414353056,0.0009154921101406217
3456,0.0009975456296362811,0.0009815279487520457,0.0010057622044812888,0.0009158326843753459
3457,0.0009895791535058783,0.0009657506155781448,0.0010058708735896894,0.0009134371123276652
3458,0.0010059841931797564,0.0009430923033505678,0.0010049693392537946,0.0009117947822436692
3459,0.001015874449060195,0.0008575256867334246,0.0010037763847089887,0.0009112855330109598
3460,0.0010087904828186664,0.0008956343680620193,0.001003725590644818,0.0009062784126028419
3461,0.0009976857848879364,0.0008647873229347169,0.0010035371979543318,0.0009059229027479888
3462,0.0010147082753893403,0.0008782743569463492,0.0010023052377885,0.0009103186910972
3463,0.001042326769998504,0.0008634084928780795,0.0010030743507823594,0.0009089849897660316
3464,0.0009828988687756162,0.0008755599288269877,0.0010018480964988055,0.000907660494465381
3465,0.0010024889167915617,0.0009350316924974322,0.001002215228209065,0.000909671444259584
3466,0.0009892961957181493,0.0009018997335806489,0.0010032428541220727,0.0009098232538439333
3467,0.0009980102656926546,0.0009088750160299242,0.0010022780194826838,0.0009083643587306142
3468,0.0009838871820829808,0.0008802004624158144,0.0010032804579939694,0.0009071394613943994
3469,0.0010027943158315287,0.000956958478782326,0.0010038981294621609,0.0009062600875273347
3470,0.0009809227241203188,0.0008679629024118185,0.00100394185962052,0.0009054765281267462
3471,0.0009994520671251748,0.0009077416826039552,0.001003771096907763,0.0009070607273839413
3472,0.0009808001017922328,0.0009134030644781888,0.0010045224476243474,0.0009102772862650454
3473,0.0010194562644594246,0.0009409110993146896,0.0010033869426852712,0.0009153722072951495
3474,0.0010001491804400252,0.0010056968592107296,0.0010033861210517999,0.0009166087467223406
3475,0.001002656955841101,0.0008544248156249523,0.0010031544304401098,0.0009171558493748307
3476,0.000978367440143807,0.0009020259603857994,0.0010014154212808029,0.0009251858374103903
3477,0.0009900084541489681,0.0009508157009258866,0.0010016240798609538,0.0009267252227291464
3478,0.0010158258503199452,0.000902693928219378,0.0010026694601660388,0.0009381625562906265
3479,0.0010697288709020036,0.0008598916814662516,0.001003223406435508,0.0009369681177660823
3480,0.001012773057187183,0.0008643924328498542,0.0010024299535538175,0.0009411645795218646
3481,0.001012987416341073,0.0009595436020754278,0.001003679737629783,0.0009411535322666168
3482,0.0009906724074648487,0.0009461616305634379,0.0010054388108508042,0.0009433192412368953
3483,0.0010017151253608365,0.0009826972847804428,0.0010062559961806984,0.0009433137800544501
3484,0.0010346582169748016,0.0009379396587610245,0.0010054887829555406,0.0009424980595707893
3485,0.000980402859341767,0.0010230073938146233,0.0010061094528064133,0.0009440256831236184
3486,0.000997665244051152,0.0008957008086144925,0.001005829631495807,0.0009428004425950348
3487,0.0010089160100970832,0.0008919519232586026,0.0010069434503248583,0.0009401796936057507
3488,0.000998851541015837,0.0010641581937670707,0.001006951897710355,0.000964296185132116
3489,0.0009881153332793877,0.0009140445617958903,0.0010093159629497677,0.0009674909922294319
3490,0.0010286234244186844,0.0012209650315344333,0.0010106111507397146,0.0009742298753000796
3491,0.0010031448524548776,0.0008720387704670429,0.001010749020256723,0.0009722250173799694
3492,0.0009781739436503913,0.0010137865599244833,0.001007255312200222,0.0009730093521997332
3493,0.001015131783982118,0.0008799242810346186,0.0010071399649294714,0.0009746658231131732
3494,0.0010467711463570594,0.0010111012030392884,0.001006321184337139,0.0009708937892690301
3495,0.0010013523573676746,0.0008678263728506863,0.0010062827092388437,0.0009691910454072058
3496,0.0009802717364962316,0.0008873486705124378,0.001005218219420769,0.0009686887805350124
3497,0.0009963168480640484,0.0009515936532989145,0.0010058317667028557,0.0009653517686761914
3498,0.0010124607316942679,0.0009102800861001015,0.001007154593932339,0.0009612952693365514
3499,0.0010279946511663083,0.0009401781344786286,0.0010065192345478054,0.0009605779772624371
3500,0.001002868140478515,0.0014573371037840844,0.0010076735402405677,0.0009604407689534125
3501,0.00103746907112913,0.000981896137818694,0.001008431415182228,0.0009528730914928017
3502,0.0010223881488976379,0.0011192877776920796,0.0010076386908327954,0.000953998963627964
3503,0.0010192725882451567,0.0008525724802166223,0.0010056450135048686,0.000939885574299842
3504,0.000982386169489473,0.0008795000519603491,0.0010050179925307425,0.0009415533384308217
3505,0.0010098893754184246,0.0009058042056858539,0.0010063877540614663,0.0009359911898151039
3506,0.0009925179015327658,0.0008652427559718489,0.001005871320109711,0.0009381467617116868
3507,0.000989710530007465,0.000903593034017831,0.0010052183005001603,0.0009334027386270463
3508,0.0009751028799089707,0.0009701406629756093,0.0010064730100307821,0.0009401708830147982
3509,0.0010499968990269634,0.0008545143622905016,0.0010073376688873397,0.0009386554272845387
3510,0.0010134735400788486,0.0009215949103236198,0.0010068863587531574,0.0009358990734443069
3511,0.000981781259437816,0.0008777685067616403,0.001005982687114738,0.0009357615754008293
3512,0.0010377736524161366,0.0008885217155329883,0.001003724753083144,0.0009376572921872139
3513,0.0010177984145573443,0.0008749662572517991,0.0010033715143204771,0.0009191015440039337
3514,0.0009682972245435748,0.0009421913651749492,0.0010021978245867004,0.0009171894979663193
3515,0.0009787814912205148,0.0008681302983313799,0.0010012203541403223,0.0009068908525630832
3516,0.0009874693281017243,0.0009137328737415373,0.0010001207956759673,0.0009097936840727925
3517,0.0010124179819184873,0.0008747328445315361,0.0010004831834929063,0.0009091117196716367
3518,0.0010022209351882338,0.0009338135784491896,0.0010002711359851269,0.0009076277857646346
3519,0.0010304456561182937,0.000892500625923276,0.0009995751303749987,0.0009075635257177054
3520,0.0010327200956332188,0.0010370299825444818,0.000999588583334763,0.0009096074637956917
3521,0.0010018882079101685,0.0008494622772559524,0.0010022645543872688,0.0009047818086110055
3522,0.000985034094709489,0.000882684807293117,0.0010006127242283482,0.0009098545716144144
3523,0.0009898689407337872,0.0009068426350131631,0.0009997302998762784,0.0009139871926046908
3524,0.0009715463003764549,0.0009875710541382432,0.0009999078846614185,0.000915058222785592
3525,0.0009940371714118454,0.0009934433992020786,0.0009972436827788542,0.0009147086309269069
3526,0.0010081268277847104,0.0009340949868783355,0.0009963384522513176,0.0009142306461930273
3527,0.000997951387738188,0.0008618216426111758,0.0009980492954530442,0.0009153688296675682
3528,0.0009917836266362832,0.0009251432679593563,0.0009980209201522585,0.0009161898504011333
3529,0.0009914458649129504,0.0008624509419314563,0.0009972347780492984,0.0009138635694980621
3530,0.001004588187723938,0.0008687058580107987,0.0009972587756657352,0.0009133300740271806
3531,0.0009751177612795597,0.000863636254798621,0.0009970104654888727,0.0009121805420145392
3532,0.0009900468540015733,0.0009546914859674871,0.0009949437891495314,0.0009116286081261931
3533,0.0010420021562216183,0.0008494992833584547,0.0009933065644206688,0.0009058620217256247
3534,0.0010087011450539446,0.0009813334373757242,0.0009931768791129193,0.0009066466347314418
3535,0.000991412931277106,0.0010249104350805282,0.0009936956494011814,0.0009056096136569976
3536,0.0009862208790663216,0.0009045442612841725,0.0009944789070325595,0.0009042011501267553
3537,0.0009711686053520275,0.0008797819190658629,0.000996380834405621,0.0009050447139889002
3538,0.000995167651368926,0.00086301663890481,0.0009968533888148766,0.000901736659836024
3539,0.0010110683045867416,0.000970645952038467,0.0009959399858179194,0.0008993003399111331
3540,0.0009780721087008714,0.0008886558166705072,0.0009968245898476908,0.0009019350696355106
3541,0.0009678157755277224,0.0008555758511647582,0.0009964894016583762,0.0008999536098912358
3542,0.001013017922329406,0.0008613954577594995,0.0009967392314949798,0.0009014587854035198
3543,0.0009960131807666686,0.000905075278133154,0.0009962915404803222,0.0009007672214880585
3544,0.0009787787476347553,0.000878702278714627,0.0009971082178047961,0.0009050058079883455
3545,0.0009917894774116576,0.0008928653225302696,0.0009990219220881247,0.0009007590270601212
3546,0.0009986460752164324,0.0008690776024013757,0.000997396392763282,0.0009029202292673288
3547,0.0009980033519160416,0.0008567592804320156,0.0009974189376665487,0.000902464688476175
3548,0.001009450381518238,0.000871631046757102,0.0009971536452675032,0.0008976633058860897
3549,0.0010190944847029944,0.001008660150691867,0.0009973030179325076,0.0008977443543262779
3550,0.001005851031643235,0.0009107420453801751,0.0009994137153546846,0.000899427393078804
3551,0.000985291752860778,0.0008731869887560606,0.0009997615829368848,0.0008989049755036831
3552,0.001020066488482472,0.0009276898857206107,0.000998312888817034,0.0009071024117991328
3553,0.0009834039219034215,0.0008756067743524909,0.0010008425338142034,0.0009066821681335569
3554,0.000997691610828042,0.0009000803297385574,0.0010031604813153132,0.0009067170329391957
3555,0.0009933959123575025,0.0008514167601242662,0.0010028682099396569,0.0009066508382558822
3556,0.0009955346943914063,0.0009696009173057973,0.0010017331717794553,0.0009062647879123686
3557,0.0010378894610847864,0.000848521962761879,0.0010042317657265813,0.0009094957233406602
3558,0.0010013639231005477,0.0009035293385386467,0.00100580909704893,0.0009191768170334398
3559,0.0010092647676356137,0.0009699449175968767,0.0010058502906364285,0.0009315381146036087
3560,0.0009847806213009688,0.0009048758703283966,0.001006402618639792,0.0009324592701159417
3561,0.0009899551956914366,0.0009065704722888767,0.0010070011635155728,0.0009318625870160756
3562,0.0010239360409064425,0.000921857887879014,0.0010060021026111726,0.0009315558779984712
3563,0.0010038643409239335,0.0008499561995267868,0.0010062988907460952,0.0009333014976233242
3564,0.0009748509515904718,0.0011755818594247102,0.0010063323240985887,0.000933090654760599
3565,0.0010413132336301108,0.0008781497250311077,0.0010048856791471028,0.000934208987932652
3566,0.001025764463055465,0.0008564474713057279,0.001005789802984024,0.00093721602326259
3567,0.0010057111379380027,0.0008597405906766654,0.0010048794580985688,0.0009385804970748723
3568,0.0009676372267616291,0.0008954240195453167,0.0010049539199098946,0.0009390338254161178
3569,0.0010412435963129004,0.000959475664421916,0.0010039820654472956,0.0009345282681286335
3570,0.001031222760470377,0.0011348926648497581,0.0010026376328586292,0.0009353883064351975
3571,0.0009996759149038957,0.0011781100416556,0.0010020340924668644,0.0009368638733401894
3572,0.0010118115520001286,0.0008797881682403386,0.0010010500360073315,0.0009359680272638798
3573,0.0010244140034127566,0.0008567139692604542,0.0010020764299771853,0.0009343670504167676
3574,0.000994117962092989,0.0010009924252517522,0.0010046059003203278,0.0009328714364208281
3575,0.0010132707350162997,0.0009543825360015034,0.0010021071717143059,0.0009317485849373043
3576,0.0009861275866731173,0.0008679159171879291,0.001001254133616264,0.0009336041797883808
3577,0.0009839003646953239,0.0009556482150219381,0.0010037119876955532,0.0009219865647144615
3578,0.0010060070178264545,0.0009507826576009393,0.0010016620594335513,0.0009212000987492502
3579,0.0009749329886916611,0.0009341921750456094,0.0009995321084072608,0.0009214077361859381
3580,0.0009952574576406429,0.0008627499686554074,0.000999304103680576,0.0009261829256080092
3581,0.0009712383328264372,0.0008569619851186872,0.0010002325280414274,0.0009246461332775652
3582,0.0010042786463681196,0.0008700229204259813,0.000998169992496777,0.0009277658909559249
3583,0.0009862754133064299,0.0009404185111634433,0.0009973201404687847,0.000916367642674595
3584,0.0009846633561472926,0.0009475487656891346,0.0009967314070970235,0.000912860019505024
3585,0.0010104404705473119,0.0008648514491505921,0.0009964265133823372,0.0009176986566744744
3586,0.0010531919542700052,0.0008691801223903895,0.000994383729606246,0.0009201672356575726
3587,0.0009614678257558909,0.0008937866007909179,0.0009943525791012992,0.0009187401548959314
3588,0.0009825383884728782,0.0008963460708037019,0.0009942769638624873,0.0009183789447881281
3589,0.001036297303572711,0.0008851414825767279,0.0009938827610833365,0.0009188166528940201
3590,0.0009900650270800624,0.0008584880759008229,0.0009949655470283083,0.000914419855643064
3591,0.0009725156873981986,0.0008616384072229266,0.0009931227962020786,0.0009110976775176824
3592,0.0010000110197708838,0.0009791203262284399,0.0009924764886343233,0.0009090435988269748
3593,0.0009908478357829153,0.0008570042112842202,0.0009924896645256216,0.0009116596531122924
3594,0.0009896802076966398,0.0010374696063809097,0.0009936650836685052,0.0009147199638187887
3595,0.001009976459770567,0.0008499364578165114,0.000993147526965994,0.0009164469516836108
3596,0.000984957580609868,0.001090419462416321,0.000993992279852844,0.0009141970384866
3597,0.0010041892091329726,0.0010007540974766016,0.000993637062345321,0.0009101711180061103
3598,0.0009733444090104765,0.0009184284438379109,0.0009928490480149374,0.0009095107418484987
3599,0.0009933391994693213,0.0009653154062107206,0.0009892774576166024,0.0009095802477560939
3600,0.0010113803540459938,0.0009453522833064199,0.0009914628449982652,0.0009076134623959661
3601,0.0009762725171943505,0.0008788586198352277,0.000991517499446248,0.0009182107152417302
3602,0.0010109700133196181,0.0008457282837480306,0.00099184623121077,0.0009182291092351078
3603,0.0009599382471707132,0.0008677282044664025,0.0009919156630264802,0.0009176746669225395
3604,0.0009587752994977765,0.0008828402077779173,0.0009919973468252767,0.0009222475647926332
3605,0.0009955868549231025,0.0009281513257883489,0.0009923125518123722,0.0009169361900538206
3606,0.0010006238113985293,0.0009334697527810931,0.0009917086995258513,0.000918744271248579
3607,0.00099133972880534,0.000913197617046535,0.000991630788390628,0.0009188117143698037
3608,0.0010073942354776792,0.0008841706812381745,0.000992029907476778,0.0009220515634864568
3609,0.0009757829184592184,0.0008469007536768913,0.0009913693364864836,0.0009127021331340074
3610,0.0009907401122877168,0.0008483420452103018,0.0009901704755973899,0.000909395985212177
3611,0.0009639021943116353,0.0008709177700802683,0.000990101820266702,0.0009061088830232618
3612,0.001016102510297464,0.0008446169667877257,0.000989653659896511,0.0009011837858706711
3613,0.000983904749672446,0.0011612773919478059,0.0009889139299850084,0.0008989912278950212
3614,0.0010445155976857576,0.00088560133241117,0.0009905700351370292,0.0009036251694895326
3615,0.0009918008224728207,0.0008446270180866122,0.0009889082928964247,0.0009112998680211601
3616,0.0009745577823681136,0.0009759608539752663,0.0009920190148107293,0.0009122369890101253
3617,0.0010078911444482703,0.0008463359577581286,0.0009931752470994574,0.0009179748320020735
3618,0.0009757515286198921,0.0009022062411531806,0.0009928487736680027,0.0009156226724386217
3619,0.0009877324293160604,0.0010391556844115257,0.0009926834415489186,0.0009129304461181164
3620,0.0010199544369243086,0.0009309326857328415,0.0009920303037338372,0.0009104897109791636
3621,0.0009684433058525125,0.0008566837036050857,0.0009925753565349926,0.0009092686986550689
3622,0.0009742176869056292,0.0009181003994308412,0.0009930439272015873,0.000909857291635126
3623,0.0009716280257432825,0.0008362508891150356,0.0009933183178874767,0.0009124831385910514
3624,0.0009821351902145478,0.0008421879773959517,0.0009940963679251984,0.0009195544349029661
3625,0.0009928871062584222,0.000890538333915174,0.000993054313890429,0.0009193897400982679
3626,0.0010176751459948718,0.0009947071596980094,0.0009920673225851109,0.0009066430350765586
3627,0.0009694264573045075,0.001037595747038722,0.0009883477936964483,0.0009056526635773479
3628,0.0010377062950283288,0.0008911562291905284,0.0009881062285302,0.0009100950020365417
3629,0.0009876811067159805,0.0010262862825766205,0.0009885041288462365,0.0009052581736817955
3630,0.0009874250191367335,0.0008693473367020488,0.0009887021457310767,0.0009089268561452625
3631,0.0009964905084214276,0.0008661640947684646,0.0009897790159047062,0.0009062670601531861
3632,0.0009750112834283047,0.0008521792385727167,0.0009888801202540183,0.0009003957467153666
3633,0.0010210205555065638,0.0008536453731358051,0.000987480920030632,0.0008966713164933025
3634,0.0009874971851240844,0.0008616155781783164,0.0009887442321516572,0.0008958111775107682
3635,0.000997599879434953,0.0009139882191084325,0.0009884818917036884,0.0008984139777719974
3636,0.00098335344525468,0.0010477001778781414,0.0009911297383718193,0.0009076765788719058
3637,0.0009900511594282257,0.0008404995966702699,0.000991243560053408,0.0009078343327157199
3638,0.0009592299670394923,0.0008426097664050758,0.0009909948449788823,0.0009066523187793792
3639,0.0009515273754691912,0.0008608420449309051,0.000989968812227663,0.0009008925573900342
3640,0.0009857616933166152,0.0009556854795664549,0.0009901982149937087,0.0008951285100542008
3641,0.0009845052902690238,0.0008550401451066136,0.000987604218421297,0.0008944661636836827
3642,0.0010128415665692752,0.0009380530193448067,0.0009871189024195904,0.0008869972708635032
3643,0.0010026732829606368,0.0008357113413512706,0.00098718705639864,0.0008866593660786748
3644,0.0009652600380488568,0.0008923728484660387,0.0009856600756446522,0.0008940890665166079
3645,0.0009849744313396513,0.0008378219301812351,0.0009871594024408196,0.0008959591927938162
3646,0.0010000261088781472,0.0008351802290417254,0.0009867747200756436,0.000895598325598985
3647,0.0009676591757064064,0.0009831704059615732,0.0009869882927534897,0.0008967854737304151
3648,0.001037824192446553,0.0010678159166127444,0.000986602410575789,0.0008970339752733707
3649,0.0009849807322542701,0.0008461318234913051,0.0009867097796096157,0.0008895525937899948
3650,0.0009866692293952737,0.0008609879855066538,0.0009877013985947188,0.0009057770662009715
3651,0.0009920243272143934,0.0008507131249643862,0.0009892859844853065,0.0009055174383334815
3652,0.0009751615264556474,0.0008934945636428893,0.0009905988239424508,0.0009046054641716181
3653,0.0009728563807180358,0.0008745975699275732,0.000991829103909226,0.0009021700852550564
3654,0.0009755482066733142,0.000839563962072134,0.000992667570653268,0.0009080508433282374
3655,0.0009891288686129781,0.0008608997170813381,0.0009945544543313895,0.0009088776749558745
3656,0.000958315989571727,0.0010519066057167947,0.0009929461251892563,0.0009092457314021884
3657,0.0010124944533324903,0.000898932395502925,0.0009939346899433682,0.0009155191247351466
3658,0.0010114034963771702,0.0008446236932650209,0.0009948796507126341,0.0009156864752992986
3659,0.0009928365020702283,0.0008912942814640701,0.0009938816881738604,0.0009222819506190716
3660,0.0009879528249924381,0.0009202007576823235,0.0009945386631000374,0.0009175135849975048
3661,0.0009860376711003482,0.0008606656407937407,0.0009910623425488465,0.0009222145254723727
3662,0.0010148416340558066,0.0012461114069446922,0.0009907946776055421,0.0009216373212635517
3663,0.0009988446143041883,0.0008361190697178245,0.0009893933259649203,0.0009214757140725851
3664,0.0009843483618977996,0.000838042690884322,0.0009897127514368752,0.0009227939623408019
3665,0.0010165186924859881,0.0008948010066524148,0.0009915601317330989,0.0009231820382177829
3666,0.0010054669588700764,0.0010020590969361364,0.0009925021987330792,0.0009228774345479905
3667,0.001060013658522318,0.0009587238100357354,0.000992043817583989,0.0009242986476048827
3668,0.0009624650544073019,0.0008449127525091172,0.0009918134032671031,0.0009233154716901483
3669,0.0009899741569016542,0.0010492076817899942,0.0009918855002693215,0.0009147007430903614
3670,0.0010085984505712987,0.0008420056942850351,0.0009891777419097103,0.0009122618699446321
3671,0.0009750770454088019,0.0010000671120360494,0.0009868241406692608,0.000913654913008213
3672,0.0009840835488608313,0.0008639612654224038,0.000985167626832198,0.000912069999985397
3673,0.0009509161786667796,0.0011853394284844399,0.0009852228018274118,0.0009093079692684113
3674,0.000978289108671662,0.0008317017182707787,0.0009853873257240696,0.0009111600388772786
3675,0.0009516354383797282,0.0008569478057324886,0.000985133035411127,0.0008947312532924115
3676,0.0010000099640132653,0.0008836693316698074,0.0009846445212166547,0.0008985710757784543
3677,0.0010213460338612398,0.0009031964605674147,0.0009861381844746776,0.0009008810550905763
3678,0.0009964080557175394,0.0008669824781827629,0.0009842575952126126,0.0008989566990174351
3679,0.0009640886779460642,0.000875094288494438,0.0009823746531296312,0.0008929019980132578
3680,0.0009833685106908283,0.0008363203192129731,0.0009789038288122453,0.0008915616409853099
3681,0.0009601184146271812,0.0008365383907221257,0.0009809358870326024,0.0008937862071208654
3682,0.0009448004943422145,0.0008379605668596923,0.0009806648960569873,0.0008911673170514402
3683,0.0009525634653659331,0.0008794497698545456,0.000978877682572541,0.0008926835373044012
3684,0.000951423656143662,0.0008516714558936655,0.00097798266796033,0.000888028243370354
3685,0.0009893321998727818,0.0008511499897576869,0.0009803661933815522,0.000888323726505041
3686,0.0009901507685167923,0.00090696738101542,0.0009813240697245217,0.0008750521037727593
3687,0.0010084843762322433,0.0008353917673230171,0.000980968909477815,0.0008769363261759281
3688,0.000986631759442389,0.0009321146318688988,0.0009827329758089036,0.0008835423678159713
3689,0.001021689943348368,0.0008957921736873686,0.0009815249277640963,0.0008814448932185769
3690,0.0009695039609343641,0.0008466921048238873,0.000982219523558807,0.0008789417607709765
3691,0.0009583934067955447,0.0008506915718317032,0.000981484420069804,0.0008774314899928868
3692,0.000973243050587674,0.0009252148843370378,0.0009834451040460007,0.0008756064061075449
3693,0.0010132665099162194,0.0009005269058980047,0.0009829766587457723,0.0008798661306500434
3694,0.000983199382511278,0.0009837354300543666,0.0009835853209822544,0.0008803249537944793
3695,0.0009639181134601434,0.0008799112006090582,0.0009840934160682893,0.0008806761268526315
3696,0.0009527016801035239,0.0008836847636848688,0.0009848988363105392,0.0008836960109882057
3697,0.0010436716843913827,0.0008713483437895775,0.0009845757479365503,0.0008852516786195338
3698,0.0009748630872410205,0.0008535488601773977,0.0009857271824859914,0.0008922118237242103
3699,0.0009694101025039951,0.0008788072783499956,0.0009858092306595711,0.0009056567410007119
3700,0.0009957370966569418,0.0010220988467335701,0.0009846650546520123,0.000905490523763001
3701,0.0009698087628930807,0.0008312324667349457,0.0009835104031074378,0.0009085533149540425
3702,0.001038710928729011,0.0008406181493774056,0.0009817511261647775,0.0009060986461117864
3703,0.0009780304684924583,0.0008292257087305188,0.0009805257063669464,0.0009075820866040884
3704,0.0010131057773509788,0.0008294671913608909,0.0009828004710583226,0.0009084139239042996
3705,0.0009716573781851266,0.0009428134327754378,0.000982890125891815,0.000905407931562513
3706,0.0009753349705392287,0.0008480089693330228,0.0009805554698945748,0.0009032907312735914
3707,0.0009575028714930846,0.0008467398933134973,0.0009796305580168135,0.000897095332108438
3708,0.0009726989714221822,0.0009549468732438981,0.00097910294574168,0.0008954707973636686
3709,0.0009433464467939404,0.0008905631466768682,0.0009793139084863167,0.0008981201521120964
3710,0.0010181180636088054,0.001025153617374599,0.0009769806550919183,0.0008988058292306959
3711,0.0009922019728562897,0.0012430903129279614,0.0009771502549449603,0.0008984374418854711
3712,0.0009798799760432706,0.0008312363363802433,0.0009776676609077387,0.0009005427128635344
3713,0.0009577654708280332,0.0010086844116449355,0.0009758854593978159,0.0008958326369524001
3714,0.0009777080197818577,0.0008344254526309669,0.0009761685331455536,0.0009029197087511419
3715,0.0009388684659885863,0.0008837781171314418,0.0009738913753380379,0.0009034630053676666
3716,0.0010152625240799453,0.000871487504336983,0.0009737197161445187,0.0009075220298953356
3717,0.0009754844214249816,0.0008500650757923723,0.0009727665838371549,0.0009078148986212909
3718,0.0009549001099852224,0.0008475968986749649,0.0009725720109004114,0.0009058711205609143
3719,0.0009600765855672459,0.000828850450925529,0.0009718614848330618,0.0009064073525369169
3720,0.0009507278065818051,0.0008392978319898248,0.0009718526513833141,0.0009113870236091317
3721,0.0009579757487194405,0.0009499186323955655,0.0009721461333644887,0.0009068238109350205
3722,0.0009853403495314222,0.0008884902717545629,0.0009732235239301293,0.0009056356028653683
3723,0.000979103083567073,0.0008443391765467822,0.0009704098987548303,0.0009003309403546156
3724,0.0009823452515734566,0.0009314390528015792,0.000969314217914103,0.0008881622262299063
3725,0.0009511820589088732,0.000904346948955208,0.0009707685703308218,0.0008920130588114261
3726,0.0009768856065865191,0.0010084092617034912,0.0009715124909869499,0.0008858334330841899
3727,0.0009817819835411178,0.0008542005647905171,0.000971918322942737,0.0008861696510575712
3728,0.000973738988654481,0.0009307013219222427,0.0009731820185565287,0.0008857146639376879
3729,0.0009892774696668818,0.000836788909509778,0.0009719459473155438,0.0008870563017204404
3730,0.000966793054766539,0.0008942189812660217,0.0009706688636913894,0.0008864884262904525
3731,0.0009575718188554876,0.0008614147687330841,0.0009709766366105113,0.00089409021679312
3732,0.0009572820352493889,0.0009712316701188683,0.0009718900945244564,0.00089432931849733
3733,0.0009800360209515524,0.0008408665563911199,0.0009732703730877903,0.0008943973974324763
3734,0.0009702812109349502,0.0008608579449355603,0.000977409215312865,0.0009012376816011966
3735,0.0009477774342263324,0.000892537054605782,0.0009792209944791267,0.0009027345173992218
3736,0.0009648099518381059,0.0009388724598102271,0.000978997193928808,0.0009028559430502355
3737,0.0010162387864612458,0.0009275071509182453,0.0009790347974023058,0.0009105099774897099
3738,0.0009763634872312347,0.0008541937684640288,0.0009808947845362126,0.0009130851713009179
3739,0.000987853818676538,0.000842830901965499,0.000980699700789733,0.0009057528375647961
3740,0.000970460856333375,0.0008724034391343594,0.000979790461767051,0.0009061623794026672
3741,0.000984360743055327,0.0009050284489057958,0.0009800175921163624,0.0009024120264686643
3742,0.0009435573308211233,0.0008358681900426746,0.0009784593038157457,0.0009037711839191616
3743,0.0009625944329632653,0.0010376416612416506,0.000978301812501417,0.0009113575723022223
3744,0.0009829130334158738,0.0008348279935307801,0.0009790969510666196,0.0009099313019774856
3745,0.0009852347706651521,0.0008409998053684831,0.0009790354290459718,0.0009109967556782067
3746,0.0010614468043463098,0.0011209257366135716,0.0009784677430469957,0.0009110129437409342
3747,0.001030634828687956,0.0009259111667051912,0.0009777307319247888,0.0009143133643083274
3748,0.0009735080698091123,0.0008473748178221285,0.0009781710411680654,0.0009132697148248554
3749,0.0009832853384109006,0.0011227899137884378,0.0009775900694800332,0.0009106928558088838
3750,0.0009976817372565469,0.0009687267942354083,0.000975151844498598,0.0009068269365467131
3751,0.0009720085129245288,0.0008251009183004498,0.0009762925437237654,0.0009100694098509848
3752,0.000959051007974065,0.000864439110737294,0.0009754409265859675,0.0009096523634158073
3753,0.0009794172473872702,0.0008369424985721708,0.0009742917281937682,0.0009120354574173687
3754,0.0009503202621514599,0.0008707678457722068,0.0009736717571556156,0.0009104482055641709
3755,0.0009628557719083296,0.0010838786908425391,0.0009752372674695735,0.0009117607712745665
3756,0.0009774502829855516,0.0008257580106146633,0.0009748153967627637,0.0009090081600472331
3757,0.0009557439847331908,0.0009978680126369,0.000973918436141685,0.0009104167451150715
3758,0.0009658438709771467,0.0008412712579593062,0.0009736616695765409,0.0009181767834350466
3759,0.0009518559328797791,0.0009433684591203928,0.0009704293316074961,0.0009112898858264088
3760,0.0009587851653082504,0.0008664458175189794,0.0009673328569624575,0.0009077863512560723
3761,0.0009502856596373022,0.0008744509844109416,0.0009668703526413692,0.0009072076946496962
3762,0.0009552831619253589,0.0008308591693639755,0.0009660954792518171,0.0008968371262773869
3763,0.0010048809678604206,0.0009352556010708213,0.0009644055299098709,0.000892329999618232
3764,0.0009665633902315879,0.0008324047410860658,0.0009636820088502849,0.0008947388406842945
3765,0.0009417308965283963,0.0009319807891733944,0.0009635034068642805,0.0009012356226332485
3766,0.0009688614671015078,0.0008653471525758505,0.0009634589342969574,0.0009059942851774392
3767,0.0009826950886700717,0.0008686823328025639,0.00096444856424609,0.000904481792077422
3768,0.000952047665293018,0.000968826380558312,0.0009643152520784902,0.0008941214402206241
3769,0.0009604890178889036,0.0008700426202267409,0.0009634184803192815,0.0008965498812496661
3770,0.0009788156065365507,0.0010350007633678614,0.0009635829233771398,0.0008905342316254971
3771,0.0009806383551201887,0.0009487532963976264,0.000962418519291613,0.0008922162744216619
3772,0.0009532229625619948,0.0008383228024467826,0.000962176906483041,0.0008883694303221998
3773,0.0009619454617819024,0.0008329084026627243,0.0009629206828048662,0.000890113606955856
3774,0.0009639135036720997,0.0008635257044807077,0.0009627120720119113,0.0008946555796079338
3775,0.0009554330037078924,0.000856048627756536,0.0009641812674597736,0.0008984018661081789
3776,0.0009539204864348803,0.0008853219449520111,0.000962715464571698,0.0008950431873090565
3777,0.0009545859583239588,0.0010268586594611407,0.0009630766800966942,0.0008947548967786134
3778,0.0009783054332041907,0.0009559090621769429,0.0009634235091766137,0.0008928580860607326
3779,0.0009750610108797749,0.000832955518271774,0.000963169129798189,0.0008913999086245895
3780,0.0009595229677183347,0.0008248698944225908,0.0009643045165989961,0.0008935153841041031
3781,0.0009550309890053338,0.0008864690363407135,0.0009635929549009436,0.0008909840255975726
3782,0.0009598550611796478,0.0008474767720326781,0.0009638511274837784,0.0008895446319133045
3783,0.0009367337688389752,0.000883322327863425,0.0009626402424855364,0.0008812368957325817
3784,0.0009458156126654811,0.000847197356633842,0.0009617064046363035,0.0008865045810118319
3785,0.0009773795733538768,0.00091005023336038,0.0009625072210095823,0.0008864746272563937
3786,0.0009450703898134331,0.0009880003007128836,0.0009627004368437662,0.000886821513529867
3787,0.0009920130481219126,0.0009245163318701089,0.0009631352718195152,0.0008878139890730381
3788,0.0009682358956585328,0.000851288631092757,0.0009625877669288053,0.0008890581562183798
3789,0.0009755937783564959,0.000825197477824986,0.0009623381153059502,0.0008905640682205558
3790,0.0009504016235263812,0.0008845605212263762,0.0009636013104166422,0.000888153731636703
3791,0.000962501982640889,0.0008288927166722715,0.0009641439519098235,0.0008834169422276319
3792,0.0010110797586902563,0.0009215692197903991,0.0009630960806376402,0.0008830555086024106
3793,0.0009342586228417026,0.0009055424178950488,0.0009634688953196423,0.0008907276923768222
3794,0.0009669433324597776,0.0008340577781200409,0.0009632800303658263,0.000888131557777524
3795,0.0009485434815804992,0.0008273073588497936,0.0009629861769939048,0.0008874558701179922
3796,0.0009572924088893665,0.00108044542837888,0.0009638077785209234,0.0008917555270716548
3797,0.0009732433718939622,0.0008375739585608243,0.0009643507786043402,0.000895220989175141
3798,0.0009667758576364981,0.0008415805594995618,0.0009646832774548481,0.0008974468611180783
3799,0.0009747843780658312,0.0008883375930599869,0.0009665023264216466,0.0008921375684440136
3800,0.0009417453814401395,0.0008871528063900769,0.0009641439056593098,0.0008890920634381473
3801,0.0009476791958635052,0.0009229697450064123,0.0009639657804483756,0.0008905869698151947
3802,0.0009861658360912568,0.0009666002448648214,0.0009636192254256457,0.0008910657258704305
3803,0.0009918714705337253,0.0008374893269501627,0.0009641139645284663,0.000890726543404162
3804,0.0009488642290751967,0.0008239196776412427,0.0009634771022066063,0.000891293742414564
3805,0.0009688433347683814,0.0010166744887828826,0.0009636533630390964,0.0008892914926633239
3806,0.0009503093651599354,0.0008215656713582575,0.0009663538735566868,0.0008889417158439756
3807,0.00095250872688161,0.0008305845805443823,0.0009673766600485477,0.0008900581882335247
3808,0.0009572738070144422,0.000990813751704991,0.0009674932806649143,0.0008910617049783469
3809,0.0009593906147508986,0.0009338339092209935,0.0009671973215416074,0.0008817309358157218
3810,0.0009856920446165735,0.0009656970319338143,0.0009665448959295949,0.0008811065750196576
3811,0.000990546613983396,0.0008552679838612676,0.0009664279765759906,0.0008817696891725064
3812,0.0009330525290634897,0.0008483787067234516,0.0009659254522683721,0.0008799640277400614
3813,0.0009637827653851774,0.0008886612905189395,0.0009658480554094746,0.00087742682620883
3814,0.0009669299027882517,0.0008371663792058826,0.0009668569608798458,0.0008795983626507224
3815,0.000962770101096895,0.0008760809595696628,0.0009650702845512165,0.0008735552131198346
3816,0.0009465804245943825,0.0008430726919323206,0.0009632586948884032,0.0008761747667565942
3817,0.001015486279502511,0.0008715129760093987,0.0009650767135226893,0.0008764361588284373
3818,0.001001771385781467,0.0008967979974113404,0.0009635875331134434,0.0008705216016620397
3819,0.0009925129947563013,0.0008619695878587663,0.0009635663415667498,0.0008746228843927383
3820,0.0009514589969896608,0.0008523952774703502,0.0009629797541484653,0.0008758379113860428
3821,0.0009498934308066965,0.0008471761993132531,0.0009630233452396676,0.0008727642589248716
3822,0.0009569327315936486,0.0008219649386592209,0.0009616174926929591,0.0008683853047899901
3823,0.0009638528737963901,0.0008581584133207798,0.0009594387457550816,0.0008647470845840873
3824,0.0009622212703753677,0.0008431960572488606,0.0009571847227867694,0.0008634056777693331
3825,0.0009398104599677026,0.0008237227681092918,0.0009581230894817662,0.0008627661424688995
3826,0.0009729018326227863,0.000977258156053722,0.0009584629931228443,0.0008617543834261597
3827,0.0009414989278755255,0.0008155215065926314,0.0009581619355154947,0.0008634404082782567
3828,0.0009465817289633883,0.0009029781678691507,0.0009578179475747878,0.000861504337284714
3829,0.0009943146949323515,0.0008304544794373214,0.0009585113015750217,0.0008669641676358878
3830,0.0009316138245372309,0.0008688105596229434,0.0009577342124655842,0.0008677836088463665
3831,0.0009497795764925993,0.0009240977396257221,0.0009556713715816536,0.0008662569329142572
3832,0.000937844041424493,0.0008609602553769946,0.0009561579599148696,0.0008668461237102748
3833,0.0009583635842945013,0.0009139724401757122,0.0009561728145306308,0.000867973822541535
3834,0.0009242443010831873,0.0008243600558489561,0.0009571472731470647,0.0008671876579523087
3835,0.0009312233711696333,0.000874741526786238,0.000958257141052228,0.0008696336408145725
3836,0.0009341960397755934,0.0008217328134924173,0.000957418999598465,0.0008737878994084893
3837,0.0009565116964384085,0.0008323903242126108,0.000956834612859206,0.0008738556165248155
3838,0.0009722803564121326,0.0008633673144504428,0.0009577212007198897,0.0008733810946345329
3839,0.0009594034626045161,0.0008793170005083084,0.0009563584284960396,0.0008687981222756207
3840,0.0009541704025792164,0.000827679184731096,0.0009566008340670831,0.000870446387771517
3841,0.000963914274600231,0.0009795684507116675,0.0009570330846433839,0.0008745549421757459
3842,0.0009960590517665777,0.0008919990062713623,0.0009552581872377131,0.0008824711888097226
3843,0.0009502003636832039,0.0008586310991086066,0.0009552556277614915,0.0008815092046745122
3844,0.0010046777030867007,0.0008766993577592074,0.0009554937597364187,0.0008780683889053763
3845,0.0009518303623836902,0.0008805877482518554,0.0009562100226576957,0.0008823848349973561
3846,0.0009742548962175432,0.000827522084582597,0.0009569689088966697,0.0008790344228036703
3847,0.0009846794292227262,0.0008831145102158189,0.0009584248641557577,0.000880339398328215
3848,0.0009428993374523189,0.0009620148781687021,0.0009598534188440276,0.0008836507964879276
3849,0.0009476116018938936,0.000844888985157013,0.0009634519574232398,0.0008850444240495565
3850,0.0009619751564847926,0.0008118597208522261,0.0009635169239818222,0.0008876891541294756
3851,0.0009388325270265341,0.0008626838470809162,0.0009617646141081221,0.000887877291068435
3852,0.0009475590671516127,0.0008567281439900398,0.0009619195186843475,0.000889360572770238
3853,0.0009573879933709072,0.0010056920279748738,0.0009636427938162039,0.0008906496369279922
3854,0.0009499422597905828,0.0010283606452867388,0.0009620559059342163,0.0008856298656202854
3855,0.0009315498376316908,0.0008447609562426806,0.0009598365764702775,0.0008828037795610726
3856,0.0009557328758657807,0.0008380773453973234,0.0009592911844503964,0.0008873070437461139
3857,0.0009557506144564185,0.0009688714076764881,0.0009567262771798091,0.0008866898813284936
3858,0.0009773357402688514,0.0008302121353335679,0.000956861949981087,0.0008840486842207611
3859,0.0009606431825603876,0.000856984443962574,0.0009568148482746136,0.0008847698843106628
3860,0.0009669372383763807,0.0009575264807790518,0.0009553732928768217,0.0008826924598775806
3861,0.0010241595042559009,0.0008565735025331378,0.0009557875813864588,0.0008783955158665778
3862,0.0009581358604029648,0.0008985085762105883,0.0009554223554519317,0.0008810949133709074
3863,0.000928472609569629,0.0008680707379244268,0.0009554901959374549,0.0008830605876632035
3864,0.0009632760770101514,0.0009163990430533886,0.0009566866585260465,0.0008824622315354646
3865,0.0009972522808756265,0.0008599057886749507,0.0009566111577157347,0.0008819212620146574
3866,0.0009242420775505403,0.0008540741680189967,0.0009576882754038608,0.0008811967212706805
3867,0.0009405758151681059,0.0008213468547910452,0.0009566870408960516,0.0008729233320802452
3868,0.0009365655631861753,0.0009712127037346363,0.0009567537031446896,0.0008793933883309365
3869,0.0009405550213220219,0.0008612702973186969,0.0009577252986013062,0.0008827743920497598
3870,0.0009552221824156328,0.000814557820558548,0.0009576722810665767,0.0008817324405536056
3871,0.0009730773535557092,0.0008455520868301392,0.0009566976841694366,0.0008813509920611978
3872,0.0009486405442779263,0.0008311788993887603,0.0009558095797120283,0.000880470451619476
3873,0.0009532565501932468,0.0008545912778936326,0.0009560892277293735,0.0008776683061383664
3874,0.0009384809535307189,0.000912373922765255,0.0009542569080264202,0.0008971145848743617
3875,0.0009636711686228712,0.0008610015781596303,0.0009559731099444131,0.0008945404089055955
3876,0.0009687440917413268,0.0008477249438874424,0.0009561288029369381,0.0008986286567524075
3877,0.0009456715468938152,0.0008432039059698582,0.0009553815116071038,0.000895974853541702
3878,0.000984315935574058,0.000987578509375453,0.0009537013876562317,0.0008945370035246013
3879,0.0009249113970953557,0.0008215259155258536,0.0009544546418409381,0.0008928728879429399
3880,0.0009332163938476393,0.0010065123625099658,0.0009543468240389807,0.0008947363544255494
3881,0.0009800227622811992,0.0009226024383679032,0.000954743455045132,0.0008917300384491682
3882,0.0009544251760881808,0.0009428226202726364,0.0009553446368986946,0.0008911302425898612
3883,0.0009529708178403477,0.0008206759230233729,0.0009568283779236177,0.000899734774325043
3884,0.0009384405711251829,0.0008349709329195321,0.0009555901200303601,0.0009008042081259192
3885,0.0009739284388100108,0.0008874728437513113,0.000955884648580104,0.0009015754817984998
3886,0.0009783515116820734,0.00134273047093302,0.0009569569771591986,0.000902124956343323
3887,0.0010010409083527822,0.0008341541769914329,0.0009583356528749897,0.0008998142434284091
3888,0.0009323649343827532,0.0009702769340947271,0.0009569202826358379,0.0008977538163773717
3889,0.0009445937937642965,0.0008500539627857507,0.0009558890566540261,0.0008970130416564644
3890,0.0009552491821038226,0.0008239595382474363,0.000955902089830488,0.0008975858491845429
3891,0.0009430734321681989,0.0008124712784774601,0.000953134718288978,0.0008944081965833903
3892,0.0009378803701191727,0.0008679335168562829,0.0009555517122149468,0.0009082778317853808
3893,0.0009464813383399612,0.0008960548043251038,0.0009567454233713862,0.0009019869280979037
3894,0.0009555845676610867,0.0008462754008360207,0.0009544993233866989,0.0008993855889886617
3895,0.0009923157080387076,0.0010296711139380931,0.0009536206571074823,0.0008955863951705396
3896,0.0009421209062242674,0.0008722879318520427,0.0009531186771268645,0.0008989322346635163
3897,0.0009560037580215268,0.0008504607412032783,0.0009536774741692674,0.0008981508944183587
3898,0.0009800647646706138,0.0008683281415142119,0.0009528129565219084,0.0008953414348885418
3899,0.0009729478464254903,0.0008546060998924077,0.0009521848363077475,0.0008771606315858663
3900,0.0009282869126440751,0.0008094909018836916,0.0009505861806476282,0.0008789027443155647
3901,0.0009429634421960347,0.0008292055758647621,0.0009516113541502919,0.0008751733797602356
3902,0.0009459973763053616,0.0008575240941718221,0.0009528342720121145,0.0008751264761202036
3903,0.0009151316470363074,0.0009081371943466365,0.0009514343983804185,0.0008757088736630976
3904,0.0009853362452445758,0.0011682667955756187,0.0009506136465403768,0.0008792488656938076
3905,0.0009630591727586256,0.0008492397703230381,0.0009509242992072056,0.0008801737886853514
3906,0.0009238702626640184,0.0008575689606368542,0.00095038480766428,0.0008787852253764866
3907,0.0009324585191077656,0.0008478427748195828,0.0009511494400548851,0.0008782064049504696
3908,0.0009404213183249036,0.0009043219103477895,0.0009493968548615359,0.0008696278875693678
3909,0.0009524104971852567,0.0008154374267905951,0.0009495244215708225,0.0008701794044114649
3910,0.0009523154976260331,0.0008172363555058837,0.0009495505418576714,0.0008706465868279338
3911,0.0009626485063280497,0.0008882103883661329,0.0009481736399595522,0.0008729911413043737
3912,0.0009610745168497993,0.0008777069952338934,0.0009463797451152155,0.0008712780550122261
3913,0.0009579942719493475,0.0008770428202114999,0.0009465562095296465,0.0008813853993080555
3914,0.000975166740309861,0.0008488813717849553,0.0009475053106900303,0.0008893755413591861
3915,0.000920252341311425,0.0008385194768197834,0.0009473683168594207,0.0008873632098548113
3916,0.0009225546361671553,0.0009009710792452097,0.0009483413545104363,0.0008836524531245229
3917,0.0009456466867898901,0.0008910565916448831,0.0009479959266881147,0.000874792712088674
3918,0.0009329940497668254,0.000861340721603483,0.0009487891374880241,0.000873964852374047
3919,0.0009747003774262137,0.0008318048901855945,0.0009495084249052324,0.0008770036895759404
3920,0.0009485010782049762,0.0008152081794105471,0.0009512718144131618,0.0008890049196779729
3921,0.0009453100739564333,0.0008860758529044688,0.0009515373523709261,0.0008861417361535133
3922,0.0009566567651927471,0.0008621403016149997,0.0009509423775753629,0.0008889684892259539
3923,0.0009456422172176341,0.0009269420034252107,0.0009507839527653739,0.0008898100023157895
3924,0.0009281004753170742,0.0008117789425887167,0.0009500487831059016,0.000887052201293409
3925,0.0009326985230048497,0.00106217450927943,0.0009480779175801825,0.000886660808324814
3926,0.0009666909712056318,0.0010289591271430254,0.0009471801000285068,0.0008870301415212455
3927,0.0009425725305401202,0.0008072158065624536,0.0009471141661258623,0.0008982971232384445
3928,0.0009394575883116987,0.0008153682760894299,0.0009489850326699929,0.0008973332715220751
3929,0.0009767005496865346,0.0009467732696793973,0.0009497656442690641,0.000895148974377662
3930,0.000982889442756358,0.0008285432774573564,0.0009503234748883795,0.0008932703574188054
3931,0.0009418524480942223,0.0009335398906841874,0.0009512045138153351,0.0008946758797392249
3932,0.0009765432568060028,0.0011478735273703932,0.0009503484454989018,0.0008979187974706293
3933,0.000947059767269012,0.0008327423222362995,0.0009506038589972174,0.0009005686065182092
3934,0.0009375361272961729,0.0008861062536016106,0.0009506356529632788,0.0009027090816758574
3935,0.000948354877376308,0.0008382741827517748,0.0009493245025113638,0.0009022445064969362
3936,0.0009442692648412453,0.0008192653628066182,0.0009507112023886292,0.0009013089468702675
3937,0.0009118028787068195,0.0008679221710190177,0.0009516595397403257,0.0009041681810282171
3938,0.0009355488331574533,0.0008862761501222849,0.0009518491903371694,0.0008942767586559056
3939,0.0009735183927437498,0.0011305559147149324,0.0009500500396463191,0.0008863669853657482
3940,0.0009670240049146943,0.0008144231839105487,0.0009500101731779673,0.000890816895291209
3941,0.0009420699261439344,0.0008463636506348849,0.0009500421250135534,0.0008932974195107817
3942,0.0009595924522727728,0.0008440911676734686,0.0009491235912674003,0.0008938173751346766
3943,0.0009550200229407184,0.0008964787796139717,0.0009478698292954101,0.0008997692713513969
3944,0.0009532986695153845,0.0009128778334707022,0.0009490924620276524,0.0008970196111127734
3945,0.0009548864156628649,0.0008814534056000411,0.0009479800807312132,0.0008838811973109842
3946,0.0009461049231079717,0.0009395877318456769,0.0009476992691970535,0.0008865649024024605
3947,0.0009238780038948688,0.0008505259221419692,0.0009477299884479081,0.0008871653306297958
3948,0.0009803097141492698,0.0009035530127584935,0.0009473672635956771,0.0008858254979364574
3949,0.0009518089091094832,0.0008832597965374589,0.0009474543153618774,0.0008898624437861145
3950,0.0009374397879259454,0.0008148889499716461,0.0009494128692481255,0.0008895566667430103
3951,0.0009217122039343748,0.0008312147948890924,0.0009492550337894096,0.0008861992361955344
3952,0.0009415758688313266,0.0009184635546989739,0.0009469958514596025,0.0008748691549524663
3953,0.0009402563842013478,0.0008773813815787434,0.0009453499991757175,0.0008779923841357232
3954,0.0009537372060327066,0.0009597721602767706,0.0009456157265024052,0.0008840961465612056
3955,0.0009515453934566014,0.000977340682875365,0.0009463062477091121,0.0008828651944175363
3956,0.0009724182664002809,0.0008647983847185969,0.0009470077931880951,0.0008802491819486022
3957,0.0009487337243950201,0.0008194131823256611,0.0009482059876227546,0.0008808642406016588
3958,0.0009400394789150191,0.0008998349495232106,0.0009470764661104314,0.0008790330172516404
3959,0.0009383041085675359,0.000901116959284991,0.0009465098997784986,0.0008760207405313849
3960,0.0009392867560705377,0.0008047783654183149,0.0009481171145207352,0.0008748312450945375
3961,0.0009464455589962502,0.0009201890090480447,0.0009450445043957896,0.0008731557455845175
3962,0.0009607667258630196,0.0008602777449414134,0.0009439318733807237,0.000870523814484477
3963,0.0009316029466895593,0.0008023403864353896,0.0009428223425212005,0.0008709374201484024
3964,0.0009170388344985743,0.000847303883638233,0.0009434899780795805,0.0008713915629312397
3965,0.0009258776978175674,0.0008925039134919644,0.0009432600836683478,0.0008671848132275047
3966,0.0009487131093111304,0.0009989577112719417,0.0009428993428746858,0.000873955551441759
3967,0.0009768554824404418,0.0008133173640817404,0.0009450157143899963,0.0008720791085623205
3968,0.0009725586599152949,0.0008310784678906202,0.0009445293740214158,0.0008674909712746739
3969,0.0009832535303818683,0.0009282542997971177,0.0009431690246125475,0.0008647781698033215
3970,0.0009266483778547909,0.0008356728218495846,0.0009419123715358889,0.0008643839894793929
3971,0.0009319407648096481,0.0008642808138392866,0.0009418179208154065,0.0008643605250865222
3972,0.0009640583724507855,0.0008207885362207889,0.0009412143002005502,0.00087286028387025
3973,0.0009034944610256288,0.000861665525007993,0.0009404264660189964,0.0008755200332961977
3974,0.0009239931337328421,0.0008174615190364421,0.0009412232238954554,0.0008760366911999882
3975,0.0009097015164378616,0.0008252290915697813,0.0009396194535048886,0.0008746675642207265
3976,0.0009384030928938753,0.0008425683644600212,0.0009401748978584592,0.0008752557448111473
3977,0.0009358285085505081,0.0008132948121055961,0.0009417253129442949,0.0008764298859983681
3978,0.0009312378643597994,0.001046649836935103,0.0009429914124672199,0.0008747079050168392
3979,0.0010066464939154684,0.0009128610882908106,0.0009432851833239612,0.000870427973847836
3980,0.0009393868842420892,0.0008626372506842017,0.0009422738391543845,0.0008721012103371321
3981,0.0009384095311785737,0.0007969783479347825,0.0009405292199251969,0.0008718577062711119
3982,0.0009173173974785539,0.0008095586742274463,0.0009388018138861908,0.0008717575673013924
3983,0.0009376782109029591,0.0008992483397014439,0.0009396356047493304,0.0008705784996040166
3984,0.0009232135931961238,0.001113610928878188,0.000940231634153881,0.0008691809043288232
3985,0.000919590901531693,0.0008712721010670066,0.0009391779733149131,0.0008705365450121463
3986,0.0009663645059077276,0.0009331054566428065,0.0009399396786414502,0.000870044888369739
3987,0.0009206724660988483,0.0008260495704598725,0.0009395445629592159,0.0008703391250222922
3988,0.0009454890555288228,0.0008170449011959135,0.0009409803774363053,0.0008769048154354096
3989,0.0009557992116444641,0.0008766574133187532,0.0009418141678130878,0.0008757831882685423
3990,0.0009575301858906945,0.0008494543889537453,0.0009415613797545021,0.0008852722512558103
3991,0.0009560573807296653,0.0008919594320468604,0.000942032437466292,0.0008810721553862096
3992,0.0009515718782010178,0.0008551482763141393,0.0009409780773075504,0.0008784355411306025
3993,0.0009289431791856057,0.000824990866240114,0.0009411856097997064,0.0008864200588315727
3994,0.0009400683794067138,0.0009257508255541325,0.0009420395554767716,0.000886910696513951
3995,0.000947493149433285,0.0008061961294151842,0.00094286575673355,0.0008863768201321365
3996,0.000946841499923418,0.0008293409319594503,0.0009425349418694775,0.0008831806157715619
3997,0.0009377168514765799,0.0008546795533038676,0.0009430552269746032,0.0008794769562780857
3998,0.000922537094189061,0.0008493741089478135,0.0009459518511676126,0.0008778219116851686
3999,0.0009141152416769829,0.0008248174353502691,0.0009439786308134596,0.0008751829219050705
4000,0.0009455968783650961,0.0009893713518977164,0.0009449688472992016,0.0008743913326412438
4001,0.0009592478523134357,0.0008145276852883399,0.0009442688284959231,0.00087382887089625
4002,0.0009295088070858684,0.0010505213867872953,0.0009440004147382247,0.0008705837017856539
4003,0.0009430143071545495,0.0009416474401950836,0.0009433192874408431,0.0008744035117328164
4004,0.0009802874899469316,0.0008469457319006324,0.0009419271996658709,0.0008708300159312784
4005,0.000944575196545985,0.001062250193208456,0.000940060101573666,0.0008687435060739516
4006,0.0009597581731052035,0.0008092442899942398,0.0009408537997760706,0.0008717169253155588
4007,0.0009379724288980166,0.0007962117646820844,0.0009396493113392756,0.0008675478245131669
4008,0.0009294078393011458,0.0008193432306870818,0.0009401213051440815,0.0008674343813210725
4009,0.0009362207208242681,0.0010210194415412844,0.0009394520263911949,0.0008715118268504738
4010,0.000992006506356928,0.0008298959862440825,0.0009384930476856727,0.0008692587480880319
4011,0.0009170339970539014,0.0008671307121403515,0.000938537219663461,0.0008685831349343059
4012,0.0009454278782423999,0.0008062598388642073,0.0009390700078672831,0.0008700450796633957
4013,0.0009279885854468577,0.0008029833575710654,0.0009392290830922622,0.0008630029411055147
4014,0.000949088867702004,0.0007955281855538488,0.0009372872128668758,0.0008695519348606467
4015,0.0009405020034561555,0.000944949637632817,0.000937976231560525,0.0008631173525936901
4016,0.0009212551863553623,0.0008026220370084047,0.0009375088708268272,0.0008573592440225184
4017,0.0009048944258958929,0.0008029855298809707,0.0009348265417541067,0.0008622846086509525
4018,0.0009487856342457235,0.0008993263472802937,0.0009349187903209693,0.0008526405588723719
4019,0.0009099561684868402,0.0008215233054943383,0.0009331432687739531,0.0008550395164638758
4020,0.0009592929945534302,0.0008033600496128202,0.0009353244488851891,0.0008589922894723714
4021,0.0009301095311012533,0.0009312770701944828,0.0009360276992329293,0.0008598776662722232
4022,0.0009137423838385277,0.0007983525842428208,0.0009346501749836737,0.0008564899621531367
4023,0.0009236413936337663,0.0008324837801046669,0.0009344945910283261,0.0008551221464760602
4024,0.0009274349467725389,0.0008613660535775125,0.0009342957353115909,0.0008538868066854774
4025,0.0009495737589895726,0.0008133178879506886,0.0009341236867165813,0.0008539221985265613
4026,0.0009107010966787736,0.0009782525291666389,0.0009359076367122017,0.0008573579214513304
4027,0.000946734274427096,0.0008896568301133812,0.0009350192438448883,0.0008595138977281751
4028,0.0009313302888121042,0.0007976947259157896,0.0009350474376179693,0.0008535152697935701
4029,0.0009132292631289197,0.000970079847611487,0.000934562029539504,0.0008546936903148889
4030,0.0009468814107175503,0.0008211489487439394,0.0009347583471849147,0.0008546516110189259
4031,0.0009153701344297992,0.0008692182297818363,0.0009359611466164805,0.0008536736221052706
4032,0.0009925019316789176,0.0008950310898944735,0.0009371825439493276,0.0008574301427230238
4033,0.0009469890979946487,0.0008414776506833733,0.0009370862101256434,0.0008628592364490031
4034,0.0009017826145928767,0.0009363268385641277,0.000936839695290352,0.0008604463685303925
4035,0.0009881169074732396,0.000795700594317168,0.0009385211718320433,0.0008646394767798483
4036,0.0009120626041355232,0.0008362472173757852,0.0009392955163235051,0.0008629848793148993
4037,0.0009411266633671605,0.0008071446348913014,0.0009384759655480996,0.0008614839354529975
4038,0.0009725873353373674,0.0008888764306902886,0.0009386923501009327,0.0008626823329366742
4039,0.0009268790460191667,0.0008494275924749672,0.0009402251385618001,0.0008571658429689706
4040,0.0009412068477831781,0.000794983939267695,0.0009398736847047175,0.0008561856405809521
4041,0.0009091199843937324,0.0008320825500413775,0.0009403006436303256,0.0008569679357111454
4042,0.0009098023670311604,0.0008019335474818945,0.0009413310981873008,0.0008521101246587933
4043,0.0009788556200348668,0.0008748766244389117,0.0009409845978745983,0.0008520439124666155
4044,0.0009404911018080182,0.00091543632093817,0.0009420979476016428,0.0008582913581281901
4045,0.0009568846489613255,0.0009390873927623034,0.0009396914390226203,0.0008551518387161196
4046,0.0009239466602189673,0.0008709553722292184,0.0009394554311099151,0.0008551721874624491
4047,0.0009557792973808116,0.000903180290479213,0.0009411670695679881,0.0008501242207363248
4048,0.0009430000059203141,0.0007911188434809446,0.0009383766177420812,0.0008544788636267185
4049,0.0009069461773874031,0.0008238424570299685,0.0009389005394445524,0.0008531552758067847
4050,0.0009549833728104002,0.0008432778250426054,0.000937624866179087,0.0008552356316708029
4051,0.0009490208082004554,0.0008403402799740434,0.0009360441857483235,0.0008527929726056755
4052,0.0009379479280000345,0.0008651517704129219,0.000935865135092495,0.0008506639425642788
4053,0.0009420042619523075,0.0008172521041706205,0.0009353695711379663,0.0008520833497866989
4054,0.0009389906270532972,0.0008486345713026822,0.0009361151341193665,0.0008524092355743051
4055,0.0009382189028999872,0.0008194936439394951,0.0009361939273515922,0.0008531805496662856
4056,0.0009432038776059118,0.0010254043713212014,0.0009336438504720313,0.000850714859366417
4057,0.0009323392172033588,0.0008165431045927108,0.0009327376532937504,0.0008486762971617282
4058,0.0009410889001770151,0.0008419863693416118,0.0009333792896682604,0.0008436507367528974
4059,0.0009445735760447052,0.0008101276704110205,0.0009326227107240509,0.0008412032532505692
4060,0.0009183556118255688,0.0009045666665770113,0.0009317600291170596,0.0008374946398660541
4061,0.0009251606466972994,0.0008031575218774378,0.0009324503776462129,0.0008467871392145754
4062,0.0009092348317305247,0.0008591535314917564,0.0009328445218865657,0.0008455757736228407
4063,0.0009330703245682848,0.0008278099540621043,0.0009313359979695332,0.0008502738130278885
4064,0.0009224027796234522,0.0007962018414400518,0.0009305136741811617,0.0008508812999352811
4065,0.0009288177489199573,0.0008304691198281944,0.0009294559036096973,0.0008533779453486205
4066,0.0009277590589287381,0.0008402296947315335,0.0009305035448089863,0.000853051337506622
4067,0.0009117721978368031,0.0008212163997814059,0.0009291378064676085,0.0008506696929223835
4068,0.0009151036980458431,0.000813234366942197,0.0009278772366517743,0.0008504099579527973
4069,0.0009178361723509927,0.0008644722658209502,0.0009279873671191228,0.0008470083692111074
4070,0.0009729255583240754,0.0008134483825415373,0.0009274133874491478,0.0008472239549271762
4071,0.0009050321866137287,0.0008097682846710085,0.0009271049822758262,0.0008483034925535322
4072,0.000934212257206026,0.0008104649558663368,0.0009268516036655963,0.0008497792608104646
4073,0.0009602587191491492,0.0010234313271939755,0.0009260907306516957,0.0008477885296568274
4074,0.0009167997833962241,0.0007935583172366023,0.0009254005344972636,0.0008474456245079636
4075,0.0009172702748845849,0.0009607288101688027,0.0009257970526788592,0.000849148551747203
4076,0.0009284627134911717,0.0008555274526588619,0.0009257413464055087,0.0008499085252173244
4077,0.0009115036637134229,0.0009275679057464003,0.0009282685423347477,0.0008504170321859419
4078,0.000968195291934535,0.000809086908120662,0.0009273425975788593,0.0008501738015562296
4079,0.0009048471685188512,0.0007890934566967189,0.0009268335024386437,0.0008479935838840902
4080,0.0009067046575041281,0.0008130002696998417,0.0009269755974903496,0.0008563382558524609
4081,0.0009459571392896274,0.0009403646527789534,0.0009271467849172446,0.0008585340674966573
4082,0.0009179897254539861,0.0008219327474944294,0.0009272668980967461,0.0008559551862068476
4083,0.0009333787708439761,0.000868974810000509,0.0009260058372255622,0.0008558129904791713
4084,0.0009382391107889514,0.0008470218768343329,0.0009256239142760428,0.0008587755157612264
4085,0.0008993337864780592,0.0008547983877360821,0.0009250646100457138,0.000859446388948709
4086,0.0009079057428364952,0.000794584893155843,0.000923966390078163,0.0008538469174876811
4087,0.0009191477862704132,0.0009017267124727369,0.0009249670900275104,0.000855680267792195
4088,0.0009316776677345236,0.0008468092908151448,0.0009243974649942378,0.0008499439461156727
4089,0.000985582677854432,0.0008089145156554878,0.0009242020939450918,0.0008491283111274242
4090,0.0009056691300227411,0.0008243883540853858,0.0009250022084296991,0.0008475589972920717
4091,0.0009150316804233525,0.0007857242529280484,0.0009230800583027302,0.0008466150200925769
4092,0.000915324574129449,0.0010298331989906729,0.000923779419918234,0.0008511472475714983
4093,0.0009193833837182158,0.0008681296580471099,0.0009237499853337389,0.0008502032402902843
4094,0.0009208390018385317,0.0008000002335757017,0.0009224026279575708,0.0008446247048676016
4095,0.0009413990365444786,0.0008098934893496334,0.000922315045689336,0.0008436373907141388
4096,0.000895484112875743,0.000883831416722387,0.0009217919355517045,0.0008409278178587556
4097,0.0009202296514477995,0.0008272367855533957,0.0009215370619824776,0.0008394899762235583
4098,0.0009328032199603816,0.000883444540668279,0.0009225503851400894,0.0008365169232711196
4099,0.000941817282129907,0.0008393920748494565,0.0009224967938796099,0.0008370505602099
4100,0.000903029649052769,0.0008173207682557405,0.0009233505988959223,0.0008357842289842665
4101,0.0009235784372625251,0.0008351365779526532,0.0009224005834665149,0.0008363703761249781
4102,0.0009315065258286066,0.0008883350598625838,0.0009206101690574239,0.0008409987730905413
4103,0.0009201415387603144,0.000785487478133291,0.0009214998688186622,0.0008463924836367368
4104,0.0009223312089064469,0.0009023991436697543,0.0009224437090878684,0.0008483162576332688
4105,0.0009059687928917507,0.0007894000876694918,0.0009234278026347358,0.0008388223256915807
4106,0.0009122732048854232,0.0008009012672118843,0.0009226104116481211,0.0008369872548617421
4107,0.0009158001687481172,0.0007972498936578632,0.0009224764756547907,0.0008379022548906504
4108,0.0009203010174031887,0.0008012354886159301,0.0009213785382608573,0.0008398340046405793
4109,0.0009318672715582781,0.0008110758359543979,0.0009235362444279923,0.0008433474010787904
4110,0.0009246668654183547,0.0007804720639251173,0.0009238533056651553,0.0008473308923654259
4111,0.0009065659613245063,0.0008079258166253567,0.0009226421708551546,0.0008443201144225895
4112,0.0009404929116782215,0.0008700684318318963,0.00092125034628229,0.0008442149123176932
4113,0.0009079272819993397,0.0008614629693329334,0.0009229401300661266,0.0008432503917254507
4114,0.0009408223176271552,0.0009246244397945702,0.0009231020111383664,0.0008462445461191236
4115,0.0009279116240537001,0.0009592311177402734,0.000922212458226002,0.0008437211557291447
4116,0.0009386276871535099,0.0008338186028413474,0.0009227049644208616,0.0008538186337798834
4117,0.0009399269128011333,0.0007924849004484713,0.0009231224350165576,0.0008526013827882707
4118,0.0008989486090528468,0.0008222528873011469,0.0009236898697653992,0.0008565892861224709
4119,0.0009174906020052731,0.0008228752342984081,0.000923385014369463,0.000856578965578228
4120,0.0009139506016961402,0.0008581872330978513,0.0009236813980516873,0.0008566507149487733
4121,0.0009494267670541173,0.0009716663276776672,0.0009221313857576913,0.0008558250249363481
4122,0.0009281561823768749,0.0009268240677192807,0.0009214653060875004,0.0008567623920738696
4123,0.0009025248497103651,0.0008081750920973718,0.0009222701565879914,0.0008601717287674545
4124,0.0009070216678082943,0.0008367620222270489,0.000923363942021711,0.0008613964926451444
4125,0.0009452742436486814,0.0007932077534496784,0.0009227016433866488,0.0008670042783021926
4126,0.0009276254640685187,0.0009099904377944767,0.000924023188609216,0.0008649750226177275
4127,0.0009092677030194965,0.0008252503001131117,0.0009229198931302461,0.0008592796864919364
4128,0.000932454193631808,0.0010379244294017554,0.000922089146843387,0.0008523408881388606
4129,0.0009327679737988445,0.0008719678688794374,0.0009224621185774191,0.0008506132054142655
4130,0.0009201546616127922,0.0008890976710245013,0.0009217218862898235,0.0008532129743136468
4131,0.0009046518199870156,0.0008006432536058128,0.0009226777205916329,0.0008516909310594202
4132,0.0009232097608037293,0.0007990436279214919,0.0009223952630638249,0.0008585675768554213
4133,0.0008815507100532866,0.0007805932383053005,0.000923151999215285,0.0008589152830652895
4134,0.0009152152798035079,0.0008345100143924356,0.0009212283674731025,0.0008524017270654441
4135,0.0009447881279306279,0.0008657054812647402,0.0009217956173544129,0.0008602276476100089
4136,0.0009339105971674952,0.0008385449135676026,0.0009231677584143149,0.0008595610601827503
4137,0.0009239354458016654,0.001010263073258102,0.0009229960960956911,0.0008608204863965512
4138,0.0009409659125635193,0.0008107315772213041,0.0009214124875867531,0.0008611117895692587
4139,0.0009132399306529098,0.0007822410366497934,0.0009213103299029172,0.0008578002952970565
4140,0.0009071429668822222,0.0007857611589133739,0.0009229649321590033,0.000862632267177105
4141,0.0009479519805043108,0.0007906265347264707,0.0009225909798819986,0.0008522615605965257
4142,0.0009214211056112415,0.0008574791229330003,0.0009222913069443571,0.0008491940104402601
4143,0.0009228444665980836,0.0007842018059454858,0.0009224184589098312,0.0008513717904686927
4144,0.0009104291638100726,0.000994791379198432,0.0009224925461173472,0.0008506720948964356
4145,0.0009328690054826439,0.0008668798883445561,0.0009229713595937938,0.0008525774366222322
4146,0.0009013359734995497,0.0008088274276815355,0.0009255288242569402,0.0008540038696490227
4147,0.0009423374294096397,0.0011224720813333988,0.0009250759487350784,0.0008539409513585269
4148,0.0009368283762079147,0.0007915104064159095,0.0009230386601450543,0.0008503505816683173
4149,0.000902730109842701,0.0008682476775720715,0.0009237301372405556,0.0008484395378269255
4150,0.0009056840309252342,0.0008004903327673673,0.0009225860357491506,0.0008410188716836275
4151,0.0009250715219726165,0.0008272030809894205,0.0009212723614130583,0.0008487243782728912
4152,0.0009506327594216499,0.0009460495971143246,0.0009208801346624062,0.00084986371351406
4153,0.00092310538670669,0.0007786567648872733,0.0009219511628978781,0.0008507946568541232
4154,0.000925276150357806,0.0007952791149728,0.0009199306194773979,0.0008522242288105192
4155,0.0009233334607496444,0.0009435421717353165,0.0009197981251093248,0.0008509977116249504
4156,0.0009065040001749164,0.0007831508642993868,0.0009198917273225055,0.0008525719459168614
4157,0.0009351800977148943,0.0008466771710664033,0.0009190479072379983,0.0008448320796713234
4158,0.0009454873266319433,0.0008162540639750659,0.0009193572898343618,0.0008432166586630047
4159,0.0009038933917569617,0.0008329370571300387,0.0009195791714566034,0.0008445120669901371
4160,0.00089385591318003,0.0007759462390094996,0.0009183767239614907,0.0008382721935398877
4161,0.0009511975245550274,0.0007907688175328076,0.0009178653430762803,0.0008382150004617871
4162,0.0008953329085165428,0.0008247464196756482,0.0009204316618076215,0.0008367740185931325
4163,0.0009081240541612108,0.0010033692419528961,0.0009201603964022879,0.0008380498846061529
4164,0.0009034342618866099,0.0008107244176790118,0.0009193570645681271,0.0008385643959976733
4165,0.00093391867276902,0.0008090347424149513,0.000916832554562845,0.0008338128772564233
4166,0.0008974383949923019,0.0008263658336363733,0.0009179255567749753,0.0008344582092016937
4167,0.0009181087464094162,0.00082681619329378,0.0009190491019592929,0.0008351349828764795
4168,0.0009251845219276017,0.000823557663243264,0.0009179248773596352,0.0008281846939586103
4169,0.000889333661697391,0.000801294723059982,0.0009180359950703049,0.000827824063412845
4170,0.0009406035703917344,0.0008264943631365895,0.0009171537504634922,0.0008263087042607366
4171,0.0009068830140555898,0.000841212635859847,0.0009177407606090935,0.0008256813531741498
4172,0.0009122762420318193,0.0009664752450771629,0.000918595236622625,0.0008249500427395105
4173,0.0009240438540776571,0.0007900805794633925,0.0009182388472370802,0.0008284829773940145
4174,0.0009668880781262285,0.0008322231308557093,0.0009169425311601825,0.0008319410011172294
4175,0.0008989023957918916,0.0008323869830928743,0.0009174368924668266,0.0008302632196806371
4176,0.0009049882261186011,0.0008400658657774329,0.0009174063474302077,0.0008212263518944383
4177,0.0008875200092895991,0.0008272616285830736,0.0009170296946695696,0.0008197316938079892
4178,0.000950430442009949,0.0007947900635190308,0.0009157959537011469,0.0008196258128620684
4179,0.000953364779965745,0.0008121984568424523,0.0009158390751367228,0.0008180006584152579
4180,0.0008952278457581997,0.0007697849487885833,0.0009154339904069073,0.0008158343714661897
4181,0.0009092819429416623,0.0007741351006552577,0.0009141406656967269,0.0008146228971891105
4182,0.0009131239825445745,0.0008087931922636926,0.0009174139250147468,0.0008163794887252151
4183,0.0009601625802719758,0.0008005702868103981,0.0009163314228955036,0.0008155003504827619
4184,0.000925255292095244,0.0008146542962640524,0.0009167817014968024,0.0008321094561368228
4185,0.0008849461785414152,0.0008642696053721011,0.0009173168208217249,0.0008248779060319065
4186,0.0009187896226325797,0.0008772194106131792,0.0009167190721232651,0.0008259153068996966
4187,0.0009076919411826464,0.0007828018837608398,0.0009146018927580573,0.0008242914075963199
4188,0.0009073604282457382,0.0007774475472979248,0.0009149853547181313,0.0008239432717673481
4189,0.0008940179428706566,0.0007733579655177891,0.0009149463036071716,0.0008258078512735664
4190,0.0009030751485584511,0.0008063877187669277,0.0009152097758500734,0.0008238011438399553
4191,0.0008985164308817022,0.0007857369724661112,0.0009139383098912528,0.0008243302337825299
4192,0.0009079816281640282,0.0007726590195670724,0.0009124883162866655,0.0008237212292850019
4193,0.0008928514041730927,0.0007932708063162863,0.0009143503134009531,0.0008244158367626368
4194,0.0009711651446478855,0.000845209511462599,0.0009155028575177614,0.0008411382068879902
4195,0.0009135410174106558,0.0008045159070752561,0.0009157537470752786,0.0008399790479801595
4196,0.000918139979088058,0.0012564402772113682,0.0009127166203197299,0.0008395480110310019
4197,0.0009256542251548834,0.0007856864924542606,0.0009116169650806115,0.000838379087857902
4198,0.0009091001366161638,0.000816015601158142,0.0009127122393369468,0.0008359245791099965
4199,0.0009139585939960347,0.0007916256482712925,0.0009129580502268962,0.000835199683625251
4200,0.0009084889447937409,0.0008236835873685777,0.000912941812731636,0.0008346780940890313
4201,0.0009040119483446082,0.0008866803534328938,0.0009127579546352434,0.0008352615129202604
4202,0.0008941068153621422,0.0007770939427427947,0.0009122503351446036,0.000837280441261828
4203,0.0009186437930394378,0.0008080173120833934,0.0009132098794319771,0.0008366542684845626
4204,0.0009171149398510655,0.0007969733444042504,0.0009140980619031728,0.0008369206122122706
4205,0.0009417777736153868,0.0007871501357294619,0.0009133941838284955,0.0008384468907490374
4206,0.00093809554586187,0.001192194353789091,0.0009127371739259817,0.0008378385503776372
4207,0.0009193962214825054,0.0007798142195679247,0.000908707069998814,0.0008352897088974713
4208,0.0008842344113832546,0.0007897943630814552,0.0009085855670325046,0.0008349377605132758
4209,0.0008977639111172822,0.0007854312169365585,0.00090812525193,0.0008166127641685306
4210,0.0009123280349497994,0.0008029068866744637,0.0009083654481141516,0.0008168624335899948
4211,0.0009249348948813148,0.0008590970234945417,0.0009080894594753368,0.0008265988847240805
4212,0.0009072860038011438,0.0007697621453553439,0.0009092748773491217,0.0008265309174545109
4213,0.0009027639758359227,0.000792033018078655,0.0009105165363599858,0.0008259828669019044
4214,0.0008813274556046559,0.0008238311740569771,0.0009108925259465145,0.0008212558025494217
4215,0.0009270637557427916,0.0007907333993352949,0.0009116222717333585,0.0008232205995358527
4216,0.0009207209926615986,0.0007923955656588078,0.0009115330017947902,0.0008232535666786133
4217,0.0008903846762970918,0.0008108159829862416,0.0009135925765511477,0.0008258160113357009
4218,0.0008764261566102505,0.0007780622970312834,0.0009114241896041981,0.0008263377439230682
4219,0.0008704125464686917,0.000781488474458456,0.0009089291178673093,0.000810725946351886
4220,0.0009105034432529161,0.0007957171974703669,0.0009089399042177118,0.0008103922817856074
4221,0.0009066321015254491,0.0007983153685927391,0.0009090573750901968,0.0008152684387750924
4222,0.0009316591297586759,0.0007919282279908657,0.0009102343738441254,0.0008172537175007166
4223,0.0009022004206457899,0.0010594268795102834,0.0009101224388668522,0.0008173977696336807
4224,0.0009435940408406572,0.0007899264665320515,0.0009085364814795968,0.0008254011801443995
4225,0.0009395304200653401,0.0008099823235534131,0.0009091130130665584,0.0008290171526372434
4226,0.0009134116880078283,0.0007685037446208299,0.0009087851665603617,0.0008284826016053558
4227,0.0009123504600332429,0.0008262138674035668,0.0009086743401880892,0.0008262349228374661
4228,0.0009164120445752309,0.0008088414906524122,0.000906672215896348,0.0008290969288907947
4229,0.0009686043087600006,0.0008610344608314336,0.0009050476585100921,0.000833033206406981
4230,0.0008875680999416444,0.0008001934504136444,0.0009059289195885262,0.0008316992356441916
4231,0.0008757187524396512,0.0008018994145095348,0.000906649234207968,0.0008347824108786881
4232,0.0009196658802425695,0.0007714726054109633,0.0009080055342107598,0.0008360951430164278
4233,0.0008871711831953791,0.0009116982878185809,0.0009066158940601681,0.0008349190341308712
4234,0.000927188879965494,0.0008350631850771606,0.0009060296557274545,0.000835267419554293
4235,0.0009095296605179707,0.0008065081899985671,0.0009048727397030842,0.0008349674100056289
4236,0.0008852859601999322,0.0010591822862625123,0.0009047417035585064,0.0008319801041856407
4237,0.0009216992934751841,0.0008601614576764405,0.0009034376666260265,0.0008336319407448169
4238,0.0008945678131810079,0.0007786692422814668,0.000902217133001735,0.000833686329051852
4239,0.0008785567962978449,0.0007676392048597335,0.0009022803808458979,0.0008474091513082382
4240,0.000877010648449262,0.0008622835506685078,0.0009021826031980002,0.0008477629683911797
4241,0.0008801070580052005,0.0008908025035634637,0.0009008850671713138,0.0008466752734966574
4242,0.0009124162032579382,0.0007774667139165103,0.000897028035634301,0.0008520933074876665
4243,0.0008944340220962962,0.0008551416778936982,0.0008982602360347909,0.0008517322386614977
4244,0.0009043200465384871,0.0008143067779019475,0.0008997949883755712,0.0008509703648276626
4245,0.0008757624394881229,0.0007663144753314554,0.0008981094452086836,0.0008533390188589692
4246,0.000891976143207608,0.0008070250041782856,0.0008981260630664313,0.000847691203467548
4247,0.0009027362291494178,0.0007844279892742634,0.0008967526665836987,0.0008468720146454871
4248,0.0008989245170313451,0.0009847442340105773,0.0008955823451746257,0.0008491715075448157
4249,0.0009109931175286571,0.0008312223805114627,0.0008960210888180883,0.0008430844071321191
4250,0.0009090170794580545,0.0008113420312292874,0.0008948660129008608,0.0008414726075716318
4251,0.0009149928841119011,0.0011115743010304867,0.0008943902913480997,0.0008430639090947808
4252,0.0009099060188358029,0.0008350592944771051,0.0008942776269072459,0.0008441476674750448
4253,0.0008839736439080702,0.0007816491182893514,0.0008951014145484401,0.0008400566660799087
4254,0.0008721785203346776,0.0009964853106066585,0.0008959155308600101,0.000837090517766774
4255,0.0009183731099538919,0.0007911667297594249,0.000895170726823724,0.0008394800496287645
4256,0.0009140875609591604,0.0007828525686636568,0.0008960817776413428,0.0008404963958077135
4257,0.0008775273010703838,0.0008306889561936259,0.0008955502749782885,0.0008406663190573455
4258,0.0008875866296390693,0.0007705029030330479,0.0008952667086747373,0.0008418595097959042
4259,0.00089285396789718,0.00081458346452564,0.0008963570529595019,0.0008427849767729641
4260,0.0008802716252911422,0.0008639955124817789,0.0008975844525628621,0.0008542926082387569
4261,0.0008962545512864987,0.0009070047759450972,0.0008969558541973432,0.0008462283408269287
4262,0.0008928223955444992,0.0008198664686642587,0.0008965725469402969,0.0008459048116579654
4263,0.0008826747743619813,0.000818451780360192,0.0008955705136371156,0.000845193308684975
4264,0.0008757401852765017,0.0007947331643663347,0.0008949678108561785,0.0008314643014222384
4265,0.0008976053394791153,0.0007600085157901049,0.0008943836460666111,0.0008348258116282523
4266,0.0009004599657944508,0.000816648795735091,0.0008967849063738769,0.0008369666690938175
4267,0.0008937961023507846,0.0008372050104662776,0.0008971868185378197,0.0008293183239176871
4268,0.0009172102925367653,0.0008805503323674202,0.000896177672325737,0.0008285108845680952
4269,0.000891032479962127,0.0008185548591427505,0.0008946639531395502,0.0008289510880596935
4270,0.0008686732818993429,0.0007961442437954248,0.0008967137134685698,0.0008277049111202358
4271,0.0009192347503267228,0.0008301616786047816,0.0008967313112018423,0.0008288177978247404
4272,0.0009334212192334234,0.0010721187759190798,0.000897297174219663,0.0008277220441959799
4273,0.0008832095578933755,0.0007831375487148762,0.000898067941252763,0.0008241391523741186
4274,0.0009014104361024995,0.0008231341512873768,0.0008975973989659299,0.000821359476353973
4275,0.0008839662468785213,0.0007935544569045305,0.000896936222584918,0.0008194486278109253
4276,0.0008999253145884722,0.0007683491194620728,0.0008974498628638684,0.0008224170723930002
4277,0.000895301899096618,0.0009190970496274531,0.0008984570904841853,0.0008213963586837052
4278,0.0009440051515897115,0.0008351705549284816,0.0008985160598427885,0.0008224812304601074
4279,0.0008822263244332539,0.0008052766812033951,0.0008975747209973633,0.0008254298613406717
4280,0.0008931444546518226,0.0007709807460196316,0.0008971172409028643,0.0008237532319501043
4281,0.0008762445813044905,0.0007938576559536159,0.000895421076224496,0.0008195996140129865
4282,0.0009287713092958761,0.0007995345327071845,0.0008949438526657306,0.0008219754103571177
4283,0.0008880265729708804,0.0007983250706456601,0.0008952843429675946,0.0008236167022958399
4284,0.0009070005433426963,0.0007871896238066256,0.000893749064915917,0.0008267858782783152
4285,0.0008995408011186454,0.0007744232169352472,0.0008942039400597826,0.0008178139424882829
4286,0.0008844909941156706,0.0008375128754414618,0.000894216320104897,0.0008224888933822511
4287,0.0008762929860192041,0.0007720952550880611,0.0008946409455500543,0.0008198432049714029
4288,0.0008955157813357396,0.0008926628949120641,0.0008953767433141668,0.0008205317766405644
4289,0.0009009208757844236,0.0007692153216339648,0.0008945798481762822,0.0008201062692329288
4290,0.0008990795734441943,0.0007871303102001548,0.0008940918852368162,0.0008186052660457791
4291,0.0008769264946588212,0.0008903645677492023,0.0008911702098376635,0.0008155147004872561
4292,0.0008823590999883082,0.0007952892757020891,0.0008911909172880566,0.0008168565718457104
4293,0.0008748061755775577,0.0007767098839394748,0.0008921739463125252,0.0008182406274601819
4294,0.0008791018909929941,0.0008779497677460313,0.000892569161946368,0.0008196541704237463
4295,0.0008771855394459433,0.0008371765422634781,0.0008910166844466908,0.000819834548700601
4296,0.0008808527990347809,0.0009093910781666636,0.0008912468791111476,0.0008190187632106246
4297,0.000944793097830067,0.0008478203811682761,0.0008906554283160304,0.0008201128806918862
4298,0.0008835190590212328,0.0009000113210640848,0.000891515183924801,0.0008218048606067897
4299,0.0009120260722314318,0.0007569919410161674,0.000891964179194636,0.0008227795500308277
4300,0.0009023611909813351,0.0008107687486335635,0.0008924401038636765,0.0008226429589092732
4301,0.0008800029361413585,0.0007577114342711866,0.00089391561787472,0.0008293853903189301
4302,0.0008831028256099671,0.000881571969948709,0.0008941612707295766,0.0008309889708645643
4303,0.0008709632666108923,0.0007579064159654081,0.0008943786149378867,0.0008348672447726132
4304,0.0008827440106930832,0.0008388234651647508,0.0008949716282853237,0.0008301803211681546
4305,0.0009177201802635359,0.0008055821363814176,0.0008941352495044055,0.0008287167985923589
4306,0.0008861249721505576,0.0008291962300427258,0.0008941956952783382,0.0008284304195083677
4307,0.0008899593718039492,0.0008040439896285534,0.0008935328710513809,0.0008238894460722803
4308,0.0008937814395822999,0.00077793043339625,0.0008937495681767663,0.0008228924970142544
4309,0.0008922142734647625,0.0008145425608381629,0.0008944621751291884,0.0008168830637820066
4310,0.0009210346913379099,0.0008167227148078382,0.0008918132772255275,0.0008142340289428831
4311,0.0008957158758615455,0.0008618801110424102,0.000891860563499439,0.0008089206852018834
4312,0.0008881911027452185,0.0007686804770492017,0.0008905470057183671,0.0008088668389245868
4313,0.0009324036316118307,0.0010612236801534891,0.000892250528621177,0.0008076925563625992
4314,0.0009070621971558365,0.0008093048352748155,0.0008932154660009675,0.0008105834084562958
4315,0.0009045131786519455,0.0008840871579013765,0.0008933597757739739,0.000809369707480073
4316,0.0008917518283447457,0.000773191477637738,0.0008947720574059833,0.0008093741923570633
4317,0.0008614496304653585,0.0007587012113071978,0.0008951212664393501,0.0008097165388055147
4318,0.0008763173199258745,0.0007695504068396986,0.0008947416040684199,0.0008081673706881704
4319,0.0008625312853190634,0.000764425431843847,0.0008938674013492547,0.0008064461840316655
4320,0.0008826029675805734,0.0008122528158128261,0.0008934226299998247,0.0008145878674462439
4321,0.0008986679728453358,0.0007591552473604679,0.0008936362931608326,0.0008178082499653102
4322,0.0008785706502385437,0.0007815945101901889,0.0008928746124212112,0.0008153586596250535
4323,0.0008847012158690227,0.0007671777275390923,0.0008930955034266743,0.0008134384599514309
4324,0.0008791871277046287,0.0007556457840837539,0.0008923403561736146,0.0008096908628009263
4325,0.0009449492635515828,0.0007814116845838725,0.0008913866291236546,0.0008103949773125353
4326,0.0009041263706361254,0.0008299827366136014,0.0008894797117087163,0.0008052638892084361
4327,0.0008867105699351264,0.0008512294455431401,0.0008906217783430798,0.0008029500286094845
4328,0.0009062703074111292,0.0007580185378901661,0.0008909538852930483,0.0007981207557953896
4329,0.0008914742365272509,0.0008473821263760328,0.0008900941756088286,0.0007974823118187488
4330,0.0009082286209902829,0.000766852933447808,0.00089086395192167,0.0007979151877574624
4331,0.000864269904171427,0.0007861665636301041,0.0008914167227999617,0.0008011657496914268
4332,0.0008788400880681971,0.0010075860749930144,0.0008914189202038362,0.0008017165334895253
4333,0.0008991230186074972,0.0008584399963729083,0.0008918811286747868,0.0008032189149409534
4334,0.0008731722549742294,0.0007533028023317456,0.0008904726868754047,0.0008038310091942549
4335,0.0009265569664744867,0.000768717722967267,0.0008901942887602168,0.0008065805333666503
4336,0.0008768371945350534,0.0007681901822797954,0.0008898978687046716,0.000808918458689004
4337,0.0008643479264962176,0.0007862833398394287,0.000890069788854776,0.000813580976333469
4338,0.0008847306962383704,0.0009329464775510132,0.0008873573971239643,0.0008140410014428197
4339,0.0009356138630149265,0.0007514583203010261,0.0008860472701645145,0.0008201175418682396
4340,0.0009128158524011572,0.000763355337549001,0.0008861611619746933,0.0008203547859564423
4341,0.0008702590862392552,0.0007572303782217204,0.0008860390470984082,0.0008318475830368697
4342,0.0008806940382863912,0.0007695231097750365,0.000887541266447968,0.0008294928426854311
4343,0.0008901365918831692,0.0008508144551888108,0.0008856045477713148,0.0008302593410946427
4344,0.0008625862204159299,0.0007781950267963111,0.0008866842684336006,0.0008330317369662225
4345,0.0008941581793543365,0.0008498123520985245,0.0008871640824195411,0.0008244494700804352
4346,0.0008634569278607766,0.0007744576036930084,0.0008858876278106536,0.0008213018082082271
4347,0.0008716106973588467,0.0008503326145000756,0.0008877990213688462,0.0008258746608160436
4348,0.0008772907144803968,0.0008256258605979383,0.0008871563048567623,0.0008279480135999619
4349,0.0008834851314572411,0.0008722087251953781,0.0008867154233726776,0.0008300037754699586
4350,0.0008771394702812863,0.0007929123123176396,0.0008871362466727279,0.0008294297145679592
4351,0.0008713731966498825,0.0009818962472490965,0.0008869296481211979,0.0008219099037349224
4352,0.0008895578651895953,0.000857160547748208,0.0008852316927578714,0.0008224164850078523
4353,0.0009032174355039994,0.0010453384649008511,0.0008829055952632592,0.0008219157946296036
4354,0.0009290297202662461,0.0007885136175900698,0.0008836273033171892,0.0008228364045731725
4355,0.0008598106540739537,0.000786015393678099,0.0008824809536130893,0.0008229734123684467
4356,0.0008912629207285742,0.0008554764604195952,0.0008830729335287793,0.000819615183584392
4357,0.0008908354377167092,0.0007930294028483331,0.0008848082437593903,0.000820643006078899
4358,0.0008672116533853114,0.0007797484495677054,0.0008837125774783393,0.000816622403729707
4359,0.000920957093929044,0.0008676241175271571,0.0008842652344041399,0.0008167410430498422
4360,0.0009104890536723865,0.0008205515425652266,0.0008868630628308488,0.0008125510192476214
4361,0.0008658151574329369,0.000819584229029715,0.0008861320601258843,0.0008143170101568105
4362,0.0008748685089974768,0.0007719318172894419,0.0008856954687171514,0.0008159621469676496
4363,0.000879565732450121,0.0007449512067250907,0.0008869196083137973,0.000816885632928461
4364,0.0008931649789317615,0.0007641228521242738,0.0008876582803463357,0.00081347931381315
4365,0.0008546634150358537,0.0007508380780927837,0.0008877190599218012,0.0008093089877627792
4366,0.0008883017875875035,0.0007802456268109382,0.0008875320012370747,0.0007993004878051581
4367,0.0008520352956838906,0.000772948304656893,0.0008869459764307574,0.0007989785280078653
4368,0.0009049360897754215,0.0007668587355874479,0.0008868288575671615,0.0007976349690929057
4369,0.0009059689761812074,0.000803890589158982,0.000888242905504174,0.0007960295500233773
4370,0.0008667665223280589,0.000749297293368727,0.0008872319468193586,0.0007959601858630778
4371,0.000877273351005796,0.0007774235866963863,0.0008898418204186278,0.0008012845224700869
4372,0.0009365564080265662,0.0007455820194445551,0.0008877689933507807,0.0007974526742473245
4373,0.0008590156468562782,0.0008697756333276629,0.0008862947480132182,0.0007951836626976729
4374,0.0008725703462389194,0.0009133371454663575,0.0008867695931966107,0.0007942508439533413
4375,0.0009077429601974371,0.000815999461337924,0.0008876897106361057,0.0007949949916452168
4376,0.0008898399974633422,0.000896738269366324,0.0008871231959874016,0.0007957056118175388
4377,0.0008910773545762318,0.0007529023964889347,0.0008863918925945957,0.0007949243269860744
4378,0.0008985409683858355,0.0007951259659603238,0.0008870370883805056,0.0007959266793914139
4379,0.0009143791001083123,0.000780464622657746,0.0008865376740383606,0.0007973443013615906
4380,0.0008568826824840572,0.0007524264208041132,0.0008888420694611139,0.0008001733991317451
4381,0.0009266141191538837,0.0008153409836813807,0.0008870308069460509,0.0007991478226147591
4382,0.0008655614705963267,0.0007912952988408506,0.0008861030308943657,0.0007968706337735057
4383,0.0009324584933670444,0.0009128568647429347,0.0008867558148482607,0.0007970277186483146
4384,0.0008691364172328678,0.0007718279119580984,0.0008862697162044544,0.0007958738164044918
4385,0.0008736329202333258,0.0007638262538239359,0.000885623571369797,0.0008059468492865562
4386,0.0008776862870177461,0.0007962637604214251,0.0008868230546514194,0.0008011058678850532
4387,0.0008978714449848565,0.0007905355095863343,0.0008865346449582527,0.0007960659825243057
4388,0.0008654028662325193,0.0007627167110331357,0.0008856061330996453,0.0007948668806813657
4389,0.0008748823941116117,0.0007445907313376665,0.0008858182658751805,0.0007937660266645252
4390,0.000870793309683601,0.0007758968882262706,0.0008847824886803411,0.0007957299471832811
4391,0.0008758164290338754,0.0008156861760653556,0.0008839866984687331,0.0007994834788143634
4392,0.0009096451812527246,0.0008436757489107549,0.0008820849678634355,0.0008025165970437228
4393,0.0008596545268988444,0.0007412193226628006,0.0008826783591053553,0.0008025008089840412
4394,0.0008827745748890771,0.0007469608681276441,0.0008806002019904554,0.0007996735407039522
4395,0.0008830861211754381,0.0007532244152389467,0.0008807543427786894,0.0007985276165418325
4396,0.0008651208849106398,0.000748576030600816,0.0008777337949981705,0.0007930407594889401
4397,0.0009204027871601284,0.0009974078414961695,0.0008781888708317032,0.0007935751234181225
4398,0.0008890027288968364,0.0007487510982900858,0.0008780908612482664,0.0007934131759218871
4399,0.0008653601039097541,0.0007873400114476681,0.0008796672580815439,0.0007921743967570364
4400,0.0008845301637322538,0.0007860219152644276,0.0008781421154013111,0.0007908670244738459
4401,0.0008951433168517219,0.0008692169189453126,0.0008795320305300668,0.0007938976179808376
4402,0.0008651829247052471,0.0008020004094578325,0.0008798740828720232,0.000795558634214103
4403,0.0008786462130956352,0.0008889642567373813,0.0008795301764893034,0.0007948129148222505
4404,0.0008668358349758718,0.0008562925783917308,0.0008799561411245829,0.0007924739334732294
4405,0.0008717174635320488,0.0007520317193120718,0.00087881518453877,0.0007901584814302623
4406,0.0008746601912813882,0.0007446592766791583,0.0008799572655258493,0.0007964901020750402
4407,0.0008694149903021753,0.0007626471947878599,0.0008799996255120883,0.0007968411980196833
4408,0.0008569447988540762,0.0007756854384206235,0.0008787325062426841,0.0007985610872507094
4409,0.0008805133130711814,0.0007851870101876556,0.0008789255203937904,0.0008014731508679688
4410,0.0008711826806474064,0.0007597775664180517,0.0008778027754432211,0.0007929626605473458
4411,0.0009170962078496814,0.0007652942813001573,0.000876109766644529,0.0007936871740035713
4412,0.0008597428779790385,0.000757851202506572,0.0008766853602085676,0.0007923434232361614
4413,0.0009001507444514169,0.0008384815487079323,0.0008762050220018459,0.0007908817140385508
4414,0.0008834337026605175,0.0007861161371693015,0.0008749579714611173,0.0007868830504827202
4415,0.0008621956501156092,0.0007572539034299552,0.0008749217101372778,0.0007870781628414988
4416,0.0008864655449158616,0.0007572116423398257,0.0008751086472947563,0.0007869387272745371
4417,0.0008811212666074021,0.0007857894478365779,0.0008758241146130279,0.0007850101640447973
4418,0.0008882065515758262,0.0008995098387822508,0.000875879178982642,0.0007866284845396877
4419,0.0008838335745450524,0.0007557382667437196,0.000876640640737282,0.0007898066890425981
4420,0.0008514081394403345,0.000796221646014601,0.0008778938799993032,0.0007899807438254357
4421,0.0008699462386882967,0.0008213776210322976,0.0008786858168844546,0.000789094905741513
4422,0.0008923341633958948,0.0007846455834805966,0.0008773618109265548,0.0007919730338267985
4423,0.0008466775089295374,0.0007668639346957207,0.0008775749813403106,0.0007916064684279266
4424,0.0008797499430107159,0.000753746242262423,0.0008750304190804146,0.0007945196401327851
4425,0.0008725217085642119,0.0007494791853241622,0.0008759925474102298,0.0008050759079866114
4426,0.0008639670533335044,0.0007692503300495445,0.000875682510000964,0.0008025569740682843
4427,0.0008642763916092614,0.0008068782184273005,0.0008747720542881224,0.0008051876413635911
4428,0.0008833196420326001,0.0008854783675633371,0.0008759964059934847,0.0008081087597645821
4429,0.0008847225179326617,0.0008080784976482392,0.0008752168796232176,0.0008077211565338076
4430,0.000873094072772397,0.0007924897316843271,0.0008742861934678835,0.0008117973098531366
4431,0.0008936967351473868,0.0008241143892519176,0.0008729121064198098,0.0008071863607503474
4432,0.0009007459718527065,0.0007669985643588006,0.0008733414469442018,0.0008098947456106544
4433,0.0008767432209828662,0.000753539486322552,0.000873552623623982,0.0008111213199794292
4434,0.0008474131641236859,0.0008571402123197914,0.0008744052896534816,0.0008078452478162944
4435,0.000876511940991299,0.0007506134314462543,0.0008742274401864657,0.0008060242064297199
4436,0.000853482151352283,0.0008381235739216208,0.0008733619117850645,0.0008108612473122776
4437,0.0008837960862244169,0.001021757898852229,0.000872333772583968,0.0008103897413238884
4438,0.0008923998092197709,0.0007755082007497549,0.0008726520731269072,0.0008104454884305596
4439,0.0008606723098394771,0.0008518828195519746,0.0008726345356605534,0.0008109811623580754
4440,0.0008928044427496691,0.0008302818634547294,0.0008731868024760236,0.0008088357130065562
4441,0.0008669773856591847,0.0007475215615704656,0.0008723580005423477,0.0008074684559367597
4442,0.0008578541127240492,0.0008876932808198034,0.0008717467404901982,0.0008057296819053591
4443,0.000853854375373986,0.0007842361112125218,0.0008720635088471074,0.0008061610689386727
4444,0.0008945670876548522,0.000823447888251394,0.0008717487672343851,0.000814095236826688
4445,0.0008566875564348366,0.0008268860052339733,0.0008702797077078786,0.0008126970594748854
4446,0.0008912628894257877,0.0007394758169539273,0.0008695209693991476,0.0008124799420125781
4447,0.0008878879267204966,0.0007391195488162339,0.0008693100218195467,0.0008097111592069268
4448,0.0008250392988945047,0.0008877899567596615,0.0008687625615288401,0.0008135081737302243
4449,0.0008540464629833069,0.0007419585925526917,0.0008699754525752118,0.0008100456199608741
4450,0.0008804792221376879,0.0007508728629909456,0.0008717269720250948,0.0008000301064923405
4451,0.0008635286166746583,0.0007826421782374382,0.0008717193273879175,0.0007992494449950754
4452,0.0008780830619960195,0.0007532419846393168,0.0008726979281080681,0.0007944250169210137
4453,0.0008625995936907,0.000851296940818429,0.0008718202270515677,0.0007939925856888294
4454,0.0008694410166289244,0.0007646091468632221,0.0008709524707092595,0.0007974693604744971
4455,0.0008810132816951308,0.000803274407517165,0.0008698445593834753,0.0007917355633340776
4456,0.0008858281948293248,0.0010224685864523052,0.0008706944083587992,0.0007933619855903089
4457,0.0008640194836900466,0.000732044130563736,0.0008687572961466182,0.0007937638366594911
4458,0.0008577747632645898,0.0007481115497648716,0.0008684305582919885,0.0007915638819336892
4459,0.0008421394746336672,0.0007879206421785057,0.0008673435487887926,0.0007912343769334257
4460,0.0008628254337236285,0.000845538794528693,0.00086578946897967,0.0007944456471130252
4461,0.0008838044275115761,0.0007515597296878695,0.0008664382792905803,0.0007884830394759775
4462,0.0009275840724714929,0.0007713700621388852,0.0008678763661119674,0.0007893888709135354
4463,0.0008922086932903363,0.0007559916633181274,0.0008659148360136898,0.0007894296891056002
4464,0.0008851373278432422,0.0007312721177004278,0.000865250354906958,0.0007884440975263715
4465,0.0008708619163371623,0.000819471082650125,0.0008637524961028248,0.0007906657796353102
4466,0.000845283477101475,0.000834440931212157,0.0008642743283934477,0.0007869233441539109
4467,0.0008301563295794444,0.0007443483523093164,0.0008639704036992043,0.000791145693510771
4468,0.0008751005997570852,0.0008248966676183045,0.0008635599813010129,0.0007892556447535755
4469,0.000846139282350325,0.000833494164980948,0.0008627092369314697,0.0007827857088297607
4470,0.0008485191100690928,0.0007718871370889246,0.0008644925058819353,0.0007847225971519947
4471,0.0008640876518458955,0.000731238191947341,0.0008636165694644053,0.0007864811247214675
4472,0.0008490359314924313,0.0008194013033062219,0.0008639871711842715,0.0007862408908084035
4473,0.0008412595566672583,0.0007387247658334672,0.0008638403467109634,0.0007939749176613986
4474,0.0008899986335179872,0.00076460437849164,0.0008627567984163762,0.0007944597089663149
4475,0.0008314409696807464,0.0007518933177925646,0.0008601224786291521,0.0008013047148473562
4476,0.0008469165890063676,0.0007580023887567223,0.0008581705067410237,0.0008004976936616003
4477,0.0008406365918926894,0.0008087840373627842,0.0008575399223508107,0.0008015614680014552
4478,0.000875645400956273,0.0007577360537834465,0.0008574920545746055,0.0008014781346544624
4479,0.0008618428992728393,0.0008701678807847201,0.0008574976920978064,0.0008026605652645232
4480,0.0008707527217403468,0.0007560231885872782,0.0008595780759584158,0.0008028446319513023
4481,0.0008645595855907433,0.000860720188356936,0.0008584107932893351,0.0007997252828441561
4482,0.000908601207451688,0.0007804663386195898,0.0008584200742706241,0.0007956691369414331
4483,0.0008358763528263403,0.0007920747390016914,0.0008587107263143277,0.0007942548400722445
4484,0.0008514045176303221,0.0007819147943519056,0.0008597692764312442,0.0007945255194790662
4485,0.0008591548218909237,0.001038889465853572,0.0008591419919859617,0.0007911442466080191
4486,0.0008567157201468945,0.0007636795123107731,0.0008599784051430308,0.0007908687037415804
4487,0.0008617260777908894,0.0009424952091649175,0.0008586091024335475,0.0007908348646946252
4488,0.0008434093960871299,0.0007358161336742341,0.0008588110074556122,0.0007924461343325675
4489,0.000869372718087915,0.0007578664761967957,0.0008598446679767221,0.000796265151631087
4490,0.0008696652219320337,0.0008173877489753067,0.0008613344042199767,0.0008093175126239658
4491,0.0008454244151814944,0.0008640016964636743,0.0008631348522949137,0.0008085335549898446
4492,0.0008821659260946843,0.0007489500194787979,0.0008618896177090291,0.0008074733655899763
4493,0.0008459185330300695,0.0007469129399396479,0.0008624930848574472,0.0008130161026492714
4494,0.0008463713068825504,0.0007320905174128711,0.0008620888815468385,0.000810979000572115
4495,0.0008557854111616811,0.000736529715359211,0.0008601324955260175,0.0008089665709994732
4496,0.000890551404768808,0.0007380051771178842,0.0008600644959912945,0.0008081416240893304
4497,0.0008333538203603692,0.0007348694815300405,0.0008615243615944765,0.0008115835985168814
4498,0.0008621698855939839,0.0007318361941725016,0.0008626060961073056,0.0008000771499238907
4499,0.0008557660657809012,0.0007637584023177623,0.0008623355691683375,0.0007984564959071576
4500,0.0008364885952323676,0.0007921750587411225,0.0008618157674196278,0.0007931428605690597
4501,0.0008727581020341152,0.0008534778212197125,0.0008618434940620013,0.0007951901962049304
4502,0.0008778799979740547,0.001135093062184751,0.0008608516160760901,0.000797138247359544
4503,0.0009206566028296947,0.000738137112930417,0.0008629599016728915,0.0007985394762828944
4504,0.0008307120346257256,0.000843663145788014,0.0008624144423701283,0.0007991412466391919
4505,0.0008858394004508025,0.0008945916150696576,0.0008637582100255208,0.0008003307046368717
4506,0.0008544545028255217,0.0008097926364280284,0.0008651945916987542,0.000800262451916933
4507,0.0008596915569311629,0.0007301555993035436,0.0008659415798520463,0.0008038882835768163
4508,0.0008341763644582695,0.0007714510662481189,0.000865967591888168,0.0008111616297625005
4509,0.0008879011577098733,0.0008679641550406814,0.0008634999976338197,0.0008128067672252654
4510,0.0008861981847116517,0.000751228251028806,0.000864555901563209,0.0008317082495428622
4511,0.0008499525466726886,0.0007231631618924439,0.0008657777157767365,0.0008363292444497347
4512,0.0008487310340731508,0.0008096543257124722,0.0008670155476106123,0.0008367075563408434
4513,0.0008441025621464683,0.0007869995245710016,0.0008673606895065555,0.000835154736880213
4514,0.000844575768440134,0.000806567755062133,0.000866502126445994,0.000831037497613579
4515,0.000922372361852063,0.0008524184720590711,0.0008653879343273326,0.00082424580687657
4516,0.0008317879326124159,0.0008790459553711116,0.0008617712229024621,0.0008249521307647227
4517,0.0009157601174794966,0.0007786864694207907,0.0008621778242548721,0.0008225799008272589
4518,0.0008818280748609039,0.000745206621941179,0.0008610542217114321,0.0008165748885832728
4519,0.0008650460107148521,0.0008227363089099526,0.0008609679482204634,0.0008129912270233035
4520,0.0008564357120647199,0.0009183633700013161,0.0008601661390883643,0.0008136507556773723
4521,0.0008288615484101077,0.0007791336136870086,0.000861657858044944,0.000825609210226685
4522,0.0008597514185950988,0.0012074065394699573,0.000861554190594082,0.0008265046703629196
4523,0.0008927152409321732,0.0008473610668443143,0.0008602237896631575,0.0008256259976886214
4524,0.0008867118616277973,0.0007732161995954812,0.0008593409361369493,0.0008261940618045629
4525,0.000845117142630948,0.0007533545722253621,0.000858723064413708,0.0008233198634348812
4526,0.0008512940255200697,0.0007505468395538628,0.0008601493034563543,0.0008323805213905872
4527,0.000850025195007523,0.0009653007937595248,0.0008601594128645955,0.0008290975726209582
4528,0.0008302388172079291,0.000755795210134238,0.0008572595938419301,0.0008242124901153149
4529,0.0008408770684359803,0.000784357397351414,0.0008576924570215244,0.000823561997525394
4530,0.0008577493368647993,0.0007444663089700044,0.0008579399865431089,0.0008299404585734012
4531,0.0008522976655513048,0.0007202010974287987,0.0008567423358145687,0.0008384607073850931
4532,0.000839646328628684,0.0007466438156552613,0.0008558559676890985,0.0008359005591832101
4533,0.0008714693383727637,0.0010704124299809336,0.0008558670852178089,0.0008297589056193829
4534,0.0008853094714383284,0.0008903506584465504,0.000856138486865287,0.0008275789891369642
4535,0.000852938161438538,0.0007292614341713488,0.0008550764675924762,0.0008092885707505048
4536,0.0008278812085174852,0.000737364764790982,0.000852451222881468,0.0008054596360772849
4537,0.000833284240992119,0.0007377993664704263,0.0008501232790864177,0.0008085793528705836
4538,0.0008797585382126272,0.0010135159734636545,0.0008496210832769672,0.0008091024708002806
4539,0.0008448285036461635,0.000724494035821408,0.0008492869248924156,0.0008078290734440088
4540,0.0008498768862854276,0.0007302914094179869,0.0008492257575504483,0.0007989116166718305
4541,0.0008426095121022728,0.0008627836406230927,0.0008507564772851766,0.0008022014564834535
4542,0.0009219483555191093,0.000938147995620966,0.0008510314589625018,0.000799470042437315
4543,0.0008518868066473967,0.000958212842233479,0.0008517831410591802,0.0008034727772697805
4544,0.0008428868075780984,0.0007587326038628817,0.0008519476828268834,0.0008039694814011454
4545,0.0008567136502824723,0.0007648220309056341,0.0008531215818236685,0.0008074513887986539
4546,0.0008356465895970663,0.0007246357016265393,0.0008523930664174258,0.0007955892650410531
4547,0.0008332009367748267,0.0007501460798084736,0.0008504295052960515,0.0007915225408039986
4548,0.0008270841231569647,0.0007516377000138163,0.0008492955472527281,0.0007929762784391641
4549,0.0008285132667515426,0.0008512091194279492,0.0008493731901877456,0.0007949200233444571
4550,0.0008325622473946877,0.000766432520467788,0.0008515489911867513,0.0007977275907061995
4551,0.0008429400659062796,0.0007187119056470692,0.000850389306868116,0.000785908528417349
4552,0.0008484960114583373,0.0007423643744550645,0.0008502697799716973,0.0007892887850292029
4553,0.0008685068105761376,0.0008380412054248154,0.0008504715724149718,0.0007901280477643014
4554,0.0008477516103691112,0.0007160720461979508,0.0008499852951383217,0.0007855015703476967
4555,0.000876541389281758,0.0008445346797816456,0.0008467498434578171,0.0007854974928312005
4556,0.0008564112097438839,0.0007326187007129192,0.0008461626682301155,0.0007789062783122064
4557,0.0008689938035483162,0.0008336915005929768,0.0008468199411639944,0.0007771763461641968
4558,0.0008532564532166967,0.0007738593360409141,0.0008474362171384402,0.0007807579810731114
4559,0.0008362204434039692,0.0007886825525201857,0.0008478526317954269,0.0007870077266357839
4560,0.0008245892103554474,0.0007656048750504851,0.0008471315700690157,0.0007909819548949598
4561,0.0008298222818929288,0.0007859583874233067,0.0008481719850588382,0.0007904647701419889
4562,0.0008876792659672598,0.0008079885505139828,0.000848395633415526,0.000785052628442645
4563,0.0008507664302467472,0.0007180394162423909,0.0008481859155490787,0.0007893361216410994
4564,0.0008418403312356936,0.000809000451117754,0.0008472262374668695,0.0007915418370626866
4565,0.0008549216973672932,0.0007512729777954519,0.0008480179944929359,0.0007916162519715726
4566,0.000830452580186021,0.0007471217052079737,0.0008464783266523027,0.0007872899998910725
4567,0.000841062063506494,0.0009380460577085615,0.0008460269392649125,0.0007923544750548898
4568,0.0008372074259548551,0.0007934324792586267,0.0008454272830677736,0.0007925501901656389
4569,0.0008593186309250692,0.0007154843001626432,0.0008446835767400141,0.0007924866842105986
4570,0.0008721205496436192,0.0008543629036284983,0.0008432210202665172,0.000789083635993302
4571,0.000846056956021736,0.0008808793406933546,0.0008440006074469745,0.0008002092514187098
4572,0.0008151743936145471,0.000849501786287874,0.0008449990776859017,0.0007991582814604044
4573,0.0008530944979025258,0.000738708081189543,0.0008453651723943444,0.0007986503803171218
4574,0.000834104475668735,0.0007159055769443512,0.0008453654295325073,0.0007971835982985794
4575,0.0008273193007335066,0.0008735198504291475,0.0008436660783442978,0.0007964551678858698
4576,0.0008189481138510422,0.0007738547911867499,0.0008432685000692599,0.0007979586371220649
4577,0.0008682899371099969,0.0007442247471772135,0.0008430243138611939,0.0008019179564900697
4578,0.0008300151145603094,0.0007298849034123123,0.0008445536968815659,0.0008006530616432429
4579,0.0008364669256843626,0.000842683925293386,0.0008450506397626467,0.0007992736608721317
4580,0.0008615499843532841,0.0008494275575503707,0.0008446835177277941,0.0007915974171832206
4581,0.0008378185515498949,0.0007310310518369079,0.0008453761561980678,0.0007894588403403761
4582,0.000832429891710894,0.0007486152951605618,0.0008447697836491796,0.0007908446204848589
4583,0.0008727461327281263,0.0010519997216761113,0.000843210775198208,0.0007885599465109409
4584,0.0008611821993771526,0.0007624083035625517,0.0008433464856714839,0.0007826595059596004
4585,0.0008337415780665146,0.0007529073464684189,0.0008443624466140237,0.0007773750905878843
4586,0.0008298287103470001,0.0007492888369597494,0.0008433781083052358,0.0007775899320840836
4587,0.0008451954862620267,0.0007897777901962399,0.0008429811340756715,0.0007788630618713797
4588,0.0008408269733707938,0.000755626147147268,0.0008422944198983411,0.00077322335569188
4589,0.0008357356760340432,0.000907983435317874,0.000842955037791075,0.0007748073467053473
4590,0.0008931562728765938,0.000719650606624782,0.0008410725303873833,0.0007744680574163795
4591,0.000842876152213042,0.0007126366859301924,0.0008416436883465697,0.0007753169775009156
4592,0.0008318840126351764,0.0007461399654857814,0.0008423585423216638,0.000772630113363266
4593,0.0008545233877117021,0.0007399680581875145,0.000841371329402965,0.0007685674385167658
4594,0.0008441593172028661,0.0007501288037747145,0.0008408268029956768,0.0007721971698105335
4595,0.0008331453383693265,0.0007972460542805493,0.00084153189497172,0.0007712873408570886
4596,0.0008494497178536323,0.0007333683269098401,0.0008399103737694935,0.0007591651662252843
4597,0.0008405734171780447,0.0007173914019949734,0.0008393936048727482,0.000762029795255512
4598,0.0008284860401828256,0.0007440791185945272,0.0008407455874555227,0.0007606301604770124
4599,0.0008241801199296283,0.0007477338216267526,0.0008412033920641987,0.0007614341970533132
4600,0.0008101514463002483,0.0007325271959416568,0.0008417065674904733,0.0007588163479231298
4601,0.0008354635611693892,0.0008134545665234327,0.0008412027640112987,0.0007598843160085379
4602,0.0008212272520177066,0.0007357425149530172,0.0008408337746177696,0.0007548607041127979
4603,0.0008442940635399686,0.0007511079055257142,0.0008395386051283114,0.0007604757498949767
4604,0.0008543382750617134,0.0007755123218521476,0.0008393656939423333,0.0007620598389767111
4605,0.0008368696613858143,0.0007478606863878667,0.0008385732379121085,0.0007605899779126048
4606,0.0008242053913676905,0.0008217743341811002,0.0008372216117620054,0.0007605616400949657
4607,0.0008500571911119753,0.0007258695713244378,0.0008365118310114162,0.0007590505023486913
4608,0.0008322081026724644,0.0007489453558810055,0.0008361907099321899,0.0007554547145031393
4609,0.0008482629769585199,0.0008340240293182433,0.0008347522032084978,0.0007546241212636232
4610,0.0008675411426358753,0.0007179164770059288,0.0008350193907972425,0.0007545831162482501
4611,0.0008412738255639043,0.0007693897513672709,0.0008347699391396923,0.0007531478651799263
4612,0.0008577748719188902,0.0007243315619416535,0.0008344067779007471,0.0007524403486400843
4613,0.0008282318863914245,0.0007823253492824733,0.0008342910696597149,0.0007575237204320729
4614,0.0008265109411958191,0.0007823931379243731,0.0008329147518250262,0.0007539016662165523
4615,0.0008607770356401387,0.0008600267511792481,0.0008338904013702024,0.0007580476190894842
4616,0.0008385533725635873,0.0007522389129735529,0.0008339981463789524,0.0007568733349442481
4617,0.0008120726118795574,0.0007093934388831258,0.0008338095769337895,0.0007560493806377052
4618,0.0008207327339591252,0.0007392596127465367,0.0008348333882116194,0.0007556102689355611
4619,0.0008264147984381351,0.0007123503601178527,0.0008358289037675907,0.0007538640392944216
4620,0.0008251173113886681,0.0007073513581417501,0.0008349522240408178,0.0007555488822981715
4621,0.0008134870497613318,0.0007126034959219396,0.0008363610094516642,0.0007551082499325275
4622,0.0008472531068966621,0.0007163662766106427,0.0008359308844949636,0.0007505070534534752
4623,0.0008222497487440705,0.0007081978418864309,0.0008345183916803864,0.0007502456139773131
4624,0.0008151010889559984,0.0007300459081307053,0.0008346358739615727,0.0007507577179931104
4625,0.0008072587402744426,0.0008596114907413722,0.0008340677183121443,0.0007550443390384317
4626,0.0008010556153021753,0.0007229032111354172,0.0008343088746174342,0.0007525004977360369
4627,0.0008456184906471106,0.0008393913367763161,0.0008343542942984237,0.000752959423325956
4628,0.000846987688758721,0.0007217508018948137,0.000833507719087518,0.0007494483768008651
4629,0.000849624038932638,0.0007549134641885758,0.0008327598658700785,0.0007490518880076708
4630,0.0008624649433315628,0.0007368828938342631,0.0008331068066776628,0.000749185553751886
4631,0.0008490932802669704,0.0007781185931526125,0.000833792007693814,0.0007547884567640723
4632,0.0008281401979426543,0.000767990646418184,0.0008336569539685217,0.0007562713584862651
4633,0.0008674277379436212,0.0007379295467399061,0.0008327297750860454,0.0007575037848204376
4634,0.0008375098530410065,0.0007189941173419357,0.0008327117206890966,0.0007571805097162725
4635,0.0008322288222714431,0.0007113804901018739,0.000832368399259738,0.0007568620003759862
4636,0.0008442108825935672,0.0007821923517622053,0.0008322508143416298,0.0007565359894186259
4637,0.000843570980683176,0.0008314970880746841,0.0008321257303210185,0.0007565889188088478
4638,0.0008342607940236727,0.0007187293167226017,0.0008331524015507764,0.0007509862281382083
4639,0.0008276464332205554,0.0007938662776723505,0.0008363184533185428,0.0007653989878483118
4640,0.0008396126553674953,0.0007722505880519748,0.00083691840250459,0.0007679058587178588
4641,0.0008198570421275993,0.0007423266931436956,0.0008359465549803444,0.0007702819837257268
4642,0.0008207461320691639,0.0007127350824885071,0.0008358844159067505,0.0007686523604206742
4643,0.0008378627593629062,0.000879332188051194,0.000833481414233231,0.0007686527494341136
4644,0.000823038455305828,0.0007494229031726718,0.0008324757151305678,0.0007658552731387318
4645,0.0008019378393267592,0.0007381620164960623,0.0008326306954129703,0.0007631979598663748
4646,0.0008130356898376097,0.0007045216183178127,0.0008302097358430425,0.0007618111980147662
4647,0.0008386700711626974,0.0007084035431034863,0.0008293152287188503,0.0007640150647610427
4648,0.0008193101257913643,0.0007000475679524243,0.0008294999702937074,0.0007645681581459941
4649,0.0008119739884407156,0.0007313691428862512,0.0008288523468758084,0.0007647503776475789
4650,0.0008329255210183975,0.0007195442239753902,0.0008283540973232853,0.000761730604618788
4651,0.0008802069094963372,0.0010832222038879992,0.0008278580957247565,0.0007609552141278985
4652,0.0008606172202982837,0.0009020631085149943,0.0008270318170233318,0.0007571553149260583
4653,0.0008226915006525814,0.0007811539270915091,0.0008260483898636367,0.0007598167645744982
4654,0.0008480705620927943,0.0007141728815622628,0.0008262734301181303,0.000758378314599395
4655,0.0008023899014935725,0.0007368926191702486,0.0008264615992394586,0.0007612536807544531
4656,0.0008239508027003871,0.0007081816857680679,0.0008260728533379733,0.0007540409361012282
4657,0.0008320147050027218,0.0007015578146092594,0.0008268256336140135,0.0007517867580056193
4658,0.0008069037486954281,0.0007032605004496873,0.0008271002607885748,0.0007530547268688681
4659,0.0008151471749362018,0.000774090785998851,0.0008281230632008776,0.0007565377903170885
4660,0.0008368473616428673,0.0007252078247256577,0.0008278493586410249,0.000756279721017927
4661,0.0008280202971460919,0.0007867478393018246,0.0008283646038940382,0.0007572244707494975
4662,0.0008311147418700986,0.0007560027623549104,0.0008282013337645265,0.0007599372981116177
4663,0.0008218607540604555,0.000699344554450363,0.0008284496209118515,0.0007648703055456281
4664,0.0008069894656849404,0.0006988687976263463,0.0008276339582840187,0.0007528339786455036
4665,0.0008150269763751162,0.0008387868292629719,0.0008261717678409897,0.0007483568988740445
4666,0.0008254830484899382,0.0007063654437661171,0.0008256366081794517,0.0007451236248016358
4667,0.000825450360102372,0.0007846192363649607,0.0008243803361068583,0.0007469929868355393
4668,0.0008281441118257741,0.0006990135717205704,0.00082466182476427,0.0007457927049137652
4669,0.0008418579622068338,0.0006930684507824481,0.000825334741252785,0.0007455086318776012
4670,0.0008088035186907897,0.0007698612380772829,0.0008249664832889621,0.0007480086287483573
4671,0.0008386057501451837,0.0007915982045233249,0.0008251453065416881,0.0007511120023205876
4672,0.0008318274571663803,0.0007019518106244504,0.0008264237753012115,0.000756021473184228
4673,0.0008321912571166953,0.0007236663112416864,0.0008261834988991421,0.0007687627204693853
4674,0.0008078922352029218,0.000799189826939255,0.0008276794213905102,0.0007690356294624507
4675,0.0008391326997015211,0.0008428694098256528,0.0008273203185035122,0.0007764777311123907
4676,0.0008598153438005182,0.0007823140313848854,0.0008283177459353789,0.0007764677294529973
4677,0.0008240624592225585,0.0007901361142285168,0.0008286137206531648,0.0007766195844858884
4678,0.0008093125091141297,0.0007003220752812922,0.0008276850186598798,0.0007711182653903961
4679,0.0008166637602779601,0.0007609069324098528,0.0008265208326176637,0.0007709520085714757
4680,0.0008094271179288626,0.0007068855711258948,0.0008262695491313936,0.0007705664868466555
4681,0.0008407737149132622,0.0007010798598639667,0.0008258486385043297,0.0007719704554416238
4682,0.0008228082559071481,0.0007640577363781632,0.0008241727065088022,0.0007735043911263346
4683,0.0008113743300135765,0.0007808448397554457,0.0008240467801845324,0.0007718683688901363
4684,0.0008471088939242893,0.0008968275575898587,0.0008224456761187566,0.0007715490239672361
4685,0.0008308404515911307,0.0010437390068545938,0.0008214568353309815,0.000771874329354614
4686,0.0008654183594302998,0.0007935705641284585,0.000821094346486239,0.0007732661517336965
4687,0.0008221371696951489,0.0009420553036034108,0.0008207968261869004,0.0007717608500272035
4688,0.0008467964398571186,0.0006990945129655301,0.0008190553580566001,0.000765996996499598
4689,0.0008143888336295883,0.0007026651734486222,0.0008162296449817305,0.0007639848812483251
4690,0.0007918094265429924,0.0007012538518756628,0.000814943970884714,0.0007600953654386103
4691,0.000796378397434536,0.0007022090232931078,0.0008150524949396237,0.0007604872718453406
4692,0.000819168272945616,0.0007749811932444572,0.0008154707897713202,0.0007582887308672071
4693,0.0008176213461491797,0.0007341127865947783,0.0008158461623876873,0.0007590355293825271
4694,0.0007999596623186435,0.0007314168429002166,0.0008157798805843212,0.0007622023873031141
4695,0.0008056553605840438,0.0007289606821723282,0.0008147793293671892,0.0007618685763329269
4696,0.0007985781485007868,0.00078361458145082,0.0008146964897349891,0.0007625375935807826
4697,0.0008071064374720057,0.000710084445308894,0.0008133582121330417,0.0007639238287694753
4698,0.0008231290359981358,0.0007584618707187474,0.0008120141968286285,0.0007505918884649872
4699,0.000800454227719456,0.0007615572842769325,0.0008093715243507176,0.0007467205491848289
4700,0.0007955959964440101,0.0006987730716355145,0.000808465233978091,0.0007365579303354023
4701,0.0007891725169287787,0.0007320111501030624,0.0008067723117406582,0.0007366936318576336
4702,0.0007919206067971471,0.000692898218985647,0.0008079765415802184,0.0007400276098400353
4703,0.0008120256104868734,0.0007101197354495525,0.0008088295019438697,0.0007427974073216317
4704,0.0008271211310703721,0.0007059434079565108,0.000808917631069198,0.0007428060926496982
4705,0.0008188114333380428,0.0007255555340088904,0.000808359461955519,0.0007396279248408972
4706,0.000839116669829107,0.0007802513078786433,0.0008079040035036287,0.000739898563362658
4707,0.0007977944754788446,0.0007557124621234834,0.0008088327465630653,0.0007535522395744919
4708,0.0008093033392085798,0.0007975702709518373,0.0008098497028824769,0.0007538782602176069
4709,0.0008136519538756046,0.000931483437307179,0.0008108766931781752,0.00075074251499027
4710,0.0007972400689808031,0.0007104404992423952,0.0008109187144630898,0.0007502386547625064
4711,0.000799351547482527,0.0006967870821245015,0.0008102696353724845,0.0007490870116278528
4712,0.0007994799103794826,0.000687989832367748,0.000810182049906709,0.0007472256440669298
4713,0.0008044733839213021,0.0007024870510213077,0.0008107580846382512,0.000748214528337121
4714,0.0008444945796185898,0.0007860146230086684,0.0008108153448595356,0.000747622363641858
4715,0.0008131334356342752,0.0007704987889155746,0.0008109986409027543,0.0007529151946306229
4716,0.0007985816255677491,0.0007024261564947665,0.0008104358828160911,0.000752554478496313
4717,0.0008052140451036394,0.0006955269980244338,0.0008092886036831058,0.0007526581342332066
4718,0.0008062348848519226,0.0007408787496387959,0.0008086190266896868,0.0007512101445347071
4719,0.0008231782388045556,0.0010727587481960655,0.0008076788106778016,0.0007521529641002417
4720,0.0008310792685693336,0.0007371111982502044,0.0008087730821273808,0.0007504092420451343
4721,0.000824252905893243,0.0007052209507673979,0.000809756095464238,0.0007492069602012635
4722,0.0008081569695948727,0.0006974879396148026,0.0008089505790888023,0.0007401429204270245
4723,0.0008069020587330063,0.0007296707923524082,0.0008105504323883604,0.0007488037254661321
4724,0.0007982645910750661,0.000715023095253855,0.00081202511441273,0.0007510583877563476
4725,0.0008099968647325618,0.0007234951783902943,0.0008121552330390034,0.0007512618602253497
4726,0.0007906040224608862,0.0007172070327214897,0.0008116345345094389,0.0007540370537899436
4727,0.0007965030078776181,0.000825218993704766,0.0008099099706910138,0.0007526132855564357
4728,0.0007979566583202945,0.0007011018320918083,0.0008096334136556834,0.0007494222170673311
4729,0.0007984391527457369,0.0007085348013788461,0.0008097917058660338,0.000748794111981988
4730,0.0008020720085025662,0.0006893557915464044,0.0008101894641760737,0.0007571223262697459
4731,0.0008156112695319785,0.0008038217970170081,0.0008113145151848179,0.0007560207069851458
4732,0.0008251512617183228,0.0007121194107457996,0.0008103996258798158,0.0007409493399783969
4733,0.0008338786726300087,0.0007675132248550654,0.0008092112908502005,0.0007398621389642357
4734,0.0007935140444897115,0.0007048824429512024,0.0008085292778547025,0.0007423032567836343
4735,0.0008372364014697572,0.0009269606252200901,0.000808208446147748,0.0007414837311953305
4736,0.0008362185980917679,0.0007531536393798888,0.000807873506249032,0.000740413268096745
4737,0.0008027328760363162,0.0006930766440927982,0.0008079513869507031,0.0007439464208669961
4738,0.0007914559206821853,0.0007718668901361525,0.000808254336907218,0.0007439685293473303
4739,0.0008013804841579663,0.0007504204171709716,0.0008083397363622983,0.0007441113266162575
4740,0.0008062195097510186,0.0006907220766879618,0.0008081007570183526,0.0007390958588570356
4741,0.0008025389308265099,0.0006867235293611884,0.0008086815610993653,0.0007412452428601684
4742,0.0008151580028546353,0.0009037323552183807,0.0008080126398812152,0.000741025983169675
4743,0.0008343611600705319,0.0007133382675237953,0.0008074548889934602,0.0007406135764904319
4744,0.0008003060061795017,0.0006959745730273425,0.0008079571155572517,0.0007358415646478533
4745,0.0008013708928289513,0.0007099311728961766,0.0008072170045692474,0.0007355126859620214
4746,0.0008072025810057918,0.000766248896252364,0.0008052579175473916,0.0007322042702697217
4747,0.0008001361769210133,0.0006769997999072075,0.0008064715088448591,0.0007316544538363814
4748,0.0007985285612651043,0.000702909214887768,0.0008049243253655731,0.0007266494613140821
4749,0.0008002116086168421,0.0008033519145101309,0.0008034419206281503,0.0007249588591977953
4750,0.0008175706136454311,0.0007240478903986513,0.0008037266131697431,0.0007275394789874553
4751,0.0007927390088378969,0.0007207769644446672,0.0008052005300091373,0.0007245963908731937
4752,0.0007905285242789735,0.0006998322997242212,0.000804936366233354,0.0007246429895050825
4753,0.0008124767603456146,0.0007548364321701229,0.0008047116310076997,0.0007246318974532189
4754,0.0007817161222919822,0.0007030533091165126,0.0008057580282808181,0.0007250114312395454
4755,0.0007881282363086939,0.0006790456245653331,0.0008063309959446392,0.0007179102260619403
4756,0.0008281669336267643,0.0006845215009525418,0.0008050940120127054,0.0007192424631677569
4757,0.0008066484870182144,0.000703897443599999,0.0008043682030453866,0.0007210416311398148
4758,0.0007849014970836126,0.0006848028325475752,0.0008041383149050591,0.0007206834318116308
4759,0.0008238538269264002,0.0006911370321176947,0.000803737303485266,0.0007211545729078352
4760,0.0007985568144876096,0.0008018358121626079,0.0008029669167422172,0.0007218800090253353
4761,0.0007991584796561963,0.0007108885864727199,0.0008027587797544482,0.0007260706819593905
4762,0.0008098501895761324,0.0007575921388342976,0.000802478836895898,0.0007228688144125043
4763,0.0008283038416670429,0.0006982896872796119,0.000801410103801431,0.0007209176166914403
4764,0.0007947763897633801,0.0007515853829681874,0.0008014517569604019,0.0007195259477011859
4765,0.0008006011291096607,0.00069044477539137,0.0008009281512194623,0.000720651153475046
4766,0.0008286988626544674,0.0006962118740193546,0.0007999169613182958,0.0007185099196620285
4767,0.0008294821944501665,0.0007262022257782519,0.0008013953691969314,0.0007183919255621731
4768,0.0008034365617721859,0.0007466441951692104,0.0008013022153431342,0.0007187352814711631
4769,0.0007821607819965316,0.000740953772328794,0.0007994077537208794,0.0007214194571599364
4770,0.0007956236893207662,0.0007009761896915734,0.0008002090352690881,0.0007242808467708529
4771,0.0007971772955109676,0.0007780274236574769,0.000799823722569272,0.0007303314412944019
4772,0.0007808765083447927,0.0006951357028447091,0.000799208248520477,0.0007303325842134656
4773,0.0007933251365708808,0.0008076760382391512,0.0007990485857447817,0.0007276064689271152
4774,0.000793213037153085,0.0007233052258379757,0.0007984877604163355,0.0007260369169525803
4775,0.0007908522862837546,0.0006752679473720491,0.0007972563766201751,0.0007249582519754768
4776,0.000793780337812172,0.000685985239688307,0.0007955311338882893,0.0007296847311779858
4777,0.0007774383807554841,0.0007279624440707267,0.0007961633263259299,0.000726759990118444
4778,0.0007871970128164523,0.0007013055868446827,0.0007968672154988679,0.0007360231505706906
4779,0.0008186763192578737,0.000700103456620127,0.0007953934229289493,0.0007373128657229245
4780,0.0007857993899637627,0.0006876295222900808,0.0007936031686866448,0.0007365614047273993
4781,0.0007808053930703964,0.0007516258931718766,0.0007929926049067742,0.0007350521989166738
4782,0.0008266805257234308,0.0007754321838729084,0.0007934120018863014,0.0007341433483175932
4783,0.0007752686795882053,0.0008360676956363023,0.0007927252957079974,0.0007332407026551664
4784,0.000808466975706526,0.0006911656050942838,0.0007939599867910148,0.0007324917016550898
4785,0.0007945652450952265,0.0007336829300038516,0.0007945398767375285,0.0007342469528317452
4786,0.0007851378464450439,0.0006716497871093452,0.0007965957015442353,0.0007353341849520803
4787,0.0007790655946721219,0.0007306255144067109,0.0007967963086027239,0.0007343454867601395
4788,0.0007851727733698984,0.000816451667342335,0.0007971488056756142,0.0007355623379349708
4789,0.0008105812007043924,0.0006784668564796448,0.0007964071153300919,0.0007364798283204437
4790,0.0008181983584331142,0.0009220237866975367,0.0007963383484580037,0.0007461166230030358
4791,0.0007918540484064982,0.0007284547528252005,0.0007967744787896259,0.0007497891432605684
4792,0.000784725838392559,0.0007074157008901238,0.0007951681928450449,0.0007495973400771619
4793,0.0007881724672754192,0.0007089140499010682,0.0007969843496309799,0.0007511437300592662
4794,0.0007926457064847152,0.0007182325073517859,0.000796733925020736,0.0007480824842117727
4795,0.0007784560348631607,0.0006784100481308997,0.0007947864410984846,0.0007452457636594773
4796,0.0008280445725864006,0.0007593023986555636,0.0007957695973209209,0.0007391807026229799
4797,0.0007953737570076353,0.0007390169822610915,0.0007945846040164018,0.0007395576903596521
4798,0.0008447207567385502,0.0008348568412475288,0.0007940531697486424,0.0007370708878152074
4799,0.0007982282136153016,0.0006985877710394561,0.0007935075833203478,0.0007403622924350203
4800,0.0007996647131060146,0.0007056892267428338,0.0007936760862357914,0.0007386002087034285
4801,0.0007752380791741113,0.0007089224993251265,0.0007947873887657705,0.0007350162641145289
4802,0.0007757192089532812,0.0009688823111355304,0.0007937848571118794,0.0007362798018380998
4803,0.0007981002711070081,0.0007931185932829976,0.0007918168124794545,0.0007300696788355707
4804,0.0007785191706433478,0.0006953083770349622,0.0007913614343179182,0.0007279652496799826
4805,0.0008312033096121417,0.0007262892718426883,0.0007907619487442489,0.0007265311951749026
4806,0.0007745447778142989,0.0006750947469845414,0.0007910165497308802,0.0007250807107426225
4807,0.0007779934276671459,0.0007045141700655222,0.0007907633413250246,0.0007244071828201412
4808,0.0007998475851491094,0.0006844411697238684,0.0007910368571937497,0.0007245250178501009
4809,0.0007788421430935462,0.0007005902985110879,0.0007884463338129635,0.0007210678619332611
4810,0.0007812793884012434,0.0006715128663927316,0.0007892896440449273,0.0007226717019453645
4811,0.0007714981857376794,0.0007539349026046693,0.0007869206560982597,0.0007176410174928607
4812,0.0007832781675582131,0.0006865734211169184,0.000785595022739532,0.0007221382618881762
4813,0.0008129553366193755,0.0007268530526198446,0.0007855970536177564,0.0007216722113080323
4814,0.0007855179093571173,0.0007100552995689213,0.0007854285158346302,0.0007200559674762191
4815,0.0007689972426224914,0.0007667707116343081,0.0007859424652143691,0.0007087350909598172
4816,0.0007804695943680902,0.0006758440239354968,0.0007848955128574743,0.0007035046609118581
4817,0.0007697386990508272,0.0006715643382631243,0.0007846559970924216,0.0007037611548788846
4818,0.0007945374919412037,0.0006726519390940666,0.0007837909991464888,0.0007014674269594251
4819,0.0007863154963383244,0.0007013943092897535,0.000784724063004574,0.0007055397473275661
4820,0.0007852939315812869,0.0006813559238798917,0.0007847249502704168,0.0007044587619602679
4821,0.0007632814880667461,0.0006728735007345677,0.0007831379189440567,0.0007088576948270202
4822,0.0008164565128067301,0.0007791129825636744,0.0007830151126487181,0.000707906666956842
4823,0.00078549605807186,0.0007090897299349308,0.0007830183861544357,0.0007077007887884974
4824,0.0007650873796471084,0.0008110188809223473,0.0007841254444353077,0.0007042372612282633
4825,0.0007997154850616224,0.0006940379622392357,0.0007841780572275943,0.0007068743481300771
4826,0.0007710246345959603,0.000668516403529793,0.000783444399922155,0.0007066192909143867
4827,0.0007885679434467521,0.0006858603982254863,0.000783290432422008,0.0007052933120168746
4828,0.0007719264621846378,0.0006623578420840204,0.0007833278394795747,0.0007037319389171897
4829,0.0007725312765170302,0.0007017207262106239,0.0007830228556646035,0.0007032416605390608
4830,0.0008095783609638197,0.0006689460738562047,0.0007839671324705705,0.0007075069143436847
4831,0.0007978713742664291,0.0007769027561880649,0.0007838170174276456,0.0007074191194027661
4832,0.0007780156093132165,0.000677489535883069,0.0007841227440448063,0.0007061371633782983
4833,0.000760171801990105,0.000794414491392672,0.0007840744540535119,0.0007064210582524538
4834,0.0007757719857100811,0.0006768146017566323,0.0007853547722541001,0.0007082451362162828
4835,0.0007813612260441814,0.0006663659121841192,0.0007833314402365228,0.0007039828212931752
4836,0.0007991746427594787,0.0006673467135988176,0.0007827245721774589,0.0007020424101501703
4837,0.0007845934873653783,0.000752500593662262,0.0007825002864831023,0.0006985417841933668
4838,0.0007946139039833927,0.0007204766222275793,0.0007815346245860886,0.0007061578159220517
4839,0.000781668721853445,0.0006769058271311224,0.0007818262029749651,0.0007063619424588978
4840,0.0007699324190616608,0.0007277363841421903,0.0007807492819718189,0.0007054501147940755
4841,0.0007728449989938073,0.0006635870644822717,0.000780632902474867,0.0007052469102665781
4842,0.0007933456192000045,0.0007781956833787262,0.0007808649789541962,0.0007091642620973288
4843,0.0007907846158680817,0.0006704570655710995,0.0007796704755837306,0.0007325321840122342
4844,0.0007939586617673437,0.0006693454086780548,0.0007803086771060611,0.0007294900395907461
4845,0.0007840866817989283,0.0006884532957337797,0.0007793965493380611,0.0007288857945241035
4846,0.0007952894430814518,0.0007184754498302937,0.000779704846115783,0.0007235227895900607
4847,0.0007658732123672962,0.0006725551094859839,0.0007802504987300685,0.0007259014763869346
4848,0.0007703243565952612,0.0006605794513598085,0.0007807962666006966,0.0007301731202751399
4849,0.0007594802372881935,0.0007235032320022583,0.0007792462211878349,0.0007308085591532291
4850,0.0007755739376362827,0.0008844387554563581,0.0007799895160055408,0.0007276263440027834
4851,0.00077831409431787,0.000673619566950947,0.0007789885625553627,0.0007257068468257786
4852,0.0007616449183680945,0.0006630647066049278,0.0007787942062856422,0.0007351236651651562
4853,0.0007690169747608404,0.0006572777288965881,0.0007793873825110494,0.000734897156711668
4854,0.0007783331885002553,0.0007996545219793916,0.0007793521969682639,0.0007363759325817229
4855,0.0007797157767021821,0.0012531441217288374,0.0007785294629374726,0.0007370329695753755
4856,0.0008138264123246901,0.0007008491456508637,0.0007772430651872935,0.0007365539673715833
4857,0.0007552124151132174,0.000662383409217,0.0007757503849712924,0.0007361091039143505
4858,0.0007678792214331528,0.0006603393680416048,0.0007749327266330106,0.0007358759038150314
4859,0.0007894133010672199,0.0007362817716784775,0.0007746165333367469,0.0007349646620452406
4860,0.0007950054228098856,0.0007731570093892514,0.0007743259164763409,0.0007427066190168263
4861,0.0007604235074379378,0.0006832326855510473,0.000773641890116657,0.0007443139337934555
4862,0.000803175857808027,0.0006729452149011195,0.0007740209118049179,0.0007445816989988088
4863,0.00076959006772894,0.000672489192802459,0.0007743578186362155,0.0007373825049027799
4864,0.0007768098151104318,0.0009123262856155634,0.000773815815233522,0.0007393978291191158
4865,0.0007847618246968422,0.0007220736728049815,0.0007753182972988321,0.0007404856017790733
4866,0.0007719653604241709,0.0007005564612336456,0.0007747239184669321,0.0007410381566733121
4867,0.0007727772684302181,0.0007946216082200408,0.000773891445207927,0.0007354295645840465
4868,0.0007586246721136073,0.0006584820104762912,0.0007746571443354091,0.0007224017179571094
4869,0.0007566416563673152,0.000658223822247237,0.000773383456789371,0.0007204916164278985
4870,0.0007636452233418822,0.0006826232932507992,0.0007738896735426451,0.0007210923288017512
4871,0.0007873846106748614,0.0006956944055855275,0.0007741958830816049,0.0007206437036395073
4872,0.0007586077908571396,0.0008661040337756276,0.0007744277677705717,0.0007202182332985104
4873,0.0007532236976031628,0.0007007623207755387,0.0007736929456806845,0.0007205530568957329
4874,0.0007689557794947177,0.0007301973621360958,0.0007744089464036126,0.0007192123929038644
4875,0.000783996608418723,0.0007044589030556381,0.0007734886563176081,0.0007239590140990914
4876,0.0007647640092505349,0.0007240026723593473,0.0007738886776587201,0.0007503569448366761
4877,0.0007992069700008465,0.000690259023103863,0.0007757287354001569,0.000740028428286314
4878,0.0007541575039633447,0.0006710916012525558,0.0007743319221151372,0.0007383334533311427
4879,0.0007575213570251233,0.0006594397197477519,0.0007739890337921681,0.0007375776312313973
4880,0.0007988582548892333,0.0009274479560554028,0.0007748277878440504,0.0007318067234940828
4881,0.000781984223673741,0.0006530966074205935,0.0007751656252321684,0.0007341141071170569
4882,0.0007678678339450724,0.0006774012185633183,0.0007752463268581779,0.00073414163319394
4883,0.0007755344599071477,0.0006491237389855087,0.0007766770424114334,0.0007341601124964655
4884,0.00079521041829139,0.000725645013153553,0.0007763601264450699,0.0007327334567904472
4885,0.0007766348705627024,0.0007815275993198156,0.0007763843242130761,0.0007300777083262801
4886,0.0007783235255111422,0.0006497160857543349,0.0007761043621485847,0.000728969357535243
4887,0.0007801686056579152,0.0007916107447817921,0.0007763475149455999,0.0007272930077277124
4888,0.0007795906012567381,0.0013324374612420798,0.0007772063583446045,0.0007296947001479567
4889,0.0008228112586463491,0.0006541133718565106,0.0007768908892965152,0.0007359175036661327
4890,0.0007498414925713506,0.0006796992989256978,0.000776448750599391,0.0007380179508589208
4891,0.000763393152349939,0.0006816609087400139,0.0007766703167762091,0.0007470644971355795
4892,0.000793746119727277,0.0006503489147871732,0.0007777803985337315,0.0007477424662560223
4893,0.00076707060681656,0.0007161666010506451,0.000776793841628306,0.0007403705569915472
4894,0.0007586591970175505,0.0006589119741693139,0.0007755962945352723,0.000741546763293445
4895,0.0007994131121732709,0.0006830852758139372,0.0007747885672828286,0.0007412188016809523
4896,0.0007794617115157759,0.0006600280129350722,0.0007747998730835712,0.0007414019740186632
4897,0.0007592127350572911,0.0007997103221714497,0.000772644722087878,0.0007392046089284122
4898,0.0007462246459908784,0.0006730535509996117,0.0007714541689583308,0.0007360241671092808
4899,0.0007750345994200972,0.0006882886169478297,0.0007712349034832896,0.0007395071174018084
4900,0.000805467693393843,0.0007645012135617435,0.000771105830613265,0.0007345447872765361
4901,0.0007568772830482987,0.0008795727603137494,0.0007697659195129139,0.0007097926096059382
4902,0.0007881535025727418,0.0007427702029235661,0.0007668010230007996,0.0007163103743456304
4903,0.0007596966583837962,0.0008972552581690252,0.000766544757207804,0.0007186514205299318
4904,0.0007852734009631806,0.0006763889477588237,0.0007656094622009227,0.0007170341972261667
4905,0.0007741943322536018,0.0007431502244435251,0.00076474430224108,0.000721232796087861
4906,0.0007520455463478963,0.0006825017649680376,0.0007653771991673339,0.0007184285041876137
4907,0.0007476746526339816,0.0006692021782509983,0.0007658185300042128,0.0007280750125646591
4908,0.0007758171049257119,0.0006537030474282801,0.0007646959423695483,0.00072701311474666
4909,0.0007413316433990581,0.0006707108858972787,0.0007640541658982532,0.0007270632485859096
4910,0.0007468710423240232,0.0007020165538415313,0.0007642362541661392,0.0007267633841373025
4911,0.0007728418886351089,0.0007367898430675268,0.000764744155030025,0.0007270976646803319
4912,0.0007769417839073059,0.0006675524916499853,0.0007636787844653656,0.0007261225126683712
4913,0.0007460928237479595,0.000713633019477129,0.0007613016203705532,0.0007225049471482634
4914,0.0007486888458434906,0.000817057490348816,0.0007612549943474329,0.0007134916000068187
4915,0.0007434348477464583,0.0007382254535332323,0.0007598817621086104,0.0007139543723315
4916,0.00074001077717791,0.0006412303261458873,0.0007600946456193925,0.0007045750360935926
4917,0.000772117120731208,0.0007553138863295317,0.0007584983180794452,0.0007073081214912235
4918,0.0007828930299729109,0.0006460593035444617,0.0007591141713162264,0.0007035724189132451
4919,0.0007696924679395225,0.0009000746835954487,0.0007594163367524744,0.0007052011872641741
4920,0.0007713484213066597,0.000656537830363959,0.0007598093434702604,0.0007042413096874952
4921,0.0007634172997333938,0.0006612813589163125,0.0007595899222263446,0.0007074970617890358
4922,0.0007637649417544405,0.0007922137109562755,0.0007597131577527356,0.0007106031564064324
4923,0.0007589221675880254,0.0006814105645753443,0.0007604115988593549,0.0007090550118125976
4924,0.0007484003353036112,0.0006639098166488111,0.0007589982452026259,0.000705659432336688
4925,0.0007460385910235346,0.0006740620755590498,0.000758385422018667,0.0007050007514655591
4926,0.0007557116324702898,0.0006542390817776322,0.0007580192654186653,0.0007030592660419643
4927,0.000753822696602179,0.0007543395110405981,0.0007577513577882201,0.000696805002167821
4928,0.000765018746153348,0.00066277185222134,0.0007579159773524023,0.0006971508275717497
4929,0.0007453652124644981,0.0007447160826995969,0.0007593275615997199,0.0006973280421458185
4930,0.0007895906631731325,0.0006497576599940657,0.0007599549544095581,0.0006939101416617631
4931,0.0007595996822540959,0.0007232209737412632,0.0007590459270609752,0.0006938971231691539
4932,0.0007574998205786364,0.0006452052388340235,0.0007589576600533393,0.0006833650526590646
4933,0.000770331573827813,0.0007350968499667943,0.000758599929832336,0.0006841136697679759
4934,0.0007444125315588381,0.0007483632513321936,0.0007587989575643506,0.000683974224422127
4935,0.0007643320699895008,0.0006633129389956593,0.0007581446453308066,0.0006778441018424929
4936,0.0007375080472168823,0.00065190035616979,0.000757126049314522,0.0006766865043900908
4937,0.0007616212043083376,0.0006510854698717594,0.0007569225418381393,0.0006760512199252844
4938,0.0007369389087479147,0.0006650958838872611,0.0007570291455731622,0.0006742964591830968
4939,0.0007419911550823599,0.0006607008934952319,0.0007564639536146488,0.0006739864339120686
4940,0.000747550336851014,0.0007468710886314511,0.0007579739452132747,0.0006714760049246252
4941,0.0007753003833608495,0.000645660690497607,0.0007579122778856091,0.0006715906423516572
4942,0.0007878019409771594,0.0006698663742281496,0.0007591778596216398,0.0006691789211705328
4943,0.0007601673462583373,0.0006457338412292302,0.0007591860253544937,0.0006717368794605137
4944,0.00076748579274863,0.0006367729208432138,0.0007582967954920603,0.0006703361131250859
4945,0.0007624051657815774,0.000675253258086741,0.0007571315360333148,0.0006708467601798475
4946,0.0007683929930337602,0.0006577952252700925,0.0007559287677130971,0.0006715768793597816
4947,0.000747407135915839,0.0006389606464654207,0.0007560833688282096,0.0006678235954605043
4948,0.000733457267180913,0.0006524706282652914,0.0007550927410445485,0.0006667275930754839
4949,0.0007433126483940416,0.0006480277050286531,0.0007549525332663001,0.0006666700136847793
4950,0.0007487036843991114,0.0006301930570043623,0.000754380179882153,0.0006672380866482852
4951,0.0007415818335074517,0.0006464884500019252,0.000754504861943941,0.0006671592175029217
4952,0.0007915724865678284,0.000691578786354512,0.0007555516044479898,0.0006660019037313759
4953,0.0007634770629617075,0.0006656377878971397,0.0007568638061923493,0.0006644200952723622
4954,0.0007770047558652651,0.0006844230531714856,0.0007570086062057979,0.0006681588092818855
4955,0.000789794806494481,0.000713706617243588,0.0007547704271428908,0.0006669631320983171
4956,0.0007373689356932623,0.0006882018153555691,0.000753952308705387,0.0006677337416447699
4957,0.0007283683341099984,0.0006579714152030647,0.0007533874635403561,0.000678321486338973
4958,0.0007402623658223699,0.0007533498294651508,0.0007525874141629576,0.00068040366563946
4959,0.0007482775594366508,0.0006545311538502574,0.0007521115322519714,0.000680425957776606
4960,0.0007395663753979735,0.000635912879370153,0.0007542845064644803,0.0006812542197294532
4961,0.0007340028527606692,0.0006504608714021742,0.0007544782824529747,0.0006819028881378471
4962,0.0007473123697046604,0.000665287293959409,0.0007551269074927807,0.0006812892509624359
4963,0.0007400559602926174,0.0006631241552531719,0.0007549547682128225,0.0006862082437612116
4964,0.0007681597176835769,0.0006317680492065847,0.0007550902620604674,0.0006878439183346927
4965,0.0007803553804599991,0.0007073258771561086,0.0007537011945232127,0.0006874737882055341
4966,0.0007789203836970652,0.0007391285407356918,0.0007522343531639005,0.0006887711002491415
4967,0.0007318474644044828,0.0006399744446389377,0.0007523901246953757,0.0006876461087726058
4968,0.0007397143853207429,0.0006649990798905491,0.0007499221573325082,0.0006855351232923569
4969,0.0007533646636228594,0.0009014665381982922,0.0007501279313738148,0.0006838047822937372
4970,0.0007424039313466185,0.000727307740598917,0.0007507389289120006,0.000683123695291579
4971,0.0007564959452591009,0.0006583525286987424,0.0007500805955742382,0.0006808142131194475
4972,0.0008017314912285656,0.0006596671952866017,0.000750497533277505,0.0006800265346653761
4973,0.000738301666893272,0.000668687338475138,0.0007503928741957579,0.0006851630311459305
4974,0.0007595282743891908,0.0006326867756433784,0.0007499462492453555,0.0006850854844786229
4975,0.0007444002024001546,0.0007531678769737482,0.000750354799379905,0.000683434057235718
4976,0.0007449691796985765,0.0006873803143389524,0.0007504670913745132,0.0006824145169928671
4977,0.0007568457981364595,0.0006823255331255496,0.0007487437967573189,0.0006878233235329391
4978,0.0007268060289788991,0.0006980705889873207,0.0007477369255903696,0.0006924388595856727
4979,0.0007808990441521423,0.0006562982662580907,0.0007455234811460186,0.0006880247310735286
4980,0.0007280956224227945,0.0006609319802373648,0.0007450912817226103,0.000688310719653964
4981,0.0007425132867259284,0.0006449432903900742,0.0007446908429523725,0.0006903933563269675
4982,0.0007436432725646429,0.0006409442401491105,0.0007458947160074282,0.0006819051274098455
4983,0.0007238040323783126,0.0006956127751618624,0.0007472283922135832,0.0006799703956581652
4984,0.0007587010020183192,0.0006348391924984753,0.0007462543158947182,0.0006787342548370361
4985,0.0007369498983542952,0.0007643252913840115,0.0007440125159091421,0.000678588387556374
4986,0.0007228372290006115,0.0006485222047194839,0.0007437454039075722,0.000677603751514107
4987,0.0007575261230683989,0.0006240016128867865,0.0007416035581276649,0.0006782483676448464
4988,0.0007428632601578203,0.0006376356491819024,0.0007404385400522086,0.0006753560781478882
4989,0.0007250773522537202,0.0007669882127083838,0.0007392507628848155,0.0006750952911563217
4990,0.0007551836012862623,0.0008227142784744501,0.0007375879209799072,0.0006750366954132914
4991,0.0007235842725882927,0.0006287753279320896,0.0007371266698413013,0.0006743482974357903
4992,0.0007210424788192742,0.0006471241591498256,0.0007345016980957656,0.0006753307923674582
4993,0.0007297034160647955,0.000717064996715635,0.0007339888632194038,0.0006761279387399551
4994,0.0007834614899992529,0.0006892608152702451,0.0007328993217709167,0.0006775646327063439
4995,0.0007757458365004923,0.0006789394468069077,0.000731764580888881,0.0006791612886823712
4996,0.0007321440372874753,0.0006274490081705153,0.0007314234096142986,0.0006785712032578884
4997,0.0007456864915891654,0.0006560205132700503,0.0007296863595541158,0.000680412061139941
4998,0.0007316238668540286,0.0006440714374184608,0.0007288193536404939,0.0006770734750665723
4999,0.0007059821298915065,0.0006488021789118648,0.0007285168545010193,0.0006783670124597845
5000,0.000715274750513749,0.0006808606395497919,0.0007268267995988334,0.0006806413735263048
