epoch,train_loss,val_loss,train_loss_smooth,val_loss_smooth
1,0.1942451822757721,0.07564373314380646,0.11954450486467945,0.05784571288526058
2,0.0519882217877441,0.04821335911750793,0.11283085768918198,0.05587449320554734
3,0.04610268086194992,0.04704219773411751,0.10606081422501142,0.05384675132632256
4,0.0446073121825854,0.04510367140173912,0.09923907155593237,0.05177327559888364
5,0.042973648640844554,0.04333535626530647,0.09237517534097037,0.049655826276540756
6,0.04124668366379208,0.04186422541737556,0.0854733050144381,0.047499274012446406
7,0.03953933056030009,0.039772275537252426,0.07853820400668514,0.04531236183047296
8,0.03767259226904975,0.03807971879839897,0.07157659265829457,0.04309944071173668
9,0.03571124196052551,0.03585575044155121,0.06458706080234713,0.04087149791121483
10,0.03378515674008264,0.0336891108751297,0.0575762667429116,0.0386123682230711
11,0.03179512169626024,0.031900329738855364,0.050547046272787784,0.03633364520668984
12,0.02988164159986708,0.029876564890146257,0.043496879204114276,0.034039296436309825
13,0.028121620068947473,0.02804173104465008,0.03643278568254577,0.03173301399350167
14,0.026404002888335124,0.026363241150975228,0.029356458897391958,0.029411476442217834
15,0.024994095671508048,0.024950186163187026,0.027959030149711506,0.028177248936891563
16,0.023701615548796125,0.02380683995783329,0.026788209646940234,0.02698132318705321
17,0.022647776901721955,0.02270750008523464,0.02567131539715661,0.025856631989777095
18,0.021698424112465645,0.02172992654144764,0.0246188241571188,0.02479778839796782
19,0.020867657081948387,0.020970928594470025,0.023628517338302405,0.02379493018835783
20,0.020204898566007615,0.02032070517539978,0.022704967834552132,0.022876999013125898
21,0.019506885877086058,0.019945163130760193,0.021854045603672663,0.022017991189658647
22,0.01897533078988393,0.019165490940213203,0.02107897911353244,0.021244941945374015
23,0.018514670522676573,0.018675657734274865,0.0203796489359604,0.02055670790076256
24,0.017991005558934476,0.018285013884305954,0.019756571686598987,0.01994130785614252
25,0.01764284423655934,0.017986672073602675,0.01920834055642287,0.019410142150521278
26,0.017337012646926775,0.017605294361710547,0.01872621082133717,0.01895281999707222
27,0.017052503095732793,0.017357671484351158,0.018316134472853608,0.01854903048723936
28,0.01683216829266813,0.017144053988158704,0.017959059524204995,0.018207409548759462
29,0.01668495593799485,0.016986391469836236,0.017650437098575965,0.01790175011754036
30,0.016661367639899255,0.016864266470074652,0.01738453091200855,0.01764371051937342
31,0.016489013193382158,0.01679277017712593,0.017155329036381513,0.017422277566790583
32,0.016450592966543304,0.016823996156454087,0.01695552967919244,0.017228247271478175
33,0.016399536497063105,0.016604523211717605,0.01677960045983394,0.0170537268280983
34,0.016334579707019858,0.01652951933443546,0.0166301200537218,0.016893417556583884
35,0.016301902300781674,0.016483259759843348,0.01649756274835931,0.016762230890989303
36,0.016218190462225012,0.016515328623354433,0.0163833367228508,0.016649396562576295
37,0.01617586334546407,0.016597422249615194,0.016286589056750136,0.016548293828964236
38,0.01606837669180499,0.016608677208423614,0.016203042104012435,0.0164565541729331
39,0.01615209417624606,0.01626850340515375,0.01612827790843116,0.016381741875410076
40,0.016067221955292754,0.016409662701189518,0.01606157189177142,0.01630822151750326
41,0.0159860549080703,0.016165354177355765,0.016000800584008296,0.01624126694649458
42,0.01600012223753664,0.016256510131061077,0.015941897856940824,0.016177412422001363
43,0.015968377221789624,0.016194102726876734,0.01588393497541547,0.01611948273181915
44,0.015872673152221572,0.016120171211659907,0.015828340366068814,0.016065561230480672
45,0.015806668082045183,0.015957694090902804,0.015773005441245106,0.01599888504445553
46,0.01576987572428253,0.0159374313428998,0.015716545011185936,0.015941534473001957
47,0.015661398155821696,0.01588582430034876,0.015659852092713117,0.015881643547117713
48,0.01565901988496383,0.015854799523949623,0.015602412398738994,0.01581937903016806
49,0.015572313906417952,0.01575744554400444,0.015538532984008391,0.015753840248286726
50,0.015554170418116782,0.015693180672824384,0.01547595754572087,0.01569734948426485
51,0.015467907757394844,0.015734986923635005,0.015413108281211722,0.01562206208407879
52,0.01538485267923938,0.015519662536680698,0.015343114213562676,0.015553518372774125
53,0.015312885598589976,0.015470189712941647,0.015278401397748127,0.015475905442237857
54,0.015212387761308087,0.015390028357505798,0.015210205256028307,0.015401393546164039
55,0.015212295601765315,0.015416024215519429,0.015133302113165461,0.01532608494460583
56,0.01509914795971579,0.015444732643663884,0.015056435490151246,0.015243466165661813
57,0.015067219845950603,0.01515709150582552,0.014975045417249202,0.015159158296883107
58,0.014988025745583906,0.015170758925378322,0.014891531874570582,0.015075571115314964
59,0.014917256745199363,0.015032246187329292,0.014809656803806623,0.014993126894533635
60,0.014865909951428573,0.014926646836102009,0.01472452052467399,0.014903447715938092
61,0.014621205093959967,0.014876859076321126,0.014636342284911204,0.014810471624135969
62,0.014611477388275994,0.015185153149068355,0.014544706917802491,0.014713240453600883
63,0.01449714507907629,0.014726492203772068,0.014447501370973056,0.014611530004441736
64,0.014402242485019895,0.014554910622537135,0.01435205110857884,0.01450746559947729
65,0.014449401559929053,0.014469339437782764,0.0142473970260885,0.01440065497457981
66,0.014281151365074846,0.014302556775510311,0.014139005988174014,0.014290054741501804
67,0.014077543665965399,0.014373795092105866,0.014036583689517445,0.014176300117373464
68,0.014046711646434333,0.014128633253276348,0.013921528741220632,0.014077907517552375
69,0.013837921329670481,0.014012474492192268,0.013805510128372245,0.013963068264722822
70,0.013718829515079658,0.013868014551699162,0.013687631163332197,0.013838241624832152
71,0.013722998955183559,0.013876325823366642,0.01355867762549056,0.013708778415620328
72,0.013532991177505917,0.013643844835460186,0.013426207165999545,0.01357375353425741
73,0.013454563890894253,0.013530397228896618,0.013290691302137241,0.013442986880242825
74,0.013281429728700054,0.013326666280627252,0.013154959123747215,0.013298817433416843
75,0.013124031747380893,0.013150419443845748,0.013014874784731201,0.013134048938751223
76,0.013081651197539436,0.013133376799523831,0.012868373050209547,0.012983419039845467
77,0.012768500616980923,0.012849396914243699,0.012720642867187658,0.012839272938668728
78,0.012603109650727775,0.012705183885991574,0.012560521572662728,0.012680656927824023
79,0.012651830294893848,0.012546162754297256,0.01239996158472366,0.012518206363916397
80,0.012335921894345018,0.012956209219992161,0.012236697981837725,0.012348169922828674
81,0.012198682638506094,0.01257375132292509,0.012066009979281162,0.012180387331545353
82,0.012120245719949404,0.01203642550855875,0.0118927357852459,0.012003717739880085
83,0.011764187299542957,0.011934178695082665,0.011721166367828849,0.011849051281809807
84,0.011605495257924,0.011656624153256417,0.011540804270903272,0.01166319109350443
85,0.011478013354871008,0.011657480485737323,0.01135429816345374,0.011476097036898138
86,0.011227900634209314,0.011272622905671596,0.011160911408646241,0.011283124187588695
87,0.011109368912875651,0.011065940782427787,0.010962185682108008,0.011098185163736347
88,0.010834601716034942,0.010960744731128215,0.010764627933750551,0.010900472214818003
89,0.010708987909472651,0.010951258093118667,0.010557256972955334,0.010692927464842798
90,0.010446369196805689,0.010503939166665078,0.010355804397331345,0.010486613287031652
91,0.010267151666598187,0.010241292677819728,0.010150461263292368,0.01027710646092892
92,0.009995953593817022,0.010122884064912796,0.009935877452873523,0.010075800567120315
93,0.009779511582520273,0.009934068471193314,0.009726690408007966,0.009843729516863823
94,0.009506066478788853,0.00959573470056057,0.009508763545089298,0.009612899553030728
95,0.009429594079653422,0.010001353099942207,0.00928294868403011,0.009393766182661056
96,0.009213946532044145,0.009229821115732194,0.009061914020445611,0.00917242301031947
97,0.008870338491267627,0.008966493420302868,0.008838262899137205,0.008948040711134671
98,0.008619895020706786,0.008706075996160507,0.008612432221406034,0.008726717435568571
99,0.008313286565244198,0.008703190684318542,0.008391707360247769,0.008500079926103354
100,0.008185088038444518,0.008207595720887185,0.008164368162552515,0.008274145758897067
101,0.007897377177659008,0.007944758050143719,0.007938120774345267,0.008042197287082673
102,0.007732186226381196,0.007691542468965053,0.0077093333886729355,0.007808954131603242
103,0.007469531299753322,0.007467513233423233,0.007479911867694722,0.007581955697387459
104,0.007287235034422742,0.0075135154090821745,0.007253132365312842,0.007353980813920499
105,0.0071062457727061375,0.0071544329635798935,0.007025890638306738,0.007124917995929719
106,0.006750511065539386,0.006803002227097749,0.0068016720942739,0.006895099405199289
107,0.006474874193469683,0.006558091249316931,0.006577920284246405,0.006669855070114136
108,0.006238320709930526,0.006400599386543035,0.006352633540829025,0.006427079722285271
109,0.0060142172252138455,0.006047066673636437,0.006126858780036371,0.006202133758366108
110,0.005832246411591769,0.006124398596584797,0.005907239389709302,0.0059797903053462505
111,0.00570977910525269,0.005606685169041157,0.005697352152648901,0.005765447854250669
112,0.00542588897049427,0.0054175866022706035,0.005487300812701387,0.005545564137771725
113,0.005178417010853688,0.005162032935768366,0.0052759510094506894,0.005335586798936128
114,0.00498930326766438,0.005120179206132888,0.0050716907588765035,0.0051322362385690205
115,0.00471083117235038,0.004828978311270476,0.004866741333819099,0.004935695420205594
116,0.004597664107051161,0.0045419205911457535,0.004670235874917773,0.004737947499006987
117,0.0043149104186644156,0.004396313615143299,0.0044742780031222455,0.004536577210202814
118,0.004174047981699308,0.004188603702932597,0.004280909619666637,0.004344147637486458
119,0.003912271228101519,0.00396462632343173,0.004096074942292439,0.004159688302129507
120,0.003797425494218866,0.003931969404220581,0.003920581672816641,0.003981920168548822
121,0.0035695775122278266,0.0036061720177531244,0.0037496634822752747,0.003807251451537013
122,0.003379853733090891,0.0034079070948064326,0.0035846858574284457,0.003645098489150405
123,0.0033727140941967565,0.003347514718770981,0.0034242304205066632,0.00347306458055973
124,0.0030620030665563214,0.003206097772344947,0.0032656616583880455,0.0033253703234717245
125,0.0029013429571770957,0.002958162249997258,0.0031152048819801876,0.0031763004282489415
126,0.0027908709133043887,0.002860994040966034,0.0029715125481908525,0.0030356796789914363
127,0.0026084505999460815,0.0027780220098793506,0.0028335141103507746,0.002897532340511679
128,0.002556894827220175,0.0025238152034580707,0.002703795688909789,0.002770796431973576
129,0.0023882882395345304,0.0024792581889778375,0.0025785662211270798,0.0026553769916296006
130,0.002272036186315947,0.00234369364567101,0.002462098974796633,0.002540889200754463
131,0.002129644131184452,0.0021915188431739807,0.0023505371459863252,0.0024284875851124524
132,0.002087542456574738,0.002113887909799814,0.0022479789474461644,0.0023268449144437917
133,0.0019653659463963573,0.0020338814612478016,0.0021481789321224722,0.002222268402576447
134,0.001889776604043113,0.0019932426139712333,0.0020570222908424004,0.0021304909763857722
135,0.0018208604885472193,0.001823550881817937,0.001971152655262914,0.0020453507136553523
136,0.0017455600522872474,0.0019143287418410182,0.0018866632788131635,0.001964435091614723
137,0.001664469560297827,0.001690839221701026,0.0018122154134687864,0.0018872063146904107
138,0.001586108666120304,0.0016465142043307424,0.001743954631111895,0.0018204099684953686
139,0.0015393423216624393,0.001666495744138956,0.0016803758141739915,0.0017530167460441586
140,0.0014678706363257434,0.0016605805978178979,0.0016216462127502183,0.001689074924215674
141,0.0014669274124834272,0.0016564345825463534,0.0015662360184049858,0.0016335635336115957
142,0.001403229260403249,0.0015341188432648777,0.0015149536967846672,0.0015792443929240109
143,0.0013850022614416149,0.001378563311882317,0.0014681871057229327,0.0015362599456682801
144,0.0013483162645974921,0.0014235595567151905,0.001425943228328187,0.001499409780651331
145,0.0013024251111265685,0.0013175566075369716,0.0013863242341153742,0.0014673113593831662
146,0.0012906614802260365,0.0013117363629862667,0.0013499925754188252,0.0014313092591241004
147,0.0012331128436037235,0.0012794005265459418,0.0013162217849917294,0.001393815698474646
148,0.0012604796829529935,0.0013246241677552463,0.0012847492451934764,0.001363415192626417
149,0.0012008064329468956,0.001275378349237144,0.0012561564185708347,0.0013280810901895167
150,0.0011948233982548117,0.0012882535951212048,0.001228432160134738,0.0013024248730391266
151,0.0012014004898567995,0.0011761634796857833,0.0012041328716040074,0.0012775681827217342
152,0.0011402105643517442,0.0011794764641672372,0.0011809705503336675,0.0012499446408823134
153,0.001171639968589362,0.0011360304383561015,0.0011603122191451906,0.0012316840402781962
154,0.0011062301990265647,0.0011212796717882155,0.0011393968457925241,0.0012034459657967091
155,0.0011028714097725848,0.0012690824642777442,0.0011214793227664714,0.0011836934886872768
156,0.0010735471963158084,0.0012702647177502513,0.001104443934099335,0.0011656680395826697
157,0.0010970676012544169,0.0013114273780956865,0.0010856772578787058,0.0011465837167575954
158,0.0010570744789826373,0.0011338289547711611,0.0010696747412128995,0.0011305690808221698
159,0.001045506843365729,0.0010559035977348685,0.0010532810168496023,0.0011147069379687307
160,0.0010340469935908913,0.0010635382356122137,0.0010410404823254795,0.0010994576131924988
161,0.0010307393867212038,0.0010309761809185148,0.001024346762817974,0.0010846160089597106
162,0.0009713630993954009,0.0010494337929412723,0.0010098918518568908,0.001068471245467663
163,0.0009786264528520406,0.0010250969463959337,0.0009940379611940847,0.0010518409073352816
164,0.0009602842899039388,0.0009759071981534362,0.0009773105676441141,0.001037124433927238
165,0.0009514123566138247,0.0012040655827149748,0.0009628996766586269,0.001022698549181223
166,0.0009440430786667598,0.0009504827205091715,0.0009473471879131263,0.0010094692563638091
167,0.0009552911847519377,0.0010403069155290722,0.0009338759174777402,0.0009953921952284873
168,0.0009591175447632042,0.0009279270842671394,0.0009202168490530716,0.0009748922777362167
169,0.0008791493590817683,0.0009464514860883356,0.0009062484858816282,0.0009536920643411575
170,0.0009023621944814093,0.0009171907091513276,0.0008910839245602903,0.0009331359351053833
171,0.000880818371143606,0.0009151827916502953,0.0008776263326872141,0.0009172999592497943
172,0.0009270994805006518,0.0008981674071401358,0.0008648595447134642,0.0009029514452442524
173,0.000843136695265356,0.000953584061935544,0.0008500142440406813,0.0008884467847645281
174,0.0008394336589198145,0.0008717592619359493,0.0008368130083661527,0.000875396633800119
175,0.0007984761316846643,0.0008724951418116689,0.0008248088719168058,0.0008600792100653052
176,0.0007832156511075381,0.0008082516444846987,0.0008116557551185704,0.0008467421773821115
177,0.0007799382897145632,0.0008188293455168604,0.0007989670402163432,0.0008336920257657766
178,0.0007828277499518461,0.0008052981179207564,0.0007860403782015459,0.0008289480502717198
179,0.0007694484381419089,0.0007693531434051692,0.0007719645654834392,0.0008157433962449432
180,0.0007613946991558704,0.0007565845269709825,0.0007579881577183391,0.0007985105472616851
181,0.0007243381170297248,0.0007402593828737735,0.000742710805580848,0.0007856327247805894
182,0.0007179535682209664,0.0007975241472013294,0.0007294915853896074,0.0007713779019191861
183,0.0007206346821557317,0.0007379295583814382,0.0007160272534574485,0.000759613540675491
184,0.0007263371440219796,0.0006971907475963235,0.0007025944009526738,0.0007495425192639232
185,0.0006629144767713215,0.0007009217236191034,0.0006876749540989599,0.0007360120116733015
186,0.0007007084948579884,0.0007047224068082869,0.0006749132475712235,0.0007208097378723323
187,0.0006712596881617275,0.0006664981995709241,0.0006615515627691317,0.0007080223402939737
188,0.0006497985328961578,0.0006916711293160915,0.0006498644596845326,0.0006957236860878766
189,0.0006430664173482606,0.0006496534077450633,0.0006385615484323353,0.0006847530747763813
190,0.0006282458062438916,0.0010854661953635513,0.0006272264000390553,0.0006734005331993104
191,0.0005921477607140938,0.0006203663698397577,0.0006147215474500425,0.0006617630498483778
192,0.0006058809906244278,0.000609485690947622,0.0006038000953176783,0.0006552961432375014
193,0.0005771837413259264,0.0006059815222397446,0.0005914180299111952,0.000650825427658856
194,0.0005486688543007605,0.0005900809145532548,0.0005818367447031454,0.0006433447450399399
195,0.0005657538961774359,0.0006230816780589521,0.0005717283178845212,0.000631040094792843
196,0.0005449970585242327,0.0006634072563610971,0.0005601641090664392,0.0006201199357397855
197,0.0005541133091578053,0.0005599047173745931,0.0005492046885373485,0.0006127225508913398
198,0.0005240940320719447,0.000573527216911316,0.0005397002531758821,0.0006050303713884206
199,0.0005053915388675199,0.0005520743224769831,0.0005298696656814881,0.0005951073808595538
200,0.0005062985545696897,0.0005650287866592408,0.0005191696007839508,0.000586666407622397
201,0.0005006428698026057,0.0005339863616973162,0.0005091027338368196,0.0005764110500458627
202,0.0004965595798825638,0.0005350158060900867,0.000500302755434273,0.0005686817121692002
203,0.0004702064352265249,0.0005143610341474413,0.0004914285227138963,0.0005541055944748223
204,0.0004964121348328061,0.0006076804781332612,0.00048388027012762096,0.0005461243979632854
205,0.0004518430639937934,0.0006448166375048459,0.00047508122981525957,0.0005441245045047253
206,0.00048480598682848117,0.0005532423174008727,0.00046817822167132466,0.0005372152319177985
207,0.00046524289775536293,0.0004899078910239041,0.00046136528144383594,0.0005302731818985194
208,0.00043152946170367713,0.00046492558205500243,0.0004536662345441679,0.00052151313056238
209,0.00045235163079471223,0.0005122561263851822,0.00044769225731854226,0.000511360852792859
210,0.0004253035927346597,0.0005086172360461205,0.000440162799287484,0.0005047558565158397
211,0.000454943807498138,0.0004566476435866207,0.00043356217190933726,0.0004995334251783789
212,0.00040375806572329664,0.00045547386864200237,0.00042796357941244625,0.0004943431493826211
213,0.0003981268592178822,0.00043528718990273776,0.000424151322675041,0.0004875114820431918
214,0.0004230669572845929,0.000456419960828498,0.00041852515911321256,0.0004850481199566275
215,0.0004063899882344736,0.0007210632530041039,0.0004126031269759147,0.0004807090000249445
216,0.00040344144605721036,0.0004208364570513368,0.00040794808325331867,0.0004776730971876531
217,0.00038590498281539315,0.0005594883544836193,0.0004020664095037824,0.0004679670201614499
218,0.000404608537727553,0.0004332497075665742,0.0003969721303722408,0.00045729181542992586
219,0.00037834534861354367,0.00041652966407127676,0.00039100770009293536,0.00045667320447973896
220,0.0003732777236857348,0.0004040803946554661,0.0003856151138910921,0.00045358705539256334
221,0.00039564762788359077,0.00040960031212307514,0.00038262308400978026,0.00044909315160475665
222,0.0003658768583813475,0.0003947798104491085,0.00037723088505962454,0.00044275311059318483
223,0.0003590783476182777,0.000442966433474794,0.00037415966253546594,0.0004364818644244224
224,0.00036542672644524523,0.0004223174275830388,0.00036834773288703425,0.0004326302190311253
225,0.0004109921361345591,0.00039423710317350926,0.0003655265796192301,0.00043377338401041926
226,0.0003599887807568949,0.0004724023095332086,0.0003621589061998141,0.000433428852306679
227,0.00034850877645011577,0.0004265378077980131,0.0003575347883588013,0.0004289503246545792
228,0.00035383034216162436,0.0004384634632151574,0.000353165839435274,0.00041336538535542797
229,0.0003493702910943992,0.00036502855247817935,0.0003496860815807143,0.00041000983198173353
230,0.00032448608570525216,0.0003779365192167461,0.00034634605279813217,0.00040649427901953466
231,0.00033569522984584586,0.0005377770436462015,0.00034214349039830274,0.00040213429573923357
232,0.0003304282427092807,0.0004127541638445109,0.0003402899067564351,0.0003992472931742669
233,0.0003567287146708825,0.0003525779873598367,0.0003374724327948773,0.00039587193909101194
234,0.0003175466570408187,0.00035375510109588506,0.0003330666652026897,0.00039364337860606615
235,0.0003485230296306933,0.0003518360818270594,0.00033099082436852367,0.0003909426137339324
236,0.00030964556628734703,0.00036035650875419377,0.000328932696095823,0.00038648193683475256
237,0.0003332292340281937,0.0004840529931243509,0.0003260860644112755,0.00038219408318400383
238,0.00031393502373248337,0.0004266738973092288,0.0003214300300576724,0.00038002365194261074
239,0.00030746401125927354,0.0003444567695260048,0.0003179107064627007,0.00037490250845439733
240,0.00029716626514628944,0.0003314397705253214,0.00031588308508378554,0.0003701302410103381
241,0.00031644749969321614,0.0003369476227089763,0.0003129228170935271,0.00036633444661274554
242,0.0003024042632508402,0.000471599530428648,0.0003100356748741533,0.0003662361970171332
243,0.0002995444777318173,0.0003242501255590469,0.00030789556071006993,0.0003649945370387286
244,0.0003320057575668519,0.00034435459994710984,0.0003062822188716381,0.00035549676516093316
245,0.00030284087464679035,0.00031969654257409276,0.0003036656826527582,0.0003510761726181954
246,0.0002855034380789018,0.00035388629999943077,0.00030111172172861796,0.00035155707155354326
247,0.00031398083752719685,0.0003272606886457652,0.0002998005324690085,0.00034955090139992536
248,0.0003076251408007617,0.00033144951099529864,0.0002963969784374866,0.00035361931021325293
249,0.00029426093433155783,0.00031512108631432057,0.00029508321610693304,0.00035173260821029544
250,0.0002945912772944818,0.000339976322138682,0.0002930162266052018,0.000349410247663036
251,0.0002720056908826033,0.0003443737223278731,0.00029117273397666094,0.0003440120625775308
252,0.00029781824197723636,0.0003072311216965318,0.00028970649041002615,0.0003417789477389307
253,0.0002798236424051639,0.0003435686032753438,0.000288307818368129,0.0003425640849862248
254,0.00027719173561005544,0.00036257231258787217,0.0002877749893245184,0.00034211677834391596
255,0.00027098323160316794,0.00034689501975663004,0.0002866047653395475,0.00033537709857337183
256,0.0002953616838850495,0.00030033274670131503,0.00028504183087497953,0.00033443162115290764
257,0.00026501483723728194,0.00030223935027606785,0.0002822571804074364,0.0003335228824522347
258,0.00029287969156737543,0.00036460046074353157,0.0002810249069809086,0.0003322324935812503
259,0.0002847669255505833,0.00030360084725543856,0.00028016076902600217,0.00033016892154701056
260,0.00026343417884264555,0.00045354630216024814,0.00027802162869031437,0.0003326550942845643
261,0.0002768015080235071,0.0003131889586802572,0.00027583425186910763,0.00033039169092662627
262,0.0002815544964849121,0.00042599397944286465,0.00027422374294320536,0.00032861789455637344
263,0.0002678477080189623,0.0002917192701715976,0.00027307542913929665,0.00032973553161136804
264,0.00027080792209340464,0.0002886288985610008,0.0002718778027441456,0.00032839183118194346
265,0.0002621994640988608,0.00035106820170767607,0.00026983715263583386,0.00032760721147060394
266,0.00030312677360295006,0.0003257649566512555,0.00026829623058567654,0.0003245260125026107
267,0.00027314866362656984,0.00030310753616504373,0.0002674642080078936,0.0003220441632904113
268,0.00026047111611761565,0.00030061319004744293,0.0002668398493357623,0.00031962896841578194
269,0.0002623894958782734,0.0003216361324302852,0.00026469515203757,0.0003211719874758274
270,0.00027203403898359586,0.0002874368207994849,0.0002636602197437443,0.00031977130749728534
271,0.0002638999892062404,0.00030229699914343657,0.00026143525112420316,0.0003182206391124055
272,0.0002605023291350032,0.00038941500708460807,0.0002599242076614044,0.0003167762530734763
273,0.0002529407202705948,0.00027486442704685035,0.000259280992883982,0.00030942075185012076
274,0.0002539982111839991,0.0002707761770579964,0.00025754328712355345,0.0003080601116875187
275,0.00026588343219676364,0.0003679172485135496,0.0002560879585643609,0.00030323342566844085
276,0.00024206503100382786,0.000310781211592257,0.0002550430292147212,0.00030427089177537716
277,0.00024680198926944284,0.0002876156289130449,0.0002543810411783246,0.00030364173564594244
278,0.00024130059115123003,0.0002665386290755123,0.0002532915246246072,0.0002999479991383851
279,0.0002563911711654833,0.0003005260822828859,0.00025054080811743104,0.00029742019614204765
280,0.0002553742647998863,0.0002865151478908956,0.00024931905324726057,0.00029648216888308524
281,0.0002417442514302416,0.0003389082232024521,0.00024917669528448536,0.00029463864422868934
282,0.00023914152989163996,0.0002672223508125171,0.0002478266264454254,0.0002923670627409592
283,0.0002372554760788464,0.0003258337511215359,0.0002467110290437833,0.00029091098371427504
284,0.0002469908389806127,0.00026749119628220795,0.0002451930489688594,0.00029359308795537804
285,0.00024735380940708434,0.00026965877157635986,0.00024366789597940318,0.0002886537918820978
286,0.0002333588640127952,0.0002791729546152055,0.00024341293774778018,0.00028957655550912025
287,0.00024517128250509915,0.00030532682896591726,0.00024269048184699687,0.00029197150729596617
288,0.0002417244742779682,0.000317655922845006,0.00024123608267788465,0.00028755066245794296
289,0.0002542582211834896,0.0002728999953251332,0.00024093016027084863,0.0002859247116371989
290,0.00023496155025592695,0.00025872478901874276,0.000239966599303039,0.00028431818780954925
291,0.00023435886092354648,0.00026256988174282013,0.0002390778180496353,0.00028352663067635146
292,0.00024260479187230682,0.0002796568546909839,0.00023780924053603988,0.0002813054396770894
293,0.000256912167048237,0.00025452507368754594,0.00023677193959657517,0.00027981101789046074
294,0.00022863777490177503,0.0002648465952370316,0.0002358463338304621,0.0002759918472263962
295,0.00024414410394254247,0.0002510348451323807,0.00023578781807251896,0.00027752911041025076
296,0.00022595048733314293,0.0003693496051710099,0.00023572409054031595,0.0002745927724754438
297,0.00022237350439859762,0.0002659326052526012,0.0002350183775402709,0.000273544886871241
298,0.00024656676448002045,0.00029793351772241296,0.0002342372344457544,0.00027540469688829033
299,0.00023593681366441564,0.00033064997172914444,0.00023432754678781036,0.0002736145205562934
300,0.0002295234529689575,0.0002573961275629699,0.00023295908514798304,0.00027645968238357456
301,0.0002344169708279272,0.0002701324410736561,0.0002320284224749129,0.0002731960561126471
302,0.00022271296507420227,0.00024745253322180363,0.0002304200787937993,0.000272059777751565
303,0.0002190810598161382,0.0002467497007455677,0.00023062478503496904,0.0002746876241872087
304,0.00022467673332559772,0.000244996307301335,0.0002310919927381393,0.00027756397554185247
305,0.00022944174131326792,0.00024915460322517903,0.00022988408282657882,0.00027585468720644715
306,0.0002186041072774161,0.0002434289566008374,0.000228018238206601,0.0002752743747318163
307,0.00023767863594306013,0.0003056539304088801,0.0002281170713223724,0.00027463968999218196
308,0.00023566228777377143,0.0002524253027513623,0.00022711657408831852,0.00027488220918457954
309,0.00022934801397948628,0.00024129405617713927,0.00022657949197519986,0.00026980934969615195
310,0.00022782523204417277,0.0003161540220025927,0.00022661737969869542,0.0002682074587559328
311,0.00023561667256419443,0.00023441854631528258,0.0002254830562250896,0.00026631176914088426
312,0.00021095974150941603,0.00037645587464794515,0.00022477315017798298,0.0002622650251723826
313,0.00021845790745121324,0.00023606526607181878,0.00022409834597104543,0.00026130847975146026
314,0.0002140496291556499,0.00024449303629808127,0.00022313018209663116,0.00025990515479352316
315,0.00024007920628517037,0.0003244209499098361,0.0002231508533237502,0.00025888796185608953
316,0.000246039053502803,0.0003344786656089127,0.00022274109704238881,0.0002585866044973955
317,0.00021240704408329394,0.00023692464630585165,0.00022230576291525122,0.00026149752419441945
318,0.00021026605154879184,0.00024001726182177664,0.00022279006926498066,0.00026072266921401023
319,0.00023110860279606035,0.0002489794767461717,0.00022253891737070969,0.00026103595204185693
320,0.0002191316730911947,0.0002570978249423206,0.00022096101424475722,0.0002581719611538574
321,0.00021252343450517703,0.00024252811796031891,0.00022111215451861633,0.0002575766257941723
322,0.0002233206974859867,0.00022588533174712212,0.00022117206818398298,0.0002588412772398442
323,0.00021820867763987432,0.00025054127734620125,0.0002202114325611749,0.0002552819526754319
324,0.00021818916248675022,0.00022948137251660228,0.00021894821940869507,0.00025455396643374117
325,0.00021265334779551874,0.00023348249203991144,0.00021892101924556002,0.00024838689255993814
326,0.0002102128739675714,0.00023504931712523103,0.00021871839464357538,0.0002482291724532843
327,0.00022322974575217814,0.0002220227097859606,0.0002182899686236245,0.0002478726472705603
328,0.00020883715278210326,0.00023921576677821577,0.0002170610760118709,0.0002452033263165504
329,0.0002137933801471566,0.00031776929972693324,0.00021557371384438333,0.00024162402902729813
330,0.00024154940005650537,0.00022978322871495039,0.00021511350167630652,0.00024084624634124343
331,0.0002123253099206421,0.00025126102729700506,0.00021446436911355703,0.00023967408577445898
332,0.00019823105779424725,0.00023405415820889174,0.00021356416218526038,0.00023893401932436977
333,0.000239440794620249,0.00023754191875923424,0.0002129546129416364,0.00023707682464737447
334,0.00023084585561365304,0.0002729103423189372,0.00021318101262699605,0.00023599553261883556
335,0.00020380934147397057,0.00022717090789228678,0.00021243683473439888,0.00023571297093294557
336,0.00020403634375219958,0.00021621889027301222,0.0002127979417447932,0.0002355777811259031
337,0.00021027973743103858,0.00022227902780286968,0.00021202023110430067,0.00023502773053478445
338,0.00021339229240159815,0.00023212226340547205,0.0002114219174707412,0.00023464951356872912
339,0.00020333897865687807,0.0002355799067299813,0.00021114664321066813,0.00023385395288933066
340,0.00020935689099133015,0.0002576879260595888,0.00021016563535215232,0.00023402230823412536
341,0.00020885499931561451,0.0002449962333776057,0.00020958564479175648,0.0002327306834980845
342,0.00020090173988137393,0.00021748007915448398,0.00020844274682781867,0.00023005975186824796
343,0.0001940377374800543,0.00021071324765216558,0.00020716136262765051,0.00023239477875176817
344,0.00020860342958864446,0.00023047781549394132,0.00020615917381235503,0.0002307980734389275
345,0.0002038929420005944,0.00021066795801743865,0.000206305656003921,0.00023109097378328443
346,0.00021818342663916862,0.00021549581724684687,0.0002046499342088484,0.00023049216517247254
347,0.00020471625017105704,0.00021882128959987312,0.00020284654864679191,0.00022807474422734225
348,0.0002272363528997327,0.00024716153217013926,0.00020242466822965066,0.0002309540841495618
349,0.00019874639647443675,0.00021573010773863642,0.00020263655007325319,0.0002303454629145562
350,0.00019769550695653178,0.00022402706788852812,0.00020170290567524108,0.00023229842912405726
351,0.00020333101746574457,0.0002151603001402691,0.0002008965916297812,0.00023298339555040003
352,0.0001987045492892826,0.0002262315934058279,0.00020040828152171643,0.00023345909200143071
353,0.000194337388772207,0.000206925148377195,0.0001998063745585063,0.00023128336407244202
354,0.00018522093104871197,0.00025099600898101924,0.00019918233154263967,0.00022936276549007743
355,0.00020951479505230156,0.000288158900802955,0.00019868278207723052,0.0002291907483711839
356,0.00018727058953825487,0.00021134339447598905,0.00019905775340222238,0.00022894287547096609
357,0.00020189311258339633,0.00024137666681781411,0.0001980454489821568,0.00022831360693089663
358,0.0001980477497434347,0.0002225717034889385,0.0001972540415176708,0.00022826089614536612
359,0.0001857612165622413,0.00021247481869067996,0.00019606954245440043,0.00022828024919144808
360,0.00019326233104543968,0.0002991544059477746,0.00019590981519237785,0.00023118937870021908
361,0.00020933338984226188,0.00020100335939787328,0.00019461654742481188,0.0002297690629493445
362,0.0001869386274807362,0.00027110318304039536,0.00019423445841012938,0.00022909227511845527
363,0.00019323444126510166,0.0002492464240640402,0.00019412593856169328,0.00022805462682154028
364,0.00019113122595525864,0.0002474723180057481,0.0001933412547106855,0.00022719690955709664
365,0.00019430921691107668,0.0002032947278348729,0.000192870610546864,0.00023358232725877311
366,0.0001932539239189484,0.00019698126881849022,0.00019336577777867212,0.00023342478489503266
367,0.0001884130032461447,0.00021317965118214488,0.00019299060692299266,0.00023111359502654526
368,0.00020341202060485052,0.0002045164251467213,0.0001921449665736873,0.00022726785764098172
369,0.00018329581908700573,0.00021474610199220478,0.00019150518756359822,0.0002265204634983093
370,0.00018410775538844367,0.00020935018837917597,0.00019069946731194962,0.00022499129355419426
371,0.00018857095005740928,0.00021597964339889586,0.0001902481330759151,0.00022474871461745355
372,0.0002007230686204922,0.0002915495273191482,0.0001898745195998345,0.00022379706853535027
373,0.00019490465871058405,0.00021165363839827477,0.00018931748995415143,0.00021975013492628935
374,0.00018919417110737412,0.00019881041196640582,0.0001882184589236406,0.00021926235931459814
375,0.00019498251074562885,0.00019808586046565324,0.0001878423466871027,0.00021618848226498814
376,0.00018371392119054993,0.0001937173685291782,0.00018784291709372257,0.00021385230235755446
377,0.0001869384451937448,0.0003858670359477401,0.00018814416291748384,0.0002116988209774718
378,0.00020671656956740967,0.0002029865892836824,0.00018734093585064536,0.00021096688217949123
379,0.00017584165965672582,0.0001932162622688338,0.00018624217395424948,0.00021086768761742863
380,0.0001883737863196681,0.0001920154661638662,0.00018592685698984296,0.00021031093450728808
381,0.00017127611428602703,0.00019265854090917854,0.00018445383992188406,0.00021163959554396566
382,0.00018175010629218176,0.00020314741821493952,0.00018425939642086937,0.00021074432418681678
383,0.00018676439384257215,0.00021650723007041962,0.00018371762766489864,0.0002101199800381437
384,0.000176420879660226,0.00018868366663809865,0.00018291155323580218,0.00020884295324794945
385,0.00017933658990336375,0.00019798106572125107,0.00018267263763053858,0.0002044232360552996
386,0.0001818576140794903,0.00018880896910559387,0.00018170428331617988,0.00020359509570989757
387,0.00017753582156728953,0.00019425625680014492,0.0001807090898581211,0.0002048243824625388
388,0.00019324870143059848,0.00019084192637819797,0.00017998640034541796,0.0002078397622331977
389,0.00019866237154928968,0.0001936352835036814,0.00017965301638921824,0.00020741198770701886
390,0.00017422854024011435,0.00018499625788535921,0.00017873493939211282,0.00020093358354642986
391,0.00016578487650905217,0.00019450140476692468,0.00017764594763866622,0.0002001278166892007
392,0.0001805300791359817,0.00019926082342863082,0.00017722674039024342,0.00019965787457767873
393,0.00016658659390587775,0.00023773295106366277,0.00017632203335589213,0.0001988972570048645
394,0.00017843473156163884,0.00019236431806348263,0.0001759970681431393,0.00019968182509765028
395,0.00017056353648917542,0.00019374158466234804,0.00017552147346432324,0.00019978686943650245
396,0.00016841908932999813,0.00018405397364404052,0.00017471512184129097,0.00019874393013305963
397,0.00019475017848890274,0.00018105659750290216,0.00017430107514956035,0.0001982889121165499
398,0.00017069580085161658,0.00019095012976322323,0.0001736454356118985,0.0001983386629028246
399,0.00016431433465590494,0.00022954258078243582,0.0001728517985973869,0.00020012611197307707
400,0.00017691527292805,0.000273470354732126,0.00017328472167848504,0.0001991677611367777
401,0.00017537932228555697,0.00018302300537470728,0.0001725981081654835,0.00019860652193892745
402,0.00016398652026610862,0.00022390693193301557,0.0001714016764373001,0.0001979810203425586
403,0.00017949177573124567,0.00018284241785295307,0.0001710125784150376,0.00019779545934870842
404,0.00016536147844615495,0.00018146770948078482,0.0001706012086263702,0.00019745137658901514
405,0.00016575611046088548,0.00017300002684351057,0.00016997212866618708,0.00019666299403179436
406,0.00016315198396720613,0.00021227274322882294,0.000169606733761288,0.00019399653961881994
407,0.00016986023932177987,0.00020577352668624371,0.00016916898315733604,0.00019496714109554886
408,0.00016660560326676609,0.00019043374748434872,0.000169438887465771,0.0001943463263800368
409,0.00016606971236696053,0.00017730821622535586,0.00016900081764583262,0.00019401381860952827
410,0.0001629456014618174,0.00019922483537811785,0.0001682345404981687,0.0001936511400621384
411,0.00016201668871670133,0.0002334951958619058,0.00016807600644533523,0.00019257414045277982
412,0.00018835889859474263,0.0001702974858926609,0.00016802843434593847,0.00019064720449969174
413,0.0001760833636055597,0.0001768109464319423,0.00016720139059664995,0.00018660392218735068
414,0.00016875157834470478,0.0001779977435944602,0.00016664092592028385,0.0001863169461255893
415,0.0001645010896835528,0.00018035723303910344,0.0001667473559507117,0.00018416678714565932
416,0.00015550063179236732,0.00018589933577459306,0.0001659879988867841,0.00018653498685453087
417,0.00016480308013140326,0.0001795512594981119,0.00016618456473483495,0.00019687358932569623
418,0.00015745172128340022,0.00017107159073930233,0.0001662011100561358,0.00019679950419813398
419,0.00016749096646284065,0.00021662935498170555,0.00016566096972286078,0.00019517447331454608
420,0.00017731114420005016,0.0001782212167745456,0.00016496167241259377,0.00019347620706539604
421,0.00015746734383153833,0.00017574127938132733,0.00016484583681707996,0.00019245837242342536
422,0.00017559324979730365,0.00017198963381815703,0.00016421913952928866,0.00019242776494938886
423,0.00016673244953077909,0.000164025139529258,0.0001641045280227748,0.0001931865905411542
424,0.00016312503217098614,0.0001813691819552332,0.00016548218904451157,0.0001901230168063194
425,0.0001562391791958362,0.00017238829692360014,0.00016424936993862503,0.00018971777318511164
426,0.00016136770537640484,0.0001758486038306728,0.00016326606946208305,0.00018947692972142254
427,0.00016664727102680546,0.00017015295743476598,0.00016312023695209062,0.00018931447148788725
428,0.00016050784913305608,0.00024204741057474167,0.00016349359940245954,0.00019023091639392082
429,0.0001702756246474261,0.0004399327712599188,0.00016353060831962566,0.00018997997108381243
430,0.0001661697434934063,0.00017114789865445344,0.00016329166081785742,0.00018925758190453052
431,0.00014964847563533112,0.0001716469711391255,0.00016280175587809128,0.00019004927715286614
432,0.00015237780656510342,0.00016331687045749278,0.00016230535083967777,0.00018821570072323084
433,0.00016370971337892115,0.00016498788143508137,0.00016138230916888766,0.0001878806069260463
434,0.0001504022801721779,0.000176543029374443,0.0001610395129136224,0.00018926529115997258
435,0.00016008031379897148,0.00021819547517225147,0.0001600553799368855,0.00019324926927220077
436,0.00019645821426012036,0.00015690585249103606,0.00015970714375919973,0.0001933904008474201
437,0.00015753842094757905,0.00016016639536246659,0.00015952812497529927,0.00019260211866348984
438,0.00015150085169201097,0.00017078985983971507,0.00015910979920817127,0.0001924109105486423
439,0.00016510576559489385,0.00017393628775607794,0.0001587590333281292,0.00019155663612764333
440,0.00017383515094277554,0.00020326835568994282,0.00015822478742080013,0.00019204625335987661
441,0.00015642585472152052,0.00017962570302188397,0.00015749503332707616,0.00018971540096681565
442,0.00015882939258719692,0.00016149153001606464,0.00015666440632258955,0.0001782143550226465
443,0.00014520409778924658,0.00019086397194769232,0.00015659219435894758,0.00017794993175193665
444,0.00015508084050250344,0.00017078994424082338,0.00015644050184831333,0.00017719418837223202
445,0.00015423510243029644,0.00016984387184493244,0.0001561533682300554,0.00017684476512949912
446,0.00014889743744990686,0.00021035838522948325,0.00015551341917792645,0.00017708908494096248
447,0.0001509899253788818,0.0002715890866238624,0.00015505334648445972,0.00017614178978838028
448,0.00015802654508863473,0.00016755342890974136,0.0001546911126384253,0.00017735082113649696
449,0.00015864956257347431,0.00016166212735697628,0.00015298220871676072,0.00017798965915571903
450,0.00014578103501763608,0.0001676080940524116,0.00015216445662792668,0.00017787529658526186
451,0.0001525985583753532,0.00015449174330569803,0.00015189507315129352,0.0001819511982379481
452,0.00015329112334357988,0.00018239338824059813,0.000151583171667557,0.0001815489943372086
453,0.00014226399678995627,0.0001837761007482186,0.00015072005463880484,0.00017990304585546255
454,0.0001495099495352608,0.0001524066226556897,0.00015078368114061758,0.00017890881286002696
455,0.00016436444440235694,0.00016453731688670814,0.0001505352762805867,0.00017895292181055995
456,0.00014585616286947497,0.00015275338664650918,0.00015067629182982878,0.00018041299944743512
457,0.00014519946610865495,0.0001545812893891707,0.0001503943114185758,0.00017947837556712333
458,0.00014771098707569763,0.00017109587672166525,0.00015047162574289058,0.00017927395715378226
459,0.00013890046283550973,0.0001528606505598873,0.00015045655334510637,0.00017680342856328936
460,0.00015102446764811046,0.0002484212588751689,0.00015058972525681992,0.00017180925863794982
461,0.00015373561621850564,0.00017287680297158658,0.00014994417426577352,0.00017105064380448315
462,0.0001370946187267287,0.00015730733110103757,0.00014927101376945045,0.0001713337388820946
463,0.00014476626477618183,0.0002726874011568725,0.00015017308841731085,0.00017431708152871578
464,0.0001573082285014809,0.0001638811902375892,0.00014981522263066531,0.00017536204992793497
465,0.00015225722522397214,0.0001621196436462924,0.00014974083860029675,0.0001809658481972292
466,0.00015801651726683809,0.00015476987813599406,0.0001502075967631148,0.00017993788607418537
467,0.0001526192710864254,0.00016259425377938895,0.00015014649950511138,0.00018004713787231596
468,0.00014872948652029866,0.00022736591286957265,0.00014907490081063267,0.00017947680987417697
469,0.00014803133022117738,0.00014742434723302722,0.0001490100499313687,0.00017925263068173082
470,0.0001561679605381667,0.0001647334115114063,0.0001487684942115771,0.0001812905837316066
471,0.0001485206275053012,0.00014859517046716063,0.00014852994464583592,0.00018036032593809071
472,0.00015431922317172091,0.0001467348384903744,0.0001486783420712325,0.0001809057615231723
473,0.00014188777031247607,0.00014858805807307362,0.00014812358751595538,0.00017723025537561628
474,0.00014182055016539785,0.0001687395042972639,0.00014798132291697484,0.00017649466793518516
475,0.00016833290121414594,0.0002421916602179408,0.00014817604407758658,0.00017591602900065485
476,0.00014365191370921418,0.00018061595328617842,0.00014796093693585134,0.0001725922930520028
477,0.00015143152258436507,0.0003224883449729532,0.00014773023556982582,0.00017187763093970716
478,0.00015393295086040679,0.00015807704767212272,0.00014770751622207983,0.0001710638517746702
479,0.00014798251808517508,0.000155137917608954,0.0001472902407281153,0.00017078553596511483
480,0.00013757447704038997,0.00015027911693323403,0.00014678063193245588,0.00017569515143986793
481,0.00014423489088787595,0.00014714890683535488,0.00014649041140154525,0.00017267657709307967
482,0.00013916057311386492,0.0002055301156360656,0.00014570230388457684,0.00017262299510184672
483,0.00014174724793216835,0.00014783943188376725,0.00014496707569794834,0.00017221458479762077
484,0.00014261039847042413,0.0001664965401869267,0.00014467680779893679,0.0001721783759770915
485,0.00013715560376618264,0.00015653360518626868,0.00014411848941494503,0.00017307963899802415
486,0.00015017900124399198,0.00015448711696080863,0.00014402652757125907,0.00017294002948328849
487,0.00014196264774202265,0.0001428413577377796,0.00014446485351007947,0.0001757109634345397
488,0.00013938858623280086,0.0001895940024405718,0.0001430732247904719,0.00017199940846767274
489,0.0001515406943508424,0.0001460146374301985,0.00014293496055308623,0.00017042067344300447
490,0.00015168924153032196,0.00014177516452036797,0.00014236779984849916,0.00016308245896361768
491,0.00014758462991772427,0.00014781198289711027,0.0001416997158272554,0.00016531544532626867
492,0.00013987905119494017,0.000285334640648216,0.0001416352017478655,0.00016477610110305252
493,0.00014147397324753305,0.00015190155419986695,0.00014202494056791894,0.00016414894384797664
494,0.000128328642296967,0.00014608479745220393,0.0001416100650003904,0.00016399720527697357
495,0.0001377872558724549,0.00015452315390575676,0.00014129106267872784,0.0001613290398847312
496,0.00014126393003001188,0.0001476899499539286,0.00014110740027649122,0.00016306729009374975
497,0.00014036126357192793,0.00016926641401369125,0.00014140684158515392,0.00016211909505072983
498,0.00013958872422032678,0.00014509782020468264,0.00014120995949876188,0.00016162101668305698
499,0.00015277869863590846,0.00023801285307854415,0.00014076351285135995,0.0001625727591570467
500,0.00013354218322395657,0.00014940278604626655,0.00014050978029715933,0.00016226710309274496
501,0.00014019530777457275,0.0001411475776694715,0.00014039067529892133,0.0001603722781641409
502,0.00013725250496968833,0.00013903298298828304,0.00013971596201881766,0.00015992970874067398
503,0.00013723085032931218,0.00021390170673839747,0.0001391459422496458,0.00016077238828875122
504,0.00014636966610042792,0.0001416543120285496,0.00013878349525621163,0.00016051493787672369
505,0.00014731794754172572,0.00013460018555633724,0.0001384907939380759,0.0001623122762655839
506,0.00013386300169966286,0.00014335544256027788,0.00013978092884127467,0.00016177229394670573
507,0.0001311855150723002,0.0001388259808300063,0.00014006526772734817,0.00016121619688346984
508,0.00013715568787625267,0.00019129568710923194,0.00013979436579910628,0.00016177589592989534
509,0.00015009643118699185,0.00014279166411142796,0.00013985073010488932,0.00016329046045430006
510,0.00013223355160638068,0.00014408164599444718,0.00013962836615197981,0.00016291416937019677
511,0.0001390178350589445,0.00017828067881055178,0.0001396845479754524,0.00016250454690307377
512,0.0001356193338870071,0.0001351999561302364,0.00013941170866989223,0.00015877690829802302
513,0.0001364109612768516,0.00014222337922547011,0.00013930359002228623,0.00015862520465161647
514,0.00013467286234825022,0.00013495040184352547,0.00013918637273082924,0.00015878123603761194
515,0.0001374387473010251,0.00016284215322230012,0.00013916107868879206,0.0001596883801743388
516,0.00013852345508186975,0.00014137572259642183,0.00013888519910526358,0.00015792717894073577
517,0.00013256151824154788,0.00033026810036972164,0.00013872850962604085,0.00015777757868636402
518,0.00017372734582750128,0.0001384019962279126,0.00013817245533250064,0.00015791417760774494
519,0.000135437114448804,0.00013218237087130546,0.00013804211980896074,0.000157356700534001
520,0.00013101470766640786,0.0001685156300663948,0.00013825807314650677,0.0001594218772370368
521,0.00014267303767458847,0.0001855540630640462,0.00013803935961978925,0.00015762888982426374
522,0.00013480216474919064,0.0001598591369111091,0.00013702149297912709,0.00015798622507136312
523,0.0001409932698071417,0.00013485725852660835,0.00013708815324999806,0.00015898807793855667
524,0.00014595771599690326,0.00014482188795227557,0.000137097697362252,0.00015739254676736894
525,0.00013083921703380637,0.00014561019488610328,0.00013694631457070094,0.00015731653771363204
526,0.0001372648754881488,0.0001450483623193577,0.00013697356405383386,0.00015753933631349357
527,0.00013662015391875887,0.00016171158640645444,0.00013699477035422912,0.00015745206535793844
528,0.00013033386074110038,0.00016987167589832097,0.00013686337767220618,0.00015629082780797037
529,0.0001424524291198597,0.00013791430566925555,0.00013735109206496011,0.00015662767775356776
530,0.00013341659020322066,0.00013801515859086067,0.00013694762960335033,0.00014880602066405122
531,0.0001306046136111642,0.0001294185157166794,0.00013573563905665655,0.00014899155956227337
532,0.00013658434851095082,0.0001904553984059021,0.00013600419744616378,0.00014959972242359075
533,0.0001316878497083154,0.00014647100178990513,0.00013697593811925297,0.00014806627144571397
534,0.000124649765170438,0.00015172504528891296,0.00013659649174143046,0.00014839596492238343
535,0.00013390005837815504,0.00016912796767428517,0.0001364785642634767,0.000147273431555368
536,0.00013925643786529286,0.0001383923995308578,0.00013588113194823058,0.00014708310682326554
537,0.00013183476409823116,0.00013329972978681325,0.0001350764802307822,0.00014666704756673425
538,0.00013709219835517515,0.00014779334422200917,0.00013499702856901825,0.00014653693670406938
539,0.00013520301985813098,0.00013276862795464695,0.0001350210636220355,0.00014591787930112333
540,0.00013415393025045178,0.00013381121447309853,0.00013455806649419376,0.00014467030563391746
541,0.00015071631490071822,0.0001497969712363556,0.00013470035951403488,0.00014333908800035714
542,0.0001224749567013027,0.00013472667313180865,0.00013421476983154813,0.00014314976269379258
543,0.0001434275821601558,0.00014304046868346632,0.0001338677578638049,0.0001438456888543442
544,0.00014215107418648484,0.00014738644240424036,0.0001338656549076808,0.00014596052134875208
545,0.00015530822449363768,0.00013017935561947523,0.0001342615490371827,0.0001463300148723647
546,0.00013318687822902575,0.00019379639998078345,0.00013428889657403082,0.00014720936024095865
547,0.0001318539778003469,0.00013179580273572355,0.00013494012031555435,0.00014666587091051044
548,0.00012605746192598922,0.000130099140224047,0.0001345042863100793,0.00014532380430027841
549,0.00012584142306069327,0.00013442040653899312,0.0001338896100102122,0.0001452973189530894
550,0.00012885292548970835,0.00014235742331948132,0.00013352962272118832,0.00014542902000248432
551,0.00013786575181357977,0.0001295719272457063,0.00013378311799379947,0.00014453863326925788
552,0.00012504522572271527,0.00013052224472630768,0.00013362076679251106,0.00014448451725766062
553,0.00013389118623712825,0.00013659123505931347,0.0001331840610471166,0.00014444412565790116
554,0.0001303126870576913,0.0001331811730051413,0.00013210372127262721,0.00014380704078357666
555,0.0001247412910096399,0.00015541331260465085,0.0001323055063170614,0.00014347423096187413
556,0.00013055203970806258,0.0001822893280768767,0.00013156850619868942,0.00014293842595070603
557,0.00014648170174849737,0.00019969273649621754,0.00013092387156502807,0.00014207580857910216
558,0.00013237153812951875,0.0001684546360047534,0.00012964543731747348,0.00014206395011860876
559,0.00014093035870852569,0.0001381378120277077,0.00012909343841634432,0.00013982316618785262
560,0.00012300420824127892,0.0001355763024184853,0.00012874924029294762,0.0001403534941840917
561,0.00012388953036861493,0.00013773026585113258,0.0001289442241363253,0.00014014078597538173
562,0.00012283508187263377,0.0001365922560216859,0.00012908083536021877,0.00013998734885826706
563,0.00014342958017045425,0.00012553367589134722,0.00012926350462593187,0.00013974277321249248
564,0.00013114423982592093,0.00013141572766471653,0.0001288803063530294,0.00013967236794997008
565,0.00012323628661559067,0.00013280142447911203,0.00012923540714255066,0.00013971092987339947
566,0.00012370782053848313,0.0001338698493782431,0.00012902755515630513,0.00014000215795822445
567,0.00012751958281215694,0.00012640642758924515,0.00012914862971034988,0.00014001439413987101
568,0.00012500257920085764,0.00012964534340426326,0.00012890038014383106,0.0001387571308296174
569,0.00012603520834495106,0.0001258210081141442,0.0001286549741664203,0.00013650717593263834
570,0.00012334736830477293,0.0001298828941071406,0.00012827093236749838,0.00013499012188985943
571,0.00011938690570079618,0.00013777680171187968,0.00012808106699117668,0.00013496697009541094
572,0.0001232490247154298,0.0001450540026417002,0.0001275981131701782,0.00013452686779201028
573,0.00013093205801043142,0.00012478143500629812,0.0001274198122303157,0.00013408416339661923
574,0.00012925670365802942,0.00013058447861112653,0.0001273474692198862,0.00013347305133938785
575,0.00013341965713253658,0.00013624303217511625,0.00012753105494323086,0.00013375084970612076
576,0.0001282857949910168,0.00012781179568264634,0.00012720241315093721,0.00013391402568668128
577,0.00013392274546074784,0.00013148629281204194,0.00012697806814297412,0.00013394079357385635
578,0.00012869488658098918,0.00014387193717993796,0.00012681696756949853,0.00013534090407192706
579,0.00013333955090881014,0.00013348707754630594,0.0001269024001033459,0.00013509284474421293
580,0.00011853505184666978,0.00012398172984831035,0.00012686699574761506,0.0001349395700264722
581,0.00012441689027279304,0.00012604045565240085,0.00012680145803218085,0.00013724279720336198
582,0.0001368806567754493,0.0001617663854267448,0.0001267688144341163,0.0001392448844620958
583,0.0001276249037214762,0.00016787584114354105,0.00012668479805256032,0.00013917694680858403
584,0.00012885651318356395,0.0001271352544426918,0.00012654097972554152,0.00013910932515282185
585,0.0001185466847447161,0.0001245086925337091,0.00012696079651424144,0.00014073365121148527
586,0.00012208095510787744,0.0001224524644203484,0.00012646249173622992,0.00014085058120545
587,0.00012742472495625004,0.0001435372151900083,0.0001261556103450453,0.00014208499225787816
588,0.0001352135353631133,0.00012961307540535928,0.00012576089364657594,0.00014192640897817908
589,0.00012553561462684432,0.00013208492484409362,0.0001255486986981446,0.0001424929662141949
590,0.00011920877227870126,0.00016780418693087995,0.00012507004525266692,0.00014248445008415732
591,0.00012584363388466751,0.00012766836618538946,0.0001247032871515128,0.00014247686765156688
592,0.0001266344739188854,0.00012257455964572727,0.00012467292623089937,0.00014227747328113765
593,0.00012336413631500263,0.0001872260228265077,0.0001247336054550639,0.0001422825859161094
594,0.00012521911839333673,0.00017587318958248944,0.000124534346746643,0.00014206669391132891
595,0.00012124695876587389,0.00012818445276934653,0.0001240153135693011,0.00014154420439153908
596,0.00011579144752532657,0.00013608626031782478,0.00012379500791171773,0.00013967815691139546
597,0.00013374444443292708,0.0001856621541082859,0.00012390123430975817,0.00013953759879805147
598,0.00011847443856014353,0.0001277046848554164,0.00012425912962450334,0.00014007948585785925
599,0.00012158466887841416,0.0001614447549218312,0.0001244031003553472,0.00014092989519704136
600,0.0001235517396708019,0.00013227845018263907,0.0001243778130692792,0.00014128114581108095
601,0.000122980921280234,0.00014197572658304126,0.00012425913925528421,0.00014236294259317218
602,0.00012195640932380533,0.0001312733895611018,0.00012424838311853815,0.00014246816993691028
603,0.0001195259340521362,0.00014368237636517734,0.00012434066641209127,0.00014176776984240863
604,0.00013258052789347452,0.0001285022182855755,0.00012422802761106544,0.00014173374117817732
605,0.00012005203245078317,0.00012410954572260378,0.00012399885590097659,0.0001422897451557219
606,0.0001194354225622697,0.00012064315553288906,0.00012378742310102097,0.00013958105018828065
607,0.000123904827341903,0.00014870414743199943,0.00012370919615172575,0.00014118862617760897
608,0.00012211726228189137,0.00012122465413995087,0.00012329841959160857,0.0001409554451936856
609,0.00013151217313457487,0.00012362130160909146,0.0001235115317369087,0.00014020983756054192
610,0.00012749406761334588,0.00013805586902890355,0.0001229344315218946,0.00013803626645822077
611,0.00012568022337897371,0.00014371269789990038,0.0001229502123133797,0.0001388540205080062
612,0.00012679254280454995,0.00015231848054099827,0.00012292309366942694,0.0001370748008368537
613,0.00013224669001323896,0.00015665799495764076,0.0001224935743595577,0.0001373908127192408
614,0.00012526671120819324,0.00013471560843754559,0.00012246344639311755,0.00013660450140014292
615,0.00012151585461752903,0.0001502941845683381,0.00012231803609433377,0.0001361795016564429
616,0.00012302766385902133,0.00012681764957960694,0.0001222689969135293,0.00013513154482934622
617,0.00012090518116666419,0.00013647465908434242,0.00012196561622808482,0.00013456627521663906
618,0.00011807831631611205,0.00011950864864047616,0.00012204150362392992,0.00013645765606779608
619,0.00012326344466095584,0.00021606258931569755,0.00012237498741661613,0.00014159018220379952
620,0.0001109775447629444,0.00012235492817126215,0.00012238778660216164,0.00014024317411240192
621,0.00012111925115782974,0.0001174460694892332,0.00012202500229145192,0.00014099750784225763
622,0.00011931693905757533,0.0001313228765502572,0.00012174044031222972,0.0001426233431790024
623,0.00011886895834727006,0.0001481485361000523,0.00012114999262137442,0.00014186225123703482
624,0.00012090670277959564,0.00011696426314301789,0.00012071310215461483,0.00014387625821400433
625,0.00011281375692407083,0.0001401787472423166,0.0001203947338146261,0.00014266838741023094
626,0.00012222772211922955,0.00012231794360559434,0.00012014051255019797,0.0001440551907522604
627,0.00011832115185421167,0.0001206483959686011,0.00011998285724225249,0.00014354435428977014
628,0.00011829995453202477,0.0001174834556877613,0.00011982073487985569,0.00014342366713099183
629,0.00012499601075736185,0.00011437047796789557,0.0001197653503124861,0.00014348216885700824
630,0.0001219492173469108,0.00017139406700152903,0.00011940168165925165,0.00014430961548350755
631,0.00012777251737942506,0.00024895630893297495,0.00011948780680346924,0.00014418452712707224
632,0.00012422480698054034,0.00011502894514705986,0.0001195835988522352,0.0001458221740089357
633,0.00011304765451414925,0.00014008299738634377,0.00012002369036328875,0.0001458651778055355
634,0.0001243981236540195,0.0001642671850277111,0.00012014287176360895,0.00014586856099776921
635,0.00011273287534196344,0.00011902857047971338,0.00011985659346294899,0.00014522752130869776
636,0.00011475796170998365,0.00019406287232413887,0.00011986936354337051,0.00014413644527085125
637,0.00011883333430483213,0.0001221217104466632,0.00011962189546191236,0.00014501220383681358
638,0.00012589115840253525,0.00019132807850837707,0.00011995947562002886,0.0001445621067658067
639,0.00012132532850955613,0.00012194469687528908,0.00011991936354897916,0.00014654656227212402
640,0.00011746279555760945,0.00014727700559888035,0.00011968771614418883,0.0001472376137971878
641,0.00012164304967478124,0.00012828019273001702,0.00011936410310704054,0.00014819987684022633
642,0.00011181346483580354,0.0001571608247468248,0.00011919715956836525,0.00014852562099695204
643,0.00012023144492155147,0.00011638143972959369,0.00011881055180112727,0.00014668179762084035
644,0.00012565824588010502,0.0002570037613622844,0.00011814011957160094,0.0001411559032509103
645,0.00012197983253928315,0.00012343002308625727,0.00011793649995880614,0.00014124463738407936
646,0.0001240987861658343,0.00011753064929507672,0.00011804298201006734,0.00014006323881912973
647,0.00011215998154107689,0.00011529688432347029,0.00011800227822580685,0.0001394892108393833
648,0.0001191882103578084,0.00012087163515388965,0.00011828543878639014,0.00013986388267949221
649,0.0001147200007431416,0.00013885822729207576,0.00011822919895186918,0.00013712667811196299
650,0.0001212532608769834,0.00012892632046714424,0.00011831957668635166,0.00013739651881624013
651,0.00012122492034298679,0.00017192933126352727,0.00011799069849593149,0.00013430908762384207
652,0.00011252996673445321,0.00013792468409519641,0.00011768544258084145,0.00013404108153190463
653,0.00011020962860331767,0.00014154003176372498,0.0001179614353446393,0.0001328387215035036
654,0.00012082242229047955,0.00012251408188603818,0.00011742725282933356,0.000132882752106525
655,0.00011228402316596152,0.00012529848259873688,0.00011724656923648177,0.000131455957563594
656,0.00011101171164126653,0.00011080894968472421,0.00011734468010254203,0.00013210240819025784
657,0.00011913431666067078,0.00011724729847628623,0.00011709868825273587,0.0001262331700418145
658,0.00011570970579567883,0.00011054803326260298,0.00011756525465752929,0.0001260281731374562
659,0.00012338052904750738,0.00014991648553404956,0.00011702816817107508,0.00012574262411799283
660,0.00011981188935654549,0.00012839536648243666,0.00011680579044105899,0.00012568384564947338
661,0.0001133519658469595,0.00012563275813590736,0.0001166429299227376,0.00012519492045976222
662,0.00012109277766689452,0.00012886772805359214,0.00011649474500963051,0.00012586871194653215
663,0.00011766920364203138,0.0001141422986984253,0.00011597472154923406,0.00012544177460949868
664,0.00011369393063230544,0.00011524454457685351,0.00011573703666735027,0.000123695897241123
665,0.00012436261465255586,0.00011721800488885492,0.00011580787466373296,0.00012274419285822658
666,0.00010828848679213681,0.0001293809578055516,0.00011635378724572044,0.00012144735241308808
667,0.00010729637501450877,0.0001214909611735493,0.00011631795172514913,0.00012311717369593682
668,0.0001226842165730583,0.00013254270539619028,0.00011667367679054021,0.00012249632214661688
669,0.00011950844963495103,0.0001102728076511994,0.00011644749919974455,0.00012294475741218776
670,0.00013364399265911845,0.00011830510047730058,0.00011616378941430918,0.0001230214262381196
671,0.00011067162400447867,0.00011039192380849272,0.00011605230834296285,0.000123348204838112
672,0.00010660053829067491,0.00011382742261048406,0.00011561475551182717,0.00012226441517705096
673,0.00011511669739977354,0.00010864850541111082,0.00011521671405967531,0.00012164191697956992
674,0.00011101537791546434,0.00015570301446132361,0.0001154987198080764,0.00012177491259062663
675,0.00010825267436707185,0.00011825288704130798,0.00011502675246059273,0.0001219755843630992
676,0.00011528279829589236,0.0001282823970541358,0.00011496473372875091,0.00012200470174429938
677,0.00011430091664402021,0.00011413207452278585,0.00011498581110370448,0.00012182072239229454
678,0.00012385744315300448,0.00010911902063526213,0.00011416281277132736,0.00012154111388372257
679,0.00011992653427619694,0.0001642596139572561,0.00011460232523580389,0.00012062546982197092
680,0.00012117714980073895,0.00010977719386573881,0.00011467051768753052,0.00012023692583898083
681,0.0001053572718713743,0.00012201983132399619,0.00011388424730911436,0.00011919332832330837
682,0.00011204157202478706,0.00011916401912458241,0.00011356492375101272,0.00011911665898514911
683,0.00011292267901202043,0.00011871749826241285,0.00011260240421785662,0.00011884758304804564
684,0.00011244170826911513,0.0001228217440075241,0.00011245893676144382,0.00011880738637410105
685,0.00010986085305274981,0.00011283291154541075,0.00011246859719136004,0.00011856770962476732
686,0.00012040210955698664,0.00012895764841232448,0.00011228601707779389,0.00011864990335889162
687,0.00010929359397980281,0.00013388452236540616,0.00011225651123159978,0.00011719778091646731
688,0.00011611873534598594,0.00011487023322843016,0.00011252146410600593,0.00011763653871603308
689,0.00011422086500614468,0.00011064506077673286,0.00011228554118683357,0.00011698169899173081
690,0.00010378765634312812,0.00011022779217455536,0.00011187194264752586,0.00011664960074704141
691,0.00011927629840405037,0.00010648985626176,0.00011168798390297323,0.0001166191709926352
692,0.00010900118630767489,0.00011177736159879714,0.00011129785026908697,0.00011478122619446367
693,0.0001030274571126534,0.00010645276750437916,0.00011085620788799135,0.00011557846581563353
694,0.00011152536068241009,0.00010835607419721782,0.00011121621096422637,0.00011557118780910969
695,0.00010958100433021577,0.00011157820204971358,0.00011083647869365653,0.00011769224170129746
696,0.00010708493759415837,0.0001093870069598779,0.00011071676949860478,0.00011720451237633824
697,0.00010684204903858093,0.00010783550387714059,0.00011054249644479972,0.00011749247355619447
698,0.00011055219456061928,0.00011070334876421839,0.00011015785578282601,0.00011740930244559424
699,0.00011027773176061196,0.00011939995340071619,0.00011004201165406912,0.00011641905534779655
700,0.00011487649622722529,0.00012922183203045278,0.00010995540894315735,0.00011535667221760378
701,0.00010938472531658287,0.0001119114039465785,0.00010943911741972747,0.00011503301535267384
702,0.00010396095316132737,0.00010582961840555072,0.00010912597203827722,0.00011500317114405335
703,0.00011925847453918929,0.00010835827677510679,0.00010900670998283509,0.0001147388089913875
704,0.00011017319342904052,0.00011831099400296807,0.00010840405916581708,0.00011482580967713148
705,0.00011013609027334799,0.00012970818439498544,0.00010876029050074674,0.000115135979373008
706,0.00011435734877725029,0.0001218378811609,0.00010897618230891468,0.0001155538344522938
707,0.00010254826526054078,0.00017219036642927678,0.00010913100472567346,0.00011554717393592001
708,0.00010992994913572653,0.00010652426513843238,0.00010926784699776263,0.00011661667177686468
709,0.00010808488192398929,0.00013002077350392937,0.00010920326984325786,0.00011736166233895348
710,0.00010024483650340699,0.00011075363378040492,0.00010922662837708939,0.00011728653589962051
711,0.00011750600633806446,0.00010420147096738219,0.00010906311043751582,0.00011806796876480803
712,0.00010712852620700788,0.00010732494411058724,0.0001086212545727095,0.00011737384573789313
713,0.00010321144726023906,0.00010677881160518154,0.00010809402720608181,0.00011638726326636969
714,0.00010639223046988869,0.00010989895556122064,0.00010806629639733325,0.00011623218790628016
715,0.00010080610495707435,0.00010361873835790903,0.00010841440586858273,0.00011609821552410723
716,0.00010421002797860032,0.00010866487340535969,0.00010801639061117182,0.0001163156737922691
717,0.00011790696968091651,0.00011953160399571062,0.00010764964973851521,0.00011613816289464012
718,0.00010842475231685159,0.00011689914448652417,0.00010730823629289969,0.00011634563222760334
719,0.00011539592110137973,0.0001081895612878725,0.00010716473344364204,0.00011550546499202028
720,0.00011300206113244511,0.00013831564807333053,0.00010736228715072176,0.00011266141107771546
721,0.00010547050873153947,0.0001280117710120976,0.00010742925685869217,0.0001135391135700047
722,0.00010742601238436893,0.00010595734289381653,0.00010710206480903755,0.00011254280591383576
723,0.00010646424607128008,0.00013023917039390654,0.00010754987334302211,0.00011213555152062325
724,9.923133514045427e-05,0.00010204687772784382,0.00010712955279030009,0.00011228723136009646
725,0.0001016958120615325,0.00010455727024236695,0.00010677012999464447,0.00011247496847063302
726,0.00010869145509786904,0.00010803451994433999,0.0001068263229745854,0.00011275947486283256
727,0.00011266368994256482,0.00010248030885122717,0.0001065765695995651,0.0001124181673163548
728,0.0001093080931039165,0.00011379473347915337,0.0001064250600317286,0.00011310682853218168
729,0.00010100467161262512,0.000113873221562244,0.00010638931480223415,0.00011272056810557843
730,0.00010160075413296,0.00013489491771906615,0.00010573718240678619,0.00011300647025927901
731,0.00011076977754580892,0.00010083370027132332,0.0001055882835004013,0.00011372798846568912
732,0.00010748710793753465,0.0001010890185716562,0.0001052560331513329,0.00011641533507499843
733,0.00011160419183498663,0.00012846682744566351,0.0001052371233488278,0.0001148871568031609
734,9.990508068262393e-05,0.00010511308209970593,0.00010509703022414922,0.00011475685606710613
735,0.00011144004985302065,0.0001005722739500925,0.00010471398506520524,0.0001150719221914187
736,0.00010699799252001361,0.00010799346695421264,0.00010476353238142716,0.0001138256846810691
737,9.814295631561739e-05,0.00011201837187400088,0.00010495856177488652,0.00011359483030391855
738,0.0001046162717587625,0.0001138914714101702,0.00010472183102521941,0.00011373295091325416
739,0.00010014839609438139,0.00010136626689927653,0.00010449520917674009,0.0001136150821344927
740,9.701836576116167e-05,0.00012083526875358075,0.00010428595048595323,0.0001149361574323848
741,0.00010331639724123913,9.900836274027824e-05,0.00010402503459222822,0.000115359346952755
742,0.00010160365979471761,0.00012667915783822536,0.00010404122531504577,0.00011460083437850698
743,0.00010470227965722895,0.00013493709964677693,0.0001039854260362012,0.00011506822063820435
744,0.00010708966237466989,0.00017537322652060538,0.00010443549227913737,0.00011570022921077907
745,0.00011252931606981696,0.0001001111912773922,0.00010417418823150609,0.00011634337584255263
746,0.00010196818061457534,0.00012475425261072816,0.0001039689189747959,0.00011536711720982566
747,9.784988341076921e-05,0.00011383399600163102,0.00010387798771650221,0.00011607029993319886
748,0.00010770292897682844,9.90832326351665e-05,0.00010330266465381202,0.0001163338802056387
749,0.00010410706997693826,9.627551829908043e-05,0.00010309759419437291,0.00011617825758876279
750,9.577754331985489e-05,0.00010801028547575697,0.00010305191061601768,0.00011572410952067002
751,0.00010302590888588586,0.00010508780047530309,0.00010278736652948687,0.00011510320267407224
752,0.00010743222267289336,0.0001355071912985295,0.00010258232497467868,0.00011528083482990042
753,0.00010278519576079108,0.00012437447148840874,0.00010253803951911525,0.00011439630981767551
754,0.000101409439683064,9.49104072060436e-05,0.00010241108351749265,0.00011514392569661141
755,0.00010020577216184594,0.0001465795742115006,0.0001022519130492583,0.00011413291047792882
756,0.00012202143361921318,0.00011663391458569095,0.00010234177111285844,0.00011298904588911682
757,0.00010095450674675198,0.00011716768436599523,0.00010232652753669149,0.00010985815902240573
758,0.00010647246041723216,0.00010406036162748932,0.00010153965071141203,0.00010967788668349385
759,9.763179922528151e-05,0.0001226926501840353,0.00010134324438598319,0.0001085728992940858
760,9.705697328576611e-05,0.00010716178076108918,0.00010120907452849984,0.00010863219280727207
761,0.0001018712310340359,0.00010410290153231472,0.00010085029665626483,0.00010848204251378775
762,9.700086685673644e-05,0.00010066467017168179,0.00010062063915409251,0.00010873616550816224
763,9.800266959549238e-05,9.836880024522544e-05,0.0001008618226637029,0.00010942276765126735
764,9.502235722417633e-05,0.00010580707079498097,0.00010054211392351942,0.00011013684595236556
765,9.591122937207627e-05,9.872214344795793e-05,0.00010030343235897209,0.00010866649608360604
766,0.00010014249720067407,0.00011769875971367582,0.0001000745421320769,0.00010995714111486451
767,9.762439808885878e-05,0.00010140377737116068,0.00010023019127353715,0.00011216275951592254
768,0.00010694873124723219,0.00010634048492647708,0.00010012784283155472,0.00011018454708391804
769,0.00010670857297049628,9.710105485282838e-05,9.909461705699666e-05,0.0001118426075903699
770,9.285739543783064e-05,9.560438280459494e-05,9.903697724932701e-05,0.00011118395703379065
771,9.705802247885408e-05,9.712956787552685e-05,9.858101181259068e-05,0.00011075826927553862
772,9.449563697368527e-05,0.00011531633383128792,9.868754589503321e-05,0.00010970945844892412
773,9.873348217095352e-05,9.532947529805824e-05,9.854743484627561e-05,0.00011165661396225913
774,9.836563242263057e-05,0.00010262859315844252,9.834545923384012e-05,0.00011118747878354042
775,0.00010180713106011454,0.00012517533905338497,9.836352332042429e-05,0.00011180060292826965
776,9.503319038129929e-05,0.00012293975800275802,9.835879712481984e-05,0.0001121940588229336
777,0.00010146518355921014,9.874844457954169e-05,9.841263955264974e-05,0.00011191169838421047
778,9.706294008841117e-05,0.00015664059726987035,9.839697944763531e-05,0.00011158103987108917
779,0.00010530066821957007,0.00015005086723249406,9.80632005899679e-05,0.0001109456817386672
780,9.764706111228507e-05,9.71242634113878e-05,9.783715149129018e-05,0.00011072298379149288
781,9.619078925526184e-05,0.00015808542724698782,9.731773462974364e-05,0.00011043925568228587
782,9.951351155501067e-05,0.00010070142045151442,9.705806046517359e-05,0.0001104517646250315
783,9.507332449882395e-05,9.34181676711887e-05,9.702279655676748e-05,0.0001105478768586181
784,0.00010029515128634456,9.647237951867283e-05,9.666346213780343e-05,0.00011078760033706203
785,9.355419706682571e-05,0.00015584066859446465,9.690893286929672e-05,0.00011038408676395192
786,9.682184072314865e-05,9.237452206434682e-05,9.688810700253168e-05,0.00011113983977120367
787,9.745246902134062e-05,0.00011599277378991246,9.678429076900809e-05,0.00011247321328846738
788,9.788451470538147e-05,0.00010820519761182367,9.66176813157896e-05,0.00011118516649585218
789,9.636841791992386e-05,9.874805982690305e-05,9.66267924548851e-05,0.00011002179326023904
790,9.55197267467156e-05,9.045568061992526e-05,9.675340340796132e-05,0.00010965717550134285
791,9.179802575898874e-05,0.00010181480640312656,9.66349046541533e-05,0.00010743319585453719
792,9.197317062191561e-05,9.583632869180292e-05,9.60388038889505e-05,0.00010619018813595176
793,9.396330970856879e-05,9.924728219630196e-05,9.570235250155544e-05,0.00010598783208988608
794,0.00010021671885624529,9.741377842146903e-05,9.544274864019827e-05,0.00010324765286641197
795,9.197579772767818e-05,9.800718864426016e-05,9.5688963799815e-05,0.00010374032015679404
796,8.80746620047527e-05,0.00010312265483662486,9.550437198162803e-05,0.00010391368078999223
797,0.00010063240526101758,0.00010522849450353533,9.552452340010657e-05,0.00010392737105721606
798,9.821283550182772e-05,0.00011422330047935248,9.56248528640976e-05,0.00010330093310913071
799,9.577022658454048e-05,0.00013596293109003455,9.541528788977304e-05,0.0001031271220650524
800,9.764189472965275e-05,9.297416923800483e-05,9.555167513188079e-05,0.00010211347182048487
801,9.526096885868659e-05,9.385542711243033e-05,9.554509308008064e-05,0.00010154604167910294
802,0.00010463045738611578,8.963300060713664e-05,9.528442658742683e-05,0.00010137764333048837
803,9.410047124321055e-05,0.0001010411060997285,9.491342040710152e-05,0.00010158930037869141
804,9.039814908949968e-05,0.00011897567426785827,9.517729191704551e-05,0.00010119991047540681
805,8.923577642740889e-05,9.206536225974559e-05,9.500661972754946e-05,0.0001020508469780907
806,8.970069272133212e-05,8.958094666013495e-05,9.566389580399523e-05,0.00010184133728034794
807,0.00010566889054542925,0.0001130181027110666,9.528459446608191e-05,0.00010204317613970487
808,9.045852904414966e-05,9.775218350114301e-05,9.519590924739734e-05,0.00010192964897723867
809,0.00010079893674830802,9.681463619926944e-05,9.518541879499229e-05,0.0001018724596244283
810,9.606243366660136e-05,0.00014017971989233047,9.473162053812608e-05,0.00010149597654817626
811,9.158271636503438e-05,8.802924596238881e-05,9.450588916467192e-05,0.0001004698776989244
812,0.00010086215007403451,9.065151767572389e-05,9.456500755946357e-05,9.990118694258854e-05
813,9.771996341037771e-05,9.40194440772757e-05,9.4351945443648e-05,9.975941050797701e-05
814,8.985175560357877e-05,9.45381011115387e-05,9.407656194461095e-05,9.949314120458438e-05
815,8.62445722385827e-05,9.574710682500154e-05,9.345641986906735e-05,9.972701673395931e-05
816,9.839481350758837e-05,9.208005882101133e-05,9.321698211521531e-05,9.917040111031384e-05
817,8.770636588451453e-05,0.00011710974125890061,9.338498216044779e-05,9.887826569611208e-05
818,0.00011039521161971303,9.400953975273296e-05,9.35297617517386e-05,9.938915410311893e-05
819,9.073418540841279e-05,0.00010245974990539253,9.387345825703556e-05,9.93382116779685e-05
820,8.975866726056362e-05,9.516900958260521e-05,9.354758764546003e-05,9.883785657584669e-05
821,8.781240069462607e-05,0.0001016929210163653,9.373469956691326e-05,9.874696149490773e-05
822,8.92874488393621e-05,9.581641759723425e-05,9.337944099517903e-05,0.00010093048898270356
823,9.256955116547437e-05,8.857082924805582e-05,9.316392049303332e-05,9.915743989404293e-05
824,9.724818645433212e-05,0.00012174566218163818,9.339465877177039e-05,0.00010201746961101893
825,9.231534183426346e-05,8.942975837271661e-05,9.373749046709337e-05,0.00010178517479216683
826,8.837638138276007e-05,8.719869452761486e-05,9.355978509378878e-05,0.00010162502669263632
827,8.912690549752572e-05,9.547988884150982e-05,9.352668074392972e-05,0.00010186808822909372
828,8.811452739690947e-05,8.712571550859138e-05,9.346945230079452e-05,0.00010208627012325452
829,9.459815022031156e-05,0.00011167228891281411,9.33047876269686e-05,0.00010211333488114181
830,9.285526620967883e-05,0.0001048375724349171,9.351623296679462e-05,0.00010077327227918433
831,9.82931053537565e-05,8.830738603137434e-05,9.249110569265514e-05,0.00010237699525896461
832,9.752212525604086e-05,0.00010050922515802086,9.270991142612829e-05,0.00010271423549856991
833,9.513632708048034e-05,9.547980647766962e-05,9.281282494355561e-05,0.00010243816926376893
834,9.191747245495208e-05,0.00015140282339416445,9.266851805894274e-05,0.00010255226559238508
835,9.067442111295854e-05,9.585349267581478e-05,9.247343156958878e-05,0.00010255236402153968
836,9.73511733334615e-05,0.00015952998888678848,9.246498324371513e-05,0.00010253819262143226
837,0.00010943294245710906,8.484414720442147e-05,9.22295310815874e-05,0.00010243472075089812
838,9.327732907776307e-05,9.001574158901349e-05,9.208971244548189e-05,0.0001027862301794812
839,8.902414685710229e-05,0.00010061463952297345,9.184656373723151e-05,0.00010263107004575431
840,8.481386116020277e-05,0.00010120165417902171,9.173007837218596e-05,0.00010226480829296633
841,9.427819666194005e-05,9.275667776819319e-05,9.193844226538203e-05,0.00010287899323739111
842,9.299249938016551e-05,8.360817620996386e-05,9.141117588021897e-05,0.00010187836174154656
843,8.476702976622618e-05,0.00013410261424724013,9.132395298575931e-05,0.00010120229207677766
844,9.620432874524139e-05,0.00011089075589552521,9.089174401564782e-05,0.00010270392332458871
845,9.233150519624663e-05,8.82673537125811e-05,9.061404745088011e-05,0.00010232858363306152
846,8.420472857930387e-05,0.00010454532923176885,9.021708932543536e-05,0.00010212672116467728
847,8.441028660551334e-05,9.581887832609936e-05,9.005419655424906e-05,9.988516559824349e-05
848,9.23583430186328e-05,8.821654424536973e-05,8.968287617608439e-05,0.00010078549346653745
849,9.136188240113875e-05,0.00011915886541828513,8.944539051638761e-05,9.944015316432344e-05
850,8.881987593162598e-05,9.821749408729374e-05,8.88023903150396e-05,0.0001001231092377566
851,8.229766367650073e-05,8.331969118444249e-05,8.843989891756792e-05,0.00010049808867042885
852,8.621477137138654e-05,8.632334502181038e-05,8.822737182134815e-05,0.00010026022940874102
853,9.332362472681173e-05,0.00010248033911921084,8.826111612628059e-05,0.00010008672060212122
854,8.141649059123464e-05,8.66565015166998e-05,8.764825238063673e-05,9.98546364833601e-05
855,9.067469384818752e-05,8.793583081569523e-05,8.769294803076062e-05,9.976512864232064e-05
856,8.748788110096939e-05,0.0001258481672266498,8.785330314842416e-05,9.817803994519634e-05
857,9.057971113684794e-05,9.112573286984115e-05,8.750847447372508e-05,9.765204208670185e-05
858,8.52123739443616e-05,9.043324476806447e-05,8.726227526042042e-05,9.754953797673805e-05
859,8.78451531752944e-05,9.536393423331902e-05,8.72988106931896e-05,9.714898637030272e-05
860,8.139141165884211e-05,0.00011836168938316405,8.704491199556894e-05,9.658969620941205e-05
861,9.141403184104193e-05,0.00012589648133143783,8.718685376386728e-05,9.63234072900377e-05
862,9.335793742340886e-05,0.00010191804904025048,8.688997999577422e-05,9.493728925008325e-05
863,8.421504414097095e-05,9.939022740582004e-05,8.680152008924375e-05,9.446923506911843e-05
864,8.371096945160794e-05,9.466815798077733e-05,8.687230067605723e-05,9.436203134246171e-05
865,8.565746878351396e-05,9.686393401352689e-05,8.663370232065467e-05,9.426710505504162e-05
866,7.895660302084353e-05,8.695457479916513e-05,8.65388185296777e-05,9.340519973775373e-05
867,9.41098906332627e-05,8.137048018397764e-05,8.64412259996041e-05,9.574620347702875e-05
868,8.877590770781454e-05,9.442539681913332e-05,8.675247808698462e-05,9.857877019094304e-05
869,8.758361187776447e-05,9.774080943316222e-05,8.682859224694161e-05,9.679945212556051e-05
870,8.617652486363012e-05,8.570475096348673e-05,8.651773667014722e-05,9.704382731579245e-05
871,8.511811439853369e-05,9.453153907088563e-05,8.628539349754445e-05,9.697336885146796e-05
872,7.806281916499655e-05,8.183662430383265e-05,8.631707883582244e-05,9.737840740708634e-05
873,9.590688722609129e-05,8.155932126101106e-05,8.634081749025629e-05,9.593827615026383e-05
874,8.394003819881214e-05,8.450591441942378e-05,8.584465384936064e-05,9.409748748876156e-05
875,8.660837826836441e-05,8.651613956317305e-05,8.533090178518453e-05,9.327338443836198e-05
876,8.406717834683756e-05,8.063959801802412e-05,8.527023808241614e-05,9.34727842686698e-05
877,8.02498124863228e-05,8.395018783630804e-05,8.535669687617985e-05,9.348383054602891e-05
878,9.095152995238702e-05,8.093270618701353e-05,8.522372020072201e-05,9.328445196151732e-05
879,7.897667733939468e-05,0.00014518159499857575,8.529303937555395e-05,9.333237687824295e-05
880,9.845599603270077e-05,0.0001587499986635521,8.525855512966195e-05,9.379362502368168e-05
881,8.939073509989409e-05,8.136521559208632e-05,8.482578734530965e-05,9.352840405190363e-05
882,8.280832171698825e-05,9.723511262563988e-05,8.447130875299788e-05,9.290864139329642e-05
883,7.940379462929235e-05,8.867178315995261e-05,8.435237777496999e-05,9.260917283827438e-05
884,8.863728663224417e-05,0.0001054898981237784,8.396947494604522e-05,9.223922891542315e-05
885,8.198487801968844e-05,8.235840796260163e-05,8.389787865776776e-05,9.518293717410416e-05
886,7.900994081865065e-05,7.987676479388029e-05,8.364019419790971e-05,9.508925626287236e-05
887,8.051413581900609e-05,8.131547278026119e-05,8.378930511341121e-05,9.58044506725855e-05
888,8.269845157176152e-05,0.00010437522316351533,8.343495011148561e-05,9.562855258118361e-05
889,8.587243929570023e-05,9.494431491475552e-05,8.325688478976696e-05,9.555910933995618e-05
890,8.2333051897068e-05,9.187946940073743e-05,8.322661845918952e-05,9.531438073609024e-05
891,8.068958239164203e-05,8.815269771730527e-05,8.259933282388374e-05,9.543462803121654e-05
892,9.324778448596287e-05,9.29016838199459e-05,8.262098852040556e-05,9.384122672490774e-05
893,7.795671309900677e-05,8.779487252468244e-05,8.220138930159414e-05,9.080802026437595e-05
894,7.872164706997056e-05,8.224674296798184e-05,8.191593124776977e-05,9.213826070772484e-05
895,8.32032504129327e-05,7.821803708793596e-05,8.179551685203075e-05,9.15140301687643e-05
896,7.554554367541439e-05,8.528294099960476e-05,8.163400578713562e-05,9.24991243868135e-05
897,7.627291195806012e-05,0.00015542933077085762,8.12214441299956e-05,9.174863415537402e-05
898,8.946477572963988e-05,7.921729848021641e-05,8.13010340750528e-05,9.190830847946927e-05
899,8.76678110863496e-05,0.00010238577466225252,8.130773718455911e-05,9.254130705958233e-05
900,7.774950322022454e-05,8.211868727812543e-05,8.126447157830829e-05,9.352912416215986e-05
901,7.961554530387123e-05,7.890351698733867e-05,8.177094933796779e-05,9.348914378788322e-05
902,7.949315422188698e-05,7.783197273965926e-05,8.158113448104512e-05,9.394402075558903e-05
903,7.526938906974262e-05,8.393888856517151e-05,8.16901186028392e-05,9.321855455636979e-05
904,7.951806975244027e-05,0.0001053465623408556,8.191397600458004e-05,9.276308382395656e-05
905,8.796601556241512e-05,8.291983715025709e-05,8.187695623621243e-05,9.237228079000488e-05
906,8.22542837542844e-05,0.00011462122667580843,8.187231872677028e-05,9.207425022032112e-05
907,7.97979618235129e-05,8.162934915162623e-05,8.15701852484684e-05,9.200934995897116e-05
908,7.53660180069144e-05,0.00011329913861118256,8.133223075063952e-05,9.39858738332987e-05
909,7.832324520374338e-05,8.672764233779162e-05,8.160059768092146e-05,9.411144772311673e-05
910,8.397462664611845e-05,8.635026606498286e-05,8.172835074720851e-05,9.21521403826773e-05
911,7.917751855630841e-05,9.570172929670661e-05,8.137847240723203e-05,9.232176857767627e-05
912,7.943249566273557e-05,0.00010601090034469962,8.091981662534332e-05,9.190542340511457e-05
913,9.536039556324895e-05,0.00010337571380659938,8.089369884271743e-05,9.210010595852509e-05
914,8.112706787263354e-05,0.00010631623910740018,8.085859784203218e-05,9.191818521358073e-05
915,8.505765494192019e-05,7.374281442025677e-05,8.067946149417869e-05,9.219750282354652e-05
916,8.628601743516305e-05,7.676592940697446e-05,8.082344454273373e-05,9.263715912820771e-05
917,9.232229027677224e-05,8.313160797115415e-05,8.09093526784434e-05,9.159506123978644e-05
918,7.784077536295323e-05,8.034410828258842e-05,8.056758692061217e-05,9.141658606240526e-05
919,7.116831011242336e-05,8.062423643423244e-05,8.050132435067403e-05,8.983175212051721e-05
920,7.725438796721088e-05,0.00012763113394612447,8.035709297174538e-05,8.963868494611236e-05
921,8.225471693246315e-05,8.842228824505582e-05,8.039264180600489e-05,8.795905690640213e-05
922,7.946673861523676e-05,0.00010644664725987241,8.055914464865865e-05,8.756588628748433e-05
923,8.071781723022771e-05,8.345800335519016e-05,8.074448431111202e-05,8.699308286886662e-05
924,7.620141653913177e-05,9.197714534820989e-05,8.05488557978404e-05,8.64035742240958e-05
925,7.709655865457737e-05,8.698575111338868e-05,8.062609240069935e-05,8.54166331118904e-05
926,7.873802028674012e-05,7.435549836372957e-05,7.987704162983896e-05,8.441019516903907e-05
927,7.501474552555009e-05,8.481491298880429e-05,7.977502882034363e-05,8.326326775131746e-05
928,7.886896528361831e-05,9.493029618170113e-05,7.97110704346172e-05,8.443044645246118e-05
929,8.166577314518185e-05,7.929411513032391e-05,7.957131049252996e-05,8.464762476505712e-05
930,7.942187161663444e-05,7.845795771572739e-05,7.884366924441161e-05,8.49623044137843e-05
931,8.059771950583026e-05,7.500037812860683e-05,7.904677272826019e-05,8.47768673906103e-05
932,7.619217735029654e-05,7.680266979150474e-05,7.916564490167528e-05,8.435640814714135e-05
933,7.625473886340235e-05,7.130843761842697e-05,7.90210157296517e-05,8.284877102123574e-05
934,8.248581627008712e-05,7.689837686484679e-05,7.86350539380995e-05,8.21990430355072e-05
935,8.860811820745262e-05,7.203018059954048e-05,7.823868788093226e-05,8.068149299360812e-05
936,7.428680572451816e-05,8.096401317743585e-05,7.780419720349731e-05,8.031745611224323e-05
937,8.136341073420934e-05,8.133737253956496e-05,7.754780486898703e-05,7.959191906265914e-05
938,7.663412629173965e-05,7.821476523531601e-05,7.73653289270846e-05,7.914632237516343e-05
939,7.857674763525008e-05,7.764305366436019e-05,7.790621851260463e-05,7.896166772115975e-05
940,8.345869529875927e-05,0.00010292228194884956,7.770913345157168e-05,7.893218928948046e-05
941,8.279201888298201e-05,8.21953872218728e-05,7.750105536963221e-05,7.798337385756897e-05
942,7.413125907381375e-05,9.099859918933362e-05,7.70918340289629e-05,7.753318600589411e-05
943,8.291836245916784e-05,7.570818270323798e-05,7.703312958959336e-05,7.717970449011776e-05
944,7.414011444780044e-05,7.011275534750894e-05,7.651729847226913e-05,7.711700564250353e-05
945,7.363865866662107e-05,8.994020579848438e-05,7.626259724169762e-05,7.729972783708946e-05
946,7.260567214365841e-05,7.217908860184253e-05,7.629025019705295e-05,7.789980991510675e-05
947,6.955758718605568e-05,6.850789621239528e-05,7.601860238808309e-05,7.772498449776321e-05
948,6.985555029435394e-05,7.43570813210681e-05,7.551049084997632e-05,7.766506769694387e-05
949,6.979160817637522e-05,7.383871910860762e-05,7.570687195919972e-05,7.769504050957037e-05
950,7.253466010701635e-05,7.584583392599597e-05,7.514406501173249e-05,7.713514477945862e-05
951,9.226025992474105e-05,6.973913201363757e-05,7.471031116373422e-05,7.679822713835163e-05
952,7.008761899972644e-05,8.407795219682157e-05,7.485794047048937e-05,7.840632915031163e-05
953,7.366701323513148e-05,7.120991038391367e-05,7.48535566956788e-05,7.766918805427848e-05
954,7.143523962844888e-05,6.803941883845254e-05,7.433971726471403e-05,7.743472837610169e-05
955,7.795426063239574e-05,6.962091982131823e-05,7.406772391113918e-05,7.647102366900073e-05
956,6.770194157272474e-05,7.343290693825111e-05,7.373614854780802e-05,7.623451559338719e-05
957,6.982464658600899e-05,8.137072465615347e-05,7.394188917209652e-05,7.790080538252369e-05
958,7.69460627472856e-05,8.631048956885933e-05,7.375547395624582e-05,7.781443037092687e-05
959,7.56946210458409e-05,7.252774143125862e-05,7.378246885071145e-05,7.767912632552907e-05
960,7.590532975478305e-05,7.053226057905704e-05,7.37200213580056e-05,7.780340062454343e-05
961,7.919633345510293e-05,8.171333349309861e-05,7.378438986650306e-05,7.747436318313703e-05
962,6.729323704752864e-05,6.733997928677126e-05,7.37935205355623e-05,7.773590538417921e-05
963,6.579028009178324e-05,6.979182420764118e-05,7.357725369284809e-05,7.736798389814794e-05
964,8.226748030412838e-05,0.0001178456039633602,7.266253285051789e-05,7.748254366451873e-05
965,8.334910092849491e-05,8.449375454802066e-05,7.255258002906985e-05,7.680275116581469e-05
966,6.994603310886305e-05,7.633389526745304e-05,7.225863915680544e-05,7.725396038731559e-05
967,6.733142523444257e-05,6.690598151180893e-05,7.289155301372778e-05,7.973848050460217e-05
968,7.462897837588875e-05,6.979548081289977e-05,7.253661659423313e-05,7.990675540640948e-05
969,7.928363005501321e-05,0.00011177000007592142,7.289262767913491e-05,8.07218074100092e-05
970,6.897827827035346e-05,8.778083050856367e-05,7.299393443358389e-05,8.116601314395666e-05
971,7.328054450529937e-05,6.879648746689782e-05,7.265911141843794e-05,8.137399801053106e-05
972,6.799639986840905e-05,7.161475368775428e-05,7.257261536207e-05,8.10644210781902e-05
973,7.146476300679043e-05,6.613114528590814e-05,7.228384454663481e-05,8.106955535477029e-05
974,7.001987490285602e-05,8.0377274134662e-05,7.19644832835507e-05,8.079960404429585e-05
975,6.712798903916134e-05,6.664779677521437e-05,7.17955728388107e-05,8.074918552301824e-05
976,6.939223886648607e-05,7.260312617290765e-05,7.224143129585881e-05,8.223985144868492e-05
977,6.733879846352567e-05,6.708313972922042e-05,7.173362066936937e-05,8.211100844200702e-05
978,6.631849142852135e-05,8.249014092143625e-05,7.127733762576503e-05,8.374842924531549e-05
979,8.725808605150733e-05,0.00013015242177061737,7.131126105410254e-05,8.347060653613879e-05
980,6.908085014502932e-05,7.382779236650094e-05,7.141374178851644e-05,8.342308511491866e-05
981,7.660221869526948e-05,9.380920702824369e-05,7.131997310271901e-05,8.379027895862235e-05
982,7.23573154472332e-05,9.247586800483986e-05,7.103067202713445e-05,8.215515295742079e-05
983,6.857548736863666e-05,9.15101112332195e-05,7.101762484914313e-05,8.128609510604292e-05
984,7.353221963664206e-05,6.478831812273711e-05,7.072330725689729e-05,8.108530468307437e-05
985,6.868605936890365e-05,7.066061749355868e-05,7.065747045109877e-05,8.096795931924137e-05
986,7.121230187799989e-05,7.496455073123798e-05,7.034768482489098e-05,8.108007232658567e-05
987,6.307047592902867e-05,6.607951625483111e-05,7.027853122563101e-05,8.056930693564936e-05
988,7.693674151798606e-05,0.00010705847234930843,7.049553555940898e-05,8.152686768444254e-05
989,6.957221464189287e-05,0.00011462452879641205,7.029376716850998e-05,8.173784703249112e-05
990,7.194202483838631e-05,0.00012542927463073282,7.019267302950742e-05,8.226459468714893e-05
991,7.079411881730064e-05,6.93883275380358e-05,7.024948774293686e-05,8.152277487097307e-05
992,6.989344359479016e-05,6.57179459813051e-05,6.932534095960566e-05,7.877072097035126e-05
993,7.228476123095283e-05,7.897532690549269e-05,6.939497543110823e-05,8.036119709722698e-05
994,7.205110316539908e-05,7.089185004588216e-05,6.944324195372044e-05,7.946741660125554e-05
995,6.865209882057064e-05,6.60543842241168e-05,6.923231265391223e-05,7.829965272685514e-05
996,6.592260469915346e-05,6.377672689268365e-05,6.921539894861378e-05,7.768462692620233e-05
997,6.635047972344586e-05,6.868111959192901e-05,6.907343209022658e-05,7.822026239009574e-05
998,6.372012235159571e-05,6.893397046951577e-05,6.919629602408451e-05,7.785703851841392e-05
999,6.8291034921357e-05,6.760813936125487e-05,6.892820583371857e-05,7.73676857352257e-05
1000,7.255309738361069e-05,9.058681549504399e-05,6.931198889312022e-05,7.782581943320112e-05
1001,6.43480290940109e-05,7.787760987412184e-05,6.890003520335692e-05,7.638826183974744e-05
1002,6.481144498846132e-05,8.025183109566569e-05,6.928001177406664e-05,7.468852264573797e-05
1003,6.773885926425767e-05,6.394464551704005e-05,6.915314975259308e-05,7.280697729438543e-05
1004,6.415441646822728e-05,6.135107425507158e-05,6.882494972152118e-05,7.269466081634163e-05
1005,7.082171193259354e-05,0.00011358969553839416,6.889538652289451e-05,7.404471402987837e-05
1006,7.780888176057487e-05,7.146469462895766e-05,6.849181548976855e-05,7.364784269593656e-05
1007,6.708408295202793e-05,6.328177114482969e-05,6.810346883462948e-05,7.342988151358442e-05
1008,6.815264473617491e-05,7.613446621689945e-05,6.786173328291625e-05,7.44910344714299e-05
1009,6.998304817696205e-05,7.817920472007245e-05,6.782021870021709e-05,7.476182475220412e-05
1010,7.175765771535226e-05,6.158002070151269e-05,6.768714732348195e-05,7.567852067295464e-05
1011,6.451004711885212e-05,6.273073115153238e-05,6.767653112765403e-05,7.57606114493683e-05
1012,7.266505241406978e-05,7.753285870421678e-05,6.74500835658465e-05,7.594024151330813e-05
1013,6.6637899273903e-05,7.111953251296654e-05,6.729039523957504e-05,7.521461917785926e-05
1014,7.907162890963566e-05,7.213104894617573e-05,6.764941934476761e-05,7.455550911836327e-05
1015,6.877047430154764e-05,7.839064084691927e-05,6.760866822377364e-05,7.397375616710633e-05
1016,6.25891180405031e-05,6.658041558694095e-05,6.740135407178766e-05,7.376592776272446e-05
1017,7.165436362912361e-05,9.946927631972358e-05,6.731325986394141e-05,7.370158993871882e-05
1018,6.219548540280408e-05,6.905354355694726e-05,6.704236826109183e-05,7.154488366795704e-05
1019,6.234243678692211e-05,6.544282048707828e-05,6.656663668367804e-05,7.245746365515514e-05
1020,6.260871002773961e-05,9.258320817025379e-05,6.659039860274384e-05,7.250560201937333e-05
1021,6.488474013167433e-05,7.054648391203955e-05,6.631259874201431e-05,7.204333601985128e-05
1022,6.302369530506742e-05,9.159851761069149e-05,6.61074191231617e-05,7.245086764451117e-05
1023,6.345471745589749e-05,7.098623987985775e-05,6.566409273622817e-05,7.26671619922854e-05
1024,6.262984587616908e-05,7.209889095975085e-05,6.577770386001147e-05,7.350506433285772e-05
1025,6.856088922682425e-05,7.244625710882246e-05,6.567641355828123e-05,7.273033987730741e-05
1026,7.33236317238253e-05,6.139985838672146e-05,6.56323370882698e-05,7.28396239108406e-05
1027,6.379266696361204e-05,6.570800731424242e-05,6.519476195325197e-05,7.293915272457524e-05
1028,6.255600546460806e-05,5.8748935407493265e-05,6.495766721749937e-05,7.350382236763835e-05
1029,6.195206127207105e-05,5.974262865493074e-05,6.510320580532102e-05,7.343662023777141e-05
1030,6.404942186135384e-05,5.967203876934945e-05,6.490508004175758e-05,7.229515897342935e-05
1031,6.591559232523044e-05,9.427919430891052e-05,6.496172363113146e-05,7.200134884333238e-05
1032,6.767813092867274e-05,6.448523025028408e-05,6.5195791460509e-05,7.191291560884566e-05
1033,6.120764821793676e-05,6.457781622884795e-05,6.527300219976395e-05,7.06805796478875e-05
1034,6.485355770564638e-05,8.836749533656985e-05,6.496805261801152e-05,7.039575615199285e-05
1035,6.067449804201412e-05,6.698737939586863e-05,6.477940715687711e-05,7.047744600567968e-05
1036,6.735032521343479e-05,8.367828966584057e-05,6.482506158354227e-05,7.080509000224993e-05
1037,7.013279487081389e-05,5.816474731545895e-05,6.493943583433672e-05,7.03511129016988e-05
1038,6.553598752361722e-05,7.385163335129618e-05,6.444286232678375e-05,6.975235257996246e-05
1039,6.813225053418945e-05,7.461926928954198e-05,6.400418805585812e-05,7.048119050450623e-05
1040,6.284310590773303e-05,9.250738192349672e-05,6.377880129503966e-05,7.029607662698254e-05
1041,6.622758273604429e-05,6.490036234026775e-05,6.37730472620913e-05,7.021524836309255e-05
1042,6.670121954003762e-05,7.093274471117183e-05,6.363463327644343e-05,7.019630445865915e-05
1043,6.36115751371512e-05,6.170829030452296e-05,6.365191412009558e-05,7.01205116463825e-05
1044,6.81941325213605e-05,6.323198962491006e-05,6.339276734927102e-05,6.89504902344197e-05
1045,6.45389785091134e-05,6.177480914629995e-05,6.313969386650975e-05,6.909280065447091e-05
1046,5.726100058786364e-05,6.342589651467278e-05,6.30513681406026e-05,6.923565466422586e-05
1047,5.830755877670729e-05,9.364076395286247e-05,6.293722313550664e-05,6.794466003775594e-05
1048,6.45960781225262e-05,7.917733979411424e-05,6.313256886140962e-05,6.88614263664931e-05
1049,6.548920214603034e-05,6.074946344597265e-05,6.279679436281893e-05,7.02601245837286e-05
1050,5.614655153800009e-05,5.747724906541407e-05,6.29030746902572e-05,7.17668799101375e-05
1051,6.235677495068457e-05,7.962080650031567e-05,6.263200169034664e-05,7.103156682569533e-05
1052,5.81579979431505e-05,6.108016037615016e-05,6.215829035273701e-05,7.023231916828082e-05
1053,6.241215464089893e-05,5.672822881024331e-05,6.207802625560564e-05,6.878484618500807e-05
1054,5.8491711630874006e-05,5.926903104409575e-05,6.172169667584562e-05,6.870738657307812e-05
1055,6.448144295265795e-05,5.777721846243367e-05,6.166113688474676e-05,6.854912033886649e-05
1056,5.943692305461607e-05,6.502865900984034e-05,6.163306295089166e-05,6.990740136825479e-05
1057,6.135129385964117e-05,6.80429907515645e-05,6.124970358311355e-05,6.961227142601273e-05
1058,5.899950507025803e-05,6.814916647272184e-05,6.0896176739738114e-05,6.951208917889743e-05
1059,6.199993257824745e-05,5.6092629674822094e-05,6.129044268390215e-05,6.930543613852932e-05
1060,6.555814118958854e-05,8.990653761429712e-05,6.123836515244975e-05,6.810875433729961e-05
1061,5.895596274866774e-05,0.0001186457450967282,6.108676081866078e-05,6.719216752098873e-05
1062,7.278980305677072e-05,9.583363047568128e-05,6.091853865558127e-05,6.929867313010618e-05
1063,5.875916252585335e-05,5.546880624024197e-05,6.0887787187433186e-05,6.930407700128852e-05
1064,5.6289467093948687e-05,5.463807785417885e-05,6.0566418136133705e-05,6.935606489423661e-05
1065,6.083650347944866e-05,5.632055734167807e-05,6.0527400334831324e-05,6.914026793092487e-05
1066,5.7319343242044045e-05,6.296387204201892e-05,6.018821663165e-05,6.91389282234013e-05
1067,6.518722476256598e-05,6.697608885588125e-05,6.000889208420026e-05,6.991201168857515e-05
1068,6.290972679077337e-05,9.566531603923067e-05,5.975147500511311e-05,7.097402334911748e-05
1069,5.861014832690772e-05,5.585374106885865e-05,5.9792243435448556e-05,7.063078865176067e-05
1070,5.5700807424727825e-05,5.927025296841748e-05,5.949019018023844e-05,7.038533531595024e-05
1071,6.711764919196462e-05,5.825957050547004e-05,5.9442299936846306e-05,7.084098495543005e-05
1072,5.700562049039743e-05,6.372371892211959e-05,5.946229302078588e-05,7.099343456793577e-05
1073,6.080596977780159e-05,5.626266938634217e-05,5.912491419229707e-05,7.008225263562052e-05
1074,6.128364806904251e-05,0.00011341210367390886,5.9246782998606146e-05,6.739120075944812e-05
1075,5.537776483429803e-05,5.7612345844972875e-05,5.901436989920007e-05,6.59248032839969e-05
1076,5.432254866819777e-05,8.092050382401794e-05,5.9006663484938645e-05,6.678151630330832e-05
1077,5.718255291059096e-05,5.568523629335686e-05,5.926941979851107e-05,6.68398040230386e-05
1078,5.393256206136559e-05,5.66947361221537e-05,5.907974330669579e-05,6.717609959305263e-05
1079,5.400859794463031e-05,7.859611767344177e-05,5.9233132198763384e-05,6.952436965075321e-05
1080,5.804601597547945e-05,8.432750997599215e-05,5.9062780700171256e-05,7.044845239142887e-05
1081,6.045613381300225e-05,5.644779157591984e-05,5.892050081456545e-05,6.938188854255712e-05
1082,5.379996247938834e-05,6.190665735630318e-05,5.8818021065801276e-05,6.926665296196005e-05
1083,5.780224898545485e-05,7.954040745971724e-05,5.8788352743916515e-05,6.919193576904943e-05
1084,6.249975967673688e-05,5.990386998746544e-05,5.836468292173877e-05,6.921682092943228e-05
1085,5.712367047736835e-05,6.712698930641636e-05,5.829196226129877e-05,6.869826937909238e-05
1086,6.20026829063944e-05,5.136944819241762e-05,5.839720231888349e-05,6.887178513570688e-05
1087,6.697947557161873e-05,5.91736935894005e-05,5.85571424780129e-05,6.653010227601043e-05
1088,5.8566502169317876e-05,7.688663172302767e-05,5.837625220139873e-05,6.634640934644267e-05
1089,6.285837493325946e-05,5.609527084743604e-05,5.8521597017210704e-05,6.659771646372973e-05
1090,5.6094591184066506e-05,6.472794659202919e-05,5.8606331564887004e-05,6.695449758553878e-05
1091,6.115406554373395e-05,0.00012167062348453328,5.8736870337613965e-05,6.678455749643036e-05
1092,6.092843729776278e-05,9.007815737277269e-05,5.85699958442193e-05,6.568029911140911e-05
1093,5.935272965062824e-05,6.900121981743723e-05,5.8452142500189236e-05,6.604738410678692e-05
1094,5.604815460780325e-05,5.2972851553931834e-05,5.8328212893361016e-05,6.595067510497755e-05
1095,5.495909937760896e-05,5.740232314565219e-05,5.8315298719551516e-05,6.593760913820006e-05
1096,5.652590363752097e-05,5.8881699515040965e-05,5.819880521319445e-05,6.487836477463134e-05
1097,5.518760397939736e-05,5.07599301636219e-05,5.785317995857137e-05,6.450752207892947e-05
1098,6.343697121741974e-05,6.0600563301704824e-05,5.763857317959062e-05,6.447617986123079e-05
1099,6.528215204727732e-05,5.487003218149766e-05,5.734970832418185e-05,6.440613411832602e-05
1100,5.0855507918943965e-05,5.302002260577865e-05,5.690394208359067e-05,6.41996953811031e-05
1101,5.7956169063497026e-05,8.720318175619467e-05,5.687760410397055e-05,6.317637458560058e-05
1102,5.930091660249875e-05,6.460476433858275e-05,5.6620428788139384e-05,6.301050583715551e-05
1103,5.719603137953931e-05,5.244623389444314e-05,5.685918715155115e-05,6.317888335906901e-05
1104,4.9836735609763615e-05,5.098965804791078e-05,5.666521752169098e-05,6.091851823148319e-05
1105,5.5099682374728014e-05,9.350463486043736e-05,5.625886508884531e-05,6.007685944787227e-05
1106,5.7357893642296806e-05,5.403006653068587e-05,5.64724690145037e-05,6.0258358909050014e-05
1107,5.3477108134150813e-05,6.15800081868656e-05,5.656107752777947e-05,6.085518156760373e-05
1108,5.488991132652801e-05,5.305929837049917e-05,5.6514201611733176e-05,6.079004439525308e-05
1109,5.3859128311160024e-05,5.063280259491876e-05,5.642142389131348e-05,6.082272200728768e-05
1110,5.17585010028496e-05,6.634343386394902e-05,5.6607240433610665e-05,6.200872704503128e-05
1111,5.478106152117511e-05,4.961830461979844e-05,5.617471091197028e-05,6.170813033240848e-05
1112,5.5835319556839144e-05,5.401272515882738e-05,5.561667810834479e-05,6.197575474507177e-05
1113,5.7908052678814986e-05,5.130361183546483e-05,5.562601266622854e-05,6.201580334454775e-05
1114,5.642899203748028e-05,5.194855213630944e-05,5.5595772857325045e-05,6.064410966355353e-05
1115,6.206355026936055e-05,6.893738463986665e-05,5.5295039487342966e-05,6.138094731140883e-05
1116,5.6304824797229635e-05,6.516149529488758e-05,5.5111630723048525e-05,6.150320779997856e-05
1117,5.076962647662084e-05,6.903668778249993e-05,5.517599152291143e-05,6.13652822736185e-05
1118,6.469282779208798e-05,7.353870634688064e-05,5.525655471946166e-05,5.978464301442727e-05
1119,5.826336743969781e-05,6.789341801777482e-05,5.518150442545044e-05,6.419861980248242e-05
1120,5.378720147645153e-05,5.577389383688569e-05,5.5431485352326294e-05,6.384533701348119e-05
1121,5.420646062702872e-05,5.969863981590606e-05,5.525075438878655e-05,6.36902355530765e-05
1122,5.9833017536827054e-05,8.041005610721186e-05,5.506885949936179e-05,6.382105422089807e-05
1123,5.262373317640999e-05,5.308564548613503e-05,5.491519452447796e-05,6.356978424009867e-05
1124,5.1331331956640094e-05,6.156064249807968e-05,5.474355040124565e-05,6.375541112502106e-05
1125,5.1088871866037756e-05,5.402123759267852e-05,5.445345612954244e-05,6.347744652885013e-05
1126,5.720017384090978e-05,5.291083973133937e-05,5.412921014843353e-05,6.3447915983852e-05
1127,5.1782582352946823e-05,8.30257055349648e-05,5.4040089013223114e-05,6.340802506892942e-05
1128,5.261081227217801e-05,5.550274610868655e-05,5.3608586473920784e-05,6.297071549925022e-05
1129,5.1445755606336106e-05,4.7541519888909535e-05,5.341278882923587e-05,6.230492534232327e-05
1130,5.7113762288483685e-05,5.398865338065661e-05,5.335986486914205e-05,6.145630637765862e-05
1131,5.5481636292016546e-05,0.00016437948623206465,5.281605059927743e-05,6.0616461740573874e-05
1132,5.9726631306047136e-05,5.2747938461834565e-05,5.265975119158005e-05,5.997347207157873e-05
1133,5.0371637238034356e-05,4.918176186038181e-05,5.25232427258743e-05,6.032434551161715e-05
1134,4.931175607554097e-05,5.390326929045841e-05,5.244924450687702e-05,5.9937646507751216e-05
1135,4.7916876630754105e-05,6.006168434396386e-05,5.2001787556218915e-05,5.880963433301077e-05
1136,5.048995844036755e-05,5.425897674285807e-05,5.1751907762890274e-05,5.8520985458744706e-05
1137,4.858296276425891e-05,4.706361025455408e-05,5.163475229540685e-05,5.7939345750492075e-05
1138,4.980190315109212e-05,5.056534821051173e-05,5.157049982161778e-05,5.974832753418014e-05
1139,5.4200963657219996e-05,5.095127926324494e-05,5.149744224327151e-05,5.9994484775234016e-05
1140,5.12759867868024e-05,5.800464539788663e-05,5.137026796453736e-05,5.864095988217741e-05
1141,5.140988368010666e-05,4.851674137171358e-05,5.132173057710235e-05,5.8483058423735206e-05
1142,4.944652747427527e-05,4.7821213665883985e-05,5.1115947463161625e-05,5.864226534031332e-05
1143,5.109747104547245e-05,5.2542590419761834e-05,5.093570940985552e-05,5.8789160748710874e-05
1144,5.435588224726315e-05,5.181867629289627e-05,5.0786701115753716e-05,5.441918991855347e-05
1145,5.037448983380778e-05,6.454572983784601e-05,5.048049012742317e-05,5.427959632943385e-05
1146,5.2356505152096766e-05,5.00311647192575e-05,5.050350089214691e-05,5.418497314094566e-05
1147,4.864659377037444e-05,5.220975173870101e-05,5.072988815405148e-05,5.4002672841306775e-05
1148,4.637673834319382e-05,4.586942362948321e-05,5.078195603338019e-05,5.372083906549961e-05
1149,4.840244526955454e-05,4.7019649791764095e-05,5.0791572309228487e-05,5.3525078768143436e-05
1150,4.948256002131125e-05,9.924578218488022e-05,5.068377745240772e-05,5.349805824807845e-05
1151,5.537373438225283e-05,5.906477075768635e-05,5.070624903310091e-05,5.398271002923139e-05
1152,4.860322538459311e-05,4.918758320854977e-05,5.063206428312697e-05,5.382416542852298e-05
1153,5.139737758630266e-05,5.155520964763127e-05,5.059029259266228e-05,5.347151471651159e-05
1154,4.6301177757818044e-05,5.1521692803362385e-05,5.037646058869237e-05,5.3987781226169316e-05
1155,5.260781095583095e-05,5.7661038590595125e-05,5.029930972571795e-05,5.4899466270580886e-05
1156,5.1756428939471436e-05,5.5130215478129686e-05,5.041472397893408e-05,5.5620345380157226e-05
1157,5.2071356597783356e-05,4.9258098733844236e-05,5.013258533726913e-05,5.525533845066093e-05
1158,5.094690635612804e-05,4.681618214817718e-05,4.9965096007347004e-05,5.4831550456583497e-05
1159,5.49714376231552e-05,4.9345761799486356e-05,4.975520121030665e-05,5.618279863847419e-05
1160,4.921857361397189e-05,5.301583994878456e-05,4.971947428194753e-05,5.635857289889827e-05
1161,5.073036533657513e-05,4.936496930895373e-05,4.9761668214988374e-05,5.7309228839585556e-05
1162,4.5888091343739584e-05,4.6388097252929583e-05,4.973709326198635e-05,5.7455677597317846e-05
1163,5.036369266842181e-05,6.268164273933508e-05,4.971585029626214e-05,5.518298742827028e-05
1164,5.2346344907871554e-05,4.698766424553469e-05,4.93621517056858e-05,5.453575100982562e-05
1165,5.023169452518535e-05,4.918837759760208e-05,4.919216886822445e-05,5.4464583873050297e-05
1166,4.606408358085901e-05,6.142340411315673e-05,4.898547664181226e-05,5.4099405056331316e-05
1167,4.751775589991464e-05,7.061333977617323e-05,4.9126445761390246e-05,5.3923700103769085e-05
1168,5.3982827375875785e-05,7.056456815917045e-05,4.8873377955816165e-05,5.347738504642621e-05
1169,4.730241620563902e-05,4.269350305548869e-05,4.860553987382446e-05,5.3428295714547864e-05
1170,4.618725658575487e-05,5.395102998591028e-05,4.8274911399089945e-05,5.327125840121881e-05
1171,4.7109135226087854e-05,8.381236926652491e-05,4.833406267053863e-05,5.3412282234057796e-05
1172,4.7753420561396826e-05,5.6604108249302956e-05,4.809871738543735e-05,5.411555754835718e-05
1173,4.7431586669214694e-05,6.96358221466653e-05,4.80676005933977e-05,5.384430628037081e-05
1174,4.778807144450386e-05,5.068086873507127e-05,4.7818508795333205e-05,5.357313844142483e-05
1175,4.895148587820586e-05,4.2428527958691123e-05,4.782201673240504e-05,5.452823001542129e-05
1176,4.653126961784437e-05,4.2883860296569764e-05,4.754101058157782e-05,5.5017535539809614e-05
1177,4.4353654448059385e-05,4.7408404789166525e-05,4.73641882411256e-05,5.492085361038335e-05
1178,4.623007192599794e-05,4.242573922965676e-05,4.6992515324058734e-05,5.463787561748178e-05
1179,4.982540574726752e-05,4.712906898930669e-05,4.6998745685495014e-05,5.487033180543222e-05
1180,4.6281115816479236e-05,4.650316215702333e-05,4.6975118891956904e-05,5.376096847467125e-05
1181,4.506047688967859e-05,5.3902982181170955e-05,4.6786660679693634e-05,5.327447406016291e-05
1182,4.380564472942044e-05,4.533216590061784e-05,4.6591023266470674e-05,5.3651844337582596e-05
1183,5.2425688142344973e-05,5.034177796915174e-05,4.6537111227452336e-05,5.32684620062355e-05
1184,4.908780549562329e-05,6.692764465697109e-05,4.635160255582175e-05,5.155936908558943e-05
1185,4.8440653812981006e-05,4.6234558249125256e-05,4.6591610564307e-05,5.1009796524886046e-05
1186,4.4503070384962484e-05,4.258577333530411e-05,4.65952013567504e-05,5.008550044149161e-05
1187,4.597578977053571e-05,7.026538660284131e-05,4.6445828647766676e-05,4.985483679338359e-05
1188,4.3338538897741173e-05,7.491428084904328e-05,4.6200143031051594e-05,5.032361380290241e-05
1189,4.792578639656616e-05,4.4570616009878e-05,4.630451011600802e-05,5.1020859717391444e-05
1190,4.0939871598513695e-05,4.211392777506262e-05,4.623889152135234e-05,5.10043424263131e-05
1191,4.6219842616766176e-05,6.72348088119179e-05,4.6118602490039644e-05,5.110569635289721e-05
1192,4.692708606146172e-05,4.2879256507148964e-05,4.5965164097530457e-05,5.1633625576505445e-05
1193,4.9271372069294255e-05,5.840220779646188e-05,4.579625422290216e-05,5.1655949081759905e-05
1194,4.241148087506493e-05,5.212775999098085e-05,4.5728928088727926e-05,5.1257455552695326e-05
1195,4.483945561029638e-05,4.436647170223296e-05,4.5809343482768684e-05,5.136221626889892e-05
1196,4.2471418435323155e-05,4.1085046250373123e-05,4.548441875053364e-05,5.15130992862396e-05
1197,5.375362077352798e-05,4.2864794231718406e-05,4.538397563285092e-05,5.075675659463742e-05
1198,4.75213564802996e-05,4.652842006180436e-05,4.516334131508808e-05,5.060431488091127e-05
1199,4.405375371991087e-05,4.491427753237076e-05,4.5000874999419074e-05,5.070453459629789e-05
1200,4.280934546032869e-05,5.4147953196661544e-05,4.492355548621467e-05,4.969142769114114e-05
1201,4.914044674175481e-05,6.031500815879553e-05,4.4894322139831894e-05,4.8318342305719855e-05
1202,4.27131895816678e-05,4.699547251220792e-05,4.471852638008488e-05,4.81355355354026e-05
1203,4.3222846143180506e-05,4.495958739425987e-05,4.496930650428922e-05,4.8201183177297944e-05
1204,4.59894459345378e-05,6.032729957951233e-05,4.4766624072023366e-05,4.940183237777092e-05
1205,4.2058368950771786e-05,4.7061249788384884e-05,4.472181731188257e-05,4.934542119153776e-05
1206,4.337732353532273e-05,4.3940643954556436e-05,4.4596803375882005e-05,4.870766738313251e-05
1207,4.581602958043934e-05,4.795118380570784e-05,4.4768382786100535e-05,4.841123739606702e-05
1208,4.4302569836468644e-05,5.411385340266861e-05,4.47672918151107e-05,4.832611936726608e-05
1209,4.657672755355533e-05,4.8019077366916464e-05,4.4872641396230195e-05,4.8618308006552996e-05
1210,4.292479586891002e-05,4.2423515405971554e-05,4.453838458963826e-05,4.8669611354125674e-05
1211,4.0441412493237295e-05,4.509126621996984e-05,4.426966016859903e-05,4.898517899564468e-05
1212,4.404280194042561e-05,4.4937713973922654e-05,4.430038887011405e-05,4.8723654350033035e-05
1213,4.260770523817175e-05,4.058714621351101e-05,4.43325528477241e-05,4.8380823218030854e-05
1214,4.353089240289086e-05,4.0000446751946584e-05,4.402922701750261e-05,4.752711947076023e-05
1215,4.7209374703622115e-05,4.3755118822446095e-05,4.3970725229398034e-05,4.719377656583674e-05
1216,4.1152781810119954e-05,9.725103882374242e-05,4.3792200957412e-05,4.716696322429925e-05
1217,4.580691705794177e-05,4.1468976851319896e-05,4.388258738391516e-05,4.83598168939352e-05
1218,4.614602366928011e-05,4.245836258633062e-05,4.3974559322749794e-05,4.8062076792120936e-05
1219,4.670096613052818e-05,4.4717010314343494e-05,4.384032443308065e-05,4.828552947146818e-05
1220,4.481218133555053e-05,4.2238520982209594e-05,4.3620903051729945e-05,4.867675030836835e-05
1221,4.510515796331068e-05,4.8389762232545765e-05,4.3549026910073344e-05,4.8703783313976594e-05
1222,4.539720060872949e-05,4.414737792103551e-05,4.33793606184837e-05,4.899267847067676e-05
1223,4.080324595431901e-05,5.44176110997796e-05,4.327629546266206e-05,4.8932368890382344e-05
1224,4.482197125778637e-05,3.8376161392079666e-05,4.317521413678253e-05,4.86046198697295e-05
1225,4.3613444900579956e-05,4.5577174896607174e-05,4.305251970492667e-05,4.974922158871777e-05
1226,4.155730098621765e-05,3.897241447702982e-05,4.307389252482811e-05,5.0935107364784915e-05
1227,4.125064487905345e-05,3.866189988912083e-05,4.360384267218049e-05,5.095162104698828e-05
1228,3.875973934352967e-05,4.428925385582261e-05,4.330757870726909e-05,5.128939312417059e-05
1229,4.824910659711653e-05,9.014864132041112e-05,4.322466386883106e-05,4.9610912310890855e-05
1230,4.435766742163752e-05,3.961774724302813e-05,4.315062275644677e-05,5.016744894091971e-05
1231,4.002145129359431e-05,4.9526960938237605e-05,4.288808257244657e-05,4.995413196156732e-05
1232,4.0330495046671586e-05,5.773170472821221e-05,4.257089869626927e-05,5.0243262574076644e-05
1233,4.250566629505354e-05,5.4789678542874754e-05,4.234928749905926e-05,5.025096503668464e-05
1234,4.2335070263814285e-05,5.524145628442057e-05,4.209815713159818e-05,4.97805249178782e-05
1235,4.034816697336889e-05,4.091577589861117e-05,4.205586701524832e-05,5.100847170106135e-05
1236,3.7914379346249105e-05,3.68975407036487e-05,4.213948921711158e-05,5.03031409229152e-05
1237,4.0975441144029096e-05,7.355275694862939e-05,4.182145434913561e-05,5.0341014133300634e-05
1238,4.314202573570785e-05,7.023429061518982e-05,4.16382689046764e-05,5.042454667272978e-05
1239,5.677964608670057e-05,4.041328880703077e-05,4.161709943226823e-05,5.086893172119745e-05
1240,3.9802775580836976e-05,5.219942075200379e-05,4.158742745041511e-05,5.0899616617243744e-05
1241,3.907991084916931e-05,5.528901849174872e-05,4.156293023212735e-05,5.0789444107795147e-05
1242,4.395588924833444e-05,5.5382392602041364e-05,4.119014906383301e-05,4.8714111372828496e-05
1243,3.95825190692752e-05,3.7125438102521005e-05,4.0984644500713336e-05,4.850925771170297e-05
1244,3.877136922609578e-05,5.194527562707663e-05,4.099123029300245e-05,4.81884396984242e-05
1245,3.9271901405300016e-05,4.243108254740946e-05,4.085120183541828e-05,4.937661584699527e-05
1246,3.8826898776783816e-05,3.6628759262384846e-05,4.083446955951837e-05,4.8588985751848674e-05
1247,4.433994769998309e-05,7.484604750061407e-05,4.060629309015996e-05,4.824407569249161e-05
1248,4.289380100090057e-05,3.678434164612554e-05,4.0873386655746605e-05,4.8214027273934335e-05
1249,3.6871099558387264e-05,3.932299165171571e-05,4.0861482483160216e-05,4.9065237323520704e-05
1250,3.903380878909957e-05,4.766548838233575e-05,4.074851007818426e-05,4.829135316540486e-05
1251,4.102806417601338e-05,5.008204068872146e-05,4.0567253847095545e-05,4.7647995437728224e-05
1252,4.050884533272539e-05,3.942902229027822e-05,3.980868856225344e-05,4.7415766696212796e-05
1253,3.814730888633575e-05,4.153494111960754e-05,4.003886808786775e-05,4.6838919015135606e-05
1254,3.892957738975787e-05,3.8265322946244854e-05,4.0068678431917866e-05,4.6380725735798476e-05
1255,3.922005334364561e-05,3.449640571488999e-05,3.9797160578826954e-05,4.6935205691261214e-05
1256,4.0186096100822197e-05,4.150651060626842e-05,3.975970959226187e-05,4.6860213950276375e-05
1257,3.682978360706733e-05,8.743610844248906e-05,3.976110518593083e-05,4.6353044587885957e-05
1258,4.20873593975557e-05,3.509892616420984e-05,3.991865111262693e-05,4.627159548108466e-05
1259,3.663065852985407e-05,4.6618704800494015e-05,3.992756299073032e-05,4.760301490314305e-05
1260,4.7025506113034984e-05,4.016456543467939e-05,3.9607965259832176e-05,4.6189096366288146e-05
1261,3.761677503158959e-05,5.8177791943307965e-05,3.933204663998266e-05,4.6934356482233864e-05
1262,3.8151131019630056e-05,5.420565299573354e-05,3.9410109622500995e-05,4.6845177974319096e-05
1263,3.8610619958490135e-05,5.415034742327407e-05,3.933565324647741e-05,4.719726263429039e-05
1264,3.7815513965647876e-05,3.460757026914507e-05,3.930871512291359e-05,4.7216345020569863e-05
1265,4.555726372119453e-05,3.777822872507386e-05,3.927951942201213e-05,4.71514429373201e-05
1266,3.9825169450422334e-05,4.383418650832027e-05,3.937616390709687e-05,4.902788805193268e-05
1267,3.7167942921061894e-05,6.924439148860983e-05,3.9336951636263014e-05,4.899715163046495e-05
1268,3.864624440514793e-05,3.525064457789995e-05,3.929501434500303e-05,4.902141999918968e-05
1269,3.880625906781966e-05,3.926604156731628e-05,3.906942839271829e-05,4.957179286284373e-05
1270,4.32105495727026e-05,4.039485487737693e-05,3.908805295860576e-05,4.80307616875507e-05
1271,3.904969572936857e-05,6.991424481384457e-05,3.905606283822433e-05,4.862727877334692e-05
1272,3.635000442752951e-05,3.949808407924138e-05,3.8950309723441025e-05,4.8364879738073805e-05
1273,3.5995835504662766e-05,5.541584454476833e-05,3.862316203837206e-05,4.811107049463317e-05
1274,3.88226741213455e-05,3.709352895384654e-05,3.873319288395578e-05,4.737902104971e-05
1275,3.71723993885098e-05,5.646760488161817e-05,3.853117365166933e-05,4.66227907454595e-05
1276,4.035461108691784e-05,5.055910034570843e-05,3.841913251170707e-05,4.581655247020535e-05
1277,3.977895281018896e-05,3.780647020903416e-05,3.830248889231977e-05,4.599906707298942e-05
1278,4.05634210134546e-05,8.844606898492202e-05,3.8089765900157444e-05,4.6096011449117215e-05
1279,3.794927061891131e-05,3.7496912409551444e-05,3.7946441745508403e-05,4.587161132367328e-05
1280,3.8171621062146085e-05,3.510311493300833e-05,3.784739177289237e-05,4.739249026752077e-05
1281,3.4546447293703545e-05,5.52658321976196e-05,3.8032638581191545e-05,4.7284308820962905e-05
1282,3.729539775425413e-05,4.891032906016335e-05,3.780688484597097e-05,4.7388118458911775e-05
1283,4.128760638802002e-05,5.00118533091154e-05,3.7757995015353014e-05,4.848438989720307e-05
1284,3.398683066027136e-05,4.005872891866602e-05,3.7616509654940775e-05,4.7341726458398624e-05
1285,3.8846813986310735e-05,3.381933434866369e-05,3.7588567636945904e-05,4.7391578939277676e-05
1286,4.0367546171182765e-05,3.987655582022853e-05,3.76131885115885e-05,4.6670328528853134e-05
1287,3.3100650212468785e-05,3.52998953894712e-05,3.7551717665175795e-05,4.6656496869400145e-05
1288,3.580959145943375e-05,3.399439054192044e-05,3.758380832700317e-05,4.566786303184927e-05
1289,3.48994234809652e-05,3.9170435338746754e-05,3.733586354485143e-05,4.549226469243877e-05
1290,4.023918891713644e-05,4.0201838128268716e-05,3.718645379768633e-05,4.522530468530022e-05
1291,3.6242065584196504e-05,3.8224183372221885e-05,3.695041990269804e-05,4.3100836046505725e-05
1292,3.469169360566108e-05,0.00010726636508479715,3.67818412999946e-05,4.3953245511511346e-05
1293,4.327741461262728e-05,3.2546108413953335e-05,3.659879630091989e-05,4.3901396507862966e-05
1294,3.3162415687305234e-05,4.186128251603805e-05,3.655443964606902e-05,4.3585415900452075e-05
1295,4.198830380725364e-05,6.780164083465934e-05,3.655454859367133e-05,4.2908319667913034e-05
1296,3.5512561719062636e-05,4.134765884373337e-05,3.628472389165028e-05,4.2186926864087595e-05
1297,3.5651453977657687e-05,4.074439610121772e-05,3.6218734402953284e-05,4.2121580085949984e-05
1298,3.66113573707278e-05,3.7384584284154696e-05,3.593844156308073e-05,4.2185026709921665e-05
1299,3.728590296102791e-05,3.67477374675218e-05,3.5819799361343025e-05,4.216295785154217e-05
1300,3.7974665934194086e-05,3.1751758942846206e-05,3.582383445480243e-05,4.2101548670325437e-05
1301,3.4155991533124406e-05,4.616914186044596e-05,3.5791425612761584e-05,4.2190378590021286e-05
1302,3.6043709131061204e-05,3.11324700305704e-05,3.55952476453644e-05,4.199222674360499e-05
1303,3.466257363874724e-05,3.5334353015059605e-05,3.5485821033135945e-05,4.204749258351512e-05
1304,3.373480555132523e-05,5.880714903469197e-05,3.5535103075057534e-05,4.180727808270604e-05
1305,3.359549608527838e-05,3.380688984179869e-05,3.5456178590377235e-05,3.987079928629101e-05
1306,3.343753092243181e-05,4.736631701234728e-05,3.512858590515357e-05,4.005365042830818e-05
1307,3.729812144431182e-05,3.198292324668728e-05,3.5221211579401935e-05,4.010647137183697e-05
1308,3.4541988837493895e-05,3.197703321347945e-05,3.492189016364541e-05,3.8946533226408066e-05
1309,3.2337093442846606e-05,3.8425059465225786e-05,3.483191942618254e-05,3.8536629511509094e-05
1310,3.1839492989497056e-05,3.5405499947955834e-05,3.46309775895659e-05,3.81999156321399e-05
1311,3.7401491127740076e-05,3.932483436074108e-05,3.4674878956058e-05,3.894537130254321e-05
1312,3.320152754895389e-05,3.376466585905291e-05,3.4541843424893966e-05,3.8669792487053206e-05
1313,3.499937040841259e-05,3.6215138534316795e-05,3.4414363408480615e-05,3.876284274156206e-05
1314,2.9994974296035554e-05,3.421663917833939e-05,3.4311927066462684e-05,3.817547271028162e-05
1315,3.7503523611424804e-05,4.1583484126022086e-05,3.408859997693475e-05,3.810528937610798e-05
1316,3.747411663223627e-05,3.2218820851994675e-05,3.4139172395387306e-05,3.7982043833471835e-05
1317,3.27185814886535e-05,5.885439517442137e-05,3.4186451539992253e-05,3.687934464542195e-05
1318,3.508759748203576e-05,3.7117386964382606e-05,3.408743429657383e-05,3.673954671830871e-05
1319,3.5478057543514294e-05,4.3181806104257704e-05,3.402257369436686e-05,3.631883818306961e-05
1320,3.4505268413340676e-05,3.880318719893694e-05,3.381944768286e-05,3.686369277420454e-05
1321,3.326329328249105e-05,3.1100065971259024e-05,3.3701762176416294e-05,3.724569792975672e-05
1322,3.062790806224156e-05,3.2326549116987736e-05,3.3631839981858826e-05,3.7249080406036235e-05
1323,3.770889153303061e-05,5.6020976044237616e-05,3.3802780324024044e-05,3.7301785894669594e-05
1324,3.3960014681926824e-05,2.9858267080271616e-05,3.367842142356999e-05,3.6935149971395726e-05
1325,3.4787665523860296e-05,3.407801530556753e-05,3.362727985707655e-05,3.692622714443133e-05
1326,3.15950829826761e-05,3.148489107843489e-05,3.3581232251890465e-05,3.736502847750671e-05
1327,3.0460531892862894e-05,2.9377886676229537e-05,3.38217070877565e-05,3.7398684985237195e-05
1328,3.592688410006101e-05,3.2253214449156076e-05,3.3582301064193925e-05,3.685619890457019e-05
1329,3.4916784166448954e-05,3.123966933344491e-05,3.3560700314733874e-05,3.683678883535322e-05
1330,3.112006499981766e-05,3.0311941663967446e-05,3.3465953565286735e-05,3.5646036153775636e-05
1331,3.18160158672577e-05,3.6848603631369766e-05,3.345293600400005e-05,3.574976848613005e-05
1332,3.2219971156640286e-05,4.560428802506067e-05,3.3425709180786123e-05,3.5748488226090555e-05
1333,3.1599851176401396e-05,4.152716210228391e-05,3.339647967352196e-05,3.5484806427848525e-05
1334,3.058903857890982e-05,3.8509621372213584e-05,3.3405596089788664e-05,3.5390950966393575e-05
1335,3.6113001543627535e-05,3.672313716378994e-05,3.3443534000899595e-05,3.5233161665382795e-05
1336,3.429251861638881e-05,3.0158936278894545e-05,3.336782602370173e-05,3.4543396972003397e-05
1337,3.1922988386617767e-05,3.354159518494271e-05,3.33418485745723e-05,3.4446985714021144e-05
1338,3.384818027876059e-05,4.718517186120152e-05,3.312669187386443e-05,3.4822591536794794e-05
1339,3.600684519268624e-05,3.505805187160149e-05,3.312660755909746e-05,3.493008468358312e-05
1340,3.1518373022360415e-05,2.8021332109346986e-05,3.313902055362834e-05,3.490618905343581e-05
1341,3.6934097895735046e-05,3.173356912157033e-05,3.29551132953687e-05,3.472220885159913e-05
1342,3.0349912752474968e-05,2.9085578134981915e-05,3.294531637818889e-05,3.498946513573173e-05
1343,3.4762158449868566e-05,3.9710695273242894e-05,3.288995536228565e-05,3.516237226140219e-05
1344,3.4797386963166194e-05,4.3149799603270365e-05,3.294625624079749e-05,3.4856733356718905e-05
1345,3.377453073173658e-05,3.2211142242886124e-05,3.2915491067332264e-05,3.418353255547118e-05
1346,3.349120368915869e-05,2.875367943488527e-05,3.2891124691458473e-05,3.375253241683822e-05
1347,3.1576355840014813e-05,2.8381816591718234e-05,3.303483540480051e-05,3.420301361184102e-05
1348,3.5816192103084177e-05,3.877685870975256e-05,3.284616944211949e-05,3.528495239734185e-05
1349,3.331057845369085e-05,2.7447985630715265e-05,3.2814426110093744e-05,3.529166152875405e-05
1350,2.9408748006163577e-05,4.346816087490879e-05,3.270013042832336e-05,3.538376746873837e-05
1351,3.159297511350208e-05,3.417221974814311e-05,3.2475004015335194e-05,3.460447610996198e-05
1352,3.077085675613489e-05,2.8780495922546835e-05,3.222237454740227e-05,3.4581412220722996e-05
1353,3.132920264356977e-05,2.765370940323919e-05,3.215662619978603e-05,3.477939066651743e-05
1354,3.46718612369538e-05,3.79210764367599e-05,3.206070010298087e-05,3.4570234443526715e-05
1355,2.9736039602236513e-05,3.463461980572902e-05,3.208684474747214e-05,3.450947237142828e-05
1356,3.3223537830053825e-05,2.9207631014287473e-05,3.198105356811236e-05,3.4090874475077725e-05
1357,3.1450841820009777e-05,2.8774267993867396e-05,3.178612841842955e-05,3.3659469222766345e-05
1358,3.0990691779556476e-05,3.075215863646008e-05,3.158577144301186e-05,3.372420162486379e-05
1359,3.41818064124608e-05,4.9771651247283445e-05,3.135195494719988e-05,3.4320073039270944e-05
1360,3.139635247660206e-05,6.377160680131056e-05,3.1285648736391324e-05,3.423584376578219e-05
1361,3.349893531574506e-05,3.0326664564199746e-05,3.107234542646135e-05,3.404125012457371e-05
1362,2.906559634235843e-05,3.5844243684550746e-05,3.124931859719153e-05,3.4079308988293634e-05
1363,2.822001995405622e-05,2.770288789179176e-05,3.131432332415393e-05,3.4654720628168436e-05
1364,2.9691108494363207e-05,3.448145464062691e-05,3.1177154758673477e-05,3.438318439293652e-05
1365,2.987466433195449e-05,3.297079325420782e-05,3.108050404181187e-05,3.4724160149926315e-05
1366,3.4535945475605936e-05,2.6504663546802478e-05,3.1046534166024585e-05,3.4715397426043635e-05
1367,3.1003528864756745e-05,2.756652633252088e-05,3.079524739231501e-05,3.43103653198341e-05
1368,3.211737896587389e-05,2.92457478644792e-05,3.070184958050959e-05,3.3970836500520824e-05
1369,2.992425822109605e-05,3.2364668295485896e-05,3.054140319905451e-05,3.382279899669811e-05
1370,2.8765606346294388e-05,3.382945229532197e-05,3.03584235511759e-05,3.45659127808176e-05
1371,2.7645791293859173e-05,4.365046479506418e-05,3.023982258924257e-05,3.441337077529169e-05
1372,2.9918700569800824e-05,2.6276084754499606e-05,2.999137528224512e-05,3.3516410327865736e-05
1373,3.04836093548349e-05,3.391201767954044e-05,2.985745335431097e-05,3.2234516108292154e-05
1374,3.7734907721945394e-05,2.83994572237134e-05,2.98659317295662e-05,3.214948386594187e-05
1375,3.103386618022341e-05,5.7853451871778815e-05,2.980119515559636e-05,3.212776024884079e-05
1376,2.8163760976490773e-05,2.7383813867345454e-05,2.9781135464792092e-05,3.201454346126411e-05
1377,2.8354588834594728e-05,3.730488984729163e-05,2.9720211772332228e-05,3.172468298580498e-05
1378,3.0479955748887734e-05,2.7434641306172126e-05,2.9801934499765695e-05,3.162677513319068e-05
1379,2.838969189421429e-05,2.7795273781521245e-05,2.946076429119179e-05,3.16641055571381e-05
1380,2.7401094307101124e-05,2.6146399322897194e-05,2.9444604951762205e-05,3.222473418863956e-05
1381,2.921237829367682e-05,2.5506693418719806e-05,2.9308984329125253e-05,3.2069886219687764e-05
1382,2.6876350623044546e-05,4.7352112596854566e-05,2.9234707697065055e-05,3.18188717967132e-05
1383,2.8025667731223318e-05,2.6938608498312534e-05,2.914520275994113e-05,3.1904018059140065e-05
1384,2.797062373752447e-05,2.734764006163459e-05,2.9179778196865095e-05,3.147137988707982e-05
1385,2.80483042782483e-05,3.172425131197088e-05,2.900039509153834e-05,3.140798007661942e-05
1386,3.3710894697125896e-05,2.820085850544274e-05,2.88299776718001e-05,3.171898552973289e-05
1387,2.7447181993112383e-05,3.530115325702354e-05,2.8499544052061133e-05,3.1851618699147365e-05
1388,2.7718527683949407e-05,2.4872468202374876e-05,2.831055400092737e-05,3.0510373582364995e-05
1389,2.816801618286667e-05,2.7234942754148504e-05,2.833792907355625e-05,3.0391332955332482e-05
1390,3.191773251779119e-05,3.052309693885036e-05,2.8210504038159144e-05,3.000095417955891e-05
1391,2.6006690261258174e-05,2.743792414548807e-05,2.8159489276408247e-05,3.0314243808970793e-05
1392,3.05995453790173e-05,4.158224212005734e-05,2.822562421117457e-05,3.0296565208118412e-05
1393,2.872686339994996e-05,2.5374548640684226e-05,2.8154961459303094e-05,3.021506720979233e-05
1394,2.8067342419591214e-05,2.6089307721122167e-05,2.822294034227121e-05,3.164183668559418e-05
1395,2.6527982918196358e-05,3.5958108855993484e-05,2.847512648917877e-05,3.088730980525725e-05
1396,2.8510177216958254e-05,3.28345104935579e-05,2.848574654967201e-05,3.128450548974797e-05
1397,2.5434122936631968e-05,2.4691089492989704e-05,2.844784966461399e-05,3.1239253943203946e-05
1398,2.6223173861378907e-05,4.1687154007377105e-05,2.8459366017664758e-05,3.197105247236323e-05
1399,2.9474067228471135e-05,3.171528645907529e-05,2.8267128659111528e-05,3.18091225984972e-05
1400,2.6309114901879286e-05,2.432232395221945e-05,2.829753009500564e-05,3.162929263780825e-05
1401,2.8848137792212786e-05,2.4407798191532494e-05,2.8360455049308564e-05,3.2090977102052425e-05
1402,2.5168962949667023e-05,2.7545420452952383e-05,2.8309783591814468e-05,3.201881768763997e-05
1403,2.9204586705115314e-05,3.526688204146922e-05,2.8106088518446392e-05,3.180553747806698e-05
1404,3.004306526337233e-05,2.7353308760211802e-05,2.8044368603231205e-05,3.3242316683754325e-05
1405,2.5634525510314333e-05,2.4108949364745058e-05,2.7897173818200827e-05,3.2553161928080955e-05
1406,3.0911850367879705e-05,6.1175930313766e-05,2.7896926654567432e-05,3.32254282431677e-05
1407,3.318100429573355e-05,2.8488940588431434e-05,2.785836525953427e-05,3.310599110554904e-05
1408,2.8291169243554274e-05,3.6868500610580665e-05,2.7798503620821672e-05,3.2643903209827844e-05
1409,2.70232016110741e-05,2.621635139803402e-05,2.7841840512701312e-05,3.238867296022363e-05
1410,2.8336213104517405e-05,5.0019214540952817e-05,2.7864693523992577e-05,3.2354918899363835e-05
1411,2.8904960733295107e-05,2.415261165879201e-05,2.7834357675358964e-05,3.201876552193426e-05
1412,2.820721789046527e-05,3.0805404239799824e-05,2.7708850346971304e-05,3.2331534073455266e-05
1413,2.9291651541522392e-05,3.6414579808479177e-05,2.777153246473366e-05,3.229390703781974e-05
1414,2.690122974551438e-05,2.543095739383716e-05,2.7905569670029866e-05,3.2291075889952484e-05
1415,2.6825355683589198e-05,2.5191091699525712e-05,2.796797265602638e-05,3.209572568011936e-05
1416,2.4463692380878555e-05,6.335740428767167e-05,2.786166308845471e-05,3.1705744873033834e-05
1417,2.691967575325786e-05,2.4353373228223062e-05,2.7747017159547086e-05,3.169795033754781e-05
1418,2.872068430911491e-05,4.218120651785284e-05,2.7748571601922674e-05,3.20898082718486e-05
1419,2.7103307543762234e-05,2.3103379280655645e-05,2.7428094407918656e-05,3.060343467514031e-05
1420,2.5031441950381525e-05,2.440591146296356e-05,2.711623824919419e-05,3.0965962196933104e-05
1421,2.9593599513949206e-05,2.6453754253452642e-05,2.7205745925635307e-05,3.059050264419057e-05
1422,2.6005448218913644e-05,2.3847237971494907e-05,2.711996650145415e-05,3.0452407742268405e-05
1423,2.5464777645538562e-05,3.328331957163755e-05,2.6909382389082264e-05,2.942628544406034e-05
1424,2.633638401877963e-05,3.953450024710037e-05,2.671034040039457e-05,2.9981538423453456e-05
1425,2.787616784593815e-05,2.3381648061331363e-05,2.6614956383612787e-05,2.970783949131146e-05
1426,3.2199067924617944e-05,2.433701949485112e-05,2.646876191073615e-05,2.9198401898611336e-05
1427,2.6729037599579897e-05,2.2661665207124314e-05,2.6360632526080336e-05,2.9439774458296596e-05
1428,2.654684751582358e-05,2.5517361864331177e-05,2.6266502340149603e-05,2.9285140315187158e-05
1429,2.7176917040681777e-05,2.7158445373061113e-05,2.647319278217361e-05,2.7660409468808208e-05
1430,2.5673386569704032e-05,3.390539772226475e-05,2.632467313912154e-05,2.7544034546008333e-05
1431,2.2899920517779215e-05,2.4016590396058744e-05,2.6287070592419094e-05,2.6933249295689165e-05
1432,2.5384600327621835e-05,3.755212863325141e-05,2.6184108236985698e-05,2.6889210817171262e-05
1433,3.052886115458225e-05,2.7482011792017147e-05,2.6167103770745196e-05,2.723731000442058e-05
1434,2.4878716006545196e-05,2.276397884998005e-05,2.600490830049643e-05,2.7211215870920566e-05
1435,2.3071610295220227e-05,2.4366157085751183e-05,2.5978848655682262e-05,2.7318338351324197e-05
1436,2.3928911016102778e-05,3.803393614361994e-05,2.5942617485674822e-05,2.6899500511353833e-05
1437,2.5822617470920604e-05,2.3962930936249904e-05,2.5815914879462474e-05,2.6146746621816418e-05
1438,2.563678971960649e-05,2.367863999097608e-05,2.575720911861733e-05,2.6750313167576676e-05
1439,2.4197995129118983e-05,3.146527138596866e-05,2.5423547780115362e-05,2.6656239150906913e-05
1440,2.4472101035320923e-05,2.132523812178988e-05,2.52691753480273e-05,2.6604924321873115e-05
1441,2.96309534314787e-05,2.2739133128197865e-05,2.5414601490612967e-05,2.67663154634647e-05
1442,2.3206684676956177e-05,2.1444000158226117e-05,2.5264538628915837e-05,2.66870131570613e-05
1443,2.7780620641553672e-05,2.6911575259873645e-05,2.527423785585496e-05,2.6279179647099226e-05
1444,2.4529248657927384e-05,2.2002417317708023e-05,2.5279551408796878e-05,2.6186741940909995e-05
1445,2.4606330294368995e-05,3.31083911441965e-05,2.5164942155727958e-05,2.5644003305933435e-05
1446,2.553871275773013e-05,2.58014009159524e-05,2.4801025834393735e-05,2.5815751234767962e-05
1447,2.5353957098559477e-05,2.6525299981585705e-05,2.4717771087630857e-05,2.5854971428634595e-05
1448,2.455899839535252e-05,2.281237357237842e-05,2.487533028648209e-05,2.6317830735933964e-05
1449,2.3168818863470936e-05,2.0715653008664958e-05,2.4858195402743555e-05,2.6162720119464213e-05
1450,2.640852382480969e-05,3.8470811705337835e-05,2.474196352316843e-05,2.6064225501613696e-05
1451,2.3857534462068642e-05,2.198516907810699e-05,2.4632944163264865e-05,2.602783317561261e-05
1452,2.286972679737826e-05,2.137879448127933e-05,2.4554341181808722e-05,2.6042703216080553e-05
1453,3.018250108046535e-05,2.955214040412102e-05,2.4623905859738848e-05,2.6057358988327906e-05
1454,2.3425345498253593e-05,2.5175887712975965e-05,2.4421748482564e-05,2.6873614860232917e-05
1455,2.5915867243182017e-05,2.370955997321289e-05,2.4396229847237317e-05,2.7015640973695553e-05
1456,2.3032759341327215e-05,2.1705647741327992e-05,2.4130925808599893e-05,2.737255909887608e-05
1457,2.251936900089883e-05,2.3983662758837452e-05,2.4450253118346962e-05,2.733214936451987e-05
1458,2.1430953121226695e-05,3.1775710012880154e-05,2.4358265189544504e-05,2.6803024922264743e-05
1459,2.2797347337473184e-05,2.374448369664606e-05,2.4173504376408847e-05,2.66228495282121e-05
1460,2.7010590266501015e-05,3.593763976823538e-05,2.4131302887851935e-05,2.6611091705854055e-05
1461,2.3500538922639356e-05,3.415617073187605e-05,2.4230177286760105e-05,2.6886222203029322e-05
1462,2.2916820481542447e-05,2.1500565489986913e-05,2.414333268000822e-05,2.7135177099262366e-05
1463,2.2911305722017358e-05,2.2768831840949132e-05,2.396387052010848e-05,2.6398269031778914e-05
1464,2.2232920592715445e-05,3.183702239766717e-05,2.3877585888193502e-05,2.6441070553846656e-05
1465,2.621121798357409e-05,2.169163242797367e-05,2.392200935460601e-05,2.6453342571039687e-05
1466,2.457701900210749e-05,4.3145529925823215e-05,2.3573135394286104e-05,2.604977792070713e-05
1467,2.2568718793789028e-05,2.499465299479198e-05,2.3478352078462997e-05,2.6069241712684746e-05
1468,2.114801967561814e-05,3.583452838938683e-05,2.3385644001892714e-05,2.674789516604506e-05
1469,3.251243140160417e-05,2.0992173958802595e-05,2.3544030284392646e-05,2.7429898112313825e-05
1470,2.2306632074307546e-05,1.9880280087818393e-05,2.352851323521463e-05,2.7363140654051678e-05
1471,2.091969242933879e-05,2.129701606463641e-05,2.367476943586048e-05,2.686842232360505e-05
1472,2.429891988463674e-05,2.6231354422634467e-05,2.372925348544312e-05,2.683316917973571e-05
1473,2.703085836805662e-05,2.969063600176014e-05,2.3681830884339032e-05,2.61858032521559e-05
1474,2.0997703694673772e-05,2.6939525414491074e-05,2.3686863761880275e-05,2.617428766970989e-05
1475,2.1921969827316287e-05,2.0048110018251462e-05,2.3714339401178417e-05,2.6205839420435956e-05
1476,2.170041866419423e-05,2.3055207129800692e-05,2.3535091044969802e-05,2.6362802388030113e-05
1477,2.3980313457690903e-05,2.1685594911105e-05,2.3687068777346413e-05,2.595042246102822e-05
1478,2.1460652072467685e-05,1.946302414580714e-05,2.3456145972724895e-05,2.5859940535156066e-05
1479,2.1055762602676016e-05,2.566248251241632e-05,2.3405984204307757e-05,2.49460139166331e-05
1480,2.3598165328924853e-05,4.067589630722068e-05,2.3361995834824882e-05,2.4733017271501017e-05
1481,2.69924164038255e-05,3.875572139804717e-05,2.3360221511878383e-05,2.4068935198010884e-05
1482,2.2131442771448444e-05,2.2314726302283815e-05,2.2874086712060182e-05,2.4499360294430518e-05
1483,2.5087358137372777e-05,1.9407751751714385e-05,2.283825345415001e-05,2.451918662991375e-05
1484,2.4159448577039358e-05,2.2863155099912546e-05,2.2843649232203864e-05,2.450563632010017e-05
1485,2.5825025238898686e-05,1.9753491578740068e-05,2.2969629265490867e-05,2.4219487380469218e-05
1486,2.3626360861170624e-05,3.386828117072582e-05,2.2723150316515886e-05,2.4565291672479364e-05
1487,2.3603711463996055e-05,2.2289359258138574e-05,2.2852434461108512e-05,2.4368034399230966e-05
1488,1.843009681680188e-05,2.6692906030802986e-05,2.2930360473886444e-05,2.4360994240851145e-05
1489,2.6032363902130682e-05,2.152752422261983e-05,2.287616019845397e-05,2.41818180133123e-05
1490,2.043814786803624e-05,1.942958428116981e-05,2.2792729733434196e-05,2.4145355241489603e-05
1491,2.332297479167917e-05,2.02973644627491e-05,2.2718394032078018e-05,2.4166928426711825e-05
1492,2.146900955671703e-05,1.9669736866489983e-05,2.2686588706629767e-05,2.388805913797114e-05
1493,2.1103661601955537e-05,1.923247655213345e-05,2.2622840721548227e-05,2.301561431377195e-05
1494,2.0359061406149218e-05,3.175280136929359e-05,2.2357656333770142e-05,2.222912509168964e-05
1495,2.141080062655318e-05,2.037593847489916e-05,2.2219693951774393e-05,2.2144979200675154e-05
1496,2.105458688068514e-05,2.0958258319296873e-05,2.19981687318068e-05,2.210785390343517e-05
1497,2.74484207168118e-05,1.9077630931860766e-05,2.202360738366325e-05,2.197840237058699e-05
1498,2.086888464368207e-05,3.833574330201373e-05,2.1934567874834308e-05,2.2190195415168997e-05
1499,2.422980730948944e-05,2.2008093583281153e-05,2.1803747005954694e-05,2.2065022285096348e-05
1500,2.3870120146764547e-05,1.987210605875589e-05,2.178397782813085e-05,2.198656210384797e-05
1501,2.0345411778382387e-05,1.857580144132953e-05,2.1794470705370052e-05,2.1610117927775717e-05
1502,2.189455183219656e-05,2.0774025615537538e-05,2.1670215631699343e-05,2.2112264146562666e-05
1503,1.960225953856328e-05,2.0002353776362723e-05,2.175360490057048e-05,2.3034024325897918e-05
1504,2.026062946646966e-05,1.869075029389933e-05,2.16771672229192e-05,2.297804347472265e-05
1505,2.200446570188635e-05,1.8864775702240875e-05,2.156438233553975e-05,2.292141770303715e-05
1506,2.036280670937332e-05,1.9093490845989435e-05,2.151338033452501e-05,2.3603366327006372e-05
1507,1.8682383221554724e-05,2.021107902692165e-05,2.148982802642018e-05,2.30257845018059e-05
1508,1.954922763818306e-05,1.8479619320714847e-05,2.1467540989558784e-05,2.373253775585908e-05
1509,2.479541487345058e-05,1.962686677870806e-05,2.1550059773855738e-05,2.4690730543807145e-05
1510,2.359903751817506e-05,2.50483176932903e-05,2.1417970446863265e-05,2.4631984590087082e-05
1511,2.0355839139180414e-05,3.073895291890949e-05,2.136008718985573e-05,2.4005013582063837e-05
1512,2.310948201839993e-05,2.0327854726929218e-05,2.1183525074350963e-05,2.4654092095443045e-05
1513,1.8692418747782034e-05,1.7281801628996618e-05,2.105172297742684e-05,2.4703111074632037e-05
1514,2.2925987060362886e-05,3.408117969229352e-05,2.1109997779421976e-05,2.467165042471606e-05
1515,2.2522879589814693e-05,4.2473588764551095e-05,2.09588234337894e-05,2.5032947145518848e-05
1516,2.141203285039713e-05,1.8897843183367513e-05,2.0958639606073527e-05,2.4941945908358325e-05
1517,1.86493873722308e-05,1.8254092574352398e-05,2.0904171675970754e-05,2.4881968172849154e-05
1518,1.982861157658691e-05,3.628119215136394e-05,2.0841606318410615e-05,2.521843459107913e-05
1519,1.9770253703528497e-05,1.7313255739281885e-05,2.0806276661217756e-05,2.5305530123296195e-05
1520,2.085362470501827e-05,3.804476982622873e-05,2.0798051499635522e-05,2.552634839375969e-05
1521,2.311755648810908e-05,4.491307801799849e-05,2.078149496212265e-05,2.5444740863167685e-05
1522,2.4146187541999907e-05,1.7608982088859192e-05,2.0575175174680122e-05,2.5431033817585557e-05
1523,1.9421803218493652e-05,2.2661468101432547e-05,2.0419577653067082e-05,2.5105857144808396e-05
1524,1.9815754421870223e-05,3.823505641776137e-05,2.030677441523747e-05,2.467380861344281e-05
1525,2.0575067723661455e-05,2.1097580538480544e-05,2.009383254125068e-05,2.454256372293457e-05
1526,2.180228182826088e-05,1.778928519343026e-05,2.0076898839842117e-05,2.4967875212314534e-05
1527,1.811519319138218e-05,2.9806443635607138e-05,2.000361622679824e-05,2.4292953495751132e-05
1528,1.9597663845666425e-05,1.772732284734957e-05,1.9957203794264293e-05,2.3382369670434852e-05
1529,1.8898931213900344e-05,1.719130690617021e-05,1.9920438077759983e-05,2.3280830052681263e-05
1530,2.0440331762882934e-05,2.7276436157990246e-05,1.993123962424256e-05,2.3252340708859258e-05
1531,1.9479565279551833e-05,2.1270879151416012e-05,1.9938576012888616e-05,2.2559533809544516e-05
1532,1.8476754181998937e-05,2.5731535788509064e-05,1.986063509183522e-05,2.2545669099781655e-05
1533,1.9135314200361284e-05,1.6439431055914612e-05,1.9900189485795438e-05,2.1670268589514305e-05
1534,1.9637420187387358e-05,1.9284190639154985e-05,1.9670021976020917e-05,2.0556806327658706e-05
1535,1.970909947784902e-05,1.6918900873861274e-05,1.9420171465349596e-05,2.050562248332426e-05
1536,1.7535758193440012e-05,1.9937739634769967e-05,1.9636925505862262e-05,2.0414499528123995e-05
1537,1.7785935168730147e-05,1.7046732464223168e-05,1.949689637500948e-05,1.9554381803027355e-05
1538,1.8269076212568002e-05,2.7914588863495737e-05,1.9347467137655865e-05,1.959103867702652e-05
1539,2.109392173426588e-05,1.7208136778208428e-05,1.9209420061411546e-05,1.976315955398604e-05
1540,2.1362568776466006e-05,1.9708993131644093e-05,1.918147501395045e-05,1.938501167751383e-05
1541,2.049288993778949e-05,1.635935273952782e-05,1.9160583596870614e-05,1.935681118047796e-05
1542,1.8919426034295207e-05,1.754185897880234e-05,1.9194788730075944e-05,1.9490438626962715e-05
1543,2.0012021292738305e-05,1.8961019668495284e-05,1.9094002213548972e-05,1.9053469807840884e-05
1544,1.782173067719365e-05,1.6966637995210478e-05,1.9030531039364482e-05,1.9019345335254908e-05
1545,2.1842484554023637e-05,1.6159757069544867e-05,1.9071065375303282e-05,1.862263635121053e-05
1546,1.7363368743746024e-05,1.7076521471608432e-05,1.8935155884133165e-05,1.8753517378354445e-05
1547,1.7899924775216883e-05,1.6329385980498047e-05,1.8835680709889858e-05,1.8656701312283985e-05
1548,2.484065423131041e-05,2.038339422142599e-05,1.8735714636325915e-05,1.8706707577803177e-05
1549,1.6315026150550694e-05,1.6732113290345297e-05,1.8739591421278116e-05,1.8597064694040457e-05
1550,1.6839336789821067e-05,2.201400238845963e-05,1.8793113618853063e-05,1.9356411756598394e-05
1551,1.835110492215285e-05,2.2092307117418385e-05,1.885821671417539e-05,1.8885616137413313e-05
1552,1.7416567004854893e-05,2.035274672380183e-05,1.8799427137774827e-05,1.882482075452572e-05
1553,1.9075378418670476e-05,1.7022310421452856e-05,1.858878411407608e-05,1.935150834178785e-05
1554,1.9754059544033628e-05,2.0531993068289013e-05,1.8524401294901813e-05,1.940860927134054e-05
1555,1.7920668849708614e-05,1.6352215679944494e-05,1.843721208279021e-05,1.984323509241222e-05
1556,1.7892785924939543e-05,2.0417767336766703e-05,1.8366782398435234e-05,1.9783758184348698e-05
1557,1.949011258046893e-05,1.5813811187399552e-05,1.841410185718107e-05,2.0158644508046564e-05
1558,1.5737576921108283e-05,1.9711456734512466e-05,1.823268973918554e-05,2.0318045261956287e-05
1559,1.7150540831304776e-05,1.686378898739349e-05,1.829946012666268e-05,2.0230006959172897e-05
1560,1.7209947638750437e-05,1.8169057511840947e-05,1.8402286771581407e-05,2.0321722362132276e-05
1561,1.7632677817245067e-05,1.719666754070204e-05,1.8039392726253334e-05,2.0133144756255206e-05
1562,1.91239901081038e-05,3.603040902817156e-05,1.805863395040635e-05,2.0154330985678824e-05
1563,1.989665359562625e-05,1.6144698383868673e-05,1.809944775296673e-05,1.9912058777117635e-05
1564,1.9624182324251807e-05,1.568825220601866e-05,1.803739740062156e-05,2.032246434391709e-05
1565,1.6096493183997357e-05,3.2876182813197375e-05,1.815156156703274e-05,2.0205716509371997e-05
1566,1.88833194584327e-05,1.7786875978345052e-05,1.8056506131445834e-05,2.0096743805333974e-05
1567,1.6739695731505183e-05,2.840750450559426e-05,1.7933033165981113e-05,1.9962012443284043e-05
1568,1.8251279183863922e-05,1.7474096966907383e-05,1.7826829947686444e-05,1.9880985148483894e-05
1569,1.9004717145839498e-05,2.63387960876571e-05,1.775939543375797e-05,2.012498908588896e-05
1570,1.730718160413542e-05,2.0144775917287915e-05,1.7713455979375997e-05,2.010983272921294e-05
1571,1.9032628430674473e-05,1.4875563902023714e-05,1.778226968874353e-05,2.0048175756528507e-05
1572,2.0470590898185036e-05,1.8622271054482552e-05,1.78722122082642e-05,2.0585556967125737e-05
1573,1.576830309810854e-05,1.5668954074499197e-05,1.797403921276176e-05,2.0477434541680847e-05
1574,1.679605675437617e-05,1.7261769025935793e-05,1.7946848031553804e-05,2.0419118678546508e-05
1575,1.7859681853830504e-05,1.5957197174429893e-05,1.7808761226640654e-05,1.9566048093838616e-05
1576,1.6799846113523625e-05,3.235244628740475e-05,1.769708190388176e-05,1.977415665460285e-05
1577,2.0270671165134345e-05,1.7434050860174466e-05,1.764624789834165e-05,1.976025444018888e-05
1578,1.6698992528997932e-05,1.4297992820502258e-05,1.7760812612040255e-05,1.9028798094950622e-05
1579,1.6667235407415622e-05,1.7163709017040674e-05,1.7633809223399216e-05,1.9003951280319603e-05
1580,1.5265588392341872e-05,1.4326533309940715e-05,1.7612471910817678e-05,1.8434826326847544e-05
1581,1.620692307672774e-05,2.6517865771893413e-05,1.747374788303407e-05,1.831829096627189e-05
1582,1.8341626220919554e-05,1.543490227049915e-05,1.7411583846276497e-05,1.783107952942373e-05
1583,1.745791965529659e-05,1.8170032417401673e-05,1.740458664224005e-05,1.7993553001724645e-05
1584,1.939910381932148e-05,3.029831925232429e-05,1.7351364742029952e-05,1.825554310926236e-05
1585,1.9755622751189446e-05,1.54659968757187e-05,1.7195776955324825e-05,1.8380661895207592e-05
1586,1.6952898287046184e-05,1.573877096234355e-05,1.7248437072299165e-05,1.843603421148145e-05
1587,1.5671819985275053e-05,1.4703644410474226e-05,1.7362174164089892e-05,1.8373542967310634e-05
1588,1.7104670526653838e-05,2.1347412402974442e-05,1.7282031313839578e-05,1.8381324229994784e-05
1589,1.835333218574912e-05,1.5340696845669298e-05,1.723974354293508e-05,1.7742636585899165e-05
1590,1.8960611026462478e-05,1.4589774182240944e-05,1.7073157435677583e-05,1.7595899105072024e-05
1591,1.5708234742406705e-05,1.7165705612569583e-05,1.7012066666049775e-05,1.7653708654688674e-05
1592,1.6206262916966807e-05,1.4179380668792874e-05,1.7046990546077724e-05,1.753576749470085e-05
1593,1.4783178489273673e-05,1.4560712952516041e-05,1.7019626071770392e-05,1.802979431085987e-05
1594,1.7450616226900214e-05,1.4158510166453198e-05,1.70054339492506e-05,1.7812177226005588e-05
1595,1.7132251503224122e-05,2.420661272481084e-05,1.6949043780348602e-05,1.80634824471781e-05
1596,1.77020809254221e-05,2.1425316590466535e-05,1.6924102831964978e-05,1.821177354140673e-05
1597,1.6580896230556796e-05,2.1750240703113376e-05,1.6703266592473184e-05,1.788539453118574e-05
1598,1.708480602246709e-05,1.7053261981345713e-05,1.6484463231932346e-05,1.834126342582749e-05
1599,1.9639484049144408e-05,1.5699487921665422e-05,1.644863936194775e-05,1.8528805447567718e-05
1600,1.58561105975726e-05,1.6151728741533587e-05,1.6512906511181628e-05,1.910202065046178e-05
1601,1.5742651840911196e-05,1.6385255185014104e-05,1.6528864683884117e-05,1.8920312022964935e-05
1602,1.6106018483696972e-05,1.3765613839495928e-05,1.6467302844668868e-05,1.8834406958194448e-05
1603,1.5171723288302828e-05,1.5743231560918503e-05,1.6455685158871347e-05,1.895523010898614e-05
1604,1.7540332408114206e-05,1.421518001734512e-05,1.6498848573489037e-05,1.9103360467124726e-05
1605,1.4581476534658577e-05,2.6677203713916242e-05,1.653845168079392e-05,1.9946830323897297e-05
1606,1.585212001373293e-05,2.107743865053635e-05,1.6566443914214487e-05,2.095637574384454e-05
1607,1.693187199836959e-05,2.1717532799812034e-05,1.6490435999084082e-05,2.1332121593877665e-05
1608,1.683439594570599e-05,2.1877309773117304e-05,1.633093560594716e-05,2.1055198452086186e-05
1609,1.387819783202657e-05,2.213884399679955e-05,1.6165704052238854e-05,2.1071689794189296e-05
1610,1.4285538737668605e-05,2.6862719241762534e-05,1.6219099582182634e-05,2.0930245943600312e-05
1611,1.605730153743126e-05,2.042732150584925e-05,1.617557017250672e-05,2.083445658790879e-05
1612,1.7278498716122056e-05,2.903402448282577e-05,1.5929061905464752e-05,2.0779402770858727e-05
1613,1.750362484421607e-05,1.6804696715553292e-05,1.5881131691761157e-05,2.077902545424877e-05
1614,1.681428620536786e-05,1.3193070226407143e-05,1.597231107055753e-05,2.065979163453449e-05
1615,1.8670168881524456e-05,1.761035295203328e-05,1.610324575368496e-05,2.0601525803795084e-05
1616,1.6787320107848954e-05,2.0868964566034264e-05,1.6086172961836888e-05,2.0466029703675307e-05
1617,1.7196340599588842e-05,3.5266127088107166e-05,1.6143265651852645e-05,2.0547540282132105e-05
1618,1.548298432478785e-05,3.9799348451197146e-05,1.6076983423247133e-05,2.0087722006428524e-05
1619,1.5550418348640152e-05,2.3552156417281367e-05,1.6016966463373846e-05,2.0001592463813724e-05
1620,1.3144741674801076e-05,1.7283534180023708e-05,1.5939854024569892e-05,1.970316680963151e-05
1621,1.3571292082714434e-05,2.1837600143044257e-05,1.5938270294362964e-05,1.9455324001319246e-05
1622,1.7915784479151222e-05,1.821414443838876e-05,1.593475901164412e-05,1.9144179120485207e-05
1623,1.5996570780569324e-05,1.4658528089057654e-05,1.599474689614403e-05,1.8590116499399303e-05
1624,1.3476777373095197e-05,1.4323142495413777e-05,1.5922824966320253e-05,1.828884373244364e-05
1625,1.465785525498278e-05,1.614229582628468e-05,1.584224183704161e-05,1.761220336920815e-05
1626,1.8022136310820417e-05,1.340440969215706e-05,1.577174416840232e-05,1.7431639652932065e-05
1627,1.9379385561882777e-05,1.2308968071010895e-05,1.5671340993139893e-05,1.769407181272982e-05
1628,1.4744903492101002e-05,1.2355829057923984e-05,1.5566968082890123e-05,1.8034418068418745e-05
1629,1.896764965850808e-05,1.625294447876513e-05,1.5573759599970395e-05,1.7759554319491147e-05
1630,1.2924420819520795e-05,1.518174682132667e-05,1.5448564089052122e-05,1.6898075396602508e-05
1631,1.435169601690076e-05,1.8924200085166375e-05,1.5350299680883635e-05,1.5831334546965083e-05
1632,1.5004061028270776e-05,1.425689144525677e-05,1.5288030627966184e-05,1.5530102200864347e-05
1633,1.6794802690532784e-05,1.5681239565310533e-05,1.5306999549082117e-05,1.548735546093667e-05
1634,1.3790415764055474e-05,1.436022197594866e-05,1.532286106893379e-05,1.550289915612666e-05
1635,1.5785235850166324e-05,1.3011153714614921e-05,1.531440460643757e-05,1.528523085435154e-05
1636,1.425925329183681e-05,1.2895502331957686e-05,1.5254357180836252e-05,1.5256655504344965e-05
1637,1.5263920484155985e-05,1.2118015401938464e-05,1.5361321028871723e-05,1.5152906130242629e-05
1638,1.5741183128233793e-05,1.2290603808651213e-05,1.5312286298285472e-05,1.5145881267380901e-05
1639,1.4304206823807262e-05,1.9753874221350996e-05,1.5332133744070436e-05,1.510695004835725e-05
1640,1.6060846125280174e-05,2.6119009344256483e-05,1.5177952715587001e-05,1.5523686676169746e-05
1641,1.695710803485579e-05,1.3997370842844248e-05,1.520530071114384e-05,1.553329433227191e-05
1642,1.406645282663198e-05,1.3729154015891254e-05,1.5006639710190939e-05,1.5644902086933145e-05
1643,1.3026374120575686e-05,1.3130827210261486e-05,1.502173341036218e-05,1.5688314313592853e-05
1644,1.3993692025703948e-05,1.602134776476305e-05,1.50145423612331e-05,1.6077788398251867e-05
1645,1.3618964702699385e-05,1.6214865681831724e-05,1.4945482600645239e-05,1.596156981395325e-05
1646,1.3967830079006186e-05,2.222619252279401e-05,1.4842562732115362e-05,1.5819360785826577e-05
1647,1.7704372916745747e-05,1.2772436894010753e-05,1.4810238109607276e-05,1.569996930193156e-05
1648,1.44953851405363e-05,1.3944144338893238e-05,1.4692983252057779e-05,1.5656456559372598e-05
1649,1.6150873573982e-05,1.1729408142855391e-05,1.4662582064597194e-05,1.5718956816999706e-05
1650,1.343198699032655e-05,1.596667425474152e-05,1.462686020741886e-05,1.5738448497722855e-05
1651,1.851832245544453e-05,1.243112921656575e-05,1.450392224230907e-05,1.5830187404935712e-05
1652,1.552485984979689e-05,2.2727383766323327e-05,1.4453209711225806e-05,1.6042026357899885e-05
1653,1.5428603381021984e-05,1.2596020460478031e-05,1.4425576727404001e-05,1.5805889724288136e-05
1654,1.4001124634685565e-05,1.9043138345296028e-05,1.4268965893845435e-05,1.573214525124058e-05
1655,1.3301763323801828e-05,1.6267052487819455e-05,1.4265299148974011e-05,1.571550685039256e-05
1656,1.4171919788673727e-05,2.8661052201641724e-05,1.4322675663344047e-05,1.593765600991901e-05
1657,1.3277567013574299e-05,1.1351426837791224e-05,1.4308383360104118e-05,1.5756110742222517e-05
1658,1.4221805977285839e-05,1.2126013862143737e-05,1.4262389069578299e-05,1.558153172809398e-05
1659,1.2982300201353307e-05,1.1375434878573287e-05,1.4229248780854201e-05,1.5253123002185024e-05
1660,1.2853864411428933e-05,1.1923335150640924e-05,1.4045794531476632e-05,1.5209858468733728e-05
1661,1.3499223605322186e-05,1.4458008772635367e-05,1.4004489974791392e-05,1.527760733297328e-05
1662,1.43708740546976e-05,1.2605307420017198e-05,1.3881184363142692e-05,1.5313887261436323e-05
1663,1.2667734000489064e-05,1.4584076488972641e-05,1.392343129264191e-05,1.518786119413562e-05
1664,1.3036393546725675e-05,2.504984804545529e-05,1.3863830670177577e-05,1.558036840579007e-05
1665,1.5370021529735013e-05,2.0215593503962738e-05,1.3759549881312222e-05,1.5229764897958375e-05
1666,1.304183719589168e-05,1.2153759016655385e-05,1.3695751018692843e-05,1.5148312678502406e-05
1667,1.39747842048463e-05,1.3313193994690664e-05,1.3704142860499107e-05,1.4964348205830902e-05
1668,1.446078697982658e-05,1.8684556198422798e-05,1.3696972675744392e-05,1.4796480296354273e-05
1669,1.363638444470578e-05,1.148271607235074e-05,1.3764738246876127e-05,1.4446933059662113e-05
1670,1.2469107439553934e-05,1.1850390328618233e-05,1.3800160341715025e-05,1.4614431944210083e-05
1671,1.3139322860903728e-05,1.4015974375070073e-05,1.3892617377374943e-05,1.4573466836009175e-05
1672,1.3118016682306512e-05,1.1690823557728435e-05,1.384435319681264e-05,1.4828688061970753e-05
1673,1.3462771223405272e-05,1.5637865944881925e-05,1.3817777885156423e-05,1.4819252840243283e-05
1674,1.3068233282764494e-05,1.263640635443153e-05,1.374053310864838e-05,1.4679154122131877e-05
1675,1.448816022780698e-05,1.2816022572224028e-05,1.36742664554428e-05,1.4611764298751952e-05
1676,1.702830689383619e-05,2.2243809507926925e-05,1.3696959077545518e-05,1.4439199953631034e-05
1677,1.291784012816303e-05,1.3962296070531011e-05,1.3871452454461379e-05,1.3989493013650647e-05
1678,1.3833631815537552e-05,1.0559714974078816e-05,1.3706086822478229e-05,1.3602992791857106e-05
1679,1.4210920679842173e-05,1.4444026528508402e-05,1.3645633434821825e-05,1.3831167902390008e-05
1680,1.3122508704933958e-05,1.207035475090379e-05,1.3578331800979664e-05,1.3703123664890881e-05
1681,1.5866059066967057e-05,1.9922371284337713e-05,1.3513269845538563e-05,1.3418373075546697e-05
1682,1.4163119384546816e-05,1.5538898951490408e-05,1.3463104328063005e-05,1.349834894790547e-05
1683,1.6533231868783738e-05,1.1101886157121044e-05,1.3564826522714508e-05,1.3534004292887404e-05
1684,1.1775695687295714e-05,1.7755965527612715e-05,1.3681844731036109e-05,1.3428623231447999e-05
1685,1.2189481620023596e-05,1.1687454607454129e-05,1.3688456356046827e-05,1.3365352711844023e-05
1686,1.1568104192621023e-05,1.0955540819850284e-05,1.3630956238840657e-05,1.3186690695147261e-05
1687,1.2714207724558138e-05,1.0920561835519039e-05,1.358568932393812e-05,1.31008461707097e-05
1688,1.323504955305705e-05,1.0269967860949691e-05,1.3542836864669681e-05,1.3167054607038151e-05
1689,1.7398727969622186e-05,1.38071745459456e-05,1.3313209396356899e-05,1.2810790070943765e-05
1690,1.1235880730156269e-05,1.0553087959124241e-05,1.3311463129341267e-05,1.2796943951252615e-05
1691,1.1530502504481571e-05,1.785813677997794e-05,1.3255263542345752e-05,1.2878804855427005e-05
1692,1.2292243358792297e-05,1.0112088057212532e-05,1.3166769458702118e-05,1.3405119072558589e-05
1693,1.2834238093799084e-05,1.1565791464818175e-05,1.3126124901545054e-05,1.3665990813024107e-05
1694,1.2382246507816793e-05,1.3482112881320064e-05,1.2978043368962569e-05,1.3365350790991214e-05
1695,1.5012162305841533e-05,1.2741773953166557e-05,1.294265550604905e-05,1.317672607328859e-05
1696,1.6064778068943673e-05,1.1381447839085013e-05,1.2814691878237582e-05,1.3171459273871732e-05
1697,1.3283307307574432e-05,1.0109060567629058e-05,1.279768695724973e-05,1.2867505038593662e-05
1698,1.2025268293251025e-05,1.1171315527462866e-05,1.2817665781686732e-05,1.283813907284639e-05
1699,1.1936560410201006e-05,1.0490293243492488e-05,1.2879118414760648e-05,1.2803694724425442e-05
1700,1.3416848746096042e-05,1.447123348043533e-05,1.2794861329974895e-05,1.2772308391140542e-05
1701,1.1287620186016689e-05,1.3337196105567272e-05,1.2861200311211484e-05,1.2869335806317396e-05
1702,1.2874183452772236e-05,1.3616143078252208e-05,1.270710173484986e-05,1.2839938871184131e-05
1703,1.2428642140649673e-05,1.2606237578438596e-05,1.2690726397866256e-05,1.2809680737700547e-05
1704,1.1998568588751368e-05,2.7601881956798025e-05,1.2895766313320365e-05,1.2553675082017436e-05
1705,1.2106394776007315e-05,1.859214826254174e-05,1.2937890394015188e-05,1.3017379497614456e-05
1706,1.216402075240492e-05,1.240637073351536e-05,1.296889920663994e-05,1.2958115949004421e-05
1707,1.3278422811708878e-05,1.0823281008924824e-05,1.2951565098935843e-05,1.2934136234980542e-05
1708,1.3334141173496998e-05,1.0970216171699576e-05,1.282454866611968e-05,1.29073517578945e-05
1709,1.135057266259941e-05,1.0157109645660967e-05,1.258745101772042e-05,1.2991509712446714e-05
1710,1.2688952230948619e-05,1.0953305463772268e-05,1.2530275974131655e-05,1.299642500162008e-05
1711,1.3104420019468914e-05,1.009443210932659e-05,1.2589056878884246e-05,1.2970119131932734e-05
1712,1.0607780604914296e-05,1.0135903503396548e-05,1.255177383055626e-05,1.3120121030806328e-05
1713,1.4893524083971797e-05,1.269565324037103e-05,1.2460350069159176e-05,1.2982776130229466e-05
1714,1.354626356058159e-05,1.3072251167614013e-05,1.2517306136174335e-05,1.2860500373062677e-05
1715,1.0826497305566186e-05,9.796634622034616e-06,1.254872373764455e-05,1.2740066589321942e-05
1716,1.665650039083428e-05,1.1457995387900155e-05,1.251841572342932e-05,1.2922705920937008e-05
1717,1.3345345376162894e-05,2.170469844713807e-05,1.2500270054604496e-05,1.2194372978410684e-05
1718,1.3609458409417938e-05,1.0084202749567339e-05,1.2477868852713276e-05,1.19438649242511e-05
1719,1.1948893815214332e-05,1.2882620030723046e-05,1.2512007847302206e-05,1.1888096795883031e-05
1720,1.1836751485437465e-05,1.2072162026015576e-05,1.2455701876832689e-05,1.2047660343523604e-05
1721,1.0137336858962145e-05,1.3485396702890285e-05,1.2378398693221648e-05,1.2177022427204066e-05
1722,1.185393121785536e-05,1.0231942796963267e-05,1.2325622013708604e-05,1.2157806225877721e-05
1723,1.3494790912065785e-05,1.0513668785279151e-05,1.2305907937601055e-05,1.2235621815489138e-05
1724,1.1004484202001348e-05,1.4240340715332422e-05,1.2255632163174193e-05,1.2234140241343993e-05
1725,1.1131254711168973e-05,1.1037610966013744e-05,1.2293228432827164e-05,1.2924101408862041e-05
1726,1.2711521861395644e-05,1.0280302176397526e-05,1.2215977577094841e-05,1.2866296828724443e-05
1727,1.3659623489527601e-05,1.0605298484733794e-05,1.216714922928885e-05,1.272805145563325e-05
1728,1.167094178526895e-05,1.7172220868815202e-05,1.2162794987913607e-05,1.2720485219324476e-05
1729,1.1544926868130764e-05,9.393558393639978e-06,1.1911132775195354e-05,1.2639798571763096e-05
1730,1.1546364728726783e-05,1.23294469085522e-05,1.1825842884718439e-05,1.3034749786311296e-05
1731,1.3017495617128185e-05,1.1012167524313554e-05,1.1799647484278668e-05,1.3625340369617334e-05
1732,1.1870773549970989e-05,1.4812369699939155e-05,1.1828316279651416e-05,1.3668185831193114e-05
1733,1.1401561583220934e-05,1.4204268263711128e-05,1.1876626629075165e-05,1.4162033399770735e-05
1734,1.0031155674773295e-05,9.676704612502363e-06,1.1998119799924705e-05,1.4033205666783035e-05
1735,1.2196100328259894e-05,1.289869520405773e-05,1.2015932795798615e-05,1.4342459290492116e-05
1736,1.1847525658797369e-05,1.0057392755697946e-05,1.184092703770148e-05,1.4298449950729263e-05
1737,1.154768734623859e-05,2.7384932691347787e-05,1.1876836918397912e-05,1.4336179794190683e-05
1738,1.2962252690663769e-05,1.1250538736931048e-05,1.191696069088519e-05,1.4271261505928122e-05
1739,1.2325554865431816e-05,9.616116840334143e-06,1.1821502141861455e-05,1.4305781114671843e-05
1740,1.071764127118513e-05,9.607478714315221e-06,1.1754395999337757e-05,1.4287400997272924e-05
1741,1.036494507287797e-05,9.440829198865686e-06,1.1716534779568775e-05,1.3970939839055061e-05
1742,1.1213098114239983e-05,3.157847881084308e-05,1.1668265782322531e-05,1.4029186291008951e-05
1743,1.295457339842364e-05,2.4848967332218308e-05,1.1591273739031752e-05,1.3938441013306143e-05
1744,1.266561369953302e-05,1.3953756570117548e-05,1.1598279610027224e-05,1.3935926024714715e-05
1745,1.3044510221031183e-05,2.4418351240456105e-05,1.1559442471965064e-05,1.377759378883638e-05
1746,1.3174666130200624e-05,1.0264703378197738e-05,1.157181592595104e-05,1.3659354818082644e-05
1747,1.2299256114703086e-05,1.7963283389690333e-05,1.1752291190754882e-05,1.379752171851578e-05
1748,9.119646959637369e-06,9.413435291207862e-06,1.1741173167683883e-05,1.371331414047745e-05
1749,1.190223121941219e-05,1.5183586801867932e-05,1.1750758807223369e-05,1.3661258522915886e-05
1750,1.2134349023350902e-05,9.41465375944972e-06,1.1751553272834929e-05,1.3142154040542663e-05
1751,1.0325058135802262e-05,1.1143292394990568e-05,1.1703095192852844e-05,1.322563682697364e-05
1752,1.1981969926435139e-05,1.0145795549760805e-05,1.160811940442525e-05,1.3397396096115699e-05
1753,1.0724411291044412e-05,9.260691913368646e-06,1.160011045414851e-05,1.3534977920789971e-05
1754,1.0338201936974656e-05,1.084971969248727e-05,1.1624448942812805e-05,1.363786403235281e-05
1755,9.621563646457314e-06,1.006081496598199e-05,1.1544661057430655e-05,1.2786109816806858e-05
1756,1.3192642392015033e-05,1.0949292809527833e-05,1.1411835851160705e-05,1.239995610958431e-05
1757,1.0899845098416941e-05,1.0854063802980817e-05,1.1412628810649036e-05,1.2286747815960552e-05
1758,1.1710897932870365e-05,1.1248293994867708e-05,1.1339598000874197e-05,1.1846012501337098e-05
1759,1.4543037294869363e-05,1.313087712333072e-05,1.1176296664376017e-05,1.1899957872810774e-05
1760,1.1918149751484937e-05,1.0793505753099453e-05,1.1125712785805157e-05,1.1677559529198333e-05
1761,1.2087166647284498e-05,8.75600231665885e-06,1.117312726952756e-05,1.1712520672881508e-05
1762,1.1567548986527576e-05,1.4407320632017218e-05,1.108789982705881e-05,1.1530473866150715e-05
1763,1.1750800691111686e-05,1.333760839770548e-05,1.102132009901753e-05,1.1586085245653522e-05
1764,9.951160154741957e-06,1.3910098568885586e-05,1.1084028315559002e-05,1.1502271371136887e-05
1765,1.0517417514266627e-05,1.3047024331171998e-05,1.0999652074032282e-05,1.143288268503966e-05
1766,1.0973407289485395e-05,1.2012981987936656e-05,1.1012961693631951e-05,1.1782009419403039e-05
1767,9.218400979686218e-06,1.0284623422194271e-05,1.1162905251856299e-05,1.1674018667690691e-05
1768,9.633943241674892e-06,1.5195124651654624e-05,1.125051489838774e-05,1.1816422609990697e-05
1769,1.2685437686741352e-05,1.1123549229523633e-05,1.1166358364506677e-05,1.2638603150116979e-05
1770,1.1218739976660193e-05,1.3399968374869785e-05,1.119433904750622e-05,1.2796279910253363e-05
1771,9.092132717746104e-06,1.1613337665039581e-05,1.1083885826034627e-05,1.2743946805858287e-05
1772,1.1034659150431656e-05,1.2403324799379334e-05,1.1004700795132926e-05,1.2561749110318489e-05
1773,1.030500905269744e-05,1.0287463883287273e-05,1.0930028419534211e-05,1.2724409312795616e-05
1774,9.771545157693456e-06,1.0632416633598041e-05,1.0880120410486902e-05,1.278345296959742e-05
1775,1.0469855822318802e-05,1.0804938247019891e-05,1.0787476989692854e-05,1.2531458699231734e-05
1776,1.1892763549339077e-05,9.047945532074664e-06,1.0689887168619965e-05,1.2328819490358003e-05
1777,9.872563888267097e-06,8.41107839733013e-06,1.0685226566662704e-05,1.2172742580150954e-05
1778,1.105715178103613e-05,1.7988860272453166e-05,1.0801872964414848e-05,1.2153352103632641e-05
1779,1.4086790892583345e-05,8.149950899678515e-06,1.0750318326447291e-05,1.2175962388573679e-05
1780,1.1811804809743382e-05,1.362091352348216e-05,1.089041594782935e-05,1.2108233278559055e-05
1781,1.1088729044988416e-05,3.15038063126849e-05,1.089406708916714e-05,1.2036014896875713e-05
1782,1.1599362173405502e-05,1.4795982806390385e-05,1.0796198544913854e-05,1.2082674138946457e-05
1783,8.949567396080561e-06,9.939966384990839e-06,1.071582020619341e-05,1.1916522742103551e-05
1784,1.2563411522326835e-05,8.575934734835756e-06,1.0711625376279699e-05,1.1840317122550914e-05
1785,1.0051340361517053e-05,1.4860010815027635e-05,1.0681354988547457e-05,1.1739828708959976e-05
1786,1.083946642110176e-05,1.0232093736703972e-05,1.0673174293656808e-05,1.167077935751877e-05
1787,9.251463466676392e-06,8.107463872875088e-06,1.0664537654277714e-05,1.1669779867952458e-05
1788,9.311055164289428e-06,8.271628175862133e-06,1.0639649271939157e-05,1.1668446924159072e-05
1789,9.834645105810423e-06,1.0008175813709385e-05,1.06632463253239e-05,1.229265094807488e-05
1790,1.3433577458070229e-05,1.2562262418214231e-05,1.0682043353719766e-05,1.227379919946543e-05
1791,9.684541340296466e-06,1.2578239111462608e-05,1.0595623077824712e-05,1.192900385358371e-05
1792,1.2720841514237691e-05,8.59139567182865e-06,1.0453494665934057e-05,1.19954876608972e-05
1793,9.725221775119684e-06,1.338966510957107e-05,1.0367701787132924e-05,1.174912890273845e-05
1794,1.0238724080409156e-05,1.2290030281292274e-05,1.0310237751885627e-05,1.0798188958870016e-05
1795,9.20928150864913e-06,9.24618345379713e-06,1.0245933536498341e-05,1.053041018167278e-05
1796,8.987261969903355e-06,9.70819717622362e-06,1.0312338291017415e-05,1.0554741197120165e-05
1797,1.0277899457125588e-05,9.891114459605887e-06,1.0251121931085234e-05,1.062119188500219e-05
1798,1.010049168043123e-05,8.561230097257066e-06,1.0220549369437828e-05,1.0327679213514785e-05
1799,9.5556291732161e-06,1.060742939444026e-05,1.0116665852223782e-05,1.0612625511566876e-05
1800,9.84764626385489e-06,1.0771614652185236e-05,1.0215295305938021e-05,1.069818244650378e-05
1801,1.2482689883957695e-05,2.465304612996988e-05,1.0226589245737868e-05,1.088804660103051e-05
1802,1.0342489598163715e-05,7.939784682093887e-06,1.0201815981175364e-05,1.0807735520938878e-05
1803,8.896644883659773e-06,9.368976625410142e-06,1.0030042440242446e-05,1.0633853329636624e-05
1804,1.0533580595316985e-05,9.812046082515735e-06,1.0062671501913833e-05,1.0432780337578152e-05
1805,9.666982839715072e-06,7.461944569513435e-06,1.0000135196201479e-05,1.043410728161689e-05
1806,9.652128163805982e-06,7.73030771597405e-06,9.99367675127966e-06,1.0239216581248912e-05
1807,9.991756788723351e-06,8.10151337645948e-06,1.0003420785344337e-05,1.0501107481104554e-05
1808,1.0609686259057425e-05,1.0548241771175526e-05,9.991890191870175e-06,1.0717603737430181e-05
1809,1.1033002524022272e-05,1.0237201931886375e-05,1.0081327158534098e-05,1.144913042517146e-05
1810,9.287026320331884e-06,7.522194027842488e-06,1.0099894623959295e-05,1.159230247576488e-05
1811,8.242378490750626e-06,1.735575118800625e-05,1.0062692750580027e-05,1.187718814035179e-05
1812,1.1717199809532353e-05,1.0246387246297672e-05,1.0068046086073286e-05,1.1873254199599615e-05
1813,9.59340365928559e-06,1.3018232039030408e-05,1.0107471648047473e-05,1.1834137493860908e-05
1814,9.215313491747819e-06,8.000398811418563e-06,1.0024742299032774e-05,1.1348631375585684e-05
1815,9.13923893474728e-06,8.215207635657862e-06,1.0085555652323011e-05,1.1329896219103829e-05
1816,1.0500267882081163e-05,7.551414310000837e-06,1.008467909369857e-05,1.1238853723625654e-05
1817,1.1157433871428819e-05,8.624569272797088e-06,1.0007404990837028e-05,1.12524492375087e-05
1818,9.563760652074254e-06,8.517397600371623e-06,9.97517282117365e-06,1.1287266825820552e-05
1819,1.048232493202603e-05,1.8837302777683364e-05,1.0024271565473303e-05,1.1293832327646668e-05
1820,8.921016671795061e-06,1.4658589861937799e-05,9.964514315813884e-06,1.125180617382284e-05
1821,1.1223186136501478e-05,2.799636436975561e-05,9.909565924964329e-06,1.114885542556294e-05
1822,1.0742086092755522e-05,1.347041572444141e-05,9.864056483234487e-06,1.1240181522589407e-05
1823,9.170444845949533e-06,1.5683371711929793e-05,9.854240353888603e-06,1.1259799925755941e-05
1824,9.689462560547528e-06,1.0509080875635845e-05,9.994391432458847e-06,1.1868877645611062e-05
1825,1.0833285313209571e-05,9.793697008717573e-06,9.943843304063195e-06,1.2227323266415621e-05
1826,1.041445615859023e-05,1.2515393173089251e-05,9.909550305100213e-06,1.2027733144350347e-05
1827,1.1862823430419667e-05,7.471405770047567e-06,9.92318533875126e-06,1.2092196143930776e-05
1828,8.874730918048752e-06,7.092914238455705e-06,9.986915543898553e-06,1.2084652617340907e-05
1829,8.601728023778479e-06,1.0151933929591906e-05,9.908187111593886e-06,1.209501881385222e-05
1830,8.861178598130614e-06,8.332384277309757e-06,9.806501890286906e-06,1.2182810388912911e-05
1831,1.0879596771297252e-05,7.89444526162697e-06,9.869336616571268e-06,1.226426426874241e-05
1832,8.49782554723788e-06,7.050859530863818e-06,9.79133176757993e-06,1.190998948586639e-05
1833,9.235976487818536e-06,7.974473064678022e-06,9.834800413955238e-06,1.1866892943362474e-05
1834,9.895266480776223e-06,1.2520354357548057e-05,9.78705271279776e-06,1.1012640117405683e-05
1835,9.04162308668472e-06,8.0126541070058e-06,9.85130217235969e-06,1.1169860517111375e-05
1836,1.1746155455006778e-05,3.2582694184384306e-05,9.842445120294646e-06,1.1583111144864236e-05
1837,1.0453496599641059e-05,1.920752776641166e-05,9.819640580018234e-06,1.1452742588153344e-05
1838,8.736078685210991e-06,8.028478987398557e-06,9.723649873356207e-06,1.147001523859217e-05
1839,9.55618933302402e-06,9.611973800929264e-06,9.630146963859767e-06,1.1262751916365234e-05
1840,1.0732494063429638e-05,8.0266194709111e-06,9.515656172758706e-06,1.122895189546398e-05
1841,8.532057074464521e-06,7.81056922278367e-06,9.550137295001252e-06,1.1238848688662985e-05
1842,8.615303338754327e-06,1.0819358649314382e-05,9.528504626359792e-06,1.1124149526585826e-05
1843,1.1134628809183292e-05,1.0553744596109027e-05,9.53545353153863e-06,1.1116084899549606e-05
1844,8.53220370724254e-06,9.980433205782901e-06,9.454085977550779e-06,1.1115116251312431e-05
1845,1.000773283117774e-05,1.3581176299339859e-05,9.406095402745351e-06,1.1572845698538004e-05
1846,1.0029493607564494e-05,6.64004372083582e-06,9.507518382937029e-06,1.157335923271603e-05
1847,1.2348322581803789e-05,1.7400925717083737e-05,9.681667739480167e-06,1.1555886548740089e-05
1848,8.949018544323432e-06,2.6014637405751273e-05,9.681380553552623e-06,1.1716875339334365e-05
1849,9.119349053637253e-06,7.2498669578635595e-06,9.525222166929679e-06,1.0758121983235468e-05
1850,8.433517646658907e-06,1.0225513269688236e-05,9.493182305514994e-06,1.0259107999445403e-05
1851,8.076883421179243e-06,7.333810117415851e-06,9.420307113355698e-06,1.0360153927467763e-05
1852,9.000553652893156e-06,6.626405247516232e-06,9.483111391455168e-06,1.0289041855139657e-05
1853,9.736758974112389e-06,7.340334068430821e-06,9.45893308283606e-06,1.0344054312008668e-05
1854,8.060911307741965e-06,7.284454877662938e-06,9.587885839250196e-06,1.0822838810418032e-05
1855,9.034901227601546e-06,8.13076860140427e-06,9.546188217710651e-06,1.066194385057315e-05
1856,8.845407921600984e-06,7.870229055697563e-06,9.453636700022292e-06,1.0907424918696052e-05
1857,7.2980611771021765e-06,1.849409571150318e-05,9.472593373195397e-06,1.0763635670446092e-05
1858,1.1771550992610476e-05,7.987311419128673e-06,9.454385554595823e-06,1.0725332474248717e-05
1859,1.4249000394354678e-05,1.2083537258149591e-05,9.404770248753871e-06,1.083188679476734e-05
1860,9.034443438496157e-06,1.2037373871862655e-05,9.320409834375215e-06,1.0794870408426502e-05
1861,7.842195789433188e-06,8.61386028191191e-06,9.245912746943453e-06,1.0067332614562473e-05
1862,9.652500064273934e-06,6.732178171660052e-06,9.368211064833709e-06,1.0244830585725139e-05
1863,6.914198881228609e-06,1.0554627187957522e-05,9.375519524716462e-06,1.068781455178396e-05
1864,1.1126296285510762e-05,7.834171992726623e-06,9.385296489280237e-06,1.0728125949390233e-05
1865,1.0128036347951921e-05,9.401930892636301e-06,9.347316426606594e-06,1.0716868103190791e-05
1866,1.1755875984817976e-05,1.9780181683017874e-05,9.299719258868007e-06,1.0684950619906885e-05
1867,7.5728628002656885e-06,6.79698465319234e-06,9.30307651853784e-06,1.0896447307459312e-05
1868,8.820840866974322e-06,1.6690771299181507e-05,9.255020558581844e-06,1.0826435301714809e-05
1869,9.006120536570152e-06,6.385701999533921e-06,9.258676641992579e-06,1.0901638226641807e-05
1870,9.552537366188416e-06,1.2623596394405467e-05,9.317562925409424e-06,1.0629563107795547e-05
1871,8.789110961515689e-06,9.303901733801468e-06,9.234338845191006e-06,1.0682902622647815e-05
1872,1.0239312222337402e-05,1.647551605856279e-05,8.975774743238516e-06,1.0475136151217156e-05
1873,7.0865913585294035e-06,7.826192559150514e-06,8.950540448939945e-06,1.0346654099703299e-05
1874,1.2176807000893556e-05,1.16873162369302e-05,8.994359101294928e-06,1.0313138613855699e-05
1875,8.616229143727752e-06,2.1300112421158702e-05,8.895819624336177e-06,1.0393068940174997e-05
1876,8.321307535273566e-06,8.341595057572704e-06,8.900169847038341e-06,1.023110120659112e-05
1877,8.051052086052046e-06,6.344959092530189e-06,8.778358138644964e-06,1.0209327935444889e-05
1878,8.54682978064779e-06,6.542396986333187e-06,8.67793214775803e-06,1.0134267269313568e-05
1879,8.144842799487782e-06,1.2571872066473588e-05,8.595108512882788e-06,9.642662541591561e-06
1880,7.833502228701643e-06,6.380468457791721e-06,8.5887853923244e-06,9.660716984944884e-06
1881,8.936810006869362e-06,9.750302178872516e-06,8.631790405747273e-06,9.26571695599705e-06
1882,8.770218262523283e-06,1.1692217740346677e-05,8.635954094158174e-06,9.261637997406069e-06
1883,9.690948987150073e-06,9.320799290435388e-06,8.639316653110047e-06,9.24843668108224e-06
1884,7.78489784554242e-06,6.889375472383108e-06,8.648672995372585e-06,9.306939372618217e-06
1885,8.403586081031892e-06,8.82532258401625e-06,8.533706854804121e-06,9.243297492503187e-06
1886,8.937662098307757e-06,7.77597313572187e-06,8.607870641612354e-06,9.265352138027083e-06
1887,7.189013140305178e-06,8.730436329642543e-06,8.48263876998519e-06,9.06013589046779e-06
1888,7.0229544487827095e-06,6.5054338483605535e-06,8.45986814339186e-06,8.529429728514516e-06
1889,8.081003575676328e-06,7.289840214070864e-06,8.455229008905007e-06,8.93676099512959e-06
1890,7.617386575778558e-06,7.5254142393532674e-06,8.513781966232476e-06,9.192585487471659e-06
1891,9.68528511293698e-06,7.490063489967725e-06,8.561818906269362e-06,9.253139694192213e-06
1892,7.414784786305972e-06,7.2483457370253745e-06,8.545555641345953e-06,8.984269628854234e-06
1893,9.89596620254613e-06,6.815770575485658e-06,8.50644291612197e-06,8.962707480532119e-06
1894,9.110212746842686e-06,6.283728034759406e-06,8.470636910068506e-06,9.083152825041909e-06
1895,9.636601339985242e-06,1.2293563486309722e-05,8.478996008044408e-06,9.17298610220314e-06
1896,9.023019518079107e-06,1.076646902220091e-05,8.389287535707506e-06,9.071099735592725e-06
1897,7.365158708125818e-06,1.4884469055687078e-05,8.354810050635329e-06,9.035638676141386e-06
1898,8.940686028735299e-06,8.377558697247877e-06,8.286152322923753e-06,9.030427834659347e-06
1899,9.046010210214364e-06,6.556910047947895e-06,8.297430358369538e-06,9.034204497584141e-06
1900,8.046963478894517e-06,8.032458372326801e-06,8.29627165160976e-06,8.971707453019917e-06
1901,8.20532917310225e-06,1.8524876722949556e-05,8.32405891184559e-06,8.969135646839276e-06
1902,9.514876019238727e-06,1.274057140108198e-05,8.379662234438e-06,9.016653008802677e-06
1903,9.74775328156991e-06,8.056252154347021e-06,8.437930608690496e-06,9.523976502896403e-06
1904,7.738261176402577e-06,5.850120433024131e-06,8.388292711646903e-06,9.485834555744076e-06
1905,6.855684098102049e-06,5.841414749738761e-06,8.382855600858521e-06,9.489694836156558e-06
1906,8.041659855532797e-06,1.2761435791617259e-05,8.317992967972207e-06,1.017888598762511e-05
1907,8.979195711920814e-06,1.3938049669377506e-05,8.261449280325907e-06,1.0171208638712414e-05
1908,7.448237178727545e-06,6.773640125175007e-06,8.235654116530592e-06,9.98702988763398e-06
1909,6.922960718737967e-06,6.002848986099707e-06,8.226572070674996e-06,1.0576681596648996e-05
1910,6.6871428882425085e-06,8.69505154696526e-06,8.250563452909571e-06,1.0479800952089137e-05
1911,9.219612984452396e-06,7.870389708841685e-06,8.199664370557809e-06,1.0466673063274358e-05
1912,7.160045471310796e-06,7.168010215536924e-06,8.103813956889401e-06,1.0447737593131024e-05
1913,7.717635954678473e-06,6.44113869384455e-06,8.047764824004843e-06,1.0447114617636544e-05
1914,9.471086640486545e-06,8.47777426315588e-06,8.06869118500294e-06,1.0115468208459788e-05
1915,9.07409593209094e-06,2.0208501591696404e-05,8.125237932836171e-06,1.0245469658184447e-05
1916,8.444337686847171e-06,6.536514811159577e-06,8.027892290313805e-06,1.015174785752606e-05
1917,7.2788570165964e-06,7.344852747337427e-06,7.983491322294057e-06,1.0164117205204092e-05
1918,8.274400380388316e-06,2.4045549362199382e-05,7.996812479298872e-06,1.033887015619257e-05
1919,7.69662055568511e-06,6.091794311942067e-06,7.987306144018981e-06,1.0171489187996485e-05
1920,8.991722245102411e-06,7.689094709348864e-06,7.888963324714696e-06,9.872465622538584e-06
1921,8.795968371689215e-06,2.5507761747576297e-05,7.854312626174456e-06,1.0008742417630856e-05
1922,7.964943263990183e-06,1.2462452941690572e-05,7.956144976722296e-06,1.0037893262415308e-05
1923,7.668208969941284e-06,8.049361476878402e-06,8.031045880044177e-06,9.972074575853185e-06
1924,6.649749868504134e-06,6.0835232943645675e-06,8.083775710878803e-06,9.911418208866962e-06
1925,6.6457351567805745e-06,8.016883984964807e-06,8.102417939921401e-06,1.096979551912227e-05
1926,8.728488198054645e-06,1.0233716493530664e-05,8.105174784820218e-06,1.1574348020803881e-05
1927,1.092854471506952e-05,1.599060764419846e-05,8.016242479950758e-06,1.153289631693042e-05
1928,7.314112218510774e-06,5.713207137887366e-06,7.959377014372471e-06,1.1034384876984405e-05
1929,6.6282369759089005e-06,6.1593541249749255e-06,8.063509621974338e-06,1.1025298235472293e-05
1930,7.1887130232223875e-06,1.0210238524450688e-05,8.064470383073463e-06,1.1038645752341834e-05
1931,7.804001473535512e-06,8.576911586715141e-06,8.056205453370544e-06,1.0535116633764116e-05
1932,6.520625229313737e-06,6.462460532929981e-06,8.042845202241249e-06,1.122815666349197e-05
1933,6.581969715221526e-06,1.0180560002481797e-05,8.007095074572135e-06,1.120755915508198e-05
1934,9.468769482433951e-06,6.731620105711045e-06,7.921816781729124e-06,1.0511721874718204e-05
1935,8.559665471289514e-06,7.049584382912144e-06,7.924068951655904e-06,1.0320512613179744e-05
1936,1.0537858755318059e-05,6.3539805341861215e-06,7.977699438924901e-06,1.031414219578437e-05
1937,7.626101197375748e-06,3.3627442971919665e-05,7.99267443880025e-06,1.0430610057301239e-05
1938,7.786557077148852e-06,2.15549512358848e-05,8.002868345081677e-06,1.0344777260252159e-05
1939,7.247779018750104e-06,7.441481666319305e-06,7.967846730995613e-06,1.0199968155939131e-05
1940,7.652459292633769e-06,7.745715593046043e-06,7.824767097918084e-06,9.822393222566462e-06
1941,1.104765287689386e-05,6.30934877335676e-06,7.795112629780001e-06,9.983326971268978e-06
1942,7.302876044074462e-06,7.678540669076028e-06,7.863484983439168e-06,9.97853239896358e-06
1943,8.067777137815332e-06,1.1457321397756459e-05,7.897160254166615e-06,1.0134620169264963e-05
1944,7.362614277452748e-06,2.3417795055138414e-05,7.9359349782155e-06,1.0156059889413882e-05
1945,8.097969053374578e-06,7.174156999099068e-06,7.990597337508612e-06,1.0124943190021441e-05
1946,6.664011050613933e-06,8.1118297384819e-06,8.024001764675228e-06,1.0113873804948528e-05
1947,8.021247512159689e-06,7.68222140322905e-06,7.999674664258946e-06,1.0078861957299525e-05
1948,9.008971151666225e-06,7.890101041994057e-06,8.009686864412897e-06,1.0159629965346543e-05
1949,7.024124865387825e-06,8.99521983228624e-06,7.835359650562169e-06,1.0113467444898564e-05
1950,6.9005828138162745e-06,5.8710640587378295e-06,7.777047056313475e-06,9.289705223636704e-06
1951,7.852947845903043e-06,6.61348888570501e-06,7.722477588362785e-06,8.76240654870344e-06
1952,7.351553888131295e-06,6.551234309881693e-06,7.735096843437835e-06,8.70515410460939e-06
1953,6.57275051505874e-06,9.736550855450333e-06,7.769289307745769e-06,8.700476270314538e-06
1954,8.337545817388067e-06,6.039489817339927e-06,7.606528707239906e-06,8.875084001920185e-06
1955,8.030594791408576e-06,1.4112432781985262e-05,7.565439254418985e-06,8.869133830739884e-06
1956,8.773369574757655e-06,9.11290459043812e-06,7.58264509604487e-06,8.659096508199582e-06
1957,7.887184211641498e-06,5.684543048118939e-06,7.609548822842447e-06,7.969160354696214e-06
1958,7.417080394386883e-06,9.903825375658926e-06,7.553187696329486e-06,7.929930240788963e-06
1959,8.86059197202687e-06,5.856323914485984e-06,7.638507268509582e-06,8.895636194210965e-06
1960,8.809970475138268e-06,9.068784584087552e-06,7.6046289315046224e-06,8.810351860302034e-06
1961,6.179678409049908e-06,5.1999175229866526e-06,7.528703860185083e-06,8.7388502957765e-06
1962,6.168286341158415e-06,1.3033387440373189e-05,7.520617501642038e-06,8.61458203762595e-06
1963,6.422320378381604e-06,8.372484362553223e-06,7.523537884925543e-06,8.615683631433057e-06
1964,7.563260395626357e-06,6.010170563968131e-06,7.4577105605082265e-06,8.716911829105811e-06
1965,8.50727090033211e-06,7.628769735674723e-06,7.446978837025299e-06,8.74761077866424e-06
1966,6.978637864247301e-06,1.0674542063497937e-05,7.494800931292249e-06,8.708775326522301e-06
1967,6.275639723551446e-06,7.529786389568472e-06,7.477057976049966e-06,8.718851261073725e-06
1968,8.497923178462466e-06,6.206388334248913e-06,7.428289259809794e-06,8.467008680599976e-06
1969,8.035207447392167e-06,6.169391217554221e-06,7.353262322430965e-06,8.309551230559009e-06
1970,6.688940890550536e-06,6.1934041514177806e-06,7.28519993976483e-06,8.444478360252103e-06
1971,8.797000355116324e-06,3.2254478574031966e-05,7.3021581938115164e-06,8.400785336925764e-06
1972,7.174289087035706e-06,5.55011305550579e-06,7.277503412559681e-06,8.421741997517529e-06
1973,7.110844368677741e-06,6.102561928855721e-06,7.231188428542939e-06,8.449498798654532e-06
1974,6.8219659018116845e-06,5.888513378522475e-06,7.343143298365048e-06,8.459420472718192e-06
1975,6.973592395903931e-06,5.8986039039155e-06,7.480680002319989e-06,8.160401410350458e-06
1976,6.2072647354701375e-06,9.14419382752385e-06,7.4844066583965386e-06,8.061707075103186e-06
1977,7.083260801058107e-06,7.318708048842381e-06,7.486180662130614e-06,8.142069487803384e-06
1978,7.76830287173248e-06,8.765664551901864e-06,7.398785365310485e-06,8.077008399050099e-06
1979,7.893971936330976e-06,6.291388181125512e-06,7.390140984150801e-06,8.044984216030569e-06
1980,6.811376885404267e-06,7.816368270141539e-06,7.488292061235472e-06,7.948017029411858e-06
1981,6.8976961402869265e-06,5.1764683394139864e-06,7.4290083507447795e-06,7.96901980356779e-06
1982,6.185624644988113e-06,9.057721290446353e-06,7.389290008197552e-06,8.113035702990601e-06
1983,7.841036745554043e-06,8.8114997925004e-06,7.590906985933543e-06,8.19574384295265e-06
1984,8.244222440730987e-06,6.380240429280093e-06,7.518955763104411e-06,7.137108837923733e-06
1985,7.652095874719736e-06,9.762704612512607e-06,7.472709017666704e-06,7.138094591209666e-06
1986,8.978550154602595e-06,5.447959374578204e-06,7.446290649992687e-06,7.0943756967608365e-06
1987,9.606703940031973e-06,5.55791088117985e-06,7.443710923083323e-06,7.494489339660504e-06
1988,6.515486780295356e-06,5.905125981371384e-06,7.4151419318999015e-06,7.464486992466845e-06
1989,7.607610488978228e-06,8.01923088147305e-06,7.398645345609921e-06,7.518542557590991e-06
1990,6.322388479828886e-06,6.002242516842671e-06,7.4009971582401915e-06,7.509920170923579e-06
1991,6.7625283352552085e-06,9.873937488009688e-06,7.372394757840086e-06,8.178238527398208e-06
1992,8.729416650668201e-06,5.105606724100653e-06,7.3974382106017525e-06,8.152906062969123e-06
1993,7.015830416195159e-06,6.731457688147202e-06,7.3920366218064595e-06,8.551298785096152e-06
1994,7.0422488837114845e-06,9.769788703124504e-06,7.3976048495145135e-06,8.754120021330891e-06
1995,1.1729365333950328e-05,8.261107650469057e-06,7.432453655484197e-06,8.818343795428518e-06
1996,6.998219784388008e-06,5.788603448309004e-06,7.337828332917222e-06,9.388010964903514e-06
1997,6.01812045109303e-06,5.574756887654075e-06,7.3664038682990276e-06,9.570803860697198e-06
1998,6.45038517682729e-06,5.009589567634976e-06,7.425179581736705e-06,9.469435023129336e-06
1999,6.7574727290775626e-06,1.5891354451014195e-05,7.382938827261871e-06,9.762061022411217e-06
2000,6.259367616318438e-06,5.148545224074041e-06,7.3234083532750225e-06,9.775426151099964e-06
2001,5.794850078220609e-06,1.049558295562747e-05,7.3013639164855685e-06,9.767979573007322e-06
2002,7.142056116814881e-06,7.1031483821570875e-06,7.261914899774838e-06,9.733409241380284e-06
2003,7.053242861729814e-06,2.547362346376758e-05,7.303633355533948e-06,9.682147003695715e-06
2004,8.520058255372634e-06,5.6580765703984075e-06,7.325088429651157e-06,9.797414634886079e-06
2005,6.676337165521949e-06,1.7776186323317232e-05,7.366030776150485e-06,9.841438656076204e-06
2006,7.036901832988305e-06,1.0246999245282496e-05,7.316926882493942e-06,9.945269935997202e-06
2007,7.056844794230225e-06,1.0663315642887027e-05,7.311976530642519e-06,9.886129257210995e-06
2008,5.475403681379652e-06,2.3053179029375313e-05,7.091328814365422e-06,9.985475133726141e-06
2009,8.958610825276183e-06,1.0950062824122142e-05,7.0785997119754836e-06,9.93544897864922e-06
2010,9.121488710661652e-06,7.228483673316077e-06,7.0495228287149486e-06,9.895288566258387e-06
2011,7.922531292731745e-06,1.2763609356625239e-05,7.064387712711728e-06,9.900507253405522e-06
2012,8.118442090360784e-06,5.892039098398527e-06,7.055292209325772e-06,1.0225963170159956e-05
2013,5.964375860559004e-06,5.718961529055378e-06,7.114768077816633e-06,1.0256224621480214e-05
2014,6.621385071209968e-06,7.154972590797115e-06,7.193801057292148e-06,1.0024275209798362e-05
2015,7.365349873806634e-06,4.720686574728461e-06,7.186251882538071e-06,1.007615617818374e-05
2016,7.298905188185422e-06,1.275562826776877e-05,7.151710007262106e-06,9.362334156321597e-06
2017,9.752975313151385e-06,6.2062072538537905e-06,7.082931623355964e-06,9.320260423555739e-06
2018,5.788233074781602e-06,9.327239686172107e-06,7.072799209668624e-06,8.793700581009035e-06
2019,6.918490087425905e-06,8.29127173346933e-06,7.035909593388269e-06,8.576250894111582e-06
2020,6.213172427022881e-06,1.074475456334767e-05,7.004879139236031e-06,8.336752467948829e-06
2021,6.6799922246395405e-06,4.53794957138598e-06,7.062886836582847e-06,7.6017320920072976e-06
2022,5.291198369579635e-06,4.5707465778832555e-06,7.021608789364108e-06,7.385049360891572e-06
2023,6.822007276746768e-06,5.1400567463133485e-06,6.920153606309516e-06,7.279695495162743e-06
2024,6.530085144428692e-06,2.402775236987509e-05,6.9002486906457405e-06,7.179655581785483e-06
2025,7.746264328589961e-06,5.905081507080468e-06,6.858148694300326e-06,7.256428782056902e-06
2026,7.770674565108492e-06,4.696847663581139e-06,6.931204360100513e-06,7.523901534659673e-06
2027,6.95332674796292e-06,8.400172591791488e-06,6.920465699477064e-06,7.441748579003616e-06
2028,6.189695979830706e-06,7.628072917214013e-06,6.895126097980313e-06,7.443136059737299e-06
2029,6.800598657719092e-06,4.606233251251978e-06,6.862699792024313e-06,7.123799269174925e-06
2030,6.423026823338457e-06,4.612190259649651e-06,6.682990435991897e-06,7.091402476362419e-06
2031,6.114661425979446e-06,4.810757072846172e-06,6.6968582830264085e-06,6.903992380466662e-06
2032,6.28108344042428e-06,4.675854988818173e-06,6.692514973696639e-06,6.990395914544934e-06
2033,6.9255961150500095e-06,4.677669630837045e-06,6.7507795982439545e-06,6.802820606026216e-06
2034,7.92665964480774e-06,5.53299454622902e-06,6.725686747429588e-06,7.006966947301407e-06
2035,6.585109134296848e-06,4.5946370300953275e-06,6.808221258102599e-06,7.118663101573474e-06
2036,7.424908401137347e-06,1.0262611522193765e-05,6.805356152653984e-06,7.479095263988711e-06
2037,7.065942181725404e-06,7.811369105183985e-06,6.805952155769368e-06,6.7333036742638795e-06
2038,7.790767505563659e-06,1.240578034412465e-05,6.719389251177036e-06,6.679537273885217e-06
2039,6.3529185556237486e-06,5.1011486993957074e-06,6.728935104891004e-06,6.89299583536922e-06
2040,6.731859836387836e-06,4.755373593070544e-06,6.6875917349332465e-06,7.658845671539894e-06
2041,6.488247539285415e-06,4.772208503709408e-06,6.725002529351009e-06,7.756193161549164e-06
2042,5.260241412340999e-06,5.396287433541147e-06,6.706032204945384e-06,7.85661423833517e-06
2043,6.1349292506444425e-06,4.641987288778182e-06,6.729127197852196e-06,7.969919645984192e-06
2044,6.809907354181633e-06,1.045136008542613e-05,6.7881254507786554e-06,8.017252052013646e-06
2045,7.6697880407058e-06,6.0553718503797425e-06,6.795811383785298e-06,8.049866480359924e-06
2046,6.052670954280378e-06,9.641608103265754e-06,6.799554566714505e-06,8.068925922270866e-06
2047,7.354561136404906e-06,7.363150434684939e-06,6.789271832389609e-06,8.041826167755063e-06
2048,6.750379640531415e-06,1.4150860806694254e-05,6.834135261649661e-06,8.196371371013811e-06
2049,6.544985222313295e-06,5.382962626754306e-06,6.847766801466706e-06,8.004416016046888e-06
2050,5.582191713781665e-06,4.56092149761389e-06,6.82693811854228e-06,7.882037045419565e-06
2051,8.00932090795767e-06,1.0033311700681225e-05,6.785458527964592e-06,7.627575892547611e-06
2052,5.919742499018968e-06,2.7546418496058324e-05,6.7902879761176245e-06,7.658140128842207e-06
2053,7.124965840274752e-06,1.0061760167445755e-05,6.740098641037347e-06,8.00781072503014e-06
2054,6.326340547578487e-06,7.116760170902125e-06,6.717921143354034e-06,8.198309290673934e-06
2055,7.000401646008767e-06,7.444825450875215e-06,6.765081086875096e-06,8.304236145704633e-06
2056,7.589617749140921e-06,5.9940672235825335e-06,6.782948074437123e-06,8.30345122813014e-06
2057,6.47323176559035e-06,5.491215697475127e-06,6.735076721290373e-06,8.082770700275432e-06
2058,7.019175688280181e-06,5.15415567861055e-06,6.724548883519472e-06,8.192477915872587e-06
2059,7.669591286685318e-06,4.8555006833339575e-06,6.722832041325294e-06,7.986936604356742e-06
2060,7.706694865798151e-06,8.458267111564054e-06,6.6694263914946035e-06,7.942994056429598e-06
2061,7.765696896563492e-06,5.463727648020722e-06,6.61581770449023e-06,7.566109265098931e-06
2062,6.545225108614735e-06,4.751894839500892e-06,6.572493151341202e-06,7.539234474825208e-06
2063,6.753777741121465e-06,6.044251522325794e-06,6.566992449815087e-06,7.771589267213132e-06
2064,6.473654759449548e-06,5.865254606760572e-06,6.570729090203209e-06,7.794207540428035e-06
2065,5.477126459380896e-06,1.3497138497768902e-05,6.631167451673214e-06,7.401007493172075e-06
2066,5.933810097202594e-06,9.534672644804231e-06,6.6088894987236314e-06,7.22916886006715e-06
2067,6.43924000036754e-06,8.044458809308708e-06,6.635333421622312e-06,7.178616802411853e-06
2068,6.581603939695116e-06,4.622364349415875e-06,6.569195038173348e-06,7.0548005056480186e-06
2069,5.6131235255128964e-06,4.934346889058361e-06,6.487155420877065e-06,6.996778441680362e-06
2070,7.406592096433289e-06,8.798052240308607e-06,6.549726974481019e-06,7.569718334343633e-06
2071,6.009749899425919e-06,4.503075315369642e-06,6.609527832915774e-06,7.798193229609751e-06
2072,6.019419890637639e-06,6.264586736506317e-06,6.5588256707188616e-06,7.925381055611069e-06
2073,5.410162465422116e-06,4.728741023427574e-06,6.463628924070184e-06,7.763661495118867e-06
2074,5.461871393587595e-06,4.711092869911226e-06,6.410404718189966e-06,7.882256616721864e-06
2075,5.4446741756287845e-06,1.036979130731197e-05,6.394764746558697e-06,7.885094667653904e-06
2076,8.102736917660675e-06,1.0598768531053793e-05,6.378641667914861e-06,8.22619021710125e-06
2077,7.430701535769104e-06,1.771641731465934e-05,6.441814946447265e-06,8.161646357984866e-06
2078,6.5680170165352235e-06,5.765794339822605e-06,6.5563663199201166e-06,7.897673351180856e-06
2079,6.987438620045497e-06,5.852958729519741e-06,6.589356956384209e-06,7.78437473672966e-06
2080,5.346942059784649e-06,4.349418031779351e-06,6.590447345378278e-06,7.83688642695779e-06
2081,5.538627316733861e-06,4.543515624391148e-06,6.590070001362214e-06,8.173501074270463e-06
2082,8.037520605689173e-06,1.9814713014056906e-05,6.618425914631289e-06,8.137060856097376e-06
2083,8.514197149149065e-06,1.0866028060263488e-05,6.583510053557497e-06,8.144568128773244e-06
2084,6.402037231762531e-06,8.035196333366913e-06,6.573267276043122e-06,8.270259222990716e-06
2085,5.326776199581218e-06,4.415278099259013e-06,6.537652140610184e-06,8.23774397285888e-06
2086,6.435091749558019e-06,8.42860568809556e-06,6.525871491188201e-06,8.243387701986648e-06
2087,6.154225817833018e-06,4.822846112801926e-06,6.587493087075319e-06,8.233811271384185e-06
2088,6.350700775025568e-06,1.4571640258509433e-05,6.621889074146262e-06,7.985769891274685e-06
2089,8.052986722759669e-06,4.251658128850977e-06,6.538406422684298e-06,7.760904015049165e-06
2090,8.340910796202176e-06,6.8978133276687e-06,6.490491032369996e-06,7.299551584037545e-06
2091,6.758576008804892e-06,6.7022072835243306e-06,6.484023367839755e-06,7.253052529085835e-06
2092,6.466499725219263e-06,9.35725106501195e-06,6.589787432373365e-06,7.296207890067309e-06
2093,6.572170339293532e-06,1.3037730532232672e-05,6.62212925868112e-06,7.313268628240621e-06
2094,6.322021357239767e-06,4.023341434731265e-06,6.59392091505045e-06,7.40079485130991e-06
2095,6.533695569588518e-06,8.985734057205264e-06,6.572182941919083e-06,6.780713722218932e-06
2096,5.753680461566546e-06,7.64535267080646e-06,6.497584380910361e-06,6.698503526604326e-06
2097,5.1290415048141665e-06,5.45170548321039e-06,6.4468576591227434e-06,6.742650140040495e-06
2098,5.115646229872558e-06,4.869834251621796e-06,6.471102468983897e-06,6.725602790356787e-06
2099,7.002411290765546e-06,4.471682104849606e-06,6.529395198211002e-06,7.144342912761203e-06
2100,6.3045738524023264e-06,4.168756804574514e-06,6.527907137307111e-06,7.4599953068172905e-06
2101,6.015670631111586e-06,4.977121625415748e-06,6.513347284898272e-06,7.0534620403122975e-06
2102,6.232816777911568e-06,6.1826065393688625e-06,6.409847497889131e-06,7.0496955255293865e-06
2103,6.406325403279172e-06,4.603317966029863e-06,6.3078714565563134e-06,7.027247453697782e-06
2104,9.63154023338575e-06,6.931842754056561e-06,6.303588563706499e-06,7.0417501034171426e-06
2105,6.155487717478536e-06,4.775936486112187e-06,6.380293614084722e-06,7.011055718430725e-06
2106,4.833418725967123e-06,6.73167120112339e-06,6.455416279338048e-06,6.729113935034547e-06
2107,7.4940712774049544e-06,4.312684786782484e-06,6.400375098524415e-06,6.737599326697818e-06
2108,6.649233123931076e-06,8.810773169898312e-06,6.363828323264897e-06,6.550229040476552e-06
2109,5.133869187072074e-06,9.138861669271137e-06,6.441560925405712e-06,6.473960537005042e-06
2110,5.932896446110034e-06,3.989094357166323e-06,6.475979625166575e-06,6.615706563570712e-06
2111,7.892409980235646e-06,1.8897108748205938e-05,6.6184835651155385e-06,6.9977930168533935e-06
2112,6.117024295235751e-06,1.271415596420411e-05,6.6347149869317135e-06,7.020294064568589e-06
2113,5.986704464804563e-06,4.408308595884591e-06,6.620368769290508e-06,7.2591526834003165e-06
2114,5.465492047531168e-06,4.157495259278221e-06,6.581090336435914e-06,7.214500073314412e-06
2115,5.791509762881712e-06,6.336611531878588e-06,6.52694651273325e-06,7.132015605384367e-06
2116,6.651503687559549e-06,7.064773526508361e-06,6.470940341629709e-06,7.179958284541499e-06
2117,8.384125984674837e-06,8.589891440351493e-06,6.28752667406742e-06,7.06282148748869e-06
2118,8.450236970626671e-06,5.989185947328224e-06,6.229310277679663e-06,7.818897472316165e-06
2119,4.945991836898934e-06,4.23547622631304e-06,6.3366650510134706e-06,7.826624564040684e-06
2120,5.620026188100584e-06,4.3014769016735955e-06,6.258405491684648e-06,8.119769601398729e-06
2121,7.696995515086907e-06,5.738640084018698e-06,6.211207379177116e-06,7.938031286539627e-06
2122,5.9895089988357435e-06,8.99535614735214e-06,6.257698637697709e-06,7.919571785168954e-06
2123,8.678244728596635e-06,1.442199558368884e-05,6.285371798589444e-06,8.284494137842557e-06
2124,7.408196836169938e-06,5.034208297729492e-06,6.258197186111323e-06,7.690121764608192e-06
2125,5.945918411372178e-06,1.0140222275367706e-05,6.211743644457278e-06,7.476926372328307e-06
2126,5.0337098097467486e-06,3.860806373268133e-06,6.2050896611658065e-06,7.822228014993016e-06
2127,4.879221185344957e-06,4.120494841117761e-06,6.287382760577505e-06,7.9416674147069e-06
2128,5.006171125690647e-06,5.801884944958147e-06,6.28825433496887e-06,7.889798952055571e-06
2129,5.046198544328541e-06,4.003422827736358e-06,6.204368137797348e-06,7.831351665481635e-06
2130,4.700077807784611e-06,2.3677836106799078e-05,6.087396542413141e-06,7.67680593617115e-06
2131,7.5172880593123e-06,6.924848494236358e-06,5.951710010675824e-06,7.901013016271464e-06
2132,5.537582294184378e-06,1.16413107207336e-05,5.991253756918822e-06,8.026001991856901e-06
2133,5.4692803112427805e-06,4.267315298420726e-06,6.012522647688456e-06,8.224497144510679e-06
2134,6.296150650086929e-06,8.677374135004356e-06,6.00292463784879e-06,8.432250712758107e-06
2135,6.624725468403388e-06,1.3112153174006381e-05,5.998022060258437e-06,8.232606970523193e-06
2136,7.2130446682826405e-06,4.0377994173468325e-06,5.868518429269897e-06,7.844059546732753e-06
2137,4.955685753884609e-06,7.3842711572069675e-06,5.793085439290735e-06,7.795129270198232e-06
2138,5.8203548825177775e-06,1.3040849662502296e-05,5.797535018104503e-06,8.235439652162314e-06
2139,7.522819532823632e-06,7.1434802521253e-06,5.875995760854695e-06,8.268070657322825e-06
2140,5.813299122665841e-06,5.039899965595396e-06,6.019123294067362e-06,8.506395471522412e-06
2141,4.554348758271469e-06,5.603591362159932e-06,6.0900353541607426e-06,8.434596346887703e-06
2142,5.459836100069677e-06,4.726248207589379e-06,6.145376240925139e-06,8.446462261963462e-06
2143,5.058073677193736e-06,1.1594362949836069e-05,6.1386927146587475e-06,7.645287397645008e-06
2144,5.934585492973888e-06,7.3602006159489976e-06,6.029598936887246e-06,7.656711270647067e-06
2145,6.151748457341455e-06,9.263855718018022e-06,5.990644634726374e-06,7.3639605729113116e-06
2146,7.457045269095235e-06,1.0932479290204355e-05,6.015869659657054e-06,7.89204610628076e-06
2147,5.86694455907693e-06,4.004262591479346e-06,5.973861500489068e-06,7.846016951225467e-06
2148,5.440653953883157e-06,4.708309988927795e-06,5.929573765893617e-06,7.633883019661881e-06
2149,5.5223720866908685e-06,3.81095138436649e-06,5.856809229650632e-06,7.676728063961491e-06
2150,6.057157881716395e-06,2.1147981824469754e-05,5.999496970515693e-06,7.593596319748032e-06
2151,6.9952283785015525e-06,4.676581502280897e-06,6.018708385434164e-06,7.328651214447747e-06
2152,8.457409515661614e-06,1.007861519610742e-05,5.930522913958055e-06,7.213932926242706e-06
2153,6.778972628025157e-06,4.00690682909044e-06,5.878479455532215e-06,7.229611382172153e-06
2154,6.429720713438454e-06,4.3000707046303434e-06,5.93586999914098e-06,7.47151975065208e-06
2155,4.532989651124808e-06,3.6484644988377114e-06,5.941339769277773e-06,7.739163365295099e-06
2156,4.789943615024741e-06,7.210445319287828e-06,6.044604045140052e-06,7.931824017396139e-06
2157,4.563724740162595e-06,4.3225432773397185e-06,6.02411201297299e-06,7.781493027687248e-06
2158,6.099905934509782e-06,1.746945363265695e-05,6.076186691926624e-06,7.691934690410563e-06
2159,5.2459466708872544e-06,7.5266452586220116e-06,5.977466815925758e-06,7.408829642554338e-06
2160,5.517532103517119e-06,7.808804884916753e-06,5.98306402559198e-06,7.408181041682837e-06
2161,5.393931262208045e-06,5.108925524837104e-06,6.166947423217706e-06,7.435320867989503e-06
2162,8.522879275511109e-06,5.305977551870455e-06,6.166961885274858e-06,7.72362265142874e-06
2163,6.300640255479569e-06,6.417222029995173e-06,6.15304373247151e-06,7.053073355018568e-06
2164,5.318182745920947e-06,4.275523046999296e-06,6.097749194163446e-06,7.017887090296425e-06
2165,4.512212662019818e-06,5.431861363831559e-06,6.0064783564990225e-06,6.774771720847637e-06
2166,5.989112348490582e-06,1.1651300574158086e-05,5.955200356685154e-06,7.016037274843256e-06
2167,5.596580353489521e-06,1.1417338573664892e-05,6.079770991709664e-06,6.989073616023233e-06
2168,7.639680573750714e-06,1.6410879252362064e-05,6.089316798210751e-06,7.108616498044284e-06
2169,5.422284688797339e-06,3.601925873226719e-06,6.069228777737912e-06,6.9930546618707005e-06
2170,7.453615431182293e-06,7.024897286100895e-06,6.061534637653191e-06,6.972535034401518e-06
2171,4.9890483690736195e-06,3.854853093798738e-06,6.076151758437238e-06,6.513030643145612e-06
2172,6.006874800732476e-06,3.988047569691844e-06,6.214231201293942e-06,6.358114775321155e-06
2173,1.003773889452633e-05,5.3868056465944394e-06,6.220364165912743e-06,6.203390441623924e-06
2174,5.522733638119664e-06,1.101849597034743e-05,6.261191766841672e-06,6.1488360484872834e-06
2175,5.709204061632691e-06,4.384249414215446e-06,6.117843066668784e-06,6.175017354325974e-06
2176,5.612864920799944e-06,3.7969248842273374e-06,6.042855540403655e-06,6.072015830068267e-06
2177,6.175638574051037e-06,4.000730959887733e-06,6.069810115999036e-06,6.079155147926941e-06
2178,5.4970226326784336e-06,1.003854567898088e-05,6.113524061260654e-06,6.1689839965765725e-06
2179,9.543986589051201e-06,3.6259792341297726e-06,6.106296899391356e-06,5.877602438704344e-06
2180,4.771634813651973e-06,6.637036549363984e-06,6.159665928478513e-06,5.621849597082474e-06
2181,4.287743103203765e-06,4.321399414948246e-06,6.073207570665949e-06,5.119102940443554e-06
2182,4.371371238044553e-06,3.8095525906101103e-06,6.045879405448633e-06,5.189948307088344e-06
2183,6.465333954110975e-06,5.981843851259328e-06,5.959823245151104e-06,5.729302854524577e-06
2184,8.697932742304855e-06,3.6537485630105946e-06,6.022427794010177e-06,5.826892969707842e-06
2185,5.670856218987157e-06,3.940696542485966e-06,5.9715563374387165e-06,5.8082187688341945e-06
2186,6.414621285431268e-06,3.745065696421079e-06,5.799798323763146e-06,5.819989363953937e-06
2187,4.939161771188891e-06,5.96051019783772e-06,5.881851062157592e-06,5.531678675106378e-06
2188,4.425952098851364e-06,3.842183923552512e-06,5.880771003406456e-06,5.498203069510055e-06
2189,5.992047135805478e-06,4.454005993466126e-06,5.935399700784829e-06,5.522706894771545e-06
2190,5.605061293560235e-06,7.67758258007234e-06,5.884628280889754e-06,5.551616351294797e-06
2191,5.808433301758164e-06,4.366761627352389e-06,5.85710053856019e-06,5.303551266842988e-06
2192,6.93080608066844e-06,5.0235175331181385e-06,5.701085548652271e-06,5.342492983982084e-06
2193,5.478221628436586e-06,3.842212836389081e-06,5.762933121675613e-06,5.68374609683815e-06
2194,4.739080558364448e-06,5.373060039346456e-06,5.891099474441337e-06,5.733099222015881e-06
2195,5.3022114237440594e-06,2.0508760972006712e-05,5.9803782378569145e-06,5.788164517434779e-06
2196,6.5541620905504615e-06,6.294605973380385e-06,5.9484050344407374e-06,5.7842885795253095e-06
2197,4.735088386445973e-06,3.52119254785066e-06,5.803984684664303e-06,5.803534897131613e-06
2198,5.743788552637044e-06,5.681070524587994e-06,5.76567915951374e-06,5.851923679074389e-06
2199,7.574052097980813e-06,3.810728749158443e-06,5.737904323298911e-06,5.873196868378727e-06
2200,5.682202592854285e-06,3.5473592743073823e-06,5.803683157379661e-06,5.7829465704344325e-06
2201,6.978582355259278e-06,4.409520515764598e-06,5.821097998786071e-06,5.9467461056556205e-06
2202,4.906353076674147e-06,4.723467372969026e-06,5.8314140799767405e-06,5.9463521565703564e-06
2203,4.808829074439321e-06,3.836918567685643e-06,5.892469300892522e-06,5.8485511373874035e-06
2204,5.643611841353251e-06,4.599522162607172e-06,5.843664912410735e-06,5.810935857698496e-06
2205,6.317824139235503e-06,1.516836437076563e-05,5.789646096774152e-06,5.770014433619508e-06
2206,7.491901922346895e-06,5.555227544391528e-06,5.749599109407831e-06,5.974389766379317e-06
2207,6.603340323433965e-06,5.186184976082586e-06,5.868917190249098e-06,5.965825892599241e-06
2208,5.666003868706563e-06,5.884945403522579e-06,5.850670931997431e-06,5.391673164376698e-06
2209,5.0874239978939945e-06,4.134906503168168e-06,5.773428063770958e-06,5.283595197579415e-06
2210,4.713218090223058e-06,5.150416091055376e-06,5.80271023597258e-06,5.283346192845783e-06
2211,5.720250380060558e-06,4.276895429029537e-06,5.795733866196114e-06,5.431576822047645e-06
2212,6.583632623207652e-06,3.7042527492303636e-06,5.7064952038167075e-06,5.5004232883220534e-06
2213,4.861323134011602e-06,7.937172304082196e-06,5.655060512476162e-06,5.533631473736022e-06
2214,6.249949165572212e-06,4.444157266334514e-06,5.6650340944138935e-06,5.507634273453731e-06
2215,7.1314418164547534e-06,5.232557100498525e-06,5.799193326492971e-06,5.610171532316599e-06
2216,4.588323589713481e-06,3.426379635129706e-06,5.828071937321512e-06,5.615162590038381e-06
2217,5.5803356897538635e-06,4.000481931143441e-06,5.805530308922852e-06,5.655523938548868e-06
2218,4.477046944278602e-06,8.951596155384323e-06,5.754093989182569e-06,5.363988766112015e-06
2219,7.722032579396102e-06,5.158963194844545e-06,5.675308482770764e-06,5.346225302673701e-06
2220,4.846054967452397e-06,6.1549427664431275e-06,5.628069665827854e-06,5.369284556945786e-06
2221,4.623090384888605e-06,3.5926568034483354e-06,5.570849382173847e-06,5.28763721576979e-06
2222,5.467142691486515e-06,3.514967429509852e-06,5.5682758725298405e-06,5.28737089862261e-06
2223,5.569379308225406e-06,9.386836254634545e-06,5.726490876279261e-06,5.2333961952172085e-06
2224,5.343085538495668e-06,5.531890406018647e-06,5.739621438402134e-06,5.288237768036195e-06
2225,4.3963353093406316e-06,4.377563909656601e-06,5.714913981359537e-06,5.318268731934949e-06
2226,7.227921903702534e-06,3.7595905087073333e-06,5.778087491752458e-06,6.007090008642989e-06
2227,8.260333878651081e-06,7.286898844540701e-06,5.709966391926477e-06,5.98627024446614e-06
2228,5.530794345152875e-06,3.961695010730182e-06,5.616611549420568e-06,5.946447032874857e-06
2229,5.080071131386729e-06,5.608555875369348e-06,5.6322020374257905e-06,5.977861328756262e-06
2230,5.031916145728448e-06,7.87998505984433e-06,5.576142477730173e-06,6.0929900782866755e-06
2231,5.522264262051775e-06,5.11114095843368e-06,5.5784012252439035e-06,5.881797321671911e-06
2232,5.4223698998612234e-06,5.762666332884691e-06,5.50981465142589e-06,5.98930778887734e-06
2233,4.2354967773563756e-06,3.84376187412272e-06,5.561243604178243e-06,5.909833809892006e-06
2234,5.023086256793856e-06,4.1282485744886795e-06,5.658324584672099e-06,6.3267128685765775e-06
2235,8.668593183958566e-06,3.8010485059203345e-06,5.6508990097831375e-06,6.450182441585638e-06
2236,6.048514433132368e-06,5.647934749504202e-06,5.6539210779293284e-06,6.232526742678601e-06
2237,5.965946197142734e-06,4.455026846699184e-06,5.666881100397505e-06,6.200663433810405e-06
2238,6.4406608938346226e-06,2.5157704221783206e-05,5.652363003011691e-06,6.19164858635486e-06
2239,4.546921669922692e-06,3.923663161913282e-06,5.537970548175508e-06,6.199102989012319e-06
2240,4.7975707538070205e-06,4.2369768107164414e-06,5.3838171127103534e-06,6.196159514547617e-06
2241,4.9780857898440445e-06,4.211737032164819e-06,5.3993676921082724e-06,6.333176728549006e-06
2242,4.178846697363447e-06,6.87870066940377e-06,5.383818943765719e-06,6.4032838907223785e-06
2243,4.533515632121837e-06,3.671777240015217e-06,5.3929602319638245e-06,6.237476664500719e-06
2244,6.007368233945777e-06,7.846724874980282e-06,5.3963912879124925e-06,6.19973121174553e-06
2245,6.131778786261243e-06,4.168093291809782e-06,5.420863810589558e-06,6.130727667914471e-06
2246,7.050114897234986e-06,1.4014633270562627e-05,5.453125299391105e-06,6.122696888451173e-06
2247,5.281503319262507e-06,6.601706754736369e-06,5.466366874033056e-06,6.132380329108855e-06
2248,5.64493101188014e-06,3.945443781958602e-06,5.330941777679579e-06,6.1994049819986676e-06
2249,5.66708610020012e-06,4.735307684313739e-06,5.340680930142601e-06,6.171577194072597e-06
2250,4.033382874695235e-06,4.152192723267944e-06,5.323538103241137e-06,6.122207542102842e-06
2251,4.368110532798003e-06,3.945950575143797e-06,5.2826752988443735e-06,5.36415560691239e-06
2252,4.406497992022196e-06,7.213311982923188e-06,5.363079286528066e-06,6.07324404791143e-06
2253,5.919558830100868e-06,7.387125360764913e-06,5.404479481169094e-06,6.0481362201244345e-06
2254,4.6913524228229e-06,7.361234929703642e-06,5.4146540245104315e-06,6.047051406130778e-06
2255,5.260448350681044e-06,3.7348044043028495e-06,5.5097818563202365e-06,6.2725722294999305e-06
2256,5.6080406607684885e-06,4.1675046395539535e-06,5.59315286593321e-06,6.340780516256929e-06
2257,6.034182966787841e-06,4.037577737108222e-06,5.615270646740102e-06,6.61386402534845e-06
2258,5.042033997395063e-06,3.6429923875402894e-06,5.561916759911079e-06,6.5777881101894315e-06
2259,5.354125622842629e-06,4.370334590930725e-06,5.461832570512747e-06,6.188767093226489e-06
2260,5.2829657751216374e-06,5.476664828165667e-06,5.4930261939565156e-06,6.064851571318286e-06
2261,6.291993244707959e-06,4.9522400513524186e-06,5.436026260516278e-06,6.062866230786312e-06
2262,5.537375524606129e-06,3.2207855474553072e-06,5.366785146684884e-06,6.0304311671643515e-06
2263,5.419090783915534e-06,6.206405842021922e-06,5.433360542782692e-06,6.084174312854883e-06
2264,6.5570213620149944e-06,2.165087418688927e-05,5.470699999023053e-06,6.16871395650378e-06
2265,5.832575619832723e-06,3.6092811160415296e-06,5.511226638453889e-06,6.173393257631688e-06
2266,5.232449373377474e-06,4.1846166823233945e-06,5.46178999959213e-06,6.325361752169556e-06
2267,6.557042492608566e-06,1.2516721253632568e-05,5.482752350386969e-06,6.2628781712192e-06
2268,6.617790872446171e-06,5.3769844089401885e-06,5.489434811170213e-06,6.299180124369741e-06
2269,6.560312754118059e-06,1.46738126022683e-05,5.443088230782046e-06,6.5262287736914e-06
2270,4.797931615535668e-06,3.2661954128343495e-06,5.4246787598054255e-06,6.689983534488419e-06
2271,4.54801016227672e-06,4.28910784648906e-06,5.438816398095191e-06,6.696389699209249e-06
2272,6.061343905356706e-06,3.5038187070313144e-06,5.45900217538373e-06,6.731752790074098e-06
2273,4.219932675874184e-06,3.8958102686592614e-06,5.453154659072526e-06,6.718204163007614e-06
2274,3.936058254415305e-06,3.924431093764724e-06,5.385846620811208e-06,6.685935484165385e-06
2275,5.697767777140446e-06,5.495771365531254e-06,5.434250364709846e-06,6.8333763958435175e-06
2276,5.301596938807052e-06,6.0594416663661835e-06,5.445196188783384e-06,6.833435220141837e-06
2277,5.419663977793081e-06,7.330294511120883e-06,5.372441614539033e-06,6.194662990492362e-06
2278,4.6836428585568985e-06,1.1186337724211626e-05,5.3701928373710775e-06,6.186055348734955e-06
2279,5.215411192693864e-06,5.7991454059447276e-06,5.322569897018387e-06,6.189694797285485e-06
2280,5.427509870262131e-06,4.642353233066388e-06,5.242192721561879e-06,5.816679566851236e-06
2281,4.44937615106432e-06,9.843720872595441e-06,5.244270224809751e-06,5.731390664004722e-06
2282,5.573946192372306e-06,8.1314467570337e-06,5.168316219128934e-06,5.395842879806878e-06
2283,5.395474954639212e-06,3.803146505561017e-06,5.241034845676041e-06,5.865916564107466e-06
2284,5.858770055056084e-06,5.2544118625519335e-06,5.240333037969929e-06,5.824502852919978e-06
2285,5.136777867341557e-06,5.1379491515035624e-06,5.219314820088685e-06,5.875134177404107e-06
2286,4.609292288175008e-06,4.145523080296698e-06,5.220824936400782e-06,5.965760811886867e-06
2287,6.7474691220720865e-06,6.906808339408599e-06,5.282517860258749e-06,5.947463084157789e-06
2288,5.69273638575396e-06,6.207876449479954e-06,5.232302461627114e-06,5.864818084228318e-06
2289,4.738157005906234e-06,5.681568445652374e-06,5.242453106802714e-06,5.752385323285124e-06
2290,5.7763561906338305e-06,3.394090072106337e-06,5.23408360736034e-06,5.912471901319803e-06
2291,4.041875864560199e-06,4.2756028960866385e-06,5.2541490532045536e-06,5.686880454959463e-06
2292,4.547613106195866e-06,3.191340492776362e-06,5.250220566065562e-06,5.740792104734283e-06
2293,6.669728453642973e-06,3.2447618377773325e-06,5.252256801658303e-06,5.693457654888334e-06
2294,4.661462612097643e-06,6.285117997322232e-06,5.280709836713665e-06,5.430573443118192e-06
2295,6.6158972792133376e-06,1.5018037520349026e-05,5.245020286404017e-06,5.439541729538178e-06
2296,4.530464969623911e-06,3.2537650668018613e-06,5.259359013568125e-06,5.417041434702696e-06
2297,5.5358884583256444e-06,4.76960181913455e-06,5.212971110995568e-06,5.389981882035499e-06
2298,4.2576855836765996e-06,6.161476130728261e-06,5.274875975677181e-06,5.322512141538027e-06
2299,5.478381350864463e-06,3.4669879005377877e-06,5.343810894333325e-06,5.325442293724337e-06
2300,4.4423828113495904e-06,3.429646367294481e-06,5.269719457424396e-06,5.187507689879568e-06
2301,5.555363068197039e-06,3.2486226427863586e-06,5.2175539465073e-06,5.134376012028952e-06
2302,5.210426491733718e-06,1.1332458961987868e-05,5.208399116114985e-06,5.043613268389891e-06
2303,5.185279004662233e-06,5.546551565203118e-06,5.219645464482406e-06,5.227210365228529e-06
2304,5.1171990142190935e-06,7.146936650315183e-06,5.407722963435744e-06,6.080836842556892e-06
2305,5.478415760080679e-06,3.458991986917681e-06,5.496704076075629e-06,6.10306522648898e-06
2306,5.1607020274483754e-06,3.27161557834188e-06,5.420129043704947e-06,6.220377882709727e-06
2307,4.681707434631082e-06,8.355653917533346e-06,5.3992318965861675e-06,6.538422042649473e-06
2308,5.753943133741915e-06,3.240639134673984e-06,5.380648852648544e-06,6.184890935037403e-06
2309,4.699072490742159e-06,4.577923045872012e-06,5.374524612468829e-06,6.284038606645482e-06
2310,6.6843994843818816e-06,3.4512056390667567e-06,5.347450942948247e-06,6.23630756581406e-06
2311,6.3326652545785895e-06,4.218776884954423e-06,5.409681060316669e-06,6.285359302455618e-06
2312,4.895183199348846e-06,3.4584432432893664e-06,5.406197010658312e-06,6.321731002390153e-06
2313,4.3885986128265765e-06,4.879584503214574e-06,5.4462517861086075e-06,6.333888984227088e-06
2314,4.509286246098377e-06,3.4124998546758434e-06,5.42893852555911e-06,6.8438087135291425e-06
2315,6.057514899819378e-06,7.984017493072315e-06,5.43713095636728e-06,6.522392790793674e-06
2316,8.743813338393618e-06,2.5616264829295687e-05,5.44979404205353e-06,6.431479436832887e-06
2317,6.7721409221930015e-06,3.747050091078563e-06,5.4398197970537406e-06,6.399302059617184e-06
2318,4.755352644375913e-06,6.177578243296012e-06,5.4417085841527714e-06,6.846434530416444e-06
2319,4.139033934128141e-06,1.4236221995815867e-05,5.399676706211824e-06,6.9488986677242776e-06
2320,6.151321180772761e-06,6.17975983004726e-06,5.469920151962369e-06,6.9378594113004506e-06
2321,4.377358965131053e-06,5.732456857003853e-06,5.414284092350702e-06,6.9296639310778115e-06
2322,4.859046720311097e-06,3.576325798348989e-06,5.54647333473339e-06,6.8818763436865985e-06
2323,5.813438517887132e-06,7.387769546767231e-06,5.449948401312415e-06,6.965994175334344e-06
2324,5.39128010940557e-06,4.376280398901144e-06,5.452844331234196e-06,7.551749751655734e-06
2325,5.443752197606955e-06,3.7335959132178688e-06,5.432512084876685e-06,7.5581915461953024e-06
2326,5.122531554459581e-06,1.599661587533774e-05,5.464930447912291e-06,7.51207454723044e-06
2327,5.41523726193797e-06,3.297060893601156e-06,5.4942204429810065e-06,7.518569956846477e-06
2328,5.501856146818479e-06,3.273717716183455e-06,5.465199327126257e-06,7.433863077494607e-06
2329,4.867842889224347e-06,6.342502219922608e-06,5.338548878616066e-06,6.67187777635263e-06
2330,5.525635437556452e-06,1.46373037568992e-05,5.251468291337208e-06,6.722487598381121e-06
2331,4.1099050789246875e-06,5.833219011037727e-06,5.2484350936841415e-06,6.6154203854239315e-06
2332,6.437793578394727e-06,8.07967250693764e-06,5.300173914090718e-06,6.206383352764533e-06
2333,4.363041643450237e-06,3.035752129108005e-06,5.292256975331435e-06,6.444403656496434e-06
2334,8.003803550309385e-06,3.3832333610916975e-06,5.330491690579544e-06,6.38211896075518e-06
2335,4.271276148857497e-06,5.55415143026039e-06,5.3879821215458735e-06,6.361258920878755e-06
2336,6.405063502623104e-06,1.8862666292989162e-05,5.373075071879107e-06,6.257888597247075e-06
2337,4.386877040411087e-06,3.61948810677859e-06,5.354033945857535e-06,6.339986637431139e-06
2338,5.1990576887166955e-06,3.7266595290930126e-06,5.2868924175022084e-06,6.3096439936998656e-06
2339,5.241536122816292e-06,3.574885095076752e-06,5.290073306484071e-06,6.8138759224893875e-06
2340,5.331987003450599e-06,5.866345509275561e-06,5.337946809635874e-06,6.937119824033289e-06
2341,5.577552125638856e-06,6.566632300746278e-06,5.277735159041994e-06,7.094393073566607e-06
2342,4.595126240221563e-06,5.0122956417908425e-06,5.2857524301442835e-06,7.071689141957904e-06
2343,4.679522703049265e-06,3.500897919366253e-06,5.263257778501106e-06,6.701603904366493e-06
2344,5.4325044442925395e-06,4.010296179330908e-06,5.2919251868338e-06,6.593926201821886e-06
2345,5.953397711790684e-06,1.2130267423344776e-05,5.218923861987908e-06,6.394468568032607e-06
2346,5.333226846333774e-06,4.175339463472483e-06,5.198622248927778e-06,6.456179589258681e-06
2347,6.296307494469349e-06,3.0548248014383718e-06,5.1362430624269315e-06,6.551085652972688e-06
2348,5.440762276217962e-06,4.80351145597524e-06,5.1629962205576405e-06,7.286533197111566e-06
2349,4.915251958866267e-06,6.428731403502752e-06,5.163071671510504e-06,6.806986306401086e-06
2350,3.765213988723796e-06,2.9750298199360258e-06,5.284086824556451e-06,6.9686075436038655e-06
2351,5.20205377900614e-06,2.86024140950758e-05,5.465513223154833e-06,7.056261857906065e-06
2352,6.612074840733032e-06,6.378158432198689e-06,5.446121564940163e-06,7.148780154057021e-06
2353,3.996564881971507e-06,7.205548954516417e-06,5.3894755530564e-06,7.0591732788670915e-06
2354,5.068274666781589e-06,5.774903929705033e-06,5.337331510741529e-06,7.254758755698276e-06
2355,4.963269146477008e-06,5.385172817113926e-06,5.366742304269993e-06,7.196876722628076e-06
2356,4.826590287242046e-06,3.1412764474225696e-06,5.3721202253857166e-06,7.253959868648963e-06
2357,4.612760457247431e-06,3.0932316622056534e-06,5.323191009726239e-06,7.540646024244779e-06
2358,3.855501316946983e-06,4.578527659759857e-06,5.277233201417807e-06,7.320698669900594e-06
2359,6.444323887788212e-06,5.7558849539418585e-06,5.3014603048520965e-06,7.275202489290677e-06
2360,4.940105102125219e-06,2.3940340033732353e-05,5.2261414410774405e-06,7.409570544950839e-06
2361,6.406949776444688e-06,6.873994025227148e-06,5.2187578687355405e-06,7.360733834320855e-06
2362,7.412255866559766e-06,7.660019036848098e-06,5.204802278401784e-06,7.226987224385085e-06
2363,9.734717653676247e-06,5.918017386647989e-06,5.367559637569584e-06,7.238885030346865e-06
2364,4.756744667449514e-06,5.8878424988506595e-06,5.347208725854419e-06,6.3155604766507165e-06
2365,3.915836706356559e-06,3.6261736295273293e-06,5.265357692527081e-06,6.188903841757565e-06
2366,4.27395106776708e-06,1.1456269221525873e-05,5.310298658029449e-06,6.134572151495376e-06
2367,5.330396078433195e-06,3.5652448150358395e-06,5.296313866549302e-06,6.0384808686649195e-06
2368,4.813970730942351e-06,4.927976569888415e-06,5.282124231841105e-06,6.1244028132932726e-06
2369,4.209274052805591e-06,1.1177450069226325e-05,5.298798708261327e-06,6.124150262985495e-06
2370,4.804452504079867e-06,6.63158356474014e-06,5.334294076520665e-06,6.119882966959266e-06
2371,5.938904432191015e-06,3.037934948224574e-06,5.360317193723556e-06,6.162363177099904e-06
2372,4.413335900102942e-06,6.414026192942401e-06,5.340528184630483e-06,6.29425266306498e-06
2373,5.256172967670459e-06,3.5825936902256216e-06,5.3410612081986795e-06,5.580494843889028e-06
2374,4.5663622005223365e-06,3.0850661551085067e-06,5.282153225774287e-06,5.601319421475637e-06
2375,7.834147967918801e-06,3.272474968980532e-06,5.170529099703144e-06,5.511982914504188e-06
2376,4.693280986127017e-06,5.51930025267211e-06,4.997101441070603e-06,5.537601860305586e-06
2377,4.5657990075495845e-06,3.21174255986989e-06,4.9960007266438175e-06,5.447806652955479e-06
2378,5.120089019530699e-06,5.847256697961712e-06,5.021795960086214e-06,5.439669776205846e-06
2379,4.718654879777912e-06,3.372621858943603e-06,5.038417118390095e-06,5.226365967064339e-06
2380,4.608528278772105e-06,7.533221432822756e-06,5.108197437554433e-06,5.212900800142961e-06
2381,5.243452197747602e-06,3.134962689728127e-06,5.100649577727583e-06,5.1839872374330295e-06
2382,5.500144663730882e-06,2.9865492615499535e-06,5.129420916526012e-06,4.975511181874026e-06
2383,4.506079247019241e-06,5.64053291327582e-06,5.11661563948817e-06,5.226890952508256e-06
2384,5.949598660461359e-06,9.053122103068744e-06,5.114988898852364e-06,5.222034209509729e-06
2385,4.953430691330141e-06,6.096394554333529e-06,5.12453331166398e-06,5.082607354415814e-06
2386,4.93425021583486e-06,7.394608464892372e-06,5.171975969672833e-06,5.16317920119036e-06
2387,4.621652714781198e-06,5.42660636256187e-06,5.180333533816237e-06,5.206270108828903e-06
2388,5.3990261878627485e-06,6.558491031682934e-06,5.080321620385399e-06,5.20768594033143e-06
2389,4.729226806779884e-06,3.642962315097975e-06,5.047438920812258e-06,5.199992830785049e-06
2390,4.560717542416468e-06,3.4227517107865425e-06,5.033650238621905e-06,5.5059136318959644e-06
2391,4.6894800253640925e-06,6.123673992988188e-06,4.990590525600661e-06,5.474265136035682e-06
2392,7.074904057541668e-06,3.2286156420013867e-06,5.004049382852018e-06,5.74247438180464e-06
2393,4.625274235271112e-06,4.205137502140133e-06,5.0598409848943345e-06,5.585656903713242e-06
2394,4.928557522766318e-06,5.965548680251231e-06,5.0873326566842386e-06,5.580076530168298e-06
2395,4.484320578133823e-06,1.2916077830595895e-05,5.103510099525011e-06,5.573247591746621e-06
2396,5.898235916295865e-06,2.916516373261402e-06,5.078772194984696e-06,5.500422420846007e-06
2397,4.651946220393358e-06,2.9283548155945027e-06,5.0288211166338855e-06,5.4270330821964306e-06
2398,6.442239417891768e-06,5.596889859589283e-06,5.034324346181369e-06,5.298878685243834e-06
2399,4.775301304107415e-06,4.162338846072089e-06,5.101060748792306e-06,5.148115614611015e-06
2400,5.333850132147846e-06,3.307870756543707e-06,5.153438257285517e-06,5.089955244693555e-06
2401,3.871213496798494e-06,5.326972514012595e-06,5.12724100018305e-06,4.968704952989355e-06
2402,4.221081952790781e-06,1.0859762587642763e-05,5.0958560665094415e-06,5.1099781974699e-06
2403,4.043596193999595e-06,5.056044301454676e-06,5.205445717425997e-06,5.089125765880453e-06
2404,5.055126311061839e-06,1.0077853003167548e-05,5.193827797524541e-06,4.968862779423944e-06
2405,6.003318329830007e-06,3.6127844805378117e-06,5.061516327461708e-06,5.218034007339156e-06
2406,5.930743992495182e-06,2.9954533511045156e-06,5.050956450941159e-06,5.165672224029549e-06
2407,5.9045807347501976e-06,2.8158258010080317e-06,5.071288873093889e-06,5.050802222285711e-06
2408,3.88763163351137e-06,3.819903640760458e-06,5.0509944700631125e-06,4.663667592831189e-06
2409,4.700821701691085e-06,7.218388636829332e-06,4.9862012516314285e-06,4.808302460696723e-06
2410,5.09101143001721e-06,2.8925346305186394e-06,4.992629867916144e-06,4.8358509440731714e-06
2411,6.602660281108304e-06,3.625531699071871e-06,4.886610547307807e-06,4.7653869374698836e-06
2412,5.931090427111485e-06,3.972597114625387e-06,4.8737151025812225e-06,4.753478077873296e-06
2413,4.74409476030107e-06,3.5272337390779283e-06,4.961387557745587e-06,5.239954066746577e-06
2414,3.9446034649396706e-06,7.174793427111581e-06,5.028949600172281e-06,5.140143543394516e-06
2415,7.300458815330381e-06,2.90144092105038e-06,5.0484558678565215e-06,4.818685444479342e-06
2416,4.399032027827666e-06,3.117099331575446e-06,5.087508013457409e-06,4.792463913327083e-06
2417,3.7671173059708153e-06,9.4578963398817e-06,5.070757127901339e-06,4.49958631543268e-06
2418,4.36127732225739e-06,2.8960929193999617e-06,5.01044946900543e-06,4.475015143361816e-06
2419,5.436868076584587e-06,3.093798636655265e-06,4.935475175564837e-06,4.525588260730729e-06
2420,3.976960502364414e-06,3.2377120942328476e-06,4.941707563234054e-06,4.6809156654489934e-06
2421,4.278405455503768e-06,6.5323880698997524e-06,4.989247990548999e-06,4.65274995804066e-06
2422,4.812661627511261e-06,3.617066900005739e-06,5.015898597412161e-06,4.53870972232835e-06
2423,3.791756402683354e-06,3.835289694507083e-06,5.018298085350478e-06,4.597711516726123e-06
2424,4.452915185942806e-06,3.864617356157396e-06,4.927398472904719e-06,4.716408461717949e-06
2425,7.525661511256961e-06,1.546977047837572e-05,4.894335416570861e-06,4.834815015237838e-06
2426,5.560264557465821e-06,2.831709430211049e-06,4.86602235044605e-06,4.886465470553959e-06
2427,4.708738644896786e-06,2.823310114763444e-06,4.907206637775137e-06,4.847389236601885e-06
2428,5.019899834021797e-06,4.400506022648187e-06,4.751533191402914e-06,4.8713538248193806e-06
2429,4.6363541721600795e-06,2.7559130558074687e-06,4.752611520355761e-06,4.859050932464016e-06
2430,4.495626857432298e-06,2.9985051787662088e-06,4.791143360651201e-06,4.683457088867727e-06
2431,4.0563866564803495e-06,4.259781285327335e-06,4.817912118839255e-06,4.736795181997878e-06
2432,6.060390426480606e-06,6.699010918964632e-06,4.76133994800168e-06,4.774436992738629e-06
2433,5.076142316385004e-06,3.1157609555521048e-06,4.8053764650831e-06,4.799168584759173e-06
2434,5.3670868732701315e-06,4.367382744021598e-06,4.79686839882763e-06,4.716519778048677e-06
2435,5.15099862847516e-06,4.367579490462958e-06,4.773905785360613e-06,4.810192248623935e-06
2436,4.330169969964319e-06,6.5929553238675e-06,4.826318548677792e-06,4.793534848977286e-06
2437,5.104514018765056e-06,6.93276095262263e-06,4.805871736385193e-06,5.030830082796455e-06
2438,4.036268107180755e-06,4.818495121980959e-06,4.788465301114937e-06,4.601671924137919e-06
2439,4.974210648166869e-06,6.1978875783097464e-06,4.8539185519176605e-06,4.602605122636307e-06
2440,3.408622656024818e-06,3.500555626487767e-06,4.859734735327948e-06,4.959240114840215e-06
2441,4.425990251648828e-06,2.809527022691327e-06,4.846418712764313e-06,5.007020735502011e-06
2442,4.730413313356824e-06,5.068050249974476e-06,4.811442250340608e-06,5.0962578960025e-06
2443,5.0304962769587295e-06,4.229545247653732e-06,4.7653090042432365e-06,5.093320566811599e-06
2444,4.022563805645202e-06,4.034843905174057e-06,4.8247011209241455e-06,5.072347249551968e-06
2445,5.077873429399915e-06,3.856001894746441e-06,4.811770512990026e-06,4.917643505177695e-06
2446,4.06570379911702e-06,4.466167902137386e-06,4.794139944897324e-06,5.0637283064133964e-06
2447,4.238596290835833e-06,5.958878664387157e-06,4.748642808792485e-06,5.074135149516225e-06
2448,5.102075485612861e-06,3.4188547033409122e-06,4.734847947293019e-06,5.015281565283658e-06
2449,3.941744878627813e-06,9.796998201636597e-06,4.738593483469028e-06,4.860985017694475e-06
2450,7.090500629500538e-06,4.740816511912271e-06,4.699239530944194e-06,4.7641357827160396e-06
2451,7.196595827533909e-06,2.8550393926707327e-06,4.7302958233962675e-06,4.718382109422236e-06
2452,4.854143230153972e-06,1.1739184919861146e-05,4.738660849013992e-06,4.589942816164694e-06
2453,4.686999269930917e-06,5.595021539193113e-06,4.830734265205036e-06,4.6979145603472715e-06
2454,3.761942611567469e-06,4.9868420683196744e-06,4.804009314809972e-06,4.695934378469247e-06
2455,3.342295704998024e-06,2.9250719489937184e-06,4.80377166327849e-06,4.7924856819008715e-06
2456,5.5411895735030865e-06,3.7354483538365456e-06,4.815140254767256e-06,4.7460303145271616e-06
2457,5.7371252281276006e-06,2.8314173096077865e-06,4.879053720307841e-06,4.71033407120558e-06
2458,4.635378114067457e-06,6.767880986444652e-06,4.8356630721981574e-06,4.69717482710621e-06
2459,4.229658470649156e-06,4.627553821592301e-06,4.8408923221359145e-06,4.655590800302889e-06
2460,4.806127090988512e-06,2.8962398846488215e-06,4.8376012568648236e-06,4.648639526112675e-06
2461,4.42380837436455e-06,2.735541634137917e-06,4.801730640045005e-06,4.617625384980783e-06
2462,4.1206652056441974e-06,4.511530078161741e-06,4.820339744866133e-06,4.342044351051299e-06
2463,4.812675418482589e-06,3.6746532896358986e-06,4.803986951507491e-06,4.352877097608143e-06
2464,5.183336288610007e-06,2.986905246871174e-06,4.668129495641753e-06,4.371374147285678e-06
2465,5.7104580608009e-06,6.199849231052213e-06,4.6442709088498515e-06,4.015490925030462e-06
2466,3.7578664917721956e-06,2.760022475740698e-06,4.604799875839187e-06,3.956531330095458e-06
2467,4.724472025069796e-06,7.48183283576509e-06,4.688764091487328e-06,3.8766500064411955e-06
2468,5.314711064177876e-06,3.0681610633109814e-06,4.771612763013562e-06,3.888053209175268e-06
2469,5.620400444159815e-06,3.142437822134525e-06,4.763295835760396e-06,3.869576341003267e-06
2470,3.993107226657837e-06,3.527020792262192e-06,4.728866673010796e-06,3.925775639891071e-06
2471,4.1964350475609534e-06,3.4265672320543673e-06,4.782764064637174e-06,3.7656895846339467e-06
2472,4.1563196590585806e-06,5.785096809631796e-06,4.776461910680357e-06,3.695288523795171e-06
2473,4.205310065117374e-06,2.6435011750436386e-06,4.7539760586005285e-06,3.755813986481371e-06
2474,4.406972499156028e-06,2.9074723533994985e-06,4.76879864569734e-06,3.767191721544805e-06
2475,6.681680795534501e-06,5.0116351758333625e-06,4.763853298532518e-06,4.265967339142662e-06
2476,3.800159430890441e-06,3.317465634609107e-06,4.804203960015406e-06,4.262787356037734e-06
2477,4.257678560356403e-06,2.8421043634807574e-06,4.776474392868599e-06,4.3241270085673015e-06
2478,3.700223444664314e-06,4.121031665818009e-06,4.741472366873091e-06,4.191448723122448e-06
2479,5.861048002770985e-06,2.989808976963104e-06,4.800064015277409e-06,4.225673954624654e-06
2480,5.413512493153879e-06,3.2101520173455358e-06,4.769860006844182e-06,4.038029875391657e-06
2481,5.333266392173957e-06,3.273526649536507e-06,4.6905105642205555e-06,4.0477155252119705e-06
2482,4.876396159387594e-06,4.236399781802902e-06,4.661809882812426e-06,4.732667037114879e-06
2483,5.982812904726921e-06,2.7657296050165313e-06,4.696951003148167e-06,4.744956927606835e-06
2484,4.072104621728714e-06,2.867527300622896e-06,4.701454777700242e-06,4.7312384278484385e-06
2485,4.243980788992809e-06,4.409376451803837e-06,4.782900028385485e-06,4.6295221614855105e-06
2486,4.794373051784835e-06,3.019985010723758e-06,4.826313287058939e-06,4.650651398515037e-06
2487,3.997031526523642e-06,1.6980920518108177e-05,4.855429728569208e-06,4.6851601262460445e-06
2488,5.821441955554797e-06,3.5951537120126887e-06,4.729859786928298e-06,4.611941599432611e-06
2489,4.490097109939799e-06,4.520396560110385e-06,4.727578521558623e-06,4.598814629207481e-06
2490,4.835407410913224e-06,2.8828920949308666e-06,4.74938644239147e-06,4.596972156105038e-06
2491,5.222657701880153e-06,3.615653263295826e-06,4.767810888966374e-06,4.766314116932335e-06
2492,3.969371814239114e-06,2.790730854940193e-06,4.698228223211723e-06,5.427533147121721e-06
2493,3.3309749985872057e-06,3.310302308818791e-06,4.697715295080544e-06,5.441574755423062e-06
2494,4.902883408956566e-06,2.0266225619707255e-05,4.643539592234446e-06,5.422105706384174e-06
2495,4.871635235051346e-06,3.834268054561107e-06,4.68290313821045e-06,5.3655948682717285e-06
2496,4.309029411362847e-06,3.0836047380944366e-06,4.623956389079669e-06,5.450319116971514e-06
2497,6.192450926189647e-06,3.2421901505585993e-06,4.686703798011472e-06,5.5082100398067275e-06
2498,5.2906415319537496e-06,3.17173210078181e-06,4.724681220644318e-06,5.516155115583389e-06
2499,5.13488353691274e-06,3.7701905466747123e-06,4.766447531569105e-06,5.569083286536625e-06
2500,3.5424322545117723e-06,3.181172005497501e-06,4.779072257820695e-06,5.04793563286512e-06
2501,3.7431277966485746e-06,2.9892913789808516e-06,4.796385439648374e-06,5.0858647651693895e-06
2502,4.8028765811775685e-06,2.796042535919696e-06,4.823730134547886e-06,5.064842160754778e-06
2503,4.160834609036909e-06,8.354580686500412e-06,4.815541342142954e-06,5.2594474136640195e-06
2504,4.1214813589047275e-06,1.9520284731697756e-05,4.779127555260251e-06,5.245236506016226e-06
2505,5.40068928987441e-06,3.5611922248790504e-06,4.838321145628773e-06,5.305246587340661e-06
2506,3.9788738210215036e-06,2.786800423564273e-06,4.899686140945252e-06,5.363667206984245e-06
2507,5.860484808787684e-06,2.8236288289917866e-06,4.894648478855541e-06,4.666629703024227e-06
2508,4.5091441764573875e-06,4.883835822511174e-06,4.877804854873426e-06,4.627228596655185e-06
2509,5.6407898450237954e-06,4.314800371503224e-06,4.915925348460506e-06,4.615614786780496e-06
2510,5.193416354813962e-06,4.608003346220357e-06,4.855774383233641e-06,4.769250161734816e-06
2511,5.838530824904511e-06,4.343189284554683e-06,4.8015324069233935e-06,4.763481490590493e-06
2512,4.312649682813369e-06,3.952229176320543e-06,4.758403847113692e-06,4.755392957486038e-06
2513,6.254271501246775e-06,4.543382019619458e-06,4.7709315324836e-06,4.735201856783533e-06
2514,5.173714482427587e-06,3.994831449745106e-06,4.804226424190952e-06,4.758609228156274e-06
2515,4.630687600789921e-06,7.748023417661898e-06,4.766313086778002e-06,4.788186268160643e-06
2516,4.312313029812584e-06,3.260380572100985e-06,4.761718843959291e-06,4.689069783671584e-06
2517,5.449211573452178e-06,4.290982888051076e-06,4.801902798357736e-06,5.000447642123618e-06
2518,4.8650998814991905e-06,4.7708177999084e-06,4.815840636143143e-06,5.022459656356659e-06
2519,4.776941856713771e-06,2.840288020706794e-06,4.884406306478518e-06,5.098497809922265e-06
2520,4.45054463549847e-06,2.849240395335073e-06,4.8273729329189835e-06,5.121027850873361e-06
2521,5.2620417510398615e-06,2.793259491227218e-06,4.8418846819509385e-06,5.252137709612725e-06
2522,4.688676795518e-06,7.083074524416588e-06,4.766366196013729e-06,5.297090143722018e-06
2523,3.93459212419758e-06,3.0275153221737126e-06,4.722064408856062e-06,5.320724118064391e-06
2524,4.05666954167019e-06,3.567977219063323e-06,4.669399577950469e-06,5.464700658194487e-06
2525,3.855624388759477e-06,2.6763944879348854e-06,4.66639742775846e-06,5.808298888041464e-06
2526,4.57550008933241e-06,3.5744756632993814e-06,4.6466738923805275e-06,5.7657493454826185e-06
2527,3.855043145853819e-06,3.5354685360289296e-06,4.596050352685983e-06,5.938959928425902e-06
2528,4.045978538569114e-06,5.876668574273935e-06,4.613891677015798e-06,5.784492091697758e-06
2529,5.12608021886586e-06,2.730473119299859e-05,4.662702616810243e-06,5.890740950417241e-06
2530,5.749135234509595e-06,4.11149258070509e-06,4.600929968546553e-06,5.965875167385094e-06
2531,5.693015579405862e-06,4.6877542627044025e-06,4.573055056466224e-06,6.044432917587984e-06
2532,4.434650469799332e-06,3.3868798527691977e-06,4.581082248397353e-06,6.9105736998608344e-06
2533,4.871937902256225e-06,8.161582290995285e-06,4.6835489915287735e-06,6.939059670730788e-06
2534,3.7528276965935625e-06,5.438611224235501e-06,4.6307778990012606e-06,6.934266814459989e-06
2535,4.085871675872315e-06,5.198852704779711e-06,4.626772377256809e-06,6.755495419383805e-06
2536,4.521910052264704e-06,7.942602787807117e-06,4.6451162623270645e-06,6.834389186587941e-06
2537,4.237595928013131e-06,1.2542184922494926e-05,4.707837582181027e-06,7.051832244360411e-06
2538,5.761183116798445e-06,3.479643455648329e-06,4.746396076330307e-06,7.088424175890396e-06
2539,3.908125990063935e-06,8.325096023327206e-06,4.742163817738603e-06,7.114502484546393e-06
2540,5.076720709035322e-06,3.886327499458276e-06,4.7517000534450445e-06,7.14453378750477e-06
2541,5.532586524673711e-06,5.916602040088037e-06,4.759875955763468e-06,7.035371628444409e-06
2542,3.90489536685992e-06,6.169338312247419e-06,4.742645014468709e-06,6.212330437119818e-06
2543,4.168227079490963e-06,6.73476155498065e-06,4.677722771642342e-06,6.1699985151790314e-06
2544,4.9776216549920115e-06,2.4493807577528058e-05,4.603797288069068e-06,6.11357759389648e-06
2545,7.01221321378398e-06,3.5613896670838586e-06,4.569474027872881e-06,6.089329158385228e-06
2546,3.94276443785202e-06,2.6734380844573023e-06,4.532090182631994e-06,5.8735895083373195e-06
2547,4.588538751906728e-06,2.6137896475120214e-06,4.571312240861718e-06,5.758885517025193e-06
2548,4.393189250953987e-06,4.999859502277104e-06,4.614847730610765e-06,5.930793514744438e-06
2549,5.6247025380192406e-06,9.004053663375088e-06,4.577347840454927e-06,5.818388908119233e-06
2550,4.8195867424914874e-06,3.5911927761844707e-06,4.590744227304338e-06,5.551371435103648e-06
2551,4.469693624539812e-06,4.226433379699301e-06,4.49423268730445e-06,5.5416213388525655e-06
2552,4.093449038514842e-06,4.28625110998837e-06,4.4769946342664e-06,5.313047380332138e-06
2553,4.250376096529686e-06,3.147614597764914e-06,4.497521026476331e-06,5.271135059410882e-06
2554,4.695306686496931e-06,6.7287014098837975e-06,4.471310576971316e-06,5.2207215696398636e-06
2555,4.126079163850389e-06,3.053194532185444e-06,4.470337485286614e-06,5.076186477890587e-06
2556,3.844878490074026e-06,3.2772312306406095e-06,4.544825027814012e-06,4.915927091860794e-06
2557,3.576568964894654e-06,2.7806689649878534e-06,4.519741218913016e-06,4.0378387679083965e-06
2558,3.937341771234059e-06,2.7680910397975823e-06,4.456061262579977e-06,4.002919508275227e-06
2559,4.733379152336663e-06,2.571011441432347e-06,4.499821731426184e-06,4.274601187717054e-06
2560,5.174258919598489e-06,9.496552647760837e-06,4.487220899924675e-06,4.534970135136973e-06
2561,3.5844127983687537e-06,5.132487622176996e-06,4.468161439116456e-06,4.462360742400051e-06
2562,4.572505599248366e-06,5.866748097105301e-06,4.385252742112144e-06,4.2270542566257064e-06
2563,3.348394616801266e-06,3.2358910493712756e-06,4.425206375425559e-06,4.2154619097345854e-06
2564,3.477174664112681e-06,2.6107470603164984e-06,4.420221311132385e-06,4.404258592330733e-06
2565,5.5898805142836255e-06,2.8385194764268817e-06,4.449871034780193e-06,4.3437055863250855e-06
2566,4.87732528704833e-06,4.656264795812604e-06,4.423444179186238e-06,4.331543606531341e-06
2567,3.880568074742365e-06,2.555961018515518e-06,4.433962272428793e-06,4.226443362313148e-06
2568,6.030415642675912e-06,2.728276904235827e-06,4.443076798037913e-06,4.258393709278607e-06
2569,4.350526432467126e-06,2.5415994787181263e-06,4.474891184377662e-06,4.512863798663603e-06
2570,5.420214305458002e-06,2.6884081762545973e-06,4.5312584940802485e-06,4.573381113914366e-06
2571,5.03677615900718e-06,9.465480070502963e-06,4.526350671858381e-06,4.601637560517702e-06
2572,4.2735179643689965e-06,9.123013333010022e-06,4.490446480273628e-06,4.602903983141005e-06
2573,3.916702730748512e-06,3.184624683854054e-06,4.49340605625063e-06,4.421148846267897e-06
2574,3.5519851129114005e-06,3.12139151901647e-06,4.499591833225875e-06,4.467654339350701e-06
2575,5.8184275753268995e-06,3.3013841039064573e-06,4.518014730708981e-06,4.69426553845551e-06
2576,4.345067017210467e-06,8.946350444603013e-06,4.564805329806e-06,5.19993994203105e-06
2577,4.834692129710068e-06,2.772425959847169e-06,4.625872994691033e-06,5.97536154964473e-06
2578,3.5897047066808023e-06,2.843565102921275e-06,4.6519239052839925e-06,5.996444547054124e-06
2579,4.958259017560825e-06,4.101195304428984e-06,4.633909783994265e-06,5.996776800930093e-06
2580,4.3539423040783735e-06,3.851953206321923e-06,4.629903040919695e-06,7.088424610446964e-06
2581,4.640238148567732e-06,9.638983465265483e-06,4.637778798850275e-06,7.331746031741204e-06
2582,4.985751707459309e-06,4.293601846256934e-06,4.657766989203081e-06,7.4020219080921384e-06
2583,3.8146462156873896e-06,3.4745022048809917e-06,4.592935512189594e-06,7.417462667945073e-06
2584,3.835774362717833e-06,2.6026720070149165e-06,4.5368891549616e-06,7.434887618728679e-06
2585,5.2482483190235344e-06,4.952674225933152e-06,4.547790579969538e-06,7.327668692960286e-06
2586,3.739057222749883e-06,6.295124949247111e-06,4.533210723992751e-06,7.4067597206521895e-06
2587,5.03307803632601e-06,1.1532028074725532e-05,4.530861518964633e-06,7.544933766803296e-06
2588,4.518159594226745e-06,1.5877751138759777e-05,4.5133790000161545e-06,7.536214128231222e-06
2589,5.003866286238513e-06,2.19962872506585e-05,4.518191698662122e-06,7.282655366179824e-06
2590,6.2411532791075945e-06,3.365594411661732e-06,4.462949846230105e-06,7.279747439315544e-06
2591,4.42697225480515e-06,4.664571142711793e-06,4.492741012907371e-06,7.370324600560707e-06
2592,3.7803994978781297e-06,2.98471562564373e-05,4.426853942550225e-06,7.4158230849207025e-06
2593,6.227309590940422e-06,8.811312436591834e-06,4.4430781926570896e-06,7.534699280404312e-06
2594,4.850231191287296e-06,4.298496387491468e-06,4.449319160337635e-06,7.29087288655137e-06
2595,3.7994273801208087e-06,3.074427172577998e-06,4.443286172166456e-06,7.4564226062648235e-06
2596,3.6356172283073343e-06,9.901103840093129e-06,4.478343699611286e-06,7.625602565349255e-06
2597,4.546053589567439e-06,6.442540188800194e-06,4.528024939979027e-06,7.671396089972405e-06
2598,3.552206331328812e-06,5.161900376151607e-06,4.480628441958994e-06,7.57449269949575e-06
2599,3.4932549872084768e-06,6.5757426727941495e-06,4.525317540366006e-06,7.423153184026887e-06
2600,5.38136460161493e-06,3.0833931396045954e-06,4.486674929921719e-06,7.139055190600629e-06
2601,4.465384483359634e-06,2.6073813933180646e-06,4.43942667596073e-06,6.946896234694576e-06
2602,3.4536458189096366e-06,2.699727788240125e-06,4.4091612454798865e-06,6.175970386539119e-06
2603,4.334483873612448e-06,5.107994134050387e-06,4.292092458278301e-06,6.243408028785779e-06
2604,3.311082258632167e-06,5.238657413428882e-06,4.2566977663732866e-06,6.311336138787738e-06
2605,4.7595485567500065e-06,6.823858093412128e-06,4.267211265293251e-06,5.397670223283057e-06
2606,4.796262340581355e-06,3.5433236189419404e-06,4.184529206061901e-06,5.360822023612856e-06
2607,4.8349270031798775e-06,8.432344839093275e-06,4.178504883242972e-06,5.410659279550601e-06
2608,4.691084401808136e-06,7.704001181991772e-06,4.179311289024352e-06,5.492294881332781e-06
2609,5.077805371911381e-06,3.747510122593667e-06,4.251498340191675e-06,5.196353965584421e-06
2610,4.0633358685227e-06,2.5300894640167827e-06,4.2103087161093655e-06,5.054623373871437e-06
2611,4.856284682925131e-06,2.511637062525551e-06,4.219200144143543e-06,4.950032943634141e-06
2612,4.067012775218852e-06,4.429578239069088e-06,4.294831378946482e-06,4.813783689496631e-06
2613,3.3369532452019887e-06,1.1073777241108473e-05,4.263063463460842e-06,4.838593291242432e-06
2614,4.247230524217432e-06,2.723141046772071e-06,4.318639271342463e-06,4.859565809329069e-06
2615,3.314433599067949e-06,5.051535467828217e-06,4.336081130218695e-06,4.935393969117284e-06
2616,3.5421049571798196e-06,6.362773892760742e-06,4.381344172533217e-06,4.834435602060693e-06
2617,4.043236970877236e-06,7.005508368820301e-06,4.433728451001823e-06,5.007132587161322e-06
2618,4.160258110156671e-06,7.890107444836759e-06,4.415442524896207e-06,5.027242861069679e-06
2619,4.699623120814067e-06,5.5444277859351135e-06,4.416469230181974e-06,5.166615393136453e-06
2620,3.819587524655314e-06,5.115317217132542e-06,4.428530555792855e-06,4.925963761525055e-06
2621,5.440293507490423e-06,2.5025809463841143e-06,4.410205895924769e-06,4.7742998311150585e-06
2622,3.516312987509688e-06,2.8992753959755644e-06,4.342676123299801e-06,4.887065391631041e-06
2623,3.7744920321832373e-06,2.547139620219241e-06,4.359105975052242e-06,4.899606040999062e-06
2624,5.384035857281964e-06,3.1695113193563882e-06,4.304134832202383e-06,4.983756639740024e-06
2625,4.587166714473925e-06,3.7036331832496217e-06,4.34922990129457e-06,5.408558964154511e-06
2626,5.8547796804001945e-06,3.131694345483993e-06,4.370220667614275e-06,5.159277851817024e-06
2627,3.889692290815422e-06,4.595431782945525e-06,4.365985674535801e-06,5.152426041240689e-06
2628,5.466059931475482e-06,2.5840349576355947e-06,4.385723816277379e-06,5.070498538589164e-06
2629,4.620689220347332e-06,9.556082040944603e-06,4.426820252158198e-06,5.030145667296892e-06
2630,4.3024004041096e-06,7.326614941121079e-06,4.469367550650026e-06,4.855487822351279e-06
2631,4.821929972725532e-06,7.0276369206112575e-06,4.468357370903201e-06,5.1285992820339745e-06
2632,5.136460143451889e-06,2.4160540488082916e-06,4.454669650880936e-06,5.006723257247358e-06
2633,4.2329679051060035e-06,3.9124029217418864e-06,4.437628828701336e-06,4.971456546627451e-06
2634,3.3895610562871703e-06,6.566649135493208e-06,4.386808087474491e-06,5.041884829188348e-06
2635,4.474082162333717e-06,2.8436056982172884e-06,4.416709544703836e-06,5.184308860407327e-06
2636,3.4820061116786543e-06,4.615402031049598e-06,4.393012894625928e-06,5.189351916669693e-06
2637,5.194389502523538e-06,1.504963634943124e-05,4.359623051631287e-06,5.192424780398141e-06
2638,3.861722403194613e-06,4.841749432671349e-06,4.437973861432612e-06,5.14231090528483e-06
2639,4.141355697255575e-06,2.5518457823636708e-06,4.390890107131579e-06,5.4251086557087545e-06
2640,3.8078871426073927e-06,3.00334790154011e-06,4.398670201872948e-06,5.527099232949695e-06
2641,4.56951585420029e-06,5.353952110453974e-06,4.335477132452878e-06,5.589650759065989e-06
2642,5.106919433172961e-06,2.6390622451799572e-06,4.337145720435526e-06,5.312445960225886e-06
2643,4.1350036164860485e-06,1.4717893936904147e-05,4.33220874917121e-06,5.152905564318644e-06
2644,4.357430120257454e-06,2.4975271662697197e-06,4.3054408694741955e-06,4.970955617500295e-06
2645,3.3935669701653144e-06,4.2336494516348465e-06,4.267661070076025e-06,4.989890487559023e-06
2646,4.169774976819301e-06,4.263288010406541e-06,4.229324005569248e-06,5.027996831813653e-06
2647,4.263849418243303e-06,6.459876176450052e-06,4.278576381511812e-06,4.886750135301555e-06
2648,3.1820757802355122e-06,2.673216026778391e-06,4.277132623509614e-06,4.979799656757678e-06
2649,4.549289782415953e-06,3.2463329125675956e-06,4.300239178155607e-06,5.021196463530942e-06
2650,6.545936959507041e-06,2.450786305416841e-06,4.294391971294924e-06,4.649005284045415e-06
2651,4.677685822874385e-06,1.0201638106082101e-05,4.2911129820721614e-06,4.577417317887012e-06
2652,4.084194659349628e-06,7.14519621396903e-06,4.340849828784282e-06,4.582952888449654e-06
2653,3.886233195973748e-06,4.147823110542959e-06,4.362592002548303e-06,4.57579790854652e-06
2654,4.662403919913534e-06,2.625962069942034e-06,4.390614756024055e-06,4.76473574708507e-06
2655,4.1789761225017075e-06,3.3381050434400095e-06,4.3521827373802415e-06,4.756449152409914e-06
2656,4.152732980300142e-06,2.4788882501525223e-06,4.317973768290055e-06,4.2866106452493124e-06
2657,4.191965158497623e-06,2.889425800276513e-06,4.271065405838373e-06,4.298820772237377e-06
2658,3.274541292436576e-06,4.865061528107617e-06,4.288526559200061e-06,4.615332850517005e-06
2659,4.620870454851279e-06,3.0354817226907473e-06,4.276260197851419e-06,4.775680674356408e-06
2660,4.437988212278773e-06,5.169843734620372e-06,4.272356332229619e-06,4.624927610166197e-06
2661,4.059669977828486e-06,5.650322200381197e-06,4.299274094359539e-06,4.656650529886975e-06
2662,5.048209331006445e-06,5.744856862293091e-06,4.262074262715033e-06,4.74883970373412e-06
2663,3.779747672625591e-06,3.052050278711249e-06,4.146023259606106e-06,5.0637648672818615e-06
2664,5.384776865058585e-06,2.690235046429734e-06,4.167301045921098e-06,4.805871678127005e-06
2665,4.351441486707901e-06,2.824473403961747e-06,4.22193688640012e-06,4.673950531559967e-06
2666,5.2700846910940725e-06,1.007739807391772e-05,4.2026920919347e-06,4.68402643191439e-06
2667,4.146118967077604e-06,2.431897378301073e-06,4.166010170006807e-06,4.673206648567429e-06
2668,3.2797793892314077e-06,2.9719312578890823e-06,4.181740893000096e-06,5.015780188023199e-06
2669,3.184721058965402e-06,2.802780340971367e-06,4.2638606071705e-06,5.111600805048509e-06
2670,3.830095804207506e-06,1.214645140862558e-05,4.29506109289327e-06,5.137231663411511e-06
2671,3.8631159431032654e-06,8.271983606391586e-06,4.3405824198594516e-06,5.087806002939033e-06
2672,4.166252777698294e-06,2.691049571694748e-06,4.322872885677497e-06,5.17752347577698e-06
2673,3.855019833483513e-06,3.4662890197978413e-06,4.3265519924211225e-06,5.084342799000297e-06
2674,3.6192939913032913e-06,5.551062258746242e-06,4.353616453085528e-06,5.076386971904868e-06
2675,3.64466188178388e-06,1.0323915394110372e-05,4.290085157946225e-06,5.049468123888801e-06
2676,5.209630480749183e-06,3.754308377210691e-06,4.298389453146633e-06,5.1305938525729295e-06
2677,5.450090671325193e-06,3.847167549793085e-06,4.293693323719103e-06,5.3220576840431035e-06
2678,3.405113334338239e-06,4.399720619403525e-06,4.318249468006899e-06,5.35298024524309e-06
2679,3.7453558717162298e-06,2.355467486268026e-06,4.2644314696291175e-06,5.203707483906329e-06
2680,4.57224419733393e-06,1.1902443529834273e-05,4.233127794314997e-06,5.2039710296412525e-06
2681,6.205725834560225e-06,4.874403675785288e-06,4.2317185475743215e-06,5.361483026263159e-06
2682,4.971977301566868e-06,3.530197259351553e-06,4.242644033365649e-06,5.414499345442892e-06
2683,4.4125744665911445e-06,3.6294200162956256e-06,4.275386208812253e-06,5.1183144220885876e-06
2684,4.178132100302416e-06,5.2784185436394186e-06,4.301656767610337e-06,4.96377541721813e-06
2685,4.52996588086939e-06,2.8403268152032978e-06,4.288872984862894e-06,4.999689460873925e-06
2686,4.736281494438622e-06,5.451426522995461e-06,4.288683072627464e-06,5.1142622362021945e-06
2687,3.459926952523852e-06,5.0718856618914286e-06,4.307251019923166e-06,5.137925100098074e-06
2688,3.987355052635798e-06,5.080193495814456e-06,4.299566997037295e-06,4.877590109754237e-06
2689,5.2673736293703166e-06,7.4768308331840675e-06,4.2585996720744235e-06,4.830230357947585e-06
2690,4.965345093902822e-06,3.5975374339614066e-06,4.1887011006110695e-06,4.791062765798415e-06
2691,3.92463473164955e-06,6.345579040498706e-06,4.203518763946098e-06,4.744734040650656e-06
2692,3.363527084224592e-06,2.43848602167418e-06,4.242407329446804e-06,4.877819052853738e-06
2693,3.2445482207145282e-06,6.909731173436739e-06,4.213089449654541e-06,4.5569699779662185e-06
2694,3.457858203748603e-06,4.128188320464687e-06,4.118363358308368e-06,4.460719082453579e-06
2695,4.6486501903725895e-06,4.741828324767994e-06,4.06476031572917e-06,4.660288301602123e-06
2696,4.5198799130553705e-06,4.408508484630147e-06,4.029715283730992e-06,4.749295789952157e-06
2697,3.846658209012175e-06,3.588900663089589e-06,3.992146342150388e-06,4.641775147047155e-06
2698,3.850272027597789e-06,6.330608403004589e-06,3.981435804356201e-06,4.680925726006534e-06
2699,4.083492673695825e-06,6.14263385614322e-06,3.947163681085739e-06,4.657014696658734e-06
2700,3.4525613096371267e-06,3.8155406355144805e-06,3.964926609700746e-06,4.579297644067991e-06
2701,4.1854473566773875e-06,2.570314582044375e-06,3.983608829508336e-06,4.5121444446522215e-06
2702,3.702626384741355e-06,2.8679777460638433e-06,3.95945122262573e-06,4.4867184612485285e-06
2703,3.7755549177139375e-06,3.241502490709536e-06,3.926164134099964e-06,4.647538461995282e-06
2704,4.717570009233896e-06,5.6825927913450865e-06,3.936337698319726e-06,4.48323536411408e-06
2705,3.839297202527329e-06,3.881216657646291e-06,3.962628372250442e-06,4.652048202751757e-06
2706,3.837573550905896e-06,2.4681312879692994e-06,4.133627800850567e-06,4.780770823981583e-06
2707,3.6319012370869234e-06,8.519427738065132e-06,4.15607922241179e-06,4.747383259109483e-06
2708,3.536448666636716e-06,5.854607225046493e-06,4.145106920411005e-06,4.766074420786026e-06
2709,3.238908560787321e-06,2.590402471014386e-06,4.146194451792933e-06,4.823366774235183e-06
2710,4.26220243601468e-06,3.819091289187782e-06,4.155334792277346e-06,4.992057681465667e-06
2711,3.879478412677094e-06,4.853650789300446e-06,4.1443263542835984e-06,4.846174976864859e-06
2712,3.9040001678990345e-06,3.1289593471228728e-06,4.115896572905816e-06,4.7112011267927305e-06
2713,4.454410547825521e-06,3.4013635104201967e-06,4.137827577778808e-06,4.650133010454739e-06
2714,4.66343345730517e-06,6.841181248091743e-06,4.126299057608977e-06,4.642308461461655e-06
2715,4.133167880758669e-06,7.618037452630233e-06,4.096068298480936e-06,4.706561543116551e-06
2716,4.178973837143631e-06,2.2380015934686525e-06,4.075125973789302e-06,4.847515599158215e-06
2717,4.020793932492476e-06,6.658806987616117e-06,4.105944634152871e-06,4.8449855264152575e-06
2718,7.519533935717643e-06,1.0127796704182402e-05,4.190797954035791e-06,4.7979336616663204e-06
2719,4.019143742779205e-06,3.2934991986621754e-06,4.222859198701675e-06,4.969548691860838e-06
2720,4.374342640352956e-06,5.209107366681565e-06,4.237965790293351e-06,4.734618628845057e-06
2721,4.547068197603545e-06,5.840817320859059e-06,4.30319827267643e-06,4.609767989586544e-06
2722,4.075166721122514e-06,7.806173343851696e-06,4.346060520472545e-06,5.620734719923349e-06
2723,3.5750610777540715e-06,2.683540787984384e-06,4.334090805635546e-06,5.572870247124229e-06
2724,3.3727481392512953e-06,2.768287604340003e-06,4.327274611275951e-06,5.471757797204192e-06
2725,4.000836431461923e-06,2.288837727064674e-06,4.331227638744571e-06,5.589847152987204e-06
2726,3.897234352431648e-06,2.374700857217249e-06,4.337997957322337e-06,5.688919377462297e-06
2727,2.9468574065403015e-06,4.474304787436267e-06,4.276001423881503e-06,5.560412925660784e-06
2728,3.2519968004231084e-06,6.7653538917511465e-06,4.2737858591560016e-06,5.351429854454182e-06
2729,5.488036518323093e-06,5.61934097277117e-06,4.2920940684275086e-06,5.470263450115454e-06
2730,5.960630199600321e-06,2.7049200389228646e-06,4.300760223759426e-06,5.364822754563647e-06
2731,4.639104667553005e-06,6.758507042832207e-06,4.179784889644604e-06,5.072439815558028e-06
2732,4.009566026878828e-06,2.6461761626705993e-06,4.193773901968396e-06,5.03943205021642e-06
2733,5.167260726213701e-06,2.733341243583709e-06,4.193631476502762e-06,4.930454273380747e-06
2734,4.310464755690191e-06,2.786457072943449e-05,4.183226949054288e-06,4.807463407814795e-06
2735,3.962959565089679e-06,2.622479469209793e-06,4.17593772932984e-06,4.869875104668609e-06
2736,3.7090735536872265e-06,2.3258395412995015e-06,4.2189811412350125e-06,4.88980182362866e-06
2737,4.002825854614558e-06,6.0811932416982015e-06,4.267954381531226e-06,4.876837309166149e-06
2738,4.623668512269635e-06,5.8781691222975495e-06,4.24692436248127e-06,4.995535056877998e-06
2739,3.1135201212843337e-06,3.62851995305391e-06,4.220246021062242e-06,4.997728471607843e-06
2740,4.077778762621165e-06,2.393460672465153e-06,4.219325313281135e-06,5.146850929850189e-06
2741,4.636679068931294e-06,5.2088414850004485e-06,4.270627774561338e-06,4.997799930697511e-06
2742,4.2374478157903976e-06,4.022789598820964e-06,4.273972581470137e-06,4.884991662311223e-06
2743,4.495150582847095e-06,2.818223229041905e-06,4.189791272791707e-06,4.875894523593161e-06
2744,4.368869050874006e-06,2.4683050651219674e-06,4.169727953346106e-06,5.067104287900292e-06
2745,4.370782003712116e-06,2.4846629457897505e-06,4.173967894439557e-06,5.180559491873282e-06
2746,4.286955011391708e-06,2.7660456817102387e-06,4.1174069385609375e-06,5.244167532237043e-06
2747,3.892936228011321e-06,9.366465765197062e-06,4.084413205247175e-06,4.226558845130058e-06
2748,4.651146375383379e-06,3.1817087619856464e-06,4.142892592032392e-06,4.222729513912782e-06
2749,4.597079146656648e-06,2.4441747427772496e-06,4.124146292158709e-06,4.219848755656131e-06
2750,3.4750859552130148e-06,5.256281419860898e-06,4.13215223227073e-06,4.217714374954085e-06
2751,3.2302758169559336e-06,2.42953622546338e-06,4.093005921307243e-06,4.141546009032026e-06
2752,2.9238397120126237e-06,8.202366243494908e-06,4.185606765056743e-06,4.103889460657228e-06
2753,4.534558332428181e-06,3.039078912934201e-06,4.211235830583367e-06,4.103434410444606e-06
2754,5.571656691043043e-06,2.799134263113956e-06,4.143600953900912e-06,3.981103896967397e-06
2755,3.856097482639597e-06,2.477491570971324e-06,4.137363061484697e-06,4.4045458021173546e-06
2756,4.1375216814129895e-06,1.1538751150510507e-05,4.130379795980035e-06,4.413368252153304e-06
2757,4.115564554215073e-06,5.482556261995342e-06,4.075484884045485e-06,4.425235409235028e-06
2758,3.753236829248231e-06,4.323542252677726e-06,4.060057255477052e-06,4.597574833769613e-06
2759,3.485621422846129e-06,2.42435355175985e-06,4.062362081650564e-06,4.636934706741157e-06
2760,5.424944234720089e-06,2.5267461887779063e-06,4.0768367433479904e-06,4.572392756472254e-06
2761,3.240416056845182e-06,2.253820584883215e-06,4.092400708203866e-06,4.83022434209488e-06
2762,4.202974357415062e-06,6.027833724147058e-06,4.06767128215506e-06,4.899814878717734e-06
2763,3.6450107381824636e-06,3.9739599742461e-06,4.104238880528202e-06,4.846995647403673e-06
2764,5.428541215021849e-06,2.6871062436839566e-06,4.128343507242486e-06,5.045832345876988e-06
2765,4.718505400786752e-06,2.3820844171495993e-06,4.178073148614203e-06,4.923641812001734e-06
2766,2.9458071518699096e-06,2.1505786480702227e-06,4.1570729649821366e-06,4.918126489792485e-06
2767,4.081500505385015e-06,1.4608837227569893e-05,4.114211926773552e-06,4.978247858889517e-06
2768,4.320568945230561e-06,3.0387844799406595e-06,4.124000436826867e-06,5.003221475999454e-06
2769,2.9964962525102437e-06,2.764983992165071e-06,4.151580366831493e-06,4.8935046183032686e-06
2770,3.98509128950132e-06,6.793148559154361e-06,4.164523856949624e-06,4.862712751855725e-06
2771,4.3445756657294826e-06,3.7500425059988628e-06,4.181381522074742e-06,4.824152163200779e-06
2772,4.254802770446986e-06,7.75291700847447e-06,4.163909248826611e-06,4.831537725749513e-06
2773,5.040245496780295e-06,9.627498402551282e-06,4.134657724090276e-06,4.883332685949427e-06
2774,3.978843495436498e-06,4.18393815834861e-06,4.18521279168797e-06,4.8847099717932e-06
2775,4.389275914541536e-06,3.935800637009379e-06,4.13298295588902e-06,4.748774709332792e-06
2776,3.83289148481304e-06,7.400453687296249e-06,4.1285945005357565e-06,4.773813582323782e-06
2777,4.16708074630555e-06,5.147602896613535e-06,4.057524663908731e-06,4.777995483345875e-06
2778,4.0095537416265066e-06,2.9011958577029873e-06,4.040997085111384e-06,5.037125152375665e-06
2779,4.500130735828457e-06,4.302168490539771e-06,4.096449466831271e-06,5.101395610108739e-06
2780,4.100810233972475e-06,3.1018319987197175e-06,4.101688810836398e-06,4.623177560642944e-06
2781,4.827019931528614e-06,8.795829708105884e-06,4.052866090417714e-06,4.612385409836862e-06
2782,4.4391518071683495e-06,4.712759600806749e-06,4.079748715563862e-06,4.884256573768653e-06
2783,4.174678457376205e-06,3.3595275363040854e-06,4.105154874509431e-06,4.894334746040841e-06
2784,3.0488145916428442e-06,2.6089926154782004e-06,4.071545662807492e-06,4.9146503693009444e-06
2785,4.69365611631171e-06,3.821620193775743e-06,4.079495651593688e-06,4.6915043619264905e-06
2786,4.5042927467875415e-06,2.2882527309775468e-06,4.002297620041241e-06,4.453199380168372e-06
2787,2.8972284624412877e-06,2.6294521626368806e-06,3.978478496103182e-06,4.434098714682478e-06
2788,3.53529935435088e-06,4.599931799020851e-06,3.9499401621873805e-06,4.364382263793233e-06
2789,3.651795299346203e-06,2.7916537692362906e-06,3.927346919843128e-06,4.353099487252622e-06
2790,4.305315930853087e-06,8.860326142894336e-06,3.933211468867941e-06,4.474120754366596e-06
2791,4.332116694867081e-06,3.7573400913970546e-06,3.993140687614667e-06,4.510711050443205e-06
2792,4.212484105513189e-06,2.653385990925017e-06,4.018572924683717e-06,4.679586894690146e-06
2793,3.100000934763456e-06,2.768980709788593e-06,4.045289902973713e-06,4.783082348785683e-06
2794,3.6685618811639466e-06,9.561763090459862e-06,4.006410791781593e-06,4.518346012355324e-06
2795,4.620245263140532e-06,7.045102865959052e-06,4.03213942929344e-06,4.413974416547717e-06
2796,3.5043453731810184e-06,4.2579330875014424e-06,4.106744982800592e-06,4.401211195818178e-06
2797,4.453552490101881e-06,2.1742668241131467e-06,4.118125481434415e-06,4.624051219980175e-06
2798,3.110294707969135e-06,3.6698738585982937e-06,4.08023106003586e-06,4.557969042798505e-06
2799,3.3833653969850277e-06,3.706421521201264e-06,4.061707072216651e-06,4.584354921644263e-06
2800,3.675817566646502e-06,2.192889364778239e-06,4.118247058532789e-06,4.616772462577501e-06
2801,3.268060426206729e-06,7.118384273780976e-06,4.105264320807893e-06,4.541120709200186e-06
2802,4.313694471925879e-06,8.173134574462892e-06,4.097132669832918e-06,4.532427047251986e-06
2803,5.50778421029463e-06,3.815953259618255e-06,4.0979287420365525e-06,4.263813753550494e-06
2804,5.135936662554741e-06,8.524064596713288e-06,4.050232827022328e-06,4.212092909347121e-06
2805,4.76873469122236e-06,5.689218351108139e-06,4.062670593147131e-06,4.2020797826808134e-06
2806,3.8550421517255825e-06,2.177421297346882e-06,4.118767746765824e-06,4.199055886783754e-06
2807,5.08236774496456e-06,2.1034697056165896e-06,4.1490942927642506e-06,3.9079011652575e-06
2808,6.039817295054996e-06,3.0404470180656063e-06,4.112901877397235e-06,3.8732324368538685e-06
2809,3.3333270574884307e-06,8.179993219528115e-06,4.208353466886668e-06,3.7922080000498687e-06
2810,3.74629558134782e-06,2.169565764233994e-06,4.2006911493343885e-06,3.793169996242796e-06
2811,4.041193051307346e-06,2.9478997021215037e-06,4.212357587180629e-06,3.814056763985719e-06
2812,4.31072812034472e-06,3.439890685967839e-06,4.203970457304725e-06,3.7578918883809826e-06
2813,3.210730911228489e-06,2.7086379645879788e-06,4.191108222211268e-06,3.864220352079429e-06
2814,3.448504024971852e-06,2.574312220531283e-06,4.208465433000836e-06,3.690488061147335e-06
2815,4.325217735943928e-06,2.1449938003570423e-06,4.1543124578816384e-06,3.574116511845205e-06
2816,3.1397188195114723e-06,2.464318986312719e-06,4.0610996263138885e-06,3.6027259224283632e-06
2817,4.523428258633228e-06,2.4030578242673073e-06,3.997068424380106e-06,3.399052661734459e-06
2818,4.502429775230768e-06,2.69338331236213e-06,3.94994242839554e-06,3.2632112164719735e-06
2819,4.426725531124652e-06,2.2828950523035017e-06,3.94472372779799e-06,3.3123166345831127e-06
2820,3.7154348789651218e-06,6.178384655868285e-06,3.8681304860902955e-06,3.5429033125183195e-06
2821,5.890635110416851e-06,2.232322167401435e-06,3.8203293914294695e-06,3.5864468896761545e-06
2822,4.261994551294871e-06,2.198316728936334e-06,3.828190889008611e-06,3.3516524641527213e-06
2823,3.40195565412513e-06,4.192043052171357e-06,3.832317597177987e-06,3.6566598468198215e-06
2824,3.1736871500874663e-06,2.30229963108286e-06,3.84435287936766e-06,3.639564321201761e-06
2825,3.3542616893100785e-06,4.851100957239396e-06,3.865159010188614e-06,3.69420058459582e-06
2826,3.701990695945925e-06,2.775077000478632e-06,3.884633040065132e-06,3.7726964552348363e-06
2827,2.9598700939459377e-06,5.263845841909642e-06,3.933228006578955e-06,3.897007219165971e-06
2828,3.1774634211008865e-06,4.531188524197205e-06,3.876558112475929e-06,4.3348029543267335e-06
2829,3.535156614210185e-06,3.4322330793656876e-06,3.880967793131478e-06,4.326187242986634e-06
2830,3.5905847916082065e-06,2.2931822195459973e-06,3.839922445993378e-06,4.3926599901169535e-06
2831,3.7245746367868074e-06,3.4050567501253683e-06,3.77892545490997e-06,4.378775692475755e-06
2832,3.1675367022722234e-06,7.868136653996771e-06,3.758323600711972e-06,4.513560449322539e-06
2833,4.8447899285343334e-06,4.129036447011458e-06,3.833750581801118e-06,4.39733887787952e-06
2834,3.529864496966992e-06,2.3101325814423033e-06,3.745690443585974e-06,4.473511779815453e-06
2835,3.84946328558221e-06,9.794750330911484e-06,3.7476919007076507e-06,4.736691227208212e-06
2836,4.342075106049177e-06,2.5205115616699914e-06,3.7413657780891503e-06,4.682130458149914e-06
2837,4.83088139086855e-06,4.805797270819312e-06,3.8057355872549826e-06,4.993748666402099e-06
2838,3.697581658141442e-06,4.671034730563406e-06,3.86946720466565e-06,5.2630786046393036e-06
2839,4.663378187817418e-06,5.682081318809651e-06,3.947016890788291e-06,5.404151118364098e-06
2840,2.9084703833682904e-06,1.3089887179376092e-05,3.9822001961359395e-06,5.386808950879641e-06
2841,3.2499608359002094e-06,2.248926202810253e-06,3.980017291001382e-06,5.29463064567608e-06
2842,3.4972945801807024e-06,4.064876502525295e-06,3.979899148549116e-06,5.243929935113556e-06
2843,2.9775049981455796e-06,2.346275871332182e-06,3.981850544778354e-06,5.259856817338005e-06
2844,3.911679176174706e-06,5.6525139734731054e-06,3.9645776510598e-06,5.230893382668001e-06
2845,5.60110940619375e-06,3.2728453697927762e-06,3.9915916560706445e-06,5.281966491293134e-06
2846,3.6891316550382826e-06,4.136644715799775e-06,3.996190191077807e-06,5.248819700227614e-06
2847,4.3120309793367695e-06,8.777802913755294e-06,4.008986641772732e-06,5.306066367211315e-06
2848,3.243802588662624e-06,2.828023825713899e-06,3.993096593179264e-06,5.004461529733817e-06
2849,4.782932379233292e-06,1.0092754837387475e-05,3.9982071739460585e-06,5.047599220324628e-06
2850,4.947552124576759e-06,1.1584349413169549e-05,3.932360818614851e-06,4.93720425374704e-06
2851,5.640732849011935e-06,6.301889843598474e-06,3.97784486217966e-06,4.8675481354621295e-06
2852,3.839452727637156e-06,4.830291654798202e-06,3.912705138170876e-06,4.813444431147218e-06
2853,3.122890792736952e-06,2.2267308941081863e-06,3.994323084720641e-06,4.403684031512966e-06
2854,3.5322030529035448e-06,2.1647153153026012e-06,3.99129948086233e-06,4.481660297187772e-06
2855,3.639369697339134e-06,2.6913542751572093e-06,4.1519901429132415e-06,4.444398971008923e-06
2856,3.2927522938229633e-06,2.6809708833752667e-06,4.132976419017118e-06,4.455662757573008e-06
2857,3.842886827543326e-06,9.144964369625086e-06,4.084440088637266e-06,4.338059572728525e-06
2858,4.959753303713418e-06,3.3003666703734778e-06,3.9965560329619615e-06,4.289446417169529e-06
2859,3.84977576434014e-06,3.741299256034836e-06,3.982045931449345e-06,4.232406763003383e-06
2860,3.4522120707454937e-06,2.254629393974028e-06,3.951833873775792e-06,4.074110818874033e-06
2861,4.469839625219012e-06,3.5989538264402655e-06,3.980038431705503e-06,4.108884449487959e-06
2862,3.184722507588352e-06,2.0459231063796325e-06,3.950100557449332e-06,3.817496917508834e-06
2863,4.8346827472616695e-06,2.929631773440633e-06,3.917854077270831e-06,3.681562139718153e-06
2864,3.034885087597811e-06,4.329488710936857e-06,3.8765247940924986e-06,3.5276221578897096e-06
2865,4.948919047112415e-06,2.8458771885198076e-06,3.852783717067925e-06,3.4668438422158943e-06
2866,3.1743707394424645e-06,4.198332844680408e-06,3.8711981965510255e-06,3.472453960239363e-06
2867,7.5145611314534715e-06,3.1333433480540405e-06,3.888235031101633e-06,3.4844227384382974e-06
2868,2.502161900742471e-06,2.62787053543434e-06,3.911227517366772e-06,3.4990429876415877e-06
2869,2.698270916678464e-06,2.712434352361015e-06,3.9416866002688444e-06,3.6290682832259337e-06
2870,3.404008014311128e-06,2.057516480817867e-06,3.92332185304743e-06,3.3474904217655416e-06
2871,3.326379117222839e-06,2.7106533616461094e-06,3.878338021685421e-06,3.341409902532177e-06
2872,3.5567295374979343e-06,4.820404310521553e-06,3.888946086832826e-06,3.3470426518761083e-06
2873,3.948916536905421e-06,3.697364591062069e-06,3.903381206651425e-06,3.386711998882674e-06
2874,4.034485522829022e-06,2.808066537909326e-06,3.890028660821877e-06,3.3479511373116108e-06
2875,4.141390120114213e-06,8.185979968402535e-06,3.957405973162369e-06,3.406508626085269e-06
2876,4.607500769553655e-06,2.4533902978873813e-06,3.897929753424654e-06,3.3781990591705833e-06
2877,3.245925802022814e-06,3.3108337629528252e-06,3.980667048836039e-06,3.4270893430402787e-06
2878,3.5832527798144535e-06,2.366983844694914e-06,3.948452975914228e-06,3.4252578530868047e-06
2879,3.9581239166687336e-06,2.4639347702759552e-06,3.953222084975196e-06,3.4004386066953884e-06
2880,4.2141818539676025e-06,3.056860505239456e-06,3.825655605022702e-06,3.4853146235036552e-06
2881,4.054229366374784e-06,5.93160327298392e-06,3.836589031511216e-06,3.473429938640039e-06
2882,3.383768147007989e-06,2.1055178331153e-06,3.8413009062525e-06,3.4836812780667977e-06
2883,3.835157519663173e-06,3.148353689539363e-06,3.89680612959435e-06,3.4859082646107716e-06
2884,4.11497739302528e-06,3.882117989633116e-06,3.903303221189465e-06,3.534041209877614e-06
2885,3.8130900662104573e-06,3.2463630691381694e-06,3.917486663229081e-06,3.5554708622839827e-06
2886,4.136025979480312e-06,2.629932287163683e-06,3.959504884157165e-06,3.7355132612901797e-06
2887,4.86915531610066e-06,3.5098603257210927e-06,3.922319420709957e-06,3.7535293752625875e-06
2888,3.3477772538188017e-06,2.221892600573483e-06,3.890713819772726e-06,3.5198001981370904e-06
2889,5.103317472882433e-06,5.551745807679254e-06,3.813607998472435e-06,3.5106081531012024e-06
2890,4.143567224067132e-06,2.800089939682948e-06,3.859365931900054e-06,3.488201711752481e-06
2891,3.293598465966675e-06,3.5778516848949946e-06,3.934593799173552e-06,3.5603283074124194e-06
2892,4.325399132641097e-06,5.255243768260698e-06,3.893609373992351e-06,3.6165237529530715e-06
2893,2.7754975629553276e-06,2.3307534138439223e-06,3.931314177306275e-06,3.624451253654115e-06
2894,2.816067785210584e-06,2.9687178380299885e-06,3.912655219563829e-06,3.4840349294427145e-06
2895,4.791638597857349e-06,2.1131911444172146e-06,3.897941875958268e-06,3.632165163526225e-06
2896,3.4888064071007342e-06,3.913976993317192e-06,3.914697646956079e-06,4.168440813828056e-06
2897,3.9113155884883276e-06,5.356145620680763e-06,3.921774792282425e-06,4.092907934955293e-06
2898,4.999372060107514e-06,8.198424566217e-06,3.913439791752655e-06,4.146024568944995e-06
2899,3.104848936648826e-06,3.2584693872195203e-06,3.912044013314799e-06,4.324842985261058e-06
2900,3.3512500966834423e-06,2.342750540265115e-06,3.913737072919807e-06,4.319133184435486e-06
2901,2.6798552370463667e-06,2.22358917199017e-06,3.960672021073859e-06,4.385756755982584e-06
2902,4.389874137713276e-06,2.750672729234793e-06,3.893307276848646e-06,4.381112372175266e-06
2903,5.4639494616518885e-06,4.170148736193369e-06,3.90920795436816e-06,4.522808479941886e-06
2904,2.9335132871387435e-06,3.868820908792259e-06,3.910077188710501e-06,4.466308534119889e-06
2905,5.156801936815706e-06,3.2550480227655497e-06,3.841058586092711e-06,4.444499424880632e-06
2906,3.5877554228136434e-06,2.4211951676988976e-06,3.912713215544904e-06,4.728758601140726e-06
2907,3.0159345568689688e-06,5.80877368520305e-06,3.932954810281646e-06,4.815875147323822e-06
2908,4.254051794608434e-06,1.6555244947085157e-05,3.9831587710877e-06,4.815613806567853e-06
2909,4.291906026183925e-06,1.99379601781402e-06,3.958517480694152e-06,4.935279764868029e-06
2910,3.6047150529662354e-06,4.574278918880737e-06,3.982409671415451e-06,4.806705937517109e-06
2911,4.1011315185339e-06,7.100392695065239e-06,3.89493789332644e-06,4.849410880706273e-06
2912,4.911481806225816e-06,3.367115305081825e-06,3.9401115936723525e-06,4.81420866381086e-06
2913,4.521150957670115e-06,3.887481889250921e-06,3.9608335862592665e-06,4.840330479783006e-06
2914,3.4191988672521097e-06,5.4356362124963195e-06,3.998798823138512e-06,5.002643106126925e-06
2915,4.541084162054985e-06,6.342492633848451e-06,3.9655113292004295e-06,5.011421972812968e-06
2916,3.315329324525212e-06,2.165353039345064e-06,3.8779704909352915e-06,4.932236609056417e-06
2917,2.5999340671963485e-06,4.710016037279275e-06,3.897020576793391e-06,5.076317324346746e-06
2918,4.566863299260149e-06,9.437232820346254e-06,3.849766649889514e-06,5.029236524660518e-06
2919,3.3221076536291448e-06,5.146631492607412e-06,3.909167738978189e-06,5.018532889062043e-06
2920,6.046737618008693e-06,2.1066576255179827e-06,3.916958361686638e-06,4.880582046007476e-06
2921,2.8727741472620336e-06,6.905625950821559e-06,3.878100116334179e-06,4.297673440396465e-06
2922,4.508620356520825e-06,2.1417999369077734e-06,3.84689701068055e-06,4.448329402930539e-06
2923,2.8125776078822028e-06,9.266048145946115e-06,3.830177313900802e-06,4.375120399618026e-06
2924,4.23419144529665e-06,2.3784139648341807e-06,3.791092386877103e-06,4.245421254472604e-06
2925,3.8692999113562914e-06,2.9957959395687796e-06,3.7504657770821522e-06,4.195688754316507e-06
2926,3.6289861590274894e-06,6.281404830588145e-06,3.7201656413344613e-06,4.590609263595979e-06
2927,3.5576867892612225e-06,2.9701443963858763e-06,3.7936254131535765e-06,4.453818155525368e-06
2928,3.2754285050234306e-06,2.190514642279595e-06,3.7572904362302024e-06,4.340279773532529e-06
2929,3.409765433591221e-06,7.470838791050483e-06,3.7857026574076577e-06,4.560181743181602e-06
2930,3.975453764218805e-06,2.0780280306098575e-06,3.846542030088232e-06,4.49058822250663e-06
2931,5.072782650030503e-06,2.153604277737031e-06,3.7991244288403116e-06,4.615196030317748e-06
2932,3.2107001245801964e-06,2.3600026088388404e-06,3.82649073521356e-06,4.554711630225938e-06
2933,3.2825956607969903e-06,1.9825298068099075e-06,3.7602949789389746e-06,4.814212279961794e-06
2934,3.511828384843183e-06,5.760195081165875e-06,3.874346269215796e-06,4.6212503162678326e-06
2935,3.1867226334725272e-06,2.7440538360679057e-06,3.850679222796316e-06,4.856452022249868e-06
2936,3.1240083429414276e-06,3.857914066429657e-06,3.872259905630119e-06,4.6505223117492285e-06
2937,3.8958165613520475e-06,2.1238028011794086e-06,3.904405883834746e-06,4.6437267335932115e-06
2938,3.763647563977833e-06,1.376049462123774e-05,3.8776928566929e-06,4.755914844827204e-06
2939,5.25569316272999e-06,2.01585851073105e-06,3.897744626728026e-06,4.6035018718612264e-06
2940,3.632709738970637e-06,3.5040330840274693e-06,3.939904516513101e-06,4.56178337772144e-06
2941,4.025634853961593e-06,7.66290228057187e-06,3.988000707805542e-06,4.6058547164648185e-06
2942,4.120918384210705e-06,2.970178020405001e-06,3.9916511853940995e-06,4.561834896048822e-06
2943,3.3814232680621596e-06,1.2552428015624173e-05,3.953778673581432e-06,4.555317120411928e-06
2944,4.006265312960345e-06,3.6345214903121815e-06,3.909804492205796e-06,4.556705396225879e-06
2945,4.3918437111440455e-06,8.594173868914367e-06,3.902936783429646e-06,4.546704036420123e-06
2946,5.724056404182597e-06,2.0815768584725447e-06,3.896426662615542e-06,4.906982927332137e-06
2947,3.916944196033809e-06,8.02184258645866e-06,3.906395048124977e-06,4.904469513985532e-06
2948,3.3520946787272502e-06,4.117805383430096e-06,3.895351652388652e-06,5.050524251691968e-06
2949,5.037840900412347e-06,2.2085245109337847e-06,3.894641597263319e-06,5.029747679964202e-06
2950,3.201474232810142e-06,5.8004987204185455e-06,3.973928755729301e-06,5.239828939284053e-06
2951,4.130280409905633e-06,2.4710805064387387e-06,3.968883621069431e-06,4.986074581302092e-06
2952,4.611684033888095e-06,1.927182042891218e-06,3.9098220187042895e-06,5.148531879422082e-06
2953,4.477833287334458e-06,3.292298110864067e-06,3.937082434195973e-06,5.132944774231874e-06
2954,3.5010273733051793e-06,6.370343280650559e-06,3.9777137027865844e-06,4.9164820682563e-06
2955,3.0286409689021334e-06,1.9150836396875093e-06,3.911616109811196e-06,4.9388416875444814e-06
2956,3.973428115639561e-06,2.188311173085822e-06,3.937796478122538e-06,4.5389441613224335e-06
2957,3.0390074051764612e-06,2.1099686136949457e-06,3.942666830233874e-06,4.4847231856692816e-06
2958,3.1198426404444033e-06,1.0989502079610247e-05,3.897159578870438e-06,4.357611086379621e-06
2959,3.7610380225790628e-06,5.697359747500741e-06,3.831664733459344e-06,4.514778807060794e-06
2960,2.91063774006438e-06,6.395422278728802e-06,3.8162977057557624e-06,4.277723181166949e-06
2961,3.106256964808078e-06,3.3384997732355258e-06,3.827834409841872e-06,4.192942518875499e-06
2962,5.877995523001623e-06,7.375834284175653e-06,3.7802728052459614e-06,4.208007779834589e-06
2963,3.6375191974810956e-06,7.4166356716887095e-06,3.7970755863069717e-06,4.065648143750878e-06
2964,3.7791531036014527e-06,6.077290963730775e-06,3.7488312032817492e-06,4.190554413889914e-06
2965,4.314220126262727e-06,3.1143554542722997e-06,3.7087218239119252e-06,4.1900831923157975e-06
2966,5.04141656872687e-06,2.2513346311825444e-06,3.690605155922336e-06,4.285743568743783e-06
2967,2.468478559826003e-06,3.5291685026095367e-06,3.7681590590081108e-06,4.28429611483807e-06
2968,4.035932475845685e-06,2.554989860072965e-06,3.831274653041165e-06,4.361036973841691e-06
2969,4.1280241157437555e-06,2.278997098983382e-06,3.7980851740636955e-06,4.412485112970898e-06
2970,3.254162427058165e-06,5.416371386672836e-06,3.816384963698106e-06,4.459471349218802e-06
2971,4.086685268905259e-06,6.010769875501865e-06,3.825348391051698e-06,4.188588553915906e-06
2972,3.5327685034442566e-06,2.095451939112536e-06,3.820260779614021e-06,4.037884743956965e-06
2973,3.6405122808800014e-06,1.9982888261438346e-06,3.9599640843334785e-06,3.977687105725636e-06
2974,3.848800785514565e-06,2.5851560349110515e-06,3.966503454072761e-06,3.938683264095744e-06
2975,3.621543759335408e-06,2.241507818325772e-06,3.857623160779946e-06,3.720311261167808e-06
2976,2.9241708342750724e-06,5.593737259914633e-06,3.8453448698924655e-06,3.649858483731805e-06
2977,3.6089495496425015e-06,1.9154015035383055e-06,3.830059561924928e-06,3.6063160499907103e-06
2978,4.024916587594716e-06,5.683807521563722e-06,3.872224386456461e-06,3.7973234628225328e-06
2979,5.439874950449545e-06,6.334156933007762e-06,3.802544097440356e-06,3.786533185666485e-06
2980,4.606530819728505e-06,3.8336051147780385e-06,3.849056652709098e-06,3.7229031944661984e-06
2981,3.1436911412028064e-06,3.474514651315985e-06,3.857426111972018e-06,3.7007271738730193e-06
2982,3.49650214603672e-06,3.2846245198925317e-06,3.829128466188397e-06,3.70763488472221e-06
2983,3.3439283242842068e-06,4.217432197037852e-06,3.821992585795265e-06,3.6395154364981855e-06
2984,3.633847736637108e-06,1.92976449852722e-06,3.8401800872937506e-06,3.7493069160518638e-06
2985,6.403220358050829e-06,4.890481322945561e-06,3.876680776779216e-06,3.938005408235767e-06
2986,3.2697412082901187e-06,2.3634037324882227e-06,3.906520181377952e-06,3.950547431213636e-06
2987,3.155988190681253e-06,1.916534210977261e-06,3.874650543598869e-06,4.052125824364338e-06
2988,3.330561925294104e-06,5.655316235788632e-06,3.870984456999496e-06,4.053452642165212e-06
2989,3.397020404413019e-06,4.9887301202034e-06,3.869991015653796e-06,3.930487261732197e-06
2990,5.368340739551059e-06,7.889540775067872e-06,3.877517119053664e-06,3.988172058689089e-06
2991,3.2994093433242394e-06,1.9815777022813564e-06,3.859728781683063e-06,3.840821612084255e-06
2992,3.6312924415445497e-06,1.938418722602364e-06,3.766307073025625e-06,3.711580518393021e-06
2993,4.245168957418678e-06,2.0005893452434976e-06,3.7336554530763054e-06,4.250419823620178e-06
2994,3.420582971153231e-06,2.4516898702131584e-06,3.7422512016746626e-06,4.21913061372834e-06
2995,3.0757654172298823e-06,3.7133851810722263e-06,3.7310868936502735e-06,4.173161479047849e-06
2996,4.541372806367387e-06,8.755556864343816e-06,3.786333743937576e-06,4.258378871963942e-06
2997,4.445285740580908e-06,6.812914243710111e-06,3.778239236604956e-06,4.260164057996008e-06
2998,4.386497395848387e-06,2.311839400590543e-06,3.6875244255194657e-06,4.250861054242704e-06
2999,3.0520598410374887e-06,5.124615863678628e-06,3.71816294707767e-06,4.249872167383729e-06
3000,3.5298915943510817e-06,2.274678263347596e-06,3.759875143956985e-06,4.263683232511539e-06
3001,2.8993348006325608e-06,2.5196027490892448e-06,3.759572123585207e-06,4.135226789003354e-06
3002,3.7971021346392163e-06,3.357521427460597e-06,3.8213822427274456e-06,4.053627688153938e-06
3003,3.580208153329699e-06,2.0000463564429084e-06,3.7664593769679616e-06,3.826681997088599e-06
3004,3.10433223401358e-06,3.103129590726894e-06,3.7260602855389552e-06,3.828760741453152e-06
3005,3.7902403209955084e-06,1.7304587745456958e-05,3.732632193522376e-06,3.831031587105826e-06
3006,3.3585848561617444e-06,2.6922844040200287e-06,3.700628136812157e-06,3.829760813005123e-06
3007,3.2173944454269884e-06,2.1353961528802755e-06,3.772731137026616e-06,3.831956214617094e-06
3008,4.725099581466768e-06,6.347867019940167e-06,3.8350606805579444e-06,3.862152525562123e-06
3009,3.4314850533216184e-06,1.974394149328873e-06,3.7769857142342923e-06,3.6776297257347324e-06
3010,4.135350080913567e-06,4.657906229112995e-06,3.724413296559862e-06,3.5251065633929103e-06
3011,4.035704247245222e-06,2.3386815610138e-06,3.6695918793864417e-06,3.508389768740017e-06
3012,4.198793112664134e-06,2.26181083917254e-06,3.6925981470428977e-06,3.4595376188917723e-06
3013,3.3229864159996697e-06,2.4439051480840134e-06,3.722622505261421e-06,3.4782328358232917e-06
3014,4.942273382968981e-06,2.9487525989679853e-06,3.7540339185296844e-06,3.489518470541952e-06
3015,3.995269095563951e-06,2.215898498434399e-06,3.7742518928603707e-06,3.640421219915879e-06
3016,2.289432057599091e-06,2.0335463113951846e-06,3.7929220000579437e-06,3.887510432377894e-06
3017,3.795590141130055e-06,1.9951898639192223e-06,3.817145597208259e-06,3.893934733787319e-06
3018,3.44506753966319e-06,1.968819992725912e-06,3.807259346568672e-06,3.2922582629907992e-06
3019,5.223157976514712e-06,2.5065749105124267e-06,3.7818568569289503e-06,3.3545691388098928e-06
3020,4.634004005513109e-06,4.468292954697972e-06,3.846243768586848e-06,3.8797857333520365e-06
3021,3.089498648276074e-06,4.142486868659035e-06,3.822102106621767e-06,3.7765430663966985e-06
3022,3.130975298720134e-06,2.9998351851645566e-06,3.792656728122286e-06,3.785764915573964e-06
3023,3.015961966512906e-06,1.893919534268207e-06,3.756356157828122e-06,3.726435278713325e-06
3024,3.627216532448882e-06,3.9033121174725235e-06,3.724412981217837e-06,3.730060244834022e-06
3025,4.280500549814153e-06,2.7420586866355735e-06,3.6791840399423056e-06,3.7906752770140895e-06
3026,3.6846201323391546e-06,2.801743617055763e-06,3.7327407731734434e-06,3.86583906465603e-06
3027,4.302551492906383e-06,7.1300901618087665e-06,3.6779826622377086e-06,3.853281805913866e-06
3028,4.046960833269016e-06,8.177276667993282e-06,3.6931800239876287e-06,3.852302746599889e-06
3029,3.7099221627714645e-06,3.263737125962507e-06,3.7512454575335137e-06,3.946182589061209e-06
3030,3.5430840550058444e-06,2.2626759755439706e-06,3.8069134904112103e-06,3.99460588414513e-06
3031,2.723522615168703e-06,4.250056299497374e-06,3.846159737804555e-06,3.996745299991745e-06
3032,4.827067236874427e-06,1.526581101643387e-05,3.803545300919117e-06,4.023907489954582e-06
3033,4.121558032339736e-06,3.7668003460566977e-06,3.806950060809161e-06,3.967583668691078e-06
3034,2.6953505908346012e-06,2.2049403787605115e-06,3.7921811714820967e-06,3.882285693180165e-06
3035,3.2278358235594672e-06,3.1746653075970243e-06,3.836621680956241e-06,3.9179706495815476e-06
3036,3.2371248319880884e-06,2.4293057140312157e-06,3.859914743174564e-06,3.941509869491711e-06
3037,3.068069580775854e-06,3.7771866436742128e-06,3.837955667454986e-06,3.932255999006884e-06
3038,4.661904746778115e-06,4.322999839132535e-06,3.774652651948903e-06,3.907295378576236e-06
3039,3.573320609575603e-06,2.6348211304139115e-06,3.8365669707066754e-06,3.876706364371785e-06
3040,4.375203139311958e-06,2.191422015584976e-06,3.7918198633734505e-06,3.7535799895522364e-06
3041,3.7410678962462245e-06,4.380542372928176e-06,3.796740626957116e-06,3.506718908010953e-06
3042,5.187290963072479e-06,3.2057722410172573e-06,3.7578722529461737e-06,3.4587869190545463e-06
3043,4.426223724496797e-06,2.0223053888912546e-06,3.7641949871310017e-06,3.449130774515652e-06
3044,4.157797054378736e-06,3.1856296595833556e-06,3.793100161874463e-06,3.3793626002989184e-06
3045,4.719123002764213e-06,3.0601974231103667e-06,3.7386323780184386e-06,2.8852699982053313e-06
3046,2.720276415099458e-06,2.01003748088624e-06,3.7838203419293375e-06,2.889953194335249e-06
3047,4.24198803557374e-06,3.891959095199127e-06,3.7920319137002586e-06,2.8773768018254486e-06
3048,3.5982885219709713e-06,2.4824000320222696e-06,3.7848057893420953e-06,2.9440990553666784e-06
3049,3.0782396394594497e-06,3.6719653553518583e-06,3.7662259000171617e-06,2.967351806182706e-06
3050,2.6979251621620883e-06,2.1180431758693886e-06,3.772611870196367e-06,2.920258565063705e-06
3051,5.232478101283454e-06,2.0370182619444678e-06,3.698722734113997e-06,2.8226588926372644e-06
3052,3.1838738095757434e-06,4.051930791320046e-06,3.7198549652000816e-06,2.7948240453952165e-06
3053,4.169979922860673e-06,2.0057496294612065e-06,3.6919479962812656e-06,2.801164056018024e-06
3054,2.7382128124979014e-06,2.065437402052339e-06,3.6589789489779736e-06,2.9468431798704834e-06
3055,3.7011524096265527e-06,2.021272362071613e-06,3.59258150576554e-06,2.9842190430827025e-06
3056,3.446151983755246e-06,2.5058519440790406e-06,3.5795072206888615e-06,2.9901139133471585e-06
3057,3.4653726404738135e-06,2.9134959640941815e-06,3.570475419625534e-06,2.939466067073226e-06
3058,5.251257130112208e-06,3.883880249304639e-06,3.5191204669596733e-06,2.8884926631690175e-06
3059,2.900639885107618e-06,1.8905305660155137e-06,3.5650794711222672e-06,2.9516878150388945e-06
3060,3.0471827146053935e-06,4.8427216461277565e-06,3.520186957211991e-06,2.871171509286796e-06
3061,2.7726275988647506e-06,3.0106244844319007e-06,3.4982189660897552e-06,2.928284235349565e-06
3062,3.2277188352559783e-06,2.599855615699198e-06,3.5898736202802368e-06,3.151150709527428e-06
3063,2.814676344718868e-06,1.8830080284715222e-06,3.654254095504762e-06,3.144682312995428e-06
3064,4.1016263867277305e-06,1.938949949362723e-06,3.605018686428392e-06,3.1527973010270207e-06
3065,3.677528916341544e-06,2.349922281155159e-06,3.584331092750088e-06,3.081750624460255e-06
3066,2.9168417136639216e-06,8.02252046923968e-06,3.573267182916122e-06,3.0805682333266304e-06
3067,3.527354882761655e-06,4.1401688213227315e-06,3.575083032784379e-06,3.148884035090304e-06
3068,4.0993665975798245e-06,2.1696771455026465e-06,3.556335096648885e-06,3.202180730022519e-06
3069,3.932002027795534e-06,1.9194335027350463e-06,3.525230118905004e-06,3.1757864910105133e-06
3070,3.4352491861176936e-06,1.7858623255051499e-06,3.5075757140475616e-06,3.1613548899258604e-06
3071,3.8692515191643095e-06,3.589916277633165e-06,3.442653753083707e-06,3.094125633833755e-06
3072,3.119675187816837e-06,1.8790514513966627e-06,3.503776684424843e-06,3.09894184820223e-06
3073,3.049088743915086e-06,3.9102181835914965e-06,3.54078990940252e-06,3.0023134587281675e-06
3074,5.369605994221476e-06,9.243627209798433e-06,3.5858816502493733e-06,3.0955744814491482e-06
3075,4.307437042775241e-06,1.9563332625693874e-06,3.5965899588619418e-06,3.166109191442956e-06
3076,4.001592874374182e-06,2.239892962734302e-06,3.596127615997425e-06,3.2302791997608434e-06
3077,2.666683967618155e-06,2.275763877150894e-06,3.571766483016997e-06,3.4381630143798242e-06
3078,3.893382177011517e-06,1.97618985112058e-06,3.577563275575812e-06,3.4659582224776387e-06
3079,2.7836090592043347e-06,3.773332446144195e-06,3.643566583276778e-06,3.3364756556693462e-06
3080,3.2324540062391964e-06,3.3536897353769744e-06,3.630114593377382e-06,3.3259256400924643e-06
3081,2.668527540158215e-06,1.8459959687788796e-06,3.5999540523739087e-06,3.396008204617829e-06
3082,3.0240125190377713e-06,2.5527059369778725e-06,3.638527697007197e-06,3.393594279441459e-06
3083,3.628208106015841e-06,2.203148847002012e-06,3.6673186156703087e-06,3.403144593903562e-06
3084,4.428713168636023e-06,2.0109359252273863e-06,3.6644010644522487e-06,3.3480707250419076e-06
3085,3.9725133390473075e-06,2.4270119092761888e-06,3.632012503759243e-06,3.350222550216131e-06
3086,3.8999211200360956e-06,5.342150052456418e-06,3.637439642494023e-06,3.2660960393513964e-06
3087,3.4954265505701997e-06,4.3632233655444e-06,3.584505774870194e-06,3.2166656957087987e-06
3088,2.8031177731059468e-06,3.487258236418711e-06,3.5253808470972413e-06,3.212611278922851e-06
3089,3.492598062217035e-06,7.136045314837247e-06,3.5156826675928536e-06,3.280208714022593e-06
3090,3.822448730311913e-06,3.044802483600506e-06,3.5261666703465574e-06,3.2815473001392098e-06
3091,4.566924406188062e-06,4.7854562990323754e-06,3.4889201509031406e-06,3.3249262440222084e-06
3092,3.1910551352767572e-06,3.876418431900674e-06,3.5994728295413045e-06,3.2764487214990376e-06
3093,3.345353072493001e-06,3.9217412586367575e-06,3.614143368829698e-06,3.6494008650151964e-06
3094,4.896343143627746e-06,1.8590853733257974e-06,3.640204842071803e-06,3.6476906312600483e-06
3095,4.155022152695488e-06,2.024620187057735e-06,3.6315631675077183e-06,3.647718632782926e-06
3096,3.7963127387128123e-06,2.2130695560917956e-06,3.653850841197305e-06,3.6817063222770235e-06
3097,2.3099611704916847e-06,1.9328470807522534e-06,3.58963152918174e-06,3.898578865209857e-06
3098,3.184767212284593e-06,1.8070554119731241e-06,3.585606229727192e-06,4.281228638046742e-06
3099,4.046259303625751e-06,8.007868618733483e-06,3.5627690616719422e-06,4.152089921535663e-06
3100,2.8293138484514203e-06,1.854972842920688e-06,3.539061127574112e-06,4.138334259096156e-06
3101,3.759138386764486e-06,3.929828840227856e-06,3.554499148898079e-06,4.079434388677328e-06
3102,2.9287840364607596e-06,2.3092285300663208e-06,3.551507279108692e-06,4.168819745518705e-06
3103,2.962219190926084e-06,3.060663448195555e-06,3.524652838435334e-06,4.258347913582839e-06
3104,5.5474260251584285e-06,2.561394383064908e-06,3.5241872454409733e-06,4.221815769142268e-06
3105,3.5992174884490347e-06,1.2677493323280942e-05,3.5416213546745388e-06,4.211499350549275e-06
3106,3.3200643712108204e-06,1.8032401249001851e-06,3.550580856446888e-06,4.323390572335484e-06
3107,2.8079706549356666e-06,2.5534059750498273e-06,3.4851411906048366e-06,4.361024345689657e-06
3108,4.185399948255508e-06,3.0528410843544407e-06,3.4309933409329257e-06,4.363345638194006e-06
3109,2.8232303682468936e-06,7.432749498548219e-06,3.406355549385706e-06,4.46750052869902e-06
3110,3.8718808526836154e-06,1.1993256230198312e-05,3.4510789079124346e-06,4.471843013743638e-06
3111,3.3289919186548407e-06,2.11368213967944e-06,3.4646406651720297e-06,4.487853062164504e-06
3112,2.9027281981244513e-06,4.019331804556714e-06,3.4223118994406014e-06,4.2411612055730075e-06
3113,3.1890683062051214e-06,2.0147614759480347e-06,3.448777465160269e-06,4.312439939167234e-06
3114,3.417801317482372e-06,9.370679235871648e-06,3.4812838660905573e-06,4.475946570346422e-06
3115,3.151087713477965e-06,5.283006685203873e-06,3.552986426156065e-06,4.745552223357662e-06
3116,4.5552845813290334e-06,3.872152688018105e-06,3.5782133495255635e-06,5.164813226838305e-06
3117,3.626907866115895e-06,3.618507967075857e-06,3.5207587046291633e-06,5.421638407551654e-06
3118,3.5693406168017343e-06,6.71902180329198e-06,3.4886794404479183e-06,5.212711873446096e-06
3119,3.2603514975764685e-06,2.7999297071801266e-06,3.4928683800495083e-06,5.263686191483429e-06
3120,2.8013259108977058e-06,2.0826524996664376e-06,3.5250894379512625e-06,5.250723062363249e-06
3121,3.180367950032329e-06,4.816941818717169e-06,3.489111567877343e-06,5.322223885104904e-06
3122,3.428045133659907e-06,2.041409206867684e-06,3.5319575345460586e-06,5.1795989126731e-06
3123,3.5238111437744616e-06,2.207306622494798e-06,3.5292713005320467e-06,4.93719289343062e-06
3124,2.9880401603400566e-06,1.840572203946067e-06,3.5610127614846633e-06,4.9506754560752595e-06
3125,3.4909529914431104e-06,3.6369411827763544e-06,3.579693417224108e-06,4.882648013062862e-06
3126,4.571798410021681e-06,8.017494619707577e-06,3.580110859507436e-06,4.879914504181215e-06
3127,4.721348038098464e-06,9.049369855347323e-06,3.5458687775947814e-06,4.84954276244025e-06
3128,3.592892275163548e-06,1.3542188535211608e-05,3.5596491108460917e-06,4.73566633354494e-06
3129,4.111059902748416e-06,8.98202390089864e-06,3.5525393369728896e-06,4.739396501463489e-06
3130,2.7972358839178923e-06,7.454329970641993e-06,3.531994311864158e-06,4.66388364757222e-06
3131,3.4247878612505804e-06,3.077598075833521e-06,3.5250477973830933e-06,4.59455056798106e-06
3132,3.613497102479515e-06,2.2293277470453175e-06,3.505997156783754e-06,4.553767578363477e-06
3133,3.2859531964075156e-06,4.840361652895808e-06,3.500306072247541e-06,4.650417599077627e-06
3134,3.89437953496478e-06,3.867125187753118e-06,3.4865689097387076e-06,4.565823099801492e-06
3135,3.8047250023333215e-06,5.933105749136302e-06,3.593881986620949e-06,4.574715188391566e-06
3136,4.1225284424702595e-06,2.45074620579544e-06,3.625348022200746e-06,4.6400909707699605e-06
3137,3.3697445916105708e-06,2.318645729246782e-06,3.6332760002854533e-06,4.736983922066428e-06
3138,3.19950436328832e-06,1.946423753906856e-06,3.6339962833860937e-06,4.685355135825375e-06
3139,2.5617492696660015e-06,8.611385692347539e-06,3.6542342703796754e-06,4.521267242762406e-06
3140,3.4955960447607344e-06,2.4360959628211275e-06,3.5870858513489017e-06,4.309750567426817e-06
3141,4.377540234498964e-06,3.965406885981793e-06,3.568170008404397e-06,3.8475524322166164e-06
3142,3.1132822383976113e-06,1.7306866197941417e-06,3.5156032543757955e-06,3.5742690838560513e-06
3143,3.3956777547751295e-06,4.985694813512964e-06,3.546510213173962e-06,3.376241231399035e-06
3144,2.784085482592976e-06,1.7803549667405605e-06,3.6486945274696667e-06,3.3820890524111742e-06
3145,2.6590487974923842e-06,4.498903017520206e-06,3.6118139334171755e-06,3.4283265785234104e-06
3146,2.8369388873114883e-06,2.7020793368137674e-06,3.5763548844341946e-06,3.325092326940648e-06
3147,6.110872055715946e-06,2.2637114216195185e-06,3.5488331076622774e-06,3.244988434653351e-06
3148,4.310462033269384e-06,3.841701181954704e-06,3.5685073850699054e-06,3.1006472592707723e-06
3149,3.186239612457737e-06,4.262895986357762e-06,3.515095316834049e-06,3.1913581577100556e-06
3150,3.5089600689591155e-06,2.3462215267500142e-06,3.5495316163885742e-06,3.168553686555242e-06
3151,5.077748084861216e-06,3.9152972931333355e-06,3.5983802902087013e-06,3.392087210158934e-06
3152,3.0426375623291176e-06,3.7614529719576238e-06,3.6142011875199387e-06,3.129287200863473e-06
3153,3.1199962015509503e-06,1.9872351549565793e-06,3.623390699229074e-06,3.151301859634259e-06
3154,2.796891052033364e-06,2.1499401918845253e-06,3.609890658137576e-06,3.6235262229638466e-06
3155,3.569909853872054e-06,2.503633659216575e-06,3.6273743456452695e-06,3.6299797204264905e-06
3156,5.9793957186431926e-06,3.2237936011370037e-06,3.6008964462679514e-06,3.5306597352246167e-06
3157,2.6914822511672455e-06,3.38526589985122e-06,3.6234392899031167e-06,3.599040102835715e-06
3158,2.3994769718329837e-06,2.2595053633267525e-06,3.6483378179582367e-06,3.528030081270117e-06
3159,3.2063351156668632e-06,1.8645278805706766e-06,3.755445871471845e-06,3.4906865140328584e-06
3160,4.296581937524024e-06,2.32457636457184e-06,3.655871041792125e-06,3.506717609252518e-06
3161,2.7872267365738582e-06,4.718518666777527e-06,3.5710079255800846e-06,3.42544252407606e-06
3162,4.230652080473697e-06,1.7485339503764407e-06,3.6150591129929435e-06,3.3689097542264785e-06
3163,4.420721208791494e-06,7.534761843999149e-06,3.611243222510691e-06,3.4157307373789077e-06
3164,2.957271702446936e-06,2.0413854599610202e-06,3.5409906871084078e-06,3.5474689501825192e-06
3165,3.7253338374891124e-06,2.986462432090775e-06,3.557293302795491e-06,3.4691077529714673e-06
3166,4.040039207211521e-06,1.577101596922148e-05,3.559796323558354e-06,3.82626911123225e-06
3167,3.5503744260899516e-06,1.892024056360242e-06,3.56982930261438e-06,3.89813123492786e-06
3168,2.7337302703421705e-06,2.5026951834661305e-06,3.5939110414902743e-06,4.006277644839429e-06
3169,3.347656573472098e-06,3.489864157018019e-06,3.476063821300259e-06,3.957994488973782e-06
3170,3.2815119988703775e-06,2.723652478380245e-06,3.474289868437255e-06,3.928217366137687e-06
3171,5.514640225151702e-06,1.7684901558823185e-06,3.5464068914633467e-06,4.038653455154418e-06
3172,3.621501313722951e-06,2.664488802111009e-06,3.5700209846355496e-06,4.093718743661158e-06
3173,2.1888841279683726e-06,1.809824052543263e-06,3.5706102070839228e-06,4.077103369127146e-06
3174,4.287519297779202e-06,2.849576740118209e-06,3.5747897446728734e-06,3.985352438667179e-06
3175,3.413562806902822e-06,3.5167461055607417e-06,3.573285046847255e-06,3.987300286007667e-06
3176,3.321434699804134e-06,7.208752613223624e-06,3.4988572315847298e-06,3.7569238777905414e-06
3177,3.450202954506191e-06,1.8024230416813225e-06,3.496943363542313e-06,3.83372207352295e-06
3178,3.1825717206225414e-06,1.091626911147614e-05,3.4835653038195836e-06,3.8428439204835744e-06
3179,3.0477155284340066e-06,3.946493284274766e-06,3.478403606216792e-06,3.373638924585976e-06
3180,4.171953325769412e-06,5.207293907005806e-06,3.5315815305996997e-06,3.6129326431364465e-06
3181,3.0332152138928198e-06,2.0167147044958256e-06,3.5930152060447856e-06,3.6184525814860538e-06
3182,2.6471334295921324e-06,2.640837828948861e-06,3.5825349937416224e-06,3.5605131036390963e-06
3183,4.202402547485285e-06,5.020407588745001e-06,3.5657419299645376e-06,3.608608217018628e-06
3184,3.7966874449719197e-06,3.2411600932391593e-06,3.4659282621457053e-06,3.608925497701421e-06
3185,4.311312498733363e-06,1.909192001221527e-06,3.435690357279479e-06,3.589471313989634e-06
3186,2.891715176297617e-06,2.4247454052783724e-06,3.459614912571851e-06,3.6106211770857048e-06
3187,4.193034634833263e-06,1.7972301338886609e-06,3.475969320000635e-06,3.843050677551219e-06
3188,2.56002582722835e-06,1.77535163857101e-06,3.4752906363387923e-06,3.7722614243648426e-06
3189,2.9094250013865045e-06,3.961340353271226e-06,3.464905487554562e-06,3.98807898591258e-06
3190,3.3908823444208893e-06,3.214508606106392e-06,3.4923447175161627e-06,4.008312844052853e-06
3191,3.910996767141721e-06,4.040891071781516e-06,3.4704735254914943e-06,3.6566896915246616e-06
3192,4.879822535662647e-06,7.874367020122008e-06,3.501818359078849e-06,3.5876060643204255e-06
3193,4.269572156469318e-06,2.6406936422063156e-06,3.503127765998215e-06,3.691629589229706e-06
3194,3.0856512658930214e-06,2.0413772108440753e-06,3.5839485693233857e-06,3.7073477128615192e-06
3195,2.8616854044432532e-06,3.926030312868534e-06,3.5943167522115493e-06,3.6737556419211617e-06
3196,3.019298529680883e-06,1.7764221729521523e-06,3.531408183971507e-06,3.575236826873152e-06
3197,2.865553692067301e-06,2.1781342093163404e-06,3.4992247915599567e-06,3.5820607638015647e-06
3198,2.7869980102776836e-06,2.338570629945025e-06,3.496370594348264e-06,3.573100089488435e-06
3199,4.696379483498782e-06,8.660314251756063e-06,3.541649648215955e-06,3.599086702615751e-06
3200,3.3965957153567513e-06,1.7470147759013344e-06,3.5215807991840444e-06,4.148890118176496e-06
3201,3.0618059801983892e-06,1.2604191651917062e-05,3.551777295827681e-06,4.366015848518146e-06
3202,4.136183703546219e-06,2.308269495188142e-06,3.5736535262205707e-06,4.286049498387002e-06
3203,2.6357919200058354e-06,2.1256902982713656e-06,3.5672259899507073e-06,4.267244923448744e-06
3204,3.8313363681178696e-06,2.2194026041688632e-06,3.571834652727072e-06,4.340909148868378e-06
3205,4.204688498753563e-06,7.807882029737812e-06,3.492448138998346e-06,4.119132162122697e-06
3206,5.053735297022083e-06,2.4096677952911703e-06,3.4262299035920782e-06,4.298594154170132e-06
3207,2.906338001796232e-06,1.8010360554399085e-06,3.4667057111619216e-06,4.51201230425795e-06
3208,2.629688341484224e-06,2.5574372125447554e-06,3.5205251810414968e-06,4.423296398272213e-06
3209,2.9921026346831542e-06,3.4117585164494814e-06,3.4976065789629097e-06,4.422273115051211e-06
3210,4.239957568441039e-06,1.6851751433932805e-06,3.5202125816390944e-06,4.8341791236452985e-06
3211,4.023691522989894e-06,3.0744107334612637e-06,3.5445175945723255e-06,4.826645210414426e-06
3212,3.6913134090355017e-06,1.5542315522907302e-05,3.462109912349358e-06,4.557762185322644e-06
3213,3.314938243319274e-06,7.203494897112251e-06,3.4628207092787816e-06,4.7433165631446165e-06
3214,3.4563307612087453e-06,1.9621815999926183e-06,3.460906773014156e-06,4.308663277151935e-06
3215,3.230193937674307e-06,2.7443942326499383e-06,3.401730982477602e-06,4.2916139835142525e-06
3216,4.026213336550831e-06,5.882496707272367e-06,3.4661989447866085e-06,4.331993245796183e-06
3217,2.895159692444496e-06,2.3299423514799855e-06,3.4436482205718577e-06,4.318936010440666e-06
3218,2.6141162713126203e-06,7.127243443392217e-06,3.4287006420224018e-06,4.152425783013315e-06
3219,4.097546455139106e-06,7.376830963039538e-06,3.3427595540261894e-06,4.162492430532439e-06
3220,4.207172151432638e-06,1.708132663225115e-06,3.3598014748551785e-06,4.221380666876939e-06
3221,2.446333477716204e-06,1.7508400924270973e-06,3.4464072319274746e-06,4.189527778453339e-06
3222,3.430703758971908e-06,1.2475784424168523e-05,3.4508774151820238e-06,4.145100577898119e-06
3223,3.3946233336084533e-06,2.150222799173207e-06,3.4050562513988962e-06,4.239770102412877e-06
3224,2.6361874279245967e-06,1.938238624461519e-06,3.375491546850956e-06,4.4963739716877175e-06
3225,3.4143656385923453e-06,6.385874221450649e-06,3.343463989990091e-06,3.942052580350718e-06
3226,3.0139575735827544e-06,1.7378595021000365e-06,3.330548857835917e-06,3.7378265438746897e-06
3227,2.656788940132376e-06,1.8820371542460635e-06,3.44663734511212e-06,4.330880883389909e-06
3228,4.247490977731003e-06,3.1351718553196407e-06,3.472799426678345e-06,4.319026947086968e-06
3229,3.2675682627490864e-06,1.8929717202809115e-06,3.4477759642666365e-06,4.238803207772435e-06
3230,3.830999035017158e-06,3.645126344054006e-06,3.4729607312025717e-06,4.322655061423575e-06
3231,2.9052080971167823e-06,2.6613339832692874e-06,3.4764680735861474e-06,4.106458039223071e-06
3232,3.3323860225209502e-06,3.2732419640524314e-06,3.4261515043807673e-06,3.999832658428205e-06
3233,4.794832268291632e-06,1.7611150019547496e-06,3.3926289495563344e-06,4.024279959503474e-06
3234,3.1038572160468903e-06,2.3010785025689982e-06,3.4694677448189596e-06,4.166690436704813e-06
3235,3.094428473862839e-06,4.0519132562621964e-06,3.4584172777613273e-06,3.773861818353908e-06
3236,3.2845739092913895e-06,9.489507465332282e-06,3.4590152259827135e-06,3.765339154961112e-06
3237,2.8906244875138834e-06,1.6842807394823467e-06,3.466471021450464e-06,3.7605720142892096e-06
3238,2.9920599394649294e-06,2.0978439852115116e-06,3.530268921157484e-06,3.612399642224773e-06
3239,6.358542943113813e-06,1.6788540087873115e-05,3.5499531823107744e-06,3.7346778408391404e-06
3240,3.88424597682994e-06,2.448045825076406e-06,3.6044060941700686e-06,3.755754060875915e-06
3241,3.400626776258125e-06,3.876903224409034e-06,3.568130588357437e-06,4.125092564754596e-06
3242,3.5247788658428664e-06,4.426238692758489e-06,3.6461315674892424e-06,4.418145358704351e-06
3243,2.7017998309020187e-06,1.7223178883796208e-06,3.5978578310884285e-06,4.511730246940715e-06
3244,2.839632225004607e-06,4.711196443167864e-06,3.608216293964183e-06,4.487300180790043e-06
3245,3.3691082808218198e-06,2.319315190106863e-06,3.5800325518418208e-06,4.497177037501387e-06
3246,4.367303359281828e-06,5.311102022460545e-06,3.501659849654162e-06,4.496512493005866e-06
3247,3.1544420825311034e-06,2.6550689653959127e-06,3.48371165536163e-06,4.658064917475712e-06
3248,3.409572039143111e-06,1.9371562143533085e-06,3.4742988208462425e-06,4.722240408318612e-06
3249,2.8225823146183555e-06,1.8190601076639723e-06,3.4777933656894475e-06,4.586821846623934e-06
3250,5.009313131267845e-06,2.6815649198397296e-06,3.473769171452861e-06,4.65029860552022e-06
3251,3.506064102415015e-06,4.794814467459218e-06,3.50032040799609e-06,4.640598760579451e-06
3252,4.018111736614729e-06,2.408942655165447e-06,3.4104016132510472e-06,4.099579045123391e-06
3253,3.34060333241521e-06,1.2368634452286642e-05,3.3675265159318875e-06,4.147054168333852e-06
3254,5.217592741044225e-06,9.21929156902479e-06,3.4553569361580433e-06,4.090608223577875e-06
3255,2.6241556249967996e-06,5.984748549963115e-06,3.452844084434522e-06,3.987337301350636e-06
3256,3.1641696690106376e-06,2.050582329502504e-06,3.439865104135404e-06,3.998498501186988e-06
3257,2.627792469461888e-06,3.5201633818360277e-06,3.445104795537191e-06,4.140385593291284e-06
3258,2.835514713600181e-06,1.7445013895667216e-06,3.4549343043787915e-06,4.1784892965552e-06
3259,2.65515235873358e-06,6.339889114315156e-06,3.4529229124018465e-06,4.129610201653124e-06
3260,2.8591076109781474e-06,5.656300527334679e-06,3.4591144600401307e-06,4.141074803101219e-06
3261,3.371937530371522e-06,6.104043422965333e-06,3.4404485189144103e-06,4.150030314303876e-06
3262,2.7900196315992315e-06,3.2711997118894943e-06,3.5092721368326035e-06,4.420204630696389e-06
3263,3.6558408530456492e-06,1.8553478616922804e-06,3.495938549864756e-06,4.58240385432873e-06
3264,4.110573074487749e-06,3.263047201471636e-06,3.4921007430764594e-06,4.566300007172685e-06
3265,2.8123685438509304e-06,3.634923905337928e-06,3.442315474159032e-06,4.627149878797354e-06
3266,5.596387281912029e-06,2.4657546055095735e-06,3.4293260072243154e-06,4.240228865000973e-06
3267,3.4619575727548282e-06,1.8444656370775192e-06,3.3342537754126365e-06,3.939405433357024e-06
3268,2.3773253234240757e-06,2.001347884288407e-06,3.3397751631330007e-06,4.048416530440591e-06
3269,2.9706245100492704e-06,8.258373745775317e-06,3.387367587007853e-06,4.031225150629325e-06
3270,3.61484600186183e-06,3.2719077717047186e-06,3.397494119094012e-06,3.97002038980645e-06
3271,4.3170185598581964e-06,4.089124649908626e-06,3.4005032624918382e-06,4.1097619208812835e-06
3272,3.309230773488202e-06,2.9416840015983327e-06,3.4704946358538606e-06,3.92275149897614e-06
3273,2.9429235110001174e-06,2.1610439944197424e-06,3.451952913191134e-06,3.8063023794165925e-06
3274,4.543172762573198e-06,8.573418017476798e-06,3.4267517049354667e-06,3.965466336558165e-06
3275,4.675973457071652e-06,6.736545510648284e-06,3.4665853860032155e-06,4.008831208375342e-06
3276,3.41011893270762e-06,4.39221828855807e-06,3.4334952679374615e-06,4.004661752333049e-06
3277,2.7734800136790405e-06,3.930189445782162e-06,3.4043556279054126e-06,3.940547123875149e-06
3278,3.0158666590472827e-06,2.695609107377095e-06,3.4494165929067496e-06,3.899998156794027e-06
3279,2.840786945752269e-06,1.6987057779260794e-06,3.3698198958872024e-06,3.875786217213317e-06
3280,2.7621903180059032e-06,8.710025977052282e-06,3.331446411695854e-06,3.9886289909190965e-06
3281,4.35398026588195e-06,1.6207978342208662e-06,3.349448024482627e-06,3.985781357732776e-06
3282,2.8809557716158453e-06,1.990044361264154e-06,3.3548182383179265e-06,3.8015647318388805e-06
3283,2.910743298545842e-06,5.2380396664375435e-06,3.3341908859509004e-06,3.7372806100393065e-06
3284,4.404936692784152e-06,1.664628566686588e-06,3.3734745821928104e-06,3.939686946796429e-06
3285,2.39556454440996e-06,2.745072538345994e-06,3.3788694741158707e-06,3.896792400428239e-06
3286,2.7419073239798307e-06,1.0083142351504648e-05,3.3960028491037525e-06,4.025227236797946e-06
3287,3.7858616582929646e-06,4.355321507318876e-06,3.3297857269189994e-06,3.812344000198209e-06
3288,2.8285879014017862e-06,1.751111460635002e-06,3.302139802523623e-06,3.822131312790589e-06
3289,3.3820820736865345e-06,1.6601814900241152e-06,3.3365044836247973e-06,3.984436594055297e-06
3290,3.938892668884364e-06,2.6211997283098754e-06,3.3992746627670087e-06,3.941855192442745e-06
3291,3.6064698564233467e-06,1.8604561159918376e-06,3.4428977317222443e-06,3.91088744490844e-06
3292,2.502620467971105e-06,4.665534979721997e-06,3.478231324157201e-06,4.12411196884932e-06
3293,2.827365643093395e-06,1.9301570546303992e-06,3.5327538116537956e-06,3.919987781409873e-06
3294,3.1048798559317625e-06,3.6529580984279162e-06,3.4594872492915685e-06,4.233729003863118e-06
3295,3.0991621926861826e-06,1.6648047267153743e-06,3.457910143035608e-06,4.24318651057547e-06
3296,5.299110965905938e-06,9.149283068836666e-06,3.4826351683427167e-06,4.133926616850659e-06
3297,3.444103071564718e-06,1.869320342393621e-06,3.4370415539089864e-06,4.352325233230659e-06
3298,3.3712578856971554e-06,5.371914903662401e-06,3.4313726354361684e-06,4.308838613178522e-06
3299,2.887744707954375e-06,3.251337102483376e-06,3.4913766957844122e-06,3.972856513337319e-06
3300,3.984825347187224e-06,6.981228325457778e-06,3.508607629217093e-06,4.4447203740674005e-06
3301,4.2692359602369834e-06,8.449850320175755e-06,3.5607251554968877e-06,4.465972160141973e-06
3302,4.342734492234336e-06,2.8656544054683762e-06,3.5460946165737066e-06,5.188962753618397e-06
3303,4.106443382928167e-06,1.921415419019468e-06,3.4983940573561598e-06,5.156941529367032e-06
3304,3.7241267566261942e-06,7.029318876448087e-06,3.4932379144366776e-06,5.163391041060095e-06
3305,4.125252505420778e-06,3.6069212910661007e-06,3.6012322050333343e-06,5.042392005452711e-06
3306,2.522316206826266e-06,9.464328395552001e-06,3.5990489817979524e-06,5.211113239420228e-06
3307,2.8415281152168365e-06,2.2264820290729402e-06,3.567429548901499e-06,5.2431736154176175e-06
3308,3.5288689312235674e-06,2.5065423233172625e-06,3.605375308102844e-06,5.363999344262993e-06
3309,3.265096331940893e-06,7.124593976186588e-06,3.553086996645207e-06,5.092610376595985e-06
3310,2.2538415825895046e-06,1.6579070370426052e-06,3.536123936939677e-06,5.088175335731648e-06
3311,4.242008832685921e-06,1.6835898554745655e-06,3.498810787995252e-06,5.0253436545972355e-06
3312,4.216634994109982e-06,1.615191802557092e-05,3.4925359617267927e-06,4.966552618407148e-06
3313,4.131526058396654e-06,2.2824061124993023e-06,3.447287635946041e-06,4.8037916631983535e-06
3314,3.0163186006070143e-06,1.9734946326934733e-05,3.4384620964374327e-06,4.557626099813205e-06
3315,2.746378688445677e-06,1.82066912202572e-06,3.4044604780724e-06,4.5644958345292245e-06
3316,3.4775662834363174e-06,2.0216939083184115e-06,3.378038881308182e-06,4.631338361286908e-06
3317,5.2024777328875235e-06,1.6405590895374188e-06,3.4155815050123943e-06,4.463087719341274e-06
3318,2.772785062208843e-06,6.148187903818325e-06,3.385730195203804e-06,4.433556269577821e-06
3319,2.3143940335204307e-06,4.454467498362646e-06,3.414347104348457e-06,4.259469265889493e-06
3320,4.0478061727198005e-06,4.685447947849752e-06,3.4159440863782542e-06,4.244843173364642e-06
3321,3.991903179465023e-06,2.364558877161471e-06,3.3999446955982016e-06,4.214920521735621e-06
3322,3.020026578926465e-06,1.7584443207852019e-06,3.3777511057501723e-06,3.994205790877459e-06
3323,2.4384291620865243e-06,3.8011228753020985e-06,3.397040554667304e-06,4.126174042357888e-06
3324,2.7308740512429117e-06,1.7815611977312073e-06,3.4595459934735117e-06,4.762114206914703e-06
3325,2.853617202668425e-06,2.912204445237876e-06,3.4485957261545584e-06,4.306998901938641e-06
3326,4.0485974725217806e-06,2.2957112355470597e-06,3.3976294485152416e-06,4.410910961723857e-06
3327,3.492694033108516e-06,3.037397773368866e-06,3.40833044106148e-06,3.7735497110588772e-06
3328,3.445903463822712e-06,3.592478587961523e-06,3.516798288268951e-06,3.7804678884640453e-06
3329,4.6626923492314945e-06,2.82305282780726e-06,3.4998801968211212e-06,3.7709705509769264e-06
3330,3.3789697602060185e-06,2.8686350469797615e-06,3.391227467773206e-06,3.782283764758177e-06
3331,3.237738935442596e-06,5.112153303343803e-06,3.3967225370613764e-06,3.7358884860623218e-06
3332,2.8814526659617614e-06,1.860829715951695e-06,3.477318537428195e-06,3.6300839384239228e-06
3333,3.1288841617222513e-06,1.758476032591716e-06,3.4868833032760456e-06,3.5081062426797866e-06
3334,2.710256585740151e-06,1.6067257047325256e-06,3.43572604179422e-06,3.515782984777615e-06
3335,2.736077805517804e-06,4.957113324053353e-06,3.416793975737973e-06,3.5433618193565042e-06
3336,5.8046448028411155e-06,1.758209396939492e-05,3.4508250312935866e-06,3.4565953790661295e-06
3337,3.942878311136155e-06,4.774035401169385e-06,3.49204904112715e-06,3.54488475686594e-06
3338,2.8573691174137316e-06,4.880207607129705e-06,3.526212519576196e-06,3.525701470516651e-06
3339,3.283843414262972e-06,3.8009150603102172e-06,3.4618800250528795e-06,3.583581141538161e-06
3340,5.458074868632442e-06,1.9936235571549334e-06,3.434080293017258e-06,3.7324982195059415e-06
3341,3.0546139972405703e-06,1.784260471140442e-06,3.526281710926721e-06,3.6541665586810265e-06
3342,2.4861595066896473e-06,1.9233894340686674e-06,3.482556314328475e-06,3.6163664763989798e-06
3343,2.9101617944130944e-06,4.988305936421966e-06,3.519575615008661e-06,3.5650923729008355e-06
3344,4.32929404269089e-06,1.8093538074026583e-06,3.4934264821307196e-06,3.5030543659559046e-06
3345,4.28692531891607e-06,1.6360055542463669e-06,3.5146429072432912e-06,3.502630474031321e-06
3346,2.7129716424193854e-06,2.5564774296071847e-06,3.5133325674451035e-06,3.5415149932305212e-06
3347,2.5467249275202955e-06,2.447915185257443e-06,3.519507662112017e-06,3.815870446851477e-06
3348,3.2892055509768804e-06,1.6319618680427084e-06,3.535726494338733e-06,3.7884005520027134e-06
3349,3.7614742970820065e-06,3.988795642726473e-06,3.431675229588412e-06,3.3956213665078394e-06
3350,3.7077041638945554e-06,2.432622286505648e-06,3.4140957286126655e-06,3.282517139177799e-06
3351,2.4402851094388705e-06,3.7427030110848136e-06,3.4180859870755537e-06,3.1837902127335843e-06
3352,2.7977007322179916e-06,6.760324722563382e-06,3.3926038432633104e-06,3.1010311457976067e-06
3353,5.750938911559286e-06,1.634187067338644e-06,3.2730675280971716e-06,3.1804484355234318e-06
3354,3.5695574342753387e-06,1.87805077075609e-06,3.2762257871531306e-06,3.261491110242787e-06
3355,4.3044522772106576e-06,1.586782459526148e-06,3.310172875651714e-06,3.250574005596718e-06
3356,2.5840106134940773e-06,3.561203129720525e-06,3.30795943211039e-06,3.4856268831390476e-06
3357,3.4118632937760495e-06,1.8502324178371056e-06,3.2534128381838763e-06,3.50356891458432e-06
3358,3.0961256667675724e-06,2.730589012571727e-06,3.2327906833365384e-06,3.713742575473589e-06
3359,2.864633952412987e-06,8.465612045256422e-06,3.2573556538763016e-06,3.693038434721529e-06
3360,3.141548611185701e-06,4.270365952834254e-06,3.297027158194195e-06,3.697057753834087e-06
3361,3.203363184083072e-06,7.762614332023077e-06,3.270176746824898e-06,3.7492288035537055e-06
3362,3.503390786742481e-06,1.946429717918363e-06,3.2208556481085303e-06,3.669119304959167e-06
3363,2.9571255789859504e-06,2.412034446024336e-06,3.18417598481978e-06,3.6355860388539442e-06
3364,2.646789818956879e-06,1.7319383869107696e-06,3.2263982736569436e-06,3.5658911593600346e-06
3365,2.469666989478962e-06,3.979055800300557e-06,3.2297786592304575e-06,3.4585852482450717e-06
3366,3.1335704736395403e-06,3.810327339124342e-06,3.187643179272629e-06,3.5453066280751954e-06
3367,3.3348367191542317e-06,1.6504618179169483e-06,3.198866978214534e-06,3.549258226667007e-06
3368,2.8548257058800017e-06,1.0864627874980215e-05,3.160202863697729e-06,3.5708418114154484e-06
3369,2.9656291945280423e-06,2.2579045935344766e-06,3.1799010585826994e-06,3.6524229029964773e-06
3370,3.7713714477326398e-06,6.890347076478065e-06,3.1688573341448823e-06,3.675796389052266e-06
3371,3.3270959059134638e-06,2.038873910805705e-06,3.144149382700966e-06,3.630342717315216e-06
3372,3.5385125354676146e-06,2.548398163071397e-06,3.1476169824701276e-06,3.412076513177453e-06
3373,2.617945266744452e-06,2.9362381110331624e-06,3.154848469764855e-06,3.4921467874482917e-06
3374,2.5284468291728343e-06,1.986058177863015e-06,3.1542226685309697e-06,3.77280442362462e-06
3375,2.79071258167581e-06,1.5942906338750618e-06,3.1489042899516392e-06,4.04369949028478e-06
3376,3.495842330367951e-06,2.00033102373709e-06,3.1644873394018065e-06,4.569830590480706e-06
3377,2.8822103715558316e-06,4.077676944689301e-06,3.259680831292322e-06,4.985750943342281e-06
3378,4.6975519126135625e-06,3.8022215630917343e-06,3.267666095042741e-06,4.940241433905612e-06
3379,3.850152407822963e-06,1.9768407355513773e-06,3.2506644477709626e-06,4.8808125040523004e-06
3380,3.3378494142905564e-06,2.126372078237182e-06,3.224626781805759e-06,4.913611833035247e-06
3381,3.076465485618327e-06,5.600730419246247e-06,3.2403058385676158e-06,4.565827832993818e-06
3382,3.135770182830634e-06,2.4345695692318257e-06,3.2420349673177245e-06,4.554002069198759e-06
3383,2.478426880669657e-06,1.5942472191454726e-06,3.239471259762973e-06,4.574344454522362e-06
3384,2.9513239466420296e-06,3.0089569418123574e-06,3.2137529770504137e-06,4.562513011387637e-06
3385,3.322335793553874e-06,6.272122809605207e-06,3.19240378232482e-06,4.5267162171512615e-06
3386,3.1877181532359424e-06,1.4779055236431304e-05,3.18919000375091e-06,4.5169828104917545e-06
3387,3.370431322259214e-06,8.71880638442235e-06,3.2142299208013954e-06,4.505516206791071e-06
3388,3.3467018152401173e-06,1.556531195092248e-05,3.246240833323099e-06,4.514636590192823e-06
3389,5.026627116219768e-06,1.2129947208450176e-05,3.230487858430327e-06,4.541455105299974e-06
3390,2.6692985832394495e-06,2.841318064383813e-06,3.23348906646667e-06,4.684451247430843e-06
3391,2.7085292918450755e-06,2.32460409279156e-06,3.168019356012842e-06,4.665269663473737e-06
3392,2.6838950700241387e-06,2.4704450424906098e-06,3.1879697233913853e-06,4.652153264123626e-06
3393,3.246802124926439e-06,2.170027873944491e-06,3.194918833519801e-06,5.173045893661765e-06
3394,3.0088574132807682e-06,1.962260498657997e-06,3.257613058394782e-06,5.017056708584278e-06
3395,3.7072787588638473e-06,7.398906709568109e-06,3.237888931046958e-06,4.983327670925064e-06
3396,2.6841388380994937e-06,1.7430878324375954e-06,3.2325470132491324e-06,5.05026725531934e-06
3397,3.004782667327769e-06,1.653478307162004e-06,3.280380137625293e-06,5.162121499961358e-06
3398,2.5376008023967085e-06,2.6929029445454945e-06,3.2392752109141537e-06,4.999812640016898e-06
3399,3.154444755434977e-06,1.699393085345946e-06,3.2434644677879184e-06,4.473389159102225e-06
3400,3.590985394718397e-06,1.8223002189188265e-06,3.203206072056573e-06,4.2064467015734404e-06
3401,3.1020179580486407e-06,2.670793901415891e-06,3.2275418373097244e-06,3.715870451742376e-06
3402,2.9572405724643935e-06,7.652580497961026e-06,3.1266968793816996e-06,3.4093394859155525e-06
3403,3.0608091512678787e-06,3.322681964164076e-06,3.169042079652072e-06,3.657441050927446e-06
3404,4.348911592286539e-06,1.6489307517986162e-06,3.2198489711239145e-06,3.6668268569883365e-06
3405,3.5115771675009457e-06,1.5148687816690654e-05,3.2510169377524615e-06,3.639357436532009e-06
3406,4.64382110749284e-06,1.7010007923090597e-06,3.2420656917464745e-06,3.621138816652092e-06
3407,2.6426669991350437e-06,1.5913436277514848e-06,3.2244791206216585e-06,3.6422353769921755e-06
3408,2.3448789357240053e-06,3.267736829002388e-06,3.213302306317524e-06,3.4842484393266202e-06
3409,4.14715205604605e-06,5.805313057862804e-06,3.2685843786364582e-06,3.515280651663488e-06
3410,2.2947126257753957e-06,2.214401310993708e-06,3.283334820106474e-06,3.551742555464443e-06
3411,3.2924495750800514e-06,1.6184682135644836e-06,3.2779785621743136e-06,4.0893844832680765e-06
3412,2.363971428975573e-06,2.045244946202729e-06,3.3232217886405933e-06,4.1548352405698104e-06
3413,3.955095946568892e-06,3.3009057051458513e-06,3.323600924320797e-06,4.146240122918243e-06
3414,2.5055031680191557e-06,4.466673062779591e-06,3.3460887030742016e-06,4.23304928763173e-06
3415,3.7279285899987575e-06,9.043857189681149e-06,3.3341001511467364e-06,4.132922916596726e-06
3416,3.978701578641146e-06,2.559249244313833e-06,3.3490396452281053e-06,4.102997580866941e-06
3417,3.463094235737824e-06,1.7837095310824226e-06,3.280083352718874e-06,4.105852856719139e-06
3418,3.0230209747767527e-06,1.7145623769465601e-06,3.2606490713280635e-06,3.5660194330375823e-06
3419,2.5691931351603773e-06,2.489674507160089e-06,3.181983696554703e-06,3.6360602142849534e-06
3420,3.4278584012604876e-06,3.4492332679292303e-06,3.20091950919353e-06,3.7259869466652168e-06
3421,4.066190646072856e-06,2.5188931408592906e-06,3.2353203900634574e-06,4.122793771966826e-06
3422,3.373543704078151e-06,2.5650259021858803e-06,3.2251332697847423e-06,3.95559300795867e-06
3423,2.403694354092699e-06,1.6133951139636337e-05,3.2846239993179755e-06,3.9370376676743036e-06
3424,4.2855254170919785e-06,3.3356620178892625e-06,3.318173930054197e-06,4.177295424051408e-06
3425,3.600463786723493e-06,1.6074222776296666e-06,3.319752168226841e-06,4.2933835627991355e-06
3426,3.6642124268837505e-06,4.841023019253043e-06,3.2981416961067425e-06,4.262909414319438e-06
3427,2.657526774277762e-06,5.149421222085948e-06,3.4097097869764383e-06,4.288679331875755e-06
3428,3.4342965033020947e-06,2.5745485709194325e-06,3.394731979713267e-06,4.0326401771380915e-06
3429,2.6250042795557724e-06,1.7203126481035724e-06,3.3695677787161707e-06,4.024536188171623e-06
3430,3.0257201327306878e-06,1.652852224651724e-06,3.337344578277326e-06,4.0479888837580806e-06
3431,2.6771867381588283e-06,3.452020323493343e-06,3.3484396031174887e-06,4.207302838403848e-06
3432,3.116062315105713e-06,3.839511937258066e-06,3.3603878592253346e-06,4.1699549332406605e-06
3433,3.2049009574721925e-06,1.3187907461542636e-05,3.3111193665111692e-06,4.132230665527458e-06
3434,3.892474049078172e-06,1.6252939576588687e-06,3.2446878758795118e-06,4.1520631407365715e-06
3435,3.7819808641062184e-06,1.750517803884577e-06,3.235164507309997e-06,4.1366683500200445e-06
3436,4.1311978434856026e-06,7.6249121229921e-06,3.2546363162711917e-06,3.565093578708911e-06
3437,2.4034273832916775e-06,4.947448414895916e-06,3.18506346978514e-06,3.529565074950369e-06
3438,3.4148341435664204e-06,2.539051993153407e-06,3.239668859825745e-06,3.578320628275833e-06
3439,5.294705439761552e-06,5.11092100168753e-06,3.2090668053974195e-06,3.449605877813156e-06
3440,3.35348340841948e-06,2.64287832123955e-06,3.217857949069488e-06,3.3502694249364144e-06
3441,3.3495965537137334e-06,2.356649520152132e-06,3.175548115591988e-06,3.368584739382641e-06
3442,2.657514224766702e-06,2.3700269207438398e-06,3.1730523937565323e-06,3.364670521295921e-06
3443,3.300396595780815e-06,5.6974112430907554e-06,3.1668353567410025e-06,3.410096475454338e-06
3444,2.8678995378565257e-06,1.5559768780804006e-06,3.214781069638977e-06,3.3398513729480334e-06
3445,2.196146083406347e-06,2.506126575099188e-06,3.1990239195794047e-06,3.28956356524941e-06
3446,2.4054033802814147e-06,3.0147050210871385e-06,3.197567557951212e-06,2.8288665299442073e-06
3447,3.1354594898402865e-06,2.1801561342726927e-06,3.1520018881464136e-06,2.8311007890806647e-06
3448,2.8904895781225705e-06,1.8445818568579852e-06,3.0995469606447537e-06,2.9254061673782413e-06
3449,2.546204254940676e-06,2.4474494239257184e-06,3.062219775650495e-06,2.7090118504929704e-06
3450,4.965598537738616e-06,2.8263111107662554e-06,3.087854423261484e-06,2.582733374038071e-06
3451,2.8991610661756163e-06,1.6231542576861102e-06,3.1134805117289943e-06,2.5730598603331597e-06
3452,2.877305366079478e-06,2.6660099001674096e-06,3.058140749201104e-06,2.428907298235572e-06
3453,2.376550666364589e-06,3.0324314320751e-06,3.063047407148487e-06,2.4273381832244923e-06
3454,2.562611233669385e-06,1.6224571959355671e-06,3.0413372265280083e-06,2.4714418228541036e-06
3455,2.870294207342441e-06,2.788501078612171e-06,3.0582791898672845e-06,2.593230001093616e-06
3456,3.875829560608205e-06,1.6958927608357044e-06,3.081658014566023e-06,2.4552550200496623e-06
3457,2.7221335636164037e-06,2.582316744792479e-06,3.0828384940125234e-06,2.5648420997640643e-06
3458,3.16849191676738e-06,1.670481578912586e-06,3.131466252216342e-06,2.5412964049792207e-06
3459,2.7533323039582077e-06,1.681150436070311e-06,3.1622848562114494e-06,2.5068107143852102e-06
3460,2.470607676564719e-06,4.108152261323994e-06,3.179666405554195e-06,2.4885955433092024e-06
3461,3.1980182186291332e-06,2.2150542008603225e-06,3.1746024148661595e-06,2.525906184291671e-06
3462,3.0442935735663924e-06,1.7904865035234252e-06,3.2007537875567015e-06,2.514900491587469e-06
3463,4.055486355254187e-06,2.2972141505306353e-06,3.1093976384909182e-06,2.4711248619496474e-06
3464,3.911211376564299e-06,1.5071069492478273e-06,3.1300418388733905e-06,3.697659453791857e-06
3465,3.4761498571040444e-06,2.6036504459625575e-06,3.316573481222601e-06,3.7091673746544986e-06
3466,2.80684203820177e-06,3.459240510892414e-06,3.3369340574305773e-06,3.659182923365733e-06
3467,3.0810633082486066e-06,5.414731376731652e-06,3.3565687207859193e-06,3.685691440750815e-06
3468,3.884867213249284e-06,2.248036716991919e-06,3.3432852567784713e-06,3.706013620194426e-06
3469,2.897411524019036e-06,4.295653870940441e-06,3.291251995415222e-06,3.942629149696585e-06
3470,3.4118400385018e-06,1.917484205478104e-06,3.293036239756474e-06,4.052220477569789e-06
3471,3.175868480159099e-06,2.1525627562368752e-06,3.279667757780973e-06,4.0630179664731256e-06
3472,3.5699982234089273e-06,1.7247768573724897e-06,3.2882304267433127e-06,4.165578941228887e-06
3473,2.7638898109216824e-06,2.7773478814197006e-06,3.286743813744882e-06,4.265475566990063e-06
3474,3.1999885722042462e-06,2.172307106320659e-06,3.287628946701362e-06,4.323169944200345e-06
3475,2.6816948110940253e-06,1.7319203698207275e-06,3.2621136516152345e-06,4.336606198648952e-06
3476,3.415266075737438e-06,3.2286519053741356e-05,3.1975942753888383e-06,4.391770520396676e-06
3477,7.5405964248097415e-06,2.9537079217334395e-06,3.153777640293104e-06,4.410347934299352e-06
3478,2.8855650715639867e-06,1.7828201498559793e-06,3.137618312302948e-06,4.5396756951049605e-06
3479,3.0534778175529532e-06,2.285170130562619e-06,3.137069606297398e-06,4.4612075446821106e-06
3480,2.538207607156235e-06,3.29655556470243e-06,3.1580347321424704e-06,4.357428942694242e-06
3481,2.574998026526979e-06,7.611280998389702e-06,3.168508677208593e-06,4.365342588516796e-06
3482,2.7667396721477014e-06,5.322099941622582e-06,3.164672970150504e-06,4.253520932343236e-06
3483,2.8342798673798422e-06,1.94041880149598e-06,3.1567548253204024e-06,4.299416289813963e-06
3484,2.967399028016694e-06,4.245174804964335e-06,3.1533465221097386e-06,4.379966607029928e-06
3485,2.4334423516039454e-06,6.605567905353382e-06,3.133304233233503e-06,4.4306141046945415e-06
3486,3.2201465425411396e-06,3.6574136311173788e-06,3.1374806174830565e-06,4.38029813385583e-06
3487,2.406411196413198e-06,2.126392864738591e-06,3.1097387384458372e-06,4.420971113722771e-06
3488,2.4425019495942657e-06,3.676322194223758e-06,3.086354721896593e-06,4.43532065310137e-06
3489,2.8157954991709428e-06,1.9715422968147324e-06,3.0472251143186848e-06,3.457995682947512e-06
3490,3.0721666573501554e-06,5.8368444661027755e-06,2.861772863434453e-06,3.567432890486088e-06
3491,2.7931243880630065e-06,1.4975367503211601e-06,2.897639191481478e-06,4.144437454124273e-06
3492,3.6051914543754215e-06,2.820266327034915e-06,2.9128347704803062e-06,4.129721350182081e-06
3493,4.14671583990235e-06,2.4458778625557897e-06,2.9820493097657966e-06,4.072164890749263e-06
3494,2.801518847566816e-06,1.5001124666014221e-06,3.0115316511607186e-06,3.847718684846769e-06
3495,3.2138864177492604e-06,3.064868142246269e-06,3.0265327422158504e-06,3.722164824648644e-06
3496,3.0906608998925043e-06,4.166320686636027e-06,3.0481917129994446e-06,3.7175213048612934e-06
3497,3.0689410015030363e-06,2.9909642989878193e-06,3.0288974055414045e-06,3.644344318308867e-06
3498,2.868299417160516e-06,1.5194486104519456e-06,3.079030393908194e-06,3.5721382755582456e-06
3499,2.506441596273766e-06,3.189131602994166e-06,3.0415262672654026e-06,3.5180908138499944e-06
3500,2.0970943973629296e-06,2.090658854285721e-06,3.072218896401561e-06,3.5144205279721065e-06
3501,2.437025886289727e-06,7.853394799894886e-06,3.0908028180217823e-06,3.50462625228829e-06
3502,2.9042901527039553e-06,5.6896381101978475e-06,3.1028054642067418e-06,3.5346167171155683e-06
3503,3.7822232727396314e-06,1.6207934240810573e-05,3.148785342899727e-06,3.6119690421401175e-06
3504,3.4333672925236493e-06,1.917267532007827e-06,3.1654934176407963e-06,3.615668652128079e-06
3505,4.2685710892934975e-06,1.8576440788820036e-06,3.1248627576436174e-06,3.5736891939450286e-06
3506,3.3120565614000146e-06,2.0001258508273167e-06,3.0944654476722167e-06,3.5553401790821226e-06
3507,3.141766948526007e-06,2.1832534366694745e-06,3.0849211190798095e-06,3.5617694185930304e-06
3508,3.375754136969691e-06,1.8243308068122133e-06,3.069167687236688e-06,3.686833448227844e-06
3509,2.485041341565698e-06,2.4157501411536942e-06,3.06057084697184e-06,3.6180496301312814e-06
3510,3.686767060773693e-06,4.8004168365878285e-06,3.061677890572255e-06,3.5633734508337507e-06
3511,2.282543376471343e-06,2.306227088411106e-06,3.0640881763550477e-06,3.623265812257159e-06
3512,3.173726924817149e-06,2.0346357177913886e-06,3.095266942091257e-06,3.6894454270623094e-06
3513,2.9070999900997977e-06,3.4314653021283448e-06,3.22175705044477e-06,3.735532832706667e-06
3514,3.1158616537949356e-06,2.721303917496698e-06,3.269418065913972e-06,3.4841259211134454e-06
3515,4.2216636246747735e-06,7.770652591716499e-06,3.260966610054715e-06,3.3178674463670176e-06
3516,3.210826256589725e-06,1.5900270000202e-06,3.241018208629814e-06,2.744821042779222e-06
3517,2.589424954445955e-06,1.770779872458661e-06,3.1909306554856202e-06,2.7342554056303926e-06
3518,3.3867830906173267e-06,1.987152490983135e-06,3.163451307389348e-06,2.869459663270391e-06
3519,2.5629106327566356e-06,1.6608434543741168e-06,3.1623987893706516e-06,2.877860826265533e-06
3520,2.8200506216712205e-06,6.191468883116613e-06,3.1287305175080993e-06,2.9695053392060803e-06
3521,2.8757398932713034e-06,2.4467252342219583e-06,3.1267911208487925e-06,3.0959388363044128e-06
3522,3.096617091513407e-06,1.6240598165495613e-06,3.1696770674494067e-06,3.1064222495842843e-06
3523,2.928556561730349e-06,3.016757646037149e-06,3.123694032830018e-06,2.9972536774039327e-06
3524,3.2859107396790124e-06,4.8436219731229355e-06,3.1746775066090377e-06,2.980377949734248e-06
3525,5.259347106200746e-06,3.242843995394651e-06,3.176650161003636e-06,3.0217687827644113e-06
3526,3.6285512730197905e-06,1.5682220100643462e-06,3.15081314281795e-06,2.9876192962547067e-06
3527,2.6930037562225252e-06,1.5331762415371486e-06,3.135907552071634e-06,3.0583699171984334e-06
3528,3.283513237117101e-06,1.8817741511156783e-06,3.091527067550083e-06,2.817288394453499e-06
3529,2.1811784639188167e-06,1.6531266032870918e-06,3.0915937057822405e-06,2.8167782254058698e-06
3530,3.5815873868866926e-06,5.237750519881956e-06,3.1150455345292974e-06,2.857873551783996e-06
3531,3.2857436109326148e-06,2.210154925705865e-06,3.080103836691706e-06,2.8378657879329696e-06
3532,2.300060151962195e-06,4.474366260183161e-06,3.1273270569929297e-06,2.8947808382326913e-06
3533,3.3272692204870207e-06,4.985168234270532e-06,3.1532644913062956e-06,2.7431615223576955e-06
3534,3.5571900065810447e-06,2.6778354731504807e-06,3.1564679994618128e-06,2.702499436418293e-06
3535,2.5371911952889708e-06,2.0712025320790418e-06,3.1207849253405594e-06,2.7047364860663952e-06
3536,3.5571302209468233e-06,1.8843338966689771e-06,3.182914899399395e-06,2.6419280558911853e-06
3537,3.2230432846821108e-06,3.069406543545483e-06,3.1574459089521655e-06,2.780146473742207e-06
3538,2.2611745354576368e-06,2.5777281393857265e-06,3.092501805521251e-06,2.883639686115203e-06
3539,2.7432218851370435e-06,4.490069441089872e-06,3.0578161143593114e-06,2.8889216491734267e-06
3540,3.1121515116360066e-06,1.7436145230931287e-06,3.0470832867397102e-06,2.9032558757535306e-06
3541,3.212492212393651e-06,1.5772727738294633e-06,3.0108754253938567e-06,2.8887718706755554e-06
3542,3.1757206731223656e-06,2.7981630319118267e-06,3.043746559306884e-06,2.88755928804676e-06
3543,2.513240644677555e-06,1.4869583947074715e-06,3.006169798214211e-06,2.8486058606176816e-06
3544,3.743491140287208e-06,3.0837197118671612e-06,3.027030100692072e-06,2.8559444449456355e-06
3545,3.4684864795053726e-06,2.4009859862417213e-06,3.039999119982895e-06,2.7344773076947603e-06
3546,2.955827597159239e-06,1.4301730857368966e-06,3.0216494183504335e-06,2.6054461205603725e-06
3547,2.204540238482069e-06,1.6799860577521031e-06,3.025722989761764e-06,2.573988579479191e-06
3548,4.481805913201242e-06,1.446546891656908e-06,3.0642620439266465e-06,2.726948721647204e-06
3549,2.649185978498281e-06,8.299082419398473e-06,3.0460622362776724e-06,2.7194879100534304e-06
3550,3.6357445204278824e-06,5.830174304719549e-06,3.004769313626335e-06,3.120580093036551e-06
3551,2.7614089939712963e-06,1.7002710865199334e-06,3.044904861068668e-06,3.3973996170971073e-06
3552,2.424683065732501e-06,1.891531906039745e-06,3.080651666020154e-06,3.281201558547764e-06
3553,2.378316703470773e-06,1.5196740241663065e-06,3.123504743462035e-06,3.339603107997391e-06
3554,3.0029568117445e-06,1.6228120375672007e-06,3.0959878838125903e-06,3.4089682194462503e-06
3555,2.6421683595698494e-06,4.263914834155003e-06,3.1194517678512863e-06,3.362640458908572e-06
3556,3.8072511728791544e-06,2.3936195339047115e-06,3.1390916868127127e-06,3.519032704571145e-06
3557,2.624285634232769e-06,1.4376878289112939e-06,3.1488517518634273e-06,3.4556508711830243e-06
3558,2.8685266796754957e-06,1.7593885559108458e-06,3.1324832607272882e-06,3.529478524069418e-06
3559,3.659029291864297e-06,1.891396946120949e-06,3.1457235212908723e-06,4.018490590988221e-06
3560,3.500667549411042e-06,5.895206086279358e-06,3.165580775076806e-06,4.009588726603396e-06
3561,3.1021350297224774e-06,1.6978136068246385e-06,3.1193926660257096e-06,4.047878957862849e-06
3562,2.190720218398686e-06,1.3096711118123494e-05,3.13261849186751e-06,3.951335665260558e-06
3563,3.264563221515952e-06,9.498216240899637e-06,3.1177201279863056e-06,3.7840529200366297e-06
3564,3.6368920089242037e-06,1.5851179773562762e-06,3.099317619944486e-06,3.7902878711065573e-06
3565,4.183478447683026e-06,3.203653259333805e-06,3.1198332245164944e-06,3.8102952224107864e-06
3566,2.5245707211575387e-06,3.31140056005097e-06,3.154331789897292e-06,3.817987535785506e-06
3567,3.762317774089752e-06,1.6399690184698556e-06,3.146711412177359e-06,3.827127015847509e-06
3568,3.004238618713215e-06,5.396764536271803e-06,3.1561964854113787e-06,3.8391214501643844e-06
3569,3.987492766555078e-06,1.4991738771641395e-06,3.1658420404407175e-06,3.83424333167568e-06
3570,3.059274201101895e-06,4.246677308401559e-06,3.1858006209000045e-06,3.839801708090818e-06
3571,3.286834111248835e-06,1.3655474758706986e-05,3.217854055573197e-06,3.828154983057175e-06
3572,2.700971583130417e-06,1.4574394481314813e-06,3.178864623835883e-06,3.8314513052682735e-06
3573,3.327103186923826e-06,2.4038026731432185e-06,3.144728235151383e-06,3.6734219842401215e-06
3574,2.9798316245432943e-06,5.88550010434119e-06,3.1527601934410793e-06,3.668887361982342e-06
3575,3.263285423397772e-06,1.6481056741213252e-06,3.1787476576634315e-06,3.400852363392914e-06
3576,2.301346292925801e-06,1.8561448632681278e-06,3.1835227575862116e-06,3.0884250062626952e-06
3577,2.937573180032713e-06,2.3917156886454904e-06,3.1691125940596976e-06,3.0955272261053325e-06
3578,3.2407808379907188e-06,1.7119818585342727e-06,3.096427232160042e-06,3.2500084587809396e-06
3579,2.8124473687461838e-06,1.8512990391172935e-06,3.1165697081936133e-06,3.1885638603853293e-06
3580,2.8792951904203314e-06,4.563775692076888e-06,3.109020101672083e-06,3.332606820367801e-06
3581,4.04839004861262e-06,2.271666571687092e-06,3.142114713652214e-06,3.2013697093134395e-06
3582,3.1232501457149434e-06,1.5766472392897412e-06,3.1796718456765422e-06,3.3168085892612003e-06
3583,3.669862546505303e-06,1.4682204300697777e-06,3.206437084827485e-06,3.2263844615954443e-06
3584,2.6842934984314424e-06,1.973805001398432e-06,3.1886630563349176e-06,2.9507769220799672e-06
3585,2.6472578322985405e-06,1.944473060575547e-06,3.191194609401767e-06,2.9563639151092506e-06
3586,3.302933986964894e-06,1.5844480503801605e-06,3.181404909820331e-06,3.023066018249665e-06
3587,2.8404068239574876e-06,6.39583615338779e-06,3.168552442942504e-06,2.950507851710427e-06
3588,3.3839407195854517e-06,1.6875323126441798e-06,3.183210171270427e-06,3.0210887508474114e-06
3589,3.276637920761358e-06,1.7626734734221827e-06,3.1929236308618182e-06,3.060634169105469e-06
3590,2.3663444001916406e-06,7.065684076223988e-06,3.1703563617864148e-06,3.0699920522238244e-06
3591,3.0281326219968226e-06,1.7752856001607142e-06,3.147364234407885e-06,3.105441376646922e-06
3592,3.573577611051506e-06,5.241043018031633e-06,3.1409913609321747e-06,3.126273120687984e-06
3593,3.831603918216489e-06,2.1158367599127815e-06,3.1285122655592405e-06,3.014685411199025e-06
3594,4.926421067163271e-06,4.385145875858143e-06,3.0781272821412934e-06,2.997505872644979e-06
3595,3.7284051798754564e-06,1.9860741167576634e-06,3.0796009339004134e-06,2.993595700900187e-06
3596,2.842483398934645e-06,6.76528627082007e-06,3.1010239844060073e-06,3.0463110057098678e-06
3597,2.7642604098016614e-06,1.5971142738635536e-06,3.0983120562369653e-06,3.122497333606589e-06
3598,3.0823606973879377e-06,4.071355251653586e-06,3.134011038875744e-06,3.100836603516655e-06
3599,2.6585199525975944e-06,4.071545940860233e-06,3.179749595842118e-06,3.1190024961688326e-06
3600,3.6297286315958546e-06,3.412628152545949e-06,3.190303767951264e-06,3.0151219038089043e-06
3601,2.5441827827105752e-06,2.8447803197195754e-06,3.174139972442289e-06,3.1206958512484567e-06
3602,2.373391453147633e-06,2.6256627666043643e-06,3.2137683039966054e-06,3.108754527420388e-06
3603,2.6659776535274835e-06,2.5982149691117227e-06,3.211788630920233e-06,2.8868441231679756e-06
3604,2.6531255318534226e-06,2.372092640143819e-06,3.2349581951065275e-06,3.118637511397538e-06
3605,2.56731780609698e-06,1.774082954852929e-06,3.2268841368932047e-06,3.1703798356829796e-06
3606,2.7887654631639535e-06,1.8421781078359345e-06,3.2245153661481e-06,3.430101587036916e-06
3607,3.160091439692931e-06,1.4788929456699407e-06,3.128982638635434e-06,3.356884322965925e-06
3608,4.205438809145158e-06,2.7861030503117947e-06,3.0766671967891553e-06,3.4749620121147014e-06
3609,2.6164952942053787e-06,3.878463198816462e-06,3.0618749333977276e-06,3.853333292499883e-06
3610,3.5397323982680166e-06,1.4029548083271948e-06,3.08894573518046e-06,3.847799401592056e-06
3611,4.4463979111242225e-06,2.0385953666846036e-06,3.0859817355627057e-06,3.84731653775816e-06
3612,3.104261126686146e-06,3.7988213443895804e-06,3.0874828237655396e-06,3.945256287261145e-06
3613,2.979845831861086e-06,4.326880998632987e-06,3.0747994016160704e-06,4.112017903571541e-06
3614,4.267346209619266e-06,1.4641403777204688e-06,3.0918729585715083e-06,4.060002397818607e-06
3615,2.316852573282328e-06,1.5179239699136814e-06,3.1218130769856443e-06,4.016497392785822e-06
3616,3.6073717266541886e-06,7.570120305899763e-06,3.102446645546782e-06,4.034783029328536e-06
3617,3.371726155718433e-06,6.534601125167683e-06,3.101776569625751e-06,4.051917852393672e-06
3618,3.7723846495888816e-06,8.608880543761188e-06,3.1272198211809153e-06,4.073428876290564e-06
3619,2.5381028793466007e-06,2.5547142740833804e-06,3.1238155695165106e-06,4.0851452617062025e-06
3620,2.4205191337184968e-06,4.938016345477081e-06,3.1386963354533588e-06,4.126569011168614e-06
3621,2.472676814148953e-06,1.6224568280449603e-05,3.0619745439253167e-06,4.089312337782758e-06
3622,3.441030454369967e-06,1.458767001167871e-06,3.0421669876684776e-06,4.007598212774609e-06
3623,3.0082607069440805e-06,4.059283655806212e-06,3.0437717068101244e-06,4.034536246126662e-06
3624,2.696047157668444e-06,6.520039678434842e-06,2.9514471552324223e-06,4.144828349762974e-06
3625,3.312643077859118e-06,7.581668560305843e-06,2.9786111873767782e-06,4.085791200941458e-06
3626,2.971021706596528e-06,1.5443926758962335e-06,2.9551715483851e-06,3.999274690522725e-06
3627,3.121894413501044e-06,1.5380376407847507e-06,2.8862407550352354e-06,4.0952062509859385e-06
3628,2.1818168675559313e-06,3.0553558826795778e-06,2.9473639262505466e-06,4.308719856726385e-06
3629,2.636373633827639e-06,2.8004632167721867e-06,2.9642065148133656e-06,4.245825410998805e-06
3630,3.2033990949760966e-06,2.3118585522752254e-06,2.967287251552383e-06,4.051147642348951e-06
3631,2.703659171553833e-06,2.1350877432269043e-06,2.933712318685543e-06,3.849624294525711e-06
3632,3.5321105881141397e-06,2.5144866822301994e-06,3.010554603083115e-06,3.8732923099814806e-06
3633,2.2873940209440964e-06,1.8546862156654243e-06,3.0167515589002714e-06,3.742593324841437e-06
3634,2.1213063877843926e-06,1.8356100736127702e-06,3.009630979785369e-06,3.431665551306651e-06
3635,3.5798503768091907e-06,2.0764056421285204e-06,3.0051565087281542e-06,3.583850324048399e-06
3636,2.138284121681661e-06,4.795897957592388e-06,3.001580560996647e-06,3.551679138308828e-06
3637,3.783361930295036e-06,2.322892623851658e-06,2.994751239394747e-06,3.4095353851625995e-06
3638,2.393854857069123e-06,2.163968238164671e-06,2.9783570338319503e-06,3.3676543728688564e-06
3639,2.5440763758726666e-06,3.862429389300815e-06,2.9571167003066675e-06,3.3622572726926603e-06
3640,3.8449318536651035e-06,6.855764113424812e-06,2.9756567438400657e-06,3.4023897057522856e-06
3641,4.028436440724666e-06,5.9977591627102815e-06,2.9887373514611683e-06,3.4060776747537606e-06
3642,3.448744574193875e-06,1.6676569089213445e-06,2.982920204148185e-06,3.381731325225701e-06
3643,2.933011327917888e-06,3.5707968481801798e-06,2.9947538164277727e-06,3.4426637871547425e-06
3644,4.459159989285885e-06,3.1464146604776032e-06,3.0490272899341005e-06,3.461932551817881e-06
3645,2.5754430291474113e-06,1.670541716976004e-06,3.0654946049455455e-06,3.880987684442516e-06
3646,2.294662336276411e-06,8.451373942079954e-06,3.113965194936302e-06,3.880117100834467e-06
3647,3.3291686779395806e-06,5.2633863197115715e-06,3.140908364841583e-06,4.268101668185408e-06
3648,2.9188620136564068e-06,3.255004012316931e-06,3.113685895242372e-06,4.297102862437896e-06
3649,2.5253141176209383e-06,2.9664458497791202e-06,3.1180771016756304e-06,4.163165243244293e-06
3650,2.9027879387892124e-06,6.534643252962269e-06,3.1101011498069263e-06,4.200539240355283e-06
3651,2.4400133684644567e-06,1.4094651714913198e-06,3.104788021376711e-06,4.3625629635243955e-06
3652,3.585395501835996e-06,2.541348467275384e-06,3.1386874461279355e-06,4.336450650134792e-06
3653,2.508832058083499e-06,3.147555107716471e-06,3.1159025577886097e-06,4.186250395196112e-06
3654,2.490944951003055e-06,2.1918044785707023e-06,3.0900945314341603e-06,4.0027233802902624e-06
3655,3.4992394019657997e-06,3.835170100501273e-06,3.0690827029957293e-06,4.056504313393816e-06
3656,4.0604960092120265e-06,2.616806859805365e-06,3.0525632881057796e-06,4.007332438959565e-06
3657,3.943793463400248e-06,1.2990864997846074e-05,3.0922224128769614e-06,3.960728108268087e-06
3658,3.499158770713014e-06,1.8329216254642232e-06,3.0917440919488907e-06,3.960354601986183e-06
3659,2.7948856354163986e-06,1.1535224257386289e-05,3.093594193812048e-06,3.715311432279122e-06
3660,2.899288636828917e-06,2.801435498440696e-06,3.0876661344286227e-06,3.684922865613771e-06
3661,2.2480642825131427e-06,1.447457477752323e-06,3.065822937732163e-06,3.612144505132164e-06
3662,3.5839631335774256e-06,3.257242551626405e-06,3.086458113006706e-06,3.552857043905533e-06
3663,2.2610266463137426e-06,6.214561317392508e-06,3.151653438428386e-06,3.3659389139756967e-06
3664,3.391561994653279e-06,3.2096215545607267e-06,3.185166927126678e-06,3.369427574125439e-06
3665,3.275309645181955e-06,3.1007577399577712e-06,3.1547824927606096e-06,3.324486477049504e-06
3666,3.3832357818634287e-06,1.4095837900640618e-06,3.1579527056692318e-06,3.254421260953677e-06
3667,2.92344886323311e-06,3.0121802365101756e-06,3.1974979440696596e-06,3.2952359667433485e-06
3668,2.5200259556691487e-06,2.341499987323914e-06,3.1725611771687713e-06,3.241735026222159e-06
3669,5.450638108565424e-06,1.981306393190607e-06,3.1158895050238152e-06,3.2385028661337855e-06
3670,2.5634850059456465e-06,1.6612040599284227e-06,3.0568776803748843e-06,2.8157143889075095e-06
3671,2.3409148828553346e-06,2.3252946994034574e-06,3.0143246903662664e-06,2.96673514194481e-06
3672,3.18096719335396e-06,4.503672153077787e-06,3.047569279568861e-06,2.5595571793019196e-06
3673,2.3727820962449185e-06,1.435545000276761e-06,3.0465182046100386e-06,2.567807024934155e-06
3674,3.041193499484507e-06,1.4842593191133345e-06,3.115474071041212e-06,3.012547461457871e-06
3675,4.532671074331221e-06,1.8616900047163655e-06,3.0881896689101675e-06,2.987039875915798e-06
3676,3.2778505859217453e-06,1.4966816752348678e-06,3.0991480480932095e-06,2.8149057825430645e-06
3677,2.8257846426842863e-06,1.4178210403770208e-06,3.1139110996466322e-06,2.7949710567554576e-06
3678,2.588087380799051e-06,1.3959247053207947e-06,3.0887205350255607e-06,2.749431017400639e-06
3679,3.479575911013752e-06,3.2121721233124846e-06,3.046349606413262e-06,2.874630318819982e-06
3680,2.8758202294435857e-06,2.4976465874715358e-06,3.062450618785483e-06,2.826475166784804e-06
3681,2.643704205588114e-06,2.5360028575960313e-06,3.0956952835064543e-06,2.791306512335723e-06
3682,2.4684978471769783e-06,2.4211530671891525e-06,2.984850128622283e-06,2.7719516118850154e-06
3683,2.4353340204975717e-06,5.608440451396746e-06,3.011306416283333e-06,2.8963896959794516e-06
3684,3.626000365481256e-06,1.3557751913140236e-06,3.10428685498765e-06,2.939415209857543e-06
3685,2.8730117628583683e-06,3.0076816392465844e-06,3.092828435536729e-06,2.8252320594219783e-06
3686,3.97196094329249e-06,1.2565968390845227e-05,3.1014443959166886e-06,3.0926273907425644e-06
3687,2.9018530803013063e-06,2.6195529130745855e-06,3.1321280959572404e-06,3.2128490735885863e-06
3688,2.534986125889797e-06,1.911208983074175e-06,3.059330980664122e-06,3.239703990857379e-06
3689,3.7606382834888385e-06,2.711253409870551e-06,3.067156454128255e-06,3.257232731357362e-06
3690,2.6455455296551616e-06,1.9622567560872995e-06,3.0218555205162067e-06,3.435170403190568e-06
3691,2.323962566555969e-06,4.539566325547639e-06,3.017281752686863e-06,3.450165470167121e-06
3692,3.3259741725386345e-06,1.8083014356307104e-06,3.030250894041981e-06,3.5707962202650375e-06
3693,3.3511425736934245e-06,1.4622836260969053e-06,3.0250674993718953e-06,3.528361201642838e-06
3694,2.6795092364611467e-06,1.4974338819229161e-06,3.0391565372560253e-06,3.5085979315226722e-06
3695,3.2248921974718945e-06,4.772156162289321e-06,3.0697992565162874e-06,3.5261356167211486e-06
3696,4.665425850463281e-06,3.4009325463557615e-06,3.0897694898562294e-06,3.3565324326445987e-06
3697,2.8945067070809372e-06,1.6490933921886609e-06,3.0354731834550975e-06,3.3579250883121854e-06
3698,2.588181105743893e-06,8.120428283291403e-06,3.045454104065155e-06,3.6046444023668293e-06
3699,3.8082860004983053e-06,4.489801390263892e-06,3.0035718458647255e-06,3.4341589969699264e-06
3700,2.7127431920032703e-06,2.533062936436181e-06,3.0146123727313857e-06,3.3972426525906483e-06
3701,3.473487422525068e-06,1.934900187734456e-06,3.0523676454827686e-06,3.376727479098918e-06
3702,1.693261302383083e-06,5.86626283620717e-06,3.0238724547214385e-06,3.4171134672760676e-06
3703,2.4737431850654604e-06,1.7708013797346212e-06,3.011784365207859e-06,3.3927327883247927e-06
3704,3.8038044448916885e-06,6.227940875760396e-06,3.048217769163683e-06,3.4467605090867438e-06
3705,2.746235362691449e-06,1.4367711219165357e-06,3.056373295253757e-06,3.876972778834898e-06
3706,2.9959301526913704e-06,2.041921104591893e-06,3.084232684988011e-06,3.888438274861983e-06
3707,3.234565828683521e-06,2.8595951971510657e-06,3.0702738482634434e-06,3.927704060424731e-06
3708,2.934589853996133e-06,1.3683608494829969e-06,3.0481823416873034e-06,3.82502403745093e-06
3709,2.2685927054529503e-06,1.3905915830036974e-06,3.01000132062149e-06,3.794420756184991e-06
3710,3.1225347781097906e-06,9.17566449061269e-06,2.97744236371121e-06,4.085897829372698e-06
3711,2.9249044882817544e-06,8.303833255922655e-06,3.012055533246086e-06,3.875142341075844e-06
3712,3.1778662519678213e-06,1.6966443035926203e-06,2.9780758553695504e-06,3.7620373389472656e-06
3713,3.4788679446743725e-06,1.3983296457809048e-06,3.015536557914958e-06,3.713509171484475e-06
3714,3.0482585144555845e-06,3.72090311429929e-06,2.9757031077173858e-06,4.111193904554966e-06
3715,2.343343291815674e-06,1.3527397823054344e-06,3.0435785478605086e-06,3.96037522396e-06
3716,3.2347976654515755e-06,5.8902593445964155e-06,3.0294384356946262e-06,3.972701271140977e-06
3717,3.5298623247904795e-06,1.256360817933455e-05,2.974292626863138e-06,3.7891845670856127e-06
3718,4.047627317049773e-06,1.7489210267740417e-06,2.987312620926887e-06,3.797602500071662e-06
3719,2.330538318346953e-06,2.4790785209916068e-06,3.003900546375209e-06,3.827551480026159e-06
3720,2.6726045330684024e-06,2.2051555879443185e-06,2.9882657787311474e-06,3.9257279475350514e-06
3721,3.710900323817946e-06,2.635850514707272e-06,2.9807471293275335e-06,3.969619279541803e-06
3722,2.080532784323926e-06,8.936020221881336e-06,3.002658781871206e-06,4.015617003733497e-06
3723,3.453510344115784e-06,2.8515410758700453e-06,3.024522993129924e-06,3.708823604847567e-06
3724,2.9587940535849257e-06,1.662176337049459e-06,3.0010462356787883e-06,3.447762557880197e-06
3725,3.6492607556384528e-06,1.3198587498663983e-06,3.0105812693161874e-06,3.535577370894317e-06
3726,2.477651167585767e-06,1.187701851449674e-05,2.957700534150515e-06,3.5438696020719374e-06
3727,3.3901473059611617e-06,2.095795821333013e-06,2.92324255612281e-06,3.6403573842108023e-06
3728,2.1202403809184035e-06,2.078952559259051e-06,2.94398292355456e-06,3.65237109035661e-06
3729,2.425159224104492e-06,1.6400232743762898e-06,2.9319872580243905e-06,3.691011085538776e-06
3730,3.0717352142851776e-06,1.6472194465677604e-06,2.9272167109916655e-06,3.2976431430142843e-06
3731,3.4106282888994123e-06,2.7906456034543226e-06,2.882450159207413e-06,3.2989188393912633e-06
3732,2.843696637581969e-06,5.314006884873379e-06,2.9156961362585007e-06,3.438070139418415e-06
3733,2.7466236189057882e-06,2.46564414965178e-06,2.918306121632163e-06,3.403741039528541e-06
3734,2.816384019044765e-06,2.5405346877960257e-06,2.8735695580912257e-06,3.415405964824459e-06
3735,3.6691400595777344e-06,1.505829518464452e-06,2.9370454032586064e-06,3.2645525551743054e-06
3736,2.337985552003374e-06,1.7773070817383996e-06,2.8974801351574167e-06,3.3884747163938305e-06
3737,3.416242092902798e-06,3.892014628945617e-06,2.912964867199561e-06,3.508552601033444e-06
3738,2.156849565532563e-06,1.6056354252214078e-06,2.8737962871471407e-06,3.5405268828981214e-06
3739,2.1868090637629695e-06,6.133097667770926e-06,2.875184769477023e-06,3.2606115250018782e-06
3740,2.8618524776094194e-06,1.653082435950637e-06,2.8747731312250834e-06,3.2474343905960275e-06
3741,2.9349060271973333e-06,6.856259224150563e-06,2.930745020128395e-06,3.2218411445683163e-06
3742,3.4105986489723567e-06,2.7294096162222557e-06,2.9273679075433592e-06,3.5501893323271366e-06
3743,2.9284635224434573e-06,1.780813436198514e-06,2.9594708472864615e-06,3.5427074736617223e-06
3744,3.1616877446241334e-06,5.957861021670396e-06,2.9254552517664303e-06,3.4925952169032834e-06
3745,2.7378541674099525e-06,1.3469280906974745e-06,2.9292895394266657e-06,3.408739455244359e-06
3746,2.5924862352945234e-06,2.9274736471052165e-06,2.9142825008825137e-06,3.3849113506221333e-06
3747,3.6674289135084514e-06,5.164684980627499e-06,2.973540336632949e-06,3.438961507890781e-06
3748,2.464378641586033e-06,5.949595106358174e-06,2.9764296409060385e-06,3.700494530858123e-06
3749,3.3459123546385347e-06,4.664123453039792e-06,3.0131551969437475e-06,3.6850512922683265e-06
3750,2.6700462543279476e-06,2.1192157964833315e-06,2.9722887718485757e-06,3.585650227250881e-06
3751,2.5123632258328144e-06,4.87913456709066e-06,3.0176405288228935e-06,3.6364365092595112e-06
3752,3.3798563496626834e-06,1.7663674611867464e-06,3.0144920268260953e-06,3.447495423188229e-06
3753,3.519537603501198e-06,1.4391214085662795e-06,3.010833494287605e-06,3.4713105954324414e-06
3754,2.3407314094785963e-06,9.848727968346793e-06,2.9832400456547878e-06,3.6116575175583413e-06
3755,3.874308707862737e-06,1.4601729799323947e-06,2.96494109319004e-06,3.631167069852381e-06
3756,2.5602384008986215e-06,1.5378391844933503e-06,2.9335400645120695e-06,3.656011644761747e-06
3757,2.93955382908785e-06,3.2176128434002748e-06,2.962547888091649e-06,3.5252612856311315e-06
3758,2.371447655301987e-06,1.8699415340961422e-06,2.9359027744147974e-06,3.52729646347143e-06
3759,4.297829912805658e-06,3.891788619512226e-06,2.908958463689891e-06,3.4957342261805024e-06
3760,3.741372666404964e-06,8.044155092647998e-06,2.893495590342354e-06,3.3423719604797954e-06
3761,3.2561244529460962e-06,1.3912261169934936e-06,2.8874504287260708e-06,3.1605907983248474e-06
3762,2.3945814655235154e-06,1.4069880035094683e-06,2.8749844725199283e-06,3.0464305519672055e-06
3763,3.290643489890499e-06,2.875292475437163e-06,2.8589605601256257e-06,3.0148517852467196e-06
3764,2.108096513843015e-06,1.4095705159888895e-06,2.8835622659345162e-06,2.9541178641920857e-06
3765,2.7703891641471676e-06,2.2484617420559517e-06,2.9192201682942858e-06,3.141178687474167e-06
3766,2.245069811376905e-06,1.0364932277298067e-05,2.888349985288289e-06,3.247522147012206e-06
3767,2.9531248373536476e-06,3.217148423573235e-06,2.909597497798839e-06,2.91449423375525e-06
3768,2.1434378054942093e-06,2.401927808932669e-06,2.897305402236978e-06,2.9230505694613388e-06
3769,3.886883334113615e-06,2.6891020434050005e-06,2.877705901634424e-06,2.9970077447615046e-06
3770,2.071726325488675e-06,1.3978075367049313e-06,2.86198126215014e-06,2.9408079846689367e-06
3771,1.9188784671718574e-06,2.1384177148320305e-06,2.9106367770408626e-06,2.955969966569683e-06
3772,3.2808570798200283e-06,1.3306283381098184e-06,2.8305901421542033e-06,2.9198164766057743e-06
3773,2.313249601178945e-06,1.4050660524844715e-06,2.7853423834130814e-06,2.6594991340061822e-06
3774,3.034263449484974e-06,1.8101172940987453e-06,2.7416500999000473e-06,2.6573727453069295e-06
3775,2.269448444470375e-06,1.3297466284711844e-06,2.8165028865057855e-06,2.6576266127449347e-06
3776,3.127405871055089e-06,3.3607865407248027e-06,2.801974136410637e-06,2.6075742252942294e-06
3777,4.271303908656895e-06,6.442888043238782e-06,2.8380932781854227e-06,2.6358573243669527e-06
3778,2.7477830283512756e-06,4.097707897017245e-06,2.8308577061579856e-06,2.6745226096863916e-06
3779,2.871919222242367e-06,1.5230301369228982e-06,2.8470353806773752e-06,2.314424199175846e-06
3780,3.56700631881621e-06,1.6740813725846238e-06,2.872245390113272e-06,2.298710473223764e-06
3781,2.0702508858347653e-06,3.386768566997489e-06,2.8704218072562072e-06,2.388180763955461e-06
3782,2.546437841980757e-06,1.8126188410860777e-06,2.8171386853601793e-06,2.479252129523957e-06
3783,3.5878355275700515e-06,2.248991081614804e-06,2.8534838879345954e-06,2.9395322626442066e-06
3784,2.2966640406391685e-06,2.987951370414521e-06,2.9460101804741296e-06,2.9168548051529803e-06
3785,2.610178697876917e-06,1.5362215276581993e-06,2.921332069066315e-06,3.124491477865377e-06
3786,2.163817365120243e-06,1.3380663995121722e-06,2.9849436633109387e-06,3.1516445548732017e-06
3787,4.265901130666963e-06,1.4133346894595889e-06,2.972851335521733e-06,3.1528527107184357e-06
3788,2.9274247375118044e-06,1.6239827891695313e-06,2.9795227920456264e-06,3.1661865170462992e-06
3789,3.011075058212656e-06,2.116647992806975e-06,2.9933845398975084e-06,3.1633705133572227e-06
3790,2.589499863461242e-06,3.21509387504193e-06,2.9096177868066464e-06,3.157952720357571e-06
3791,2.6495116743616462e-06,1.3624720145344327e-06,2.913788280794607e-06,3.0688250738421637e-06
3792,3.5833750732510656e-06,2.8243052747711774e-06,2.89583767736177e-06,3.0736399202396575e-06
3793,2.0978482340675936e-06,4.638685077225091e-06,2.898559442766984e-06,3.085038793597051e-06
3794,2.554805286712912e-06,4.965886182617396e-06,2.9275384893783972e-06,3.208385922425806e-06
3795,2.9803563898490717e-06,1.290481086471118e-05,2.9294467981142385e-06,3.201019331754652e-06
3796,4.232035780660226e-06,1.5714812775513565e-06,2.8907173148177714e-06,3.189163756724156e-06
3797,2.6639042946246467e-06,6.5215451559197395e-06,2.887292643865496e-06,3.288389962835936e-06
3798,3.9035394572945534e-06,2.0838929776800797e-06,2.8956955832048454e-06,3.291026233819139e-06
3799,2.731955254754818e-06,1.840321190229588e-06,2.9298966294239405e-06,3.308943406409526e-06
3800,2.436234857567696e-06,1.663091786667792e-06,2.863249300905105e-06,3.3111207563706555e-06
3801,3.473949567352166e-06,3.290386448497884e-06,2.8712714490009402e-06,3.3327610645756066e-06
3802,2.1771350813853335e-06,6.3074432182474995e-06,2.8510782183325825e-06,3.338904678730614e-06
3803,2.852045378050308e-06,1.8695167341320484e-06,2.839278080965515e-06,3.2770501971754125e-06
3804,2.4231541364214434e-06,1.6434012968602474e-06,2.824926630536437e-06,3.482736328169267e-06
3805,3.635050453946557e-06,1.9590532065194564e-06,2.8283246589025013e-06,3.4702241498052895e-06
3806,2.7947270511200865e-06,6.470446787716356e-06,2.8648170090087256e-06,3.336742625197076e-06
3807,2.5941455603767988e-06,1.6284540743072284e-06,2.9184230734143863e-06,3.292926777885441e-06
3808,2.6195984451583677e-06,1.95260170585243e-06,2.9009828700408335e-06,2.8436366991627443e-06
3809,2.2110472668322876e-06,5.468606523209019e-06,2.8302299426387535e-06,2.8324495812739774e-06
3810,2.8202521813606535e-06,1.6021283022382704e-06,2.8275280680443555e-06,2.690204818372877e-06
3811,3.0188435205976323e-06,1.7859957142718485e-06,2.786535697173854e-06,2.8862600874163044e-06
3812,2.5997179176960747e-06,1.4677684384878376e-06,2.7916480154292203e-06,2.890508330256126e-06
3813,3.1279784399076663e-06,2.1649904942933064e-06,2.811390497956583e-06,3.1189354051093692e-06
3814,2.506244291503713e-06,2.270238346682163e-06,2.781569060173044e-06,3.1057932237672514e-06
3815,2.2944964292845623e-06,1.6687318361618965e-06,2.7854936772503907e-06,3.037633902386006e-06
3816,2.290725413634694e-06,6.504625289380783e-06,2.799647405906095e-06,3.027386689882406e-06
3817,3.6683257824026645e-06,2.5115008156717523e-06,2.8149893043923333e-06,3.0216762259442476e-06
3818,3.0101569867232078e-06,1.3016469620197313e-06,2.7648347951374793e-06,3.00586320408911e-06
3819,3.8949568968544355e-06,3.870489999826532e-06,2.7466532626426168e-06,2.8061455785064025e-06
3820,2.544351305510241e-06,1.67255889664375e-06,2.729748306097059e-06,2.829034649766982e-06
3821,2.463212595608234e-06,1.2918033303321863e-06,2.740341582456394e-06,2.8062677598427395e-06
3822,2.5963574297646927e-06,2.9654260833922308e-06,2.758964558021641e-06,2.8452817363358917e-06
3823,2.878730185532024e-06,6.9852747037657535e-06,2.800778475617942e-06,3.1067582086507175e-06
3824,2.8597632111389733e-06,1.9465272612251282e-06,2.794327576915142e-06,3.0929440021282063e-06
3825,2.929796920751768e-06,7.37376865799888e-06,2.7942538917765588e-06,3.169572755359695e-06
3826,2.7284136227636837e-06,2.9618319149449234e-06,2.7583196720317783e-06,3.2408687770839603e-06
3827,2.2752505083190046e-06,4.603460183716379e-06,2.8081092203643087e-06,3.376613100863323e-06
3828,3.205888594442917e-06,1.6133364215420443e-06,2.8136358060085814e-06,3.444484490864852e-06
3829,2.8067015985773955e-06,1.5006396984063032e-06,2.8732041536386527e-06,3.2647482444190246e-06
3830,2.381187722575204e-06,1.5637276601410123e-06,2.828729806333285e-06,3.320576309579338e-06
3831,2.3401887387485155e-06,1.4775061481486773e-06,2.8555822289793773e-06,3.4089644698724444e-06
3832,2.171521646737852e-06,2.2006808558217016e-06,2.841890419575874e-06,3.744821050804603e-06
3833,2.88443035414174e-06,1.3834294577463878e-06,2.8502974715492105e-06,3.729011657560477e-06
3834,2.6766216559634714e-06,6.4439559355378155e-06,2.8773542810793317e-06,3.7447522282491264e-06
3835,3.865600121268168e-06,8.139040110108908e-06,2.88140908221774e-06,3.6780056596398937e-06
3836,2.857571053027641e-06,1.4406405512090715e-06,2.8415516255032953e-06,3.456737737724325e-06
3837,2.5978757892314914e-06,3.3834872692750652e-06,2.8510674044203672e-06,3.5724070655305696e-06
3838,2.2296229462881456e-06,3.9473910373999386e-06,2.833348207210899e-06,3.3759736376850925e-06
3839,3.750982999816996e-06,5.663846441166242e-06,2.8504327715078643e-06,3.307668484194437e-06
3840,2.4326610703913805e-06,3.3655165862001014e-06,2.8323336835253733e-06,3.1788832602615003e-06
3841,3.7799341043864843e-06,2.0112191282350976e-06,2.819209729619211e-06,3.1777795219568355e-06
3842,2.5564670997684717e-06,3.907202444679569e-06,2.8178053383473725e-06,3.3168207459311814e-06
3843,3.6814675528754986e-06,3.5113509693474045e-06,2.8732101314037407e-06,3.3330855854728723e-06
3844,3.5526616617668575e-06,1.2266904523130506e-05,2.9148375003993956e-06,3.3836616705229975e-06
3845,2.7545276048436387e-06,1.2773240655405972e-06,2.9365013936916914e-06,3.436016129489872e-06
3846,3.1396328338612673e-06,1.685317597548419e-06,2.9933731567325594e-06,3.43655943088379e-06
3847,2.6977274582249164e-06,1.2967618681614112e-06,2.9990779754371034e-06,3.24151518771032e-06
3848,1.8822937676708938e-06,1.4535766558765318e-06,2.916698378390316e-06,3.030778871743678e-06
3849,3.09765768406578e-06,4.838260456381249e-06,2.8874634139154097e-06,3.0503634552587755e-06
3850,2.4868169905150554e-06,2.4629329618619524e-06,2.9071454967076236e-06,3.0765397075811055e-06
3851,3.1555277301878153e-06,1.2542030776785395e-06,2.9328303575817295e-06,2.9818594282915e-06
3852,1.8227733087567482e-06,1.3838295853929594e-06,2.906170749105917e-06,2.813010638510605e-06
3853,2.8777897467888478e-06,1.5857429639254405e-06,2.8915052418091765e-06,2.7601636805229647e-06
3854,2.771591816781438e-06,4.9766702977649405e-06,2.8286627814345085e-06,2.7651846610751818e-06
3855,3.766307548984413e-06,1.9703486486832844e-06,2.865551878282228e-06,2.668179578267882e-06
3856,3.3808729636398817e-06,2.741908274401794e-06,2.8857995225330846e-06,2.586833714394743e-06
3857,2.7131189790452483e-06,3.5095423299935647e-06,2.8370673849369474e-06,2.1901897755924437e-06
3858,4.306224430163436e-06,1.3970119925943436e-06,2.8031685202828767e-06,2.2207866564713186e-06
3859,2.819242123577068e-06,1.5678498562010645e-06,2.770183090958906e-06,2.5678158437585805e-06
3860,1.806110195098477e-06,2.8706322109428585e-06,2.7920189257302907e-06,2.6007451234363548e-06
3861,2.126696941154983e-06,1.930255139086512e-06,2.8529692416870803e-06,2.6952647281177636e-06
3862,3.089927859036834e-06,4.037893577333307e-06,2.8407692727543895e-06,2.5527373220029407e-06
3863,2.8717444681408073e-06,1.5803840551598114e-06,2.903421095581709e-06,2.5581664827768695e-06
3864,3.0844927879216913e-06,1.442626696643856e-06,2.8579462931702438e-06,2.6089654161296497e-06
3865,2.066023387972867e-06,2.0443426365091e-06,2.8954699377108133e-06,2.6173910575380436e-06
3866,2.208872595019784e-06,2.1367436420405283e-06,2.8829710033783668e-06,2.62259623823411e-06
3867,3.4786945209614513e-06,1.4820753744970715e-06,2.887780119656074e-06,2.822054730950186e-06
3868,4.187658659146918e-06,1.4777043725189286e-06,2.9181679947416544e-06,2.818028914771276e-06
3869,2.334358221863416e-06,2.350806053073029e-06,2.908440678321414e-06,2.914248134402442e-06
3870,1.9070559884918718e-06,2.042246087512467e-06,2.950827268533532e-06,2.8286646645028668e-06
3871,2.3149971007620077e-06,1.0361047279729974e-05,2.8763052496287858e-06,2.8339814741229932e-06
3872,3.243623327509542e-06,2.119993860105751e-06,2.8764104705967637e-06,2.9939129779450014e-06
3873,3.406051666590631e-06,3.816566772911756e-06,2.914901136409753e-06,2.9426478441564545e-06
3874,2.7926584607484985e-06,1.2750753035106755e-06,2.9096249293413875e-06,3.0656708345304654e-06
3875,4.053112561198052e-06,2.5986619812101707e-06,2.893594413459747e-06,2.9547488375101238e-06
3876,2.0186576699011816e-06,2.524176411498047e-06,2.880444471005224e-06,2.9680647368877545e-06
3877,2.76086442227097e-06,1.594470620602806e-06,2.835859486155338e-06,3.056838287284336e-06
3878,2.565316388477691e-06,1.7158724813270966e-06,2.843692305284801e-06,3.074093980194448e-06
3879,2.8918197237241353e-06,9.963132615666837e-06,2.850973310948272e-06,3.068887331755832e-06
3880,4.526004426123917e-06,1.869703244210541e-06,2.8086799038040523e-06,3.1121166674893176e-06
3881,3.1376900531338632e-06,5.147388765180949e-06,2.7581646243359296e-06,3.21158106717121e-06
3882,3.772783734348195e-06,1.3699555825041898e-06,2.8296765874579755e-06,3.3183894837748085e-06
3883,2.4431739575447862e-06,1.5299322330974974e-06,2.853426370398261e-06,3.370384975187335e-06
3884,2.821872647776521e-06,5.566137451751274e-06,2.8677515695966977e-06,3.0995485284620374e-06
3885,2.768376840423217e-06,1.5890038662291773e-06,2.8576332651128822e-06,3.11847901366491e-06
3886,1.994791764445836e-06,5.005829898436786e-06,2.8378270695611716e-06,3.141060766120063e-06
3887,2.689164961995832e-06,1.2648436518247763e-06,2.8839694840523107e-06,3.161317357717053e-06
3888,2.5429959067777315e-06,1.913281539600575e-06,2.8112713138903524e-06,3.163135959675856e-06
3889,1.9698681666745363e-06,3.6619654565583915e-06,2.8541473055156532e-06,3.3334749551613643e-06
3890,2.2618438662094477e-06,2.4757349592618993e-06,2.870546217713531e-06,3.343126386425866e-06
3891,2.3908977366065502e-06,2.0065774310751292e-06,2.8798894701139944e-06,3.3295692710453305e-06
3892,2.4213593423559765e-06,2.5628087678342127e-06,2.858618535063013e-06,2.987306848990557e-06
3893,2.9247766724438406e-06,3.964314364566235e-06,2.777565720690391e-06,2.966309285147873e-06
3894,4.122157299914559e-06,5.021016468162998e-06,2.7370526487579304e-06,2.8172470869321846e-06
3895,2.50080056199901e-06,3.3421333728256285e-06,2.681825623737192e-06,2.8533334257190288e-06
3896,2.673127080722932e-06,3.5901361115975305e-06,2.6727248669885735e-06,2.852461405018403e-06
3897,2.990665715414151e-06,2.5932559901775678e-06,2.6613862445426797e-06,2.8547698331749414e-06
3898,2.9108967777978657e-06,4.381110584290582e-06,2.644370708589526e-06,2.8452773929529936e-06
3899,3.9462188230269625e-06,1.7814900934354228e-06,2.6811822636065903e-06,2.6965153689161527e-06
3900,2.2356583071491008e-06,2.6441270301802433e-06,2.6941795785811944e-06,2.7476257227135648e-06
3901,3.0905574605336976e-06,6.7826512986357554e-06,2.7115351888621973e-06,2.7209041382775465e-06
3902,3.1708372272179177e-06,1.8357564022153383e-06,2.741662828147027e-06,2.637476648396841e-06
3903,2.7988976984892766e-06,1.3769445968137006e-06,2.7851424962945106e-06,2.6093622290318307e-06
3904,2.3600463474495983e-06,1.4065720642975067e-06,2.790667676577465e-06,2.590155907000735e-06
3905,2.499684066808388e-06,1.3447641481434402e-06,2.8092738493594688e-06,2.5901419611727753e-06
3906,2.1248632548223314e-06,1.4208338097887462e-06,2.792582254470391e-06,2.484025299509085e-06
3907,2.392108108829739e-06,2.2721140521753112e-06,2.75571566261432e-06,2.5399358594768272e-06
3908,2.2156550388293304e-06,1.5081317155818396e-06,2.8432924529624874e-06,2.463661234560277e-06
3909,2.5384070866291746e-06,5.623848155664746e-06,2.8356142625448733e-06,2.6037680784611438e-06
3910,2.3429884415943687e-06,1.3516928606804868e-06,2.8289577553651823e-06,2.6257945814904817e-06
3911,2.9150806398724346e-06,1.28677929751575e-06,2.8130524077722735e-06,2.678770545480802e-06
3912,3.0140978363609367e-06,2.5426024967600822e-06,2.8266004971252793e-06,2.682300052219944e-06
3913,2.976886163802798e-06,1.2452419287001248e-06,2.8485315900979915e-06,2.625351542610588e-06
3914,2.7230591487952753e-06,1.5762782095407601e-06,2.7942119257305526e-06,2.444841238411755e-06
3915,3.348835569896538e-06,1.7728744751366322e-06,2.790584940420458e-06,2.4222009810728198e-06
3916,2.5290272436804013e-06,1.5264193802977388e-06,2.776256705571238e-06,2.4317977199643792e-06
3917,2.886513661906065e-06,2.562460122135235e-06,2.7938782493745552e-06,2.9000420428019424e-06
3918,2.5074868002169147e-06,1.3113978229739587e-06,2.8080878642918434e-06,2.899208156486566e-06
3919,3.20049250351278e-06,6.418780467356555e-06,2.820547003228866e-06,2.932527919165295e-06
3920,4.690220320703196e-06,1.4352677499118727e-06,2.855265480851207e-06,2.906967909530067e-06
3921,2.4811723202825914e-06,7.092807209119201e-06,2.8658479023407487e-06,2.9714547670664614e-06
3922,2.8242530359218816e-06,3.143918565911008e-06,2.8422691010493718e-06,2.8277000167690857e-06
3923,2.513263087975146e-06,5.705509684048593e-06,2.8337248224640158e-06,3.003709559197887e-06
3924,4.2849210568521e-06,1.869727761913964e-06,2.820753168104299e-06,3.0536968290107322e-06
3925,2.7839356314669e-06,1.2204142899463476e-06,2.8702654703364616e-06,3.216361778686405e-06
3926,1.7325658513477215e-06,2.269893693664926e-06,2.8704868790403758e-06,3.23737884464208e-06
3927,3.0801625944655422e-06,1.2697499687419622e-06,2.870475184302753e-06,3.2893745614273935e-06
3928,2.440691827258787e-06,1.616863069102692e-06,2.8164837720952265e-06,3.288406723822845e-06
3929,2.800584942532522e-06,1.3112680135236587e-05,2.825178420946233e-06,3.2900193595196465e-06
3930,2.854924439740595e-06,1.323916990259022e-06,2.8497138721882543e-06,3.2429220407721e-06
3931,2.4363417282479024e-06,2.2538278767569864e-06,2.8826128483312155e-06,3.419242325617233e-06
3932,3.2600700493882566e-06,1.6331138112946064e-06,2.852126148228409e-06,3.21500103600556e-06
3933,2.480215576067874e-06,3.1203031539916993e-06,2.763717877956474e-06,3.407136743044248e-06
3934,1.948937054344747e-06,2.029979398230353e-06,2.7949207670088877e-06,3.3759584181098035e-06
3935,2.1293814769604875e-06,5.751931421400514e-06,2.7806516580262217e-06,3.2999342610310125e-06
3936,2.590789280879512e-06,2.5364610428368907e-06,2.789769328122323e-06,3.151385787805339e-06
3937,4.251905392164999e-06,6.609226238651899e-06,2.7089436879022186e-06,3.2831654337314837e-06
3938,2.9824213814006525e-06,1.770668577592005e-06,2.735137943833858e-06,3.4461010769518914e-06
3939,2.7227667803547067e-06,2.8761711291735993e-06,2.7696457526316313e-06,3.6008489432788344e-06
3940,1.999050264708381e-06,1.7486785350229184e-06,2.746340232953218e-06,3.6250041429411802e-06
3941,2.7463934649555693e-06,1.5667352727177785e-06,2.754464243344046e-06,3.7094603475452466e-06
3942,3.499899942956593e-06,1.3850271534465719e-06,2.8013895673060084e-06,3.5314040397679494e-06
3943,3.3299612037909457e-06,5.71940494410228e-06,2.827895855928849e-06,3.5412518310295125e-06
3944,2.438325000942617e-06,1.3127482270647305e-06,2.8333861025910465e-06,3.5006456165319827e-06
3945,2.480013563904827e-06,6.238660425879061e-06,2.8034714580523237e-06,3.5864047410541388e-06
3946,3.261244546592934e-06,6.313349085758091e-06,2.7822557620917606e-06,3.6302947365584253e-06
3947,2.4675253113552267e-06,1.2433146389412287e-06,2.8032187150125136e-06,3.612025510756211e-06
3948,2.7412048403776783e-06,1.9917978534067514e-06,2.814532639806405e-06,3.43107455455538e-06
3949,2.2642800513494877e-06,5.164218910067575e-06,2.8038662889028076e-06,3.710598846464563e-06
3950,3.4387920297578804e-06,5.293805370456539e-06,2.8622084905388574e-06,3.5854117429153123e-06
3951,2.5952610712920433e-06,6.138590351838502e-06,2.852756872329741e-06,3.6046430454916848e-06
3952,2.49752460250521e-06,1.8736299603006046e-06,2.843053764465569e-06,3.5389276454225186e-06
3953,2.6437920870294977e-06,3.728268184204353e-06,2.854513017357223e-06,4.0056792909126675e-06
3954,3.973718041581581e-06,8.661272440804168e-06,2.8587884777455953e-06,3.995597301127418e-06
3955,3.5175816553116116e-06,1.5701117717981105e-06,2.808790291085945e-06,4.050338872275461e-06
3956,2.573597894802838e-06,1.2386725143187505e-06,2.7716174339730053e-06,4.243828920971282e-06
3957,2.512203935920196e-06,3.777091924348497e-06,2.775303787590625e-06,4.248734092925588e-06
3958,1.9498231770537837e-06,4.217553041598876e-06,2.8775085268838054e-06,4.103985097117402e-06
3959,2.4730108773635747e-06,1.573248753174994e-06,2.835048978876228e-06,4.192536507343903e-06
3960,2.41222959680777e-06,1.2281575163797242e-06,2.861775038147445e-06,4.194655723131291e-06
3961,2.3241305082895756e-06,9.524568340566475e-06,2.84919626221583e-06,4.164454499550629e-06
3962,5.710460433066247e-06,3.4795486499206165e-06,2.9002651137185846e-06,4.109157377752126e-06
3963,2.7461309261727566e-06,2.251451142001315e-06,2.851491934022003e-06,3.982937535965903e-06
3964,2.4801890837503986e-06,1.233286127444444e-06,2.8453316437965746e-06,3.805912895222719e-06
3965,2.285531586999746e-06,1.3417469672276638e-05,2.8821249960654116e-06,3.84182937350488e-06
3966,2.8532799746648784e-06,1.3146855280865565e-06,2.887847841207582e-06,3.7984680685440255e-06
3967,2.2499452764653444e-06,2.753566432147636e-06,2.822378685090775e-06,3.730784924391628e-06
3968,2.4006397759674454e-06,1.0556656161497812e-05,2.7773470856522587e-06,3.722160326924495e-06
3969,2.5304838413831023e-06,1.4353775259223767e-06,2.744170367693894e-06,3.731355977834028e-06
3970,5.035132046234341e-06,2.619935530674411e-06,2.762707533020148e-06,3.747969792129879e-06
3971,2.1997558464035034e-06,8.527134341420605e-06,2.7839213371205713e-06,3.6417684565094534e-06
3972,3.1356767931356446e-06,1.2962950336259381e-06,2.891250778439927e-06,3.6342121727102494e-06
3973,2.4267354420872935e-06,1.236767263890215e-06,2.9049808652315632e-06,3.854074795981433e-06
3974,3.5410013389183506e-06,3.7817908651049946e-06,2.894160758043856e-06,3.62302712046585e-06
3975,2.2194625373433355e-06,2.1383093258009465e-06,2.7787943212287146e-06,3.724037533083902e-06
3976,2.4412538156563337e-06,1.7129743332588987e-06,2.763230669956506e-06,3.7086049977915537e-06
3977,3.4173584092261285e-06,2.771541917354625e-06,2.8029689100245993e-06,3.7177463098487352e-06
3978,2.786863215583758e-06,2.644235560183006e-06,2.812918598424909e-06,3.2635304106406696e-06
3979,2.336989138661415e-06,6.9691938369942365e-06,2.804400769188457e-06,3.276309196462535e-06
3980,2.391791669348701e-06,1.3544968351197895e-06,2.790162010973695e-06,3.413857966825163e-06
3981,1.7441799458437244e-06,1.4685637870570644e-06,2.7966248724017834e-06,3.0890108727362534e-06
3982,2.975633069076543e-06,4.1924372817447875e-06,2.796330312988479e-06,3.272316120364849e-06
3983,2.4801682795643702e-06,1.5625196510882232e-06,2.6890812642300766e-06,3.2646882923472726e-06
3984,5.156246910347464e-06,1.3843416581948986e-06,2.6847380872924183e-06,2.9895027960265e-06
3985,2.7554817665986776e-06,6.724723098159302e-06,2.645813140467605e-06,2.9867181180634364e-06
3986,2.053627828596897e-06,3.7483764526768938e-06,2.6520197594840687e-06,3.3168244635817245e-06
3987,2.8262995126877085e-06,6.004808965371922e-06,2.6662655745288557e-06,3.2445655230731064e-06
3988,2.357039644367534e-06,1.8656377596926176e-06,2.726955906655349e-06,3.2084896181004294e-06
3989,3.4736450854527197e-06,1.4618189288739813e-06,2.7340664405932738e-06,3.368847467936575e-06
3990,2.5342737970074977e-06,2.062072192074993e-06,2.694648719089956e-06,3.3423306535041776e-06
3991,2.6403342437535884e-06,1.6341551736331894e-06,2.6766547667951574e-06,3.3161664857288998e-06
3992,1.8939763210962862e-06,6.1922856912133285e-06,2.657806581798165e-06,3.165115958381648e-06
3993,2.562211311669671e-06,2.4354788092750823e-06,2.6517340649358323e-06,3.189331280646002e-06
3994,2.523119856050471e-06,6.018008716637268e-06,2.6984835938088103e-06,3.2107917042594634e-06
3995,2.3539058272743003e-06,2.4292398302350193e-06,2.6944120733888767e-06,3.1762823180542906e-06
3996,2.0911764229620327e-06,1.6474969334012712e-06,2.704442278708383e-06,3.1671115216340693e-06
3997,2.162553122515318e-06,1.2266780845493485e-06,2.5895271656433276e-06,3.2002661137084947e-06
3998,2.5819009174988927e-06,9.489425901847425e-06,2.595728649541545e-06,3.1040042878885293e-06
3999,3.897146715038009e-06,1.9753173523895384e-06,2.62162412197237e-06,3.0104368692263965e-06
4000,3.736720840505667e-06,1.2364117014840303e-06,2.6419491331378397e-06,2.829527265112119e-06
4001,2.6190171641044597e-06,5.721920579162543e-06,2.6661000849849702e-06,2.8270705476643343e-06
4002,2.431915371643198e-06,2.1086215565446764e-06,2.7155596320578002e-06,2.8657448075136924e-06
4003,2.3370144082137915e-06,1.9901313658010623e-06,2.7121363900833886e-06,2.8441146710065374e-06
4004,1.8657845137365964e-06,3.192930653312942e-06,2.693785452872059e-06,2.832900348676049e-06
4005,2.239978747790398e-06,1.959879891728633e-06,2.712941897344637e-06,2.637738372595778e-06
4006,2.9129181676681684e-06,2.0050743773936118e-06,2.724016449681383e-06,2.6617102726049783e-06
4007,2.873845058578202e-06,3.3297026266154716e-06,2.7469227016202543e-06,2.473363142962626e-06
4008,2.730923412552026e-06,1.3332497405826871e-06,2.8192042508837603e-06,2.4259753121441468e-06
4009,2.2833690837210777e-06,2.2132064600555166e-06,2.8169656648060483e-06,2.417473142213567e-06
4010,2.91051886405411e-06,4.318177452660166e-06,2.8629286272209552e-06,2.5221767473340154e-06
4011,2.701014639367511e-06,1.4091909861235763e-06,2.8674271712690014e-06,2.2632018330114082e-06
4012,3.334424791824454e-06,1.482068862515007e-06,2.8174906654486315e-06,2.4615859731966346e-06
4013,2.9608134405457854e-06,1.8042198234979879e-06,2.780038612955751e-06,2.4692511769899292e-06
4014,4.710133762273472e-06,2.42867542510794e-06,2.787294707518918e-06,2.2974960256760825e-06
4015,2.448692747647227e-06,1.521318779396097e-06,2.802034873780536e-06,2.270272835266951e-06
4016,2.1815608134703426e-06,1.3537971153709804e-06,2.8205710785793295e-06,2.2477892524875643e-06
4017,2.3728874329107285e-06,1.313236289206543e-06,2.8579564791572116e-06,2.177193698207702e-06
4018,2.8390751200883337e-06,3.034776309505105e-06,2.8803741103729413e-06,2.155920174391213e-06
4019,3.0957761545222536e-06,1.309330475578463e-06,2.8758741647935603e-06,2.1328388711481243e-06
4020,4.160944558861956e-06,1.244544059773034e-06,2.872937143577778e-06,2.056772437936161e-06
4021,2.0352117710192235e-06,1.4349426851367752e-06,2.8757169882030427e-06,2.0605641201655095e-06
4022,3.3116271828880093e-06,3.844268212560564e-06,2.8963990059815448e-06,2.0291575336159446e-06
4023,2.6943645187000382e-06,3.0150530437822453e-06,2.8919950325467257e-06,1.9135521073621936e-06
4024,2.648734069528776e-06,6.934920857020188e-06,2.895971228099371e-06,1.9143061397699063e-06
4025,2.800419528183637e-06,1.4280417963163928e-06,2.8746110175537385e-06,1.912145057121962e-06
